﻿<?xml version="1.0" standalone="yes" ?>
<root>
	<object name="SteelMonstersParams">
		<object name="Hit_Location">
			<object name="Deu8078">
				<integer name="Country" value="5"/>
				<float name="ER" value="3.e-002"/>
				<string name="Hull" value="Std_Radar"/>
				<string name="Name" value="Radar"/>
				<string name="TypHL" value="Probe"/>
				<string name="UnitName" value="Deutchland_Radar_FuMO_22_1V"/>
			</object>
			<object name="Deu8079">
				<integer name="Country" value="5"/>
				<float name="ER" value="1."/>
				<string name="Hull" value="Std_Hull"/>
				<string name="Name" value="KDP_Base"/>
				<string name="TypHL" value="Hull"/>
				<string name="UnitName" value="Deutchland_Radar_FuMO_22_1V"/>
			</object>
			<object name="Deu8080">
				<integer name="Country" value="5"/>
				<float name="ER" value="3."/>
				<string name="Hull" value="Std_Guns"/>
				<string name="Name" value="KDP"/>
				<string name="TypHL" value="Probe"/>
				<string name="UnitName" value="Deutchland_Radar_FuMO_22_1V"/>
			</object>
			<object name="Deu8081">
				<integer name="Country" value="5"/>
				<float name="ER" value="2.e-002"/>
				<string name="Hull" value="Std_RF"/>
				<string name="Name" value="LRangefinder"/>
				<string name="TypHL" value="Probe"/>
				<string name="UnitName" value="Deutchland_Radar_FuMO_22_1V"/>
			</object>
			<object name="Deu8082">
				<integer name="Country" value="5"/>
				<float name="ER" value="2.e-002"/>
				<string name="Hull" value="Std_RF"/>
				<string name="Name" value="RRangefinder"/>
				<string name="TypHL" value="Probe"/>
				<string name="UnitName" value="Deutchland_Radar_FuMO_22_1V"/>
			</object>
			<object name="Deu8083">
				<integer name="Country" value="5"/>
				<float name="ER" value="2.e-002"/>
				<string name="Hull" value="Std_RF"/>
				<string name="Name" value="RRangefinder"/>
				<string name="TypHL" value="Probe"/>
				<string name="UnitName" value="Deutchland_Radar_FuMO_22_2V"/>
			</object>
			<object name="Deu8084">
				<integer name="Country" value="5"/>
				<float name="ER" value="3."/>
				<string name="Hull" value="Bismarck_SKDP"/>
				<string name="Name" value="KDP"/>
				<string name="TypHL" value="Probe"/>
				<string name="UnitName" value="Deutchland_Radar_FuMO_22_2V"/>
			</object>
			<object name="Deu8085">
				<integer name="Country" value="5"/>
				<float name="ER" value="2.e-002"/>
				<string name="Hull" value="Std_RF"/>
				<string name="Name" value="LRangefinder"/>
				<string name="TypHL" value="Probe"/>
				<string name="UnitName" value="Deutchland_Radar_FuMO_22_2V"/>
			</object>
			<object name="Deu8086">
				<integer name="Country" value="5"/>
				<float name="ER" value="1."/>
				<string name="Hull" value="Std_Hull"/>
				<string name="Name" value="KDP_Base"/>
				<string name="TypHL" value="Hull"/>
				<string name="UnitName" value="Deutchland_Radar_FuMO_22_2V"/>
			</object>
			<object name="Deu8087">
				<integer name="Country" value="5"/>
				<float name="ER" value="3.e-002"/>
				<string name="Hull" value="Std_Radar"/>
				<string name="Name" value="Radar"/>
				<string name="TypHL" value="Probe"/>
				<string name="UnitName" value="Deutchland_Radar_FuMO_22_2V"/>
			</object>
			<object name="Deu8093">
				<integer name="Country" value="5"/>
				<float name="ER" value="10."/>
				<string name="Hull" value="Std_Hull"/>
				<string name="Name" value="Base"/>
				<string name="TypHL" value="Hull"/>
				<string name="UnitName" value="Deutchland_Rangefinder4m2V"/>
			</object>
			<object name="Deu8094">
				<integer name="Country" value="5"/>
				<float name="ER" value="10."/>
				<string name="Hull" value="Std_RF"/>
				<string name="Name" value="Rangefinder"/>
				<string name="TypHL" value="Probe"/>
				<string name="UnitName" value="Deutchland_Rangefinder4m2V"/>
			</object>
			<object name="Deu8095">
				<integer name="Country" value="5"/>
				<float name="ER" value="10."/>
				<string name="Hull" value="Std_RF"/>
				<string name="Name" value="Rangefinder"/>
				<string name="TypHL" value="Probe"/>
				<string name="UnitName" value="Deutchland_Rangefinder4mTypeSL_8V"/>
			</object>
			<object name="FuMO8078">
				<integer name="Country" value="5"/>
				<float name="ER" value="3.e-002"/>
				<string name="Hull" value="Std_Radar"/>
				<string name="Name" value="Radar"/>
				<string name="TypHL" value="Probe"/>
				<string name="UnitName" value="Radar_FuMO213"/>
			</object>
			<object name="FuMO8079">
				<integer name="Country" value="5"/>
				<float name="ER" value="1."/>
				<string name="Hull" value="Std_Hull"/>
				<string name="Name" value="KDP_Base"/>
				<string name="TypHL" value="Hull"/>
				<string name="UnitName" value="Radar_FuMO213"/>
			</object>
			<object name="FuMO8080">
				<integer name="Country" value="5"/>
				<float name="ER" value="3."/>
				<string name="Hull" value="Std_Guns"/>
				<string name="Name" value="KDP"/>
				<string name="TypHL" value="Probe"/>
				<string name="UnitName" value="Radar_FuMO213"/>
			</object>
			<object name="FuMO8081">
				<integer name="Country" value="5"/>
				<float name="ER" value="2.e-002"/>
				<string name="Hull" value="Std_RF"/>
				<string name="Name" value="LRangefinder"/>
				<string name="TypHL" value="Probe"/>
				<string name="UnitName" value="Radar_FuMO213"/>
			</object>
			<object name="FuMO8082">
				<integer name="Country" value="5"/>
				<float name="ER" value="2.e-002"/>
				<string name="Hull" value="Std_RF"/>
				<string name="Name" value="RRangefinder"/>
				<string name="TypHL" value="Probe"/>
				<string name="UnitName" value="Radar_FuMO213"/>
			</object> 
			<object name="FuMO8095">
				<integer name="Country" value="5"/>
				<float name="ER" value="10."/>
				<string name="Hull" value="Std_RF"/>
				<string name="Name" value="Rangefinder"/>
				<string name="TypHL" value="Probe"/>
				<string name="UnitName" value="Radar_FuMOFX"/>
			</object>
			<object name="KCL7093">
				<integer name="Country" value="5"/>
				<float name="ER" value="10."/>
				<string name="Hull" value="Std_Hull"/>
				<string name="Name" value="Base"/>
				<string name="TypHL" value="Hull"/>
				<string name="UnitName" value="KClass_Rangefinder4m1V"/>
			</object>
			<object name="KCL7094">
				<integer name="Country" value="5"/>
				<float name="ER" value="10."/>
				<string name="Hull" value="Std_RF"/>
				<string name="Name" value="Rangefinder"/>
				<string name="TypHL" value="Probe"/>
				<string name="UnitName" value="KClass_Rangefinder4m1V"/>
			</object>
			<object name="KCL8093">
				<integer name="Country" value="5"/>
				<float name="ER" value="10."/>
				<string name="Hull" value="Std_Hull"/>
				<string name="Name" value="Base"/>
				<string name="TypHL" value="Hull"/>
				<string name="UnitName" value="KClass_Rangefinder4m2V"/>
			</object>
			<object name="KCL8094">
				<integer name="Country" value="5"/>
				<float name="ER" value="10."/>
				<string name="Hull" value="Std_RF"/>
				<string name="Name" value="Rangefinder"/>
				<string name="TypHL" value="Probe"/>
				<string name="UnitName" value="KClass_Rangefinder4m2V"/>
			</object>
			<object name="KCL8095">
				<integer name="Country" value="5"/>
				<float name="ER" value="10."/>
				<string name="Hull" value="Std_RF"/>
				<string name="Name" value="Rangefinder"/>
				<string name="TypHL" value="Probe"/>
				<string name="UnitName" value="KClass_Rangefinder4mTypeSL_8V"/>
			</object>
			<object name="Lei7093">
				<integer name="Country" value="5"/>
				<float name="ER" value="10."/>
				<string name="Hull" value="Std_Hull"/>
				<string name="Name" value="Base"/>
				<string name="TypHL" value="Hull"/>
				<string name="UnitName" value="Leipzig_Rangefinder4m1V"/>
			</object>
			<object name="Lei7094">
				<integer name="Country" value="5"/>
				<float name="ER" value="10."/>
				<string name="Hull" value="Std_RF"/>
				<string name="Name" value="Rangefinder"/>
				<string name="TypHL" value="Probe"/>
				<string name="UnitName" value="Leipzig_Rangefinder4m1V"/>
			</object>
			<object name="Lei8092">
				<integer name="Country" value="5"/>
				<float name="ER" value="10."/>
				<string name="Hull" value="Std_RF"/>
				<string name="Name" value="Rangefunder"/>
				<string name="TypHL" value="Probe"/>
				<string name="UnitName" value="Leipzig_Rangefinder3m"/>
			</object>
			<object name="Lei8095">
				<integer name="Country" value="5"/>
				<float name="ER" value="10."/>
				<string name="Hull" value="Std_RF"/>
				<string name="Name" value="Rangefinder"/>
				<string name="TypHL" value="Probe"/>
				<string name="UnitName" value="Leipzig_Rangefinder4mTypeSL_8V"/>
			</object>
			<object name="Lut8078">
				<integer name="Country" value="5"/>
				<float name="ER" value="3.e-002"/>
				<string name="Hull" value="Std_Radar"/>
				<string name="Name" value="Radar"/>
				<string name="TypHL" value="Probe"/>
				<string name="UnitName" value="Lutzow_Radar_FuMO_22_1V"/>
			</object>
			<object name="Lut8079">
				<integer name="Country" value="5"/>
				<float name="ER" value="1."/>
				<string name="Hull" value="Std_Hull"/>
				<string name="Name" value="KDP_Base"/>
				<string name="TypHL" value="Hull"/>
				<string name="UnitName" value="Lutzow_Radar_FuMO_22_1V"/>
			</object>
			<object name="Lut8080">
				<integer name="Country" value="5"/>
				<float name="ER" value="3."/>
				<string name="Hull" value="Std_Guns"/>
				<string name="Name" value="KDP"/>
				<string name="TypHL" value="Probe"/>
				<string name="UnitName" value="Lutzow_Radar_FuMO_22_1V"/>
			</object>
			<object name="Lut8081">
				<integer name="Country" value="5"/>
				<float name="ER" value="2.e-002"/>
				<string name="Hull" value="Std_RF"/>
				<string name="Name" value="LRangefinder"/>
				<string name="TypHL" value="Probe"/>
				<string name="UnitName" value="Lutzow_Radar_FuMO_22_1V"/>
			</object>
			<object name="Lut8082">
				<integer name="Country" value="5"/>
				<float name="ER" value="2.e-002"/>
				<string name="Hull" value="Std_RF"/>
				<string name="Name" value="RRangefinder"/>
				<string name="TypHL" value="Probe"/>
				<string name="UnitName" value="Lutzow_Radar_FuMO_22_1V"/>
			</object>
			<object name="Lut8083">
				<integer name="Country" value="5"/>
				<float name="ER" value="2.e-002"/>
				<string name="Hull" value="Std_RF"/>
				<string name="Name" value="RRangefinder"/>
				<string name="TypHL" value="Probe"/>
				<string name="UnitName" value="Lutzow_Radar_FuMO_22_2V"/>
			</object>
			<object name="Lut8084">
				<integer name="Country" value="5"/>
				<float name="ER" value="3."/>
				<string name="Hull" value="Bismarck_SKDP"/>
				<string name="Name" value="KDP"/>
				<string name="TypHL" value="Probe"/>
				<string name="UnitName" value="Lutzow_Radar_FuMO_22_2V"/>
			</object>
			<object name="Lut8085">
				<integer name="Country" value="5"/>
				<float name="ER" value="2.e-002"/>
				<string name="Hull" value="Std_RF"/>
				<string name="Name" value="LRangefinder"/>
				<string name="TypHL" value="Probe"/>
				<string name="UnitName" value="Lutzow_Radar_FuMO_22_2V"/>
			</object>
			<object name="Lut8086">
				<integer name="Country" value="5"/>
				<float name="ER" value="1."/>
				<string name="Hull" value="Std_Hull"/>
				<string name="Name" value="KDP_Base"/>
				<string name="TypHL" value="Hull"/>
				<string name="UnitName" value="Lutzow_Radar_FuMO_22_2V"/>
			</object>
			<object name="Lut8087">
				<integer name="Country" value="5"/>
				<float name="ER" value="3.e-002"/>
				<string name="Hull" value="Std_Radar"/>
				<string name="Name" value="Radar"/>
				<string name="TypHL" value="Probe"/>
				<string name="UnitName" value="Lutzow_Radar_FuMO_22_2V"/>
			</object>
			<object name="Lut8093">
				<integer name="Country" value="5"/>
				<float name="ER" value="10."/>
				<string name="Hull" value="Std_Hull"/>
				<string name="Name" value="Base"/>
				<string name="TypHL" value="Hull"/>
				<string name="UnitName" value="Lutzow_Rangefinder4m2V"/>
			</object>
			<object name="Lut8094">
				<integer name="Country" value="5"/>
				<float name="ER" value="10."/>
				<string name="Hull" value="Std_RF"/>
				<string name="Name" value="Rangefinder"/>
				<string name="TypHL" value="Probe"/>
				<string name="UnitName" value="Lutzow_Rangefinder4m2V"/>
			</object>
			<object name="Spee8078">
				<integer name="Country" value="5"/>
				<float name="ER" value="3.e-002"/>
				<string name="Hull" value="Std_Radar"/>
				<string name="Name" value="Radar"/>
				<string name="TypHL" value="Probe"/>
				<string name="UnitName" value="Spee_Radar_FuMO_22_1V"/>
			</object>
			<object name="Spee8079">
				<integer name="Country" value="5"/>
				<float name="ER" value="1."/>
				<string name="Hull" value="Std_Hull"/>
				<string name="Name" value="KDP_Base"/>
				<string name="TypHL" value="Hull"/>
				<string name="UnitName" value="Spee_Radar_FuMO_22_1V"/>
			</object>
			<object name="Spee8080">
				<integer name="Country" value="5"/>
				<float name="ER" value="3."/>
				<string name="Hull" value="Std_Guns"/>
				<string name="Name" value="KDP"/>
				<string name="TypHL" value="Probe"/>
				<string name="UnitName" value="Spee_Radar_FuMO_22_1V"/>
			</object>
			<object name="Spee8081">
				<integer name="Country" value="5"/>
				<float name="ER" value="2.e-002"/>
				<string name="Hull" value="Std_RF"/>
				<string name="Name" value="LRangefinder"/>
				<string name="TypHL" value="Probe"/>
				<string name="UnitName" value="Spee_Radar_FuMO_22_1V"/>
			</object>
			<object name="Spee8082">
				<integer name="Country" value="5"/>
				<float name="ER" value="2.e-002"/>
				<string name="Hull" value="Std_RF"/>
				<string name="Name" value="RRangefinder"/>
				<string name="TypHL" value="Probe"/>
				<string name="UnitName" value="Spee_Radar_FuMO_22_1V"/>
			</object>
			<object name="Spee8083">
				<integer name="Country" value="5"/>
				<float name="ER" value="2.e-002"/>
				<string name="Hull" value="Std_RF"/>
				<string name="Name" value="RRangefinder"/>
				<string name="TypHL" value="Probe"/>
				<string name="UnitName" value="Spee_Radar_FuMO_22_2V"/>
			</object>
			<object name="Spee8084">
				<integer name="Country" value="5"/>
				<float name="ER" value="3."/>
				<string name="Hull" value="Bismarck_SKDP"/>
				<string name="Name" value="KDP"/>
				<string name="TypHL" value="Probe"/>
				<string name="UnitName" value="Spee_Radar_FuMO_22_2V"/>
			</object>
			<object name="Spee8085">
				<integer name="Country" value="5"/>
				<float name="ER" value="2.e-002"/>
				<string name="Hull" value="Std_RF"/>
				<string name="Name" value="LRangefinder"/>
				<string name="TypHL" value="Probe"/>
				<string name="UnitName" value="Spee_Radar_FuMO_22_2V"/>
			</object>
			<object name="Spee8086">
				<integer name="Country" value="5"/>
				<float name="ER" value="1."/>
				<string name="Hull" value="Std_Hull"/>
				<string name="Name" value="KDP_Base"/>
				<string name="TypHL" value="Hull"/>
				<string name="UnitName" value="Spee_Radar_FuMO_22_2V"/>
			</object>
			<object name="Spee8087">
				<integer name="Country" value="5"/>
				<float name="ER" value="3.e-002"/>
				<string name="Hull" value="Std_Radar"/>
				<string name="Name" value="Radar"/>
				<string name="TypHL" value="Probe"/>
				<string name="UnitName" value="Spee_Radar_FuMO_22_2V"/>
			</object>
			<object name="Spee8093">
				<integer name="Country" value="5"/>
				<float name="ER" value="10."/>
				<string name="Hull" value="Std_Hull"/>
				<string name="Name" value="Base"/>
				<string name="TypHL" value="Hull"/>
				<string name="UnitName" value="Spee_Rangefinder4m2V"/>
			</object>
			<object name="Spee8094">
				<integer name="Country" value="5"/>
				<float name="ER" value="10."/>
				<string name="Hull" value="Std_RF"/>
				<string name="Name" value="Rangefinder"/>
				<string name="TypHL" value="Probe"/>
				<string name="UnitName" value="Spee_Rangefinder4m2V"/>
			</object>
			<object name="Spee8095">
				<integer name="Country" value="5"/>
				<float name="ER" value="10."/>
				<string name="Hull" value="Std_RF"/>
				<string name="Name" value="Rangefinder"/>
				<string name="TypHL" value="Probe"/>
				<string name="UnitName" value="Spee_Rangefinder4mTypeSL_8V"/>
			</object>
		</object>
		<object name="Probes">
			<object name="Pr_Bismark_Radar_FuMO_23_1V">
				<float name="AirRange" value="0."/>
				<float name="BearingAccuracy" value="3."/>
				<integer name="Country" value="5"/>
				<float name="DTimeProd" value="0."/>
				<float name="Frequency" value="368."/>
				<float name="MaxCaliber" value="400."/>
				<float name="MinCaliber" value="150."/>
				<float name="Money" value="30."/>
				<boolean name="New" value="true"/>
				<float name="NTimeProd" value="0."/>
				<float name="Power" value="8000."/>
				<boolean name="Production" value="false"/>
				<float name="RangeAccuracy" value="50."/>
				<float name="Sensitivity" value="1.e-003"/>
				<float name="ShipRange" value="0.25"/>
				<integer name="SygnalType" value="1"/>
				<string name="Type" value="Director"/>
				<integer name="Unreliability" value="0"/>
				<string name="Usage" value="Ships"/>
				<float name="Weight" value="1.32"/>
			</object>
			<object name="Pr_Bismark_Radar_FuMO_23_2V">
				<float name="AirRange" value="0."/>
				<float name="BearingAccuracy" value="3."/>
				<integer name="Country" value="5"/>
				<float name="DTimeProd" value="0."/>
				<float name="Frequency" value="368."/>
				<float name="MaxCaliber" value="400."/>
				<float name="MinCaliber" value="150."/>
				<float name="Money" value="30."/>
				<boolean name="New" value="true"/>
				<float name="NTimeProd" value="0."/>
				<float name="Power" value="8000."/>
				<boolean name="Production" value="false"/>
				<float name="RangeAccuracy" value="30."/>
				<float name="Sensitivity" value="1.e-003"/>
				<float name="ShipRange" value="0.25"/>
				<integer name="SygnalType" value="1"/>
				<string name="Type" value="Director"/>
				<integer name="Unreliability" value="0"/>
				<string name="Usage" value="Ships"/>
				<float name="Weight" value="1.32"/>
			</object>
			<object name="Pr_Bismark_Radar_FuMO_23_3V">
				<float name="AirRange" value="0."/>
				<float name="BearingAccuracy" value="3."/>
				<integer name="Country" value="5"/>
				<float name="DTimeProd" value="0."/>
				<float name="Frequency" value="368."/>
				<float name="MaxCaliber" value="400."/>
				<float name="MinCaliber" value="150."/>
				<float name="Money" value="30."/>
				<boolean name="New" value="true"/>
				<float name="NTimeProd" value="0."/>
				<float name="Power" value="8000."/>
				<boolean name="Production" value="false"/>
				<float name="RangeAccuracy" value="30."/>
				<float name="Sensitivity" value="1.e-003"/>
				<float name="ShipRange" value="0.25"/>
				<integer name="SygnalType" value="1"/>
				<string name="Type" value="Director"/>
				<integer name="Unreliability" value="0"/>
				<string name="Usage" value="Ships"/>
				<float name="Weight" value="1.32"/>
			</object>
			<object name="Pr_Bismark_Rangefinder3m">
				<float name="AirRange" value="2.5"/>
				<float name="BearingAccuracy" value="5."/>
				<integer name="Country" value="5"/>
				<float name="DTimeProd" value="0."/>
				<float name="Frequency" value="0."/>
				<float name="MaxCaliber" value="200."/>
				<float name="MinCaliber" value="100."/>
				<float name="Money" value="5."/>
				<boolean name="New" value="true"/>
				<float name="NTimeProd" value="0."/>
				<float name="Power" value="0."/>
				<boolean name="Production" value="false"/>
				<float name="RangeAccuracy" value="30."/>
				<float name="Sensitivity" value="0."/>
				<float name="ShipRange" value="8.e-002"/>
				<integer name="SygnalType" value="2"/>
				<string name="Type" value="Director"/>
				<integer name="Unreliability" value="0"/>
				<string name="Usage" value="Ships"/>
				<float name="Weight" value="0.6"/>
			</object>
			<object name="Pr_Bismark_Rangefinder4m2V">
				<float name="BearingAccuracy" value="5."/>
				<integer name="Country" value="5"/>
				<float name="DTimeProd" value="0."/>
				<float name="Frequency" value="0."/>
				<float name="MaxCaliber" value="600."/>
				<float name="MinCaliber" value="200."/>
				<float name="Money" value="5."/>
				<boolean name="New" value="true"/>
				<float name="NTimeProd" value="0."/>
				<float name="Power" value="0."/>
				<boolean name="Production" value="false"/>
				<float name="RangeAccuracy" value="50."/>
				<float name="Sensitivity" value="0."/>
				<float name="ShipRange" value="8.e-002"/>
				<integer name="SygnalType" value="2"/>
				<string name="Type" value="Director"/>
				<integer name="Unreliability" value="0"/>
				<string name="Usage" value="Ships"/>
				<float name="Weight" value="0.6"/>
			</object>
			<object name="Pr_Bismark_Rangefinder4mTypeSL_8V">
				<float name="BearingAccuracy" value="5."/>
				<integer name="Country" value="5"/>
				<float name="DTimeProd" value="0."/>
				<float name="Frequency" value="0."/>
				<float name="MaxCaliber" value="600."/>
				<float name="MinCaliber" value="100."/>
				<float name="Money" value="5."/>
				<boolean name="New" value="true"/>
				<float name="NTimeProd" value="0."/>
				<float name="Power" value="0."/>
				<boolean name="Production" value="false"/>
				<float name="RangeAccuracy" value="50."/>
				<float name="Sensitivity" value="0."/>
				<float name="ShipRange" value="8.e-002"/>
				<integer name="SygnalType" value="2"/>
				<string name="Type" value="Director"/>
				<integer name="Unreliability" value="0"/>
				<string name="Usage" value="Ships"/>
				<float name="Weight" value="0.6"/>
			</object>
			<object name="Pr_Bismark_RangefinderSmall">
				<float name="AirRange" value="2.5"/>
				<float name="BearingAccuracy" value="3."/>
				<integer name="Country" value="5"/>
				<float name="DTimeProd" value="0."/>
				<float name="Frequency" value="0."/>
				<float name="MaxCaliber" value="150."/>
				<float name="MinCaliber" value="20."/>
				<float name="Money" value="5."/>
				<boolean name="New" value="true"/>
				<float name="NTimeProd" value="0."/>
				<float name="Power" value="0."/>
				<boolean name="Production" value="false"/>
				<float name="RangeAccuracy" value="25."/>
				<float name="Sensitivity" value="0."/>
				<float name="ShipRange" value="8.e-002"/>
				<integer name="SygnalType" value="2"/>
				<string name="Type" value="Director"/>
				<integer name="Unreliability" value="0"/>
				<string name="Usage" value="Ships"/>
				<float name="Weight" value="0.6"/>
			</object>
			<object name="Pr_Deutchland_Radar_FuMO_22_1V">
				<float name="AirRange" value="1."/>
				<float name="BearingAccuracy" value="3."/>
				<integer name="Country" value="5"/>
				<float name="DTimeProd" value="0."/>
				<float name="Frequency" value="0."/>
				<float name="MaxCaliber" value="400."/>
				<float name="MinCaliber" value="150."/>
				<float name="Money" value="30."/>
				<boolean name="New" value="true"/>
				<float name="NTimeProd" value="0."/>
				<float name="Power" value="2000."/>
				<boolean name="Production" value="false"/>
				<float name="RangeAccuracy" value="30."/>
				<float name="Sensitivity" value="1.e-003"/>
				<float name="ShipRange" value="0.13"/>
				<integer name="SygnalType" value="1"/>
				<string name="Type" value="Director"/>
				<integer name="Unreliability" value="0"/>
				<string name="Usage" value="Ships"/>
				<float name="Weight" value="1.32"/>
			</object>
			<object name="Pr_Deutchland_Radar_FuMO_22_2V">
				<float name="AirRange" value="1."/>
				<float name="BearingAccuracy" value="3."/>
				<integer name="Country" value="5"/>
				<float name="DTimeProd" value="0."/>
				<float name="Frequency" value="0."/>
				<float name="MaxCaliber" value="400."/>
				<float name="MinCaliber" value="150."/>
				<float name="Money" value="30."/>
				<boolean name="New" value="true"/>
				<float name="NTimeProd" value="0."/>
				<float name="Power" value="2000."/>
				<boolean name="Production" value="false"/>
				<float name="RangeAccuracy" value="30."/>
				<float name="Sensitivity" value="1.e-003"/>
				<float name="ShipRange" value="0.13"/>
				<integer name="SygnalType" value="1"/>
				<string name="Type" value="Director"/>
				<integer name="Unreliability" value="0"/>
				<string name="Usage" value="Ships"/>
				<float name="Weight" value="1.32"/>
			</object>
			<object name="Pr_Deutchland_Rangefinder4m2V">
				<float name="BearingAccuracy" value="5."/>
				<integer name="Country" value="5"/>
				<float name="DTimeProd" value="0."/>
				<float name="Frequency" value="0."/>
				<float name="MaxCaliber" value="600."/>
				<float name="MinCaliber" value="150."/>
				<float name="Money" value="5."/>
				<boolean name="New" value="true"/>
				<float name="NTimeProd" value="0."/>
				<float name="Power" value="0."/>
				<boolean name="Production" value="false"/>
				<float name="RangeAccuracy" value="50."/>
				<float name="Sensitivity" value="0."/>
				<float name="ShipRange" value="8.e-002"/>
				<integer name="SygnalType" value="2"/>
				<string name="Type" value="Director"/>
				<integer name="Unreliability" value="0"/>
				<string name="Usage" value="Ships"/>
				<float name="Weight" value="0.6"/>
			</object>
			<object name="Pr_Deutchland_Rangefinder4mTypeSL_8V">
				<float name="BearingAccuracy" value="5."/>
				<integer name="Country" value="5"/>
				<float name="DTimeProd" value="0."/>
				<float name="Frequency" value="0."/>
				<float name="MaxCaliber" value="600."/>
				<float name="MinCaliber" value="200."/>
				<float name="Money" value="5."/>
				<boolean name="New" value="true"/>
				<float name="NTimeProd" value="0."/>
				<float name="Power" value="0."/>
				<boolean name="Production" value="false"/>
				<float name="RangeAccuracy" value="50."/>
				<float name="Sensitivity" value="0."/>
				<float name="ShipRange" value="8.e-002"/>
				<integer name="SygnalType" value="2"/>
				<string name="Type" value="Director"/>
				<integer name="Unreliability" value="0"/>
				<string name="Usage" value="Ships"/>
				<float name="Weight" value="0.6"/>
			</object>
			<object name="Pr_KClass_Rangefinder4m1V">
				<float name="AirRange" value="1."/>
				<float name="BearingAccuracy" value="3."/>
				<integer name="Country" value="5"/>
				<float name="DTimeProd" value="0."/>
				<float name="Frequency" value="0."/>
				<float name="MaxCaliber" value="600."/>
				<float name="MinCaliber" value="100."/>
				<float name="Money" value="5."/>
				<boolean name="New" value="true"/>
				<float name="NTimeProd" value="0."/>
				<float name="Power" value="0."/>
				<boolean name="Production" value="false"/>
				<float name="RangeAccuracy" value="30."/>
				<float name="Sensitivity" value="0."/>
				<float name="ShipRange" value="8.e-002"/>
				<integer name="SygnalType" value="2"/>
				<string name="Type" value="Director"/>
				<integer name="Unreliability" value="0"/>
				<string name="Usage" value="Ships"/>
				<float name="Weight" value="0.6"/>
			</object>
			<object name="Pr_KClass_Rangefinder4m2V">
				<float name="AirRange" value="1."/>
				<float name="BearingAccuracy" value="3."/>
				<integer name="Country" value="5"/>
				<float name="DTimeProd" value="0."/>
				<float name="Frequency" value="0."/>
				<float name="MaxCaliber" value="600."/>
				<float name="MinCaliber" value="100."/>
				<float name="Money" value="5."/>
				<boolean name="New" value="true"/>
				<float name="NTimeProd" value="0."/>
				<float name="Power" value="0."/>
				<boolean name="Production" value="false"/>
				<float name="RangeAccuracy" value="30."/>
				<float name="Sensitivity" value="0."/>
				<float name="ShipRange" value="8.e-002"/>
				<integer name="SygnalType" value="2"/>
				<string name="Type" value="Director"/>
				<integer name="Unreliability" value="0"/>
				<string name="Usage" value="Ships"/>
				<float name="Weight" value="0.6"/>
			</object>
			<object name="Pr_KClass_Rangefinder4mTypeSL_8V">
				<float name="BearingAccuracy" value="3."/>
				<integer name="Country" value="5"/>
				<float name="DTimeProd" value="0."/>
				<float name="Frequency" value="0."/>
				<float name="MaxCaliber" value="600."/>
				<float name="MinCaliber" value="140."/>
				<float name="Money" value="5."/>
				<boolean name="New" value="true"/>
				<float name="NTimeProd" value="0."/>
				<float name="Power" value="0."/>
				<boolean name="Production" value="false"/>
				<float name="RangeAccuracy" value="30."/>
				<float name="Sensitivity" value="0."/>
				<float name="ShipRange" value="8.e-002"/>
				<integer name="SygnalType" value="2"/>
				<string name="Type" value="Director"/>
				<integer name="Unreliability" value="0"/>
				<string name="Usage" value="Ships"/>
				<float name="Weight" value="0.6"/>
			</object>
			<object name="Pr_Leipzig_Rangefinder3m">
				<float name="AirRange" value="2.5"/>
				<float name="BearingAccuracy" value="3."/>
				<integer name="Country" value="5"/>
				<float name="DTimeProd" value="0."/>
				<float name="Frequency" value="0."/>
				<float name="MaxCaliber" value="200."/>
				<float name="MinCaliber" value="20."/>
				<float name="Money" value="5."/>
				<boolean name="New" value="true"/>
				<float name="NTimeProd" value="0."/>
				<float name="Power" value="0."/>
				<boolean name="Production" value="false"/>
				<float name="RangeAccuracy" value="30."/>
				<float name="Sensitivity" value="0."/>
				<float name="ShipRange" value="8.e-002"/>
				<integer name="SygnalType" value="2"/>
				<string name="Type" value="Director"/>
				<integer name="Unreliability" value="0"/>
				<string name="Usage" value="Ships"/>
				<float name="Weight" value="0.6"/>
			</object>
			<object name="Pr_Leipzig_Rangefinder4m1V">
				<float name="AirRange" value="1."/>
				<float name="BearingAccuracy" value="3."/>
				<integer name="Country" value="5"/>
				<float name="DTimeProd" value="0."/>
				<float name="Frequency" value="0."/>
				<float name="MaxCaliber" value="600."/>
				<float name="MinCaliber" value="100."/>
				<float name="Money" value="5."/>
				<boolean name="New" value="true"/>
				<float name="NTimeProd" value="0."/>
				<float name="Power" value="0."/>
				<boolean name="Production" value="false"/>
				<float name="RangeAccuracy" value="30."/>
				<float name="Sensitivity" value="0."/>
				<float name="ShipRange" value="8.e-002"/>
				<integer name="SygnalType" value="2"/>
				<string name="Type" value="Director"/>
				<integer name="Unreliability" value="0"/>
				<string name="Usage" value="Ships"/>
				<float name="Weight" value="0.6"/>
			</object>
			<object name="Pr_Leipzig_Rangefinder4mTypeSL_8V">
				<float name="AirRange" value="1."/>
				<float name="BearingAccuracy" value="3."/>
				<integer name="Country" value="5"/>
				<float name="DTimeProd" value="0."/>
				<float name="Frequency" value="0."/>
				<float name="MaxCaliber" value="600."/>
				<float name="MinCaliber" value="100."/>
				<float name="Money" value="5."/>
				<boolean name="New" value="true"/>
				<float name="NTimeProd" value="0."/>
				<float name="Power" value="0."/>
				<boolean name="Production" value="false"/>
				<float name="RangeAccuracy" value="30."/>
				<float name="Sensitivity" value="0."/>
				<float name="ShipRange" value="8.e-002"/>
				<integer name="SygnalType" value="2"/>
				<string name="Type" value="Director"/>
				<integer name="Unreliability" value="0"/>
				<string name="Usage" value="Ships"/>
				<float name="Weight" value="0.6"/>
			</object>
			<object name="Pr_Lutzow_Radar_FuMO_22_1V">
				<float name="AirRange" value="1."/>
				<float name="BearingAccuracy" value="3."/>
				<integer name="Country" value="5"/>
				<float name="DTimeProd" value="0."/>
				<float name="Frequency" value="0."/>
				<float name="MaxCaliber" value="600."/>
				<float name="MinCaliber" value="150."/>
				<float name="Money" value="30."/>
				<boolean name="New" value="true"/>
				<float name="NTimeProd" value="0."/>
				<float name="Power" value="2000."/>
				<boolean name="Production" value="false"/>
				<float name="RangeAccuracy" value="30."/>
				<float name="Sensitivity" value="1.e-003"/>
				<float name="ShipRange" value="0.13"/>
				<integer name="SygnalType" value="1"/>
				<string name="Type" value="Director"/>
				<integer name="Unreliability" value="0"/>
				<string name="Usage" value="Ships"/>
				<float name="Weight" value="1.32"/>
			</object>
			<object name="Pr_Lutzow_Radar_FuMO_22_2V">
				<float name="AirRange" value="1."/>
				<float name="BearingAccuracy" value="3."/>
				<integer name="Country" value="5"/>
				<float name="DTimeProd" value="0."/>
				<float name="Frequency" value="0."/>
				<float name="MaxCaliber" value="600."/>
				<float name="MinCaliber" value="150."/>
				<float name="Money" value="30."/>
				<boolean name="New" value="true"/>
				<float name="NTimeProd" value="0."/>
				<float name="Power" value="2000."/>
				<boolean name="Production" value="false"/>
				<float name="RangeAccuracy" value="30."/>
				<float name="Sensitivity" value="1.e-003"/>
				<float name="ShipRange" value="0.13"/>
				<integer name="SygnalType" value="1"/>
				<string name="Type" value="Director"/>
				<integer name="Unreliability" value="0"/>
				<string name="Usage" value="Ships"/>
				<float name="Weight" value="1.32"/>
			</object>
			<object name="Pr_Lutzow_Rangefinder4m2V">
				<float name="BearingAccuracy" value="5."/>
				<integer name="Country" value="5"/>
				<float name="DTimeProd" value="0."/>
				<float name="Frequency" value="0."/>
				<float name="MaxCaliber" value="600."/>
				<float name="MinCaliber" value="150."/>
				<float name="Money" value="5."/>
				<boolean name="New" value="true"/>
				<float name="NTimeProd" value="0."/>
				<float name="Power" value="0."/>
				<boolean name="Production" value="false"/>
				<float name="RangeAccuracy" value="50."/>
				<float name="Sensitivity" value="0."/>
				<float name="ShipRange" value="8.e-002"/>
				<integer name="SygnalType" value="2"/>
				<string name="Type" value="Director"/>
				<integer name="Unreliability" value="0"/>
				<string name="Usage" value="Ships"/>
				<float name="Weight" value="0.6"/>
			</object>
			<object name="Pr_Narvik_Radar_FuMO21">
				<float name="AirRange" value="1."/>
				<float name="BearingAccuracy" value="3."/>
				<integer name="Country" value="5"/>
				<float name="DTimeProd" value="0."/>
				<float name="Frequency" value="0."/>
				<float name="MaxCaliber" value="150."/>
				<float name="MinCaliber" value="20."/>
				<float name="Money" value="30."/>
				<boolean name="New" value="true"/>
				<float name="NTimeProd" value="0."/>
				<float name="Power" value="2000."/>
				<boolean name="Production" value="false"/>
				<float name="RangeAccuracy" value="50."/>
				<float name="Sensitivity" value="1.e-003"/>
				<float name="ShipRange" value="0.13"/>
				<float name="ShipRange" value="8.e-002"/>
				<integer name="SygnalType" value="1"/>
				<string name="Technology" value="HFRadar"/>
				<string name="Type" value="Radar"/>
				<integer name="Unreliability" value="0"/>
				<string name="Usage" value="Ships"/>
				<float name="Weight" value="1.32"/>
			</object>
			<object name="Pr_Narvik_Rangefinder">
				<float name="AirRange" value="2.5"/>
				<float name="BearingAccuracy" value="2."/>
				<integer name="Country" value="5"/>
				<float name="DTimeProd" value="0."/>
				<float name="Frequency" value="0."/>
				<float name="MaxCaliber" value="150."/>
				<float name="MinCaliber" value="30."/>
				<float name="Money" value="35."/>
				<boolean name="New" value="true"/>
				<float name="NTimeProd" value="0."/>
				<float name="Power" value="20000."/>
				<boolean name="Production" value="false"/>
				<float name="RangeAccuracy" value="30."/>
				<float name="Sensitivity" value="1.e-004"/>
				<float name="ShipRange" value="8.e-002"/>
				<integer name="SygnalType" value="1"/>
				<string name="Technology" value="VHFRadar"/>
				<string name="Type" value="Director"/>
				<integer name="Unreliability" value="0"/>
				<string name="Usage" value="Ships"/>
				<float name="Weight" value="2."/>
			</object>
			<object name="Pr_Radar_FuMO213">
				<float name="AirRange" value="10."/>
				<float name="BearingAccuracy" value="0.2"/>
				<integer name="Country" value="5"/>
				<float name="DTimeProd" value="0."/>
				<float name="Frequency" value="0."/>
				<float name="MaxCaliber" value="460."/>
				<float name="MinCaliber" value="20"/>
				<float name="Money" value="100."/>
				<boolean name="New" value="true"/>
				<float name="NTimeProd" value="0."/>
				<float name="Power" value="30000."/>
				<boolean name="Production" value="false"/>
				<float name="RangeAccuracy" value="0.2"/>
				<float name="Sensitivity" value="1.4e-002"/>
				<float name="ShipRange" value="1.0"/>
				<integer name="SygnalType" value="1"/>
				<string name="Technology" value="VHFRadar"/>
				<string name="Type" value="Radar"/>
				<integer name="Unreliability" value="0"/>
				<string name="Usage" value="Ships"/>
				<float name="Weight" value="2."/>
			</object>
			<object name="Pr_Radar_FuMOFX">
				<float name="AirRange" value="10."/>
				<float name="BearingAccuracy" value="0.2"/>
				<integer name="Country" value="5"/>
				<float name="DTimeProd" value="0."/>
				<float name="Frequency" value="0."/>
				<float name="MaxCaliber" value="460."/>
				<float name="MinCaliber" value="20"/>
				<float name="Money" value="100."/>
				<boolean name="New" value="true"/>
				<float name="NTimeProd" value="0."/>
				<float name="Power" value="30000."/>
				<boolean name="Production" value="false"/>
				<float name="RangeAccuracy" value="0.2"/>
				<float name="Sensitivity" value="1.4e-002"/>
				<float name="ShipRange" value="1.0"/>
				<integer name="SygnalType" value="1"/>
				<string name="Technology" value="VHFRadar"/>
				<string name="Type" value="Director"/>
				<integer name="Unreliability" value="0"/>
				<string name="Usage" value="Ships"/>
				<float name="Weight" value="2."/>
			</object>
		</object>
		<object name="Turrets">
			<object name="Deutchland_Radar_FuMO_22_1V">
				<integer name="Amount" value="1"/>
				<integer name="ArmorFront" value="0"/>
				<integer name="ArmorSide" value="0"/>
				<integer name="ArmorTop" value="0"/>
				<string name="Content" value="Probes.Pr_Deutchland_Radar_FuMO_22_1V"/>
				<integer name="Country" value="5"/>
				<integer name="Elevation" value="0"/>
				<integer name="ElevationRate" value="0"/>
				<boolean name="IgnoreXMLFile" value="false"/>
				<float name="Iron" value="0.5"/>
				<float name="Money" value="11."/>
				<boolean name="New" value="true"/>
				<boolean name="Production" value="false"/>
				<integer name="RotationRate" value="5"/>
				<string name="SMU_File" value="Deutchland_Radar_FuMO_22_1V"/>
				<string name="Type" value="Radar"/>
				<float name="Vitality" value="30."/>
				<float name="Weight" value="0.5"/>
			</object>
			<object name="Deutchland_Radar_FuMO_22_2V">
				<integer name="Amount" value="1"/>
				<integer name="ArmorFront" value="0"/>
				<integer name="ArmorSide" value="0"/>
				<integer name="ArmorTop" value="0"/>
				<string name="Content" value="Probes.Pr_Deutchland_Radar_FuMO_22_2V"/>
				<integer name="Country" value="5"/>
				<integer name="Elevation" value="0"/>
				<integer name="ElevationRate" value="0"/>
				<boolean name="IgnoreXMLFile" value="false"/>
				<float name="Iron" value="0.5"/>
				<float name="Money" value="11."/>
				<boolean name="New" value="true"/>
				<boolean name="Production" value="false"/>
				<integer name="RotationRate" value="5"/>
				<string name="SMU_File" value="Deutchland_Radar_FuMO_22_2V"/>
				<string name="Type" value="Radar"/>
				<float name="Vitality" value="30."/>
				<float name="Weight" value="0.5"/>
			</object>
			<object name="Deutchland_Rangefinder4m2V">
				<integer name="Amount" value="1"/>
				<integer name="ArmorFront" value="0"/>
				<integer name="ArmorSide" value="0"/>
				<integer name="ArmorTop" value="0"/>
				<string name="Content" value="Probes.Pr_Deutchland_Rangefinder4m2V"/>
				<integer name="Country" value="5"/>
				<integer name="Elevation" value="0"/>
				<integer name="ElevationRate" value="0"/>
				<boolean name="IgnoreXMLFile" value="false"/>
				<float name="Iron" value="0.5"/>
				<float name="Money" value="10."/>
				<boolean name="New" value="true"/>
				<boolean name="Production" value="false"/>
				<integer name="RotationRate" value="15"/>
				<string name="SMU_File" value="Deutchland_Rangefinder4m2V"/>
				<string name="Type" value="Radar"/>
				<float name="Vitality" value="30."/>
				<float name="Weight" value="0.5"/>
			</object>
			<object name="Deutchland_Rangefinder4mTypeSL_8V">
				<integer name="Amount" value="1"/>
				<integer name="ArmorFront" value="0"/>
				<integer name="ArmorSide" value="0"/>
				<integer name="ArmorTop" value="0"/>
				<string name="Content" value="Probes.Pr_Deutchland_Rangefinder4mTypeSL_8V"/>
				<integer name="Country" value="5"/>
				<integer name="Elevation" value="0"/>
				<integer name="ElevationRate" value="0"/>
				<boolean name="IgnoreXMLFile" value="false"/>
				<float name="Iron" value="0.5"/>
				<float name="Money" value="10."/>
				<boolean name="New" value="true"/>
				<boolean name="Production" value="false"/>
				<integer name="RotationRate" value="15"/>
				<string name="SMU_File" value="Deutchland_Rangefinder4mTypeSL_8V"/>
				<string name="Type" value="Radar"/>
				<float name="Vitality" value="30."/>
				<float name="Weight" value="0.5"/>
			</object>
			<object name="KClass_Rangefinder4m1V">
				<integer name="Amount" value="1"/>
				<integer name="ArmorFront" value="0"/>
				<integer name="ArmorSide" value="0"/>
				<integer name="ArmorTop" value="0"/>
				<string name="Content" value="Probes.Pr_KClass_Rangefinder4m1V"/>
				<integer name="Country" value="5"/>
				<integer name="Elevation" value="0"/>
				<integer name="ElevationRate" value="0"/>
				<boolean name="IgnoreXMLFile" value="false"/>
				<float name="Iron" value="0.5"/>
				<float name="Money" value="10."/>
				<boolean name="New" value="true"/>
				<boolean name="Production" value="false"/>
				<integer name="RotationRate" value="15"/>
				<string name="SMU_File" value="KClass_Rangefinder4m1V"/>
				<string name="Type" value="Radar"/>
				<float name="Vitality" value="30."/>
				<float name="Weight" value="0.5"/>
			</object>
			<object name="KClass_Rangefinder4m2V">
				<integer name="Amount" value="1"/>
				<integer name="ArmorFront" value="0"/>
				<integer name="ArmorSide" value="0"/>
				<integer name="ArmorTop" value="0"/>
				<string name="Content" value="Probes.Pr_KClass_Rangefinder4m2V"/>
				<integer name="Country" value="5"/>
				<integer name="Elevation" value="0"/>
				<integer name="ElevationRate" value="0"/>
				<boolean name="IgnoreXMLFile" value="false"/>
				<float name="Iron" value="0.5"/>
				<float name="Money" value="10."/>
				<boolean name="New" value="true"/>
				<boolean name="Production" value="false"/>
				<integer name="RotationRate" value="15"/>
				<string name="SMU_File" value="KClass_Rangefinder4m2V"/>
				<string name="Type" value="Radar"/>
				<float name="Vitality" value="30."/>
				<float name="Weight" value="0.5"/>
			</object>
			<object name="KClass_Rangefinder4mTypeSL_8V">
				<integer name="Amount" value="1"/>
				<integer name="ArmorFront" value="0"/>
				<integer name="ArmorSide" value="0"/>
				<integer name="ArmorTop" value="0"/>
				<string name="Content" value="Probes.Pr_KClass_Rangefinder4mTypeSL_8V"/>
				<integer name="Country" value="5"/>
				<integer name="Elevation" value="0"/>
				<integer name="ElevationRate" value="0"/>
				<boolean name="IgnoreXMLFile" value="false"/>
				<float name="Iron" value="0.5"/>
				<float name="Money" value="10."/>
				<boolean name="New" value="true"/>
				<boolean name="Production" value="false"/>
				<integer name="RotationRate" value="15"/>
				<string name="SMU_File" value="KClass_Rangefinder4mTypeSL_8V"/>
				<string name="Type" value="Radar"/>
				<float name="Vitality" value="30."/>
				<float name="Weight" value="0.5"/>
			</object>
			<object name="Leipzig_Rangefinder3m">
				<integer name="Amount" value="1"/>
				<integer name="ArmorFront" value="0"/>
				<integer name="ArmorSide" value="0"/>
				<integer name="ArmorTop" value="0"/>
				<string name="Content" value="Probes.Pr_Leipzig_Rangefinder3m"/>
				<integer name="Country" value="5"/>
				<integer name="Elevation" value="0"/>
				<integer name="ElevationRate" value="0"/>
				<boolean name="IgnoreXMLFile" value="false"/>
				<float name="Iron" value="0.5"/>
				<float name="Money" value="10."/>
				<boolean name="New" value="true"/>
				<boolean name="Production" value="false"/>
				<integer name="RotationRate" value="15"/>
				<string name="SMU_File" value="Leipzig_Rangefinder3m"/>
				<string name="Type" value="Radar"/>
				<float name="Vitality" value="30."/>
				<float name="Weight" value="0.5"/>
			</object>
			<object name="Leipzig_Rangefinder4m1V">
				<integer name="Amount" value="1"/>
				<integer name="ArmorFront" value="0"/>
				<integer name="ArmorSide" value="0"/>
				<integer name="ArmorTop" value="0"/>
				<string name="Content" value="Probes.Pr_Leipzig_Rangefinder4m1V"/>
				<integer name="Country" value="5"/>
				<integer name="Elevation" value="0"/>
				<integer name="ElevationRate" value="0"/>
				<boolean name="IgnoreXMLFile" value="false"/>
				<float name="Iron" value="0.5"/>
				<float name="Money" value="10."/>
				<boolean name="New" value="true"/>
				<boolean name="Production" value="false"/>
				<integer name="RotationRate" value="15"/>
				<string name="SMU_File" value="Leipzig_Rangefinder4m1V"/>
				<string name="Type" value="Radar"/>
				<float name="Vitality" value="30."/>
				<float name="Weight" value="0.5"/>
			</object>
			<object name="Leipzig_Rangefinder4mTypeSL_8V">
				<integer name="Amount" value="1"/>
				<integer name="ArmorFront" value="0"/>
				<integer name="ArmorSide" value="0"/>
				<integer name="ArmorTop" value="0"/>
				<string name="Content" value="Probes.Pr_Leipzig_Rangefinder4mTypeSL_8V"/>
				<integer name="Country" value="5"/>
				<integer name="Elevation" value="0"/>
				<integer name="ElevationRate" value="0"/>
				<boolean name="IgnoreXMLFile" value="false"/>
				<float name="Iron" value="0.5"/>
				<float name="Money" value="10."/>
				<boolean name="New" value="true"/>
				<boolean name="Production" value="false"/>
				<integer name="RotationRate" value="15"/>
				<string name="SMU_File" value="Leipzig_Rangefinder4mTypeSL_8V"/>
				<string name="Type" value="Radar"/>
				<float name="Vitality" value="30."/>
				<float name="Weight" value="0.5"/>
			</object>
			<object name="Lutzow_Radar_FuMO_22_1V">
				<integer name="Amount" value="1"/>
				<integer name="ArmorFront" value="0"/>
				<integer name="ArmorSide" value="0"/>
				<integer name="ArmorTop" value="0"/>
				<string name="Content" value="Probes.Pr_Lutzow_Radar_FuMO_22_1V"/>
				<integer name="Country" value="5"/>
				<integer name="Elevation" value="0"/>
				<integer name="ElevationRate" value="0"/>
				<boolean name="IgnoreXMLFile" value="false"/>
				<float name="Iron" value="0.2"/>
				<float name="Money" value="11."/>
				<boolean name="New" value="true"/>
				<boolean name="Production" value="false"/>
				<integer name="RotationRate" value="5"/>
				<string name="SMU_File" value="Lutzow_Radar_FuMO_22_1V"/>
				<string name="Type" value="Radar"/>
				<float name="Vitality" value="30."/>
				<float name="Weight" value="0.5"/>
			</object>
			<object name="Lutzow_Radar_FuMO_22_2V">
				<integer name="Amount" value="1"/>
				<integer name="ArmorFront" value="0"/>
				<integer name="ArmorSide" value="0"/>
				<integer name="ArmorTop" value="0"/>
				<string name="Content" value="Probes.Pr_Lutzow_Radar_FuMO_22_2V"/>
				<integer name="Country" value="5"/>
				<integer name="Elevation" value="0"/>
				<integer name="ElevationRate" value="0"/>
				<boolean name="IgnoreXMLFile" value="false"/>
				<float name="Iron" value="0.2"/>
				<float name="Money" value="11."/>
				<boolean name="New" value="true"/>
				<boolean name="Production" value="false"/>
				<integer name="RotationRate" value="5"/>
				<string name="SMU_File" value="Lutzow_Radar_FuMO_22_2V"/>
				<string name="Type" value="Radar"/>
				<float name="Vitality" value="30."/>
				<float name="Weight" value="0.5"/>
			</object>
			<object name="Lutzow_Rangefinder4m2V">
				<integer name="Amount" value="1"/>
				<integer name="ArmorFront" value="0"/>
				<integer name="ArmorSide" value="0"/>
				<integer name="ArmorTop" value="0"/>
				<string name="Content" value="Probes.Pr_Lutzow_Rangefinder4m2V"/>
				<integer name="Country" value="5"/>
				<integer name="Elevation" value="0"/>
				<integer name="ElevationRate" value="0"/>
				<boolean name="IgnoreXMLFile" value="false"/>
				<float name="Iron" value="0.3"/>
				<float name="Money" value="10."/>
				<boolean name="New" value="true"/>
				<boolean name="Production" value="false"/>
				<integer name="RotationRate" value="15"/>
				<string name="SMU_File" value="Lutzow_Rangefinder4m2V"/>
				<string name="Type" value="Radar"/>
				<float name="Vitality" value="30."/>
				<float name="Weight" value="0.5"/>
			</object>
			<object name="Radar_FuMO213">
				<integer name="Amount" value="1"/>
				<integer name="ArmorFront" value="0"/>
				<integer name="ArmorSide" value="0"/>
				<integer name="ArmorTop" value="0"/>
				<string name="Content" value="Probes.Pr_Radar_FuMO213"/>
				<integer name="Country" value="5"/>
				<integer name="Elevation" value="0"/>
				<integer name="ElevationRate" value="0"/>
				<boolean name="IgnoreXMLFile" value="false"/>
				<float name="Iron" value="0.5"/>
				<float name="Money" value="11."/>
				<boolean name="New" value="true"/>
				<boolean name="Production" value="false"/>
				<integer name="RotationRate" value="5"/>
				<string name="SMU_File" value="Bismark_Radar_FuMO_23_1V"/>
				<string name="Type" value="Radar"/>
				<float name="Vitality" value="30."/>
				<float name="Weight" value="0.5"/>
			</object>
			<object name="Radar_FuMOFX">
				<integer name="Amount" value="1"/>
				<integer name="ArmorFront" value="0"/>
				<integer name="ArmorSide" value="0"/>
				<integer name="ArmorTop" value="0"/>
				<string name="Content" value="Probes.Pr_Radar_FuMOFX"/>
				<integer name="Country" value="5"/>
				<integer name="Elevation" value="0"/>
				<integer name="ElevationRate" value="0"/>
				<boolean name="IgnoreXMLFile" value="false"/>
				<float name="Iron" value="0.5"/>
				<float name="Money" value="11."/>
				<boolean name="New" value="true"/>
				<boolean name="Production" value="false"/>
				<integer name="RotationRate" value="5"/>
				<string name="SMU_File" value="Bismark_Rangefinder4mTypeSL_8V"/>
				<string name="Type" value="Radar"/>
				<float name="Vitality" value="30."/>
				<float name="Weight" value="0.5"/>
			</object>
			<object name="Spee_Radar_FuMO_22_1V">
				<integer name="Amount" value="1"/>
				<integer name="ArmorFront" value="0"/>
				<integer name="ArmorSide" value="0"/>
				<integer name="ArmorTop" value="0"/>
				<string name="Content" value="Probes.Pr_Deutchland_Radar_FuMO_22_1V"/>
				<integer name="Country" value="5"/>
				<integer name="Elevation" value="0"/>
				<integer name="ElevationRate" value="0"/>
				<boolean name="IgnoreXMLFile" value="false"/>
				<float name="Iron" value="0.2"/>
				<float name="Money" value="11."/>
				<boolean name="New" value="true"/>
				<boolean name="Production" value="false"/>
				<integer name="RotationRate" value="5"/>
				<string name="SMU_File" value="Spee_Radar_FuMO_22_1V"/>
				<string name="Type" value="Radar"/>
				<float name="Vitality" value="30."/>
				<float name="Weight" value="0.5"/>
			</object>
			<object name="Spee_Radar_FuMO_22_2V">
				<integer name="Amount" value="1"/>
				<integer name="ArmorFront" value="0"/>
				<integer name="ArmorSide" value="0"/>
				<integer name="ArmorTop" value="0"/>
				<string name="Content" value="Probes.Pr_Deutchland_Radar_FuMO_22_2V"/>
				<integer name="Country" value="5"/>
				<integer name="Elevation" value="0"/>
				<integer name="ElevationRate" value="0"/>
				<boolean name="IgnoreXMLFile" value="false"/>
				<float name="Iron" value="0.2"/>
				<float name="Money" value="11."/>
				<boolean name="New" value="true"/>
				<boolean name="Production" value="false"/>
				<integer name="RotationRate" value="5"/>
				<string name="SMU_File" value="Spee_Radar_FuMO_22_2V"/>
				<string name="Type" value="Radar"/>
				<float name="Vitality" value="30."/>
				<float name="Weight" value="0.5"/>
			</object>
			<object name="Spee_Rangefinder4m2V">
				<integer name="Amount" value="1"/>
				<integer name="ArmorFront" value="0"/>
				<integer name="ArmorSide" value="0"/>
				<integer name="ArmorTop" value="0"/>
				<string name="Content" value="Probes.Pr_Deutchland_Rangefinder4m2V"/>
				<integer name="Country" value="5"/>
				<integer name="Elevation" value="0"/>
				<integer name="ElevationRate" value="0"/>
				<boolean name="IgnoreXMLFile" value="false"/>
				<float name="Iron" value="0.3"/>
				<float name="Money" value="10."/>
				<boolean name="New" value="true"/>
				<boolean name="Production" value="false"/>
				<integer name="RotationRate" value="15"/>
				<string name="SMU_File" value="Spee_Rangefinder4m2V"/>
				<string name="Type" value="Radar"/>
				<float name="Vitality" value="30."/>
				<float name="Weight" value="0.5"/>
			</object>
			<object name="Spee_Rangefinder4mTypeSL_8V">
				<integer name="Amount" value="1"/>
				<integer name="ArmorFront" value="0"/>
				<integer name="ArmorSide" value="0"/>
				<integer name="ArmorTop" value="0"/>
				<string name="Content" value="Probes.Pr_Deutchland_Rangefinder4mTypeSL_8V"/>
				<integer name="Country" value="5"/>
				<integer name="Elevation" value="0"/>
				<integer name="ElevationRate" value="0"/>
				<boolean name="IgnoreXMLFile" value="false"/>
				<float name="Iron" value="0.3"/>
				<float name="Money" value="10."/>
				<boolean name="New" value="true"/>
				<boolean name="Production" value="false"/>
				<integer name="RotationRate" value="15"/>
				<string name="SMU_File" value="Spee_Rangefinder4mTypeSL_8V"/>
				<string name="Type" value="Radar"/>
				<float name="Vitality" value="30."/>
				<float name="Weight" value="0.5"/>
			</object>
		</object>
	</object>
</root>
