﻿<?xml version="1.0" standalone="yes" ?>
<root>
	<object name="Modifications">
		<object name="SubUnits">
			<object name="Deutchland_Radar_FuMO_22_1V"/>
			<object name="Deutchland_Radar_FuMO_22_2V"/>
			<object name="Deutchland_Rangefinder4m2V"/>
			<object name="Deutchland_Rangefinder4mTypeSL_8V"/>
			<object name="KClass_Rangefinder4m1V"/>
			<object name="KClass_Rangefinder4m2V"/>
			<object name="KClass_Rangefinder4mTypeSL_8V"/>
			<object name="Leipzig_Rangefinder3m"/>
			<object name="Leipzig_Rangefinder4m1V"/>
			<object name="Leipzig_Rangefinder4mTypeSL_8V"/>
			<object name="Radar_FuMO213"/>
			<object name="Radar_FuMOFX"/>
			<object name="Lutzow_Radar_FuMO_22_1V"/>
			<object name="Lutzow_Radar_FuMO_22_2V"/>
			<object name="Lutzow_Rangefinder4m2V"/>
			<object name="Spee_Radar_FuMO_22_1V"/>
			<object name="Spee_Radar_FuMO_22_2V"/>
			<object name="Spee_Rangefinder4m2V"/>
			<object name="Spee_Rangefinder4mTypeSL_8V"/>
		</object>
	</object>
</root>
