﻿<?xml version="1.0" standalone="yes" ?>
<root>
	<object name="SteelMonstersParams">
		<object name="Hit_Location">
			<object name="Tir7093">
				<integer name="Country" value="5"/>
				<float name="ER" value="10."/>
				<string name="Hull" value="Std_Hull"/>
				<string name="Name" value="Base"/>
				<string name="TypHL" value="Hull"/>
				<string name="UnitName" value="Tirpitz_Rangefinder4m2V"/>
			</object>
			<object name="Tir7094">
				<integer name="Country" value="5"/>
				<float name="ER" value="10."/>
				<string name="Hull" value="Std_RF"/>
				<string name="Name" value="Rangefinder"/>
				<string name="TypHL" value="Probe"/>
				<string name="UnitName" value="Tirpitz_Rangefinder4m2V"/>
			</object>
			<object name="Tir7842">
				<integer name="Country" value="5"/>
				<float name="ER" value="100."/>
				<string name="Hull" value="Std_Guns"/>
				<string name="Name" value="Turret"/>
				<string name="TypHL" value="Hull"/>
				<string name="UnitName" value="Tirpitz_FLAK1_105mm_SK_C33_Turret"/>
			</object>
			<object name="Tir7843">
				<integer name="Country" value="5"/>
				<float name="ER" value="100."/>
				<string name="Hull" value="Std_Guns"/>
				<string name="Name" value="Turret"/>
				<string name="TypHL" value="AmmoStore"/>
				<string name="UnitName" value="Tirpitz_FLAK2_105mm_SK_C37_Turret"/>
			</object>
			<object name="Tir7844">
				<integer name="Country" value="5"/>
				<float name="ER" value="10."/>
				<string name="Hull" value="Std_Turret_RF"/>
				<string name="Name" value="Rangefinder"/>
				<string name="TypHL" value="Probe"/>
				<string name="UnitName" value="Tirpitz_FLAK2_105mm_SK_C37_Turret"/>
			</object>
			<object name="Tir7845">
				<integer name="Country" value="5"/>
				<integer name="Crew" value="1"/>
				<float name="ER" value="3.e-002"/>
				<string name="Hull" value="Std_Crew"/>
				<string name="Name" value="Gunner1"/>
				<string name="TypHL" value="Crew"/>
				<string name="UnitName" value="Tirpitz_FLAK3_37mm_SK_C30_Turret"/>
			</object>
			<object name="Tir7846">
				<integer name="Country" value="5"/>
				<integer name="Crew" value="1"/>
				<float name="ER" value="3.e-002"/>
				<string name="Hull" value="Std_Crew"/>
				<string name="Name" value="Gunner2"/>
				<string name="TypHL" value="Crew"/>
				<string name="UnitName" value="Tirpitz_FLAK3_37mm_SK_C30_Turret"/>
			</object>
			<object name="Tir7847">
				<integer name="Country" value="5"/>
				<float name="ER" value="10."/>
				<string name="Hull" value="Std_Stvol"/>
				<string name="Name" value="Turret"/>
				<string name="TypHL" value="Hull"/>
				<string name="UnitName" value="Tirpitz_FLAK3_37mm_SK_C30_Turret"/>
			</object>
			<object name="Tir7848">
				<integer name="Country" value="5"/>
				<integer name="Crew" value="1"/>
				<float name="ER" value="3.e-002"/>
				<string name="Hull" value="Std_Crew"/>
				<string name="Name" value="Gunner2"/>
				<string name="TypHL" value="Crew"/>
				<string name="UnitName" value="Tirpitz_FLAK4_20mm_MG_C38Quad_Turret"/>
			</object>
			<object name="Tir7849">
				<integer name="Country" value="5"/>
				<integer name="Crew" value="1"/>
				<float name="ER" value="3.e-002"/>
				<string name="Hull" value="Std_Crew"/>
				<string name="Name" value="Gunner3"/>
				<string name="TypHL" value="Crew"/>
				<string name="UnitName" value="Tirpitz_FLAK4_20mm_MG_C38Quad_Turret"/>
			</object>
			<object name="Tir7852">
				<integer name="Country" value="5"/>
				<integer name="Crew" value="1"/>
				<float name="ER" value="3.e-002"/>
				<string name="Hull" value="Std_Crew"/>
				<string name="Name" value="Gunner"/>
				<string name="TypHL" value="Crew"/>
				<string name="UnitName" value="Tirpitz_FLAK5_20mm_MG_C30_3V_Turret"/>
			</object>
			<object name="Tir7852">
				<integer name="Country" value="5"/>
				<integer name="Crew" value="1"/>
				<float name="ER" value="3.e-002"/>
				<string name="Hull" value="Std_Crew"/>
				<string name="Name" value="Gunner"/>
				<string name="TypHL" value="Crew"/>
				<string name="UnitName" value="Tirpitz_FLAK5_20mm_MG_C30_3V_Turret"/>
			</object>
			<object name="Tir7853">
				<integer name="Country" value="5"/>
				<float name="ER" value="0.5"/>
				<string name="Hull" value="Std_Stvol"/>
				<string name="Name" value="Turret"/>
				<string name="TypHL" value="Hull"/>
				<string name="UnitName" value="Tirpitz_FLAK5_20mm_MG_C30_3V_Turret"/>
			</object>
			<object name="Tir7854">
				<integer name="Country" value="5"/>
				<integer name="Crew" value="1"/>
				<float name="ER" value="3.e-002"/>
				<string name="Hull" value="Std_Crew"/>
				<string name="Name" value="Gunner"/>
				<string name="TypHL" value="Crew"/>
				<string name="UnitName" value="Tirpitz_FLAK5_20mm_MG_C30_Turret"/>
			</object>
			<object name="Tir7855">
				<integer name="Country" value="5"/>
				<float name="ER" value="0.5"/>
				<string name="Hull" value="Std_Stvol"/>
				<string name="Name" value="Turret"/>
				<string name="TypHL" value="Hull"/>
				<string name="UnitName" value="Tirpitz_FLAK5_20mm_MG_C30_Turret"/>
			</object>
			<object name="Tir7856">
				<integer name="Country" value="5"/>
				<float name="ER" value="0.5"/>
				<string name="Hull" value="Std_Stvol"/>
				<string name="Name" value="Turret"/>
				<string name="TypHL" value="Hull"/>
				<string name="UnitName" value="Tirpitz_FLAK5_20mm_MG_C30_Turret_2V"/>
			</object>
			<object name="Tir7857">
				<integer name="Country" value="5"/>
				<integer name="Crew" value="1"/>
				<float name="ER" value="3.e-002"/>
				<string name="Hull" value="Std_Crew"/>
				<string name="Name" value="Gunner"/>
				<string name="TypHL" value="Crew"/>
				<string name="UnitName" value="Tirpitz_FLAK5_20mm_MG_C30_Turret_2V"/>
			</object>
			<object name="Tir7863">
				<integer name="Country" value="5"/>
				<float name="ER" value="30."/>
				<string name="Hull" value="Bismarck_STurret"/>
				<string name="Name" value="Turret"/>
				<string name="TypHL" value="AmmoStore"/>
				<string name="UnitName" value="Tirpitz_SK1_150mm_Turret"/>
			</object>
			<object name="Tir7864">
				<integer name="Country" value="5"/>
				<float name="ER" value="30."/>
				<string name="Hull" value="Std_Turret_RF"/>
				<string name="Name" value="RRangefinder"/>
				<string name="TypHL" value="Probe"/>
				<string name="UnitName" value="Tirpitz_SK2_150mm_Turret"/>
			</object>
			<object name="Tir7865">
				<integer name="Country" value="5"/>
				<float name="ER" value="30."/>
				<string name="Hull" value="Std_Turret_RF"/>
				<string name="Name" value="LRangefinder"/>
				<string name="TypHL" value="Probe"/>
				<string name="UnitName" value="Tirpitz_SK2_150mm_Turret"/>
			</object>
			<object name="Tir7866">
				<integer name="Country" value="5"/>
				<float name="ER" value="30."/>
				<string name="Hull" value="Bismarck_STurret"/>
				<string name="Name" value="Turret"/>
				<string name="TypHL" value="AmmoStore"/>
				<string name="UnitName" value="Tirpitz_SK2_150mm_Turret"/>
			</object>
			<object name="Tir8078">
				<integer name="Country" value="5"/>
				<float name="ER" value="3.e-002"/>
				<string name="Hull" value="Std_Radar"/>
				<string name="Name" value="Radar"/>
				<string name="TypHL" value="Probe"/>
				<string name="UnitName" value="Tirpitz_Radar_FuMO_23_1V"/>
			</object>
			<object name="Tir8079">
				<integer name="Country" value="5"/>
				<float name="ER" value="1."/>
				<string name="Hull" value="Std_Hull"/>
				<string name="Name" value="KDP_Base"/>
				<string name="TypHL" value="Hull"/>
				<string name="UnitName" value="Tirpitz_Radar_FuMO_23_1V"/>
			</object>
			<object name="Tir8080">
				<integer name="Country" value="5"/>
				<float name="ER" value="3."/>
				<string name="Hull" value="Std_Guns"/>
				<string name="Name" value="KDP"/>
				<string name="TypHL" value="Probe"/>
				<string name="UnitName" value="Tirpitz_Radar_FuMO_23_1V"/>
			</object>
			<object name="Tir8081">
				<integer name="Country" value="5"/>
				<float name="ER" value="2.e-002"/>
				<string name="Hull" value="Std_RF"/>
				<string name="Name" value="LRangefinder"/>
				<string name="TypHL" value="Probe"/>
				<string name="UnitName" value="Tirpitz_Radar_FuMO_23_1V"/>
			</object>
			<object name="Tir8082">
				<integer name="Country" value="5"/>
				<float name="ER" value="2.e-002"/>
				<string name="Hull" value="Std_RF"/>
				<string name="Name" value="RRangefinder"/>
				<string name="TypHL" value="Probe"/>
				<string name="UnitName" value="Tirpitz_Radar_FuMO_23_1V"/>
			</object>
			<object name="Tir8092">
				<integer name="Country" value="5"/>
				<float name="ER" value="10."/>
				<string name="Hull" value="Std_RF"/>
				<string name="Name" value="Rangefunder"/>
				<string name="TypHL" value="Probe"/>
				<string name="UnitName" value="Tirpitz_Rangefinder3m"/>
			</object>
			<object name="Tir8095">
				<integer name="Country" value="5"/>
				<float name="ER" value="10."/>
				<string name="Hull" value="Std_RF"/>
				<string name="Name" value="Rangefinder"/>
				<string name="TypHL" value="Probe"/>
				<string name="UnitName" value="Tirpitz_Rangefinder4mTypeSL_8V"/>
			</object>
			<object name="Tir8096">
				<integer name="Country" value="5"/>
				<float name="ER" value="4."/>
				<string name="Hull" value="Std_RF"/>
				<string name="Name" value="Rangefinder"/>
				<string name="TypHL" value="Probe"/>
				<string name="UnitName" value="Tirpitz_RangefinderSmall"/>
			</object>
			<object name="TirB8078">
				<integer name="Country" value="5"/>
				<float name="ER" value="3.e-002"/>
				<string name="Hull" value="Std_Radar"/>
				<string name="Name" value="Radar"/>
				<string name="TypHL" value="Probe"/>
				<string name="UnitName" value="Tirpitz_Radar_FuMO_23_2V"/>
			</object>
			<object name="TirB8079">
				<integer name="Country" value="5"/>
				<float name="ER" value="1."/>
				<string name="Hull" value="Std_Hull"/>
				<string name="Name" value="KDP_Base"/>
				<string name="TypHL" value="Hull"/>
				<string name="UnitName" value="Tirpitz_Radar_FuMO_23_2V"/>
			</object>
			<object name="TirB8080">
				<integer name="Country" value="5"/>
				<float name="ER" value="3."/>
				<string name="Hull" value="Std_Guns"/>
				<string name="Name" value="KDP"/>
				<string name="TypHL" value="Probe"/>
				<string name="UnitName" value="Tirpitz_Radar_FuMO_23_2V"/>
			</object>
			<object name="TirB8081">
				<integer name="Country" value="5"/>
				<float name="ER" value="2.e-002"/>
				<string name="Hull" value="Std_RF"/>
				<string name="Name" value="LRangefinder"/>
				<string name="TypHL" value="Probe"/>
				<string name="UnitName" value="Tirpitz_Radar_FuMO_23_2V"/>
			</object>
			<object name="TirB8082">
				<integer name="Country" value="5"/>
				<float name="ER" value="2.e-002"/>
				<string name="Hull" value="Std_RF"/>
				<string name="Name" value="RRangefinder"/>
				<string name="TypHL" value="Probe"/>
				<string name="UnitName" value="Tirpitz_Radar_FuMO_23_2V"/>
			</object>
			<object name="TirC8078">
				<integer name="Country" value="5"/>
				<float name="ER" value="3.e-002"/>
				<string name="Hull" value="Std_Radar"/>
				<string name="Name" value="Radar"/>
				<string name="TypHL" value="Probe"/>
				<string name="UnitName" value="Tirpitz_Radar_FuMO_23_3V"/>
			</object>
			<object name="TirC8079">
				<integer name="Country" value="5"/>
				<float name="ER" value="1."/>
				<string name="Hull" value="Std_Hull"/>
				<string name="Name" value="KDP_Base"/>
				<string name="TypHL" value="Hull"/>
				<string name="UnitName" value="Tirpitz_Radar_FuMO_23_3V"/>
			</object>
			<object name="TirC8080">
				<integer name="Country" value="5"/>
				<float name="ER" value="3."/>
				<string name="Hull" value="Std_Guns"/>
				<string name="Name" value="KDP"/>
				<string name="TypHL" value="Probe"/>
				<string name="UnitName" value="Tirpitz_Radar_FuMO_23_3V"/>
			</object>
			<object name="TirC8081">
				<integer name="Country" value="5"/>
				<float name="ER" value="2.e-002"/>
				<string name="Hull" value="Std_RF"/>
				<string name="Name" value="LRangefinder"/>
				<string name="TypHL" value="Probe"/>
				<string name="UnitName" value="Tirpitz_Radar_FuMO_23_3V"/>
			</object>
			<object name="TirC8082">
				<integer name="Country" value="5"/>
				<float name="ER" value="2.e-002"/>
				<string name="Hull" value="Std_RF"/>
				<string name="Name" value="RRangefinder"/>
				<string name="TypHL" value="Probe"/>
				<string name="UnitName" value="Tirpitz_Radar_FuMO_23_3V"/>
			</object>
			<object name="Tirr8078">
				<integer name="Country" value="5"/>
				<float name="ER" value="3.e-002"/>
				<string name="Hull" value="Std_Radar"/>
				<string name="Name" value="Radar"/>
				<string name="TypHL" value="Probe"/>
				<string name="UnitName" value="Tirpitz_Radar_FuMO_27_1V"/>
			</object>
			<object name="Tirr8079">
				<integer name="Country" value="5"/>
				<float name="ER" value="1."/>
				<string name="Hull" value="Std_Hull"/>
				<string name="Name" value="KDP_Base"/>
				<string name="TypHL" value="Hull"/>
				<string name="UnitName" value="Tirpitz_Radar_FuMO_27_1V"/>
			</object>
			<object name="Tirr8080">
				<integer name="Country" value="5"/>
				<float name="ER" value="3."/>
				<string name="Hull" value="Std_Guns"/>
				<string name="Name" value="KDP"/>
				<string name="TypHL" value="Probe"/>
				<string name="UnitName" value="Tirpitz_Radar_FuMO_27_1V"/>
			</object>
			<object name="Tirr8081">
				<integer name="Country" value="5"/>
				<float name="ER" value="2.e-002"/>
				<string name="Hull" value="Std_RF"/>
				<string name="Name" value="LRangefinder"/>
				<string name="TypHL" value="Probe"/>
				<string name="UnitName" value="Tirpitz_Radar_FuMO_27_1V"/>
			</object>
			<object name="Tirr8082">
				<integer name="Country" value="5"/>
				<float name="ER" value="2.e-002"/>
				<string name="Hull" value="Std_RF"/>
				<string name="Name" value="RRangefinder"/>
				<string name="TypHL" value="Probe"/>
				<string name="UnitName" value="Tirpitz_Radar_FuMO_27_1V"/>
			</object>	
		</object>
		<object name="Probes">
			<object name="Pr_Tirpitz_Radar_FuMO_27_1V">
				<float name="AirRange" value="0."/>
				<float name="BearingAccuracy" value="3."/>
				<integer name="Country" value="5"/>
				<float name="DTimeProd" value="0."/>
				<float name="Frequency" value="368."/>
				<float name="MaxCaliber" value="600."/>
				<float name="MinCaliber" value="150."/>
				<float name="Money" value="30."/>
				<boolean name="New" value="true"/>
				<float name="NTimeProd" value="0."/>
				<float name="Power" value="8000."/>
				<boolean name="Production" value="false"/>
				<float name="RangeAccuracy" value="30."/>
				<float name="Sensitivity" value="1.4e-002"/>
				<float name="ShipRange" value="0.24"/>
				<integer name="SygnalType" value="1"/>
				<string name="Type" value="Director"/>
				<integer name="Unreliability" value="0"/>
				<string name="Usage" value="Ships"/>
				<float name="Weight" value="1.82"/>
			</object>
			<object name="Tirpitz_Projector_Lamp">
				<float name="BearingAccuracy" value="0."/>
				<integer name="Country" value="5"/>
				<float name="DTimeProd" value="0."/>
				<float name="Frequency" value="0."/>
				<float name="Money" value="0.1"/>
				<boolean name="New" value="true"/>
				<float name="NTimeProd" value="0."/>
				<float name="Power" value="0."/>
				<boolean name="Production" value="false"/>
				<float name="RangeAccuracy" value="0."/>
				<float name="Sensitivity" value="0."/>
				<string name="SMU_File" value="Tirpitz_Projector_Lamp"/>
				<integer name="SygnalType" value="2"/>
				<string name="Type" value="SearchLight"/>
				<integer name="Unreliability" value="0"/>
				<string name="Usage" value="Ships"/>
				<float name="Weight" value="0.4"/>
			</object>
		</object>
		<object name="Rifles">
			<object name="Tirpitz_FLAK1_105mm_SK_C33_Stvol">
				<float name="AARange" value="12.5"/>
				<string name="Ammo" value="Proj_105_G"/>
				<integer name="AmmoStorage" value="450"/>
				<float name="AmmoWeight" value="15.8"/>
				<string name="ArmPiercing" value="Proj_105_G_AP"/>
				<float name="Caliber" value="105."/>
				<integer name="Country" value="5"/>
				<float name="Dispersion" value="10."/>
				<integer name="FinalSpeed" value="165"/>
				<string name="FireSound" value="Guns\100mm"/>
				<string name="Frag" value="Proj_105_G_Fr"/>
				<string name="HighExp" value="Proj_105_G_HE"/>				
				<boolean name="IgnoreXMLFile" value="false"/>
				<float name="Money" value="3.35"/>
				<boolean name="New" value="true"/>
				<float name="Range" value="17.7"/>
				<float name="ROF" value="18."/>
				<boolean name="SLLauncher" value="false"/>
				<string name="SMU_File" value="Tirpitz_FLAK1_105mm_SK_C33_Stvol"/>
				<integer name="StartSpeed" value="900"/>
				<integer name="Unreliability" value="0"/>
				<string name="Usage" value="Ships"/>
				<float name="Weight" value="4.56"/>
			</object>
			<object name="Tirpitz_FLAK1_105mm_SK_C33_Stvolx">
				<float name="AARange" value="12.5"/>
				<string name="Ammo" value="Proj_105_G"/>
				<integer name="AmmoStorage" value="450"/>
				<float name="AmmoWeight" value="15.8"/>
				<string name="ArmPiercing" value="Proj_105_G_AP"/>
				<float name="Caliber" value="105."/>
				<integer name="Country" value="5"/>
				<float name="Dispersion" value="10."/>
				<integer name="FinalSpeed" value="165"/>
				<string name="FireSound" value="Guns\100mm"/>
				<string name="Frag" value="Proj_105_G_Fr"/>
				<string name="HighExp" value="Proj_105_G_HE"/>				
				<boolean name="IgnoreXMLFile" value="false"/>
				<float name="Money" value="3.35"/>
				<boolean name="New" value="true"/>
				<float name="Range" value="17.7"/>
				<float name="ROF" value="18."/>
				<boolean name="SLLauncher" value="false"/>
				<string name="SMU_File" value="Tirpitz_FLAK1_105mm_SK_C33_Stvolx"/>
				<integer name="StartSpeed" value="900"/>
				<integer name="Unreliability" value="0"/>
				<string name="Usage" value="Ships"/>
				<float name="Weight" value="4.56"/>
			</object>
			<object name="Tirpitz_FLAK3_37mm_SK_C30_Stvol">
				<float name="AARange" value="6.8"/>
				<string name="Ammo" value="Proj_37_G"/>
				<integer name="AmmoStorage" value="3000"/>
				<float name="AmmoWeight" value="0.742"/>
				<float name="Caliber" value="37."/>
				<integer name="Country" value="5"/>
				<float name="Dispersion" value="14."/>
				<integer name="FinalSpeed" value="148"/>
				<string name="FireSound" value="Guns\37mm"/>
				<string name="HighExp" value="Proj_37_G_HE"/>
				<boolean name="IgnoreXMLFile" value="false"/>
				<float name="Money" value="0.95"/>
				<boolean name="New" value="true"/>
				<float name="Range" value="8.5"/>
				<float name="ROF" value="30."/>
				<boolean name="SLLauncher" value="false"/>
				<string name="SMU_File" value="Tirpitz_FLAK3_37mm_SK_C30_Stvol"/>
				<integer name="StartSpeed" value="1000"/>
				<integer name="Unreliability" value="0"/>
				<string name="Usage" value="Ships"/>
				<float name="Weight" value="0.234"/>
			</object>
			<object name="Tirpitz_FLAK3_37mm_SK_C30_Stvolx">
				<float name="AARange" value="6.8"/>
				<string name="Ammo" value="Proj_37_G"/>
				<integer name="AmmoStorage" value="3000"/>
				<float name="AmmoWeight" value="0.742"/>
				<float name="Caliber" value="37."/>
				<integer name="Country" value="5"/>
				<float name="Dispersion" value="14."/>
				<integer name="FinalSpeed" value="148"/>
				<string name="FireSound" value="Guns\37mm"/>
				<string name="HighExp" value="Proj_37_G_HE"/>
				<boolean name="IgnoreXMLFile" value="false"/>
				<float name="Money" value="0.95"/>
				<boolean name="New" value="true"/>
				<float name="Range" value="8.5"/>
				<float name="ROF" value="30."/>
				<boolean name="SLLauncher" value="false"/>
				<string name="SMU_File" value="Tirpitz_FLAK3_37mm_SK_C30_Stvolx"/>
				<integer name="StartSpeed" value="1000"/>
				<integer name="Unreliability" value="0"/>
				<string name="Usage" value="Ships"/>
				<float name="Weight" value="0.234"/>
			</object>
			<object name="Tirpitz_FLAK4_20mm_MG_C38Quad_Stvol">
				<float name="AARange" value="3.7"/>
				<string name="Ammo" value="Proj_20_G"/>
				<integer name="AmmoStorage" value="2000"/>
				<float name="AmmoWeight" value="0.148"/>
				<string name="ArmPiercing" value="Proj_20_G_AP"/>
				<float name="Caliber" value="20."/>
				<integer name="Country" value="5"/>
				<float name="Dispersion" value="14."/>
				<integer name="FinalSpeed" value="148"/>
				<string name="Fire" value="Proj_20_G_HEI"/>
				<string name="FireSound" value="Guns\20mm"/>
				<string name="HighExp" value="Proj_20_G_HE"/>
				<boolean name="IgnoreXMLFile" value="false"/>
				<float name="Money" value="0.95"/>
				<boolean name="New" value="true"/>
				<float name="Range" value="4.9"/>
				<float name="ROF" value="220."/>
				<boolean name="SLLauncher" value="false"/>
				<string name="SMU_File" value="Tirpitz_FLAK4_20mm_MG_C38Quad_Stvol"/>
				<integer name="StartSpeed" value="800"/>
				<integer name="Unreliability" value="0"/>
				<string name="Usage" value="Ships"/>
				<float name="Weight" value="0.0575"/>
			</object>
			<object name="Tirpitz_FLAK4_20mm_MG_C38Quad_Stvolx">
				<float name="AARange" value="3.7"/>
				<string name="Ammo" value="Proj_20_G"/>
				<integer name="AmmoStorage" value="2000"/>
				<float name="AmmoWeight" value="0.148"/>
				<string name="ArmPiercing" value="Proj_20_G_AP"/>
				<float name="Caliber" value="20."/>
				<integer name="Country" value="5"/>
				<float name="Dispersion" value="14."/>
				<integer name="FinalSpeed" value="148"/>
				<string name="Fire" value="Proj_20_G_HEI"/>
				<string name="FireSound" value="Guns\20mm"/>
				<string name="HighExp" value="Proj_20_G_HE"/>
				<boolean name="IgnoreXMLFile" value="false"/>
				<float name="Money" value="0.95"/>
				<boolean name="New" value="true"/>
				<float name="Range" value="4.9"/>
				<float name="ROF" value="220."/>
				<boolean name="SLLauncher" value="false"/>
				<string name="SMU_File" value="Bismark_FLAK4_20mm_MG_C38Quad_Stvolx"/>
				<integer name="StartSpeed" value="800"/>
				<integer name="Unreliability" value="0"/>
				<string name="Usage" value="Ships"/>
				<float name="Weight" value="0.0575"/>
			</object>
			<object name="Tirpitz_FLAK5_20mm_MG_C30_3V_Stvol">
				<float name="AARange" value="3.7"/>
				<string name="Ammo" value="Proj_20_G"/>
				<integer name="AmmoStorage" value="2000"/>
				<float name="AmmoWeight" value="0.148"/>
				<string name="ArmPiercing" value="Proj_20_G_AP"/>
				<float name="Caliber" value="20."/>
				<integer name="Country" value="5"/>
				<float name="Dispersion" value="14."/>
				<integer name="FinalSpeed" value="148"/>
				<string name="Fire" value="Proj_20_G_HEI"/>
				<string name="FireSound" value="Guns\20mm"/>
				<string name="HighExp" value="Proj_20_G_HE"/>
				<boolean name="IgnoreXMLFile" value="false"/>
				<float name="Money" value="0.95"/>
				<boolean name="New" value="true"/>
				<float name="Range" value="4.9"/>
				<float name="ROF" value="120."/>
				<boolean name="SLLauncher" value="false"/>
				<string name="SMU_File" value="Tirpitz_FLAK5_20mm_MG_C30_3V_Stvol"/>
				<integer name="StartSpeed" value="800"/>
				<integer name="Unreliability" value="0"/>
				<string name="Usage" value="Ships"/>
				<float name="Weight" value="0.064"/>
			</object>
			<object name="Tirpitz_FLAK5_20mm_MG_C30_3V_Stvolx">
				<float name="AARange" value="3.7"/>
				<string name="Ammo" value="Proj_20_G"/>
				<integer name="AmmoStorage" value="2000"/>
				<float name="AmmoWeight" value="0.148"/>
				<string name="ArmPiercing" value="Proj_20_G_AP"/>
				<float name="Caliber" value="20."/>
				<integer name="Country" value="5"/>
				<float name="Dispersion" value="14."/>
				<integer name="FinalSpeed" value="148"/>
				<string name="Fire" value="Proj_20_G_HEI"/>
				<string name="FireSound" value="Guns\20mm"/>
				<string name="HighExp" value="Proj_20_G_HE"/>
				<boolean name="IgnoreXMLFile" value="false"/>
				<float name="Money" value="0.95"/>
				<boolean name="New" value="true"/>
				<float name="Range" value="4.9"/>
				<float name="ROF" value="120."/>
				<boolean name="SLLauncher" value="false"/>
				<string name="SMU_File" value="Bismark_FLAK5_20mm_MG_C30_3V_Stvolx"/>
				<integer name="StartSpeed" value="800"/>
				<integer name="Unreliability" value="0"/>
				<string name="Usage" value="Ships"/>
				<float name="Weight" value="0.064"/>
			</object>
			<object name="Tirpitz_FLAK5_20mm_MG_C30_Stvol">
				<float name="AARange" value="3.7"/>
				<string name="Ammo" value="Proj_20_G"/>
				<integer name="AmmoStorage" value="2000"/>
				<float name="AmmoWeight" value="0.148"/>
				<string name="ArmPiercing" value="Proj_20_G_AP"/>
				<float name="Caliber" value="20."/>
				<integer name="Country" value="5"/>
				<float name="Dispersion" value="14."/>
				<integer name="FinalSpeed" value="148"/>
				<string name="Fire" value="Proj_20_G_HEI"/>
				<string name="FireSound" value="Guns\20mm"/>
				<string name="HighExp" value="Proj_20_G_HE"/>
				<boolean name="IgnoreXMLFile" value="false"/>
				<float name="Money" value="0.95"/>
				<boolean name="New" value="true"/>
				<float name="Range" value="4.9"/>
				<float name="ROF" value="120."/>
				<boolean name="SLLauncher" value="false"/>
				<string name="SMU_File" value="Tirpitz_FLAK5_20mm_MG_C30_Stvol"/>
				<integer name="StartSpeed" value="800"/>
				<integer name="Unreliability" value="0"/>
				<string name="Usage" value="Ships"/>
				<float name="Weight" value="0.064"/>
			</object>	  
			<object name="Tirpitz_MG_Stvol_1V">
				<float name="AARange" value="0."/>
				<string name="Ammo" value="Proj_380_G"/>
				<integer name="AmmoStorage" value="130"/>
				<float name="AmmoWeight" value="800"/>
				<string name="ArmPiercing" value="Proj_380_G_AP"/>
				<float name="Caliber" value="380."/>
				<integer name="Country" value="5"/>
				<float name="Dispersion" value="2."/>
				<integer name="FinalSpeed" value="511"/>
				<string name="FireSound" value="Guns\380mm"/>
				<string name="HighExp" value="Proj_380_G_HE"/>
				<boolean name="IgnoreXMLFile" value="false"/>
				<float name="Money" value="9.2"/>
				<boolean name="New" value="true"/>
				<float name="Range" value="36.52"/>
				<float name="ROF" value="3.0"/>
				<boolean name="SLLauncher" value="false"/>
				<string name="SMU_File" value="Tirpitz_MG_Stvol_1V"/>
				<integer name="StartSpeed" value="820"/>
				<integer name="Unreliability" value="0"/>
				<string name="Usage" value="Ships"/>
				<float name="Weight" value="111."/>
			</object>
			<object name="Tirpitz_SK1_150mm_Stvol">
				<float name="AARange" value="0."/>
				<string name="Ammo" value="Proj_150_G"/>
				<integer name="AmmoStorage" value="105"/>
				<float name="AmmoWeight" value="45.3"/>
				<string name="ArmPiercing" value="Proj_150_G_AP"/>
				<float name="Caliber" value="150."/>
				<integer name="Country" value="5"/>
				<float name="Dispersion" value="5."/>
				<integer name="FinalSpeed" value="405"/>
				<string name="FireSound" value="Guns\152mm"/>
				<string name="HighExp" value="Proj_150_G_HE"/>
				<boolean name="IgnoreXMLFile" value="false"/>
				<float name="Money" value="9.2"/>
				<boolean name="New" value="true"/>
				<float name="Range" value="23."/>
				<float name="ROF" value="8."/>
				<boolean name="SLLauncher" value="false"/>
				<string name="SMU_File" value="Tirpitz_SK1_150mm_Stvol"/>
				<integer name="StartSpeed" value="875"/>
				<integer name="Unreliability" value="0"/>
				<string name="Usage" value="Ships"/>
				<float name="Weight" value="9.08"/>
			</object>
		</object>
		<object name="Turrets">
			<object name="Tirpitz_FLAK1_105mm_SK_C33_Turret">
				<integer name="Amount" value="2"/>
				<integer name="ArmorFront" value="25"/>
				<integer name="ArmorSide" value="25"/>
				<integer name="ArmorTop" value="25"/>
				<string name="Building" value="AAGun"/>
				<string name="Content" value="Rifles.Tirpitz_FLAK1_105mm_SK_C33_Stvol"/>
				<integer name="Country" value="5"/>
				<float name="DTimeProd" value="1."/>
				<integer name="Elevation" value="80"/>
				<integer name="ElevationRate" value="10"/>
				<string name="Icon" value="AAGun"/>
				<boolean name="IgnoreXMLFile" value="false"/>
				<float name="Iron" value="27.805"/>
				<float name="Money" value="1."/>
				<boolean name="New" value="true"/>
				<float name="NTimeProd" value="10."/>
				<boolean name="Production" value="false"/>
				<integer name="QualityRate" value="4"/>
				<integer name="RotationRate" value="8"/>
				<string name="SMU_File" value="Tirpitz_FLAK1_105mm_SK_C33_Turret"/>
				<string name="Type" value="Gun"/>
				<float name="Vitality" value="350."/>
				<float name="Weight" value="27.805"/>
			</object>
			<object name="Tirpitz_FLAK2_105mm_SK_C37_Turret">
				<integer name="Amount" value="2"/>
				<integer name="ArmorFront" value="25"/>
				<integer name="ArmorSide" value="25"/>
				<integer name="ArmorTop" value="25"/>
				<string name="Building" value="AAGun"/>
				<string name="Content" value="Rifles.Tirpitz_FLAK1_105mm_SK_C33_Stvol"/>
				<integer name="Country" value="5"/>
				<float name="DTimeProd" value="1."/>
				<integer name="Elevation" value="80"/>
				<integer name="ElevationRate" value="12"/>
				<string name="Icon" value="AAGun"/>
				<boolean name="IgnoreXMLFile" value="false"/>
				<float name="Iron" value="27.55"/>
				<float name="Money" value="1."/>
				<boolean name="New" value="true"/>
				<float name="NTimeProd" value="10."/>
				<boolean name="Production" value="false"/>
				<integer name="QualityRate" value="4"/>
				<integer name="RotationRate" value="8.5"/>
				<string name="SMU_File" value="Tirpitz_FLAK2_105mm_SK_C37_Turret"/>
				<string name="Type" value="Gun"/>
				<float name="Vitality" value="350."/>
				<float name="Weight" value="27.055"/>
			</object>
			<object name="Tirpitz_FLAK3_37mm_SK_C30_Turret">
				<integer name="Amount" value="2"/>
				<integer name="ArmorFront" value="25"/>
				<integer name="ArmorSide" value="0"/>
				<integer name="ArmorTop" value="0"/>
				<string name="Building" value="AAGun"/>
				<string name="Content" value="Rifles.Tirpitz_FLAK3_37mm_SK_C30_Stvol"/>
				<integer name="Country" value="5"/>
				<float name="DTimeProd" value="1."/>
				<integer name="Elevation" value="85"/>
				<integer name="ElevationRate" value="30"/>
				<string name="Icon" value="AAGun"/>
				<boolean name="IgnoreXMLFile" value="false"/>
				<float name="Iron" value="3.67"/>
				<float name="Money" value="1."/>
				<boolean name="New" value="true"/>
				<float name="NTimeProd" value="10."/>
				<boolean name="Production" value="false"/>
				<integer name="QualityRate" value="1"/>
				<integer name="RotationRate" value="40"/>
				<string name="SMU_File" value="Tirpitz_FLAK3_37mm_SK_C30_Turret"/>
				<string name="Type" value="Gun"/>
				<float name="Vitality" value="20."/>
				<float name="Weight" value="3.67"/>
			</object>
			<object name="Tirpitz_FLAK4_20mm_MG_C38Quad_Turret">
				<integer name="Amount" value="4"/>
				<integer name="ArmorFront" value="25"/>
				<integer name="ArmorSide" value="0"/>
				<integer name="ArmorTop" value="0"/>
				<string name="Building" value="AAGun"/>
				<string name="Content" value="Rifles.Tirpitz_FLAK4_20mm_MG_C38Quad_Stvol"/>
				<integer name="Country" value="5"/>
				<float name="DTimeProd" value="1."/>
				<integer name="Elevation" value="90"/>
				<integer name="ElevationRate" value="60"/>
				<string name="Icon" value="AAGun"/>
				<boolean name="IgnoreXMLFile" value="false"/>
				<float name="Iron" value="2.15"/>
				<float name="Money" value="1."/>
				<boolean name="New" value="true"/>
				<float name="NTimeProd" value="10."/>
				<boolean name="Production" value="false"/>
				<integer name="QualityRate" value="1"/>
				<integer name="RotationRate" value="50"/>
				<string name="SMU_File" value="Tirpitz_FLAK4_20mm_MG_C38Quad_Turret"/>
				<string name="Type" value="Gun"/>
				<float name="Vitality" value="20."/>
				<float name="Weight" value="2.15"/>
			</object>
			<object name="Tirpitz_FLAK5_20mm_MG_C30_3V_Turret">
				<integer name="Amount" value="2"/>
				<integer name="ArmorFront" value="25"/>
				<integer name="ArmorSide" value="0"/>
				<integer name="ArmorTop" value="0"/>
				<string name="Building" value="AAGun"/>
				<string name="Content" value="Rifles.Tirpitz_FLAK5_20mm_MG_C30_3V_Stvol"/>
				<integer name="Country" value="5"/>
				<float name="DTimeProd" value="1."/>
				<integer name="Elevation" value="78"/>
				<integer name="ElevationRate" value="60"/>
				<string name="Icon" value="AAGun"/>
				<boolean name="IgnoreXMLFile" value="false"/>
				<float name="Iron" value="0.431"/>
				<float name="Money" value="1."/>
				<boolean name="New" value="true"/>
				<float name="NTimeProd" value="10."/>
				<boolean name="Production" value="false"/>
				<integer name="QualityRate" value="1"/>
				<integer name="RotationRate" value="50"/>
				<string name="SMU_File" value="Tirpitz_FLAK5_20mm_MG_C30_3V_Turret"/>
				<string name="Type" value="Gun"/>
				<float name="Vitality" value="3."/>
				<float name="Weight" value="3.6"/>
			</object>
			<object name="Tirpitz_FLAK5_20mm_MG_C30_Turret">
				<integer name="Amount" value="1"/>
				<integer name="ArmorFront" value="25"/>
				<integer name="ArmorSide" value="0"/>
				<integer name="ArmorTop" value="0"/>
				<string name="Building" value="AAGun"/>
				<string name="Content" value="Rifles.Tirpitz_FLAK5_20mm_MG_C30_Stvol"/>
				<integer name="Country" value="5"/>
				<float name="DTimeProd" value="1."/>
				<integer name="Elevation" value="85"/>
				<integer name="ElevationRate" value="90"/>
				<string name="Icon" value="AAGun"/>
				<boolean name="IgnoreXMLFile" value="false"/>
				<float name="Iron" value="0.431"/>
				<float name="Money" value="1."/>
				<boolean name="New" value="true"/>
				<float name="NTimeProd" value="10."/>
				<boolean name="Production" value="false"/>
				<integer name="QualityRate" value="1"/>
				<integer name="RotationRate" value="50"/>
				<string name="SMU_File" value="Tirpitz_FLAK5_20mm_MG_C30_Turret"/>
				<string name="Type" value="Gun"/>
				<float name="Vitality" value="3."/>
				<float name="Weight" value="0.420"/>
			</object>
			<object name="Tirpitz_MG_Turret_1V">
				<integer name="Amount" value="2"/>
				<integer name="ArmorFront" value="360"/>
				<integer name="ArmorSide" value="220"/>
				<integer name="ArmorTop" value="170"/>
				<string name="Building" value="Artillery"/>
				<string name="Content" value="Rifles.Tirpitz_MG_Stvol_1V"/>
				<integer name="Country" value="5"/>
				<float name="DTimeProd" value="45."/>
				<integer name="Elevation" value="30"/>
				<integer name="ElevationRate" value="6"/>
				<string name="Icon" value="Artillery"/>
				<boolean name="IgnoreXMLFile" value="false"/>
				<float name="Iron" value="1052."/>
				<float name="Money" value="700."/>
				<boolean name="New" value="true"/>
				<float name="NTimeProd" value="120."/>
				<boolean name="Production" value="false"/>
				<integer name="QualityRate" value="6"/>
				<integer name="RotationRate" value="5"/>
				<string name="SMU_File" value="Tirpitz_MG_Turret_1V"/>
				<string name="Type" value="Gun"/>
				<float name="Vitality" value="750."/>
				<float name="Weight" value="1052."/>
			</object>
			<object name="Tirpitz_Projector_Turret">
				<integer name="Amount" value="1"/>
				<integer name="ArmorFront" value="0"/>
				<integer name="ArmorSide" value="0"/>
				<integer name="ArmorTop" value="0"/>
				<string name="Content" value="Probes.Tirpitz_Projector_Lamp"/>
				<integer name="Country" value="5"/>
				<integer name="Elevation" value="0"/>
				<integer name="ElevationRate" value="0"/>
				<boolean name="IgnoreXMLFile" value="false"/>
				<float name="Iron" value="0.8"/>
				<float name="Money" value="1."/>
				<boolean name="New" value="true"/>
				<boolean name="Production" value="false"/>
				<integer name="RotationRate" value="15"/>
				<string name="SMU_File" value="Tirpitz_Projector_Turret"/>
				<string name="Type" value="Radar"/>
				<float name="Vitality" value="2."/>
				<float name="Weight" value="0.8"/>
			</object>
			<object name="Tirpitz_Radar_FuMO_23_1V">
				<integer name="Amount" value="1"/>
				<integer name="ArmorFront" value="0"/>
				<integer name="ArmorSide" value="0"/>
				<integer name="ArmorTop" value="0"/>
				<string name="Content" value="Probes.Pr_Bismark_Radar_FuMO_23_1V"/>
				<integer name="Country" value="5"/>
				<integer name="Elevation" value="0"/>
				<integer name="ElevationRate" value="0"/>
				<boolean name="IgnoreXMLFile" value="false"/>
				<float name="Iron" value="0.5"/>
				<float name="Money" value="11."/>
				<boolean name="New" value="true"/>
				<boolean name="Production" value="false"/>
				<integer name="RotationRate" value="5"/>
				<string name="SMU_File" value="Tirpitz_Radar_FuMO_23_1V"/>
				<string name="Type" value="Radar"/>
				<float name="Vitality" value="30."/>
				<float name="Weight" value="0.5"/>
			</object>
			<object name="Tirpitz_Radar_FuMO_23_2V">
				<integer name="Amount" value="1"/>
				<integer name="ArmorFront" value="0"/>
				<integer name="ArmorSide" value="0"/>
				<integer name="ArmorTop" value="0"/>
				<string name="Content" value="Probes.Pr_Bismark_Radar_FuMO_23_2V"/>
				<integer name="Country" value="5"/>
				<integer name="Elevation" value="0"/>
				<integer name="ElevationRate" value="0"/>
				<boolean name="IgnoreXMLFile" value="false"/>
				<float name="Iron" value="0.5"/>
				<float name="Money" value="11."/>
				<boolean name="New" value="true"/>
				<boolean name="Production" value="false"/>
				<integer name="RotationRate" value="5"/>
				<string name="SMU_File" value="Tirpitz_Radar_FuMO_23_2V"/>
				<string name="Type" value="Radar"/>
				<float name="Vitality" value="30."/>
				<float name="Weight" value="0.5"/>
			</object>
			<object name="Tirpitz_Radar_FuMO_23_3V">
				<integer name="Amount" value="1"/>
				<integer name="ArmorFront" value="0"/>
				<integer name="ArmorSide" value="0"/>
				<integer name="ArmorTop" value="0"/>
				<string name="Content" value="Probes.Pr_Bismark_Radar_FuMO_23_3V"/>
				<integer name="Country" value="5"/>
				<integer name="Elevation" value="0"/>
				<integer name="ElevationRate" value="0"/>
				<boolean name="IgnoreXMLFile" value="false"/>
				<float name="Iron" value="0.5"/>
				<float name="Money" value="11."/>
				<boolean name="New" value="true"/>
				<boolean name="Production" value="false"/>
				<integer name="RotationRate" value="5"/>
				<string name="SMU_File" value="Tirpitz_Radar_FuMO_23_3V"/>
				<string name="Type" value="Radar"/>
				<float name="Vitality" value="30."/>
				<float name="Weight" value="0.5"/>
			</object>
			<object name="Tirpitz_Radar_FuMO_27_1V">
				<integer name="Amount" value="1"/>
				<integer name="ArmorFront" value="0"/>
				<integer name="ArmorSide" value="0"/>
				<integer name="ArmorTop" value="0"/>
				<string name="Content" value="Probes.Pr_Tirpitz_Radar_FuMO_27_1V"/>
				<integer name="Country" value="5"/>
				<integer name="Elevation" value="0"/>
				<integer name="ElevationRate" value="0"/>
				<boolean name="IgnoreXMLFile" value="false"/>
				<float name="Iron" value="0.5"/>
				<float name="Money" value="11."/>
				<boolean name="New" value="true"/>
				<boolean name="Production" value="false"/>
				<integer name="RotationRate" value="5"/>
				<string name="SMU_File" value="Tirpitz_Radar_FuMO_27_1V"/>
				<string name="Type" value="Radar"/>
				<float name="Vitality" value="30."/>
				<float name="Weight" value="0.5"/>
			</object>
			<object name="Tirpitz_Radar_FuMO213">
				<integer name="Amount" value="1"/>
				<integer name="ArmorFront" value="0"/>
				<integer name="ArmorSide" value="0"/>
				<integer name="ArmorTop" value="0"/>
				<string name="Content" value="Probes.Pr_Radar_FuMO213"/>
				<integer name="Country" value="5"/>
				<integer name="Elevation" value="0"/>
				<integer name="ElevationRate" value="0"/>
				<boolean name="IgnoreXMLFile" value="false"/>
				<float name="Iron" value="0.5"/>
				<float name="Money" value="11."/>
				<boolean name="New" value="true"/>
				<boolean name="Production" value="false"/>
				<integer name="RotationRate" value="5"/>
				<string name="SMU_File" value="Tirpitz_Radar_FuMO_23_1V"/>
				<string name="Type" value="Radar"/>
				<float name="Vitality" value="30."/>
				<float name="Weight" value="0.5"/>
			</object>
			<object name="Tirpitz_Radar_FuMOFX">
				<integer name="Amount" value="1"/>
				<integer name="ArmorFront" value="0"/>
				<integer name="ArmorSide" value="0"/>
				<integer name="ArmorTop" value="0"/>
				<string name="Content" value="Probes.Pr_Radar_FuMOFX"/>
				<integer name="Country" value="5"/>
				<integer name="Elevation" value="0"/>
				<integer name="ElevationRate" value="0"/>
				<boolean name="IgnoreXMLFile" value="false"/>
				<float name="Iron" value="0.5"/>
				<float name="Money" value="11."/>
				<boolean name="New" value="true"/>
				<boolean name="Production" value="false"/>
				<integer name="RotationRate" value="5"/>
				<string name="SMU_File" value="Tirpitz_Rangefinder4mTypeSL_8V"/>
				<string name="Type" value="Radar"/>
				<float name="Vitality" value="30."/>
				<float name="Weight" value="0.5"/>
			</object>
			<object name="Tirpitz_Rangefinder3m">
				<integer name="Amount" value="1"/>
				<integer name="ArmorFront" value="0"/>
				<integer name="ArmorSide" value="0"/>
				<integer name="ArmorTop" value="0"/>
				<string name="Content" value="Probes.Pr_Bismark_Rangefinder3m"/>
				<integer name="Country" value="5"/>
				<integer name="Elevation" value="0"/>
				<integer name="ElevationRate" value="0"/>
				<boolean name="IgnoreXMLFile" value="false"/>
				<float name="Iron" value="0.5"/>
				<float name="Money" value="10."/>
				<boolean name="New" value="true"/>
				<boolean name="Production" value="false"/>
				<integer name="RotationRate" value="15"/>
				<string name="SMU_File" value="Tirpitz_Rangefinder3m"/>
				<string name="Type" value="Radar"/>
				<float name="Vitality" value="30."/>
				<float name="Weight" value="0.5"/>
			</object>
			<object name="Tirpitz_Rangefinder4m2V">
				<integer name="Amount" value="1"/>
				<integer name="ArmorFront" value="0"/>
				<integer name="ArmorSide" value="0"/>
				<integer name="ArmorTop" value="0"/>
				<string name="Content" value="Probes.Pr_Bismark_Rangefinder4m2V"/>
				<integer name="Country" value="5"/>
				<integer name="Elevation" value="0"/>
				<integer name="ElevationRate" value="0"/>
				<boolean name="IgnoreXMLFile" value="false"/>
				<float name="Iron" value="0.5"/>
				<float name="Money" value="10."/>
				<boolean name="New" value="true"/>
				<boolean name="Production" value="false"/>
				<integer name="RotationRate" value="15"/>
				<string name="SMU_File" value="Tirpitz_Rangefinder4m2V"/>
				<string name="Type" value="Radar"/>
				<float name="Vitality" value="30."/>
				<float name="Weight" value="0.5"/>
			</object>
			<object name="Tirpitz_Rangefinder4mTypeSL_8V">
				<integer name="Amount" value="1"/>
				<integer name="ArmorFront" value="0"/>
				<integer name="ArmorSide" value="0"/>
				<integer name="ArmorTop" value="0"/>
				<string name="Content" value="Probes.Pr_Bismark_Rangefinder4mTypeSL_8V"/>
				<integer name="Country" value="5"/>
				<integer name="Elevation" value="0"/>
				<integer name="ElevationRate" value="0"/>
				<boolean name="IgnoreXMLFile" value="false"/>
				<float name="Iron" value="0.5"/>
				<float name="Money" value="10."/>
				<boolean name="New" value="true"/>
				<boolean name="Production" value="false"/>
				<integer name="RotationRate" value="15"/>
				<string name="SMU_File" value="Tirpitz_Rangefinder4mTypeSL_8V"/>
				<string name="Type" value="Radar"/>
				<float name="Vitality" value="30."/>
				<float name="Weight" value="0.5"/>
			</object>
			<object name="Tirpitz_RangefinderSmall">
				<integer name="Amount" value="1"/>
				<integer name="ArmorFront" value="0"/>
				<integer name="ArmorSide" value="0"/>
				<integer name="ArmorTop" value="0"/>
				<string name="Content" value="Probes.Pr_Bismark_RangefinderSmall"/>
				<integer name="Country" value="5"/>
				<integer name="Elevation" value="0"/>
				<integer name="ElevationRate" value="0"/>
				<boolean name="IgnoreXMLFile" value="false"/>
				<float name="Iron" value="0.5"/>
				<float name="Money" value="10."/>
				<boolean name="New" value="true"/>
				<boolean name="Production" value="false"/>
				<integer name="RotationRate" value="15"/>
				<string name="SMU_File" value="Tirpitz_RangefinderSmall"/>
				<string name="Type" value="Radar"/>
				<float name="Vitality" value="30."/>
				<float name="Weight" value="0.5"/>
			</object>
			<object name="Tirpitz_SK1_150mm_Turret">
				<integer name="Amount" value="2"/>
				<integer name="ArmorFront" value="100"/>
				<integer name="ArmorSide" value="80"/>
				<integer name="ArmorTop" value="40"/>
				<string name="Building" value="Artillery"/>
				<string name="Content" value="Rifles.Tirpitz_SK1_150mm_Stvol"/>
				<integer name="Country" value="5"/>
				<float name="DTimeProd" value="10."/>
				<integer name="Elevation" value="40"/>
				<integer name="ElevationRate" value="8"/>
				<string name="Icon" value="Artillery"/>
				<boolean name="IgnoreXMLFile" value="false"/>
				<float name="Iron" value="116.25"/>
				<float name="Money" value="6.5"/>
				<boolean name="New" value="true"/>
				<float name="NTimeProd" value="30."/>
				<boolean name="Production" value="false"/>
				<integer name="QualityRate" value="4"/>
				<integer name="RotationRate" value="9"/>
				<string name="SMU_File" value="Tirpitz_SK1_150mm_Turret"/>
				<string name="Type" value="Gun"/>
				<float name="Vitality" value="750."/>
				<float name="Weight" value="116.25"/>
			</object>
			<object name="Tirpitz_SK2_150mm_Turret">
				<integer name="Amount" value="2"/>
				<integer name="ArmorFront" value="100"/>
				<integer name="ArmorSide" value="80"/>
				<integer name="ArmorTop" value="40"/>
				<string name="Building" value="Artillery"/>
				<string name="Content" value="Rifles.Tirpitz_SK1_150mm_Stvol"/>
				<integer name="Country" value="5"/>
				<float name="DTimeProd" value="10."/>
				<integer name="Elevation" value="40"/>
				<integer name="ElevationRate" value="8"/>
				<string name="Icon" value="Artillery"/>
				<boolean name="IgnoreXMLFile" value="false"/>
				<float name="Iron" value="116.25"/>
				<float name="Money" value="6.5"/>
				<boolean name="New" value="true"/>
				<float name="NTimeProd" value="30."/>
				<boolean name="Production" value="false"/>
				<integer name="QualityRate" value="4"/>
				<integer name="RotationRate" value="9"/>
				<string name="SMU_File" value="Tirpitz_SK2_150mm_Turret"/>
				<string name="Type" value="Gun"/>
				<float name="Vitality" value="750."/>
				<float name="Weight" value="110.00"/>
			</object>
		</object>
	</object>
</root>
