﻿<?xml version="1.0" standalone="yes" ?>
<root>
	<object name="Modifications">
		<object name="SubUnits">
			<object name="Tirpitz_FLAK1_105mm_SK_C33_Turret">
				<object name="TPort_0">
					<string name="Device" value="Tirpitz_FLAK1_105mm_SK_C33_Stvol"/>
					<string name="Table" value="Rifles"/>
				</object>
				<object name="TPort_1">
					<string name="Device" value="Tirpitz_FLAK1_105mm_SK_C33_Stvolx"/>
					<string name="Table" value="Rifles"/>
				</object>
			</object>
			<object name="Tirpitz_FLAK3_37mm_SK_C30_Turret">
				<object name="TPort_0">
					<string name="Device" value="Tirpitz_FLAK3_37mm_SK_C30_Stvol"/>
					<string name="Table" value="Rifles"/>
				</object>
				<object name="TPort_1">
					<string name="Device" value="Tirpitz_FLAK3_37mm_SK_C30_Stvolx"/>
					<string name="Table" value="Rifles"/>
				</object>
			</object>
			<object name="Tirpitz_FLAK2_105mm_SK_C37_Turret">
				<object name="TPort_0">
					<string name="Device" value="Tirpitz_FLAK1_105mm_SK_C33_Stvol"/>
					<string name="Table" value="Rifles"/>
				</object>
				<object name="TPort_1">
					<string name="Device" value="Tirpitz_FLAK1_105mm_SK_C33_Stvolx"/>
					<string name="Table" value="Rifles"/>
				</object>
			</object>
			<object name="Tirpitz_SK1_150mm_Turret">
				<object name="TPort_0">
					<string name="Device" value="Tirpitz_SK1_150mm_Stvol"/>
					<string name="Table" value="Rifles"/>
				</object>
				<object name="TPort_1">
					<string name="Device" value="Tirpitz_SK1_150mm_Stvol"/>
					<string name="Table" value="Rifles"/>
				</object>
			</object>
			<object name="Tirpitz_SK2_150mm_Turret">
				<object name="TPort_0">
					<string name="Device" value="Tirpitz_SK1_150mm_Stvol"/>
					<string name="Table" value="Rifles"/>
				</object>
				<object name="TPort_1">
					<string name="Device" value="Tirpitz_SK1_150mm_Stvol"/>
					<string name="Table" value="Rifles"/>
				</object>
			</object>
			<object name="Tirpitz_FLAK4_20mm_MG_C38Quad_Turret">
				<object name="TPort_0">
					<string name="Device" value="Tirpitz_FLAK4_20mm_MG_C38Quad_Stvol"/>
					<string name="Table" value="Rifles"/>
				</object>
				<object name="TPort_1">
					<string name="Device" value="Bismark_FLAK4_20mm_MG_C38Quad_Stvolx"/>
					<string name="Table" value="Rifles"/>
				</object>
				<object name="TPort_2">
					<string name="Device" value="Bismark_FLAK4_20mm_MG_C38Quad_Stvolx"/>
					<string name="Table" value="Rifles"/>
				</object>
				<object name="TPort_3">
					<string name="Device" value="Bismark_FLAK4_20mm_MG_C38Quad_Stvolx"/>
					<string name="Table" value="Rifles"/>
				</object>
			</object>
			<object name="Tirpitz_FLAK5_20mm_MG_C30_3V_Turret">
				<object name="TPort_0">
					<string name="Device" value="Tirpitz_FLAK5_20mm_MG_C30_3V_Stvol"/>
					<string name="Table" value="Rifles"/>
				</object>
				<object name="TPort_1">
					<string name="Device" value="Bismark_FLAK5_20mm_MG_C30_3V_Stvolx"/>
					<string name="Table" value="Rifles"/>
				</object>
			</object>
			<object name="Tirpitz_FLAK5_20mm_MG_C30_Turret">
				<object name="TPort_0">
					<string name="Device" value="Tirpitz_FLAK5_20mm_MG_C30_Stvol"/>
					<string name="Table" value="Rifles"/>
				</object>
			</object>
			<object name="Tirpitz_FLAK5_20mm_MG_C30_Turret_2V">
				<object name="TPort_0">
					<string name="Device" value="Tirpitz_FLAK5_20mm_MG_C30_Stvol"/>
					<string name="Table" value="Rifles"/>
				</object>
			</object>
		<object name="Tirpitz_Projector_Turret">
				<object name="TPort_0">
					<string name="Device" value="Tirpitz_Projector_Lamp"/>
					<string name="Table" value="Probes"/>
				</object>
			</object> 
			<object name="Tirpitz_Radar_FuMO_23_1V"/>
			<object name="Tirpitz_Radar_FuMO_23_2V"/>
			<object name="Tirpitz_Radar_FuMO_23_3V"/>
			<object name="Tirpitz_Radar_FuMO_27_1V"/>
			<object name="Tirpitz_Rangefinder4mTypeSL_8V"/>
			<object name="Tirpitz_RangefinderSmall"/>
			<object name="Tirpitz_Rangefinder3m"/>
			<object name="Tirpitz_Rangefinder4m2V"/>
			<object name="Tirpitz_Radar_FuMO213"/>
			<object name="Tirpitz_Radar_FuMOFX"/>
		</object>
	</object>
</root>
