﻿<?xml version="1.0" standalone="yes" ?>
<root>
	<object name="SteelMonstersParams">
		<object name="Hit_Location">
			<object name="5612">
				<integer name="Country" value="4"/>
				<float name="ER" value="200."/>
				<string name="Hull" value="DeReutar_Barbet"/>
				<string name="Name" value="Barbet1"/>
				<float name="Param_1" value="0."/>
				<string name="TypHL" value="AmmoStore"/>
				<string name="UnitName" value="DeReutar"/>
			</object>
			<object name="5613">
				<integer name="Country" value="4"/>
				<float name="ER" value="200."/>
				<string name="Hull" value="DeReutar_Barbet"/>
				<string name="Name" value="Barbet2"/>
				<float name="Param_1" value="0."/>
				<string name="TypHL" value="AmmoStore"/>
				<string name="UnitName" value="DeReutar"/>
			</object>
			<object name="5614">
				<integer name="Country" value="4"/>
				<float name="ER" value="100."/>
				<string name="Hull" value="Std_SmokeStack"/>
				<string name="Name" value="SmokeStack"/>
				<string name="TypHL" value="Hull"/>
				<string name="UnitName" value="DeReutar"/>
			</object>
			<object name="5615">
				<integer name="Country" value="4"/>
				<float name="ER" value="200."/>
				<string name="Hull" value="DeReutar_BattleCabine"/>
				<string name="Name" value="BattleCabine"/>
				<string name="TypHL" value="Hull"/>
				<string name="UnitName" value="DeReutar"/>
			</object>
			<object name="5616">
				<integer name="Country" value="4"/>
				<float name="ER" value="50."/>
				<string name="Hull" value="Std_Radar"/>
				<string name="Name" value="Radar"/>
				<string name="TypHL" value="Probe"/>
				<string name="UnitName" value="DeReutar"/>
			</object>
			<object name="5617">
				<integer name="Country" value="4"/>
				<float name="ER" value="50."/>
				<string name="Hull" value="Std_Probe"/>
				<string name="Name" value="Radio"/>
				<string name="TypHL" value="Probe"/>
				<string name="UnitName" value="DeReutar"/>
			</object>
			<object name="5618">
				<integer name="Country" value="4"/>
				<integer name="Crew" value="60"/>
				<float name="ER" value="150."/>
				<string name="Hull" value="Std_CLUpperHull"/>
				<string name="Name" value="Middle_Superstructure1"/>
				<string name="TypHL" value="Crew"/>
				<string name="UnitName" value="DeReutar"/>
			</object>
			<object name="5619">
				<integer name="Country" value="4"/>
				<integer name="Crew" value="60"/>
				<float name="ER" value="150."/>
				<string name="Hull" value="Std_CLUpperHull"/>
				<string name="Name" value="Middle_Superstructure3"/>
				<string name="TypHL" value="Crew"/>
				<string name="UnitName" value="DeReutar"/>
			</object>
			<object name="5620">
				<integer name="Country" value="4"/>
				<integer name="Crew" value="60"/>
				<float name="ER" value="150."/>
				<string name="Hull" value="Std_CLUpperHull"/>
				<string name="Name" value="Middle_Superstructure5"/>
				<string name="TypHL" value="Crew"/>
				<string name="UnitName" value="DeReutar"/>
			</object>
			<object name="5621">
				<integer name="Country" value="4"/>
				<float name="ER" value="50."/>
				<string name="Hull" value="Std_Probe"/>
				<string name="Name" value="Bow_Probe_AA"/>
				<string name="TypHL" value="Probe"/>
				<string name="UnitName" value="DeReutar"/>
			</object>
			<object name="5622">
				<integer name="Country" value="4"/>
				<integer name="Crew" value="60"/>
				<float name="ER" value="150."/>
				<string name="Hull" value="Std_CLUpperHull"/>
				<string name="Name" value="Bow_Superstructure1"/>
				<string name="TypHL" value="Crew"/>
				<string name="UnitName" value="DeReutar"/>
			</object>
			<object name="5623">
				<integer name="Country" value="4"/>
				<integer name="Crew" value="60"/>
				<float name="ER" value="150."/>
				<string name="Hull" value="Std_CLUpperHull"/>
				<string name="Name" value="Middle_Superstructure2"/>
				<string name="TypHL" value="Crew"/>
				<string name="UnitName" value="DeReutar"/>
			</object>
			<object name="5624">
				<integer name="Country" value="4"/>
				<integer name="Crew" value="60"/>
				<float name="ER" value="150."/>
				<string name="Hull" value="Std_CLUpperHull"/>
				<string name="Name" value="Middle_Superstructure6"/>
				<string name="TypHL" value="Crew"/>
				<string name="UnitName" value="DeReutar"/>
			</object>
			<object name="5625">
				<string name="ConnectName" value="Tiller"/>
				<integer name="Country" value="4"/>
				<float name="ER" value="150."/>
				<string name="Hull" value="Std_Rudder"/>
				<string name="Name" value="Rudder"/>
				<string name="TypHL" value="Rudder"/>
				<string name="UnitName" value="DeReutar"/>
			</object>
			<object name="5626">
				<string name="ConnectName" value="LEngine"/>
				<integer name="Country" value="4"/>
				<float name="ER" value="150."/>
				<string name="Hull" value="Std_Mover"/>
				<string name="Name" value="Mover1"/>
				<string name="TypHL" value="Mover"/>
				<string name="UnitName" value="DeReutar"/>
			</object>
			<object name="5627">
				<string name="ConnectName" value="REngine"/>
				<integer name="Country" value="4"/>
				<float name="ER" value="150."/>
				<string name="Hull" value="Std_Mover"/>
				<string name="Name" value="Mover2"/>
				<string name="TypHL" value="Mover"/>
				<string name="UnitName" value="DeReutar"/>
			</object>
			<object name="5628">
				<integer name="Country" value="4"/>
				<float name="ER" value="50."/>
				<string name="Hull" value="Std_Probe"/>
				<string name="Name" value="Stern_ProbeAA"/>
				<string name="TypHL" value="Probe"/>
				<string name="UnitName" value="DeReutar"/>
			</object>
			<object name="5629">
				<integer name="Country" value="4"/>
				<float name="ER" value="200."/>
				<string name="Hull" value="DeReutar_MiddleDeck"/>
				<string name="Name" value="Bow2_MiddleDeck"/>
				<string name="TypHL" value="Hull"/>
				<string name="UnitName" value="DeReutar"/>
			</object>
			<object name="5630">
				<integer name="Country" value="4"/>
				<float name="ER" value="200."/>
				<string name="Hull" value="DeReutar_AmmoStore"/>
				<string name="Name" value="AmmoStore2"/>
				<float name="Param_1" value="0."/>
				<string name="TypHL" value="AmmoStore"/>
				<string name="UnitName" value="DeReutar"/>
			</object>
			<object name="5631">
				<integer name="Country" value="4"/>
				<float name="ER" value="200."/>
				<string name="Hull" value="DeReutar_AmmoStore"/>
				<string name="Name" value="AmmoStore1"/>
				<string name="TypHL" value="AmmoStore"/>
				<string name="UnitName" value="DeReutar"/>
			</object>
			<object name="5632">
				<integer name="Country" value="4"/>
				<float name="ER" value="150."/>
				<string name="Hull" value="DeReutar_UpperDeck"/>
				<string name="Name" value="Bow2_UpperDeck"/>
				<string name="TypHL" value="Hull"/>
				<string name="UnitName" value="DeReutar"/>
			</object>
			<object name="5633">
				<integer name="Country" value="4"/>
				<float name="ER" value="200."/>
				<string name="Hull" value="DeReutar_LowerDeck"/>
				<string name="Name" value="Bow2_LowerDeck"/>
				<string name="TypHL" value="Hull"/>
				<string name="UnitName" value="DeReutar"/>
			</object>
			<object name="5634">
				<integer name="Country" value="4"/>
				<float name="ER" value="150."/>
				<string name="Hull" value="DeReutar_Bottom"/>
				<string name="Name" value="Bow2_Bottom"/>
				<string name="TypHL" value="Hull"/>
				<string name="UnitName" value="DeReutar"/>
			</object>
			<object name="5635">
				<integer name="Country" value="4"/>
				<float name="ER" value="200."/>
				<string name="Hull" value="DeReutar_LBowBelt"/>
				<string name="Name" value="Bow2_LBelt"/>
				<string name="TypHL" value="Hull"/>
				<string name="UnitName" value="DeReutar"/>
			</object>
			<object name="5636">
				<integer name="Country" value="4"/>
				<float name="ER" value="200."/>
				<string name="Hull" value="DeReutar_RBowBelt"/>
				<string name="Name" value="Bow2_RBelt"/>
				<string name="TypHL" value="Hull"/>
				<string name="UnitName" value="DeReutar"/>
			</object>
			<object name="5637">
				<integer name="Country" value="4"/>
				<float name="ER" value="200."/>
				<string name="Hull" value="DeReutar_RAMP"/>
				<string name="Name" value="Bow2_RAMP"/>
				<string name="TypHL" value="Hull"/>
				<string name="UnitName" value="DeReutar"/>
			</object>
			<object name="5638">
				<integer name="Country" value="4"/>
				<float name="ER" value="200."/>
				<string name="Hull" value="DeReutar_LAMP"/>
				<string name="Name" value="Bow2_LAMP"/>
				<string name="TypHL" value="Hull"/>
				<string name="UnitName" value="DeReutar"/>
			</object>
			<object name="5639">
				<integer name="Country" value="4"/>
				<float name="ER" value="200."/>
				<string name="Hull" value="DeReutar_MiddleDeck"/>
				<string name="Name" value="Middle1_MiddleDeck"/>
				<string name="TypHL" value="Hull"/>
				<string name="UnitName" value="DeReutar"/>
			</object>
			<object name="5640">
				<integer name="Country" value="4"/>
				<float name="ER" value="50."/>
				<string name="Hull" value="Std_Probe"/>
				<string name="Name" value="Probe_MG"/>
				<string name="TypHL" value="Probe"/>
				<string name="UnitName" value="DeReutar"/>
			</object>
			<object name="5641">
				<integer name="Country" value="4"/>
				<float name="ER" value="200."/>
				<string name="Hull" value="DeReutar_LBelt"/>
				<string name="Name" value="Middle1_LBelt"/>
				<string name="TypHL" value="Hull"/>
				<string name="UnitName" value="DeReutar"/>
			</object>
			<object name="5642">
				<integer name="Country" value="4"/>
				<float name="ER" value="200."/>
				<string name="Hull" value="DeReutar_RBelt"/>
				<string name="Name" value="Middle1_RBelt"/>
				<string name="TypHL" value="Hull"/>
				<string name="UnitName" value="DeReutar"/>
			</object>
			<object name="5643">
				<integer name="Country" value="4"/>
				<float name="ER" value="150."/>
				<string name="Hull" value="DeReutar_Bottom"/>
				<string name="Name" value="Middle1_LBottom"/>
				<string name="TypHL" value="FuelTank"/>
				<string name="UnitName" value="DeReutar"/>
			</object>
			<object name="5644">
				<integer name="Country" value="4"/>
				<float name="ER" value="150."/>
				<string name="Hull" value="DeReutar_Bottom"/>
				<string name="Name" value="Middle1_RBottom"/>
				<string name="TypHL" value="FuelTank"/>
				<string name="UnitName" value="DeReutar"/>
			</object>
			<object name="5645">
				<integer name="Country" value="4"/>
				<float name="ER" value="200."/>
				<string name="Hull" value="DeReutar_LAMP"/>
				<string name="Name" value="Middle1_LAMP"/>
				<string name="TypHL" value="Hull"/>
				<string name="UnitName" value="DeReutar"/>
			</object>
			<object name="5646">
				<integer name="Country" value="4"/>
				<float name="ER" value="200."/>
				<string name="Hull" value="DeReutar_RAMP"/>
				<string name="Name" value="Middle1_RAMP"/>
				<string name="TypHL" value="Hull"/>
				<string name="UnitName" value="DeReutar"/>
			</object>
			<object name="5647">
				<integer name="Country" value="4"/>
				<float name="ER" value="200."/>
				<string name="Hull" value="DeReutar_LowerDeck"/>
				<string name="Name" value="Middle1_LowerDeck"/>
				<string name="TypHL" value="Hull"/>
				<string name="UnitName" value="DeReutar"/>
			</object>
			<object name="5648">
				<integer name="Country" value="4"/>
				<float name="ER" value="150."/>
				<string name="Hull" value="DeReutar_UpperDeck"/>
				<string name="Name" value="Middle1_UpperDeck"/>
				<string name="TypHL" value="Hull"/>
				<string name="UnitName" value="DeReutar"/>
			</object>
			<object name="5649">
				<integer name="Country" value="4"/>
				<float name="ER" value="200."/>
				<string name="Hull" value="DeReutar_LowerDeck"/>
				<string name="Name" value="Middle2_LowerDeck"/>
				<string name="TypHL" value="Hull"/>
				<string name="UnitName" value="DeReutar"/>
			</object>
			<object name="5650">
				<integer name="Country" value="4"/>
				<float name="ER" value="100."/>
				<string name="Hull" value="Std_Boiler"/>
				<string name="Name" value="Boiler1"/>
				<string name="TypHL" value="Boiler"/>
				<string name="UnitName" value="DeReutar"/>
			</object>
			<object name="5651">
				<integer name="Country" value="4"/>
				<float name="ER" value="100."/>
				<string name="Hull" value="Std_Boiler"/>
				<string name="Name" value="Boiler2"/>
				<string name="TypHL" value="Boiler"/>
				<string name="UnitName" value="DeReutar"/>
			</object>
			<object name="5652">
				<integer name="Country" value="4"/>
				<float name="ER" value="150."/>
				<string name="Hull" value="DeReutar_Bottom"/>
				<string name="Name" value="Middle2_LBottom"/>
				<string name="TypHL" value="FuelTank"/>
				<string name="UnitName" value="DeReutar"/>
			</object>
			<object name="5653">
				<integer name="Country" value="4"/>
				<float name="ER" value="150."/>
				<string name="Hull" value="DeReutar_Bottom"/>
				<string name="Name" value="MIddle2_RBottom"/>
				<string name="TypHL" value="FuelTank"/>
				<string name="UnitName" value="DeReutar"/>
			</object>
			<object name="5654">
				<integer name="Country" value="4"/>
				<float name="ER" value="200."/>
				<string name="Hull" value="DeReutar_RAMP"/>
				<string name="Name" value="Middle2_RAMP"/>
				<string name="TypHL" value="Hull"/>
				<string name="UnitName" value="DeReutar"/>
			</object>
			<object name="5655">
				<integer name="Country" value="4"/>
				<float name="ER" value="200."/>
				<string name="Hull" value="DeReutar_LAMP"/>
				<string name="Name" value="Middle2_LAMP"/>
				<string name="TypHL" value="Hull"/>
				<string name="UnitName" value="DeReutar"/>
			</object>
			<object name="5656">
				<integer name="Country" value="4"/>
				<float name="ER" value="200."/>
				<string name="Hull" value="DeReutar_RBelt"/>
				<string name="Name" value="Middle2_RBelt"/>
				<string name="TypHL" value="Hull"/>
				<string name="UnitName" value="DeReutar"/>
			</object>
			<object name="5657">
				<integer name="Country" value="4"/>
				<float name="ER" value="200."/>
				<string name="Hull" value="DeReutar_LBelt"/>
				<string name="Name" value="Middle2_LBelt"/>
				<string name="TypHL" value="Hull"/>
				<string name="UnitName" value="DeReutar"/>
			</object>
			<object name="5658">
				<integer name="Country" value="4"/>
				<float name="ER" value="150."/>
				<string name="Hull" value="DeReutar_UpperDeck"/>
				<string name="Name" value="Middle2_UpperDeck"/>
				<string name="TypHL" value="Hull"/>
				<string name="UnitName" value="DeReutar"/>
			</object>
			<object name="5659">
				<integer name="Country" value="4"/>
				<float name="ER" value="150."/>
				<string name="Hull" value="DeReutar_Bottom"/>
				<string name="Name" value="Middle3_RBottom"/>
				<string name="TypHL" value="FuelTank"/>
				<string name="UnitName" value="DeReutar"/>
			</object>
			<object name="5660">
				<integer name="Country" value="4"/>
				<float name="ER" value="200."/>
				<string name="Hull" value="DeReutar_LowerDeck"/>
				<string name="Name" value="Middle3_LowerDeck"/>
				<string name="TypHL" value="Hull"/>
				<string name="UnitName" value="DeReutar"/>
			</object>
			<object name="5661">
				<integer name="Country" value="4"/>
				<float name="ER" value="100."/>
				<string name="Hull" value="Std_Boiler"/>
				<string name="Name" value="Boiler3"/>
				<string name="TypHL" value="Boiler"/>
				<string name="UnitName" value="DeReutar"/>
			</object>
			<object name="5662">
				<integer name="Country" value="4"/>
				<float name="ER" value="100."/>
				<string name="Hull" value="Std_Boiler"/>
				<string name="Name" value="Boiler4"/>
				<string name="TypHL" value="Boiler"/>
				<string name="UnitName" value="DeReutar"/>
			</object>
			<object name="5663">
				<integer name="Country" value="4"/>
				<float name="ER" value="150."/>
				<string name="Hull" value="DeReutar_Bottom"/>
				<string name="Name" value="Middle3_LBottom"/>
				<string name="TypHL" value="FuelTank"/>
				<string name="UnitName" value="DeReutar"/>
			</object>
			<object name="5664">
				<integer name="Country" value="4"/>
				<float name="ER" value="200."/>
				<string name="Hull" value="DeReutar_LBelt"/>
				<string name="Name" value="Middle3_LBelt"/>
				<string name="TypHL" value="Hull"/>
				<string name="UnitName" value="DeReutar"/>
			</object>
			<object name="5665">
				<integer name="Country" value="4"/>
				<float name="ER" value="200."/>
				<string name="Hull" value="DeReutar_RBelt"/>
				<string name="Name" value="Middle3_RBelt"/>
				<string name="TypHL" value="Hull"/>
				<string name="UnitName" value="DeReutar"/>
			</object>
			<object name="5666">
				<integer name="Country" value="4"/>
				<float name="ER" value="200."/>
				<string name="Hull" value="DeReutar_RAMP"/>
				<string name="Name" value="Middle3_RAMP"/>
				<string name="TypHL" value="Hull"/>
				<string name="UnitName" value="DeReutar"/>
			</object>
			<object name="5667">
				<integer name="Country" value="4"/>
				<float name="ER" value="200."/>
				<string name="Hull" value="DeReutar_LAMP"/>
				<string name="Name" value="Middle3_LAMP"/>
				<string name="TypHL" value="Hull"/>
				<string name="UnitName" value="DeReutar"/>
			</object>
			<object name="5668">
				<integer name="Country" value="4"/>
				<float name="ER" value="150."/>
				<string name="Hull" value="DeReutar_UpperDeck"/>
				<string name="Name" value="Middle3_UpperDeck"/>
				<string name="TypHL" value="Hull"/>
				<string name="UnitName" value="DeReutar"/>
			</object>
			<object name="5669">
				<integer name="Country" value="4"/>
				<float name="ER" value="150."/>
				<string name="Hull" value="DeReutar_Bottom"/>
				<string name="Name" value="Middle4_RBottom"/>
				<string name="TypHL" value="FuelTank"/>
				<string name="UnitName" value="DeReutar"/>
			</object>
			<object name="5670">
				<integer name="Country" value="4"/>
				<float name="ER" value="150."/>
				<string name="Hull" value="DeReutar_Bottom"/>
				<string name="Name" value="Middle4_LBottom"/>
				<string name="TypHL" value="FuelTank"/>
				<string name="UnitName" value="DeReutar"/>
			</object>
			<object name="5671">
				<integer name="Country" value="4"/>
				<float name="ER" value="200."/>
				<string name="Hull" value="DeReutar_LowerDeck"/>
				<string name="Name" value="Middle4_LowerDeck"/>
				<string name="TypHL" value="Hull"/>
				<string name="UnitName" value="DeReutar"/>
			</object>
			<object name="5672">
				<integer name="Country" value="4"/>
				<float name="ER" value="100."/>
				<string name="Hull" value="Std_Boiler"/>
				<string name="Name" value="Boiler5"/>
				<string name="TypHL" value="Boiler"/>
				<string name="UnitName" value="DeReutar"/>
			</object>
			<object name="5673">
				<integer name="Country" value="4"/>
				<float name="ER" value="100."/>
				<string name="Hull" value="Std_Boiler"/>
				<string name="Name" value="Boiler6"/>
				<string name="TypHL" value="Boiler"/>
				<string name="UnitName" value="DeReutar"/>
			</object>
			<object name="5674">
				<integer name="Country" value="4"/>
				<float name="ER" value="200."/>
				<string name="Hull" value="DeReutar_RAMP"/>
				<string name="Name" value="Middle4_RAMP"/>
				<string name="TypHL" value="Hull"/>
				<string name="UnitName" value="DeReutar"/>
			</object>
			<object name="5675">
				<integer name="Country" value="4"/>
				<float name="ER" value="200."/>
				<string name="Hull" value="DeReutar_RBelt"/>
				<string name="Name" value="Middle4_RBelt"/>
				<string name="TypHL" value="Hull"/>
				<string name="UnitName" value="DeReutar"/>
			</object>
			<object name="5676">
				<integer name="Country" value="4"/>
				<float name="ER" value="200."/>
				<string name="Hull" value="DeReutar_LBelt"/>
				<string name="Name" value="Middle4_LBelt"/>
				<string name="TypHL" value="Hull"/>
				<string name="UnitName" value="DeReutar"/>
			</object>
			<object name="5677">
				<integer name="Country" value="4"/>
				<float name="ER" value="200."/>
				<string name="Hull" value="DeReutar_LAMP"/>
				<string name="Name" value="Middle4_LAMP"/>
				<string name="TypHL" value="Hull"/>
				<string name="UnitName" value="DeReutar"/>
			</object>
			<object name="5678">
				<integer name="Country" value="4"/>
				<float name="ER" value="150."/>
				<string name="Hull" value="DeReutar_UpperDeck"/>
				<string name="Name" value="Middle4_UpperDeck"/>
				<string name="TypHL" value="Hull"/>
				<string name="UnitName" value="DeReutar"/>
			</object>
			<object name="5679">
				<integer name="Country" value="4"/>
				<float name="ER" value="200."/>
				<string name="Hull" value="DeReutar_MiddleDeck"/>
				<string name="Name" value="Middle5_MiddleDeck"/>
				<string name="TypHL" value="Hull"/>
				<string name="UnitName" value="DeReutar"/>
			</object>
			<object name="5680">
				<string name="ConnectName" value="Boiler1;Boiler2;Boiler3;Boiler4;Boiler5;Boiler6;"/>
				<integer name="Country" value="4"/>
				<float name="ER" value="150."/>
				<string name="Hull" value="Std_Engine"/>
				<string name="Name" value="REngine"/>
				<string name="TypHL" value="Engine"/>
				<string name="UnitName" value="DeReutar"/>
			</object>
			<object name="5681">
				<integer name="Country" value="4"/>
				<float name="ER" value="200."/>
				<string name="Hull" value="DeReutar_RBelt"/>
				<string name="Name" value="Middle5_RBelt"/>
				<string name="TypHL" value="Hull"/>
				<string name="UnitName" value="DeReutar"/>
			</object>
			<object name="5682">
				<integer name="Country" value="4"/>
				<float name="ER" value="200."/>
				<string name="Hull" value="DeReutar_RAMP"/>
				<string name="Name" value="Middle5_RAMP"/>
				<string name="TypHL" value="Hull"/>
				<string name="UnitName" value="DeReutar"/>
			</object>
			<object name="5683">
				<integer name="Country" value="4"/>
				<float name="ER" value="200."/>
				<string name="Hull" value="DeReutar_LAMP"/>
				<string name="Name" value="Middle5_LAMP"/>
				<string name="TypHL" value="Hull"/>
				<string name="UnitName" value="DeReutar"/>
			</object>
			<object name="5684">
				<integer name="Country" value="4"/>
				<float name="ER" value="200."/>
				<string name="Hull" value="DeReutar_LBelt"/>
				<string name="Name" value="Middle5_LBelt"/>
				<string name="TypHL" value="Hull"/>
				<string name="UnitName" value="DeReutar"/>
			</object>
			<object name="5685">
				<integer name="Country" value="4"/>
				<float name="ER" value="150."/>
				<string name="Hull" value="DeReutar_UpperDeck"/>
				<string name="Name" value="Middle5_UpperDeck"/>
				<string name="TypHL" value="Hull"/>
				<string name="UnitName" value="DeReutar"/>
			</object>
			<object name="5686">
				<integer name="Country" value="4"/>
				<float name="ER" value="150."/>
				<string name="Hull" value="DeReutar_Bottom"/>
				<string name="Name" value="Middle5_LBottom"/>
				<string name="TypHL" value="FuelTank"/>
				<string name="UnitName" value="DeReutar"/>
			</object>
			<object name="5687">
				<integer name="Country" value="4"/>
				<float name="ER" value="150."/>
				<string name="Hull" value="DeReutar_Bottom"/>
				<string name="Name" value="Middle5_RBottom"/>
				<string name="TypHL" value="FuelTank"/>
				<string name="UnitName" value="DeReutar"/>
			</object>
			<object name="5688">
				<integer name="Country" value="4"/>
				<float name="ER" value="200."/>
				<string name="Hull" value="DeReutar_LowerDeck"/>
				<string name="Name" value="Middle5_LowerDeck"/>
				<string name="TypHL" value="Hull"/>
				<string name="UnitName" value="DeReutar"/>
			</object>
			<object name="5689">
				<integer name="Country" value="4"/>
				<float name="ER" value="200."/>
				<string name="Hull" value="DeReutar_MiddleDeck"/>
				<string name="Name" value="Middle6_LowerDeck1"/>
				<string name="TypHL" value="Hull"/>
				<string name="UnitName" value="DeReutar"/>
			</object>
			<object name="5690">
				<string name="ConnectName" value="Boiler1;Boiler2;Boiler3;Boiler4;Boiler5;Boiler6;"/>
				<integer name="Country" value="4"/>
				<float name="ER" value="150."/>
				<string name="Hull" value="Std_Engine"/>
				<string name="Name" value="LEngine"/>
				<string name="TypHL" value="Engine"/>
				<string name="UnitName" value="DeReutar"/>
			</object>
			<object name="5691">
				<integer name="Country" value="4"/>
				<float name="ER" value="200."/>
				<string name="Hull" value="DeReutar_LAMP"/>
				<string name="Name" value="Middle6_LAMP"/>
				<string name="TypHL" value="Hull"/>
				<string name="UnitName" value="DeReutar"/>
			</object>
			<object name="5692">
				<integer name="Country" value="4"/>
				<float name="ER" value="200."/>
				<string name="Hull" value="DeReutar_RAMP"/>
				<string name="Name" value="Middle6_RAMP"/>
				<string name="TypHL" value="Hull"/>
				<string name="UnitName" value="DeReutar"/>
			</object>
			<object name="5693">
				<integer name="Country" value="4"/>
				<float name="ER" value="150."/>
				<string name="Hull" value="DeReutar_Bottom"/>
				<string name="Name" value="Middle6_Bottom"/>
				<string name="TypHL" value="FuelTank"/>
				<string name="UnitName" value="DeReutar"/>
			</object>
			<object name="5694">
				<integer name="Country" value="4"/>
				<float name="ER" value="200."/>
				<string name="Hull" value="DeReutar_LBelt"/>
				<string name="Name" value="MIddle6_LBelt"/>
				<string name="TypHL" value="Hull"/>
				<string name="UnitName" value="DeReutar"/>
			</object>
			<object name="5695">
				<integer name="Country" value="4"/>
				<float name="ER" value="200."/>
				<string name="Hull" value="DeReutar_RBelt"/>
				<string name="Name" value="Middle6_RBelt"/>
				<string name="TypHL" value="Hull"/>
				<string name="UnitName" value="DeReutar"/>
			</object>
			<object name="5696">
				<integer name="Country" value="4"/>
				<float name="ER" value="150."/>
				<string name="Hull" value="DeReutar_UpperDeck"/>
				<string name="Name" value="Middle6_UpperDeck"/>
				<string name="TypHL" value="Hull"/>
				<string name="UnitName" value="DeReutar"/>
			</object>
			<object name="5697">
				<integer name="Country" value="4"/>
				<float name="ER" value="200."/>
				<string name="Hull" value="DeReutar_LowerDeck"/>
				<string name="Name" value="Middle6_LowerDeck"/>
				<string name="TypHL" value="Hull"/>
				<string name="UnitName" value="DeReutar"/>
			</object>
			<object name="5698">
				<integer name="Country" value="4"/>
				<float name="ER" value="200."/>
				<string name="Hull" value="DeReutar_Barbet"/>
				<string name="Name" value="Barbet4"/>
				<float name="Param_1" value="0."/>
				<string name="TypHL" value="AmmoStore"/>
				<string name="UnitName" value="DeReutar"/>
			</object>
			<object name="5699">
				<integer name="Country" value="4"/>
				<float name="ER" value="200."/>
				<string name="Hull" value="DeReutar_Barbet"/>
				<string name="Name" value="Barbet3"/>
				<float name="Param_1" value="0."/>
				<string name="TypHL" value="AmmoStore"/>
				<string name="UnitName" value="DeReutar"/>
			</object>
			<object name="5700">
				<integer name="Country" value="4"/>
				<float name="ER" value="200."/>
				<string name="Hull" value="DeReutar_MiddleDeck"/>
				<string name="Name" value="Stern1_MiddleDeck"/>
				<string name="TypHL" value="Hull"/>
				<string name="UnitName" value="DeReutar"/>
			</object>
			<object name="5701">
				<integer name="Country" value="4"/>
				<float name="ER" value="200."/>
				<string name="Hull" value="DeReutar_AmmoStore"/>
				<string name="Name" value="AmmoStore3"/>
				<float name="Param_1" value="0."/>
				<string name="TypHL" value="AmmoStore"/>
				<string name="UnitName" value="DeReutar"/>
			</object>
			<object name="5702">
				<integer name="Country" value="4"/>
				<float name="ER" value="200."/>
				<string name="Hull" value="DeReutar_AmmoStore"/>
				<string name="Name" value="AmmoStore4"/>
				<float name="Param_1" value="0."/>
				<string name="TypHL" value="AmmoStore"/>
				<string name="UnitName" value="DeReutar"/>
			</object>
			<object name="5703">
				<integer name="Country" value="4"/>
				<float name="ER" value="150."/>
				<string name="Hull" value="DeReutar_UpperDeck"/>
				<string name="Name" value="Stern1_ForeDeck"/>
				<string name="TypHL" value="Hull"/>
				<string name="UnitName" value="DeReutar"/>
			</object>
			<object name="5704">
				<integer name="Country" value="4"/>
				<float name="ER" value="150."/>
				<string name="Hull" value="DeReutar_UpperDeck"/>
				<string name="Name" value="Stern1_UpperDeck"/>
				<string name="TypHL" value="Hull"/>
				<string name="UnitName" value="DeReutar"/>
			</object>
			<object name="5705">
				<integer name="Country" value="4"/>
				<float name="ER" value="150."/>
				<string name="Hull" value="DeReutar_Bottom"/>
				<string name="Name" value="Stern1_Bottom"/>
				<string name="TypHL" value="Hull"/>
				<string name="UnitName" value="DeReutar"/>
			</object>
			<object name="5706">
				<integer name="Country" value="4"/>
				<float name="ER" value="200."/>
				<string name="Hull" value="DeReutar_LSternBelt"/>
				<string name="Name" value="Stern1_LBelt"/>
				<string name="TypHL" value="Hull"/>
				<string name="UnitName" value="DeReutar"/>
			</object>
			<object name="5707">
				<integer name="Country" value="4"/>
				<float name="ER" value="200."/>
				<string name="Hull" value="DeReutar_RSternBelt"/>
				<string name="Name" value="Stern1_RBelt"/>
				<string name="TypHL" value="Hull"/>
				<string name="UnitName" value="DeReutar"/>
			</object>
			<object name="5708">
				<integer name="Country" value="4"/>
				<float name="ER" value="200."/>
				<string name="Hull" value="DeReutar_LowerDeck"/>
				<string name="Name" value="Stern1_LowerDeck"/>
				<string name="TypHL" value="Hull"/>
				<string name="UnitName" value="DeReutar"/>
			</object>
			<object name="5709">
				<integer name="Country" value="4"/>
				<float name="ER" value="150."/>
				<string name="Hull" value="DeReutar_Bottom"/>
				<string name="Name" value="Bow1_Bottom"/>
				<string name="TypHL" value="Hull"/>
				<string name="UnitName" value="DeReutar"/>
			</object>
			<object name="5710">
				<integer name="Country" value="4"/>
				<float name="ER" value="150."/>
				<string name="Hull" value="DeReutar_BowDeck"/>
				<string name="Name" value="Bow1_LowerDeck"/>
				<string name="TypHL" value="Hull"/>
				<string name="UnitName" value="DeReutar"/>
			</object>
			<object name="5711">
				<integer name="Country" value="4"/>
				<float name="ER" value="200."/>
				<string name="Hull" value="DeReutar_MiddleDeck"/>
				<string name="Name" value="Bow1_MiddleDeck"/>
				<string name="TypHL" value="Hull"/>
				<string name="UnitName" value="DeReutar"/>
			</object>
			<object name="5712">
				<integer name="Country" value="4"/>
				<float name="ER" value="150."/>
				<string name="Hull" value="DeReutar_BowDeck"/>
				<string name="Name" value="Bow1_UpperDeck"/>
				<string name="TypHL" value="Hull"/>
				<string name="UnitName" value="DeReutar"/>
			</object>
			<object name="5713">
				<integer name="Country" value="4"/>
				<float name="ER" value="200."/>
				<string name="Hull" value="DeReutar_LowerDeck"/>
				<string name="Name" value="Stern2_LowerDeck"/>
				<string name="TypHL" value="Hull"/>
				<string name="UnitName" value="DeReutar"/>
			</object>
			<object name="5714">
				<integer name="Country" value="4"/>
				<float name="ER" value="100."/>
				<string name="Hull" value="DeReutar_Tiller"/>
				<string name="Name" value="Tiller"/>
				<string name="TypHL" value="Hull"/>
				<string name="UnitName" value="DeReutar"/>
			</object>
			<object name="5715">
				<integer name="Country" value="4"/>
				<float name="ER" value="150."/>
				<string name="Hull" value="DeReutar_UpperDeck"/>
				<string name="Name" value="Stern2_UpperDeck"/>
				<string name="TypHL" value="Hull"/>
				<string name="UnitName" value="DeReutar"/>
			</object>
			<object name="5716">
				<integer name="Country" value="4"/>
				<integer name="Crew" value="60"/>
				<float name="ER" value="150."/>
				<string name="Hull" value="Std_CLUpperHull"/>
				<string name="Name" value="Bow_Superstructure2"/>
				<string name="TypHL" value="Crew"/>
				<string name="UnitName" value="DeReutar"/>
			</object>
			<object name="7872">
				<integer name="Country" value="4"/>
				<float name="ER" value="40."/>
				<string name="Hull" value="DeReutar_MTurretx1"/>
				<string name="Name" value="Turret"/>
				<string name="TypHL" value="AmmoStore"/>
				<string name="UnitName" value="De_Ruyter_Gun_150x1_Base"/>
			</object>
			<object name="7873">
				<integer name="Country" value="4"/>
				<float name="ER" value="10."/>
				<string name="Hull" value="Std_Turret_RF"/>
				<string name="Name" value="RRangefinder"/>
				<string name="TypHL" value="Probe"/>
				<string name="UnitName" value="De_Ruyter_Gun_150x2_Base"/>
			</object>
			<object name="7874">
				<integer name="Country" value="4"/>
				<float name="ER" value="10."/>
				<string name="Hull" value="Std_Turret_RF"/>
				<string name="Name" value="LRangefinder"/>
				<string name="TypHL" value="Probe"/>
				<string name="UnitName" value="De_Ruyter_Gun_150x2_Base"/>
			</object>
			<object name="7875">
				<integer name="Country" value="4"/>
				<float name="ER" value="20."/>
				<string name="Hull" value="DeReutar_MTurretx2Shakegiban"/>
				<string name="Name" value="Shakegeban"/>
				<string name="TypHL" value="Probe"/>
				<string name="UnitName" value="De_Ruyter_Gun_150x2_Base"/>
			</object>
			<object name="7876">
				<integer name="Country" value="4"/>
				<float name="ER" value="40."/>
				<string name="Hull" value="DeReutar_MTurretx2"/>
				<string name="Name" value="Turret"/>
				<string name="TypHL" value="AmmoStore"/>
				<string name="UnitName" value="De_Ruyter_Gun_150x2_Base"/>
			</object>
		</object>
		<object name="Hulls">
			<object name="DeReutar_AmmoStore">
				<integer name="Back" value="30"/>
				<integer name="Bottom" value="30"/>
				<integer name="Country" value="4"/>
				<float name="ExplProb" value="30."/>
				<float name="FireProb" value="20."/>
				<integer name="Front" value="30"/>
				<integer name="Left" value="30"/>
				<string name="Material" value="Armored"/>
				<integer name="Right" value="30"/>
				<integer name="Top" value="30"/>
				<integer name="UnitName" value="753"/>
				<string name="UnitTyp" value="Ship"/>
			</object>
			<object name="DeReutar_Barbet">
				<integer name="Back" value="30"/>
				<integer name="Bottom" value="25"/>
				<integer name="Country" value="4"/>
				<float name="ExplProb" value="20."/>
				<float name="FireProb" value="30."/>
				<integer name="Front" value="30"/>
				<integer name="Left" value="30"/>
				<string name="Material" value="Armored"/>
				<integer name="Right" value="30"/>
				<integer name="Top" value="25"/>
				<integer name="UnitName" value="753"/>
				<string name="UnitTyp" value="Ship"/>
			</object>
			<object name="DeReutar_BattleCabine">
				<integer name="Back" value="30"/>
				<integer name="Bottom" value="25"/>
				<integer name="Country" value="4"/>
				<float name="ExplProb" value="0."/>
				<float name="FireProb" value="0."/>
				<integer name="Front" value="30"/>
				<integer name="Left" value="30"/>
				<string name="Material" value="Armored"/>
				<integer name="Right" value="30"/>
				<integer name="Top" value="30"/>
				<integer name="UnitName" value="753"/>
				<string name="UnitTyp" value="Ship"/>
			</object>
			<object name="DeReutar_Bottom">
				<integer name="Back" value="25"/>
				<integer name="Bottom" value="25"/>
				<integer name="Country" value="4"/>
				<float name="ExplProb" value="0."/>
				<float name="FireProb" value="0."/>
				<integer name="Front" value="25"/>
				<integer name="Left" value="25"/>
				<string name="Material" value="Steel"/>
				<integer name="Right" value="25"/>
				<integer name="Top" value="25"/>
				<integer name="UnitName" value="753"/>
				<string name="UnitTyp" value="Ship"/>
			</object> 
			<object name="DeReutar_BowDeck">
				<integer name="Back" value="25"/>
				<integer name="Bottom" value="25"/>
				<integer name="Country" value="4"/>
				<float name="ExplProb" value="0."/>
				<float name="FireProb" value="0."/>
				<integer name="Front" value="25"/>
				<integer name="Left" value="25"/>
				<string name="Material" value="Steel"/>
				<integer name="Right" value="25"/>
				<integer name="Top" value="25"/>
				<integer name="UnitName" value="753"/>
				<string name="UnitTyp" value="Ship"/>
			</object> 
			<object name="DeReutar_LAMP">
				<integer name="Back" value="25"/>
				<integer name="Bottom" value="25"/>
				<integer name="Country" value="4"/>
				<float name="ExplProb" value="0."/>
				<float name="FireProb" value="0."/>
				<integer name="Front" value="25"/>
				<integer name="Left" value="30"/>
				<string name="Material" value="Armored"/>
				<integer name="Right" value="25"/>
				<integer name="Top" value="30"/>
				<integer name="UnitName" value="753"/>
				<string name="UnitTyp" value="Ship"/>
			</object>
			<object name="DeReutar_LBelt">
				<integer name="Back" value="25"/>
				<integer name="Bottom" value="25"/>
				<integer name="Country" value="4"/>
				<float name="ExplProb" value="0."/>
				<float name="FireProb" value="0."/>
				<integer name="Front" value="25"/>
				<integer name="Left" value="30"/>
				<string name="Material" value="Armored"/>
				<integer name="Right" value="25"/>
				<integer name="Top" value="30"/>
				<integer name="UnitName" value="753"/>
				<string name="UnitTyp" value="Ship"/>
			</object>
			<object name="DeReutar_LBowBelt">
				<integer name="Back" value="25"/>
				<integer name="Bottom" value="25"/>
				<integer name="Country" value="4"/>
				<float name="ExplProb" value="0."/>
				<float name="FireProb" value="0."/>
				<integer name="Front" value="30"/>
				<integer name="Left" value="30"/>
				<string name="Material" value="Armored"/>
				<integer name="Right" value="25"/>
				<integer name="Top" value="30"/>
				<integer name="UnitName" value="753"/>
				<string name="UnitTyp" value="Ship"/>
			</object>
			<object name="DeReutar_LowerDeck">
				<integer name="Back" value="25"/>
				<integer name="Bottom" value="25"/>
				<integer name="Country" value="4"/>
				<float name="ExplProb" value="0."/>
				<float name="FireProb" value="10."/>
				<integer name="Front" value="25"/>
				<integer name="Left" value="25"/>
				<string name="Material" value="Steel"/>
				<integer name="Right" value="25"/>
				<integer name="Top" value="25"/>
				<integer name="UnitName" value="753"/>
				<string name="UnitTyp" value="Ship"/>
			</object>
			<object name="DeReutar_LSternBelt">
				<integer name="Back" value="30"/>
				<integer name="Bottom" value="25"/>
				<integer name="Country" value="4"/>
				<float name="ExplProb" value="0."/>
				<float name="FireProb" value="0."/>
				<integer name="Front" value="25"/>
				<integer name="Left" value="30"/>
				<string name="Material" value="Armored"/>
				<integer name="Right" value="25"/>
				<integer name="Top" value="30"/>
				<integer name="UnitName" value="753"/>
				<string name="UnitTyp" value="Ship"/>
			</object>
			<object name="DeReutar_MiddleDeck">
				<integer name="Back" value="25"/>
				<integer name="Bottom" value="25"/>
				<integer name="Country" value="4"/>
				<float name="ExplProb" value="0."/>
				<float name="FireProb" value="0."/>
				<integer name="Front" value="25"/>
				<integer name="Left" value="25"/>
				<string name="Material" value="Armored"/>
				<integer name="Right" value="25"/>
				<integer name="Top" value="30"/>
				<integer name="UnitName" value="753"/>
				<string name="UnitTyp" value="Ship"/>
			</object>
			<object name="DeReutar_MTurretx1">
				<integer name="Back" value="30"/>
				<integer name="Bottom" value="25"/>
				<integer name="Country" value="4"/>
				<float name="ExplProb" value="20."/>
				<float name="FireProb" value="20."/>
				<integer name="Front" value="30"/>
				<integer name="Left" value="30"/>
				<string name="Material" value="Armored"/>
				<integer name="Right" value="30"/>
				<integer name="Top" value="30"/>
				<integer name="UnitName" value="1093"/>
				<string name="UnitTyp" value="Turret"/>
			</object>
			<object name="DeReutar_MTurretx2">
				<integer name="Back" value="30"/>
				<integer name="Bottom" value="25"/>
				<integer name="Country" value="4"/>
				<float name="ExplProb" value="20."/>
				<float name="FireProb" value="20."/>
				<integer name="Front" value="30"/>
				<integer name="Left" value="30"/>
				<string name="Material" value="Armored"/>
				<integer name="Right" value="30"/>
				<integer name="Top" value="30"/>
				<integer name="UnitName" value="1092"/>
				<string name="UnitTyp" value="Turret"/>
			</object>
			<object name="DeReutar_MTurretx2Shakegiban">
				<integer name="Back" value="10"/>
				<integer name="Bottom" value="10"/>
				<integer name="Country" value="4"/>
				<float name="ExplProb" value="0."/>
				<float name="FireProb" value="10."/>
				<integer name="Front" value="0"/>
				<integer name="Left" value="10"/>
				<string name="Material" value="Steel"/>
				<integer name="Right" value="10"/>
				<integer name="Top" value="10"/>
				<integer name="UnitName" value="1092"/>
				<string name="UnitTyp" value="Turret"/>
			</object>
			<object name="DeReutar_RAMP">
				<integer name="Back" value="25"/>
				<integer name="Bottom" value="25"/>
				<integer name="Country" value="4"/>
				<float name="ExplProb" value="0."/>
				<float name="FireProb" value="0."/>
				<integer name="Front" value="25"/>
				<integer name="Left" value="25"/>
				<string name="Material" value="Armored"/>
				<integer name="Right" value="30"/>
				<integer name="Top" value="30"/>
				<integer name="UnitName" value="753"/>
				<string name="UnitTyp" value="Ship"/>
			</object>
			<object name="DeReutar_RBelt">
				<integer name="Back" value="25"/>
				<integer name="Bottom" value="25"/>
				<integer name="Country" value="4"/>
				<float name="ExplProb" value="0."/>
				<float name="FireProb" value="0."/>
				<integer name="Front" value="25"/>
				<integer name="Left" value="25"/>
				<string name="Material" value="Armored"/>
				<integer name="Right" value="30"/>
				<integer name="Top" value="30"/>
				<integer name="UnitName" value="753"/>
				<string name="UnitTyp" value="Ship"/>
			</object>
			<object name="DeReutar_RBowBelt">
				<integer name="Back" value="25"/>
				<integer name="Bottom" value="25"/>
				<integer name="Country" value="4"/>
				<float name="ExplProb" value="0."/>
				<float name="FireProb" value="0."/>
				<integer name="Front" value="30"/>
				<integer name="Left" value="25"/>
				<string name="Material" value="Armored"/>
				<integer name="Right" value="30"/>
				<integer name="Top" value="30"/>
				<integer name="UnitName" value="753"/>
				<string name="UnitTyp" value="Ship"/>
			</object>
			<object name="DeReutar_RSternBelt">
				<integer name="Back" value="30"/>
				<integer name="Bottom" value="25"/>
				<integer name="Country" value="4"/>
				<float name="ExplProb" value="0."/>
				<float name="FireProb" value="0."/>
				<integer name="Front" value="25"/>
				<integer name="Left" value="25"/>
				<string name="Material" value="Armored"/>
				<integer name="Right" value="30"/>
				<integer name="Top" value="30"/>
				<integer name="UnitName" value="753"/>
				<string name="UnitTyp" value="Ship"/>
			</object> 
			<object name="DeReutar_SternDeck">
				<integer name="Back" value="25"/>
				<integer name="Bottom" value="25"/>
				<integer name="Country" value="4"/>
				<float name="ExplProb" value="0."/>
				<float name="FireProb" value="0."/>
				<integer name="Front" value="25"/>
				<integer name="Left" value="25"/>
				<string name="Material" value="Steel"/>
				<integer name="Right" value="25"/>
				<integer name="Top" value="25"/>
				<integer name="UnitName" value="753"/>
				<string name="UnitTyp" value="Ship"/>
			</object>
			<object name="DeReutar_Tiller">
				<integer name="Back" value="25"/>
				<integer name="Bottom" value="25"/>
				<integer name="Country" value="4"/>
				<float name="ExplProb" value="0."/>
				<float name="FireProb" value="0."/>
				<integer name="Front" value="25"/>
				<integer name="Left" value="25"/>
				<string name="Material" value="Steel"/>
				<integer name="Right" value="25"/>
				<integer name="Top" value="25"/>
				<integer name="UnitName" value="753"/>
				<string name="UnitTyp" value="Ship"/>
			</object> 	 
			<object name="DeReutar_UpperDeck">
				<integer name="Back" value="25"/>
				<integer name="Bottom" value="25"/>
				<integer name="Country" value="4"/>
				<float name="ExplProb" value="0."/>
				<float name="FireProb" value="10."/>
				<integer name="Front" value="25"/>
				<integer name="Left" value="25"/>
				<string name="Material" value="Steel"/>
				<integer name="Right" value="25"/>
				<integer name="Top" value="25"/>
				<integer name="UnitName" value="753"/>
				<string name="UnitTyp" value="Ship"/>
			</object> 
		</object>
	</object>
</root>
