﻿<?xml version="1.0" standalone="yes" ?>
<root>
	<object name="SteelMonstersParams">
		<object name="Hit_Location">
			<object name="A7828">
				<integer name="Country" value="3"/>
				<float name="ER" value="80."/>
				<string name="Hull" value="Fiji_MTurret"/>
				<string name="Name" value="Fiji_152mm_Turret"/>
				<string name="TypHL" value="AmmoStore"/>
				<string name="UnitName" value="Fiji_Gun_152_Turret_A"/>
			</object>
			<object name="B7828">
				<integer name="Country" value="3"/>
				<float name="ER" value="80."/>
				<string name="Hull" value="Fiji_MTurret"/>
				<string name="Name" value="Fiji_152mm_Turret"/>
				<string name="TypHL" value="AmmoStore"/>
				<string name="UnitName" value="Fiji_Gun_152_Turret_B"/>
			</object>
			<object name="C7828">
				<integer name="Country" value="3"/>
				<float name="ER" value="80."/>
				<string name="Hull" value="Fiji_MTurret"/>
				<string name="Name" value="Fiji_152mm_Turret"/>
				<string name="TypHL" value="AmmoStore"/>
				<string name="UnitName" value="Fiji_Gun_152_Turret_C"/>
			</object>
			<object name="D7828">
				<integer name="Country" value="3"/>
				<float name="ER" value="80."/>
				<string name="Hull" value="Fiji_MTurret"/>
				<string name="Name" value="Fiji_152mm_Turret"/>
				<string name="TypHL" value="AmmoStore"/>
				<string name="UnitName" value="Fiji_Gun_152_Turret_D"/>
			</object>
		</object>
		<object name="Hulls">
			<object name="Fiji_MTurret">
				<integer name="Back" value="25"/>
				<integer name="Bottom" value="10"/>
				<integer name="Country" value="3"/>
				<float name="ExplProb" value="20."/>
				<float name="FireProb" value="20."/>
				<integer name="Front" value="51"/>
				<integer name="Left" value="25"/>
				<string name="Material" value="Armored"/>
				<integer name="Right" value="25"/>
				<integer name="Top" value="25"/>
				<integer name="UnitName" value="898"/>
				<string name="UnitTyp" value="Turret"/>
			</object>
		</object>
		<object name="Turrets">
			<object name="Fiji_Gun_152_Turret_A">
				<integer name="Amount" value="3"/>
				<integer name="ArmorFront" value="25"/>
				<integer name="ArmorSide" value="25"/>
				<integer name="ArmorTop" value="25"/>
				<string name="Building" value="Artillery"/>
				<string name="Content" value="Rifles.Fiji_Gun_152_Stvol"/>
				<integer name="Country" value="3"/>
				<float name="DTimeProd" value="5."/>
				<integer name="Elevation" value="60"/>
				<integer name="ElevationRate" value="10"/>
				<string name="Icon" value="Artillery"/>
				<boolean name="IgnoreXMLFile" value="false"/>
				<float name="Iron" value="182."/>
				<float name="Money" value="6.5"/>
				<boolean name="New" value="true"/>
				<float name="NTimeProd" value="25."/>
				<boolean name="Production" value="false"/>
				<integer name="QualityRate" value="4"/>
				<integer name="RotationRate" value="7"/>
				<string name="SMU_File" value="Fiji_Gun_152_Turret"/>
				<string name="Type" value="Gun"/>
				<float name="Vitality" value="500."/>
				<float name="Weight" value="185."/>
			</object>
			<object name="Fiji_Gun_152_Turret_B">
				<integer name="Amount" value="3"/>
				<integer name="ArmorFront" value="25"/>
				<integer name="ArmorSide" value="25"/>
				<integer name="ArmorTop" value="25"/>
				<string name="Building" value="Artillery"/>
				<string name="Content" value="Rifles.Fiji_Gun_152_Stvol"/>
				<integer name="Country" value="3"/>
				<float name="DTimeProd" value="5."/>
				<integer name="Elevation" value="60"/>
				<integer name="ElevationRate" value="10"/>
				<string name="Icon" value="Artillery"/>
				<boolean name="IgnoreXMLFile" value="false"/>
				<float name="Iron" value="182."/>
				<float name="Money" value="6.5"/>
				<boolean name="New" value="true"/>
				<float name="NTimeProd" value="25."/>
				<boolean name="Production" value="false"/>
				<integer name="QualityRate" value="4"/>
				<integer name="RotationRate" value="7"/>
				<string name="SMU_File" value="Fiji_Gun_152_Turret"/>
				<string name="Type" value="Gun"/>
				<float name="Vitality" value="500."/>
				<float name="Weight" value="185."/>
			</object>
			<object name="Fiji_Gun_152_Turret_C">
				<integer name="Amount" value="3"/>
				<integer name="ArmorFront" value="25"/>
				<integer name="ArmorSide" value="25"/>
				<integer name="ArmorTop" value="25"/>
				<string name="Building" value="Artillery"/>
				<string name="Content" value="Rifles.Fiji_Gun_152_Stvol"/>
				<integer name="Country" value="3"/>
				<float name="DTimeProd" value="5."/>
				<integer name="Elevation" value="60"/>
				<integer name="ElevationRate" value="10"/>
				<string name="Icon" value="Artillery"/>
				<boolean name="IgnoreXMLFile" value="false"/>
				<float name="Iron" value="182."/>
				<float name="Money" value="6.5"/>
				<boolean name="New" value="true"/>
				<float name="NTimeProd" value="25."/>
				<boolean name="Production" value="false"/>
				<integer name="QualityRate" value="4"/>
				<integer name="RotationRate" value="7"/>
				<string name="SMU_File" value="Fiji_Gun_152_Turret"/>
				<string name="Type" value="Gun"/>
				<float name="Vitality" value="500."/>
				<float name="Weight" value="185."/>
			</object>
			<object name="Fiji_Gun_152_Turret_D">
				<integer name="Amount" value="3"/>
				<integer name="ArmorFront" value="25"/>
				<integer name="ArmorSide" value="25"/>
				<integer name="ArmorTop" value="25"/>
				<string name="Building" value="Artillery"/>
				<string name="Content" value="Rifles.Fiji_Gun_152_Stvol"/>
				<integer name="Country" value="3"/>
				<float name="DTimeProd" value="5."/>
				<integer name="Elevation" value="60"/>
				<integer name="ElevationRate" value="10"/>
				<string name="Icon" value="Artillery"/>
				<boolean name="IgnoreXMLFile" value="false"/>
				<float name="Iron" value="182."/>
				<float name="Money" value="6.5"/>
				<boolean name="New" value="true"/>
				<float name="NTimeProd" value="25."/>
				<boolean name="Production" value="false"/>
				<integer name="QualityRate" value="4"/>
				<integer name="RotationRate" value="7"/>
				<string name="SMU_File" value="Fiji_Gun_152_Turret"/>
				<string name="Type" value="Gun"/>
				<float name="Vitality" value="500."/>
				<float name="Weight" value="185."/>
			</object>
		</object>
	</object>
</root>
