﻿xml version="1.0" standalone="yes" ?>
<root>
	<object name="Modifications">
		<object name="SubUnits">
			<object name="Fiji_Gun_152_Turret_A">
				<object name="TPort_0">
					<string name="Device" value="Fiji_Gun_152_Stvol"/>
					<string name="Table" value="Rifles"/>
				</object>
				<object name="TPort_1">
					<string name="Device" value="Fiji_Gun_152_Stvol"/>
					<string name="Table" value="Rifles"/>
				</object>
				<object name="TPort_2">
					<string name="Device" value="Fiji_Gun_152_Stvol"/>
					<string name="Table" value="Rifles"/>
				</object>
			</object>
			<object name="Fiji_Gun_152_Turret_B">
				<object name="TPort_0">
					<string name="Device" value="Fiji_Gun_152_Stvol"/>
					<string name="Table" value="Rifles"/>
				</object>
				<object name="TPort_1">
					<string name="Device" value="Fiji_Gun_152_Stvol"/>
					<string name="Table" value="Rifles"/>
				</object>
				<object name="TPort_2">
					<string name="Device" value="Fiji_Gun_152_Stvol"/>
					<string name="Table" value="Rifles"/>
				</object>
			</object>
			<object name="Fiji_Gun_152_Turret_C">
				<object name="TPort_0">
					<string name="Device" value="Fiji_Gun_152_Stvol"/>
					<string name="Table" value="Rifles"/>
				</object>
				<object name="TPort_1">
					<string name="Device" value="Fiji_Gun_152_Stvol"/>
					<string name="Table" value="Rifles"/>
				</object>
				<object name="TPort_2">
					<string name="Device" value="Fiji_Gun_152_Stvol"/>
					<string name="Table" value="Rifles"/>
				</object>
			</object>
			<object name="Fiji_Gun_152_Turret_D">
				<object name="TPort_0">
					<string name="Device" value="Fiji_Gun_152_Stvol"/>
					<string name="Table" value="Rifles"/>
				</object>
				<object name="TPort_1">
					<string name="Device" value="Fiji_Gun_152_Stvol"/>
					<string name="Table" value="Rifles"/>
				</object>
				<object name="TPort_2">
					<string name="Device" value="Fiji_Gun_152_Stvol"/>
					<string name="Table" value="Rifles"/>
				</object>
			</object>
		</object>
	</object>
</root>
