﻿<?xml version = "1.0" encoding = "UTF-8"?>
<root>
	<object name = "SteelMonstersParams">
		<object name="Ships">
			<object name="Veneto">
				<float name="AccelRate" value="1.e-004"/>
				<string name="Airgroup" value="Scout_ShipWater_Battleship_Battalion_germany"/>
				<integer name="AirplanesCount" value="3"/>
				<string name="AmmoLoadingTemplate" value="Ammo 626"/>
				<boolean name="BoatsTransportationAbility" value="false"/>
				<integer name="CabinArmor" value="533"/>
				<boolean name="CanBeChanged" value="true"/>
				<boolean name="CanUseTorpedos" value="false"/>
				<string name="CatapultAirgroupDefaultUnit" value="Ar196"/>
				<integer name="Country" value="5"/>
				<integer name="Crew" value="1830"/>
				<float name="CriticalCareen" value="37."/>
				<float name="CriticalDFT" value="4.5"/>
				<float name="CriticalDifferent" value="5."/>
				<float name="DTimeProd" value="160."/>
				<float name="DisplacementMax" value="45750."/>
				<float name="EPR" value="630."/>
				<float name="FireRisk" value="1667."/>
				<float name="Fuel" value="6200."/>
				<float name="HLShapeCoef" value="0.6"/>
				<integer name="HullArmorSide" value="310"/>
				<integer name="HullArmorTop" value="265"/>
				<float name="Iron" value="58300."/>
				<integer name="Length" value="237.8"/>
				<float name="MaxSpeed" value="31.5"/>
				<integer name="MinCrew" value="960"/>
				<float name="Money" value="42000."/>
				<float name="NTimeProd" value="400."/>
				<string name="Name" value="Veneto"/>
				<boolean name="New" value="true"/>
				<integer name="Nuc_Dest_Prob" value="300"/>
				<integer name="Passengers" value="70"/>
				<boolean name="PlanesTransportationAbility" value="false"/>
				<float name="Range" value="7260."/>
				<integer name="Rank" value="2"/>
				<string name="SMU" value="Veneto"/>
				<float name="Speed" value="20."/>
				<float name="StoreCapacity" value="3800."/>
				<boolean name="Transportable" value="false"/>
				<float name="TurnRate" value="1.4e-003"/>
				<integer name="Type" value="1"/>
				<float name="Vitality" value="8400."/>
				<float name="VitalityAA" value="3500."/>
				<float name="Weight" value="43835."/>
				<integer name="Width" value="32.9"/>
				<integer name="Year" value="39"/>
			</object>
		</object>			
		<object name="ShipsNames">
			<object name="Veneto">
				<string name="1" value="Veneto1"/>
			</object>
		</object>
		<object name="UnitsByType">
			<object name="1">
				<object name="Veneto">
					<string name="ChildTable" value="Ships"/>
				</object>
			</object>
		</object>
	</object>
</root>
