﻿<?xml version = "1.0" encoding = "UTF-8"?>
<root>
	<object name = "SteelMonstersParams">
		<object name="Ships">
			<object name="Fuso">
				<float name="AccelRate" value="1.e-004"/>
				<string name="Airgroup" value="Scout_Floatplane_Cruiser_Division_1_2_japan"/>
				<integer name="AirplanesCount" value="3"/>
				<string name="AmmoLoadingTemplate" value="Ammo 300"/>
				<boolean name="BoatsTransportationAbility" value="false"/>
				<integer name="CabinArmor" value="370"/>
				<boolean name="CanBeChanged" value="true"/>
				<boolean name="CanUseTorpedos" value="false"/>
				<string name="CatapultAirgroupDefaultUnit" value="F1M"/>
				<integer name="Country" value="2"/>
				<integer name="Crew" value="1400"/>
				<float name="CriticalCareen" value="37."/>
				<float name="CriticalDFT" value="2.9"/>
				<float name="CriticalDifferent" value="5."/>
				<float name="DTimeProd" value="140."/>
				<float name="DisplacementMax" value="39780."/>
				<float name="EPR" value="745."/>
				<float name="FireRisk" value="1500."/>
				<float name="Fuel" value="5100."/>
				<float name="HLShapeCoef" value="0.8"/>
				<integer name="HullArmorSide" value="305"/>
				<integer name="HullArmorTop" value="145"/>
				<float name="Iron" value="41000."/>
				<integer name="Length" value="212.75"/>
				<float name="MaxSpeed" value="24.75"/>
				<integer name="MinCrew" value="950"/>
				<float name="Money" value="30000."/>
				<float name="NTimeProd" value="350."/>
				<string name="Name" value="Fuso"/>
				<boolean name="New" value="false"/>
				<integer name="Nuc_Dest_Prob" value="350"/>
				<integer name="Passengers" value="70"/>
				<boolean name="PlanesTransportationAbility" value="false"/>
				<float name="Range" value="15000."/>
				<integer name="Rank" value="2"/>
				<string name="SMU" value="Fuso"/>
				<float name="Speed" value="14."/>
				<float name="StoreCapacity" value="2600."/>
				<boolean name="Transportable" value="false"/>
				<float name="TurnRate" value="7.e-004"/>
				<integer name="Type" value="1"/>
				<float name="Vitality" value="9000."/>
				<float name="VitalityAA" value="3000."/>
				<float name="Weight" value="35255."/>
				<integer name="Width" value="30.64"/>
				<integer name="Year" value="39"/>
			</object>
		</object>
		<object name="Hit_Location">
			<object name="Fuso3853">
				<string name="ConnectName" value="Tiller"/>
				<integer name="Country" value="2"/>
				<float name="ER" value="500."/>
				<string name="Hull" value="Std_Rudder"/>
				<string name="Name" value="Rudder"/>
				<string name="TypHL" value="Rudder"/>
				<string name="UnitName" value="Fuso"/>
			</object>
			<object name="Fuso3854">
				<string name="ConnectName" value="Engine3"/>
				<integer name="Country" value="2"/>
				<float name="ER" value="500."/>
				<string name="Hull" value="Std_Mover"/>
				<string name="Name" value="Mover3"/>
				<string name="TypHL" value="Mover"/>
				<string name="UnitName" value="Fuso"/>
			</object>
			<object name="Fuso3855">
				<string name="ConnectName" value="Engine4"/>
				<integer name="Country" value="2"/>
				<float name="ER" value="500."/>
				<string name="Hull" value="Std_Mover"/>
				<string name="Name" value="Mover4"/>
				<string name="TypHL" value="Mover"/>
				<string name="UnitName" value="Fuso"/>
			</object>
			<object name="Fuso3856">
				<string name="ConnectName" value="Engine2"/>
				<integer name="Country" value="2"/>
				<float name="ER" value="500."/>
				<string name="Hull" value="Std_Mover"/>
				<string name="Name" value="Mover2"/>
				<string name="TypHL" value="Mover"/>
				<string name="UnitName" value="Fuso"/>
			</object>
			<object name="Fuso3857">
				<string name="ConnectName" value="Engine1"/>
				<integer name="Country" value="2"/>
				<float name="ER" value="500."/>
				<string name="Hull" value="Std_Mover"/>
				<string name="Name" value="Mover1"/>
				<string name="TypHL" value="Mover"/>
				<string name="UnitName" value="Fuso"/>
			</object>
			<object name="Fuso3858">
				<integer name="Country" value="2"/>
				<float name="ER" value="500."/>
				<string name="Hull" value="Yamashiro_BattleCabine"/>
				<string name="Name" value="BattleCabine"/>
				<string name="TypHL" value="Probe"/>
				<string name="UnitName" value="Fuso"/>
			</object>
			<object name="Fuso3859">
				<integer name="Country" value="2"/>
				<float name="ER" value="500."/>
				<string name="Hull" value="Std_Probe"/>
				<string name="Name" value="Radar"/>
				<string name="TypHL" value="Probe"/>
				<string name="UnitName" value="Fuso"/>
			</object>
			<object name="Fuso3860">
				<integer name="Country" value="2"/>
				<float name="ER" value="500."/>
				<string name="Hull" value="Std_Probe"/>
				<string name="Name" value="Radio"/>
				<string name="TypHL" value="Probe"/>
				<string name="UnitName" value="Fuso"/>
			</object>
			<object name="Fuso3861">
				<integer name="Country" value="2"/>
				<float name="ER" value="500."/>
				<string name="Hull" value="Std_Probe"/>
				<string name="Name" value="Probe_AA_Bow"/>
				<string name="TypHL" value="Probe"/>
				<string name="UnitName" value="Fuso"/>
			</object>
			<object name="Fuso3862">
				<integer name="Country" value="2"/>
				<float name="ER" value="500."/>
				<string name="Hull" value="Std_Probe"/>
				<string name="Name" value="Probe_AA_Stern"/>
				<string name="TypHL" value="Probe"/>
				<string name="UnitName" value="Fuso"/>
			</object>
			<object name="Fuso3864">
				<integer name="Country" value="2"/>
				<float name="ER" value="500."/>
				<string name="Hull" value="Yamashiro_Barbet"/>
				<string name="Name" value="Barbett1"/>
				<string name="TypHL" value="Hull"/>
				<string name="UnitName" value="Fuso"/>
			</object>
			<object name="Fuso3865">
				<integer name="Country" value="2"/>
				<float name="ER" value="500."/>
				<string name="Hull" value="Yamashiro_Barbet"/>
				<string name="Name" value="Barbett2"/>
				<string name="TypHL" value="Hull"/>
				<string name="UnitName" value="Fuso"/>
			</object>
			<object name="Fuso3866">
				<integer name="Country" value="2"/>
				<float name="ER" value="500."/>
				<string name="Hull" value="Std_Bottom"/>
				<string name="Name" value="Bow2_LBottom"/>
				<string name="TypHL" value="Hull"/>
				<string name="UnitName" value="Fuso"/>
			</object>
			<object name="Fuso3867">
				<integer name="Country" value="2"/>
				<float name="ER" value="500."/>
				<string name="Hull" value="Std_Bottom"/>
				<string name="Name" value="Bow2_RBottom"/>
				<string name="TypHL" value="Hull"/>
				<string name="UnitName" value="Fuso"/>
			</object>
			<object name="Fuso3868">
				<integer name="Country" value="2"/>
				<float name="ER" value="500."/>
				<string name="Hull" value="Std_LAMP"/>
				<string name="Name" value="Bow2_LAMP1"/>
				<string name="TypHL" value="Hull"/>
				<string name="UnitName" value="Fuso"/>
			</object>
			<object name="Fuso3869">
				<integer name="Country" value="2"/>
				<float name="ER" value="500."/>
				<string name="Hull" value="Std_RAMP"/>
				<string name="Name" value="Bow2_RAMP1"/>
				<string name="TypHL" value="Hull"/>
				<string name="UnitName" value="Fuso"/>
			</object>
			<object name="Fuso3870">
				<integer name="Country" value="2"/>
				<float name="ER" value="500."/>
				<string name="Hull" value="Std_RAMP"/>
				<string name="Name" value="Bow2_RAMP2"/>
				<string name="TypHL" value="Hull"/>
				<string name="UnitName" value="Fuso"/>
			</object>
			<object name="Fuso3871">
				<integer name="Country" value="2"/>
				<float name="ER" value="500."/>
				<string name="Hull" value="Std_AS_T2"/>
				<string name="Name" value="AmmoStore_1"/>
				<string name="TypHL" value="AmmoStore"/>
				<string name="UnitName" value="Fuso"/>
			</object>
			<object name="Fuso3872">
				<integer name="Country" value="2"/>
				<float name="ER" value="500."/>
				<string name="Hull" value="Std_AS_T2"/>
				<string name="Name" value="AmmoStore_2"/>
				<string name="TypHL" value="AmmoStore"/>
				<string name="UnitName" value="Fuso"/>
			</object>
			<object name="Fuso3873">
				<integer name="Country" value="2"/>
				<float name="ER" value="500."/>
				<string name="Hull" value="Yamashiro_LMBBelt"/>
				<string name="Name" value="Bow2_LLowerBelt"/>
				<string name="TypHL" value="Hull"/>
				<string name="UnitName" value="Fuso"/>
			</object>
			<object name="Fuso3874">
				<integer name="Country" value="2"/>
				<float name="ER" value="500."/>
				<string name="Hull" value="Yamashiro_RMBBelt"/>
				<string name="Name" value="Bow2_RLowerBelt"/>
				<string name="TypHL" value="Hull"/>
				<string name="UnitName" value="Fuso"/>
			</object>
			<object name="Fuso3875">
				<integer name="Country" value="2"/>
				<float name="ER" value="500."/>
				<string name="Hull" value="Yamashiro_RUBelt"/>
				<string name="Name" value="Bow2_RUpperBelt"/>
				<string name="TypHL" value="Hull"/>
				<string name="UnitName" value="Fuso"/>
			</object>
			<object name="Fuso3876">
				<integer name="Country" value="2"/>
				<float name="ER" value="500."/>
				<string name="Hull" value="Yamashiro_LUBelt"/>
				<string name="Name" value="Bow2_LUpperBelt"/>
				<string name="TypHL" value="Hull"/>
				<string name="UnitName" value="Fuso"/>
			</object>
			<object name="Fuso3877">
				<integer name="Country" value="2"/>
				<float name="ER" value="500."/>
				<string name="Hull" value="Std_UpperHull"/>
				<string name="Name" value="Bow2_UpperDeck"/>
				<string name="TypHL" value="Hull"/>
				<string name="UnitName" value="Fuso"/>
			</object>
			<object name="Fuso3878">
				<integer name="Country" value="2"/>
				<float name="ER" value="500."/>
				<string name="Hull" value="Yamashiro_AMBDeck"/>
				<string name="Name" value="Bow2_MiddleDeck"/>
				<string name="TypHL" value="Hull"/>
				<string name="UnitName" value="Fuso"/>
			</object>
			<object name="Fuso3879">
				<integer name="Country" value="2"/>
				<float name="ER" value="500."/>
				<string name="Hull" value="Std_Hull"/>
				<string name="Name" value="Bow2_LBoard"/>
				<string name="TypHL" value="Hull"/>
				<string name="UnitName" value="Fuso"/>
			</object>
			<object name="Fuso3880">
				<integer name="Country" value="2"/>
				<float name="ER" value="500."/>
				<string name="Hull" value="Std_LAMP"/>
				<string name="Name" value="Bow2_LAMP2"/>
				<string name="TypHL" value="Hull"/>
				<string name="UnitName" value="Fuso"/>
			</object>
			<object name="Fuso3882">
				<integer name="Country" value="2"/>
				<float name="ER" value="500."/>
				<string name="Hull" value="Yamashiro_AMDeck"/>
				<string name="Name" value="Middle1_MiddleDeck"/>
				<string name="TypHL" value="Hull"/>
				<string name="UnitName" value="Fuso"/>
			</object>
			<object name="Fuso3883">
				<integer name="Country" value="2"/>
				<float name="ER" value="500."/>
				<string name="Hull" value="Std_Probe"/>
				<string name="Name" value="Probe_MG"/>
				<string name="TypHL" value="Probe"/>
				<string name="UnitName" value="Fuso"/>
			</object>
			<object name="Fuso3884">
				<integer name="Country" value="2"/>
				<float name="ER" value="500."/>
				<string name="Hull" value="Std_Bottom"/>
				<string name="Name" value="Middle1_RBottom"/>
				<string name="TypHL" value="FuelTank"/>
				<string name="UnitName" value="Fuso"/>
			</object>
			<object name="Fuso3885">
				<integer name="Country" value="2"/>
				<float name="ER" value="500."/>
				<string name="Hull" value="Std_Bottom"/>
				<string name="Name" value="Middle1_LBottom"/>
				<string name="TypHL" value="FuelTank"/>
				<string name="UnitName" value="Fuso"/>
			</object>
			<object name="Fuso3886">
				<integer name="Country" value="2"/>
				<float name="ER" value="500."/>
				<string name="Hull" value="Std_LAMP"/>
				<string name="Name" value="Middle1_LAMP1"/>
				<string name="TypHL" value="Hull"/>
				<string name="UnitName" value="Fuso"/>
			</object>
			<object name="Fuso3887">
				<integer name="Country" value="2"/>
				<float name="ER" value="500."/>
				<string name="Hull" value="Std_LAMP"/>
				<string name="Name" value="Middle1_LAMP2"/>
				<string name="TypHL" value="Hull"/>
				<string name="UnitName" value="Fuso"/>
			</object>
			<object name="Fuso3888">
				<integer name="Country" value="2"/>
				<float name="ER" value="500."/>
				<string name="Hull" value="Std_RAMP"/>
				<string name="Name" value="Middle1_RAMP1"/>
				<string name="TypHL" value="Hull"/>
				<string name="UnitName" value="Fuso"/>
			</object>
			<object name="Fuso3889">
				<integer name="Country" value="2"/>
				<float name="ER" value="500."/>
				<string name="Hull" value="Std_RAMP"/>
				<string name="Name" value="Middle1_RAMP2"/>
				<string name="TypHL" value="Hull"/>
				<string name="UnitName" value="Fuso"/>
			</object>
			<object name="Fuso3890">
				<integer name="Country" value="2"/>
				<float name="ER" value="500."/>
				<string name="Hull" value="Yamashiro_ALDeck"/>
				<string name="Name" value="Middle1_LowerDeck"/>
				<string name="TypHL" value="Hull"/>
				<string name="UnitName" value="Fuso"/>
			</object>
			<object name="Fuso3891">
				<integer name="Country" value="2"/>
				<float name="ER" value="500."/>
				<string name="Hull" value="Yamashiro_LMBelt"/>
				<string name="Name" value="Middle1_LLowerBelt"/>
				<string name="TypHL" value="Hull"/>
				<string name="UnitName" value="Fuso"/>
			</object>
			<object name="Fuso3892">
				<integer name="Country" value="2"/>
				<float name="ER" value="500."/>
				<string name="Hull" value="Yamashiro_RMBelt"/>
				<string name="Name" value="Middle1_RLowerBelt"/>
				<string name="TypHL" value="Hull"/>
				<string name="UnitName" value="Fuso"/>
			</object>
			<object name="Fuso3893">
				<integer name="Country" value="2"/>
				<float name="ER" value="500."/>
				<string name="Hull" value="Yamashiro_RUBelt"/>
				<string name="Name" value="Middle1_RUpperBelt"/>
				<string name="TypHL" value="Hull"/>
				<string name="UnitName" value="Fuso"/>
			</object>
			<object name="Fuso3894">
				<integer name="Country" value="2"/>
				<float name="ER" value="500."/>
				<string name="Hull" value="Yamashiro_LUBelt"/>
				<string name="Name" value="Middle1_LUpperBelt"/>
				<string name="TypHL" value="Hull"/>
				<string name="UnitName" value="Fuso"/>
			</object>
			<object name="Fuso3895">
				<integer name="Country" value="2"/>
				<float name="ER" value="500."/>
				<string name="Hull" value="Yamashiro_AMDeck"/>
				<string name="Name" value="Middle1_UpperDeck"/>
				<string name="TypHL" value="Hull"/>
				<string name="UnitName" value="Fuso"/>
			</object>
			<object name="Fuso3896">
				<integer name="Country" value="2"/>
				<float name="ER" value="500."/>
				<string name="Hull" value="Std_Hull"/>
				<string name="Name" value="Middle1_LBoard"/>
				<string name="TypHL" value="Hull"/>
				<string name="UnitName" value="Fuso"/>
			</object>
			<object name="Fuso3897">
				<integer name="Country" value="2"/>
				<float name="ER" value="500."/>
				<string name="Hull" value="Std_Hull"/>
				<string name="Name" value="Middle1_RBoard"/>
				<string name="TypHL" value="Hull"/>
				<string name="UnitName" value="Fuso"/>
			</object>
			<object name="Fuso3899">
				<integer name="Country" value="2"/>
				<float name="ER" value="500."/>
				<string name="Hull" value="Std_Hull"/>
				<string name="Name" value="Bow2_RBoard"/>
				<string name="TypHL" value="Hull"/>
				<string name="UnitName" value="Fuso"/>
			</object>
			<object name="Fuso3900">
				<integer name="Country" value="2"/>
				<float name="ER" value="500."/>
				<string name="Hull" value="Std_Bottom"/>
				<string name="Name" value="Middle2_RBottom"/>
				<string name="TypHL" value="FuelTank"/>
				<string name="UnitName" value="Fuso"/>
			</object>
			<object name="Fuso3901">
				<integer name="Country" value="2"/>
				<float name="ER" value="500."/>
				<string name="Hull" value="Std_Bottom"/>
				<string name="Name" value="Middle2_LBottom"/>
				<string name="TypHL" value="FuelTank"/>
				<string name="UnitName" value="Fuso"/>
			</object>
			<object name="Fuso3902">
				<integer name="Country" value="2"/>
				<float name="ER" value="500."/>
				<string name="Hull" value="Std_LAMP"/>
				<string name="Name" value="Middle2_LAMP1"/>
				<string name="TypHL" value="Hull"/>
				<string name="UnitName" value="Fuso"/>
			</object>
			<object name="Fuso3903">
				<integer name="Country" value="2"/>
				<float name="ER" value="500."/>
				<string name="Hull" value="Std_LAMP"/>
				<string name="Name" value="Middle2_LAMP2"/>
				<string name="TypHL" value="Hull"/>
				<string name="UnitName" value="Fuso"/>
			</object>
			<object name="Fuso3904">
				<integer name="Country" value="2"/>
				<float name="ER" value="500."/>
				<string name="Hull" value="Std_RAMP"/>
				<string name="Name" value="Middle2_RAMP1"/>
				<string name="TypHL" value="Hull"/>
				<string name="UnitName" value="Fuso"/>
			</object>
			<object name="Fuso3905">
				<integer name="Country" value="2"/>
				<float name="ER" value="500."/>
				<string name="Hull" value="Std_RAMP"/>
				<string name="Name" value="Middle2_RAMP2"/>
				<string name="TypHL" value="Hull"/>
				<string name="UnitName" value="Fuso"/>
			</object>
			<object name="Fuso3906">
				<integer name="Country" value="2"/>
				<float name="ER" value="500."/>
				<string name="Hull" value="Yamashiro_ALDeck"/>
				<string name="Name" value="Middle2_LowerDeck"/>
				<string name="TypHL" value="Hull"/>
				<string name="UnitName" value="Fuso"/>
			</object>
			<object name="Fuso3907">
				<integer name="Country" value="2"/>
				<float name="ER" value="500."/>
				<string name="Hull" value="Std_Boiler"/>
				<string name="Name" value="Boiler1"/>
				<string name="TypHL" value="Boiler"/>
				<string name="UnitName" value="Fuso"/>
			</object>
			<object name="Fuso3908">
				<integer name="Country" value="2"/>
				<float name="ER" value="500."/>
				<string name="Hull" value="Yamashiro_RMBelt"/>
				<string name="Name" value="Middle2_RLowerBelt"/>
				<string name="TypHL" value="Hull"/>
				<string name="UnitName" value="Fuso"/>
			</object>
			<object name="Fuso3909">
				<integer name="Country" value="2"/>
				<float name="ER" value="500."/>
				<string name="Hull" value="Yamashiro_LMBelt"/>
				<string name="Name" value="Middle2_LLowerBelt"/>
				<string name="TypHL" value="Hull"/>
				<string name="UnitName" value="Fuso"/>
			</object>
			<object name="Fuso3910">
				<integer name="Country" value="2"/>
				<float name="ER" value="500."/>
				<string name="Hull" value="Yamashiro_RUBelt"/>
				<string name="Name" value="Middle2_RUpperBelt"/>
				<string name="TypHL" value="Hull"/>
				<string name="UnitName" value="Fuso"/>
			</object>
			<object name="Fuso3911">
				<integer name="Country" value="2"/>
				<float name="ER" value="500."/>
				<string name="Hull" value="Yamashiro_LUBelt"/>
				<string name="Name" value="Middle2_LUpperBelt"/>
				<string name="TypHL" value="Hull"/>
				<string name="UnitName" value="Fuso"/>
			</object>
			<object name="Fuso3912">
				<integer name="Country" value="2"/>
				<float name="ER" value="500."/>
				<string name="Hull" value="Yamashiro_AMDeck"/>
				<string name="Name" value="Middle2_MiddleDeck"/>
				<string name="TypHL" value="Hull"/>
				<string name="UnitName" value="Fuso"/>
			</object>
			<object name="Fuso3913">
				<integer name="Country" value="2"/>
				<float name="ER" value="500."/>
				<string name="Hull" value="Std_UpperHull"/>
				<string name="Name" value="Middle2_UperDeck"/>
				<string name="TypHL" value="Hull"/>
				<string name="UnitName" value="Fuso"/>
			</object>
			<object name="Fuso3914">
				<integer name="Country" value="2"/>
				<float name="ER" value="500."/>
				<string name="Hull" value="Std_Hull"/>
				<string name="Name" value="Middle2_LBoard"/>
				<string name="TypHL" value="Hull"/>
				<string name="UnitName" value="Fuso"/>
			</object>
			<object name="Fuso3915">
				<integer name="Country" value="2"/>
				<float name="ER" value="500."/>
				<string name="Hull" value="Std_Hull"/>
				<string name="Name" value="Middle2_RBoard"/>
				<string name="TypHL" value="Hull"/>
				<string name="UnitName" value="Fuso"/>
			</object>
			<object name="Fuso3917">
				<integer name="Country" value="2"/>
				<float name="ER" value="500."/>
				<string name="Hull" value="Std_Bottom"/>
				<string name="Name" value="Middle3_RBottom"/>
				<string name="TypHL" value="FuelTank"/>
				<string name="UnitName" value="Fuso"/>
			</object>
			<object name="Fuso3918">
				<integer name="Country" value="2"/>
				<float name="ER" value="500."/>
				<string name="Hull" value="Std_Bottom"/>
				<string name="Name" value="Middle3_LBottom"/>
				<string name="TypHL" value="FuelTank"/>
				<string name="UnitName" value="Fuso"/>
			</object>
			<object name="Fuso3919">
				<integer name="Country" value="2"/>
				<float name="ER" value="500."/>
				<string name="Hull" value="Std_LAMP"/>
				<string name="Name" value="Middle3_LAMP1"/>
				<string name="TypHL" value="Hull"/>
				<string name="UnitName" value="Fuso"/>
			</object>
			<object name="Fuso3920">
				<integer name="Country" value="2"/>
				<float name="ER" value="500."/>
				<string name="Hull" value="Std_LAMP"/>
				<string name="Name" value="Middle3_LAMP2"/>
				<string name="TypHL" value="Hull"/>
				<string name="UnitName" value="Fuso"/>
			</object>
			<object name="Fuso3921">
				<integer name="Country" value="2"/>
				<float name="ER" value="500."/>
				<string name="Hull" value="Std_RAMP"/>
				<string name="Name" value="Middle3_RAMP1"/>
				<string name="TypHL" value="Hull"/>
				<string name="UnitName" value="Fuso"/>
			</object>
			<object name="Fuso3922">
				<integer name="Country" value="2"/>
				<float name="ER" value="500."/>
				<string name="Hull" value="Std_RAMP"/>
				<string name="Name" value="Middle3_RAMP2"/>
				<string name="TypHL" value="Hull"/>
				<string name="UnitName" value="Fuso"/>
			</object>
			<object name="Fuso3923">
				<integer name="Country" value="2"/>
				<float name="ER" value="500."/>
				<string name="Hull" value="Yamashiro_ALDeck"/>
				<string name="Name" value="Middle3_LowerDeck"/>
				<string name="TypHL" value="Hull"/>
				<string name="UnitName" value="Fuso"/>
			</object>
			<object name="Fuso3924">
				<integer name="Country" value="2"/>
				<float name="ER" value="500."/>
				<string name="Hull" value="Std_Boiler"/>
				<string name="Name" value="Boiler2"/>
				<string name="TypHL" value="Boiler"/>
				<string name="UnitName" value="Fuso"/>
			</object>
			<object name="Fuso3925">
				<integer name="Country" value="2"/>
				<float name="ER" value="500."/>
				<string name="Hull" value="Yamashiro_RLBelt"/>
				<string name="Name" value="Middle3_RLowerBelt"/>
				<string name="TypHL" value="Hull"/>
				<string name="UnitName" value="Fuso"/>
			</object>
			<object name="Fuso3926">
				<integer name="Country" value="2"/>
				<float name="ER" value="500."/>
				<string name="Hull" value="Yamashiro_LLBelt"/>
				<string name="Name" value="Middle3_LLowerBelt"/>
				<string name="TypHL" value="Hull"/>
				<string name="UnitName" value="Fuso"/>
			</object>
			<object name="Fuso3927">
				<integer name="Country" value="2"/>
				<float name="ER" value="500."/>
				<string name="Hull" value="Yamashiro_RUBelt"/>
				<string name="Name" value="Middle3_RUpperBelt"/>
				<string name="TypHL" value="Hull"/>
				<string name="UnitName" value="Fuso"/>
			</object>
			<object name="Fuso3928">
				<integer name="Country" value="2"/>
				<float name="ER" value="500."/>
				<string name="Hull" value="Yamashiro_LUBelt"/>
				<string name="Name" value="Middle3_LUpperBelt"/>
				<string name="TypHL" value="Hull"/>
				<string name="UnitName" value="Fuso"/>
			</object>
			<object name="Fuso3929">
				<integer name="Country" value="2"/>
				<float name="ER" value="500."/>
				<string name="Hull" value="Yamashiro_AMDeck"/>
				<string name="Name" value="Middle3_MiddleDeck"/>
				<string name="TypHL" value="Hull"/>
				<string name="UnitName" value="Fuso"/>
			</object>
			<object name="Fuso3930">
				<integer name="Country" value="2"/>
				<float name="ER" value="500."/>
				<string name="Hull" value="Std_UpperHull"/>
				<string name="Name" value="Middle3_UpperDeck"/>
				<string name="TypHL" value="Hull"/>
				<string name="UnitName" value="Fuso"/>
			</object>
			<object name="Fuso3931">
				<integer name="Country" value="2"/>
				<float name="ER" value="500."/>
				<string name="Hull" value="Std_Hull"/>
				<string name="Name" value="Middle3_LBoard"/>
				<string name="TypHL" value="Hull"/>
				<string name="UnitName" value="Fuso"/>
			</object>
			<object name="Fuso3932">
				<integer name="Country" value="2"/>
				<float name="ER" value="500."/>
				<string name="Hull" value="Std_Hull"/>
				<string name="Name" value="Middle3_RBoard"/>
				<string name="TypHL" value="Hull"/>
				<string name="UnitName" value="Fuso"/>
			</object>
			<object name="Fuso3934">
				<integer name="Country" value="2"/>
				<float name="ER" value="500."/>
				<string name="Hull" value="Std_Bottom"/>
				<string name="Name" value="Middle4_RBottom"/>
				<string name="TypHL" value="FuelTank"/>
				<string name="UnitName" value="Fuso"/>
			</object>
			<object name="Fuso3935">
				<integer name="Country" value="2"/>
				<float name="ER" value="500."/>
				<string name="Hull" value="Std_Bottom"/>
				<string name="Name" value="Middle4_LBottom"/>
				<string name="TypHL" value="FuelTank"/>
				<string name="UnitName" value="Fuso"/>
			</object>
			<object name="Fuso3936">
				<integer name="Country" value="2"/>
				<float name="ER" value="500."/>
				<string name="Hull" value="Std_LAMP"/>
				<string name="Name" value="Middle4_LAMP1"/>
				<string name="TypHL" value="Hull"/>
				<string name="UnitName" value="Fuso"/>
			</object>
			<object name="Fuso3937">
				<integer name="Country" value="2"/>
				<float name="ER" value="500."/>
				<string name="Hull" value="Std_LAMP"/>
				<string name="Name" value="Middle4_LAMP2"/>
				<string name="TypHL" value="Hull"/>
				<string name="UnitName" value="Fuso"/>
			</object>
			<object name="Fuso3938">
				<integer name="Country" value="2"/>
				<float name="ER" value="500."/>
				<string name="Hull" value="Std_RAMP"/>
				<string name="Name" value="Middle4_RAMP1"/>
				<string name="TypHL" value="Hull"/>
				<string name="UnitName" value="Fuso"/>
			</object>
			<object name="Fuso3939">
				<integer name="Country" value="2"/>
				<float name="ER" value="500."/>
				<string name="Hull" value="Std_RAMP"/>
				<string name="Name" value="Middle4_RAMP2"/>
				<string name="TypHL" value="Hull"/>
				<string name="UnitName" value="Fuso"/>
			</object>
			<object name="Fuso3940">
				<integer name="Country" value="2"/>
				<float name="ER" value="500."/>
				<string name="Hull" value="Yamashiro_ALDeck"/>
				<string name="Name" value="Middle4_CLowerDeck1"/>
				<string name="TypHL" value="Hull"/>
				<string name="UnitName" value="Fuso"/>
			</object>
			<object name="Fuso3941">
				<integer name="Country" value="2"/>
				<float name="ER" value="500."/>
				<string name="Hull" value="Yamashiro_ALDeck"/>
				<string name="Name" value="Middle4_RLowerDeck1"/>
				<string name="TypHL" value="Hull"/>
				<string name="UnitName" value="Fuso"/>
			</object>
			<object name="Fuso3942">
				<string name="ConnectName" value="Boiler1"/>
				<integer name="Country" value="2"/>
				<float name="ER" value="500."/>
				<string name="Hull" value="Std_Engine"/>
				<string name="Name" value="Engine1"/>
				<string name="TypHL" value="Engine"/>
				<string name="UnitName" value="Fuso"/>
			</object>
			<object name="Fuso3943">
				<integer name="Country" value="2"/>
				<float name="ER" value="500."/>
				<string name="Hull" value="Yamashiro_ALDeck"/>
				<string name="Name" value="Middle4_LLowerDeck1"/>
				<string name="TypHL" value="Hull"/>
				<string name="UnitName" value="Fuso"/>
			</object>
			<object name="Fuso3944">
				<string name="ConnectName" value="Boiler1"/>
				<integer name="Country" value="2"/>
				<float name="ER" value="500."/>
				<string name="Hull" value="Std_Engine"/>
				<string name="Name" value="Engine2"/>
				<string name="TypHL" value="Engine"/>
				<string name="UnitName" value="Fuso"/>
			</object>
			<object name="Fuso3945">
				<integer name="Country" value="2"/>
				<float name="ER" value="500."/>
				<string name="Hull" value="Yamashiro_ALDeck"/>
				<string name="Name" value="Middle4_RLowerDeck2"/>
				<string name="TypHL" value="Hull"/>
				<string name="UnitName" value="Fuso"/>
			</object>
			<object name="Fuso3946">
				<integer name="Country" value="2"/>
				<float name="ER" value="500."/>
				<string name="Hull" value="Yamashiro_ALDeck"/>
				<string name="Name" value="Middle4_CLowerDeck2"/>
				<string name="TypHL" value="Hull"/>
				<string name="UnitName" value="Fuso"/>
			</object>
			<object name="Fuso3947">
				<string name="ConnectName" value="Boiler2"/>
				<integer name="Country" value="2"/>
				<float name="ER" value="500."/>
				<string name="Hull" value="Std_Engine"/>
				<string name="Name" value="Engine3"/>
				<string name="TypHL" value="Engine"/>
				<string name="UnitName" value="Fuso"/>
			</object>
			<object name="Fuso3948">
				<string name="ConnectName" value="Boiler2"/>
				<integer name="Country" value="2"/>
				<float name="ER" value="500."/>
				<string name="Hull" value="Std_Engine"/>
				<string name="Name" value="Engine4"/>
				<string name="TypHL" value="Engine"/>
				<string name="UnitName" value="Fuso"/>
			</object>
			<object name="Fuso3949">
				<integer name="Country" value="2"/>
				<float name="ER" value="500."/>
				<string name="Hull" value="Yamashiro_ALDeck"/>
				<string name="Name" value="Middle4_LLowerDeck2"/>
				<string name="TypHL" value="Hull"/>
				<string name="UnitName" value="Fuso"/>
			</object>
			<object name="Fuso3950">
				<integer name="Country" value="2"/>
				<float name="ER" value="500."/>
				<string name="Hull" value="Yamashiro_RMBelt"/>
				<string name="Name" value="Middle4_RLoerBelt"/>
				<string name="TypHL" value="Hull"/>
				<string name="UnitName" value="Fuso"/>
			</object>
			<object name="Fuso3951">
				<integer name="Country" value="2"/>
				<float name="ER" value="500."/>
				<string name="Hull" value="Yamashiro_LMBelt"/>
				<string name="Name" value="Middle4_LLowerBelt"/>
				<string name="TypHL" value="Hull"/>
				<string name="UnitName" value="Fuso"/>
			</object>
			<object name="Fuso3952">
				<integer name="Country" value="2"/>
				<float name="ER" value="500."/>
				<string name="Hull" value="Yamashiro_RUBelt"/>
				<string name="Name" value="Middle4_RUpperBelt"/>
				<string name="TypHL" value="Hull"/>
				<string name="UnitName" value="Fuso"/>
			</object>
			<object name="Fuso3953">
				<integer name="Country" value="2"/>
				<float name="ER" value="500."/>
				<string name="Hull" value="Yamashiro_LUBelt"/>
				<string name="Name" value="Middle4_LUpperBelt"/>
				<string name="TypHL" value="Hull"/>
				<string name="UnitName" value="Fuso"/>
			</object>
			<object name="Fuso3954">
				<integer name="Country" value="2"/>
				<float name="ER" value="500."/>
				<string name="Hull" value="Yamashiro_AMDeck"/>
				<string name="Name" value="Middle4_MiddleDeck"/>
				<string name="TypHL" value="Hull"/>
				<string name="UnitName" value="Fuso"/>
			</object>
			<object name="Fuso3955">
				<integer name="Country" value="2"/>
				<float name="ER" value="500."/>
				<string name="Hull" value="Std_UpperHull"/>
				<string name="Name" value="Middle4_UpperDeck"/>
				<string name="TypHL" value="Hull"/>
				<string name="UnitName" value="Fuso"/>
			</object>
			<object name="Fuso3956">
				<integer name="Country" value="2"/>
				<float name="ER" value="500."/>
				<string name="Hull" value="Std_Hull"/>
				<string name="Name" value="Middle4_LBoard"/>
				<string name="TypHL" value="Hull"/>
				<string name="UnitName" value="Fuso"/>
			</object>
			<object name="Fuso3957">
				<integer name="Country" value="2"/>
				<float name="ER" value="500."/>
				<string name="Hull" value="Std_Hull"/>
				<string name="Name" value="Middle4_RBoard"/>
				<string name="TypHL" value="Hull"/>
				<string name="UnitName" value="Fuso"/>
			</object>
			<object name="Fuso3959">
				<integer name="Country" value="2"/>
				<float name="ER" value="500."/>
				<string name="Hull" value="Yamashiro_Barbet"/>
				<string name="Name" value="Barbett3"/>
				<string name="TypHL" value="Hull"/>
				<string name="UnitName" value="Fuso"/>
			</object>
			<object name="Fuso3960">
				<integer name="Country" value="2"/>
				<float name="ER" value="500."/>
				<string name="Hull" value="Yamashiro_Barbet"/>
				<string name="Name" value="Barbett4"/>
				<string name="TypHL" value="Hull"/>
				<string name="UnitName" value="Fuso"/>
			</object>
			<object name="Fuso3961">
				<integer name="Country" value="2"/>
				<float name="ER" value="500."/>
				<string name="Hull" value="Std_Bottom"/>
				<string name="Name" value="Stern1_RBottom"/>
				<string name="TypHL" value="Hull"/>
				<string name="UnitName" value="Fuso"/>
			</object>
			<object name="Fuso3962">
				<integer name="Country" value="2"/>
				<float name="ER" value="500."/>
				<string name="Hull" value="Std_Bottom"/>
				<string name="Name" value="Stern1_LBottom"/>
				<string name="TypHL" value="Hull"/>
				<string name="UnitName" value="Fuso"/>
			</object>
			<object name="Fuso3963">
				<integer name="Country" value="2"/>
				<float name="ER" value="500."/>
				<string name="Hull" value="Std_LAMP"/>
				<string name="Name" value="Stern1_LAMP"/>
				<string name="TypHL" value="Hull"/>
				<string name="UnitName" value="Fuso"/>
			</object>
			<object name="Fuso3964">
				<integer name="Country" value="2"/>
				<float name="ER" value="500."/>
				<string name="Hull" value="Yamashiro_ALSDeck"/>
				<string name="Name" value="Stern1_LowerDeck"/>
				<string name="TypHL" value="Hull"/>
				<string name="UnitName" value="Fuso"/>
			</object>
			<object name="Fuso3965">
				<integer name="Country" value="2"/>
				<float name="ER" value="500."/>
				<string name="Hull" value="Std_AS_T2"/>
				<string name="Name" value="AmmoStore_4"/>
				<string name="TypHL" value="AmmoStore"/>
				<string name="UnitName" value="Fuso"/>
			</object>
			<object name="Fuso3966">
				<integer name="Country" value="2"/>
				<float name="ER" value="500."/>
				<string name="Hull" value="Std_AS_T2"/>
				<string name="Name" value="AmmoStore_3"/>
				<string name="TypHL" value="AmmoStore"/>
				<string name="UnitName" value="Fuso"/>
			</object>
			<object name="Fuso3967">
				<integer name="Country" value="2"/>
				<float name="ER" value="500."/>
				<string name="Hull" value="Std_Hull"/>
				<string name="Name" value="Bow1_LowerDeck"/>
				<string name="TypHL" value="Hull"/>
				<string name="UnitName" value="Fuso"/>
			</object>
			<object name="Fuso3968">
				<integer name="Country" value="2"/>
				<float name="ER" value="500."/>
				<string name="Hull" value="Std_RAMP"/>
				<string name="Name" value="Stern1_RAMP"/>
				<string name="TypHL" value="Hull"/>
				<string name="UnitName" value="Fuso"/>
			</object>
			<object name="Fuso3969">
				<integer name="Country" value="2"/>
				<float name="ER" value="500."/>
				<string name="Hull" value="Yamashiro_RMSBelt"/>
				<string name="Name" value="Stern1_RLowerBelt"/>
				<string name="TypHL" value="Hull"/>
				<string name="UnitName" value="Fuso"/>
			</object>
			<object name="Fuso3970">
				<integer name="Country" value="2"/>
				<float name="ER" value="500."/>
				<string name="Hull" value="Yamashiro_LMSBelt"/>
				<string name="Name" value="Stern1_LLowerBelt"/>
				<string name="TypHL" value="Hull"/>
				<string name="UnitName" value="Fuso"/>
			</object>
			<object name="Fuso3971">
				<integer name="Country" value="2"/>
				<float name="ER" value="500."/>
				<string name="Hull" value="Yamashiro_RUSBelt"/>
				<string name="Name" value="Stern1_RUpperBelt"/>
				<string name="TypHL" value="Hull"/>
				<string name="UnitName" value="Fuso"/>
			</object>
			<object name="Fuso3972">
				<integer name="Country" value="2"/>
				<float name="ER" value="500."/>
				<string name="Hull" value="Yamashiro_LUSBelt"/>
				<string name="Name" value="Stern1_LUpperBelt"/>
				<string name="TypHL" value="Hull"/>
				<string name="UnitName" value="Fuso"/>
			</object>
			<object name="Fuso3973">
				<integer name="Country" value="2"/>
				<float name="ER" value="500."/>
				<string name="Hull" value="Yamashiro_AMSDeck"/>
				<string name="Name" value="Stern1_MiddleDeck"/>
				<string name="TypHL" value="Hull"/>
				<string name="UnitName" value="Fuso"/>
			</object>
			<object name="Fuso3974">
				<integer name="Country" value="2"/>
				<float name="ER" value="500."/>
				<string name="Hull" value="Std_UpperHull"/>
				<string name="Name" value="Stern1_UpperDeck"/>
				<string name="TypHL" value="Hull"/>
				<string name="UnitName" value="Fuso"/>
			</object>
			<object name="Fuso3975">
				<integer name="Country" value="2"/>
				<float name="ER" value="500."/>
				<string name="Hull" value="Std_Bottom"/>
				<string name="Name" value="Bow1_Bottom"/>
				<string name="TypHL" value="Hull"/>
				<string name="UnitName" value="Fuso"/>
			</object>
			<object name="Fuso3976">
				<integer name="Country" value="2"/>
				<float name="ER" value="500."/>
				<string name="Hull" value="Std_Hull"/>
				<string name="Name" value="Bow1_MiddleDeck"/>
				<string name="TypHL" value="Hull"/>
				<string name="UnitName" value="Fuso"/>
			</object>
			<object name="Fuso3977">
				<integer name="Country" value="2"/>
				<float name="ER" value="500."/>
				<string name="Hull" value="Std_UpperHull"/>
				<string name="Name" value="Bow1_UpperDeck"/>
				<string name="TypHL" value="Hull"/>
				<string name="UnitName" value="Fuso"/>
			</object>
			<object name="Fuso3978">
				<integer name="Country" value="2"/>
				<float name="ER" value="500."/>
				<string name="Hull" value="Std_UpperHull"/>
				<string name="Name" value="Stern2_Deck"/>
				<string name="TypHL" value="Hull"/>
				<string name="UnitName" value="Fuso"/>
			</object>
			<object name="Fuso3979">
				<integer name="Country" value="2"/>
				<float name="ER" value="500."/>
				<string name="Hull" value="Yamashiro_Tiller"/>
				<string name="Name" value="Tiller"/>
				<string name="TypHL" value="Hull"/>
				<string name="UnitName" value="Fuso"/>
			</object>
			<object name="Fuso7709">
				<integer name="Country" value="2"/>
				<float name="ER" value="500."/>
				<string name="Hull" value="Yamashiro_ALBDeck"/>
				<string name="Name" value="Bow2_LowerDeck"/>
				<string name="TypHL" value="Hull"/>
				<string name="UnitName" value="Fuso"/>
			</object>
			<object name="Fuso9272">
				<integer name="Country" value="2"/>
				<integer name="Crew" value="800"/>
				<float name="ER" value="500."/>
				<string name="Hull" value="Std_Hull"/>
				<string name="Name" value="ConingBridge"/>
				<string name="TypHL" value="Crew"/>
				<string name="UnitName" value="Fuso"/>
			</object>
			<object name="Fuso9273">
				<integer name="Country" value="2"/>
				<integer name="Crew" value="800"/>
				<float name="ER" value="500."/>
				<string name="Hull" value="Std_Hull"/>
				<string name="Name" value="BowSuperstructure"/>
				<string name="TypHL" value="Crew"/>
				<string name="UnitName" value="Fuso"/>
			</object>
			<object name="Fuso9274">
				<integer name="Country" value="2"/>
				<float name="ER" value="500."/>
				<string name="Hull" value="Std_Hull"/>
				<string name="Name" value="SmokeStack"/>
				<string name="TypHL" value="Hull"/>
				<string name="UnitName" value="Fuso"/>
			</object>
		</object>
		<object name="ShipsNames">
			<object name="Fuso">
				<string name="1" value="Fuso1"/>
			</object>
		</object>
		<object name="UnitsByType">
			<object name="1">
				<object name="Fuso">
					<string name="ChildTable" value="Ships"/>
				</object>
			</object>
		</object>
	</object>
</root>
