﻿<?xml version="1.0" standalone="yes" ?>
<root>
	<object name="Prototypes">
		<object name="Ships">
			<object name="Hood">
				<object name="Slots">
					<object name="TPort_0">
						<object name="SubSlots">
							<object name="TPort_1">
								<object name="SubSlots"/>
								<integer name="icon_x" value="19"/>
								<integer name="icon_y" value="22"/>
							</object>
							<object name="TPort_2">
								<integer name="icon_x" value="495"/>
								<integer name="icon_y" value="3"/>
							</object>
							<object name="TPort_3">
								<integer name="icon_x" value="413"/>
								<integer name="icon_y" value="44"/>
							</object>
						</object>
						<integer name="icon_x" value="27"/>
						<integer name="icon_y" value="22"/>
					</object>
					<object name="TPort_14">
						<object name="SubSlots">
							<object name="TPort_11">
								<integer name="icon_x" value="126"/>
								<integer name="icon_y" value="3"/>
							</object>
							<object name="TPort_12">
								<integer name="icon_x" value="167"/>
								<integer name="icon_y" value="3"/>
							</object>
							<object name="TPort_13">
								<integer name="icon_x" value="208"/>
								<integer name="icon_y" value="3"/>
							</object>
						</object>
						<integer name="icon_x" value="474"/>
						<integer name="icon_y" value="22"/>
					</object>
					<object name="TPort_17">
						<object name="SubSlots">
							<object name="TPort_15">
								<integer name="icon_x" value="290"/>
								<integer name="icon_y" value="3"/>
							</object>
							<object name="TPort_16">
								<integer name="icon_x" value="331"/>
								<integer name="icon_y" value="3"/>
							</object>
						</object>
						<integer name="icon_x" value="195"/>
						<integer name="icon_y" value="22"/>
					</object>
					<object name="TPort_20">
						<object name="SubSlots">
							<object name="TPort_18">
								<integer name="icon_x" value="413"/>
								<integer name="icon_y" value="3"/>
							</object>
							<object name="TPort_19">
								<integer name="icon_x" value="454"/>
								<integer name="icon_y" value="3"/>
							</object>
						</object>
						<integer name="icon_x" value="471"/>
						<integer name="icon_y" value="185"/>
					</object>
					<object name="TPort_22">
						<object name="SubSlots">
							<object name="TPort_21">
								<integer name="icon_x" value="44"/>
								<integer name="icon_y" value="44"/>
							</object>
						</object>
						<integer name="icon_x" value="336"/>
						<integer name="icon_y" value="185"/>
					</object>
					<object name="TPort_23">
						<integer name="icon_x" value="144"/>
						<integer name="icon_y" value="185"/>
					</object>
					<object name="TPort_24">
						<integer name="icon_x" value="15"/>
						<integer name="icon_y" value="185"/>
					</object>
					<object name="TPort_AA20mmF1R">
						<object name="SubSlots">
							<object name="TPort_AA20mmF1L">
								<integer name="icon_x" value="208"/>
								<integer name="icon_y" value="44"/>
							</object>
							<object name="TPort_AA20mmF2R">
								<integer name="icon_x" value="249"/>
								<integer name="icon_y" value="44"/>
							</object>
							<object name="TPort_AA20mmF2L">
								<integer name="icon_x" value="290"/>
								<integer name="icon_y" value="44"/>
							</object>
							<object name="TPort_AA20mmM1R">
								<integer name="icon_x" value="331"/>
								<integer name="icon_y" value="44"/>
							</object>
							<object name="TPort_AA20mmM1L">
								<integer name="icon_x" value="372"/>
								<integer name="icon_y" value="44"/>
							</object>
							<object name="TPort_AA20mmM2R">
								<integer name="icon_x" value="454"/>
								<integer name="icon_y" value="44"/>
							</object>
							<object name="TPort_AA20mmM2L">
								<integer name="icon_x" value="495"/>
								<integer name="icon_y" value="44"/>
							</object>
							<object name="TPort_AA20mmM3R">
								<integer name="icon_x" value="3"/>
								<integer name="icon_y" value="85"/>
							</object>
							<object name="TPort_AA20mmM3L">
								<integer name="icon_x" value="44"/>
								<integer name="icon_y" value="85"/>
							</object>
							<object name="TPort_AA20mmM4R">
								<integer name="icon_x" value="372"/>
								<integer name="icon_y" value="44"/>
							</object>
							<object name="TPort_AA20mmM4L">
								<integer name="icon_x" value="454"/>
								<integer name="icon_y" value="44"/>
							</object>
							<object name="TPort_AA20mmB1R">
								<integer name="icon_x" value="331"/>
								<integer name="icon_y" value="44"/>
							</object>
							<object name="TPort_AA20mmB1L">
								<integer name="icon_x" value="372"/>
								<integer name="icon_y" value="44"/>
							</object>
							<object name="TPort_AA20mmB2R">
								<integer name="icon_x" value="454"/>
								<integer name="icon_y" value="44"/>
							</object>
							<object name="TPort_AA20mmB2L">
								<integer name="icon_x" value="495"/>
								<integer name="icon_y" value="44"/>
							</object>
							<object name="TPort_31">
								<integer name="icon_x" value="495"/>
								<integer name="icon_y" value="44"/>
							</object>
							<object name="TPort_32">
								<integer name="icon_x" value="3"/>
								<integer name="icon_y" value="85"/>
							</object>
						</object>
						<integer name="icon_x" value="150"/>
						<integer name="icon_y" value="300"/>
					</object>
					<object name="TPort_34">
						<object name="SubSlots">
							<object name="TPort_25">
								<integer name="icon_x" value="208"/>
								<integer name="icon_y" value="44"/>
							</object>
							<object name="TPort_26">
								<integer name="icon_x" value="249"/>
								<integer name="icon_y" value="44"/>
							</object>
							<object name="TPort_27">
								<integer name="icon_x" value="290"/>
								<integer name="icon_y" value="44"/>
							</object>
							<object name="TPort_28">
								<integer name="icon_x" value="331"/>
								<integer name="icon_y" value="44"/>
							</object>
							<object name="TPort_29">
								<integer name="icon_x" value="372"/>
								<integer name="icon_y" value="44"/>
							</object>
							<object name="TPort_30">
								<integer name="icon_x" value="454"/>
								<integer name="icon_y" value="44"/>
							</object>
							<object name="TPort_33">
								<integer name="icon_x" value="44"/>
								<integer name="icon_y" value="85"/>
							</object>
						</object>
						<integer name="icon_x" value="12"/>
						<integer name="icon_y" value="248"/>
					</object>
					<object name="TPort_38">
						<object name="SubSlots">
							<object name="TPort_35">
								<integer name="icon_x" value="126"/>
								<integer name="icon_y" value="85"/>
							</object>
							<object name="TPort_36">
								<integer name="icon_x" value="167"/>
								<integer name="icon_y" value="85"/>
							</object>
							<object name="TPort_37">
								<integer name="icon_x" value="208"/>
								<integer name="icon_y" value="85"/>
							</object>
						</object>
						<integer name="icon_x" value="21"/>
						<integer name="icon_y" value="103"/>
					</object>
					<object name="TPort_39">
						<integer name="icon_x" value="290"/>
						<integer name="icon_y" value="85"/>
					</object>
					<object name="TPort_40">
						<integer name="icon_x" value="372"/>
						<integer name="icon_y" value="85"/>
					</object>
					<object name="TPort_41">
						<integer name="icon_x" value="413"/>
						<integer name="icon_y" value="85"/>
					</object>
					<object name="TPort_42">
						<integer name="icon_x" value="454"/>
						<integer name="icon_y" value="85"/>
					</object>
					<object name="TPort_43">
						<integer name="icon_x" value="469"/>
						<integer name="icon_y" value="251"/>
					</object>
					<object name="TPort_9">
						<object name="SubSlots">
							<object name="TPort_10">
								<integer name="icon_x" value="85"/>
								<integer name="icon_y" value="3"/>
							</object>
							<object name="TPort_4">
								<integer name="icon_x" value="331"/>
								<integer name="icon_y" value="85"/>
							</object>
							<object name="TPort_5">
								<integer name="icon_x" value="3"/>
								<integer name="icon_y" value="126"/>
							</object>
							<object name="TPort_6">
								<integer name="icon_x" value="44"/>
								<integer name="icon_y" value="126"/>
							</object>
							<object name="TPort_7">
								<integer name="icon_x" value="85"/>
								<integer name="icon_y" value="126"/>
							</object>
							<object name="TPort_8">
								<integer name="icon_x" value="126"/>
								<integer name="icon_y" value="126"/>
							</object>
						</object>
						<integer name="icon_x" value="320"/>
						<integer name="icon_y" value="22"/>
					</object>
					<object name="ZPort_AAGunContr1">
						<integer name="icon_x" value="471"/>
						<integer name="icon_y" value="333"/>
					</object>
					<object name="ZPort_Bridge">
						<integer name="icon_x" value="44"/>
						<integer name="icon_y" value="3"/>
					</object>
					<object name="ZPort_FuelTank">
						<integer name="icon_x" value="85"/>
						<integer name="icon_y" value="3"/>
					</object>
					<object name="ZPort_Jammer_JS_A">
						<integer name="icon_x" value="126"/>
						<integer name="icon_y" value="3"/>
					</object>
					<object name="ZPort_Jammer_US_A1">
						<integer name="icon_x" value="142"/>
						<integer name="icon_y" value="248"/>
					</object>
					<object name="ZPort_MainGunContr">
						<integer name="icon_x" value="183"/>
						<integer name="icon_y" value="337"/>
					</object>
					<object name="ZPort_Radio">
						<integer name="icon_x" value="303"/>
						<integer name="icon_y" value="249"/>
					</object>
					<object name="ZPort_Rudder">
						<integer name="icon_x" value="290"/>
						<integer name="icon_y" value="3"/>
					</object>
					<object name="ZPort_Sonar">
						<integer name="icon_x" value="9"/>
						<integer name="icon_y" value="334"/>
					</object>
					<object name="ZPort_Sonar1">
						<integer name="icon_x" value="372"/>
						<integer name="icon_y" value="3"/>
					</object>
					<object name="ZPort_SteamTurbine_01">
						<integer name="icon_x" value="326"/>
						<integer name="icon_y" value="337"/>
					</object>
				</object>
			</object>
		</object>
	</object>
</root>