﻿<?xml version = "1.0" encoding = "UTF-8"?>
<root>
	<object name = "SteelMonstersParams">
		<object name="Ships">
			<object name="Chikuma">
				<float name="AccelRate" value="3.e-004"/>
				<string name="Airgroup" value="Scout_Floatplane_Cruiser_Division_2_4_japan"/>
				<integer name="AirplanesCount" value="8"/>
				<string name="AmmoLoadingTemplate" value="Ammo 120"/>
				<boolean name="BoatsTransportationAbility" value="false"/>
				<integer name="CabinArmor" value="100"/>
				<boolean name="CanBeChanged" value="true"/>
				<boolean name="CanUseTorpedos" value="true"/>
				<string name="CatapultAirgroupDefaultUnit" value="F1M"/>
				<integer name="Country" value="2"/>
				<integer name="Crew" value="850"/>
				<float name="CriticalCareen" value="34."/>
				<float name="CriticalDFT" value="0.8"/>
				<float name="CriticalDifferent" value="2.1"/>
				<float name="DTimeProd" value="120."/>
				<float name="DisplacementMax" value="15443."/>
				<float name="EPR" value="310."/>
				<float name="FireRisk" value="1333."/>
				<float name="Fuel" value="2163."/>
				<float name="HLShapeCoef" value="0.57"/>
				<integer name="HullArmorSide" value="100"/>
				<integer name="HullArmorTop" value="75"/>
				<float name="Iron" value="18000."/>
				<integer name="Length" value="201.5"/>
				<float name="MaxSpeed" value="35."/>
				<integer name="MinCrew" value="382"/>
				<float name="Money" value="20000."/>
				<float name="NTimeProd" value="300."/>
				<string name="Name" value="Chikuma"/>
				<boolean name="New" value="false"/>
				<integer name="Nuc_Dest_Prob" value="400"/>
				<integer name="Passengers" value="50"/>
				<boolean name="PlanesTransportationAbility" value="false"/>
				<float name="Range" value="13890."/>
				<integer name="Rank" value="2"/>
				<string name="SMU" value="Chikuma"/>
				<float name="Speed" value="14."/>
				<float name="StoreCapacity" value="700."/>
				<boolean name="Transportable" value="false"/>
				<float name="TurnRate" value="1.5e-003"/>
				<integer name="Type" value="2"/>
				<float name="Vitality" value="7000."/>
				<float name="VitalityAA" value="1200."/>
				<float name="Weight" value="11394."/>
				<integer name="Width" value="18.5"/>
				<integer name="Year" value="39"/>
			</object>
		</object>
		<object name="ShipsNames">
			<object name="Chikuma">
				<string name="1" value="Chikuma1"/>
			</object>
		</object>
		<object name="UnitsByType">
			<object name="2">
				<object name="Chikuma">
					<string name="ChildTable" value="Ships"/>
				</object>
			</object>
		</object>
	</object>
</root>
