﻿<?xml version="1.0" standalone="yes" ?>
<root>
	<object name="Modifications">
		<object name="Ships">
			<object name="Trieste">
				<object name="Prototype">
					<string name="AAGunControl" value="Mark0_AA"/>
					<float name="AAVolleyWeight" value="6.52959967"/>
					<float name="Aluminium" value="0."/>
					<float name="AmmoWeight" value="274.415955"/>
					<float name="Armour" value="0."/>
					<float name="FuelConsumption" value="4.72890997"/>
					<float name="FuelProtect" value="0."/>
					<string name="FullModName" value="Ships.Trieste.Prototype"/>
					<float name="Iron" value="19718.9141"/>
					<boolean name="IsAvailable" value="true"/>
					<boolean name="IsJammer" value="false"/>
					<string name="MainGunControl" value="Mk_7_M"/>
					<float name="MaxFuel" value="2400."/>
					<float name="MaxSpeed" value="35."/>
					<float name="MinSpeed" value="0."/>
					<float name="Money" value="35489."/>
					<widestring name="Name" value="SQBuAGMAcgBvAGMAaQBhAHQAbwByAGkAIABwAGUAcwBhAG4AdAAgAFQAcgBpAGUAcwB0AGUA"/>
					<float name="RadarRange" value="0."/>
					<float name="RadioGain" value="32258.0645"/>
					<float name="RadioPowerHF" value="100."/>
					<float name="RadioPowerVHF" value="0."/>
					<float name="RadioSensitivityHF" value="3.10000009e-003"/>
					<float name="RadioSensitivityVHF" value="0."/>
					<object name="Slots">
						<object name="TPort_MG01">
							<string name="Device" value="Zara_203mm_TurretA"/>
							<string name="Table" value="Turrets"/>
						</object>
						<object name="TPort_MG02">
							<string name="Device" value="Zara_203mm_TurretB"/>
							<string name="Table" value="Turrets"/>
						</object>
						<object name="TPort_MG03">
							<string name="Device" value="Zara_203mm_TurretX"/>
							<string name="Table" value="Turrets"/>
						</object>
						<object name="TPort_MG04">
							<string name="Device" value="Zara_203mm_TurretY"/>
							<string name="Table" value="Turrets"/>
						</object>
						<object name="TPort_SecFR">
							<string name="Device" value="Zara_2x100mm_Turret"/>
							<string name="Table" value="Turrets"/>
						</object>
						<object name="TPort_SecFL">
							<string name="Device" value="Zara_2x100mm_Turret"/>
							<string name="Table" value="Turrets"/>
						</object>
						<object name="TPort_SecFMR">
							<string name="Device" value="Zara_2x100mm_Turret"/>
							<string name="Table" value="Turrets"/>
						</object>
						<object name="TPort_SecFML">
							<string name="Device" value="Zara_2x100mm_Turret"/>
							<string name="Table" value="Turrets"/>
						</object>
						<object name="TPort_SecBMR">
							<string name="Device" value="Zara_2x100mm_Turret"/>
							<string name="Table" value="Turrets"/>
						</object>
						<object name="TPort_SecBML">
							<string name="Device" value="Zara_2x100mm_Turret"/>
							<string name="Table" value="Turrets"/>
						</object>
						<object name="TPort_SecBR">
							<string name="Device" value="Zara_2x100mm_Turret"/>
							<string name="Table" value="Turrets"/>
						</object>
						<object name="TPort_SecBL">
							<string name="Device" value="Zara_2x100mm_Turret"/>
							<string name="Table" value="Turrets"/>
						</object>
						<object name="TPort_AA37FR">
							<string name="Device" value="Bismark_FLAK3_37mm_SK_C30_Turret"/>
							<string name="Table" value="Turrets"/>
						</object>

						<object name="TPort_AA37FL">
							<string name="Device" value="Bismark_FLAK3_37mm_SK_C30_Turret"/>
							<string name="Table" value="Turrets"/>
						</object>
						<object name="TPort_AA37FMR">
							<string name="Device" value="Bismark_FLAK3_37mm_SK_C30_Turret"/>
							<string name="Table" value="Turrets"/>
						</object>
						<object name="TPort_AA37FML">
							<string name="Device" value="Bismark_FLAK3_37mm_SK_C30_Turret"/>
							<string name="Table" value="Turrets"/>
						</object>
						<object name="TPort_AA37BMR">
							<string name="Device" value="Bismark_FLAK3_37mm_SK_C30_Turret"/>
							<string name="Table" value="Turrets"/>
						</object>
						<object name="TPort_AA37BML">
							<string name="Device" value="Bismark_FLAK3_37mm_SK_C30_Turret"/>
							<string name="Table" value="Turrets"/>
						</object>
						<object name="TPort_AA37BR">
							<string name="Device" value="Bismark_FLAK3_37mm_SK_C30_Turret"/>
							<string name="Table" value="Turrets"/>
						</object>
						<object name="TPort_AA37BL">
							<string name="Device" value="Bismark_FLAK3_37mm_SK_C30_Turret"/>
							<string name="Table" value="Turrets"/>
						</object>
						<object name="TPort_AA20mmFR">
							<string name="Device" value="Bismark_FLAK5_20mm_MG_C30_3V_Turret"/>
							<string name="Table" value="Turrets"/>
						</object>
						<object name="TPort_AA20mmFL">
							<string name="Device" value="Bismark_FLAK5_20mm_MG_C30_3V_Turret"/>
							<string name="Table" value="Turrets"/>
						</object>
						<object name="TPort_AA20mmBR">
							<string name="Device" value="Bismark_FLAK5_20mm_MG_C30_3V_Turret"/>
							<string name="Table" value="Turrets"/>
						</object>
						<object name="TPort_AA20mmBL">
							<string name="Device" value="Bismark_FLAK5_20mm_MG_C30_3V_Turret"/>
							<string name="Table" value="Turrets"/>
						</object>
						<object name="TPort_ProjF">
							<string name="Device" value="Bismark_Projector_Small"/>
							<string name="Table" value="Turrets"/>
						</object>
						<object name="TPort_ProjBR">
							<string name="Device" value="Bismark_Projector_Turret"/>
							<string name="Table" value="Turrets"/>
						</object>
						<object name="TPort_ProjBL">
							<string name="Device" value="Bismark_Projector_Turret"/>
							<string name="Table" value="Turrets"/>
						</object>
						<object name="TPort_RFSFR">
							<string name="Device" value="Bismark_RangefinderSmall"/>
							<string name="Table" value="Turrets"/>
						</object>
						<object name="TPort_RFSFL">
							<string name="Device" value="Bismark_RangefinderSmall"/>
							<string name="Table" value="Turrets"/>
						</object>
						<object name="TPort_RFSBR">
							<string name="Device" value="Bismark_RangefinderSmall"/>
							<string name="Table" value="Turrets"/>
						</object>
						<object name="TPort_RFSBL">
							<string name="Device" value="Bismark_RangefinderSmall"/>
							<string name="Table" value="Turrets"/>
						</object>


						<object name="TPort_RF01FR">
							<string name="Device" value="Zara_Rangefinder4mTypeSL_8V"/>
							<string name="Table" value="Turrets"/>
						</object>
						<object name="TPort_RF02FL">
							<string name="Device" value="Zara_Rangefinder4mTypeSL_8V"/>
							<string name="Table" value="Turrets"/>
						</object>
						<object name="TPort_RF03BR">
							<string name="Device" value="Zara_Rangefinder4mTypeSL_8V1"/>
							<string name="Table" value="Turrets"/>
						</object>
						<object name="TPort_RF04BL">
							<string name="Device" value="Zara_Rangefinder4mTypeSL_8V1"/>
							<string name="Table" value="Turrets"/>
						</object>
						<object name="TPort_RF3mF">
							<string name="Device" value="Bismark_Rangefinder3m"/>
							<string name="Table" value="Turrets"/>
						</object>
						<object name="TPort_RF3mB">
							<string name="Device" value="Bismark_Rangefinder3m"/>
							<string name="Table" value="Turrets"/>
						</object>
						<object name="TPort_RF4mF">
							<string name="Device" value=""/>
							<string name="Table" value="Turrets"/>
						</object>
						<object name="TPort_RADAR1">
							<string name="Device" value="Zara_Radar_FuMO_23_1V"/>
							<string name="Table" value="Turrets"/>
						</object>
						<object name="TPort_RADAR2">
							<string name="Device" value="Littorio_Rangefinder4m2V"/>
							<string name="Table" value="Turrets"/>
						</object>
						<object name="TPort_RADAR3">
							<string name="Device" value="Zara_Radar_FuMO_23_3V"/>
							<string name="Table" value="Turrets"/>
						</object>


						<object name="TPort_VINTR">
							<string name="Device" value="Vint_Fletcher"/>
							<string name="Table" value="Turrets"/>
						</object>
						<object name="TPort_VINTL">
							<string name="Device" value="Vint_Fletcher"/>
							<string name="Table" value="Turrets"/>
						</object>
						<object name="TPort_KATAPULT">
							<string name="Device" value="Zara_Katapult"/>
							<string name="Table" value="Turrets"/>
						</object>
						<object name="ZPort_AAGunContr1">
							<string name="Device" value="Mark0_AA"/>
							<string name="Table" value="AimSystems"/>
						</object>
						<object name="ZPort_Jammer_US_A1">
							<string name="Device" value=""/>
							<string name="Table" value="Probes"/>
						</object>
						<object name="ZPort_MainGunContr">
							<string name="Device" value="Mk_7_M"/>
							<string name="Table" value="AimSystems"/>
						</object>
						<object name="ZPort_Radio">
							<string name="Device" value="TBL7"/>
							<string name="Table" value="Probes"/>
						</object>
						<object name="ZPort_Sonar">
							<string name="Device" value=""/>
							<string name="Table" value="Probes"/>
						</object>
						<object name="ZPort_SteamTurbine_01">
							<string name="Device" value="MPP_Trento"/>
							<string name="Table" value="Engins"/>
						</object>
					</object>
					<string name="Sonar" value=""/>
					<float name="Speed" value="16."/>
					<string name="SuperRifles" value=""/>
					<float name="VolleyWeight" value="5.57732773"/>
					<float name="Weight" value="15100.2783"/>
				</object> 
				<object name="ai_43">
					<string name="AAGunControl" value="Mark1_AA"/>
					<float name="AAVolleyWeight" value="7.21568012"/>
					<float name="Aluminium" value="0."/>
					<float name="AmmoWeight" value="282.255981"/>
					<float name="Armour" value="0."/>
					<float name="FuelConsumption" value="4.72890997"/>
					<float name="FuelProtect" value="0."/>
					<string name="FullModName" value="Ships.Trieste.ai_43"/>
					<float name="Iron" value="19718.9141"/>
					<boolean name="IsAvailable" value="false"/>
					<boolean name="IsJammer" value="false"/>
					<string name="MainGunControl" value="Mk_8R_M"/>
					<float name="MaxFuel" value="2400."/>
					<float name="MaxSpeed" value="35."/>
					<float name="MinSpeed" value="0."/>
					<float name="Money" value="35886."/>
					<widestring name="Name" value="SQBuAGMAcgBvAGMAaQBhAHQAbwByAGkAIABwAGUAcwBhAG4AdAAgAFQAcgBpAGUAcwB0AGUAXwBhAGkANAAzAAA="/>
					<float name="RadarRange" value="101.739784"/>
					<float name="RadioGain" value="10000."/>
					<float name="RadioPowerHF" value="0."/>
					<float name="RadioPowerVHF" value="50."/>
					<float name="RadioSensitivityHF" value="0."/>
					<float name="RadioSensitivityVHF" value="4.99999989e-003"/>
					<object name="Slots">
						<object name="TPort_MG01">
							<string name="Device" value="Zara_203mm_TurretA"/>
							<string name="Table" value="Turrets"/>
						</object>
						<object name="TPort_MG02">
							<string name="Device" value="Zara_203mm_TurretB"/>
							<string name="Table" value="Turrets"/>
						</object>
						<object name="TPort_MG03">
							<string name="Device" value="Zara_203mm_TurretX"/>
							<string name="Table" value="Turrets"/>
						</object>
						<object name="TPort_MG04">
							<string name="Device" value="Zara_203mm_TurretY"/>
							<string name="Table" value="Turrets"/>
						</object>
						<object name="TPort_SecFR">
							<string name="Device" value="Zara_2x100mm_Turret"/>
							<string name="Table" value="Turrets"/>
						</object>
						<object name="TPort_SecFL">
							<string name="Device" value="Zara_2x100mm_Turret"/>
							<string name="Table" value="Turrets"/>
						</object>
						<object name="TPort_SecFMR">
							<string name="Device" value="Zara_2x100mm_Turret"/>
							<string name="Table" value="Turrets"/>
						</object>
						<object name="TPort_SecFML">
							<string name="Device" value="Zara_2x100mm_Turret"/>
							<string name="Table" value="Turrets"/>
						</object>
						<object name="TPort_SecBMR">
							<string name="Device" value="Zara_2x100mm_Turret"/>
							<string name="Table" value="Turrets"/>
						</object>
						<object name="TPort_SecBML">
							<string name="Device" value="Zara_2x100mm_Turret"/>
							<string name="Table" value="Turrets"/>
						</object>
						<object name="TPort_SecBR">
							<string name="Device" value="Zara_2x100mm_Turret"/>
							<string name="Table" value="Turrets"/>
						</object>
						<object name="TPort_SecBL">
							<string name="Device" value="Zara_2x100mm_Turret"/>
							<string name="Table" value="Turrets"/>
						</object>
						<object name="TPort_AA37FR">
							<string name="Device" value="Bismark_FLAK3_37mm_SK_C30_Turret"/>
							<string name="Table" value="Turrets"/>
						</object>

						<object name="TPort_AA37FL">
							<string name="Device" value="Bismark_FLAK3_37mm_SK_C30_Turret"/>
							<string name="Table" value="Turrets"/>
						</object>
						<object name="TPort_AA37FMR">
							<string name="Device" value="Bismark_FLAK3_37mm_SK_C30_Turret"/>
							<string name="Table" value="Turrets"/>
						</object>
						<object name="TPort_AA37FML">
							<string name="Device" value="Bismark_FLAK3_37mm_SK_C30_Turret"/>
							<string name="Table" value="Turrets"/>
						</object>
						<object name="TPort_AA37BMR">
							<string name="Device" value="Bismark_FLAK3_37mm_SK_C30_Turret"/>
							<string name="Table" value="Turrets"/>
						</object>
						<object name="TPort_AA37BML">
							<string name="Device" value="Bismark_FLAK3_37mm_SK_C30_Turret"/>
							<string name="Table" value="Turrets"/>
						</object>
						<object name="TPort_AA37BR">
							<string name="Device" value="Bismark_FLAK3_37mm_SK_C30_Turret"/>
							<string name="Table" value="Turrets"/>
						</object>
						<object name="TPort_AA37BL">
							<string name="Device" value="Bismark_FLAK3_37mm_SK_C30_Turret"/>
							<string name="Table" value="Turrets"/>
						</object>
						<object name="TPort_AA20mmFR">
							<string name="Device" value="Bismark_FLAK4_20mm_MG_C38Quad_Turret"/>
							<string name="Table" value="Turrets"/>
						</object>
						<object name="TPort_AA20mmFL">
							<string name="Device" value="Bismark_FLAK4_20mm_MG_C38Quad_Turret"/>
							<string name="Table" value="Turrets"/>
						</object>
						<object name="TPort_AA20mmBR">
							<string name="Device" value="Bismark_FLAK5_20mm_MG_C30_3V_Turret"/>
							<string name="Table" value="Turrets"/>
						</object>
						<object name="TPort_AA20mmBL">
							<string name="Device" value="Bismark_FLAK5_20mm_MG_C30_3V_Turret"/>
							<string name="Table" value="Turrets"/>
						</object>
						<object name="TPort_ProjF">
							<string name="Device" value="Bismark_Projector_Small"/>
							<string name="Table" value="Turrets"/>
						</object>
						<object name="TPort_ProjBR">
							<string name="Device" value="Bismark_Projector_Turret"/>
							<string name="Table" value="Turrets"/>
						</object>
						<object name="TPort_ProjBL">
							<string name="Device" value="Bismark_Projector_Turret"/>
							<string name="Table" value="Turrets"/>
						</object>
						<object name="TPort_RFSFR">
							<string name="Device" value="Bismark_RangefinderSmall"/>
							<string name="Table" value="Turrets"/>
						</object>
						<object name="TPort_RFSFL">
							<string name="Device" value="Bismark_RangefinderSmall"/>
							<string name="Table" value="Turrets"/>
						</object>
						<object name="TPort_RFSBR">
							<string name="Device" value="Bismark_RangefinderSmall"/>
							<string name="Table" value="Turrets"/>
						</object>
						<object name="TPort_RFSBL">
							<string name="Device" value="Bismark_RangefinderSmall"/>
							<string name="Table" value="Turrets"/>
						</object>


						<object name="TPort_RF01FR">
							<string name="Device" value="Zara_Radar_FuMOFX"/>
							<string name="Table" value="Turrets"/>
						</object>
						<object name="TPort_RF02FL">
							<string name="Device" value="Zara_Radar_FuMOFX"/>
							<string name="Table" value="Turrets"/>
						</object>
						<object name="TPort_RF03BR">
							<string name="Device" value="Zara_Rangefinder4mTypeSL_8V1"/>
							<string name="Table" value="Turrets"/>
						</object>
						<object name="TPort_RF04BL">
							<string name="Device" value="Zara_Rangefinder4mTypeSL_8V1"/>
							<string name="Table" value="Turrets"/>
						</object>
						<object name="TPort_RF3mF">
							<string name="Device" value="Bismark_Rangefinder3m"/>
							<string name="Table" value="Turrets"/>
						</object>
						<object name="TPort_RF3mB">
							<string name="Device" value="Bismark_Rangefinder3m"/>
							<string name="Table" value="Turrets"/>
						</object>
						<object name="TPort_RF4mF">
							<string name="Device" value=""/>
							<string name="Table" value="Turrets"/>
						</object>
						<object name="TPort_RADAR1">
							<string name="Device" value="Zara_Radar_FuMO_23_1V"/>
							<string name="Table" value="Turrets"/>
						</object>
						<object name="TPort_RADAR2">
							<string name="Device" value="Zara_Radar_FuMO213"/>
							<string name="Table" value="Turrets"/>
						</object>
						<object name="TPort_RADAR3">
							<string name="Device" value="Zara_Radar_FuMO_23_3V"/>
							<string name="Table" value="Turrets"/>
						</object>


						<object name="TPort_VINTR">
							<string name="Device" value="Vint_Fletcher"/>
							<string name="Table" value="Turrets"/>
						</object>
						<object name="TPort_VINTL">
							<string name="Device" value="Vint_Fletcher"/>
							<string name="Table" value="Turrets"/>
						</object>
						<object name="TPort_KATAPULT">
							<string name="Device" value="Zara_Katapult"/>
							<string name="Table" value="Turrets"/>
						</object>
						<object name="ZPort_AAGunContr1">
							<string name="Device" value="Mark1_AA"/>
							<string name="Table" value="AimSystems"/>
						</object>
						<object name="ZPort_Jammer_US_A1">
							<string name="Device" value=""/>
							<string name="Table" value="Probes"/>
						</object>
						<object name="ZPort_MainGunContr">
							<string name="Device" value="Mk_8R_M"/>
							<string name="Table" value="AimSystems"/>
						</object>
						<object name="ZPort_Radio">
							<string name="Device" value="TBS"/>
							<string name="Table" value="Probes"/>
						</object>
						<object name="ZPort_Sonar">
							<string name="Device" value="SearchLight_U"/>
							<string name="Table" value="Probes"/>
						</object>
						<object name="ZPort_SteamTurbine_01">
							<string name="Device" value="MPP_Trento"/>
							<string name="Table" value="Engins"/>
						</object>
					</object>
					<string name="Sonar" value="SearchLight_U"/>
					<float name="Speed" value="16."/>
					<string name="SuperRifles" value=""/>
					<float name="VolleyWeight" value="5.57732773"/>
					<float name="Weight" value="15100.2783"/>
				</object>
				<object name="ai_45">
					<string name="AAGunControl" value="Mark12R_AA"/>
					<float name="AAVolleyWeight" value="22.7110367"/>
					<float name="Aluminium" value="0."/>
					<float name="AmmoWeight" value="297.616028"/>
					<float name="Armour" value="0."/>
					<float name="FuelConsumption" value="4.72890997"/>
					<float name="FuelProtect" value="0."/>
					<string name="FullModName" value="Ships.Trieste.ai_45"/>
					<float name="Iron" value="19764.3945"/>
					<boolean name="IsAvailable" value="false"/>
					<boolean name="IsJammer" value="true"/>
					<string name="MainGunControl" value="Mk_8R_M"/>
					<float name="MaxFuel" value="2400."/>
					<float name="MaxSpeed" value="35."/>
					<float name="MinSpeed" value="0."/>
					<float name="Money" value="36140."/>
					<widestring name="Name" value="SQBuAGMAcgBvAGMAaQBhAHQAbwByAGkAIABwAGUAcwBhAG4AdAAgAFQAcgBpAGUAcwB0AGUAXwBhAGkANAA1AAA="/>
					<float name="RadarRange" value="101.739784"/>
					<float name="RadioGain" value="10000."/>
					<float name="RadioPowerHF" value="0."/>
					<float name="RadioPowerVHF" value="50."/>
					<float name="RadioSensitivityHF" value="0."/>
					<float name="RadioSensitivityVHF" value="4.99999989e-003"/>
					<object name="Slots">
						<object name="TPort_MG01">
							<string name="Device" value="Zara_203mm_TurretA"/>
							<string name="Table" value="Turrets"/>
						</object>
						<object name="TPort_MG02">
							<string name="Device" value="Zara_203mm_TurretB"/>
							<string name="Table" value="Turrets"/>
						</object>
						<object name="TPort_MG03">
							<string name="Device" value="Zara_203mm_TurretX"/>
							<string name="Table" value="Turrets"/>
						</object>
						<object name="TPort_MG04">
							<string name="Device" value="Zara_203mm_TurretY"/>
							<string name="Table" value="Turrets"/>
						</object>
						<object name="TPort_SecFR">
							<string name="Device" value="Turret_127_KM40"/>
							<string name="Table" value="Turrets"/>
						</object>
						<object name="TPort_SecFL">
							<string name="Device" value="Turret_127_KM40"/>
							<string name="Table" value="Turrets"/>
						</object>
						<object name="TPort_SecFMR">
							<string name="Device" value="Turret_127_KM40"/>
							<string name="Table" value="Turrets"/>
						</object>
						<object name="TPort_SecFML">
							<string name="Device" value="Turret_127_KM40"/>
							<string name="Table" value="Turrets"/>
						</object>
						<object name="TPort_SecBMR">
							<string name="Device" value="Turret_127_KM40"/>
							<string name="Table" value="Turrets"/>
						</object>
						<object name="TPort_SecBML">
							<string name="Device" value="Turret_127_KM40"/>
							<string name="Table" value="Turrets"/>
						</object>
						<object name="TPort_SecBR">
							<string name="Device" value="Turret_127_KM40"/>
							<string name="Table" value="Turrets"/>
						</object>
						<object name="TPort_SecBL">
							<string name="Device" value="Turret_127_KM40"/>
							<string name="Table" value="Turrets"/>
						</object>
						<object name="TPort_AA37FR">
							<string name="Device" value="G_Bofors_20x8_Turret"/>
							<string name="Table" value="Turrets"/>
						</object>

						<object name="TPort_AA37FL">
							<string name="Device" value="G_Bofors_20x8_Turret"/>
							<string name="Table" value="Turrets"/>
						</object>
						<object name="TPort_AA37FMR">
							<string name="Device" value="G_Bofors_20x8_Turret"/>
							<string name="Table" value="Turrets"/>
						</object>
						<object name="TPort_AA37FML">
							<string name="Device" value="G_Bofors_20x8_Turret"/>
							<string name="Table" value="Turrets"/>
						</object>
						<object name="TPort_AA37BMR">
							<string name="Device" value="G_Bofors_20x8_Turret"/>
							<string name="Table" value="Turrets"/>
						</object>
						<object name="TPort_AA37BML">
							<string name="Device" value="G_Bofors_20x8_Turret"/>
							<string name="Table" value="Turrets"/>
						</object>
						<object name="TPort_AA37BR">
							<string name="Device" value="G_Bofors_20x8_Turret"/>
							<string name="Table" value="Turrets"/>
						</object>
						<object name="TPort_AA37BL">
							<string name="Device" value="G_Bofors_20x8_Turret"/>
							<string name="Table" value="Turrets"/>
						</object>
						<object name="TPort_AA20mmFR">
							<string name="Device" value="Bismark_FLAK4_20mm_MG_C38Quad_Turret"/>
							<string name="Table" value="Turrets"/>
						</object>
						<object name="TPort_AA20mmFL">
							<string name="Device" value="Bismark_FLAK4_20mm_MG_C38Quad_Turret"/>
							<string name="Table" value="Turrets"/>
						</object>
						<object name="TPort_AA20mmBR">
							<string name="Device" value="Bismark_FLAK5_20mm_MG_C30_3V_Turret"/>
							<string name="Table" value="Turrets"/>
						</object>
						<object name="TPort_AA20mmBL">
							<string name="Device" value="Bismark_FLAK5_20mm_MG_C30_3V_Turret"/>
							<string name="Table" value="Turrets"/>
						</object>
						<object name="TPort_ProjF">
							<string name="Device" value="Bismark_Projector_Small"/>
							<string name="Table" value="Turrets"/>
						</object>
						<object name="TPort_ProjBR">
							<string name="Device" value="Bismark_Projector_Turret"/>
							<string name="Table" value="Turrets"/>
						</object>
						<object name="TPort_ProjBL">
							<string name="Device" value="Bismark_Projector_Turret"/>
							<string name="Table" value="Turrets"/>
						</object>
						<object name="TPort_RFSFR">
							<string name="Device" value="Bismark_RangefinderSmall"/>
							<string name="Table" value="Turrets"/>
						</object>
						<object name="TPort_RFSFL">
							<string name="Device" value="Bismark_RangefinderSmall"/>
							<string name="Table" value="Turrets"/>
						</object>
						<object name="TPort_RFSBR">
							<string name="Device" value="Bismark_RangefinderSmall"/>
							<string name="Table" value="Turrets"/>
						</object>
						<object name="TPort_RFSBL">
							<string name="Device" value="Bismark_RangefinderSmall"/>
							<string name="Table" value="Turrets"/>
						</object>


						<object name="TPort_RF01FR">
							<string name="Device" value="Zara_Radar_FuMOFX"/>
							<string name="Table" value="Turrets"/>
						</object>
						<object name="TPort_RF02FL">
							<string name="Device" value="Zara_Radar_FuMOFX"/>
							<string name="Table" value="Turrets"/>
						</object>
						<object name="TPort_RF03BR">
							<string name="Device" value="Zara_Rangefinder4mTypeSL_8V1"/>
							<string name="Table" value="Turrets"/>
						</object>
						<object name="TPort_RF04BL">
							<string name="Device" value="Zara_Rangefinder4mTypeSL_8V1"/>
							<string name="Table" value="Turrets"/>
						</object>
						<object name="TPort_RF3mF">
							<string name="Device" value="Bismark_Rangefinder3m"/>
							<string name="Table" value="Turrets"/>
						</object>
						<object name="TPort_RF3mB">
							<string name="Device" value="Bismark_Rangefinder3m"/>
							<string name="Table" value="Turrets"/>
						</object>
						<object name="TPort_RF4mF">
							<string name="Device" value=""/>
							<string name="Table" value="Turrets"/>
						</object>
						<object name="TPort_RADAR1">
							<string name="Device" value="Zara_Radar_FuMO_23_1V"/>
							<string name="Table" value="Turrets"/>
						</object>
						<object name="TPort_RADAR2">
							<string name="Device" value="Zara_Radar_FuMO213"/>
							<string name="Table" value="Turrets"/>
						</object>
						<object name="TPort_RADAR3">
							<string name="Device" value="Zara_Radar_FuMO_23_3V"/>
							<string name="Table" value="Turrets"/>
						</object>


						<object name="TPort_VINTR">
							<string name="Device" value="Vint_Fletcher"/>
							<string name="Table" value="Turrets"/>
						</object>
						<object name="TPort_VINTL">
							<string name="Device" value="Vint_Fletcher"/>
							<string name="Table" value="Turrets"/>
						</object>
						<object name="TPort_KATAPULT">
							<string name="Device" value="Zara_Katapult"/>
							<string name="Table" value="Turrets"/>
						</object>
						<object name="ZPort_AAGunContr1">
							<string name="Device" value="Mark12R_AA"/>
							<string name="Table" value="AimSystems"/>
						</object>
						<object name="ZPort_Jammer_US_A1">
							<string name="Device" value="Jammer_US_A"/>
							<string name="Table" value="Probes"/>
						</object>
						<object name="ZPort_MainGunContr">
							<string name="Device" value="Mk_8R_M"/>
							<string name="Table" value="AimSystems"/>
						</object>
						<object name="ZPort_Radio">
							<string name="Device" value="TBS"/>
							<string name="Table" value="Probes"/>
						</object>
						<object name="ZPort_Sonar">
							<string name="Device" value="SearchLight_U"/>
							<string name="Table" value="Probes"/>
						</object>
						<object name="ZPort_SteamTurbine_01">
							<string name="Device" value="MPP_Trento"/>
							<string name="Table" value="Engins"/>
						</object>
					</object>
					<string name="Sonar" value="SearchLight_U"/>
					<float name="Speed" value="16."/>
					<string name="SuperRifles" value=""/>
					<float name="VolleyWeight" value="11.4253292"/>
					<float name="Weight" value="15100.2783"/>
				</object>
			</object>
		</object>
	</object>
</root>