﻿<?xml version = "1.0" encoding = "UTF-8"?>
<root>
	<object name = "SteelMonstersParams">
		<object name="Ships">
			<object name="Mutsuki">
				<float name="AccelRate" value="4.e-004"/>
				<integer name="AirplanesCount" value="0"/>
				<string name="AmmoLoadingTemplate" value="Ammo 20"/>
				<boolean name="BoatsTransportationAbility" value="false"/>
				<integer name="CabinArmor" value="20"/>
				<boolean name="CanBeChanged" value="true"/>
				<boolean name="CanUseTorpedos" value="true"/>
				<integer name="Country" value="2"/>
				<integer name="Crew" value="150"/>
				<float name="CriticalCareen" value="27."/>
				<float name="CriticalDFT" value="0.7"/>
				<float name="CriticalDifferent" value="2.5"/>
				<float name="DisplacementMax" value="1772."/>
				<float name="DTimeProd" value="45."/>
				<float name="EPR" value="130."/>
				<float name="FireRisk" value="133."/>
				<float name="Fuel" value="420."/>
				<float name="HLShapeCoef" value="1.0"/>
				<integer name="HullArmorSide" value="20"/>
				<integer name="HullArmorTop" value="20"/>
				<float name="Iron" value="1800."/>
				<integer name="Length" value="102.7"/>
				<float name="MaxSpeed" value="37.2"/>
				<integer name="MinCrew" value="57"/>
				<float name="Money" value="2400."/>
				<string name="Name" value="Mutsuki"/>
				<boolean name="New" value="true"/>
				<float name="NTimeProd" value="120."/>
				<integer name="Nuc_Dest_Prob" value="680"/>
				<integer name="Passengers" value="30"/>
				<boolean name="PlanesTransportationAbility" value="false"/>
				<float name="Range" value="7400."/>
				<integer name="Rank" value="5"/>
				<string name="SMU" value="Mutsuki"/>
				<float name="Speed" value="15."/>
				<float name="StoreCapacity" value="100."/>
				<boolean name="Transportable" value="false"/>
				<float name="TurnRate" value="1.8e-003"/>
				<integer name="Type" value="4"/>
				<float name="Vitality" value="700."/>
				<float name="VitalityAA" value="350."/>
				<float name="Weight" value="1315."/>
				<integer name="Width" value="9.16"/>
				<integer name="Year" value="39"/>
			</object>
		</object>
		<object name="Engins">
			<object name="MPP_Mutsuki">
				<float name="Consumption" value="5.6e-004"/>
				<integer name="Country" value="2"/>
				<float name="Money" value="90."/>
				<integer name="Power_Max" value="38500"/>
				<integer name="RPM_Max" value="0"/>
				<integer name="Type" value="8"/>
				<integer name="Unreliability" value="10"/>
				<string name="Usage" value="Ships"/>
				<float name="Weight" value="260."/>
			</object>
		</object>
		<object name="Hit_Location">
			<object name="Muts5238">
				<integer name="Country" value="2"/>
				<float name="ER" value="100."/>
				<string name="Hull" value="Std_Bottom"/>
				<string name="Name" value="Middle3_Bottom"/>
				<string name="TypHL" value="FuelTank"/>
				<string name="UnitName" value="Mutsuki"/>
			</object>
			<object name="Muts5239">
				<integer name="Country" value="2"/>
				<float name="ER" value="100."/>
				<string name="Hull" value="Std_Boiler"/>
				<string name="Name" value="Boiler4"/>
				<string name="TypHL" value="Boiler"/>
				<string name="UnitName" value="Mutsuki"/>
			</object>
			<object name="Muts5240">
				<integer name="Country" value="2"/>
				<float name="ER" value="100."/>
				<string name="Hull" value="Std_Boiler"/>
				<string name="Name" value="Boiler3"/>
				<string name="TypHL" value="Boiler"/>
				<string name="UnitName" value="Mutsuki"/>
			</object>
			<object name="Muts5241">
				<integer name="Country" value="2"/>
				<float name="ER" value="100."/>
				<string name="Hull" value="Std_UpperHull"/>
				<string name="Name" value="Middle3_Deck"/>
				<string name="TypHL" value="Hull"/>
				<string name="UnitName" value="Mutsuki"/>
			</object>
			<object name="Muts5242">
				<integer name="Country" value="2"/>
				<float name="ER" value="100."/>
				<string name="Hull" value="Std_Bottom"/>
				<string name="Name" value="Middle4_Bottom"/>
				<string name="TypHL" value="FuelTank"/>
				<string name="UnitName" value="Mutsuki"/>
			</object>
			<object name="Muts5243">
				<string name="ConnectName" value="Boiler1;Boiler2;"/>
				<integer name="Country" value="2"/>
				<float name="ER" value="100."/>
				<string name="Hull" value="Std_Engine"/>
				<string name="Name" value="Engine1"/>
				<string name="TypHL" value="Engine"/>
				<string name="UnitName" value="Mutsuki"/>
			</object>
			<object name="Muts5244">
				<integer name="Country" value="2"/>
				<float name="ER" value="100."/>
				<string name="Hull" value="Std_Hull"/>
				<string name="Name" value="Middle4_LowerDeck"/>
				<string name="TypHL" value="Hull"/>
				<string name="UnitName" value="Mutsuki"/>
			</object>
			<object name="Muts5245">
				<integer name="Country" value="2"/>
				<float name="ER" value="100."/>
				<string name="Hull" value="Std_Boiler"/>
				<string name="Name" value="Boiler1"/>
				<string name="TypHL" value="Boiler"/>
				<string name="UnitName" value="Mutsuki"/>
			</object>
			<object name="Muts5246">
				<integer name="Country" value="2"/>
				<float name="ER" value="100."/>
				<string name="Hull" value="Std_AS_T1"/>
				<string name="Name" value="AmmoStore_Torpedos1"/>
				<string name="TypHL" value="AmmoStore"/>
				<string name="UnitName" value="Mutsuki"/>
			</object>
			<object name="Muts5247">
				<integer name="Country" value="2"/>
				<float name="ER" value="100."/>
				<string name="Hull" value="Std_Hull"/>
				<string name="Name" value="Middle5_LowerDeck"/>
				<string name="TypHL" value="Hull"/>
				<string name="UnitName" value="Mutsuki"/>
			</object>
			<object name="Muts5248">
				<integer name="Country" value="2"/>
				<float name="ER" value="100."/>
				<string name="Hull" value="Std_UpperHull"/>
				<string name="Name" value="Middle4_UpperDeck"/>
				<string name="TypHL" value="Hull"/>
				<string name="UnitName" value="Mutsuki"/>
			</object>
			<object name="Muts5249">
				<integer name="Country" value="2"/>
				<float name="ER" value="100."/>
				<string name="Hull" value="Std_Bottom"/>
				<string name="Name" value="Middle5_Bottom"/>
				<string name="TypHL" value="FuelTank"/>
				<string name="UnitName" value="Mutsuki"/>
			</object>
			<object name="Muts5250">
				<string name="ConnectName" value="Boiler3;Boiler4;"/>
				<integer name="Country" value="2"/>
				<float name="ER" value="100."/>
				<string name="Hull" value="Std_Engine"/>
				<string name="Name" value="Engine2"/>
				<string name="TypHL" value="Engine"/>
				<string name="UnitName" value="Mutsuki"/>
			</object>
			<object name="Muts5251">
				<string name="ConnectName" value="Tiller"/>
				<integer name="Country" value="2"/>
				<float name="ER" value="100."/>
				<string name="Hull" value="Std_Rudder"/>
				<string name="Name" value="Rudder"/>
				<string name="TypHL" value="Rudder"/>
				<string name="UnitName" value="Mutsuki"/>
			</object>
			<object name="Muts5252">
				<integer name="Country" value="2"/>
				<float name="ER" value="100."/>
				<string name="Hull" value="Std_AS_T1"/>
				<string name="Name" value="AmmoStore_Torpedos2"/>
				<string name="TypHL" value="AmmoStore"/>
				<string name="UnitName" value="Mutsuki"/>
			</object>
			<object name="Muts5253">
				<integer name="Country" value="2"/>
				<float name="ER" value="100."/>
				<string name="Hull" value="Std_UpperHull"/>
				<string name="Name" value="Middle2_Deck"/>
				<string name="TypHL" value="Hull"/>
				<string name="UnitName" value="Mutsuki"/>
			</object>
			<object name="Muts5254">
				<integer name="Country" value="2"/>
				<float name="ER" value="100."/>
				<string name="Hull" value="Std_AS_T2"/>
				<string name="Name" value="AmmoStore3"/>
				<string name="TypHL" value="AmmoStore"/>
				<string name="UnitName" value="Mutsuki"/>
			</object>
			<object name="Muts5255">
				<integer name="Country" value="2"/>
				<float name="ER" value="100."/>
				<string name="Hull" value="Std_AS_T2"/>
				<string name="Name" value="AmmoStore2"/>
				<string name="TypHL" value="AmmoStore"/>
				<string name="UnitName" value="Mutsuki"/>
			</object>
			<object name="Muts5256">
				<integer name="Country" value="2"/>
				<float name="ER" value="100."/>
				<string name="Hull" value="FletcherCrewAndProbe"/>
				<string name="Name" value="Probe_Torpedo"/>
				<string name="TypHL" value="Probe"/>
				<string name="UnitName" value="Mutsuki"/>
			</object>
			<object name="Muts5257">
				<integer name="Country" value="2"/>
				<float name="ER" value="100."/>
				<string name="Hull" value="FletcherCrewAndProbe"/>
				<string name="Name" value="Probe_AA"/>
				<string name="TypHL" value="Probe"/>
				<string name="UnitName" value="Mutsuki"/>
			</object>
			<object name="Muts5258">
				<integer name="Country" value="2"/>
				<float name="ER" value="100."/>
				<string name="Hull" value="FletcherCrewAndProbe"/>
				<string name="Name" value="Probe_MG"/>
				<string name="TypHL" value="Probe"/>
				<string name="UnitName" value="Mutsuki"/>
			</object>
			<object name="Muts5259">
				<integer name="Country" value="2"/>
				<float name="ER" value="100."/>
				<string name="Hull" value="FletcherCrewAndProbe"/>
				<string name="Name" value="Radar"/>
				<string name="TypHL" value="Probe"/>
				<string name="UnitName" value="Mutsuki"/>
			</object>
			<object name="Muts5260">
				<integer name="Country" value="2"/>
				<float name="ER" value="100."/>
				<string name="Hull" value="FletcherCrewAndProbe"/>
				<string name="Name" value="Radio"/>
				<string name="TypHL" value="Probe"/>
				<string name="UnitName" value="Mutsuki"/>
			</object>
			<object name="Muts5261">
				<integer name="Country" value="2"/>
				<float name="ER" value="100."/>
				<string name="Hull" value="FletcherCrewAndProbe"/>
				<string name="Name" value="BattleCabine"/>
				<string name="TypHL" value="Hull"/>
				<string name="UnitName" value="Mutsuki"/>
			</object>
			<object name="Muts5262">
				<string name="ConnectName" value="Engine2"/>
				<integer name="Country" value="2"/>
				<float name="ER" value="100."/>
				<string name="Hull" value="Std_Mover"/>
				<string name="Name" value="Mover2"/>
				<string name="TypHL" value="Mover"/>
				<string name="UnitName" value="Mutsuki"/>
			</object>
			<object name="Muts5263">
				<string name="ConnectName" value="Engine1"/>
				<integer name="Country" value="2"/>
				<float name="ER" value="100."/>
				<string name="Hull" value="Std_Mover"/>
				<string name="Name" value="Mover1"/>
				<string name="TypHL" value="Mover"/>
				<string name="UnitName" value="Mutsuki"/>
			</object>
			<object name="Muts5264">
				<integer name="Country" value="2"/>
				<float name="ER" value="100."/>
				<string name="Hull" value="Std_UpperHull"/>
				<string name="Name" value="Middle5_UpperDeck"/>
				<string name="TypHL" value="Hull"/>
				<string name="UnitName" value="Mutsuki"/>
			</object>
			<object name="Muts5265">
				<integer name="Country" value="2"/>
				<float name="ER" value="100."/>
				<string name="Hull" value="Std_Bottom"/>
				<string name="Name" value="Bow2_Bottom"/>
				<string name="TypHL" value="Hull"/>
				<string name="UnitName" value="Mutsuki"/>
			</object>
			<object name="Muts5266">
				<integer name="Country" value="2"/>
				<float name="ER" value="100."/>
				<string name="Hull" value="Std_Hull"/>
				<string name="Name" value="Stern1_LowerDeck"/>
				<string name="TypHL" value="Hull"/>
				<string name="UnitName" value="Mutsuki"/>
			</object>
			<object name="Muts5267">
				<integer name="Country" value="2"/>
				<float name="ER" value="100."/>
				<string name="Hull" value="Std_UpperHull"/>
				<string name="Name" value="Stern1_UpperDeck"/>
				<string name="TypHL" value="Hull"/>
				<string name="UnitName" value="Mutsuki"/>
			</object>
			<object name="Muts5268">
				<integer name="Country" value="2"/>
				<float name="ER" value="100."/>
				<string name="Hull" value="Std_Rudder"/>
				<string name="Name" value="Stern_SmokeStack"/>
				<string name="TypHL" value="Hull"/>
				<string name="UnitName" value="Mutsuki"/>
			</object>
			<object name="Muts5269">
				<integer name="Country" value="2"/>
				<float name="ER" value="100."/>
				<string name="Hull" value="Std_Hull"/>
				<string name="Name" value="Bow2_LowerDeck"/>
				<string name="TypHL" value="Hull"/>
				<string name="UnitName" value="Mutsuki"/>
			</object>
			<object name="Muts5270">
				<integer name="Country" value="2"/>
				<float name="ER" value="100."/>
				<string name="Hull" value="Std_Hull"/>
				<string name="Name" value="Tiller"/>
				<string name="TypHL" value="Hull"/>
				<string name="UnitName" value="Mutsuki"/>
			</object>
			<object name="Muts5271">
				<integer name="Country" value="2"/>
				<float name="ER" value="100."/>
				<string name="Hull" value="Std_UpperHull"/>
				<string name="Name" value="Bow2_UpperDeck"/>
				<string name="TypHL" value="Hull"/>
				<string name="UnitName" value="Mutsuki"/>
			</object>
			<object name="Muts5272">
				<integer name="Country" value="2"/>
				<float name="ER" value="100."/>
				<string name="Hull" value="Std_UpperHull"/>
				<string name="Name" value="Bow1_UpperDeck"/>
				<string name="TypHL" value="Hull"/>
				<string name="UnitName" value="Mutsuki"/>
			</object>
			<object name="Muts5273">
				<integer name="Country" value="2"/>
				<float name="ER" value="100."/>
				<string name="Hull" value="Std_UpperHull"/>
				<string name="Name" value="Bow2_ForeDeck"/>
				<string name="TypHL" value="Hull"/>
				<string name="UnitName" value="Mutsuki"/>
			</object>
			<object name="Muts5274">
				<integer name="Country" value="2"/>
				<float name="ER" value="100."/>
				<string name="Hull" value="Std_AS_T2"/>
				<string name="Name" value="AmmoStore1"/>
				<string name="TypHL" value="AmmoStore"/>
				<string name="UnitName" value="Mutsuki"/>
			</object>
			<object name="Muts5275">
				<integer name="Country" value="2"/>
				<float name="ER" value="100."/>
				<string name="Hull" value="Std_UpperHull"/>
				<string name="Name" value="Bow1_ForeDeck"/>
				<string name="TypHL" value="Hull"/>
				<string name="UnitName" value="Mutsuki"/>
			</object>
			<object name="Muts5276">
				<integer name="Country" value="2"/>
				<float name="ER" value="100."/>
				<string name="Hull" value="Std_Rudder"/>
				<string name="Name" value="Bow_SmokeStack"/>
				<string name="TypHL" value="Hull"/>
				<string name="UnitName" value="Mutsuki"/>
			</object>
			<object name="Muts5277">
				<integer name="Country" value="2"/>
				<float name="ER" value="100."/>
				<string name="Hull" value="Std_Hull"/>
				<string name="Name" value="Bow1_LowerDeck"/>
				<string name="TypHL" value="Hull"/>
				<string name="UnitName" value="Mutsuki"/>
			</object>
			<object name="Muts5278">
				<integer name="Country" value="2"/>
				<float name="ER" value="100."/>
				<string name="Hull" value="Std_UpperHull"/>
				<string name="Name" value="Stern2"/>
				<string name="TypHL" value="Hull"/>
				<string name="UnitName" value="Mutsuki"/>
			</object>
			<object name="Muts5279">
				<integer name="Country" value="2"/>
				<float name="ER" value="100."/>
				<string name="Hull" value="Std_Boiler"/>
				<string name="Name" value="Boiler2"/>
				<string name="TypHL" value="Boiler"/>
				<string name="UnitName" value="Mutsuki"/>
			</object>
			<object name="Muts5280">
				<integer name="Country" value="2"/>
				<float name="ER" value="100."/>
				<string name="Hull" value="Std_Bottom"/>
				<string name="Name" value="Stern1_Bottom"/>
				<string name="TypHL" value="Hull"/>
				<string name="UnitName" value="Mutsuki"/>
			</object>
			<object name="Muts5281">
				<integer name="Country" value="2"/>
				<float name="ER" value="100."/>
				<string name="Hull" value="Std_AS_T2"/>
				<string name="Name" value="AmmoStore4"/>
				<string name="TypHL" value="AmmoStore"/>
				<string name="UnitName" value="Mutsuki"/>
			</object>
			<object name="Muts5282">
				<integer name="Country" value="2"/>
				<integer name="Crew" value="145"/>
				<float name="ER" value="100."/>
				<string name="Hull" value="Std_UpperHull"/>
				<string name="Name" value="Middle1_ForeDeck"/>
				<string name="TypHL" value="Crew"/>
				<string name="UnitName" value="Mutsuki"/>
			</object>
			<object name="Muts5283">
				<integer name="Country" value="2"/>
				<float name="ER" value="100."/>
				<string name="Hull" value="Std_Bottom"/>
				<string name="Name" value="Middle1_Bottom"/>
				<string name="TypHL" value="FuelTank"/>
				<string name="UnitName" value="Mutsuki"/>
			</object>
			<object name="Muts5284">
				<integer name="Country" value="2"/>
				<float name="ER" value="100."/>
				<string name="Hull" value="Std_Bottom"/>
				<string name="Name" value="Middle2_Bottom"/>
				<string name="TypHL" value="FuelTank"/>
				<string name="UnitName" value="Mutsuki"/>
			</object>
			<object name="Muts5285">
				<integer name="Country" value="2"/>
				<float name="ER" value="100."/>
				<string name="Hull" value="Std_Hull"/>
				<string name="Name" value="Middle1_LowerDeck"/>
				<string name="TypHL" value="Hull"/>
				<string name="UnitName" value="Mutsuki"/>
			</object>
			<object name="Muts5286">
				<integer name="Country" value="2"/>
				<float name="ER" value="100."/>
				<string name="Hull" value="Std_Probe"/>
				<string name="Name" value="Sonar"/>
				<string name="TypHL" value="Probe"/>
				<string name="UnitName" value="Mutsuki"/>
			</object>
			<object name="Muts5287">
				<integer name="Country" value="2"/>
				<float name="ER" value="100."/>
				<string name="Hull" value="Std_UpperHull"/>
				<string name="Name" value="Middle1_UpperDeck"/>
				<string name="TypHL" value="Hull"/>
				<string name="UnitName" value="Mutsuki"/>
			</object>
			<object name="Muts5288">
				<integer name="Country" value="2"/>
				<float name="ER" value="100."/>
				<string name="Hull" value="Std_Bottom"/>
				<string name="Name" value="Bow1_Bottom"/>
				<string name="TypHL" value="Hull"/>
				<string name="UnitName" value="Mutsuki"/>
			</object>
		</object>
		<object name="ShipsNames">
			<object name="Mutsuki">
				<string name="1" value="Mutsuki1"/>
				<string name="2" value="Mutsuki2"/>	
				<string name="3" value="Mutsuki3"/>
				<string name="4" value="Mutsuki4"/>
				<string name="5" value="Mutsuki5"/>
				<string name="6" value="Mutsuki6"/>
				<string name="7" value="Mutsuki7"/>
				<string name="8" value="Mutsuki8"/>	
				<string name="9" value="Mutsuki9"/>
				<string name="10" value="Mutsuki10"/>
				<string name="11" value="Mutsuki11"/>
				<string name="12" value="Mutsuki12"/>
			</object>
		</object>
		<object name="UnitsByType">
			<object name="4">
				<object name="Mutsuki">
					<string name="ChildTable" value="Ships"/>
				</object>
			</object>
		</object>
	</object>
</root>
