﻿<?xml version="1.0" standalone="yes" ?>
<root>
	<object name="Modifications">
		<object name="Ships">
			<object name="Mutsuki">
				<object name="Prototype">
					<string name="AAGunControl" value="Aim_AA"/>
					<float name="AAVolleyWeight" value="3.58519936"/>
					<float name="Aluminium" value="0."/>
					<float name="AmmoWeight" value="37.9720001"/>
					<float name="Armour" value="0."/>
					<float name="FuelConsumption" value="0.798518598"/>
					<float name="FuelProtect" value="0."/>
					<string name="FullModName" value="Ships.Mutsuki.Prototype"/>
					<float name="Iron" value="1395.24023"/>
					<boolean name="IsAvailable" value="true"/>
					<boolean name="IsJammer" value="false"/>
					<string name="MainGunControl" value="Typ13_M"/>
					<float name="MaxFuel" value="420."/>
					<float name="MaxSpeed" value="37."/>
					<float name="MinSpeed" value="0."/>
					<float name="Money" value="5983.55469."/>
					<widestring name="Name" value="TQB1AHQAcwB1AGsAaQA="/>
					<float name="RadarRange" value="0."/>
					<float name="RadioGain" value="32000."/>
					<float name="RadioPowerHF" value="160."/>
					<float name="RadioPowerVHF" value="0."/>
					<float name="RadioSensitivityHF" value="4.99999989e-003"/>
					<float name="RadioSensitivityVHF" value="0."/>
					<object name="Slots">
						<object name="TPort_MG01">
							<string name="Device" value="Shimushu_120mm_Turret"/>
							<string name="Table" value="Turrets"/>
						</object>
						<object name="TPort_MG02">
							<string name="Device" value="Shimushu_120mm_Turret"/>
							<string name="Table" value="Turrets"/>
						</object>
						<object name="TPort_MG03">
							<string name="Device" value="Shimushu_120mm_Turret"/>
							<string name="Table" value="Turrets"/>
						</object> 
						<object name="TPort_MG04">
							<string name="Device" value="Shimushu_120mm_Turret"/>
							<string name="Table" value="Turrets"/>
						</object>
						<object name="TPort_TORPF">
							<string name="Device" value="Jap_Torp_App_3x_Turret"/>
							<string name="Table" value="Turrets"/>
						</object>
						<object name="TPort_TORPB">
							<string name="Device" value="Jap_Torp_App_3x_Turret"/>
							<string name="Table" value="Turrets"/>
						</object>
						<object name="TPort_K1">
							<string name="Device" value="K_Gun"/>
							<string name="Table" value="Rifles"/>
						</object>
						<object name="TPort_K2">
							<string name="Device" value="K_Gun"/>
							<string name="Table" value="Rifles"/>
						</object>

						<object name="TPort_AA3x25mmF">
							<string name="Device" value="Jap_Turret_25x3"/>
							<string name="Table" value="Turrets"/>
						</object>
						<object name="TPort_AA3x25mmB">
							<string name="Device" value="Jap_Turret_25x3"/>
							<string name="Table" value="Turrets"/>
						</object>

						<object name="TPort_AA2x25mmFR">
							<string name="Device" value="Jap_Turret_25x2"/>
							<string name="Table" value="Turrets"/>
						</object>
						<object name="TPort_AA2x25mmFL">
							<string name="Device" value="Jap_Turret_25x2"/>
							<string name="Table" value="Turrets"/>
						</object>

						<object name="TPort_AA1x13mmF1R">
							<string name="Device" value="1x13mm_Turret_IJN"/>
							<string name="Table" value="Turrets"/>
						</object>
						<object name="TPort_AA1x13mmF1L">
							<string name="Device" value="1x13mm_Turret_IJN"/>
							<string name="Table" value="Turrets"/>
						</object>
						<object name="TPort_AA1x13mmF2R">
							<string name="Device" value="1x13mm_Turret_IJN"/>
							<string name="Table" value="Turrets"/>
						</object>
						<object name="TPort_AA1x13mmF2L">
							<string name="Device" value="1x13mm_Turret_IJN"/>
							<string name="Table" value="Turrets"/>
						</object>
						<object name="TPort_RF_Jap_Mk52">
							<string name="Device" value="Jap_RangeFinder_Mk52"/>
							<string name="Table" value="Turrets"/>
						</object>
						<object name="TPort_Main_Gun_Director1">
							<string name="Device" value="Dalnomer_Kagero"/>
							<string name="Table" value="Turrets"/>
						</object>


						<object name="TPort_VINTR">
							<string name="Device" value="Vint_Fletcher"/>
							<string name="Table" value="Turrets"/>
						</object>
						<object name="TPort_VINTL">
							<string name="Device" value="Vint_Fletcher"/>
							<string name="Table" value="Turrets"/>
						</object>
						<object name="ZPort_AAGunContr1">
							<string name="Device" value="Aim_AA"/>
							<string name="Table" value="AimSystems"/>
						</object>
						<object name="ZPort_Jammer_JS_A">
							<string name="Device" value=""/>
							<string name="Table" value="Probes"/>
						</object>
						<object name="ZPort_Jammer_US_A1">
							<string name="Device" value=""/>
							<string name="Table" value="Probes"/>
						</object>
						<object name="ZPort_MainGunContr">
							<string name="Device" value="Typ13_M"/>
							<string name="Table" value="AimSystems"/>
						</object>
						<object name="ZPort_Radio">
							<string name="Device" value="J_ShipRadioHF"/>
							<string name="Table" value="Probes"/>
						</object>
						<object name="ZPort_Sonar">
							<string name="Device" value=""/>
							<string name="Table" value="Probes"/>
						</object>
						<object name="ZPort_Sonar1">
							<string name="Device" value=""/>
							<string name="Table" value="AimSystems"/>
						</object>
						<object name="ZPort_SteamTurbine">
							<string name="Device" value="MPP_Mutsuki"/>
							<string name="Table" value="Engins"/>
						</object>
					</object>
					<string name="Sonar" value=""/>
					<float name="Speed" value="15."/>
					<string name="SuperRifles" value="Jap_Torp_App_4x.3."/>
					<float name="VolleyWeight" value="2.62639999"/>
					<float name="Weight" value="1918.83862"/>
				</object>
			</object>
		</object>
	</object>
</root>