﻿<?xml version="1.0" standalone="yes" ?>
<root>
	<object name="Prototypes">
		<object name="Ships">
			<object name="Mutsuki">
				<object name="Slots">
					<object name="TPort_MG01">
						<object name="SubSlots">
							<object name="TPort_MG02">
								<integer name="icon_x" value="480"/>
								<integer name="icon_y" value="21"/>
							</object>
							<object name="TPort_MG03">
								<integer name="icon_x" value="249"/>
								<integer name="icon_y" value="85"/>
							</object>
							<object name="TPort_MG04">
								<integer name="icon_x" value="249"/>
								<integer name="icon_y" value="85"/>
							</object>
						</object>
						<integer name="icon_x" value="161"/>
						<integer name="icon_y" value="15"/>
					</object>
					<object name="TPort_TORPF">
						<object name="SubSlots">
							<object name="TPort_TORPB">
								<object name="SubSlots"/>
								<integer name="icon_x" value="272"/>
								<integer name="icon_y" value="16"/>
							</object>
						</object>
						<integer name="icon_x" value="498"/>
						<integer name="icon_y" value="15"/>
					</object>
					<object name="TPort_AA1x13mmF1R">
						<object name="SubSlots">
							<object name="TPort_AA1x13mmF1L">
								<integer name="icon_x" value="420"/>
								<integer name="icon_y" value="191"/>
							</object>
							<object name="TPort_AA1x13mmF2R">
								<integer name="icon_x" value="420"/>
								<integer name="icon_y" value="191"/>
							</object> 
							<object name="TPort_AA1x13mmF2L">
								<integer name="icon_x" value="420"/>
								<integer name="icon_y" value="191"/>
							</object>       
						</object>
						<integer name="icon_x" value="22"/>
						<integer name="icon_y" value="91"/>
					</object>
					<object name="TPort_AA2x25mmFR">
						<object name="SubSlots">
							<object name="TPort_AA2x25mmFL">
								<object name="SubSlots"/>
								<integer name="icon_x" value="225"/>
								<integer name="icon_y" value="119"/>
							</object>
						</object>
						<integer name="icon_x" value="275"/>
						<integer name="icon_y" value="91"/>
					</object>
					<object name="TPort_AA3x25mmF">
						<object name="SubSlots">
							<object name="TPort_AA3x25mmB">
								<integer name="icon_x" value="58"/>
								<integer name="icon_y" value="190"/>
							</object>
						</object>
						<integer name="icon_x" value="395"/>
						<integer name="icon_y" value="91"/>
					</object>

					<object name="TPort_Main_Gun_Director1">
						<integer name="icon_x" value="190"/>
						<integer name="icon_y" value="185"/>
					</object>
					<object name="TPort_RF_Jap_Mk52">
						<integer name="icon_x" value="250"/>
						<integer name="icon_y" value="185"/>
					</object>


					<object name="ZPort_AAGunContr1">
						<integer name="icon_x" value="150"/>
						<integer name="icon_y" value="220"/>
					</object>
					<object name="ZPort_Bridge">
						<integer name="icon_x" value="44"/>
						<integer name="icon_y" value="3"/>
					</object>
					<object name="ZPort_FuelTank">
						<integer name="icon_x" value="85"/>
						<integer name="icon_y" value="3"/>
					</object>
					<object name="ZPort_Jammer_JS_A">
						<integer name="icon_x" value="126"/>
						<integer name="icon_y" value="275"/>
					</object>
					<object name="ZPort_Jammer_US_A1">
						<integer name="icon_x" value="554"/>
						<integer name="icon_y" value="277"/>
					</object>
					<object name="ZPort_MainGunContr">
						<integer name="icon_x" value="14"/>
						<integer name="icon_y" value="275"/>
					</object>
					<object name="ZPort_Radio">
						<integer name="icon_x" value="130"/>
						<integer name="icon_y" value="275"/>
					</object>
					<object name="ZPort_Rudder">
						<integer name="icon_x" value="290"/>
						<integer name="icon_y" value="3"/>
					</object>
					<object name="ZPort_Sonar">
						<integer name="icon_x" value="555"/>
						<integer name="icon_y" value="340"/>
					</object>
					<object name="ZPort_Sonar1">
						<integer name="icon_x" value="500"/>
						<integer name="icon_y" value="340"/>
					</object>
					<object name="ZPort_SteamTurbine">
						<integer name="icon_x" value="279"/>
						<integer name="icon_y" value="348"/>
					</object>
				</object>
			</object>
		</object>
	</object>
</root>