﻿<?xml version="1.0" standalone="yes" ?>
<root>
	<object name="SteelMonstersParams">
		<object name="Rifles">
			<object name="KGM_Gun_150_Stvol">
				<float name="AARange" value="0."/>
				<string name="Ammo" value="Proj_150_G"/>
				<integer name="AmmoStorage" value="120"/>
				<float name="AmmoWeight" value="45.3"/>
				<float name="Caliber" value="150."/>
				<integer name="Country" value="5"/>
				<float name="Dispersion" value="5."/>
				<integer name="FinalSpeed" value="405"/>
				<string name="FireSound" value="Guns\152mm"/>
				<string name="Frag" value="Proj_150_G_HE"/>
				<string name="HighExp" value="Proj_150_G_HE"/>
				<boolean name="IgnoreXMLFile" value="false"/>
				<float name="Money" value="2.1"/>
				<boolean name="New" value="true"/>
				<float name="ROF" value="8."/>
				<float name="Range" value="23.5"/>
				<boolean name="SLLauncher" value="false"/>
				<string name="SMU_File" value="KGM_Gun_150_Stvol"/>
				<integer name="StartSpeed" value="835"/>
				<integer name="Unreliability" value="0"/>
				<string name="Usage" value="Ships"/>
				<float name="Weight" value="7.2"/>
			</object>
		</object>
		<object name="Turrets">
			<object name="KGM_Gun_150_Turret">
				<integer name="Amount" value="1"/>
				<integer name="ArmorFront" value="80"/>
				<integer name="ArmorSide" value="40"/>
				<integer name="ArmorTop" value="40"/>
				<string name="Building" value="Artillery"/>
				<string name="Content" value="Rifles.KGM_Gun_150_Stvol"/>
				<integer name="Country" value="5"/>
				<float name="DTimeProd" value="5."/>
				<integer name="Elevation" value="30"/>
				<integer name="ElevationRate" value="8"/>
				<string name="Icon" value="Artillery"/>
				<boolean name="IgnoreXMLFile" value="false"/>
				<float name="Iron" value="20."/>
				<float name="Money" value="6.5"/>
				<float name="NTimeProd" value="25."/>
				<boolean name="New" value="true"/>
				<boolean name="Production" value="false"/>
				<integer name="QualityRate" value="4"/>
				<integer name="RotationRate" value="8"/>
				<string name="SMU_File" value="KGM_Gun_150_Turret"/>
				<string name="Type" value="Gun"/>
				<float name="Vitality" value="400."/>
				<float name="Weight" value="19.54"/>
			</object>
		</object>
		<object name="Hit_Location">
			<object name="KGM7868">
				<integer name="Country" value="5"/>
				<float name="ER" value="40."/>
				<string name="Hull" value="Std_Guns_SOKGM"/>
				<string name="Name" value="Turret"/>
				<string name="TypHL" value="AmmoStore"/>
				<string name="UnitName" value="KGM_Gun_150_Turret"/>
			</object>
			<object name="KGM7869">
				<integer name="Country" value="5"/>
				<integer name="Crew" value="1"/>
				<float name="ER" value="3.e-002"/>
				<string name="Hull" value="Std_Crew"/>
				<string name="Name" value="Gunner2"/>
				<string name="TypHL" value="Crew"/>
				<string name="UnitName" value="KGM_Gun_150_Turret"/>
			</object>
			<object name="KGM7870">
				<integer name="Country" value="5"/>
				<integer name="Crew" value="1"/>
				<float name="ER" value="3.e-002"/>
				<string name="Hull" value="Std_Crew"/>
				<string name="Name" value="Gunner1"/>
				<string name="TypHL" value="Crew"/>
				<string name="UnitName" value="KGM_Gun_150_Turret"/>
			</object>
		</object>
		<object name="Hulls">
			<object name="Std_Guns_SOKGM">
				<integer name="Back" value="0"/>
				<integer name="Bottom" value="20"/>
				<float name="ExplProb" value="0."/>
				<float name="FireProb" value="0."/>
				<integer name="Front" value="80"/>
				<integer name="Left" value="40"/>
				<string name="Material" value="Armored"/>
				<integer name="Right" value="40"/>
				<integer name="Top" value="40"/>
				<integer name="UnitName" value="0"/>
				<string name="UnitTyp" value="Turret"/>
			</object>
		</object>
	</object>
</root>
