﻿<?xml version="1.0" standalone="yes" ?>
<root>
	<object name="Modifications">
		<object name="Ships">
			<object name="Mogador">
				<object name="Prototype">
					<string name="AAGunControl" value="Mark12R_AA"/>
					<float name="AAVolleyWeight" value="7.51136065"/>
					<float name="Aluminium" value="0."/>
					<float name="AmmoWeight" value="237.150009"/>
					<float name="Armour" value="0."/>
					<float name="FuelConsumption" value="6.21921497"/>
					<float name="FuelProtect" value="0."/>
					<string name="FullModName" value="Ships.Mogador.Prototype"/>
					<float name="Iron" value="11095.6094"/>
					<boolean name="IsAvailable" value="true"/>
					<boolean name="IsJammer" value="true"/>
					<string name="MainGunControl" value="Mk_8R_M"/>
					<float name="MaxFuel" value="1950."/>
					<float name="MaxSpeed" value="39."/>
					<float name="MinSpeed" value="0."/>
					<float name="Money" value="20990."/>
					<widestring name="Name" value="MQQwBDsEQgQ4BDwEPgRABAA="/>
					<float name="RadarRange" value="100."/>
					<float name="RadioGain" value="10000."/>
					<float name="RadioPowerHF" value="0."/>
					<float name="RadioPowerVHF" value="50."/>
					<float name="RadioSensitivityHF" value="0."/>
					<float name="RadioSensitivityVHF" value="4.99999989e-003"/>
					<object name="Slots">
						<object name="TPort_MG01">
							<string name="Device" value="2x138mmTurret_Mogador"/>
							<string name="Table" value="Turrets"/>
						</object>
						<object name="TPort_MG02">
							<string name="Device" value="2x138mmTurret_Mogador"/>
							<string name="Table" value="Turrets"/>
						</object>
						<object name="TPort_MG03">
							<string name="Device" value="2x138mmTurret_Mogador"/>
							<string name="Table" value="Turrets"/>
						</object> 
						<object name="TPort_MG04">
							<string name="Device" value="2x138mmTurret_Mogador"/>
							<string name="Table" value="Turrets"/>
						</object>
						<object name="TPort_TORPFR">
							<string name="Device" value="Fiji_Torp_Ap"/>
							<string name="Table" value="Turrets"/>
						</object>
						<object name="TPort_TORPFL">
							<string name="Device" value="Fiji_Torp_Ap"/>
							<string name="Table" value="Turrets"/>
						</object>
						<object name="TPort_TORPBR">
							<string name="Device" value="Fiji_Torp_Ap"/>
							<string name="Table" value="Turrets"/>
						</object>
						<object name="TPort_TORPBL">
							<string name="Device" value="Fiji_Torp_Ap"/>
							<string name="Table" value="Turrets"/>
						</object>
						<object name="TPort_AA37F">
							<string name="Device" value="Bismark_FLAK3_37mm_SK_C30_Turret"/>
							<string name="Table" value="Turrets"/>
						</object>

						<object name="TPort_AA37B">
							<string name="Device" value="Bismark_FLAK3_37mm_SK_C30_Turret"/>
							<string name="Table" value="Turrets"/>
						</object>
						<object name="TPort_AA20mmFR1">
							<string name="Device" value="Bismark_FLAK5_20mm_MG_C30_Turret"/>
							<string name="Table" value="Turrets"/>
						</object>
						<object name="TPort_AA20mmFL1">
							<string name="Device" value="Bismark_FLAK5_20mm_MG_C30_Turret"/>
							<string name="Table" value="Turrets"/>
						</object>
						<object name="TPort_AA20mmFR2">
							<string name="Device" value="Bismark_FLAK5_20mm_MG_C30_Turret"/>
							<string name="Table" value="Turrets"/>
						</object>
						<object name="TPort_AA20mmFL2">
							<string name="Device" value="Bismark_FLAK5_20mm_MG_C30_Turret"/>
							<string name="Table" value="Turrets"/>
						</object>
						<object name="TPort_AA20mmFR3">
							<string name="Device" value="Bismark_FLAK5_20mm_MG_C30_Turret"/>
							<string name="Table" value="Turrets"/>
						</object>
						<object name="TPort_AA20mmFL3">
							<string name="Device" value="Bismark_FLAK5_20mm_MG_C30_Turret"/>
							<string name="Table" value="Turrets"/>
						</object> 
						<object name="TPort_AA20mmMR">
							<string name="Device" value="Bismark_FLAK5_20mm_MG_C30_Turret"/>
							<string name="Table" value="Turrets"/>
						</object>
						<object name="TPort_AA20mmML">
							<string name="Device" value="Bismark_FLAK5_20mm_MG_C30_Turret"/>
							<string name="Table" value="Turrets"/>
						</object>
						<object name="TPort_AA20mmBR1">
							<string name="Device" value="Bismark_FLAK5_20mm_MG_C30_Turret"/>
							<string name="Table" value="Turrets"/>
						</object>
						<object name="TPort_AA20mmBL1">
							<string name="Device" value="Bismark_FLAK5_20mm_MG_C30_Turret"/>
							<string name="Table" value="Turrets"/>
						</object>
						<object name="TPort_AA20mmBR2">
							<string name="Device" value="Bismark_FLAK5_20mm_MG_C30_Turret"/>
							<string name="Table" value="Turrets"/>
						</object>
						<object name="TPort_AA20mmBL2">
							<string name="Device" value="Bismark_FLAK5_20mm_MG_C30_Turret"/>
							<string name="Table" value="Turrets"/>
						</object>
						<object name="TPort_ProjF">
							<string name="Device" value="Bismark_Projector_Turret"/>
							<string name="Table" value="Turrets"/>
						</object>
						<object name="TPort_ProjBR">
							<string name="Device" value="Bismark_Projector_Small"/>
							<string name="Table" value="Turrets"/>
						</object>
						<object name="TPort_ProjBL">
							<string name="Device" value="Bismark_Projector_Small"/>
							<string name="Table" value="Turrets"/>
						</object>

						<object name="TPort_RF02F">
							<string name="Device" value="Strasbourg_RangefinderTypeSL"/>
							<string name="Table" value="Turrets"/>
						</object>
						<object name="TPort_RF1Front">
							<string name="Device" value="Mogador_RF_1V"/>
							<string name="Table" value="Turrets"/>
						</object>
						<object name="TPort_RF1Back">
							<string name="Device" value="Mogador_RF_2V"/>
							<string name="Table" value="Turrets"/>
						</object>
						<object name="TPort_RFSFront">
							<string name="Device" value="Bismark_RangefinderSmall"/>
							<string name="Table" value="Turrets"/>
						</object>
						<object name="TPort_RFSBack">
							<string name="Device" value="Bismark_RangefinderSmall"/>
							<string name="Table" value="Turrets"/>
						</object>


						<object name="TPort_VINTR">
							<string name="Device" value="Vint_Fletcher"/>
							<string name="Table" value="Turrets"/>
						</object>
						<object name="TPort_VINTL">
							<string name="Device" value="Vint_Fletcher"/>
							<string name="Table" value="Turrets"/>
						</object>
						<object name="ZPort_AAGunContr1">
							<string name="Device" value="Mark12R_AA"/>
							<string name="Table" value="AimSystems"/>
						</object>
						<object name="ZPort_Jammer_US_A1">
							<string name="Device" value="Jammer_US_A"/>
							<string name="Table" value="Probes"/>
						</object>
						<object name="ZPort_MainGunContr">
							<string name="Device" value="Mk_8R_M"/>
							<string name="Table" value="AimSystems"/>
						</object>
						<object name="ZPort_Radio">
							<string name="Device" value="TBS"/>
							<string name="Table" value="Probes"/>
						</object>
						<object name="ZPort_Sonar">
							<string name="Device" value="Sword_Type_147_U"/>
							<string name="Table" value="Probes"/>
						</object>
						<object name="ZPort_SteamTurbine_01">
							<string name="Device" value="MPP_Mogador"/>
							<string name="Table" value="Engins"/>
						</object>
					</object>
					<string name="Sonar" value="Sword_Type_147_U"/>
					<float name="Speed" value="22."/>
					<string name="SuperRifles" value="Traibal_Torp_Tube.6."/>
					<float name="VolleyWeight" value="4.77839947"/>
					<float name="Weight" value="9535.39063"/>
				</object>
			</object>
		</object>
	</object>
</root>