<?xml version = "1.0" encoding = "UTF-8"?>
<root>
	<object name = "SteelMonstersParams">
		<object name="Ships">
			<object name="Scylla">
				<float name="AccelRate" value="3.5e-004"/>
				<integer name="AirplanesCount" value="0"/>
				<string name="AmmoLoadingTemplate" value="Ammo 12"/>
				<boolean name="BoatsTransportationAbility" value="false"/>
				<integer name="CabinArmor" value="25"/>
				<boolean name="CanBeChanged" value="true"/>
				<boolean name="CanUseTorpedos" value="true"/>
				<integer name="Country" value="3"/>
				<integer name="Crew" value="480"/>
				<float name="CriticalCareen" value="37."/>
				<float name="CriticalDFT" value="1.1"/>
				<float name="CriticalDifferent" value="2.5"/>
				<float name="DTimeProd" value="60."/>
				<float name="DisplacementMax" value="6850."/>
				<float name="EPR" value="200."/>
				<float name="FireRisk" value="227."/>
				<float name="Fuel" value="1110."/>
				<integer name="HullArmorSide" value="76"/>
				<integer name="HullArmorTop" value="51"/>
				<float name="HLShapeCoef" value="0.6"/>
				<float name="Iron" value="8500."/>
				<integer name="Length" value="156.06"/>
				<float name="MaxSpeed" value="32.25"/>
				<integer name="MinCrew" value="200"/>
				<float name="Money" value="5000."/>
				<float name="NTimeProd" value="150."/>
				<string name="Name" value="Scylla"/>
				<boolean name="New" value="false"/>
				<integer name="Nuc_Dest_Prob" value="500"/>
				<integer name="Passengers" value="50"/>
				<boolean name="PlanesTransportationAbility" value="false"/>
				<float name="Range" value="7700."/>
				<integer name="Rank" value="4"/>
				<string name="SMU" value="Scylla"/>
				<float name="Speed" value="16."/>
				<float name="StoreCapacity" value="180."/>
				<boolean name="Transportable" value="false"/>
				<float name="TurnRate" value="1.7e-003"/>
				<integer name="Type" value="3"/>
				<float name="Vitality" value="3800."/>
				<float name="VitalityAA" value="1000."/>
				<float name="Weight" value="5600."/>
				<integer name="Width" value="15.4"/>
				<integer name="Year" value="39"/>
			</object>
		</object>
		<object name="Hit_Location">
			<object name="Scylla9828">
				<integer name="Country" value="3"/>
				<integer name="Crew" value="115"/>
				<float name="ER" value="100."/>
				<string name="Hull" value="Std_CLUpperHull"/>
				<string name="Name" value="LSuperStructure"/>
				<string name="TypHL" value="Crew"/>
				<string name="UnitName" value="Scylla"/>
			</object>
			<object name="Scylla9829">
				<string name="ConnectName" value="Engine1"/>
				<integer name="Country" value="3"/>
				<float name="ER" value="150."/>
				<string name="Hull" value="Std_Mover"/>
				<string name="Name" value="Mover1"/>
				<string name="TypHL" value="Mover"/>
				<string name="UnitName" value="Scylla"/>
			</object>
			<object name="Scylla9830">
				<string name="ConnectName" value="Engine2"/>
				<integer name="Country" value="3"/>
				<float name="ER" value="150."/>
				<string name="Hull" value="Std_Mover"/>
				<string name="Name" value="Mover2"/>
				<string name="TypHL" value="Mover"/>
				<string name="UnitName" value="Scylla"/>
			</object>
			<object name="Scylla9831">
				<string name="ConnectName" value="Engine3"/>
				<integer name="Country" value="3"/>
				<float name="ER" value="150."/>
				<string name="Hull" value="Std_Mover"/>
				<string name="Name" value="Mover3"/>
				<string name="TypHL" value="Mover"/>
				<string name="UnitName" value="Scylla"/>
			</object>
			<object name="Scylla9832">
				<string name="ConnectName" value="Engine4"/>
				<integer name="Country" value="3"/>
				<float name="ER" value="150."/>
				<string name="Hull" value="Std_Mover"/>
				<string name="Name" value="Mover4"/>
				<string name="TypHL" value="Mover"/>
				<string name="UnitName" value="Scylla"/>
			</object>
			<object name="Scylla9833">
				<integer name="Country" value="3"/>
				<float name="ER" value="200."/>
				<string name="Hull" value="Scylla_Barbet"/>
				<string name="Name" value="Barbet1"/>
				<string name="TypHL" value="AmmoStore"/>
				<string name="UnitName" value="Scylla"/>
			</object>
			<object name="Scylla9834">
				<integer name="Country" value="3"/>
				<float name="ER" value="200."/>
				<string name="Hull" value="Scylla_Barbet"/>
				<string name="Name" value="Barbet2"/>
				<string name="TypHL" value="AmmoStore"/>
				<string name="UnitName" value="Scylla"/>
			</object>
			<object name="Scylla9835">
				<integer name="Country" value="3"/>
				<float name="ER" value="200."/>
				<string name="Hull" value="Scylla_Barbet"/>
				<string name="Name" value="Barbet3"/>
				<string name="TypHL" value="AmmoStore"/>
				<string name="UnitName" value="Scylla"/>
			</object>
			<object name="Scylla9836">
				<integer name="Country" value="3"/>
				<float name="ER" value="150."/>
				<string name="Hull" value="Scylla_UpperDeck"/>
				<string name="Name" value="Bow1_UpperDeck"/>
				<string name="TypHL" value="Hull"/>
				<string name="UnitName" value="Scylla"/>
			</object>
			<object name="Scylla9837">
				<integer name="Country" value="3"/>
				<float name="ER" value="200."/>
				<string name="Hull" value="Scylla_LowerDeck"/>
				<string name="Name" value="Bow1_LowerDeck"/>
				<string name="TypHL" value="Hull"/>
				<string name="UnitName" value="Scylla"/>
			</object>
			<object name="Scylla9838">
				<integer name="Country" value="3"/>
				<float name="ER" value="150."/>
				<string name="Hull" value="Scylla_UpperDeck"/>
				<string name="Name" value="Bow2_UpperDeck"/>
				<string name="TypHL" value="Hull"/>
				<string name="UnitName" value="Scylla"/>
			</object>
			<object name="Scylla9839">
				<integer name="Country" value="3"/>
				<float name="ER" value="200."/>
				<string name="Hull" value="Scylla_LowerDeck"/>
				<string name="Name" value="Bow2_LowerDeck"/>
				<string name="TypHL" value="Hull"/>
				<string name="UnitName" value="Scylla"/>
			</object>

			<object name="Scylla9840">
				<integer name="Country" value="3"/>
				<float name="ER" value="250."/>
				<string name="Hull" value="Scylla_Bow_AmmoStoreCover"/>
				<string name="Name" value="Bow_AmmoStoreCover"/>
				<string name="TypHL" value="Hull"/>
				<string name="UnitName" value="Scylla"/>
			</object>
			<object name="Scylla9841">
				<integer name="Country" value="3"/>
				<float name="ER" value="100."/>
				<string name="Hull" value="Scylla_AmmoStore"/>
				<string name="Name" value="AmmoStore1"/>
				<string name="TypHL" value="AmmoStore"/>
				<string name="UnitName" value="Scylla"/>
			</object>
			<object name="Scylla9842">
				<integer name="Country" value="3"/>
				<float name="ER" value="100."/>
				<string name="Hull" value="Scylla_AmmoStore"/>
				<string name="Name" value="AmmoStore2"/>
				<string name="TypHL" value="AmmoStore"/>
				<string name="UnitName" value="Scylla"/>
			</object>
			<object name="Scylla9843">
				<integer name="Country" value="3"/>
				<float name="ER" value="150."/>
				<string name="Hull" value="Scylla_UpperDeck"/>
				<string name="Name" value="Middle1_UpperDeck"/>
				<string name="TypHL" value="Hull"/>
				<string name="UnitName" value="Scylla"/>
			</object>
			<object name="Scylla9844">
				<integer name="Country" value="3"/>
				<float name="ER" value="200."/>
				<string name="Hull" value="Scylla_LowerDeck"/>
				<string name="Name" value="Middle1_LowerDeck"/>
				<string name="TypHL" value="Hull"/>
				<string name="UnitName" value="Scylla"/>
			</object>
			<object name="Scylla9845">
				<integer name="Country" value="3"/>
				<float name="ER" value="50."/>
				<string name="Hull" value="Std_Probe"/>
				<string name="Name" value="FireControl"/>
				<string name="TypHL" value="Probe"/>
				<string name="UnitName" value="Scylla"/>
			</object>
			<object name="Scylla9846">
				<integer name="Country" value="3"/>
				<float name="ER" value="50."/>
				<string name="Hull" value="Std_Probe"/>
				<string name="Name" value="Radar"/>
				<string name="TypHL" value="Probe"/>
				<string name="UnitName" value="Scylla"/>
			</object>
			<object name="Scylla9847">
				<integer name="Country" value="3"/>
				<float name="ER" value="50."/>
				<string name="Hull" value="Std_Probe"/>
				<string name="Name" value="Radio"/>
				<string name="TypHL" value="Probe"/>
				<string name="UnitName" value="Scylla"/>
			</object>
			<object name="Scylla9848">
				<integer name="Country" value="3"/>
				<float name="ER" value="200."/>
				<string name="Hull" value="Scylla_LBelt"/>
				<string name="Name" value="Middle1_LBelt"/>
				<string name="TypHL" value="Hull"/>
				<string name="UnitName" value="Scylla"/>
			</object>
			<object name="Scylla9849">
				<integer name="Country" value="3"/>
				<float name="ER" value="150."/>
				<string name="Hull" value="Scylla_LBoard"/>
				<string name="Name" value="Middle1_LBoard"/>
				<string name="TypHL" value="Hull"/>
				<string name="UnitName" value="Scylla"/>
			</object>

			<object name="Scylla9850">
				<integer name="Country" value="3"/>
				<float name="ER" value="200."/>
				<string name="Hull" value="Scylla_RBelt"/>
				<string name="Name" value="Middle1_RBelt"/>
				<string name="TypHL" value="Hull"/>
				<string name="UnitName" value="Scylla"/>
			</object>
			<object name="Scylla9851">
				<integer name="Country" value="3"/>
				<float name="ER" value="150."/>
				<string name="Hull" value="Scylla_RBoard"/>
				<string name="Name" value="Middle1_RBoard"/>
				<string name="TypHL" value="Hull"/>
				<string name="UnitName" value="Scylla"/>
			</object>
			<object name="Scylla9852">
				<integer name="Country" value="3"/>
				<float name="ER" value="150."/>
				<string name="Hull" value="Scylla_UpperDeck"/>
				<string name="Name" value="Middle2_UpperDeck"/>
				<string name="TypHL" value="Hull"/>
				<string name="UnitName" value="Scylla"/>
			</object>
			<object name="Scylla9853">
				<integer name="Country" value="3"/>
				<integer name="Crew" value="115"/>
				<float name="ER" value="50."/>
				<string name="Hull" value="Std_Hull"/>
				<string name="Name" value="Crew1"/>
				<string name="TypHL" value="Crew"/>
				<string name="UnitName" value="Scylla"/>
			</object>
			<object name="Scylla9854">
				<integer name="Country" value="3"/>
				<float name="ER" value="200."/>
				<string name="Hull" value="Scylla_LowerDeck"/>
				<string name="Name" value="Middle2_LowerDeck"/>
				<string name="TypHL" value="Hull"/>
				<string name="UnitName" value="Scylla"/>
			</object>
			<object name="Scylla9855">
				<integer name="Country" value="3"/>
				<float name="ER" value="100."/>
				<string name="Hull" value="Std_Boiler"/>
				<string name="Name" value="Boiler5"/>
				<string name="TypHL" value="Boiler"/>
				<string name="UnitName" value="Scylla"/>
			</object>
			<object name="Scylla9856">
				<integer name="Country" value="3"/>
				<float name="ER" value="200."/>
				<string name="Hull" value="Scylla_LBelt"/>
				<string name="Name" value="Middle2_LBelt"/>
				<string name="TypHL" value="Hull"/>
				<string name="UnitName" value="Scylla"/>
			</object>
			<object name="Scylla9857">
				<integer name="Country" value="3"/>
				<float name="ER" value="150."/>
				<string name="Hull" value="Scylla_LBoard"/>
				<string name="Name" value="Middle2_LBoard"/>
				<string name="TypHL" value="Hull"/>
				<string name="UnitName" value="Scylla"/>
			</object>
			<object name="Scylla9858">
				<integer name="Country" value="3"/>
				<float name="ER" value="200."/>
				<string name="Hull" value="Scylla_RBelt"/>
				<string name="Name" value="Middle2_RBelt"/>
				<string name="TypHL" value="Hull"/>
				<string name="UnitName" value="Scylla"/>
			</object>
			<object name="Scylla9859">
				<integer name="Country" value="3"/>
				<float name="ER" value="150."/>
				<string name="Hull" value="Scylla_RBoard"/>
				<string name="Name" value="Middle2_RBoard"/>
				<string name="TypHL" value="Hull"/>
				<string name="UnitName" value="Scylla"/>
			</object>

			<object name="Scylla9860">
				<integer name="Country" value="3"/>
				<float name="ER" value="200."/>
				<string name="Hull" value="Scylla_UpperDeck"/>
				<string name="Name" value="Middle3_UpperDeck"/>
				<string name="TypHL" value="Hull"/>
				<string name="UnitName" value="Scylla"/>
			</object>
			<object name="Scylla9861">
				<integer name="Country" value="3"/>
				<integer name="Crew" value="150"/>
				<float name="ER" value="50."/>
				<string name="Hull" value="Std_Hull"/>
				<string name="Name" value="Crew2"/>
				<string name="TypHL" value="Crew"/>
				<string name="UnitName" value="Scylla"/>
			</object>
			<object name="Scylla9862">
				<integer name="Country" value="3"/>
				<float name="ER" value="200."/>
				<string name="Hull" value="Scylla_LowerDeck"/>
				<string name="Name" value="Middle3_LLowerDeck"/>
				<string name="TypHL" value="Hull"/>
				<string name="UnitName" value="Scylla"/>
			</object>
			<object name="Scylla9863">
				<integer name="Country" value="3"/>
				<float name="ER" value="100."/>
				<string name="Hull" value="Std_Boiler"/>
				<string name="Name" value="Boiler1"/>
				<string name="TypHL" value="Boiler"/>
				<string name="UnitName" value="Scylla"/>
			</object>
			<object name="Scylla9864">
				<integer name="Country" value="3"/>
				<float name="ER" value="200."/>
				<string name="Hull" value="Scylla_LBelt"/>
				<string name="Name" value="Middle3_LBelt"/>
				<string name="TypHL" value="Hull"/>
				<string name="UnitName" value="Scylla"/>
			</object>
			<object name="Scylla9865">
				<integer name="Country" value="3"/>
				<float name="ER" value="150."/>
				<string name="Hull" value="Scylla_LBoard"/>
				<string name="Name" value="Middle3_LBoard"/>
				<string name="TypHL" value="Hull"/>
				<string name="UnitName" value="Scylla"/>
			</object>
			<object name="Scylla9866">
				<integer name="Country" value="3"/>
				<float name="ER" value="200."/>
				<string name="Hull" value="Scylla_LowerDeck"/>
				<string name="Name" value="Middle3_RLowerDeck"/>
				<string name="TypHL" value="Hull"/>
				<string name="UnitName" value="Scylla"/>
			</object>
			<object name="Scylla9867">
				<integer name="Country" value="3"/>
				<float name="ER" value="100."/>
				<string name="Hull" value="Std_Boiler"/>
				<string name="Name" value="Boiler2"/>
				<string name="TypHL" value="Boiler"/>
				<string name="UnitName" value="Scylla"/>
			</object>
			<object name="Scylla9868">
				<integer name="Country" value="3"/>
				<float name="ER" value="200."/>
				<string name="Hull" value="Scylla_RBelt"/>
				<string name="Name" value="Middle3_RBelt"/>
				<string name="TypHL" value="Hull"/>
				<string name="UnitName" value="Scylla"/>
			</object>
			<object name="Scylla9869">
				<integer name="Country" value="3"/>
				<float name="ER" value="150."/>
				<string name="Hull" value="Scylla_RBoard"/>
				<string name="Name" value="Middle3_RBoard"/>
				<string name="TypHL" value="Hull"/>
				<string name="UnitName" value="Scylla"/>
			</object>

			<object name="Scylla9870">
				<integer name="Country" value="3"/>
				<float name="ER" value="200."/>
				<string name="Hull" value="Scylla_UpperDeck"/>
				<string name="Name" value="Middle4_UpperDeck"/>
				<string name="TypHL" value="Hull"/>
				<string name="UnitName" value="Scylla"/>
			</object>
			<object name="Scylla9871">
				<integer name="Country" value="3"/>
				<integer name="Crew" value="115"/>
				<float name="ER" value="50."/>
				<string name="Hull" value="Std_Hull"/>
				<string name="Name" value="Crew3"/>
				<string name="TypHL" value="Crew"/>
				<string name="UnitName" value="Scylla"/>
			</object>
			<object name="Scylla9872">
				<integer name="Country" value="3"/>
				<float name="ER" value="200."/>
				<string name="Hull" value="Scylla_LowerDeck"/>
				<string name="Name" value="Middle4_LLowerDeck"/>
				<string name="TypHL" value="Hull"/>
				<string name="UnitName" value="Scylla"/>
			</object>
			<object name="Scylla9873">
				<integer name="Country" value="3"/>
				<float name="ER" value="100."/>
				<string name="Hull" value="Std_Boiler"/>
				<string name="Name" value="Boiler3"/>
				<string name="TypHL" value="Boiler"/>
				<string name="UnitName" value="Scylla"/>
			</object>
			<object name="Scylla9874">
				<integer name="Country" value="3"/>
				<float name="ER" value="200."/>
				<string name="Hull" value="Scylla_LBelt"/>
				<string name="Name" value="Middle4_LBelt"/>
				<string name="TypHL" value="Hull"/>
				<string name="UnitName" value="Scylla"/>
			</object>
			<object name="Scylla9875">
				<integer name="Country" value="3"/>
				<float name="ER" value="150."/>
				<string name="Hull" value="Scylla_LBoard"/>
				<string name="Name" value="Middle4_LBoard"/>
				<string name="TypHL" value="Hull"/>
				<string name="UnitName" value="Scylla"/>
			</object>
			<object name="Scylla9876">
				<integer name="Country" value="3"/>
				<float name="ER" value="200."/>
				<string name="Hull" value="Scylla_LowerDeck"/>
				<string name="Name" value="Middle4_RLowerDeck"/>
				<string name="TypHL" value="Hull"/>
				<string name="UnitName" value="Scylla"/>
			</object>
			<object name="Scylla9877">
				<integer name="Country" value="3"/>
				<float name="ER" value="100."/>
				<string name="Hull" value="Std_Boiler"/>
				<string name="Name" value="Boiler4"/>
				<string name="TypHL" value="Boiler"/>
				<string name="UnitName" value="Scylla"/>
			</object>
			<object name="Scylla9878">
				<integer name="Country" value="3"/>
				<float name="ER" value="200."/>
				<string name="Hull" value="Scylla_RBelt"/>
				<string name="Name" value="Middle4_RBelt"/>
				<string name="TypHL" value="Hull"/>
				<string name="UnitName" value="Scylla"/>
			</object>
			<object name="Scylla9879">
				<integer name="Country" value="3"/>
				<float name="ER" value="150."/>
				<string name="Hull" value="Scylla_RBoard"/>
				<string name="Name" value="Middle4_RBoard"/>
				<string name="TypHL" value="Hull"/>
				<string name="UnitName" value="Scylla"/>
			</object>

			<object name="Scylla9880">
				<integer name="Country" value="3"/>
				<float name="ER" value="200."/>
				<string name="Hull" value="Scylla_UpperDeck"/>
				<string name="Name" value="Middle5_UpperDeck"/>
				<string name="TypHL" value="Hull"/>
				<string name="UnitName" value="Scylla"/>
			</object>
			<object name="Scylla9881">
				<integer name="Country" value="3"/>
				<integer name="Crew" value="115"/>
				<float name="ER" value="50."/>
				<string name="Hull" value="Std_Hull"/>
				<string name="Name" value="Crew4"/>
				<string name="TypHL" value="Crew"/>
				<string name="UnitName" value="Scylla"/>
			</object>
			<object name="Scylla9882">
				<integer name="Country" value="3"/>
				<float name="ER" value="200."/>
				<string name="Hull" value="Scylla_LowerDeck"/>
				<string name="Name" value="Middle5_LLowerDeck"/>
				<string name="TypHL" value="Hull"/>
				<string name="UnitName" value="Scylla"/>
			</object>
			<object name="Scylla9883">
				<string name="ConnectName" value="Boiler5;Boiler1"/>
				<integer name="Country" value="3"/>
				<float name="ER" value="150."/>
				<string name="Hull" value="Std_Engine"/>
				<string name="Name" value="Engine1"/>
				<string name="TypHL" value="Engine"/>
				<string name="UnitName" value="Scylla"/>
			</object>
			<object name="Scylla9884">
				<integer name="Country" value="3"/>
				<float name="ER" value="200."/>
				<string name="Hull" value="Scylla_LBelt"/>
				<string name="Name" value="Middle5_LBelt"/>
				<string name="TypHL" value="Hull"/>
				<string name="UnitName" value="Scylla"/>
			</object>
			<object name="Scylla9885">
				<integer name="Country" value="3"/>
				<float name="ER" value="150."/>
				<string name="Hull" value="Scylla_LBoard"/>
				<string name="Name" value="Middle5_LBoard"/>
				<string name="TypHL" value="Hull"/>
				<string name="UnitName" value="Scylla"/>
			</object>
			<object name="Scylla9886">
				<integer name="Country" value="3"/>
				<float name="ER" value="200."/>
				<string name="Hull" value="Scylla_LowerDeck"/>
				<string name="Name" value="Middle5_RLowerDeck"/>
				<string name="TypHL" value="Hull"/>
				<string name="UnitName" value="Scylla"/>
			</object>
			<object name="Scylla9887">
				<string name="ConnectName" value="Boiler5;Boiler2"/>
				<integer name="Country" value="3"/>
				<float name="ER" value="150."/>
				<string name="Hull" value="Std_Engine"/>
				<string name="Name" value="Engine2"/>
				<string name="TypHL" value="Engine"/>
				<string name="UnitName" value="Scylla"/>
			</object>
			<object name="Scylla9888">
				<integer name="Country" value="3"/>
				<float name="ER" value="200."/>
				<string name="Hull" value="Scylla_RBelt"/>
				<string name="Name" value="Middle5_RBelt"/>
				<string name="TypHL" value="Hull"/>
				<string name="UnitName" value="Scylla"/>
			</object>
			<object name="Scylla9889">
				<integer name="Country" value="3"/>
				<float name="ER" value="150."/>
				<string name="Hull" value="Scylla_RBoard"/>
				<string name="Name" value="Middle5_RBoard"/>
				<string name="TypHL" value="Hull"/>
				<string name="UnitName" value="Scylla"/>
			</object>

			<object name="Scylla9890">
				<integer name="Country" value="3"/>
				<float name="ER" value="200."/>
				<string name="Hull" value="Scylla_UpperDeck"/>
				<string name="Name" value="Middle6_UpperDeck"/>
				<string name="TypHL" value="Hull"/>
				<string name="UnitName" value="Scylla"/>
			</object>
			<object name="Scylla9891">
				<integer name="Country" value="3"/>
				<integer name="Crew" value="115"/>
				<float name="ER" value="50."/>
				<string name="Hull" value="Std_Hull"/>
				<string name="Name" value="Crew5"/>
				<string name="TypHL" value="Crew"/>
				<string name="UnitName" value="Scylla"/>
			</object>
			<object name="Scylla9892">
				<integer name="Country" value="3"/>
				<float name="ER" value="200."/>
				<string name="Hull" value="Scylla_LowerDeck"/>
				<string name="Name" value="Middle6_LowerDeck"/>
				<string name="TypHL" value="Hull"/>
				<string name="UnitName" value="Scylla"/>
			</object>
			<object name="Scylla9893">
				<string name="ConnectName" value="Boiler5;Boiler3"/>
				<integer name="Country" value="3"/>
				<float name="ER" value="150."/>
				<string name="Hull" value="Std_Engine"/>
				<string name="Name" value="Engine3"/>
				<string name="TypHL" value="Engine"/>
				<string name="UnitName" value="Scylla"/>
			</object>
			<object name="Scylla9894">
				<string name="ConnectName" value="Boiler5;Boiler4"/>
				<integer name="Country" value="3"/>
				<float name="ER" value="150."/>
				<string name="Hull" value="Std_Engine"/>
				<string name="Name" value="Engine4"/>
				<string name="TypHL" value="Engine"/>
				<string name="UnitName" value="Scylla"/>
			</object>
			<object name="Scylla9895">
				<integer name="Country" value="3"/>
				<float name="ER" value="200."/>
				<string name="Hull" value="Scylla_LBelt"/>
				<string name="Name" value="Middle6_LBelt"/>
				<string name="TypHL" value="Hull"/>
				<string name="UnitName" value="Scylla"/>
			</object>
			<object name="Scylla9896">
				<integer name="Country" value="3"/>
				<float name="ER" value="150."/>
				<string name="Hull" value="Scylla_LBoard"/>
				<string name="Name" value="Middle6_LBoard"/>
				<string name="TypHL" value="Hull"/>
				<string name="UnitName" value="Scylla"/>
			</object>
			<object name="Scylla9897">
				<integer name="Country" value="3"/>
				<float name="ER" value="200."/>
				<string name="Hull" value="Scylla_RBelt"/>
				<string name="Name" value="Middle6_RBelt"/>
				<string name="TypHL" value="Hull"/>
				<string name="UnitName" value="Scylla"/>
			</object>
			<object name="Scylla9898">
				<integer name="Country" value="3"/>
				<float name="ER" value="150."/>
				<string name="Hull" value="Scylla_RBoard"/>
				<string name="Name" value="Middle6_RBoard"/>
				<string name="TypHL" value="Hull"/>
				<string name="UnitName" value="Scylla"/>
			</object>
			<object name="Scylla9899">
				<integer name="Country" value="3"/>
				<float name="ER" value="150."/>
				<string name="Hull" value="Scylla_UpperDeck"/>
				<string name="Name" value="Stern1_UpperDeck"/>
				<string name="TypHL" value="Hull"/>
				<string name="UnitName" value="Scylla"/>
			</object>
			<object name="Scylla9900">
				<integer name="Country" value="3"/>
				<float name="ER" value="200."/>
				<string name="Hull" value="Scylla_LowerDeck"/>
				<string name="Name" value="Stern1_LowerDeck"/>
				<string name="TypHL" value="Hull"/>
				<string name="UnitName" value="Scylla"/>
			</object>
			<object name="Scylla9901">
				<integer name="Country" value="3"/>
				<float name="ER" value="250."/>
				<string name="Hull" value="Scylla_Stern_AmmoStoreCover"/>
				<string name="Name" value="Stern_AmmoStoreCover"/>
				<string name="TypHL" value="Hull"/>
				<string name="UnitName" value="Scylla"/>
			</object>
			<object name="Scylla9902">
				<integer name="Country" value="3"/>
				<float name="ER" value="100."/>
				<string name="Hull" value="Scylla_AmmoStore"/>
				<string name="Name" value="AmmoStore3"/>
				<string name="TypHL" value="AmmoStore"/>
				<string name="UnitName" value="Scylla"/>
			</object>
			<object name="Scylla9903">
				<integer name="Country" value="3"/>
				<float name="ER" value="150."/>
				<string name="Hull" value="Scylla_UpperDeck"/>
				<string name="Name" value="Stern2_Deck"/>
				<string name="TypHL" value="Hull"/>
				<string name="UnitName" value="Scylla"/>
			</object>
			<object name="Scylla9904">
				<integer name="Country" value="3"/>
				<float name="ER" value="100."/>
				<string name="Hull" value="Std_Hull"/>
				<string name="Name" value="Tiller"/>
				<string name="TypHL" value="Hull"/>
				<string name="UnitName" value="Scylla"/>
			</object>
			<object name="Scylla9905">
				<integer name="Country" value="3"/>
				<float name="ER" value="150."/>
				<string name="Hull" value="Scylla_Bottom"/>
				<string name="Name" value="Bow1_Bottom"/>
				<string name="TypHL" value="FuelTank"/>
				<string name="UnitName" value="Scylla"/>
			</object>
			<object name="Scylla9906">
				<integer name="Country" value="3"/>
				<float name="ER" value="150."/>
				<string name="Hull" value="Scylla_Bottom"/>
				<string name="Name" value="Bow2_Bottom"/>
				<string name="TypHL" value="FuelTank"/>
				<string name="UnitName" value="Scylla"/>
			</object>
			<object name="Scylla9907">
				<integer name="Country" value="3"/>
				<float name="ER" value="150."/>
				<string name="Hull" value="Scylla_Bottom"/>
				<string name="Name" value="Middle1_Bottom"/>
				<string name="TypHL" value="FuelTank"/>
				<string name="UnitName" value="Scylla"/>
			</object>
			<object name="Scylla9908">
				<integer name="Country" value="3"/>
				<float name="ER" value="150."/>
				<string name="Hull" value="Scylla_Bottom"/>
				<string name="Name" value="Middle2_Bottom"/>
				<string name="TypHL" value="FuelTank"/>
				<string name="UnitName" value="Scylla"/>
			</object>
			<object name="Scylla9909">
				<integer name="Country" value="3"/>
				<float name="ER" value="150."/>
				<string name="Hull" value="Scylla_Bottom"/>
				<string name="Name" value="Middle3_Bottom"/>
				<string name="TypHL" value="FuelTank"/>
				<string name="UnitName" value="Scylla"/>
			</object>

			<object name="Scylla9910">
				<integer name="Country" value="3"/>
				<float name="ER" value="150."/>
				<string name="Hull" value="Scylla_Bottom"/>
				<string name="Name" value="Middle4_Bottom"/>
				<string name="TypHL" value="FuelTank"/>
				<string name="UnitName" value="Scylla"/>
			</object>
			<object name="Scylla9911">
				<integer name="Country" value="3"/>
				<float name="ER" value="150."/>
				<string name="Hull" value="Scylla_Bottom"/>
				<string name="Name" value="Middle5_Bottom"/>
				<string name="TypHL" value="FuelTank"/>
				<string name="UnitName" value="Scylla"/>
			</object>
			<object name="Scylla9912">
				<integer name="Country" value="3"/>
				<float name="ER" value="150."/>
				<string name="Hull" value="Scylla_Bottom"/>
				<string name="Name" value="Middle6_Bottom"/>
				<string name="TypHL" value="FuelTank"/>
				<string name="UnitName" value="Scylla"/>
			</object>
			<object name="Scylla9913">
				<integer name="Country" value="3"/>
				<float name="ER" value="150."/>
				<string name="Hull" value="Scylla_Bottom"/>
				<string name="Name" value="Stern1_Bottom"/>
				<string name="TypHL" value="FuelTank"/>
				<string name="UnitName" value="Scylla"/>
			</object>
			<object name="Scylla9914">
				<integer name="Country" value="3"/>
				<integer name="Crew" value="115"/>
				<float name="ER" value="100."/>
				<string name="Hull" value="Std_CLUpperHull"/>
				<string name="Name" value="USuperStructure"/>
				<string name="TypHL" value="Crew"/>
				<string name="UnitName" value="Scylla"/>
			</object>
			<object name="Scylla9915">
				<integer name="Country" value="3"/>
				<float name="ER" value="150."/>
				<string name="Hull" value="Std_Rudder"/>
				<string name="Name" value="Rudder"/>
				<string name="TypHL" value="Rudder"/>
				<string name="UnitName" value="Scylla"/>
			</object>
			<object name="Scylla9916">
				<integer name="Country" value="3"/>
				<float name="ER" value="100."/>
				<string name="Hull" value="Std_SmokeStack"/>
				<string name="Name" value="SmokeStack"/>
				<string name="TypHL" value="Hull"/>
				<string name="UnitName" value="Scylla"/>
			</object> 
		</object>
		<object name="Hulls">
			<object name="Scylla_Barbet">
				<integer name="Back" value="25"/>
				<integer name="Bottom" value="15"/>
				<integer name="Country" value="3"/>
				<float name="ExplProb" value="15."/>
				<float name="FireProb" value="20."/>
				<integer name="Front" value="25"/>
				<integer name="Left" value="25"/>
				<string name="Material" value="Armored"/>
				<integer name="Right" value="25"/>
				<integer name="Top" value="25"/>
				<integer name="UnitName" value="0"/>
				<string name="UnitTyp" value="Ship"/>
			</object>
			<object name="Scylla_Bow_AmmoStoreCover">
				<integer name="Back" value="50"/>
				<integer name="Bottom" value="50"/>
				<integer name="Country" value="3"/>
				<float name="ExplProb" value="0."/>
				<float name="FireProb" value="5."/>
				<integer name="Front" value="50"/>
				<integer name="Left" value="50"/>
				<string name="Material" value="Armored"/>
				<integer name="Right" value="50"/>
				<integer name="Top" value="50"/>
				<integer name="UnitName" value="0"/>
				<string name="UnitTyp" value="Ship"/>
			</object>
			<object name="Scylla_LBelt">
				<integer name="Back" value="25"/>
				<integer name="Bottom" value="25"/>
				<integer name="Country" value="3"/>
				<float name="ExplProb" value="0."/>
				<float name="FireProb" value="5."/>
				<integer name="Front" value="25"/>
				<integer name="Left" value="57"/>
				<string name="Material" value="Armored"/>
				<integer name="Right" value="25"/>
				<integer name="Top" value="25"/>
				<integer name="UnitName" value="0"/>
				<string name="UnitTyp" value="Ship"/>
			</object>
			<object name="Scylla_RBelt">
				<integer name="Back" value="25"/>
				<integer name="Bottom" value="25"/>
				<integer name="Country" value="3"/>
				<float name="ExplProb" value="0."/>
				<float name="FireProb" value="5."/>
				<integer name="Front" value="25"/>
				<integer name="Left" value="25"/>
				<string name="Material" value="Armored"/>
				<integer name="Right" value="57"/>
				<integer name="Top" value="25"/>
				<integer name="UnitName" value="0"/>
				<string name="UnitTyp" value="Ship"/>
			</object> 
			<object name="Scylla_LBoard">
				<integer name="Back" value="25"/>
				<integer name="Bottom" value="25"/>
				<integer name="Country" value="3"/>
				<float name="ExplProb" value="0."/>
				<float name="FireProb" value="5."/>
				<integer name="Front" value="25"/>
				<integer name="Left" value="25"/>
				<string name="Material" value="Armored"/>
				<integer name="Right" value="25"/>
				<integer name="Top" value="25"/>
				<integer name="UnitName" value="0"/>
				<string name="UnitTyp" value="Ship"/>
			</object>
			<object name="Scylla_RBoard">
				<integer name="Back" value="25"/>
				<integer name="Bottom" value="25"/>
				<integer name="Country" value="3"/>
				<float name="ExplProb" value="0."/>
				<float name="FireProb" value="5."/>
				<integer name="Front" value="25"/>
				<integer name="Left" value="25"/>
				<string name="Material" value="Armored"/>
				<integer name="Right" value="25"/>
				<integer name="Top" value="25"/>
				<integer name="UnitName" value="0"/>
				<string name="UnitTyp" value="Ship"/>
			</object>
			<object name="Scylla_Stern_AmmoStoreCover">
				<integer name="Back" value="50"/>
				<integer name="Bottom" value="50"/>
				<integer name="Country" value="3"/>
				<float name="ExplProb" value="0."/>
				<float name="FireProb" value="5."/>
				<integer name="Front" value="50"/>
				<integer name="Left" value="50"/>
				<string name="Material" value="Armored"/>
				<integer name="Right" value="50"/>
				<integer name="Top" value="50"/>
				<integer name="UnitName" value="0"/>
				<string name="UnitTyp" value="Ship"/>
			</object>
			<object name="Scylla_LowerDeck">
				<integer name="Back" value="25"/>
				<integer name="Bottom" value="10"/>
				<integer name="Country" value="3"/>
				<float name="ExplProb" value="0."/>
				<float name="FireProb" value="5."/>
				<integer name="Front" value="25"/>
				<integer name="Left" value="25"/>
				<string name="Material" value="Armored"/>
				<integer name="Right" value="25"/>
				<integer name="Top" value="20"/>
				<integer name="UnitName" value="0"/>
				<string name="UnitTyp" value="Ship"/>
			</object>  		 
			<object name="Scylla_UpperDeck">
				<integer name="Back" value="25"/>
				<integer name="Bottom" value="25"/>
				<integer name="Country" value="3"/>
				<float name="ExplProb" value="0."/>
				<float name="FireProb" value="5."/>
				<integer name="Front" value="25"/>
				<integer name="Left" value="25"/>
				<string name="Material" value="Steel"/>
				<integer name="Right" value="25"/>
				<integer name="Top" value="20"/>
				<integer name="UnitName" value="0"/>
				<string name="UnitTyp" value="Ship"/>
			</object>  	 
			<object name="Scylla_AmmoStore">
				<integer name="Back" value="10"/>
				<integer name="Bottom" value="10"/>
				<integer name="Country" value="3"/>
				<float name="ExplProb" value="20."/>
				<float name="FireProb" value="20."/>
				<integer name="Front" value="10"/>
				<integer name="Left" value="10"/>
				<string name="Material" value="Armored"/>
				<integer name="Right" value="10"/>
				<integer name="Top" value="10"/>
				<integer name="UnitName" value="0"/>
				<string name="UnitTyp" value="Ship"/>
			</object> 
			<object name="Scylla_Bottom">
				<integer name="Back" value="25"/>
				<integer name="Bottom" value="20"/>
				<integer name="Country" value="3"/>
				<float name="ExplProb" value="0."/>
				<float name="FireProb" value="0."/>
				<integer name="Front" value="25"/>
				<integer name="Left" value="25"/>
				<string name="Material" value="Steel"/>
				<integer name="Right" value="25"/>
				<integer name="Top" value="25"/>
				<integer name="UnitName" value="0"/>
				<string name="UnitTyp" value="Ship"/>
			</object>
		</object>
		<object name="ShipsNames">
			<object name="Scylla">
				<string name="1" value="Scylla1"/>
				<string name="2" value="Scylla2"/>
			</object>
		</object>
		<object name="UnitsByType">
			<object name="3">
				<object name="Scylla">
					<string name="ChildTable" value="Ships"/>
				</object>
			</object>
		</object>
	</object>
</root>
