﻿<?xml version="1.0" standalone="yes" ?>
<root>
	<object name="Modifications">
		<object name="Ships">
			<object name="Scylla">
				<object name="Prototype">
					<string name="AAGunControl" value="Mark1R_AA"/>
					<float name="AAVolleyWeight" value="1.68776035"/>
					<float name="Aluminium" value="0."/>
					<float name="AmmoWeight" value="143.929932"/>
					<float name="Armour" value="0."/>
					<float name="FuelConsumption" value="2.04421353"/>
					<float name="FuelProtect" value="0."/>
					<string name="FullModName" value="Ships.Scylla.Prototype"/>
					<float name="Iron" value="10267.7266"/>
					<boolean name="IsAvailable" value="true"/>
					<boolean name="IsJammer" value="false"/>
					<string name="MainGunControl" value="Mk_8_M"/>
					<float name="MaxFuel" value="1110."/>
					<float name="MaxSpeed" value="32.25"/>
					<float name="MinSpeed" value="0."/>
					<float name="Money" value="13515.5"/>
					<widestring name="Name" value="TABpAGcAaAB0ACAAYwByAHUAaQBzAGUAcgAgAFMAYwB5AGwAbABhAAA="/>
					<float name="RadarRange" value="39.7635345"/>
					<float name="RadioGain" value="32258.0645"/>
					<float name="RadioPowerHF" value="100."/>
					<float name="RadioPowerVHF" value="0."/>
					<float name="RadioSensitivityHF" value="3.10000009e-003"/>
					<float name="RadioSensitivityVHF" value="0."/>
					<object name="Slots">
						<object name="TPort_MG01">
							<string name="Device" value="Illustrias_Gun_114_Turret"/>
							<string name="Table" value="Turrets"/>
						</object>
						<object name="TPort_MG02">
							<string name="Device" value="Illustrias_Gun_114_Turret"/>
							<string name="Table" value="Turrets"/>
						</object>
						<object name="TPort_MG03">
							<string name="Device" value="Illustrias_Gun_114_Turret"/>
							<string name="Table" value="Turrets"/>
						</object>
						<object name="TPort_MG04">
							<string name="Device" value="Illustrias_Gun_114_Turret"/>
							<string name="Table" value="Turrets"/>
						</object>
						<object name="TPort_TORPFR">
							<string name="Device" value="Fiji_Torp_Ap"/>
							<string name="Table" value="Turrets"/>
						</object>
						<object name="TPort_TORPFL">
							<string name="Device" value="Fiji_Torp_Ap"/>
							<string name="Table" value="Turrets"/>
						</object>
						<object name="TPort_4x40mmBR">
							<string name="Device" value="Fiji_Gun_40x4_Turret"/>
							<string name="Table" value="Turrets"/>
						</object>

						<object name="TPort_4x40mmBL">
							<string name="Device" value="Fiji_Gun_40x4_Turret"/>
							<string name="Table" value="Turrets"/>
						</object>
						<object name="TPort_AA20mmFR1">
							<string name="Device" value="Turret_20x1_ENG"/>
							<string name="Table" value="Turrets"/>
						</object>
						<object name="TPort_AA20mmFL1">
							<string name="Device" value="Turret_20x1_ENG"/>
							<string name="Table" value="Turrets"/>
						</object>
						<object name="TPort_AA20mmFR2">
							<string name="Device" value="Turret_20x1_ENG"/>
							<string name="Table" value="Turrets"/>
						</object>
						<object name="TPort_AA20mmFL2">
							<string name="Device" value="Turret_20x1_ENG"/>
							<string name="Table" value="Turrets"/>
						</object>
						<object name="TPort_AA20mmMR1">
							<string name="Device" value="Turret_20x1_ENG"/>
							<string name="Table" value="Turrets"/>
						</object>
						<object name="TPort_AA20mmML1">
							<string name="Device" value="Turret_20x1_ENG"/>
							<string name="Table" value="Turrets"/>
						</object>
						<object name="TPort_AA20mmMR2">
							<string name="Device" value="Turret_20x1_ENG"/>
							<string name="Table" value="Turrets"/>
						</object>
						<object name="TPort_AA20mmML2">
							<string name="Device" value="Turret_20x1_ENG"/>
							<string name="Table" value="Turrets"/>
						</object>
						<object name="TPort_AA20mmBR1">
							<string name="Device" value="Turret_20x1_ENG"/>
							<string name="Table" value="Turrets"/>
						</object>
						<object name="TPort_AA20mmBL1">
							<string name="Device" value="Turret_20x1_ENG"/>
							<string name="Table" value="Turrets"/>
						</object>
						<object name="TPort_AA20mmBR2">
							<string name="Device" value="Turret_20x1_ENG"/>
							<string name="Table" value="Turrets"/>
						</object>
						<object name="TPort_AA20mmBL2">
							<string name="Device" value="Turret_20x1_ENG"/>
							<string name="Table" value="Turrets"/>
						</object>
						<object name="TPort_AA20mmBR3">
							<string name="Device" value="Turret_20x1_ENG"/>
							<string name="Table" value="Turrets"/>
						</object>
						<object name="TPort_AA20mmBL3">
							<string name="Device" value="Turret_20x1_ENG"/>
							<string name="Table" value="Turrets"/>
						</object>
						<object name="TPort_ProjFR">
							<string name="Device" value="Britain_Projector"/>
							<string name="Table" value="Turrets"/>
						</object> 
						<object name="TPort_ProjFL">
							<string name="Device" value="Britain_Projector"/>
							<string name="Table" value="Turrets"/>
						</object>
						<object name="TPort_ProjBR">
							<string name="Device" value="Britain_Projector"/>
							<string name="Table" value="Turrets"/>
						</object>
						<object name="TPort_ProjBL">
							<string name="Device" value="Britain_Projector"/>
							<string name="Table" value="Turrets"/>
						</object>


						<object name="TPort_RF01F">
							<string name="Device" value="Dido_Director1"/>
							<string name="Table" value="Turrets"/>
						</object>
						<object name="TPort_RF02B">
							<string name="Device" value="Dido_Director1"/>
							<string name="Table" value="Turrets"/>
						</object>
						<object name="TPort_RF03F">
							<string name="Device" value="Hood_RF_9feet_2V"/>
							<string name="Table" value="Turrets"/>
						</object>
						<object name="TPort_RF01_Mk52_R">
							<string name="Device" value="RangeFinder_Mk52"/>
							<string name="Table" value="Turrets"/>
						</object> 
						<object name="TPort_RF01_Mk52_L">
							<string name="Device" value="RangeFinder_Mk52"/>
							<string name="Table" value="Turrets"/>
						</object>
						<object name="TPort_RADAR1">
							<string name="Device" value="Illustrias_RF_272"/>
							<string name="Table" value="Turrets"/>
						</object> 
						<object name="TPort_RADAR2">
							<string name="Device" value="Dido_Radar"/>
							<string name="Table" value="Turrets"/>
						</object>
						<object name="TPort_RADAR3">
							<string name="Device" value="Fiji_Radar"/>
							<string name="Table" value="Turrets"/>
						</object>


						<object name="TPort_VINTR">
							<string name="Device" value="Vint_Fletcher"/>
							<string name="Table" value="Turrets"/>
						</object>
						<object name="TPort_VINTL">
							<string name="Device" value="Vint_Fletcher"/>
							<string name="Table" value="Turrets"/>
						</object>
						<object name="ZPort_AAGunContr1">
							<string name="Device" value="Mark1R_AA"/>
							<string name="Table" value="AimSystems"/>
						</object>
						<object name="ZPort_Jammer_US_A1">
							<string name="Device" value="Jammer_US_A"/>
							<string name="Table" value="Probes"/>
						</object>
						<object name="ZPort_MainGunContr">
							<string name="Device" value="Mk_8_M"/>
							<string name="Table" value="AimSystems"/>
						</object>
						<object name="ZPort_Radio">
							<string name="Device" value="TBS"/>
							<string name="Table" value="Probes"/>
						</object>
						<object name="ZPort_Sonar">
							<string name="Device" value="Sword_Type_147_U"/>
							<string name="Table" value="Probes"/>
						</object>
						<object name="ZPort_SteamTurbine_01">
							<string name="Device" value="MPP_Dido"/>
							<string name="Table" value="Engins"/>
						</object>
					</object>
					<string name="Sonar" value="Sword_Type_147_U"/>
					<float name="Speed" value="16."/>
					<string name="SuperRifles" value="Traibal_Torp_Tube.6."/>
					<float name="VolleyWeight" value="2.17799997"/>
					<float name="Weight" value="7379.61133"/>
			</object>
		</object>
	</object>
</root>