<?xml version="1.0" standalone="yes" ?>
<root>
	<object name="Modifications">
		<object name="Ships">
								<object name="Dido">
									<object name="Prototype">
										<string name="AAGunControl" value="Mark0_AA"/>
										<float name="AAVolleyWeight" value="1.34246027"/>
										<float name="Aluminium" value="0."/>
										<float name="AmmoWeight" value="150.93396"/>
										<float name="Armour" value="0."/>
										<float name="FuelConsumption" value="2.04421353"/>
										<float name="FuelProtect" value="0."/>
										<string name="FullModName" value="Ships.Dido.Prototype"/>
										<float name="Iron" value="9863.04199"/>
										<boolean name="IsAvailable" value="true"/>
										<boolean name="IsJammer" value="false"/>
										<string name="MainGunControl" value="Mk_7_M"/>
										<float name="MaxFuel" value="1110."/>
										<float name="MaxSpeed" value="32.25"/>
										<float name="MinSpeed" value="0."/>
										<float name="Money" value="13471.5"/>
										<widestring name="Name" value="TABpAGcAaAB0ACAAYwByAHUAaQBzAGUAcgAgAEQAaQBkAG8A"/>
										<float name="RadarRange" value="39.7635345"/>
										<float name="RadioGain" value="32258.0645"/>
										<float name="RadioPowerHF" value="100."/>
										<float name="RadioPowerVHF" value="0."/>
										<float name="RadioSensitivityHF" value="3.10000009e-003"/>
										<float name="RadioSensitivityVHF" value="0."/>
										<object name="Slots">
											<object name="TPort_101">
												<string name="Device" value="Dido_Gun_133x2_Turret_A"/>
												<string name="Table" value="Turrets"/>
											</object>
											<object name="TPort_102">
												<string name="Device" value="Dido_Gun_133x2_Turret_B"/>
												<string name="Table" value="Turrets"/>
											</object>
											<object name="TPort_103">
												<string name="Device" value="Dido_Gun_133x2_Turret_C"/>
												<string name="Table" value="Turrets"/>
											</object>
											<object name="TPort_104">
												<string name="Device" value="Dido_Gun_133x2_Turret_D"/>
												<string name="Table" value="Turrets"/>
											</object>
											<object name="TPort_105">
												<string name="Device" value="Dido_Gun_133x2_Turret_E"/>
												<string name="Table" value="Turrets"/>
											</object>
						<object name="TPort_K1">
							<string name="Device" value="Bomb_Kletka_Small_4x"/>
							<string name="Table" value="Rifles"/>
						</object>
						<object name="TPort_K2">
							<string name="Device" value="Bomb_Kletka_Small_4x"/>
							<string name="Table" value="Rifles"/>
						</object>

											<object name="TPort_201">
												<string name="Device" value="Hood_Gun_20x4_Turret"/>
												<string name="Table" value="Turrets"/>
											</object>
											<object name="TPort_202">
												<string name="Device" value="Hood_Gun_20x4_Turret"/>
												<string name="Table" value="Turrets"/>
											</object>
											<object name="TPort_301">
												<string name="Device" value="Hood_Gun_12_5x4_Turret"/>
												<string name="Table" value="Turrets"/>
											</object>
											<object name="TPort_302">
												<string name="Device" value="Hood_Gun_12_5x4_Turret"/>
												<string name="Table" value="Turrets"/>
											</object>
											<object name="TPort_401">
												<string name="Device" value="Turret_20x1"/>
												<string name="Table" value="Turrets"/>
											</object>
											<object name="TPort_402">
												<string name="Device" value="Turret_20x1"/>
												<string name="Table" value="Turrets"/>
											</object>
											<object name="TPort_403">
												<string name="Device" value="Turret_20x1"/>
												<string name="Table" value="Turrets"/>
											</object>
											<object name="TPort_404">
												<string name="Device" value="Turret_20x1"/>
												<string name="Table" value="Turrets"/>
											</object>
											<object name="TPort_405">
												<string name="Device" value="Turret_20x1"/>
												<string name="Table" value="Turrets"/>
											</object>
											<object name="TPort_406">
												<string name="Device" value="Turret_20x1"/>
												<string name="Table" value="Turrets"/>
											</object>
											<object name="TPort_407">
												<string name="Device" value="Turret_20x1"/>
												<string name="Table" value="Turrets"/>
											</object>
											<object name="TPort_DIR1">
												<string name="Device" value="Dido_Director1"/>
												<string name="Table" value="Turrets"/>
											</object>
											<object name="TPort_DIR2">
												<string name="Device" value="Dido_Director1"/>
												<string name="Table" value="Turrets"/>
											</object>
											<object name="TPort_DIR3">
												<string name="Device" value="Fiji_RF"/>
												<string name="Table" value="Turrets"/>
											</object>
											<object name="TPort_PROJ1">
												<string name="Device" value="Britain_Projector"/>
												<string name="Table" value="Turrets"/>
											</object>
											<object name="TPort_PROJ2">
												<string name="Device" value="Britain_Projector"/>
												<string name="Table" value="Turrets"/>
											</object>
											<object name="TPort_PROJ3">
												<string name="Device" value="Britain_Projector"/>
												<string name="Table" value="Turrets"/>
											</object>
											<object name="TPort_PROJ4">
												<string name="Device" value="Britain_Projector"/>
												<string name="Table" value="Turrets"/>
											</object>
											<object name="TPort_RADAR1">
												<string name="Device" value=""/>
												<string name="Table" value="Turrets"/>
											</object>
											<object name="TPort_RADAR2">
												<string name="Device" value="Dido_Radar"/>
												<string name="Table" value="Turrets"/>
											</object>
											<object name="TPort_TORP1">
												<string name="Device" value="Fiji_Torp_Ap"/>
												<string name="Table" value="Turrets"/>
											</object>
											<object name="TPort_TORP2">
												<string name="Device" value="Fiji_Torp_Ap"/>
												<string name="Table" value="Turrets"/>
											</object>
											<object name="TPort_vint1">
												<string name="Device" value="Vint_Fletcher"/>
												<string name="Table" value="Turrets"/>
											</object>
											<object name="TPort_vint2">
												<string name="Device" value="Vint_Fletcher"/>
												<string name="Table" value="Turrets"/>
											</object>
											<object name="TPort_vint3">
												<string name="Device" value="Vint_Fletcher"/>
												<string name="Table" value="Turrets"/>
											</object>
											<object name="TPort_vint4">
												<string name="Device" value="Vint_Fletcher"/>
												<string name="Table" value="Turrets"/>
											</object>
											<object name="ZPort_AAGunContr1">
												<string name="Device" value="Mark0_AA"/>
												<string name="Table" value="AimSystems"/>
											</object>
											<object name="ZPort_Jammer_JS_A">
												<string name="Device" value=""/>
												<string name="Table" value="Probes"/>
											</object>
											<object name="ZPort_MainGunContr">
												<string name="Device" value="Mk_7_M"/>
												<string name="Table" value="AimSystems"/>
											</object>
											<object name="ZPort_Radio">
												<string name="Device" value="TBL7"/>
												<string name="Table" value="Probes"/>
											</object>
											<object name="ZPort_SteamTurbine_01">
												<string name="Device" value="MPP_Dido"/>
												<string name="Table" value="Engins"/>
											</object>
										</object>
										<string name="Sonar" value=""/>
										<float name="Speed" value="16."/>
										<string name="SuperRifles" value="Traibal_Torp_Tube.6."/>
										<float name="VolleyWeight" value="2.72249985"/>
										<float name="Weight" value="7455.75732"/>
									</object>
									<object name="ai_43">
										<string name="AAGunControl" value="Mark12R_AA"/>
										<float name="AAVolleyWeight" value="2.3202002"/>
										<float name="Aluminium" value="0."/>
										<float name="AmmoWeight" value="98.8179703"/>
										<float name="Armour" value="0."/>
										<float name="FuelConsumption" value="2.04421353"/>
										<float name="FuelProtect" value="0."/>
										<string name="FullModName" value="Ships.Dido.ai_43"/>
										<float name="Iron" value="5984.69873"/>
										<boolean name="IsAvailable" value="false"/>
										<boolean name="IsJammer" value="false"/>
										<string name="MainGunControl" value="Mk_8R_M"/>
										<float name="MaxFuel" value="1110."/>
										<float name="MaxSpeed" value="32.25"/>
										<float name="MinSpeed" value="0."/>
										<float name="Money" value="13507.1982"/>
										<widestring name="Name" value="RABpAGQAbwAgACgATQBvAGQAIAAxADkANAAzACkA"/>
										<float name="RadarRange" value="39.7635345"/>
										<float name="RadioGain" value="32258.0645"/>
										<float name="RadioPowerHF" value="100."/>
										<float name="RadioPowerVHF" value="0."/>
										<float name="RadioSensitivityHF" value="3.10000009e-003"/>
										<float name="RadioSensitivityVHF" value="0."/>
										<object name="Slots">
											<object name="TPort_101">
												<string name="Device" value="Dido_Gun_133x2_Turret"/>
												<string name="Table" value="Turrets"/>
											</object>
											<object name="TPort_102">
												<string name="Device" value="Dido_Gun_133x2_Turret"/>
												<string name="Table" value="Turrets"/>
											</object>
											<object name="TPort_103">
												<string name="Device" value="Dido_Gun_133x2_Turret"/>
												<string name="Table" value="Turrets"/>
											</object>
											<object name="TPort_104">
												<string name="Device" value="Dido_Gun_133x2_Turret"/>
												<string name="Table" value="Turrets"/>
											</object>
											<object name="TPort_105">
												<string name="Device" value="Dido_Gun_133x2_Turret"/>
												<string name="Table" value="Turrets"/>
											</object>
											<object name="TPort_201">
												<string name="Device" value="Hood_Gun_20x8_Turret"/>
												<string name="Table" value="Turrets"/>
											</object>
											<object name="TPort_202">
												<string name="Device" value="Hood_Gun_20x8_Turret"/>
												<string name="Table" value="Turrets"/>
											</object>
											<object name="TPort_301">
												<string name="Device" value="Turret_20x2"/>
												<string name="Table" value="Turrets"/>
											</object>
											<object name="TPort_302">
												<string name="Device" value="Turret_20x2"/>
												<string name="Table" value="Turrets"/>
											</object>
											<object name="TPort_401">
												<string name="Device" value="Turret_20x2"/>
												<string name="Table" value="Turrets"/>
											</object>
											<object name="TPort_402">
												<string name="Device" value="Turret_20x2"/>
												<string name="Table" value="Turrets"/>
											</object>
											<object name="TPort_403">
												<string name="Device" value="Turret_20x2"/>
												<string name="Table" value="Turrets"/>
											</object>
											<object name="TPort_404">
												<string name="Device" value="Turret_20x2"/>
												<string name="Table" value="Turrets"/>
											</object>
											<object name="TPort_405">
												<string name="Device" value="Turret_20x2"/>
												<string name="Table" value="Turrets"/>
											</object>
											<object name="TPort_406">
												<string name="Device" value="Turret_20x2"/>
												<string name="Table" value="Turrets"/>
											</object>
											<object name="TPort_407">
												<string name="Device" value="Turret_20x2"/>
												<string name="Table" value="Turrets"/>
											</object>
											<object name="TPort_DIR1">
												<string name="Device" value="Dido_Director1"/>
												<string name="Table" value="Turrets"/>
											</object>
											<object name="TPort_DIR2">
												<string name="Device" value="Dido_Director1"/>
												<string name="Table" value="Turrets"/>
											</object>
											<object name="TPort_DIR3">
												<string name="Device" value="Illustrias_RF_282"/>
												<string name="Table" value="Turrets"/>
											</object>
											<object name="TPort_PROJ1">
												<string name="Device" value="Britain_Projector"/>
												<string name="Table" value="Turrets"/>
											</object>
											<object name="TPort_PROJ2">
												<string name="Device" value="Britain_Projector"/>
												<string name="Table" value="Turrets"/>
											</object>
											<object name="TPort_PROJ3">
												<string name="Device" value="Britain_Projector"/>
												<string name="Table" value="Turrets"/>
											</object>
											<object name="TPort_PROJ4">
												<string name="Device" value="Britain_Projector"/>
												<string name="Table" value="Turrets"/>
											</object>
											<object name="TPort_RADAR1">
												<string name="Device" value="Fiji_Radar"/>
												<string name="Table" value="Turrets"/>
											</object>
											<object name="TPort_RADAR2">
												<string name="Device" value="Dido_Radar"/>
												<string name="Table" value="Turrets"/>
											</object>
											<object name="TPort_TORP1">
												<string name="Device" value="Fiji_Torp_Ap"/>
												<string name="Table" value="Turrets"/>
											</object>
											<object name="TPort_TORP2">
												<string name="Device" value="Fiji_Torp_Ap"/>
												<string name="Table" value="Turrets"/>
											</object>
											<object name="TPort_vint1">
												<string name="Device" value="Vint_Fletcher"/>
												<string name="Table" value="Turrets"/>
											</object>
											<object name="TPort_vint2">
												<string name="Device" value="Vint_Fletcher"/>
												<string name="Table" value="Turrets"/>
											</object>
											<object name="TPort_vint3">
												<string name="Device" value="Vint_Fletcher"/>
												<string name="Table" value="Turrets"/>
											</object>
											<object name="TPort_vint4">
												<string name="Device" value="Vint_Fletcher"/>
												<string name="Table" value="Turrets"/>
											</object>
											<object name="ZPort_AAGunContr1">
												<string name="Device" value="Mark12R_AA"/>
												<string name="Table" value="AimSystems"/>
											</object>
											<object name="ZPort_Jammer_JS_A">
												<string name="Device" value=""/>
												<string name="Table" value="Probes"/>
											</object>
											<object name="ZPort_MainGunContr">
												<string name="Device" value="Mk_8R_M"/>
												<string name="Table" value="AimSystems"/>
											</object>
											<object name="ZPort_Radio">
												<string name="Device" value="TBL7"/>
												<string name="Table" value="Probes"/>
											</object>
											<object name="ZPort_SteamTurbine_01">
												<string name="Device" value="MPP_Dido"/>
												<string name="Table" value="Engins"/>
											</object>
										</object>
										<string name="Sonar" value=""/>
										<float name="Speed" value="16."/>
										<string name="SuperRifles" value="Traibal_Torp_Tube.6."/>
										<float name="VolleyWeight" value="1.36124992"/>
										<float name="Weight" value="6064.61768"/>
									</object>
								</object>  
						</object>
	             </object>
</root>