<?xml version="1.0" standalone="yes" ?>
<root>
	<object name="Prototypes">
		<object name="Ships">
			<object name="Dido">
				<object name="Slots">
					<object name="TPort_101">
						<object name="SubSlots">
							<object name="TPort_102">
								<integer name="icon_x" value="480"/>
								<integer name="icon_y" value="21"/>
							</object>
						</object>
						<integer name="icon_x" value="22"/>
						<integer name="icon_y" value="15"/>
					</object>
					<object name="TPort_103">
						<integer name="icon_x" value="161"/>
						<integer name="icon_y" value="15"/>
					</object>
					<object name="TPort_104">
						<object name="SubSlots">
							<object name="TPort_105">
								<integer name="icon_x" value="249"/>
								<integer name="icon_y" value="85"/>
							</object>
						</object>
						<integer name="icon_x" value="498"/>
						<integer name="icon_y" value="15"/>
					</object>
					<object name="TPort_201">
						<object name="SubSlots">
							<object name="TPort_202">
								<integer name="icon_x" value="480"/>
								<integer name="icon_y" value="21"/>
							</object>
						</object>
						<integer name="icon_x" value="325"/>
						<integer name="icon_y" value="15"/>
					</object>

					<object name="TPort_TORP1">
						<object name="SubSlots">
							<object name="TPort_TORP2">
								<integer name="icon_x" value="331"/>
								<integer name="icon_y" value="126"/>
							</object>
						</object>
						<integer name="icon_x" value="498"/>
						<integer name="icon_y" value="91"/>
					</object>
					<object name="TPort_301">
						<object name="SubSlots">
							<object name="TPort_302">
								<integer name="icon_x" value="539"/>
								<integer name="icon_y" value="16"/>
							</object>
						</object>
						<integer name="icon_x" value="161"/>
						<integer name="icon_y" value="91"/>
					</object>
					<object name="TPort_401">
						<object name="SubSlots">
							<object name="TPort_402">
								<integer name="icon_x" value="225"/>
								<integer name="icon_y" value="119"/>
							</object>
							<object name="TPort_403">
								<integer name="icon_x" value="180"/>
								<integer name="icon_y" value="332"/>
							</object>
							<object name="TPort_404">
								<integer name="icon_x" value="236"/>
								<integer name="icon_y" value="304"/>
							</object>
							<object name="TPort_405">
								<integer name="icon_x" value="310"/>
								<integer name="icon_y" value="335"/>
							</object>
							<object name="TPort_406">
								<integer name="icon_x" value="310"/>
								<integer name="icon_y" value="335"/>
							</object>
							<object name="TPort_407">
								<integer name="icon_x" value="310"/>
								<integer name="icon_y" value="335"/>
							</object>
						</object>
						<integer name="icon_x" value="325"/>
						<integer name="icon_y" value="91"/>
					</object>
					<object name="TPort_DIR3">
						<integer name="icon_x" value="275"/>
						<integer name="icon_y" value="185"/>
					</object>
					<object name="TPort_DIR1">
						<integer name="icon_x" value="161"/>
						<integer name="icon_y" value="185"/>
					</object>
					<object name="TPort_DIR2">
						<integer name="icon_x" value="384"/>
						<integer name="icon_y" value="185"/>
					</object>
					<object name="TPort_RADAR1">
						<integer name="icon_x" value="180"/>
						<integer name="icon_y" value="258"/>
					</object>
					<object name="TPort_RADAR2">
						<integer name="icon_x" value="430"/>
						<integer name="icon_y" value="258"/>
					</object>
					<object name="ZPort_Radio">
						<integer name="icon_x" value="22"/>
						<integer name="icon_y" value="370"/>
					</object>
					<object name="ZPort_MainGunContr">
						<integer name="icon_x" value="134"/>
						<integer name="icon_y" value="370"/>
					</object>
					<object name="ZPort_SteamTurbine_01">
						<integer name="icon_x" value="275"/>
						<integer name="icon_y" value="370"/>
					</object>
					<object name="ZPort_AAGunContr1">
						<integer name="icon_x" value="384"/>
						<integer name="icon_y" value="370"/>
					</object>
					<object name="ZPort_Jammer_JS_A">
						<integer name="icon_x" value="514"/>
						<integer name="icon_y" value="370"/>
					</object>
				</object>
			</object>
		</object>
	</object>
</root>
