﻿<?xml version = "1.0" encoding = "UTF-8"?>
<root>
	<object name = "SteelMonstersParams">
		<object name="Ships">
			<object name="York">
				<float name="AccelRate" value="3.e-004"/>
				<string name="Airgroup" value="Scout_ShipWater_Battleship_Battalion_england"/>
				<integer name="AirplanesCount" value="2"/>
				<string name="AmmoLoadingTemplate" value="Ammo 120"/>
				<boolean name="BoatsTransportationAbility" value="false"/>
				<integer name="CabinArmor" value="165"/>
				<boolean name="CanBeChanged" value="true"/>
				<boolean name="CanUseTorpedos" value="true"/>
				<string name="CatapultAirgroupDefaultUnit" value="Walrus"/>
				<integer name="Country" value="3"/>
				<integer name="Crew" value="950"/>
				<float name="CriticalCareen" value="37."/>
				<float name="CriticalDFT" value="2.1"/>
				<float name="CriticalDifferent" value="2.4"/>
				<float name="DTimeProd" value="100."/>
				<float name="DisplacementMax" value="11300."/>
				<float name="EPR" value="405."/>
				<float name="FireRisk" value="1467."/>
				<float name="Fuel" value="1900."/>
				<float name="HLShapeCoef" value="0.8"/>
				<integer name="HullArmorSide" value="152"/>
				<integer name="HullArmorTop" value="130"/>
				<float name="Iron" value="14500."/>
				<integer name="Length" value="167.6"/>
				<float name="MaxSpeed" value="32.25"/>
				<integer name="MinCrew" value="600"/>
				<float name="Money" value="22000."/>
				<float name="NTimeProd" value="250."/>
				<string name="Name" value="York"/>
				<boolean name="New" value="true"/>
				<integer name="Nuc_Dest_Prob" value="400"/>
				<integer name="Passengers" value="50"/>
				<boolean name="PlanesTransportationAbility" value="false"/>
				<float name="Range" value="20000."/>
				<integer name="Rank" value="2"/>
				<string name="SMU" value="York"/>
				<float name="Speed" value="14."/>
				<float name="StoreCapacity" value="1000."/>
				<boolean name="Transportable" value="false"/>
				<float name="TurnRate" value="1.5e-003"/>
				<integer name="Type" value="2"/>
				<float name="Vitality" value="7000."/>
				<float name="VitalityAA" value="1000."/>
				<float name="Weight" value="8400."/>
				<integer name="Width" value="17.7"/>
				<integer name="Year" value="39"/>
			</object>
		</object>
		<object name="Hit_Location">
			<object name="York1796">
				<string name="ConnectName" value="Tiller"/>
				<integer name="Country" value="3"/>
				<float name="ER" value="150."/>
				<string name="Hull" value="Std_Rudder"/>
				<string name="Name" value="Rudder"/>
				<string name="TypHL" value="Rudder"/>
				<string name="UnitName" value="York"/>
			</object>
			<object name="York1797">
				<string name="ConnectName" value="Middle5_REngine"/>
				<integer name="Country" value="3"/>
				<float name="ER" value="150."/>
				<string name="Hull" value="Std_Mover"/>
				<string name="Name" value="Mover4"/>
				<string name="TypHL" value="Mover"/>
				<string name="UnitName" value="York"/>
			</object>
			<object name="York1798">
				<string name="ConnectName" value="Middle5_LEngine"/>
				<integer name="Country" value="3"/>
				<float name="ER" value="150."/>
				<string name="Hull" value="Std_Mover"/>
				<string name="Name" value="Mover3"/>
				<string name="TypHL" value="Mover"/>
				<string name="UnitName" value="York"/>
			</object>
			<object name="York1799">
				<string name="ConnectName" value="Middle4_LEngine"/>
				<integer name="Country" value="3"/>
				<float name="ER" value="150."/>
				<string name="Hull" value="Std_Mover"/>
				<string name="Name" value="Mover1"/>
				<string name="TypHL" value="Mover"/>
				<string name="UnitName" value="York"/>
			</object>
			<object name="York1800">
				<string name="ConnectName" value="Middle4_REngine"/>
				<integer name="Country" value="3"/>
				<float name="ER" value="150."/>
				<string name="Hull" value="Std_Mover"/>
				<string name="Name" value="Mover2"/>
				<string name="TypHL" value="Mover"/>
				<string name="UnitName" value="York"/>
			</object>
			<object name="York1801">
				<integer name="Country" value="3"/>
				<float name="ER" value="245."/>
				<string name="Hull" value="York_Barbet"/>
				<string name="Name" value="Barbet2"/>
				<string name="TypHL" value="AmmoStore"/>
				<string name="UnitName" value="York"/>
			</object>
			<object name="York1802">
				<integer name="Country" value="3"/>
				<float name="ER" value="245."/>
				<string name="Hull" value="York_Barbet"/>
				<string name="Name" value="Barbet1"/>
				<string name="TypHL" value="AmmoStore"/>
				<string name="UnitName" value="York"/>
			</object>
			<object name="York1803">
				<integer name="Country" value="3"/>
				<float name="ER" value="245."/>
				<string name="Hull" value="York_Barbet"/>
				<string name="Name" value="Barbet3"/>
				<string name="TypHL" value="AmmoStore"/>
				<string name="UnitName" value="York"/>
			</object>
			<object name="York1804">
				<integer name="Country" value="3"/>
				<float name="ER" value="245."/>
				<string name="Hull" value="York_Barbet"/>
				<string name="Name" value="Barbet4"/>
				<string name="TypHL" value="AmmoStore"/>
				<string name="UnitName" value="York"/>
			</object>
			<object name="York1805">
				<integer name="Country" value="3"/>
				<float name="ER" value="100."/>
				<string name="Hull" value="York_BattleCabine"/>
				<string name="Name" value="BattleCabine"/>
				<string name="TypHL" value="Hull"/>
				<string name="UnitName" value="York"/>
			</object>
			<object name="York1806">
				<integer name="Country" value="3"/>
				<float name="ER" value="50."/>
				<string name="Hull" value="Std_Probe"/>
				<string name="Name" value="Probe_AA_Bow"/>
				<string name="TypHL" value="Probe"/>
				<string name="UnitName" value="York"/>
			</object>
			<object name="York1807">
				<integer name="Country" value="3"/>
				<float name="ER" value="50."/>
				<string name="Hull" value="Std_Probe"/>
				<string name="Name" value="Probe_AA_Stern"/>
				<string name="TypHL" value="Probe"/>
				<string name="UnitName" value="York"/>
			</object>
			<object name="York1809">
				<integer name="Country" value="3"/>
				<float name="ER" value="245."/>
				<string name="Hull" value="York_AS_T1"/>
				<string name="Name" value="AmmoStore1_1"/>
				<string name="TypHL" value="AmmoStore"/>
				<string name="UnitName" value="York"/>
			</object>
			<object name="York1810">
				<integer name="Country" value="3"/>
				<float name="ER" value="245."/>
				<string name="Hull" value="York_AS_T1"/>
				<string name="Name" value="AmmoStore1_2"/>
				<string name="TypHL" value="AmmoStore"/>
				<string name="UnitName" value="York"/>
			</object>
			<object name="York1811">
				<integer name="Country" value="3"/>
				<float name="ER" value="245."/>
				<string name="Hull" value="York_AS_T1"/>
				<string name="Name" value="AmmoStore2_1"/>
				<string name="TypHL" value="AmmoStore"/>
				<string name="UnitName" value="York"/>
			</object>
			<object name="York1812">
				<integer name="Country" value="3"/>
				<float name="ER" value="245."/>
				<string name="Hull" value="York_AS_T1"/>
				<string name="Name" value="AmmoStore2_2"/>
				<string name="TypHL" value="AmmoStore"/>
				<string name="UnitName" value="York"/>
			</object>
			<object name="York1813">
				<integer name="Country" value="3"/>
				<float name="ER" value="200."/>
				<string name="Hull" value="York_MiddleDeck"/>
				<string name="Name" value="Bow2_MiddleDeck"/>
				<string name="TypHL" value="Hull"/>
				<string name="UnitName" value="York"/>
			</object>
			<object name="York1814">
				<integer name="Country" value="3"/>
				<float name="ER" value="150."/>
				<string name="Hull" value="York_Bottom"/>
				<string name="Name" value="Bow2_Bottom"/>
				<string name="TypHL" value="Hull"/>
				<string name="UnitName" value="York"/>
			</object>
			<object name="York1815">
				<integer name="Country" value="3"/>
				<float name="ER" value="200."/>
				<string name="Hull" value="York_UpperDeck1"/>
				<string name="Name" value="Bow2_UpperDeck"/>
				<string name="TypHL" value="Hull"/>
				<string name="UnitName" value="York"/>
			</object>
			<object name="York1817">
				<integer name="Country" value="3"/>
				<float name="ER" value="150."/>
				<string name="Hull" value="York_Bottom"/>
				<string name="Name" value="Middle1_RBottom"/>
				<string name="TypHL" value="FuelTank"/>
				<string name="UnitName" value="York"/>
			</object>
			<object name="York1818">
				<integer name="Country" value="3"/>
				<float name="ER" value="150."/>
				<string name="Hull" value="York_Bottom"/>
				<string name="Name" value="Middle1_LBottom"/>
				<string name="TypHL" value="FuelTank"/>
				<string name="UnitName" value="York"/>
			</object>
			<object name="York1819">
				<integer name="Country" value="3"/>
				<float name="ER" value="200."/>
				<string name="Hull" value="York_MiddleDeck"/>
				<string name="Name" value="Middle1_MiddleDeck"/>
				<string name="TypHL" value="Hull"/>
				<string name="UnitName" value="York"/>
			</object>
			<object name="York1820">
				<integer name="Country" value="3"/>
				<float name="ER" value="245."/>
				<string name="Hull" value="York_AS_Cover"/>
				<string name="Name" value="Universal_AmmoStore_Cover"/>
				<string name="TypHL" value="Hull"/>
				<string name="UnitName" value="York"/>
			</object>
			<object name="York1821">
				<integer name="Country" value="3"/>
				<float name="ER" value="50."/>
				<string name="Hull" value="Std_Probe"/>
				<string name="Name" value="Probe_MainGun"/>
				<string name="TypHL" value="Probe"/>
				<string name="UnitName" value="York"/>
			</object>
			<object name="York1822">
				<integer name="Country" value="3"/>
				<float name="ER" value="50."/>
				<string name="Hull" value="Std_Probe"/>
				<string name="Name" value="Radar"/>
				<string name="TypHL" value="Probe"/>
				<string name="UnitName" value="York"/>
			</object>
			<object name="York1823">
				<integer name="Country" value="3"/>
				<float name="ER" value="50."/>
				<string name="Hull" value="Std_Probe"/>
				<string name="Name" value="Radio"/>
				<string name="TypHL" value="Probe"/>
				<string name="UnitName" value="York"/>
			</object>
			<object name="York1824">
				<integer name="Country" value="3"/>
				<float name="ER" value="245."/>
				<string name="Hull" value="York_AS_T1"/>
				<string name="Name" value="Universal_AmmoStore"/>
				<string name="TypHL" value="AmmoStore"/>
				<string name="UnitName" value="York"/>
			</object>
			<object name="York1825">
				<integer name="Country" value="3"/>
				<float name="ER" value="200."/>
				<string name="Hull" value="York_BeltDeck"/>
				<string name="Name" value="Middle1_UpperDeck"/>
				<string name="TypHL" value="Hull"/>
				<string name="UnitName" value="York"/>
			</object>
			<object name="York1826">
				<integer name="Country" value="3"/>
				<float name="ER" value="200."/>
				<string name="Hull" value="York_UpperDeck2"/>
				<string name="Name" value="Middle1_UpperDeck2"/>
				<string name="TypHL" value="Hull"/>
				<string name="UnitName" value="York"/>
			</object>
			<object name="York1828">
				<integer name="Country" value="3"/>
				<float name="ER" value="200."/>
				<string name="Hull" value="York_MiddleDeck"/>
				<string name="Name" value="Middle2_MiddleDeck"/>
				<string name="TypHL" value="Hull"/>
				<string name="UnitName" value="York"/>
			</object>
			<object name="York1829">
				<integer name="Country" value="3"/>
				<float name="ER" value="100."/>
				<string name="Hull" value="Std_Boiler"/>
				<string name="Name" value="Middle2_Boiler1"/>
				<string name="TypHL" value="Boiler"/>
				<string name="UnitName" value="York"/>
			</object>
			<object name="York1830">
				<integer name="Country" value="3"/>
				<float name="ER" value="100."/>
				<string name="Hull" value="Std_Boiler"/>
				<string name="Name" value="Middle2_Boiler2"/>
				<string name="TypHL" value="Boiler"/>
				<string name="UnitName" value="York"/>
			</object>
			<object name="York1831">
				<integer name="Country" value="3"/>
				<float name="ER" value="150."/>
				<string name="Hull" value="York_LAMP"/>
				<string name="Name" value="Middle2_LAMP"/>
				<string name="TypHL" value="Hull"/>
				<string name="UnitName" value="York"/>
			</object>
			<object name="York1832">
				<integer name="Country" value="3"/>
				<float name="ER" value="150."/>
				<string name="Hull" value="York_RAMP"/>
				<string name="Name" value="Middle2_RAMP"/>
				<string name="TypHL" value="Hull"/>
				<string name="UnitName" value="York"/>
			</object>
			<object name="York1833">
				<integer name="Country" value="3"/>
				<float name="ER" value="200."/>
				<string name="Hull" value="York_LBelt"/>
				<string name="Name" value="Middle2_LBelt"/>
				<string name="TypHL" value="Hull"/>
				<string name="UnitName" value="York"/>
			</object>
			<object name="York1834">
				<integer name="Country" value="3"/>
				<float name="ER" value="200."/>
				<string name="Hull" value="York_RBelt"/>
				<string name="Name" value="Middle2_RBelt"/>
				<string name="TypHL" value="Hull"/>
				<string name="UnitName" value="York"/>
			</object>
			<object name="York1835">
				<integer name="Country" value="3"/>
				<float name="ER" value="200."/>
				<string name="Hull" value="York_UpperDeck2"/>
				<string name="Name" value="Middle2_UpperDeck"/>
				<string name="TypHL" value="Hull"/>
				<string name="UnitName" value="York"/>
			</object>
			<object name="York1836">
				<integer name="Country" value="3"/>
				<float name="ER" value="200."/>
				<string name="Hull" value="York_UpperDeck2"/>
				<string name="Name" value="Middle2_UpperDeck2"/>
				<string name="TypHL" value="Hull"/>
				<string name="UnitName" value="York"/>
			</object>
			<object name="York1837">
				<integer name="Country" value="3"/>
				<float name="ER" value="150."/>
				<string name="Hull" value="York_Bottom"/>
				<string name="Name" value="Middle2_RBottom"/>
				<string name="TypHL" value="FuelTank"/>
				<string name="UnitName" value="York"/>
			</object>
			<object name="York1838">
				<integer name="Country" value="3"/>
				<float name="ER" value="150."/>
				<string name="Hull" value="York_Bottom"/>
				<string name="Name" value="Middle2_LBottom"/>
				<string name="TypHL" value="FuelTank"/>
				<string name="UnitName" value="York"/>
			</object>
			<object name="York1840">
				<integer name="Country" value="3"/>
				<float name="ER" value="200."/>
				<string name="Hull" value="York_MiddleDeck"/>
				<string name="Name" value="Middle3_MiddleDeck"/>
				<string name="TypHL" value="Hull"/>
				<string name="UnitName" value="York"/>
			</object>
			<object name="York1841">
				<integer name="Country" value="3"/>
				<float name="ER" value="100."/>
				<string name="Hull" value="Std_Boiler"/>
				<string name="Name" value="Middle3_Boiler1"/>
				<string name="TypHL" value="Boiler"/>
				<string name="UnitName" value="York"/>
			</object>
			<object name="York1842">
				<integer name="Country" value="3"/>
				<float name="ER" value="100."/>
				<string name="Hull" value="Std_Boiler"/>
				<string name="Name" value="Middle3_Boiler2"/>
				<string name="TypHL" value="Boiler"/>
				<string name="UnitName" value="York"/>
			</object>
			<object name="York1843">
				<integer name="Country" value="3"/>
				<float name="ER" value="150."/>
				<string name="Hull" value="York_Bottom"/>
				<string name="Name" value="Middle3_LBottom"/>
				<string name="TypHL" value="FuelTank"/>
				<string name="UnitName" value="York"/>
			</object>
			<object name="York1844">
				<integer name="Country" value="3"/>
				<float name="ER" value="150."/>
				<string name="Hull" value="York_Bottom"/>
				<string name="Name" value="Middle3_RBottom"/>
				<string name="TypHL" value="FuelTank"/>
				<string name="UnitName" value="York"/>
			</object>
			<object name="York1845">
				<integer name="Country" value="3"/>
				<float name="ER" value="150."/>
				<string name="Hull" value="York_LAMP"/>
				<string name="Name" value="Middle3_LAMP"/>
				<string name="TypHL" value="Hull"/>
				<string name="UnitName" value="York"/>
			</object>
			<object name="York1846">
				<integer name="Country" value="3"/>
				<float name="ER" value="150."/>
				<string name="Hull" value="York_RAMP"/>
				<string name="Name" value="Middle3_RAMP"/>
				<string name="TypHL" value="Hull"/>
				<string name="UnitName" value="York"/>
			</object>
			<object name="York1847">
				<integer name="Country" value="3"/>
				<float name="ER" value="200."/>
				<string name="Hull" value="York_RBelt"/>
				<string name="Name" value="Middle3_RBelt"/>
				<string name="TypHL" value="Hull"/>
				<string name="UnitName" value="York"/>
			</object>
			<object name="York1848">
				<integer name="Country" value="3"/>
				<float name="ER" value="200."/>
				<string name="Hull" value="York_LBelt"/>
				<string name="Name" value="Middle3_LBelt"/>
				<string name="TypHL" value="Hull"/>
				<string name="UnitName" value="York"/>
			</object>
			<object name="York1849">
				<integer name="Country" value="3"/>
				<float name="ER" value="200."/>
				<string name="Hull" value="York_UpperDeck2"/>
				<string name="Name" value="Middle3_UpperDeck"/>
				<string name="TypHL" value="Hull"/>
				<string name="UnitName" value="York"/>
			</object>
			<object name="York1850">
				<integer name="Country" value="3"/>
				<float name="ER" value="200."/>
				<string name="Hull" value="York_UpperDeck2"/>
				<string name="Name" value="Middle3_UpperDeck2"/>
				<string name="TypHL" value="Hull"/>
				<string name="UnitName" value="York"/>
			</object>
			<object name="York1852">
				<integer name="Country" value="3"/>
				<float name="ER" value="200."/>
				<string name="Hull" value="York_LBelt"/>
				<string name="Name" value="Middle4_LBelt"/>
				<string name="TypHL" value="Hull"/>
				<string name="UnitName" value="York"/>
			</object>
			<object name="York1853">
				<integer name="Country" value="3"/>
				<float name="ER" value="200."/>
				<string name="Hull" value="York_MiddleDeck"/>
				<string name="Name" value="Middle4_MiddleDeck"/>
				<string name="TypHL" value="Hull"/>
				<string name="UnitName" value="York"/>
			</object>
			<object name="York1854">
				<string name="ConnectName" value="Middle2_Boiler1;Middle2_Boiler2;Middle3_Boiler1;Middle3_Boiler2;"/>
				<integer name="Country" value="3"/>
				<float name="ER" value="150."/>
				<string name="Hull" value="Std_Engine"/>
				<string name="Name" value="Middle4_LEngine"/>
				<string name="TypHL" value="Engine"/>
				<string name="UnitName" value="York"/>
			</object>
			<object name="York1855">
				<string name="ConnectName" value="Middle2_Boiler1;Middle2_Boiler2;Middle3_Boiler1;Middle3_Boiler2"/>
				<integer name="Country" value="3"/>
				<float name="ER" value="150."/>
				<string name="Hull" value="Std_Engine"/>
				<string name="Name" value="Middle4_REngine"/>
				<string name="TypHL" value="Engine"/>
				<string name="UnitName" value="York"/>
			</object>
			<object name="York1856">
				<integer name="Country" value="3"/>
				<float name="ER" value="150."/>
				<string name="Hull" value="York_LAMP"/>
				<string name="Name" value="Middle4_LAMP"/>
				<string name="TypHL" value="Hull"/>
				<string name="UnitName" value="York"/>
			</object>
			<object name="York1857">
				<integer name="Country" value="3"/>
				<float name="ER" value="150."/>
				<string name="Hull" value="York_RAMP"/>
				<string name="Name" value="Middle4_RAMP"/>
				<string name="TypHL" value="Hull"/>
				<string name="UnitName" value="York"/>
			</object>
			<object name="York1858">
				<integer name="Country" value="3"/>
				<float name="ER" value="200."/>
				<string name="Hull" value="York_RBelt"/>
				<string name="Name" value="Middle4_RBelt"/>
				<string name="TypHL" value="Hull"/>
				<string name="UnitName" value="York"/>
			</object>
			<object name="York1859">
				<integer name="Country" value="3"/>
				<float name="ER" value="200."/>
				<string name="Hull" value="York_BeltDeck"/>
				<string name="Name" value="Middle4_UpperDeck"/>
				<string name="TypHL" value="Hull"/>
				<string name="UnitName" value="York"/>
			</object>
			<object name="York1860">
				<integer name="Country" value="3"/>
				<float name="ER" value="200."/>
				<string name="Hull" value="York_UpperDeck2"/>
				<string name="Name" value="Middle4_UpperDeck2"/>
				<string name="TypHL" value="Hull"/>
				<string name="UnitName" value="York"/>
			</object>
			<object name="York1861">
				<integer name="Country" value="3"/>
				<float name="ER" value="150."/>
				<string name="Hull" value="York_Bottom"/>
				<string name="Name" value="Middle4_LBottom"/>
				<string name="TypHL" value="FuelTank"/>
				<string name="UnitName" value="York"/>
			</object>
			<object name="York1862">
				<integer name="Country" value="3"/>
				<float name="ER" value="150."/>
				<string name="Hull" value="York_Bottom"/>
				<string name="Name" value="Middle4_RBottom"/>
				<string name="TypHL" value="FuelTank"/>
				<string name="UnitName" value="York"/>
			</object>
			<object name="York1864">
				<integer name="Country" value="3"/>
				<float name="ER" value="150."/>
				<string name="Hull" value="York_RAMP"/>
				<string name="Name" value="Middle5_RAMP"/>
				<string name="TypHL" value="Hull"/>
				<string name="UnitName" value="York"/>
			</object>
			<object name="York1865">
				<integer name="Country" value="3"/>
				<float name="ER" value="150."/>
				<string name="Hull" value="York_LAMP"/>
				<string name="Name" value="Middle5_LAMP"/>
				<string name="TypHL" value="Hull"/>
				<string name="UnitName" value="York"/>
			</object>
			<object name="York1866">
				<integer name="Country" value="3"/>
				<float name="ER" value="200."/>
				<string name="Hull" value="York_MiddleDeck"/>
				<string name="Name" value="Middle5_MiddleDeck"/>
				<string name="TypHL" value="Hull"/>
				<string name="UnitName" value="York"/>
			</object>
			<object name="York1867">
				<string name="ConnectName" value="Middle2_Boiler1;Middle2_Boiler2;Middle3_Boiler1;Middle3_Boiler2"/>
				<integer name="Country" value="3"/>
				<float name="ER" value="150."/>
				<string name="Hull" value="Std_Engine"/>
				<string name="Name" value="Middle5_LEngine"/>
				<string name="TypHL" value="Engine"/>
				<string name="UnitName" value="York"/>
			</object>
			<object name="York1868">
				<string name="ConnectName" value="Middle2_Boiler1;Middle2_Boiler2;Middle3_Boiler1;Middle3_Boiler2;"/>
				<integer name="Country" value="3"/>
				<float name="ER" value="150."/>
				<string name="Hull" value="Std_Engine"/>
				<string name="Name" value="Middle5_REngine"/>
				<string name="TypHL" value="Engine"/>
				<string name="UnitName" value="York"/>
			</object>
			<object name="York1869">
				<integer name="Country" value="3"/>
				<float name="ER" value="200."/>
				<string name="Hull" value="York_RBelt"/>
				<string name="Name" value="Middle5_RBelt"/>
				<string name="TypHL" value="Hull"/>
				<string name="UnitName" value="York"/>
			</object>
			<object name="York1870">
				<integer name="Country" value="3"/>
				<float name="ER" value="200."/>
				<string name="Hull" value="York_LBelt"/>
				<string name="Name" value="Middle5_LBelt"/>
				<string name="TypHL" value="Hull"/>
				<string name="UnitName" value="York"/>
			</object>
			<object name="York1871">
				<integer name="Country" value="3"/>
				<float name="ER" value="200."/>
				<string name="Hull" value="York_UpperDeck2"/>
				<string name="Name" value="Middle5_UpperDeck"/>
				<string name="TypHL" value="Hull"/>
				<string name="UnitName" value="York"/>
			</object>
			<object name="York1872">
				<integer name="Country" value="3"/>
				<float name="ER" value="200."/>
				<string name="Hull" value="York_UpperDeck2"/>
				<string name="Name" value="Middle5_UpperDeck2"/>
				<string name="TypHL" value="Hull"/>
				<string name="UnitName" value="York"/>
			</object>
			<object name="York1873">
				<integer name="Country" value="3"/>
				<float name="ER" value="150."/>
				<string name="Hull" value="York_Bottom"/>
				<string name="Name" value="Middle5_LBottom"/>
				<string name="TypHL" value="FuelTank"/>
				<string name="UnitName" value="York"/>
			</object>
			<object name="York1874">
				<integer name="Country" value="3"/>
				<float name="ER" value="150."/>
				<string name="Hull" value="York_Bottom"/>
				<string name="Name" value="Middle5_RBottom"/>
				<string name="TypHL" value="FuelTank"/>
				<string name="UnitName" value="York"/>
			</object>
			<object name="York1876">
				<integer name="Country" value="3"/>
				<float name="ER" value="150."/>
				<string name="Hull" value="York_Bottom"/>
				<string name="Name" value="Stern1_Bottom"/>
				<string name="TypHL" value="Hull"/>
				<string name="UnitName" value="York"/>
			</object>
			<object name="York1877">
				<integer name="Country" value="3"/>
				<float name="ER" value="200."/>
				<string name="Hull" value="York_MiddleDeck"/>
				<string name="Name" value="Stern1_MiddleDeck"/>
				<string name="TypHL" value="Hull"/>
				<string name="UnitName" value="York"/>
			</object>
			<object name="York1878">
				<integer name="Country" value="3"/>
				<float name="ER" value="245."/>
				<string name="Hull" value="York_AS_T1"/>
				<string name="Name" value="AmmoStore4_1"/>
				<string name="TypHL" value="AmmoStore"/>
				<string name="UnitName" value="York"/>
			</object>
			<object name="York1879">
				<integer name="Country" value="3"/>
				<float name="ER" value="245."/>
				<string name="Hull" value="York_AS_T1"/>
				<string name="Name" value="AmmoStore3_1"/>
				<string name="TypHL" value="AmmoStore"/>
				<string name="UnitName" value="York"/>
			</object>
			<object name="York1880">
				<integer name="Country" value="3"/>
				<float name="ER" value="245."/>
				<string name="Hull" value="York_AS_T1"/>
				<string name="Name" value="AmmoStore3_2"/>
				<string name="TypHL" value="AmmoStore"/>
				<string name="UnitName" value="York"/>
			</object>
			<object name="York1881">
				<integer name="Country" value="3"/>
				<float name="ER" value="245."/>
				<string name="Hull" value="York_AS_T1"/>
				<string name="Name" value="AmmoStore4_2"/>
				<string name="TypHL" value="AmmoStore"/>
				<string name="UnitName" value="York"/>
			</object>
			<object name="York1882">
				<integer name="Country" value="3"/>
				<float name="ER" value="200."/>
				<string name="Hull" value="York_UpperDeck1"/>
				<string name="Name" value="Stern1_UpperDeck"/>
				<string name="TypHL" value="Hull"/>
				<string name="UnitName" value="York"/>
			</object>
			<object name="York1883">
				<integer name="Country" value="3"/>
				<float name="ER" value="200."/>
				<string name="Hull" value="York_UpperDeck1"/>
				<string name="Name" value="Stern2_Deck"/>
				<string name="TypHL" value="Hull"/>
				<string name="UnitName" value="York"/>
			</object>
			<object name="York1884">
				<integer name="Country" value="3"/>
				<float name="ER" value="150."/>
				<string name="Hull" value="Std_Hull"/>
				<string name="Name" value="Tiller"/>
				<string name="TypHL" value="Hull"/>
				<string name="UnitName" value="York"/>
			</object>
			<object name="York1885">
				<integer name="Country" value="3"/>
				<float name="ER" value="150."/>
				<string name="Hull" value="York_Bottom"/>
				<string name="Name" value="Bow1_Bottom"/>
				<string name="TypHL" value="Hull"/>
				<string name="UnitName" value="York"/>
			</object>
			<object name="York1886">
				<integer name="Country" value="3"/>
				<float name="ER" value="200."/>
				<string name="Hull" value="York_MiddleDeck"/>
				<string name="Name" value="Bow1_MiddleDeck"/>
				<string name="TypHL" value="Hull"/>
				<string name="UnitName" value="York"/>
			</object>
			<object name="York1887">
				<integer name="Country" value="3"/>
				<float name="ER" value="200."/>
				<string name="Hull" value="York_UpperDeck1"/>
				<string name="Name" value="Bow1_UpperDeck"/>
				<string name="TypHL" value="Hull"/>
				<string name="UnitName" value="York"/>
			</object>
			<object name="York5089">
				<integer name="Country" value="3"/>
				<integer name="Crew" value="200"/>
				<float name="ER" value="100."/>
				<string name="Hull" value="Std_CAUpperHull"/>
				<string name="Name" value="Bow_MSuperstructure"/>
				<string name="TypHL" value="Crew"/>
				<string name="UnitName" value="York"/>
			</object>
			<object name="York5090">
				<integer name="Country" value="3"/>
				<float name="ER" value="100."/>
				<string name="Hull" value="Std_CAUpperHull"/>
				<string name="Name" value="Bow_TSuperstructure"/>
				<string name="TypHL" value="Hull"/>
				<string name="UnitName" value="York"/>
			</object>
			<object name="York5091">
				<integer name="Country" value="3"/>
				<integer name="Crew" value="200"/>
				<float name="ER" value="100."/>
				<string name="Hull" value="Std_CAUpperHull"/>
				<string name="Name" value="Bow_LSuperstrukture_1"/>
				<string name="TypHL" value="Crew"/>
				<string name="UnitName" value="York"/>
			</object>
			<object name="York5092">
				<integer name="Country" value="3"/>
				<integer name="Crew" value="200"/>
				<float name="ER" value="100."/>
				<string name="Hull" value="Std_CAUpperHull"/>
				<string name="Name" value="Bow_LSuperstructure_2"/>
				<string name="TypHL" value="Crew"/>
				<string name="UnitName" value="York"/>
			</object>
			<object name="York5093">
				<integer name="Country" value="3"/>
				<integer name="Crew" value="200"/>
				<float name="ER" value="100."/>
				<string name="Hull" value="Std_CAUpperHull"/>
				<string name="Name" value="Stern_LSuperstructure"/>
				<string name="TypHL" value="Crew"/>
				<string name="UnitName" value="York"/>
			</object>
			<object name="York5094">
				<integer name="Country" value="3"/>
				<integer name="Crew" value="200"/>
				<float name="ER" value="100."/>
				<string name="Hull" value="Std_CAUpperHull"/>
				<string name="Name" value="Stern_TSuperstructure"/>
				<string name="TypHL" value="Crew"/>
				<string name="UnitName" value="York"/>
			</object>
			<object name="York7715">
				<integer name="Country" value="3"/>
				<float name="ER" value="100."/>
				<string name="Hull" value="Std_SmokeStack"/>
				<string name="Name" value="SmokeStack_Bow"/>
				<string name="TypHL" value="Hull"/>
				<string name="UnitName" value="York"/>
			</object>
			<object name="York7716">
				<integer name="Country" value="3"/>
				<float name="ER" value="100."/>
				<string name="Hull" value="Std_SmokeStack"/>
				<string name="Name" value="SmokeStack_Middle"/>
				<string name="TypHL" value="Hull"/>
				<string name="UnitName" value="York"/>
			</object>
			<object name="York7717">
				<integer name="Country" value="3"/>
				<float name="ER" value="100."/>
				<string name="Hull" value="Std_SmokeStack"/>
				<string name="Name" value="SmokeStack_Stern"/>
				<string name="TypHL" value="Hull"/>
				<string name="UnitName" value="York"/>
			</object>
		</object>
		<object name="Hulls">
			<object name="York_AS_Cover">
				<integer name="Back" value="10"/>
				<integer name="Bottom" value="30"/>
				<integer name="Country" value="3"/>
				<float name="ExplProb" value="10."/>
				<float name="FireProb" value="20."/>
				<integer name="Front" value="10"/>
				<integer name="Left" value="10"/>
				<string name="Material" value="Armored"/>
				<integer name="Right" value="10"/>
				<integer name="Top" value="64"/>
				<integer name="UnitName" value="0"/>
				<string name="UnitTyp" value="Ship"/>
			</object>
			<object name="York_AS_T1">
				<integer name="Back" value="102"/>
				<integer name="Bottom" value="20"/>
				<integer name="Country" value="3"/>
				<float name="ExplProb" value="10."/>
				<float name="FireProb" value="20."/>
				<integer name="Front" value="102"/>
				<integer name="Left" value="102"/>
				<string name="Material" value="Armored"/>
				<integer name="Right" value="102"/>
				<integer name="Top" value="102"/>
				<integer name="UnitName" value="0"/>
				<string name="UnitTyp" value="Ship"/>
			</object>
			<object name="York_Barbet">
				<integer name="Back" value="102"/>
				<integer name="Bottom" value="102"/>
				<integer name="Country" value="3"/>
				<float name="ExplProb" value="30."/>
				<float name="FireProb" value="20."/>
				<integer name="Front" value="102"/>
				<integer name="Left" value="102"/>
				<string name="Material" value="Armored"/>
				<integer name="Right" value="102"/>
				<integer name="Top" value="25"/>
				<integer name="UnitName" value="0"/>
				<string name="UnitTyp" value="Ship"/>
			</object>
			<object name="York_BattleCabine">
				<integer name="Back" value="25"/>
				<integer name="Bottom" value="25"/>
				<integer name="Country" value="3"/>
				<float name="ExplProb" value="0."/>
				<float name="FireProb" value="20."/>
				<integer name="Front" value="25"/>
				<integer name="Left" value="25"/>
				<string name="Material" value="Armored"/>
				<integer name="Right" value="25"/>
				<integer name="Top" value="25"/>
				<integer name="UnitName" value="0"/>
				<string name="UnitTyp" value="Ship"/>
			</object>
			<object name="York_BeltDeck">
				<integer name="Back" value="25"/>
				<integer name="Bottom" value="10"/>
				<integer name="Country" value="3"/>
				<float name="ExplProb" value="10."/>
				<float name="FireProb" value="20."/>
				<integer name="Front" value="25"/>
				<integer name="Left" value="25"/>
				<string name="Material" value="Armored"/>
				<integer name="Right" value="25"/>
				<integer name="Top" value="35"/>
				<integer name="UnitName" value="0"/>
				<string name="UnitTyp" value="Ship"/>
			</object>
			<object name="York_LBelt">
				<integer name="Back" value="25"/>
				<integer name="Bottom" value="25"/>
				<integer name="Country" value="3"/>
				<float name="ExplProb" value="0."/>
				<float name="FireProb" value="0."/>
				<integer name="Front" value="25"/>
				<integer name="Left" value="89"/>
				<string name="Material" value="Armored"/>
				<integer name="Right" value="25"/>
				<integer name="Top" value="35"/>
				<integer name="UnitName" value="0"/>
				<string name="UnitTyp" value="Ship"/>
			</object>
			<object name="York_MiddleDeck">
				<integer name="Back" value="25"/>
				<integer name="Bottom" value="10"/>
				<integer name="Country" value="3"/>
				<float name="ExplProb" value="0."/>
				<float name="FireProb" value="0."/>
				<integer name="Front" value="25"/>
				<integer name="Left" value="25"/>
				<string name="Material" value="Steel"/>
				<integer name="Right" value="25"/>
				<integer name="Top" value="35"/>
				<integer name="UnitName" value="0"/>
				<string name="UnitTyp" value="Ship"/>
			</object>
			<object name="York_RBelt">
				<integer name="Back" value="25"/>
				<integer name="Bottom" value="25"/>
				<integer name="Country" value="3"/>
				<float name="ExplProb" value="0."/>
				<float name="FireProb" value="0."/>
				<integer name="Front" value="25"/>
				<integer name="Left" value="25"/>
				<string name="Material" value="Armored"/>
				<integer name="Right" value="89"/>
				<integer name="Top" value="35"/>
				<integer name="UnitName" value="0"/>
				<string name="UnitTyp" value="Ship"/>
			</object>  
			<object name="York_UpperDeck1">
				<integer name="Back" value="25"/>
				<integer name="Bottom" value="10"/>
				<integer name="Country" value="3"/>
				<float name="ExplProb" value="0."/>
				<float name="FireProb" value="10."/>
				<integer name="Front" value="25"/>
				<integer name="Left" value="25"/>
				<string name="Material" value="Steel"/>
				<integer name="Right" value="25"/>
				<integer name="Top" value="35"/>
				<integer name="UnitName" value="0"/>
				<string name="UnitTyp" value="Ship"/>
			</object>
			<object name="York_UpperDeck2">
				<integer name="Back" value="25"/>
				<integer name="Bottom" value="10"/>
				<integer name="Country" value="3"/>
				<float name="ExplProb" value="0."/>
				<float name="FireProb" value="10."/>
				<integer name="Front" value="25"/>
				<integer name="Left" value="25"/>
				<string name="Material" value="Steel"/>
				<integer name="Right" value="25"/>
				<integer name="Top" value="35"/>
				<integer name="UnitName" value="0"/>
				<string name="UnitTyp" value="Ship"/>
			</object> 
			<object name="York_LAMP">
				<integer name="Back" value="25"/>
				<integer name="Bottom" value="10"/>
				<integer name="Country" value="3"/>
				<float name="ExplProb" value="0."/>
				<float name="FireProb" value="0."/>
				<integer name="Front" value="25"/>
				<integer name="Left" value="25"/>
				<string name="Material" value="Armored"/>
				<integer name="Right" value="25"/>
				<integer name="Top" value="35"/>
				<integer name="UnitName" value="0"/>
				<string name="UnitTyp" value="Ship"/>
			</object>	
			<object name="York_RAMP">
				<integer name="Back" value="25"/>
				<integer name="Bottom" value="10"/>
				<integer name="Country" value="3"/>
				<float name="ExplProb" value="0."/>
				<float name="FireProb" value="0."/>
				<integer name="Front" value="25"/>
				<integer name="Left" value="25"/>
				<string name="Material" value="Armored"/>
				<integer name="Right" value="25"/>
				<integer name="Top" value="35"/>
				<integer name="UnitName" value="0"/>
				<string name="UnitTyp" value="Ship"/>
			</object>  
			<object name="York_Bottom">
				<integer name="Back" value="25"/>
				<integer name="Bottom" value="25"/>
				<integer name="Country" value="3"/>
				<float name="ExplProb" value="0."/>
				<float name="FireProb" value="0."/>
				<integer name="Front" value="25"/>
				<integer name="Left" value="25"/>
				<string name="Material" value="Steel"/>
				<integer name="Right" value="25"/>
				<integer name="Top" value="25"/>
				<integer name="UnitName" value="0"/>
				<string name="UnitTyp" value="Ship"/>
			</object> 
		</object>
		<object name="ShipsNames">
			<object name="York">
				<string name="1" value="York"/>
			</object>
		</object>
		<object name="UnitsByType">
			<object name="2">
				<object name="York">
					<string name="ChildTable" value="Ships"/>
				</object>
			</object>
		</object>
	</object>
</root>
