<?xml version = "1.0" encoding = "UTF-8"?>
<root>
	<object name = "SteelMonstersParams">
		<object name="Ships">
			<object name="Hiryu">
				<float name="AccelRate" value="3.e-004"/>
				<string name="Airgroup" value="AircraftCarrier_Group_Hiryu_japan"/>
				<integer name="AirplanesCount" value="73"/>
				<string name="AmmoLoadingTemplate" value="Ammo 500, BV_246_Frag_ST 10, BV_246_Com_ST 10, BV_246_Frag_SR 10, BV_246_Com_SR 10, Hs_293_R 20, Hs_293_P 20, Hs_293_ST 20, Torp_Jap_Mk91 50, Torp_Jap_Mk91_M_I 10, Torp_Jap_Mk91_A_SA 10"/>
				<integer name="Avia" value="2"/>
				<boolean name="BoatsTransportationAbility" value="false"/>
				<integer name="CabinArmor" value="20"/>
				<boolean name="CanBeChanged" value="true"/>
				<boolean name="CanUseTorpedos" value="false"/>
				<integer name="Country" value="2"/>
				<integer name="Crew" value="1100"/>
				<float name="CriticalCareen" value="33."/>
				<float name="CriticalDFT" value="2.5"/>
				<float name="CriticalDifferent" value="2.3"/>
				<float name="DTimeProd" value="105."/>
				<float name="DisplacementMax" value="20450."/>
				<float name="EPR" value="420."/>
				<float name="FireRisk" value="1000."/>
				<float name="Fuel" value="4400."/>
				<float name="HLShapeCoef" value="0.8"/>
				<integer name="HullArmorSide" value="150"/>
				<integer name="HullArmorTop" value="56"/>
				<float name="Iron" value="21000."/>
				<integer name="Length" value="227.35"/>
				<float name="MaxSpeed" value="34.3"/>
				<integer name="MinCrew" value="600"/>
				<float name="Money" value="7000."/>
				<float name="NTimeProd" value="250."/>
				<string name="Name" value="Hiryu"/>
				<boolean name="New" value="false"/>
				<integer name="Nuc_Dest_Prob" value="400"/>
				<integer name="Passengers" value="200"/>
				<boolean name="PlanesTransportationAbility" value="false"/>
				<float name="Range" value="19130."/>
				<integer name="Rank" value="1"/>
				<string name="SMU" value="Hiryu"/>
				<float name="Speed" value="18."/>
				<float name="StoreCapacity" value="700."/>
				<boolean name="Transportable" value="false"/>
				<float name="TurnRate" value="1.5e-003"/>
				<integer name="Type" value="0"/>
				<float name="Vitality" value="4500."/>
				<float name="VitalityAA" value="1200."/>
				<float name="Weight" value="17300."/>
				<integer name="Width" value="22.04"/>
				<integer name="Year" value="39"/>
			</object>
		</object>
		<object name="Engins">
			<object name="MPP_Hiryu">
				<float name="Consumption" value="3.9774e-004"/>
				<integer name="Country" value="2"/>
				<float name="Money" value="8000."/>
				<integer name="Power_Max" value="153000"/>
				<integer name="RPM_Max" value="0"/>
				<integer name="Type" value="8"/>
				<integer name="Unreliability" value="10"/>
				<string name="Usage" value="Ships"/>
				<float name="Weight" value="2250."/>
			</object>
		</object>
		<object name="Hit_Location">
			<object name="Hiryu3145">
				<integer name="Country" value="2"/>
				<float name="ER" value="300."/>
				<string name="Hull" value="Std_Hull"/>
				<string name="Name" value="Stern_Elevator"/>
				<string name="TypHL" value="Hull"/>
				<string name="UnitName" value="Hiryu"/>
			</object>
			<object name="Hiryu3146">
				<string name="ConnectName" value="Stern1_Engine4"/>
				<integer name="Country" value="2"/>
				<float name="ER" value="300."/>
				<string name="Hull" value="Std_Mover"/>
				<string name="Name" value="Mover4"/>
				<string name="TypHL" value="Mover"/>
				<string name="UnitName" value="Hiryu"/>
			</object>
			<object name="Hiryu3147">
				<string name="ConnectName" value="Stern1_Engine3"/>
				<integer name="Country" value="2"/>
				<float name="ER" value="300."/>
				<string name="Hull" value="Std_Mover"/>
				<string name="Name" value="Mover3"/>
				<string name="TypHL" value="Mover"/>
				<string name="UnitName" value="Hiryu"/>
			</object>
			<object name="Hiryu3148">
				<string name="ConnectName" value="Stern1_Engine1"/>
				<integer name="Country" value="2"/>
				<float name="ER" value="300."/>
				<string name="Hull" value="Std_Mover"/>
				<string name="Name" value="Mover1"/>
				<string name="TypHL" value="Mover"/>
				<string name="UnitName" value="Hiryu"/>
			</object>
			<object name="Hiryu3149">
				<integer name="Country" value="2"/>
				<float name="ER" value="300."/>
				<string name="Hull" value="Std_Hull"/>
				<string name="Name" value="Tiller"/>
				<string name="TypHL" value="Hull"/>
				<string name="UnitName" value="Hiryu"/>
			</object>

			<object name="Hiryu3150">
				<integer name="Country" value="2"/>
				<float name="ER" value="300."/>
				<string name="Hull" value="Std_RAMP"/>
				<string name="Name" value="Rudder"/>
				<string name="TypHL" value="Rudder"/>
				<string name="UnitName" value="Hiryu"/>
			</object>
			<object name="Hiryu3151">
				<integer name="Country" value="2"/>
				<integer name="Crew" value="800"/>
				<float name="ER" value="300."/>
				<string name="Hull" value="Std_UpperHull"/>
				<string name="Name" value="OperationControl"/>
				<string name="TypHL" value="Crew"/>
				<string name="UnitName" value="Hiryu"/>
			</object>
			<object name="Hiryu3152">
				<integer name="Country" value="2"/>
				<float name="ER" value="300."/>
				<string name="Hull" value="Std_Probe"/>
				<string name="Name" value="Probe_AA"/>
				<string name="TypHL" value="Probe"/>
				<string name="UnitName" value="Hiryu"/>
			</object>
			<object name="Hiryu3153">
				<integer name="Country" value="2"/>
				<float name="ER" value="300."/>
				<string name="Hull" value="Std_Probe"/>
				<string name="Name" value="Probe_Radar"/>
				<string name="TypHL" value="Probe"/>
				<string name="UnitName" value="Hiryu"/>
			</object>
			<object name="Hiryu3154">
				<integer name="Country" value="2"/>
				<integer name="Crew" value="800"/>
				<float name="ER" value="300."/>
				<string name="Hull" value="Std_Hull"/>
				<string name="Name" value="BattleCabine"/>
				<string name="TypHL" value="Crew"/>
				<string name="UnitName" value="Hiryu"/>
			</object>
			<object name="Hiryu3155">
				<integer name="Country" value="2"/>
				<float name="ER" value="300."/>
				<string name="Hull" value="Std_Probe"/>
				<string name="Name" value="Probe_Radio"/>
				<string name="TypHL" value="Probe"/>
				<string name="UnitName" value="Hiryu"/>
			</object>
			<object name="Hiryu3156">
				<integer name="Country" value="2"/>
				<float name="ER" value="300."/>
				<string name="Hull" value="Std_Hull"/>
				<string name="Name" value="Bow1_LowerDeck"/>
				<string name="TypHL" value="Hull"/>
				<string name="UnitName" value="Hiryu"/>
			</object>
			<object name="Hiryu3157">
				<integer name="Country" value="2"/>
				<float name="ER" value="300."/>
				<string name="Hull" value="Std_Bottom"/>
				<string name="Name" value="Bow1_Bottom"/>
				<string name="TypHL" value="Hull"/>
				<string name="UnitName" value="Hiryu"/>
			</object>
			<object name="Hiryu3158">
				<integer name="Country" value="2"/>
				<float name="ER" value="300."/>
				<string name="Hull" value="Std_UpperHull"/>
				<string name="Name" value="Bow1_MiddleDeck"/>
				<string name="TypHL" value="Hull"/>
				<string name="UnitName" value="Hiryu"/>
			</object>
			<object name="Hiryu3159">
				<integer name="Country" value="2"/>
				<float name="ER" value="300."/>
				<string name="Hull" value="Std_Bottom"/>
				<string name="Name" value="Stern2_Bottom"/>
				<string name="TypHL" value="Hull"/>
				<string name="UnitName" value="Hiryu"/>
			</object>

			<object name="Hiryu3160">
				<integer name="Country" value="2"/>
				<float name="ER" value="300."/>
				<string name="Hull" value="Zuikaku_FDeck"/>
				<string name="Name" value="Bow1_FlightDeck"/>
				<string name="TypHL" value="Hull"/>
				<string name="UnitName" value="Hiryu"/>
			</object>
			<object name="Hiryu3161">
				<integer name="Country" value="2"/>
				<float name="ER" value="300."/>
				<string name="Hull" value="Zuikaku_FDeck"/>
				<string name="Name" value="Stern1_FlightDeck"/>
				<string name="TypHL" value="Hull"/>
				<string name="UnitName" value="Hiryu"/>
			</object>
			<object name="Hiryu3162">
				<integer name="Country" value="2"/>
				<float name="ER" value="300."/>
				<string name="Hull" value="Zuikaku_FDeck"/>
				<string name="Name" value="Stern2_FlightDeck"/>
				<string name="TypHL" value="Hull"/>
				<string name="UnitName" value="Hiryu"/>
			</object>
			<object name="Hiryu3163">
				<integer name="Country" value="2"/>
				<float name="ER" value="300."/>
				<string name="Hull" value="Std_Hull"/>
				<string name="Name" value="Stern2_Hungur"/>
				<string name="TypHL" value="Hull"/>
				<string name="UnitName" value="Hiryu"/>
			</object>
			<object name="Hiryu3165">
				<integer name="Country" value="2"/>
				<float name="ER" value="300."/>
				<string name="Hull" value="Std_Hull"/>
				<string name="Name" value="Bow2_Elevator"/>
				<string name="TypHL" value="Hull"/>
				<string name="UnitName" value="Hiryu"/>
			</object>
			<object name="Hiryu3166">
				<integer name="Country" value="2"/>
				<float name="ER" value="300."/>
				<string name="Hull" value="Std_Bottom"/>
				<string name="Name" value="Bow2_LBottom"/>
				<string name="TypHL" value="Hull"/>
				<string name="UnitName" value="Hiryu"/>
			</object>
			<object name="Hiryu3167">
				<integer name="Country" value="2"/>
				<float name="ER" value="300."/>
				<string name="Hull" value="Std_Bottom"/>
				<string name="Name" value="Bow2_RBottom"/>
				<string name="TypHL" value="Hull"/>
				<string name="UnitName" value="Hiryu"/>
			</object>
			<object name="Hiryu3168">
				<integer name="Country" value="2"/>
				<float name="ER" value="300."/>
				<string name="Hull" value="Std_LAMP"/>
				<string name="Name" value="Bow2_LAMP"/>
				<string name="TypHL" value="Hull"/>
				<string name="UnitName" value="Hiryu"/>
			</object>
			<object name="Hiryu3169">
				<integer name="Country" value="2"/>
				<float name="ER" value="300."/>
				<string name="Hull" value="Std_Hull"/>
				<string name="Name" value="Bow2_LowerDeck"/>
				<string name="TypHL" value="Hull"/>
				<string name="UnitName" value="Hiryu"/>
			</object>

			<object name="Hiryu3170">
				<integer name="Country" value="2"/>
				<float name="ER" value="300."/>
				<string name="Hull" value="Std_FuelTank"/>
				<string name="Name" value="Bow2_FuelTank2"/>
				<string name="TypHL" value="FuelTank"/>
				<string name="UnitName" value="Hiryu"/>
			</object>
			<object name="Hiryu3171">
				<integer name="Country" value="2"/>
				<float name="ER" value="300."/>
				<string name="Hull" value="Std_FuelTank"/>
				<string name="Name" value="Bow2_FuelTank1"/>
				<string name="TypHL" value="FuelTank"/>
				<string name="UnitName" value="Hiryu"/>
			</object>
			<object name="Hiryu3172">
				<integer name="Country" value="2"/>
				<float name="ER" value="300."/>
				<string name="Hull" value="Std_FuelTank"/>
				<string name="Name" value="Bow2_FuelTank"/>
				<string name="TypHL" value="FuelTank"/>
				<string name="UnitName" value="Hiryu"/>
			</object>
			<object name="Hiryu3173">
				<integer name="Country" value="2"/>
				<float name="ER" value="300."/>
				<string name="Hull" value="Std_RAMP"/>
				<string name="Name" value="Bow2_RAMP"/>
				<string name="TypHL" value="Hull"/>
				<string name="UnitName" value="Hiryu"/>
			</object>
			<object name="Hiryu3174">
				<integer name="Country" value="2"/>
				<float name="ER" value="300."/>
				<string name="Hull" value="Hiryu_LBelt2"/>
				<string name="Name" value="Bow2_LBelt"/>
				<string name="TypHL" value="Hull"/>
				<string name="UnitName" value="Hiryu"/>
			</object>
			<object name="Hiryu3175">
				<integer name="Country" value="2"/>
				<float name="ER" value="300."/>
				<string name="Hull" value="Hiryu_RBelt2"/>
				<string name="Name" value="Bow2_RBelt"/>
				<string name="TypHL" value="Hull"/>
				<string name="UnitName" value="Hiryu"/>
			</object>
			<object name="Hiryu3176">
				<integer name="Country" value="2"/>
				<float name="ER" value="300."/>
				<string name="Hull" value="Hiryu_ArmourDeck2"/>
				<string name="Name" value="Bow2_MiddleDeck"/>
				<string name="TypHL" value="Hull"/>
				<string name="UnitName" value="Hiryu"/>
			</object>
			<object name="Hiryu3177">
				<integer name="Country" value="2"/>
				<float name="ER" value="300."/>
				<string name="Hull" value="Zuikaku_AmmoStore"/>
				<string name="Name" value="Bow2_AmmoStore"/>
				<string name="TypHL" value="AmmoStore"/>
				<string name="UnitName" value="Hiryu"/>
			</object>
			<object name="Hiryu3178">
				<integer name="Country" value="2"/>
				<float name="ER" value="300."/>
				<string name="Hull" value="Std_AFuelTank"/>
				<string name="Name" value="Bow2_AAFuelTank"/>
				<string name="TypHL" value="FuelTank"/>
				<string name="UnitName" value="Hiryu"/>
			</object>
			<object name="Hiryu3179">
				<integer name="Country" value="2"/>
				<float name="ER" value="300."/>
				<string name="Hull" value="Std_Hull"/>
				<string name="Name" value="Bow2_Hungur"/>
				<string name="TypHL" value="Hull"/>
				<string name="UnitName" value="Hiryu"/>
			</object>

			<object name="Hiryu3180">
				<integer name="Country" value="2"/>
				<float name="ER" value="300."/>
				<string name="Hull" value="Zuikaku_FDeck"/>
				<string name="Name" value="Bow2_FlightDeck"/>
				<string name="TypHL" value="Hull"/>
				<string name="UnitName" value="Hiryu"/>
			</object>
			<object name="Hiryu3182">
				<integer name="Country" value="2"/>
				<float name="ER" value="300."/>
				<string name="Hull" value="Std_Hull"/>
				<string name="Name" value="Middle_Elevator"/>
				<string name="TypHL" value="Hull"/>
				<string name="UnitName" value="Hiryu"/>
			</object>
			<object name="Hiryu3183">
				<integer name="Country" value="2"/>
				<float name="ER" value="300."/>
				<string name="Hull" value="Std_Bottom"/>
				<string name="Name" value="Middle2_LBottom"/>
				<string name="TypHL" value="Hull"/>
				<string name="UnitName" value="Hiryu"/>
			</object>
			<object name="Hiryu3184">
				<integer name="Country" value="2"/>
				<float name="ER" value="300."/>
				<string name="Hull" value="Std_Bottom"/>
				<string name="Name" value="Middle2_RBottom"/>
				<string name="TypHL" value="Hull"/>
				<string name="UnitName" value="Hiryu"/>
			</object>
			<object name="Hiryu3185">
				<integer name="Country" value="2"/>
				<float name="ER" value="300."/>
				<string name="Hull" value="Std_Bottom"/>
				<string name="Name" value="Middle1_LBottom"/>
				<string name="TypHL" value="Hull"/>
				<string name="UnitName" value="Hiryu"/>
			</object>
			<object name="Hiryu3186">
				<integer name="Country" value="2"/>
				<float name="ER" value="300."/>
				<string name="Hull" value="Std_Bottom"/>
				<string name="Name" value="Middle1_RBottom"/>
				<string name="TypHL" value="Hull"/>
				<string name="UnitName" value="Hiryu"/>
			</object>
			<object name="Hiryu3187">
				<integer name="Country" value="2"/>
				<float name="ER" value="300."/>
				<string name="Hull" value="Std_LAMP"/>
				<string name="Name" value="Middle1_LAMP"/>
				<string name="TypHL" value="Hull"/>
				<string name="UnitName" value="Hiryu"/>
			</object>
			<object name="Hiryu3188">
				<integer name="Country" value="2"/>
				<float name="ER" value="300."/>
				<string name="Hull" value="Std_LAMP"/>
				<string name="Name" value="Middle2_LAMP"/>
				<string name="TypHL" value="Hull"/>
				<string name="UnitName" value="Hiryu"/>
			</object>
			<object name="Hiryu3189">
				<integer name="Country" value="2"/>
				<float name="ER" value="300."/>
				<string name="Hull" value="Std_BoilerHull"/>
				<string name="Name" value="Middle1_LowerDeck"/>
				<string name="TypHL" value="Hull"/>
				<string name="UnitName" value="Hiryu"/>
			</object>

			<object name="Hiryu3190">
				<integer name="Country" value="2"/>
				<float name="ER" value="300."/>
				<string name="Hull" value="Std_Boiler"/>
				<string name="Name" value="Middle1_Boiler1"/>
				<string name="TypHL" value="Boiler"/>
				<string name="UnitName" value="Hiryu"/>
			</object>
			<object name="Hiryu3191">
				<integer name="Country" value="2"/>
				<float name="ER" value="300."/>
				<string name="Hull" value="Std_Boiler"/>
				<string name="Name" value="Middle1_Boiler2"/>
				<string name="TypHL" value="Boiler"/>
				<string name="UnitName" value="Hiryu"/>
			</object>
			<object name="Hiryu3192">
				<integer name="Country" value="2"/>
				<float name="ER" value="300."/>
				<string name="Hull" value="Std_RAMP"/>
				<string name="Name" value="Middle2_RAMP"/>
				<string name="TypHL" value="Hull"/>
				<string name="UnitName" value="Hiryu"/>
			</object>
			<object name="Hiryu3193">
				<integer name="Country" value="2"/>
				<float name="ER" value="300."/>
				<string name="Hull" value="Std_BoilerHull"/>
				<string name="Name" value="Middle2_LowerDeck"/>
				<string name="TypHL" value="Hull"/>
				<string name="UnitName" value="Hiryu"/>
			</object>
			<object name="Hiryu3194">
				<integer name="Country" value="2"/>
				<float name="ER" value="300."/>
				<string name="Hull" value="Std_Boiler"/>
				<string name="Name" value="Middle2_Boiler1"/>
				<string name="TypHL" value="Boiler"/>
				<string name="UnitName" value="Hiryu"/>
			</object>
			<object name="Hiryu3195">
				<integer name="Country" value="2"/>
				<float name="ER" value="300."/>
				<string name="Hull" value="Std_Boiler"/>
				<string name="Name" value="Middle2_Boiler2"/>
				<string name="TypHL" value="Boiler"/>
				<string name="UnitName" value="Hiryu"/>
			</object>
			<object name="Hiryu3196">
				<integer name="Country" value="2"/>
				<float name="ER" value="300."/>
				<string name="Hull" value="Std_RAMP"/>
				<string name="Name" value="Middle1_RAMP"/>
				<string name="TypHL" value="Hull"/>
				<string name="UnitName" value="Hiryu"/>
			</object>
			<object name="Hiryu3197">
				<integer name="Country" value="2"/>
				<float name="ER" value="300."/>
				<string name="Hull" value="Zuikaku_RBelt"/>
				<string name="Name" value="Middle_RBelt"/>
				<string name="TypHL" value="Hull"/>
				<string name="UnitName" value="Hiryu"/>
			</object>
			<object name="Hiryu3198">
				<integer name="Country" value="2"/>
				<float name="ER" value="300."/>
				<string name="Hull" value="Zuikaku_LBelt"/>
				<string name="Name" value="Middle_LBelt"/>
				<string name="TypHL" value="Hull"/>
				<string name="UnitName" value="Hiryu"/>
			</object>
			<object name="Hiryu3199">
				<integer name="Country" value="2"/>
				<float name="ER" value="300."/>
				<string name="Hull" value="Zuikaku_ArmourDeck"/>
				<string name="Name" value="Middle_MiddleDeck"/>
				<string name="TypHL" value="Hull"/>
				<string name="UnitName" value="Hiryu"/>
			</object>

			<object name="Hiryu3200">
				<integer name="Country" value="2"/>
				<float name="ER" value="300."/>
				<string name="Hull" value="Std_AFuelTank"/>
				<string name="Name" value="Middle_AAFuelTank"/>
				<string name="TypHL" value="FuelTank"/>
				<string name="UnitName" value="Hiryu"/>
			</object>
			<object name="Hiryu3201">
				<integer name="Country" value="2"/>
				<float name="ER" value="300."/>
				<string name="Hull" value="Zuikaku_AmmoStore"/>
				<string name="Name" value="Middle_AmmoStore"/>
				<string name="TypHL" value="AmmoStore"/>
				<string name="UnitName" value="Hiryu"/>
			</object>
			<object name="Hiryu3202">
				<integer name="Country" value="2"/>
				<float name="ER" value="300."/>
				<string name="Hull" value="Std_Hull"/>
				<string name="Name" value="Middle_FlightDeck"/>
				<string name="TypHL" value="Hull"/>
				<string name="UnitName" value="Hiryu"/>
			</object>
			<object name="Hiryu3203">
				<integer name="Country" value="2"/>
				<float name="ER" value="300."/>
				<string name="Hull" value="Std_Hull"/>
				<string name="Name" value="Middle_Hungur"/>
				<string name="TypHL" value="Hull"/>
				<string name="UnitName" value="Hiryu"/>
			</object>
			<object name="Hiryu3205">
				<integer name="Country" value="2"/>
				<float name="ER" value="300."/>
				<string name="Hull" value="Std_Bottom"/>
				<string name="Name" value="Stern1_LBottom1"/>
				<string name="TypHL" value="Hull"/>
				<string name="UnitName" value="Hiryu"/>
			</object>
			<object name="Hiryu3206">
				<integer name="Country" value="2"/>
				<float name="ER" value="300."/>
				<string name="Hull" value="Std_Bottom"/>
				<string name="Name" value="Stern1_RBottom1"/>
				<string name="TypHL" value="Hull"/>
				<string name="UnitName" value="Hiryu"/>
			</object>
			<object name="Hiryu3207">
				<integer name="Country" value="2"/>
				<float name="ER" value="300."/>
				<string name="Hull" value="Std_Bottom"/>
				<string name="Name" value="Stern1_LBottom2"/>
				<string name="TypHL" value="Hull"/>
				<string name="UnitName" value="Hiryu"/>
			</object>
			<object name="Hiryu3208">
				<integer name="Country" value="2"/>
				<float name="ER" value="300."/>
				<string name="Hull" value="Std_Bottom"/>
				<string name="Name" value="Stern1_RBottom2"/>
				<string name="TypHL" value="Hull"/>
				<string name="UnitName" value="Hiryu"/>
			</object>
			<object name="Hiryu3209">
				<integer name="Country" value="2"/>
				<float name="ER" value="300."/>
				<string name="Hull" value="Std_RAMP"/>
				<string name="Name" value="Stern1_RAMP2"/>
				<string name="TypHL" value="Hull"/>
				<string name="UnitName" value="Hiryu"/>
			</object>

			<object name="Hiryu3210">
				<integer name="Country" value="2"/>
				<float name="ER" value="300."/>
				<string name="Hull" value="Std_EngineHull"/>
				<string name="Name" value="Stern1_LowerDeck2"/>
				<string name="TypHL" value="Hull"/>
				<string name="UnitName" value="Hiryu"/>
			</object>
			<object name="Hiryu3211">
				<string name="ConnectName" value="Middle2_Boiler2"/>
				<integer name="Country" value="2"/>
				<float name="ER" value="300."/>
				<string name="Hull" value="Std_Engine"/>
				<string name="Name" value="Stern1_Engine4"/>
				<string name="TypHL" value="Engine"/>
				<string name="UnitName" value="Hiryu"/>
			</object>
			<object name="Hiryu3212">
				<string name="ConnectName" value="Middle2_Boiler1"/>
				<integer name="Country" value="2"/>
				<float name="ER" value="300."/>
				<string name="Hull" value="Std_Engine"/>
				<string name="Name" value="Stern1_Engine3"/>
				<string name="TypHL" value="Engine"/>
				<string name="UnitName" value="Hiryu"/>
			</object>
			<object name="Hiryu3213">
				<integer name="Country" value="2"/>
				<float name="ER" value="300."/>
				<string name="Hull" value="Std_LAMP"/>
				<string name="Name" value="Stern1_LAMP1"/>
				<string name="TypHL" value="Hull"/>
				<string name="UnitName" value="Hiryu"/>
			</object>
			<object name="Hiryu3214">
				<integer name="Country" value="2"/>
				<float name="ER" value="300."/>
				<string name="Hull" value="Std_LAMP"/>
				<string name="Name" value="Stern1_LAMP2"/>
				<string name="TypHL" value="Hull"/>
				<string name="UnitName" value="Hiryu"/>
			</object>
			<object name="Hiryu3215">
				<integer name="Country" value="2"/>
				<float name="ER" value="300."/>
				<string name="Hull" value="Std_RAMP"/>
				<string name="Name" value="Stern1_RAMP1"/>
				<string name="TypHL" value="Hull"/>
				<string name="UnitName" value="Hiryu"/>
			</object>
			<object name="Hiryu3216">
				<integer name="Country" value="2"/>
				<float name="ER" value="300."/>
				<string name="Hull" value="Std_Hull"/>
				<string name="Name" value="Stern1_LowerDeck1"/>
				<string name="TypHL" value="Hull"/>
				<string name="UnitName" value="Hiryu"/>
			</object>
			<object name="Hiryu3217">
				<string name="ConnectName" value="Middle1_Boiler2"/>
				<integer name="Country" value="2"/>
				<float name="ER" value="300."/>
				<string name="Hull" value="Std_Engine"/>
				<string name="Name" value="Stern1_Engine2"/>
				<string name="TypHL" value="Engine"/>
				<string name="UnitName" value="Hiryu"/>
			</object>
			<object name="Hiryu3218">
				<string name="ConnectName" value="Middle1_Boiler1"/>
				<integer name="Country" value="2"/>
				<float name="ER" value="300."/>
				<string name="Hull" value="Std_Engine"/>
				<string name="Name" value="Stern1_Engine1"/>
				<string name="TypHL" value="Engine"/>
				<string name="UnitName" value="Hiryu"/>
			</object>
			<object name="Hiryu3219">
				<integer name="Country" value="2"/>
				<float name="ER" value="300."/>
				<string name="Hull" value="Zuikaku_ArmourDeck2"/>
				<string name="Name" value="Stern1_MiddleDeck"/>
				<string name="TypHL" value="Hull"/>
				<string name="UnitName" value="Hiryu"/>
			</object>

			<object name="Hiryu3220">
				<integer name="Country" value="2"/>
				<float name="ER" value="300."/>
				<string name="Hull" value="Std_AFuelTank"/>
				<string name="Name" value="Stern1_AAFuelTank"/>
				<string name="TypHL" value="FuelTank"/>
				<string name="UnitName" value="Hiryu"/>
			</object>
			<object name="Hiryu3221">
				<integer name="Country" value="2"/>
				<float name="ER" value="300."/>
				<string name="Hull" value="Zuikaku_AmmoStore"/>
				<string name="Name" value="Stern1_AmmoStore"/>
				<string name="TypHL" value="AmmoStore"/>
				<string name="UnitName" value="Hiryu"/>
			</object>
			<object name="Hiryu3222">
				<integer name="Country" value="2"/>
				<float name="ER" value="300."/>
				<string name="Hull" value="Zuikaku_RBelt2"/>
				<string name="Name" value="Stern1_RBelt"/>
				<string name="TypHL" value="Hull"/>
				<string name="UnitName" value="Hiryu"/>
			</object>
			<object name="Hiryu3223">
				<integer name="Country" value="2"/>
				<float name="ER" value="300."/>
				<string name="Hull" value="Zuikaku_LBelt2"/>
				<string name="Name" value="Stern1_LBelt"/>
				<string name="TypHL" value="Hull"/>
				<string name="UnitName" value="Hiryu"/>
			</object>
			<object name="Hiryu3224">
				<integer name="Country" value="2"/>
				<float name="ER" value="300."/>
				<string name="Hull" value="Std_Hull"/>
				<string name="Name" value="Stern1_Hungur"/>
				<string name="TypHL" value="Hull"/>
				<string name="UnitName" value="Hiryu"/>
			</object>
			<object name="Hiryu9144">
				<string name="ConnectName" value="Stern1_Engine2"/>
				<integer name="Country" value="2"/>
				<float name="ER" value="300."/>
				<string name="Hull" value="Std_Mover"/>
				<string name="Name" value="Mover2"/>
				<string name="TypHL" value="Mover"/>
				<string name="UnitName" value="Hiryu"/>
			</object>
		</object>
		<object name="Hulls">
			<object name="Hiryu_ArmourDeck">
				<integer name="Back" value="10"/>
				<integer name="Bottom" value="10"/>
				<integer name="Country" value="2"/>
				<float name="ExplProb" value="0."/>
				<float name="FireProb" value="20."/>
				<integer name="Front" value="10"/>
				<integer name="Left" value="10"/>
				<string name="Material" value="Armored"/>
				<integer name="Right" value="10"/>
				<integer name="Top" value="130"/>
				<integer name="UnitName" value="0"/>
				<string name="UnitTyp" value="Ship"/>
			</object>
			<object name="Hiryu_ArmourDeck2">
				<integer name="Back" value="10"/>
				<integer name="Bottom" value="10"/>
				<integer name="Country" value="2"/>
				<float name="ExplProb" value="0."/>
				<float name="FireProb" value="20."/>
				<integer name="Front" value="10"/>
				<integer name="Left" value="10"/>
				<string name="Material" value="Armored"/>
				<integer name="Right" value="10"/>
				<integer name="Top" value="100"/>
				<integer name="UnitName" value="0"/>
				<string name="UnitTyp" value="Ship"/>
			</object>
			<object name="Hiryu_LBelt">
				<integer name="Back" value="10"/>
				<integer name="Bottom" value="10"/>
				<integer name="Country" value="2"/>
				<float name="ExplProb" value="0."/>
				<float name="FireProb" value="10."/>
				<integer name="Front" value="10"/>
				<integer name="Left" value="165"/>
				<string name="Material" value="Armored"/>
				<integer name="Right" value="1"/>
				<integer name="Top" value="165"/>
				<integer name="UnitName" value="0"/>
				<string name="UnitTyp" value="Ship"/>
			</object>
			<object name="Hiryu_LBelt2">
				<integer name="Back" value="10"/>
				<integer name="Bottom" value="10"/>
				<integer name="Country" value="2"/>
				<float name="ExplProb" value="0."/>
				<float name="FireProb" value="10."/>
				<integer name="Front" value="10"/>
				<integer name="Left" value="45"/>
				<string name="Material" value="Armored"/>
				<integer name="Right" value="10"/>
				<integer name="Top" value="45"/>
				<integer name="UnitName" value="0"/>
				<string name="UnitTyp" value="Ship"/>
			</object>
			<object name="Hiryu_RBelt">
				<integer name="Back" value="10"/>
				<integer name="Bottom" value="10"/>
				<integer name="Country" value="2"/>
				<float name="ExplProb" value="0."/>
				<float name="FireProb" value="10."/>
				<integer name="Front" value="10"/>
				<integer name="Left" value="10"/>
				<string name="Material" value="Armored"/>
				<integer name="Right" value="165"/>
				<integer name="Top" value="165"/>
				<integer name="UnitName" value="0"/>
				<string name="UnitTyp" value="Ship"/>
			</object>
			<object name="Hiryu_RBelt2">
				<integer name="Back" value="10"/>
				<integer name="Bottom" value="10"/>
				<integer name="Country" value="2"/>
				<float name="ExplProb" value="0."/>
				<float name="FireProb" value="10."/>
				<integer name="Front" value="10"/>
				<integer name="Left" value="10"/>
				<string name="Material" value="Armored"/>
				<integer name="Right" value="45"/>
				<integer name="Top" value="45"/>
				<integer name="UnitName" value="0"/>
				<string name="UnitTyp" value="Ship"/>
			</object>
		</object>
		<object name="ShipsNames">
			<object name="Hiryu">
				<string name="1" value="Hiryu"/>
			</object>
		</object>
		<object name="UnitsByType">
			<object name="0">
				<object name="Hiryu">
					<string name="ChildTable" value="Ships"/>
				</object>
			</object>
		</object>
	</object>
</root>
