<?xml version="1.0" standalone="yes" ?>
<root>
	<object name="Modifications">
		<object name="Ships">
			<object name="Hiryu">
				<object name="Prototype">
					<string name="AAGunControl" value="Aim_AA"/>
					<float name="AAVolleyWeight" value="6.11376333"/>
					<float name="Aluminium" value="0."/>
					<float name="AmmoWeight" value="79.559906"/>
					<float name="Armour" value="0."/>
					<float name="FuelConsumption" value="11.8705492"/>
					<float name="FuelProtect" value="0."/>
					<string name="FullModName" value="Ships.Hiryu.Prototype"/>
					<float name="Iron" value="17903.625"/>
					<boolean name="IsJammer" value="false"/>
					<string name="MainGunControl" value="Typ13_M"/>
					<float name="MaxFuel" value="3670."/>
					<float name="MaxSpeed" value="34."/>
					<float name="MinSpeed" value="0."/>
					<float name="Money" value="15317."/>
					<widestring name="Name" value="HUwBvAHIAeQB1AA="/>
					<float name="RadarRange" value="40."/>
					<float name="RadioGain" value="32000."/>
					<float name="RadioPowerHF" value="160."/>
					<float name="RadioPowerVHF" value="0."/>
					<float name="RadioSensitivityHF" value="5.e-003"/>
					<float name="RadioSensitivityVHF" value="0."/>
					<object name="Slots">
						<object name="TPort_Airstrip">
							<string name="Device" value="Airstrip_Taiho"/>
							<string name="Table" value="Airstrip"/>
						</object>
						<object name="TPort_FF01">
							<string name="Device" value="Director_Typ95_Yamato_03"/>
							<string name="Table" value="Turrets"/>
						</object>
						<object name="TPort_R_RF1_Otto">
							<string name="Device" value="Director_Typ95_Yamato_03"/>
							<string name="Table" value="Turrets"/>
						</object>
						<object name="TPort_L_RF1_Otto">
							<string name="Device" value="Director_Typ95_Yamato_03"/>
							<string name="Table" value="Turrets"/>
						</object>
						<object name="TPort_R_RF2_Otto">
							<string name="Device" value="Director_Typ95_Yamato_03"/>
							<string name="Table" value="Turrets"/>
						</object>
						<object name="TPort_L_RF2_Otto">
							<string name="Device" value="Director_Typ95_Yamato_03"/>
							<string name="Table" value="Turrets"/>
						</object>
						<object name="TPort_FLSG">
							<string name="Device" value="Jap_Turret_25x2"/>
							<string name="Table" value="Turrets"/>
						</object>
						<object name="TPort_FRSG">
							<string name="Device" value="Jap_Turret_25x2"/>
							<string name="Table" value="Turrets"/>
						</object>
						<object name="TPort_LF01">
							<string name="Device" value="Dalnomer25_Akagi"/>
							<string name="Table" value="Turrets"/>
						</object>
						<object name="TPort_LF02">
							<string name="Device" value="Dalnomer25_Akagi"/>
							<string name="Table" value="Turrets"/>
						</object>
						<object name="TPort_LMG01">
							<string name="Device" value="Myoko_Turret_127x2"/>
							<string name="Table" value="Turrets"/>
						</object>
						<object name="TPort_LMG02">
							<string name="Device" value="Myoko_Turret_127x2"/>
							<string name="Table" value="Turrets"/>
						</object>
						<object name="TPort_LMG03">
							<string name="Device" value="Myoko_Turret_127x2"/>
							<string name="Table" value="Turrets"/>
						</object>
						<object name="TPort_LPROJ1">
							<string name="Device" value="Jap_Projector"/>
							<string name="Table" value="Turrets"/>
						</object>
						<object name="TPort_LPROJ2">
							<string name="Device" value="Jap_Projector"/>
							<string name="Table" value="Turrets"/>
						</object>
						<object name="TPort_LSG01">
							<string name="Device" value="Jap_Turret_25x2"/>
							<string name="Table" value="Turrets"/>
						</object>
						<object name="TPort_LSG02">
							<string name="Device" value="Jap_Turret_25x2"/>
							<string name="Table" value="Turrets"/>
						</object>
						<object name="TPort_LSG03">
							<string name="Device" value="Jap_Turret_25x3"/>
							<string name="Table" value="Turrets"/>
						</object>
						<object name="TPort_LSG04">
							<string name="Device" value="Jap_Turret_25x3"/>
							<string name="Table" value="Turrets"/>
						</object>
						<object name="TPort_LSG05">
							<string name="Device" value="Jap_Turret_25x3"/>
							<string name="Table" value="Turrets"/>
						</object>
						<object name="TPort_RF01">
							<string name="Device" value="Director_Typ95_Yamato_03"/>
							<string name="Table" value="Turrets"/>
						</object>
						<object name="TPort_RMG01">
							<string name="Device" value="Myoko_Turret_127x2"/>
							<string name="Table" value="Turrets"/>
						</object>
						<object name="TPort_RMG02">
							<string name="Device" value="Myoko_Turret_127x2"/>
							<string name="Table" value="Turrets"/>
						</object>
						<object name="TPort_RMG03">
							<string name="Device" value="Myoko_Turret_127x2"/>
							<string name="Table" value="Turrets"/>
						</object>
						<object name="TPort_RPROJ1">
							<string name="Device" value="Jap_Projector"/>
							<string name="Table" value="Turrets"/>
						</object>
						<object name="TPort_RSG01">
							<string name="Device" value="Jap_Turret_25x3"/>
							<string name="Table" value="Turrets"/>
						</object>
						<object name="TPort_RSG02">
							<string name="Device" value="Jap_Turret_25x2"/>
							<string name="Table" value="Turrets"/>
						</object>
						<object name="TPort_RSG03">
							<string name="Device" value="Jap_Turret_25x3"/>
							<string name="Table" value="Turrets"/>
						</object>
						<object name="TPort_RSG04">
							<string name="Device" value="Jap_Turret_25x3"/>
							<string name="Table" value="Turrets"/>
						</object>
						<object name="TPort_RSG05">
							<string name="Device" value="Jap_Turret_25x3"/>
							<string name="Table" value="Turrets"/>
						</object>
						<object name="ZPort_AAGunContr">
							<string name="Device" value="Aim_AA"/>
							<string name="Table" value="AimSystems"/>
						</object>
						<object name="ZPort_Jammer_JS_A">
							<string name="Device" value=""/>
							<string name="Table" value="Probes"/>
						</object>
						<object name="ZPort_MainGunContr">
							<string name="Device" value="Typ13_M"/>
							<string name="Table" value="AimSystems"/>
						</object>
						<object name="ZPort_Radio">
							<string name="Device" value="J_ShipRadioHF"/>
							<string name="Table" value="Probes"/>
						</object>
						<object name="ZPort_SteamTurbine">
							<string name="Device" value="MPP_Hiryu"/>
							<string name="Table" value="Engins"/>
						</object>
					</object>
					<string name="Sonar" value=""/>
					<float name="Speed" value="18."/>
					<string name="SuperRifles" value=""/>
					<float name="VolleyWeight" value="3.11999989"/>
					<float name="Weight" value="17939.377"/>
				</object>
			</object>
		</object>
	</object>
</root>
