﻿<?xml version="1.0" standalone="yes" ?>
<root>
	<object name="SteelMonstersParams">
		<object name="Hit_Location">
			<object name="Tir4297">
				<integer name="Country" value="5"/>
				<float name="ER" value="500."/>
				<string name="Hull" value="Tirpitz_ABLowerDeck"/>
				<string name="Name" value="Bow2_LowerDeck"/>
				<string name="TypHL" value="Hull"/>
				<string name="UnitName" value="Tirpitz"/>
			</object>
			<object name="Tir4298">
				<integer name="Country" value="5"/>
				<float name="ER" value="500."/>
				<string name="Hull" value="Tirpitz_AmmoStore"/>
				<string name="Name" value="Bow_AmmoStore1"/>
				<float name="Param_1" value="0."/>
				<string name="TypHL" value="AmmoStore"/>
				<string name="UnitName" value="Tirpitz"/>
			</object>
			<object name="Tir4299">
				<integer name="Country" value="5"/>
				<float name="ER" value="500."/>
				<string name="Hull" value="Tirpitz_AmmoStore"/>
				<string name="Name" value="Bow_AmmoStore2"/>
				<float name="Param_1" value="0."/>
				<string name="TypHL" value="AmmoStore"/>
				<string name="UnitName" value="Tirpitz"/>
			</object>
			<object name="Tir4300">
				<integer name="Country" value="5"/>
				<float name="ER" value="750."/>
				<string name="Hull" value="Tirpitz_ArmorDeck"/>
				<string name="Name" value="Bow2_ArmorDeck"/>
				<string name="TypHL" value="Hull"/>
				<string name="UnitName" value="Tirpitz"/>
			</object>
			<object name="Tir43001t">
				<integer name="Country" value="5"/>
				<float name="ER" value="250."/>
				<string name="Hull" value="Tirpitz_ArmorDeck"/>
				<string name="Name" value="Bow2_LArmorDeck"/>
				<string name="TypHL" value="Hull"/>
				<string name="UnitName" value="Tirpitz"/>
			</object>
			<object name="Tir43002t">
				<integer name="Country" value="5"/>
				<float name="ER" value="250."/>
				<string name="Hull" value="Tirpitz_ArmorDeck"/>
				<string name="Name" value="Bow2_RArmorDeck"/>
				<string name="TypHL" value="Hull"/>
				<string name="UnitName" value="Tirpitz"/>
			</object>
			<object name="Tir4301">
				<integer name="Country" value="5"/>
				<float name="ER" value="500."/>
				<string name="Hull" value="Tirpitz_ABMiddleDeck"/>
				<string name="Name" value="Bow2_MiddleDeck"/>
				<string name="TypHL" value="Hull"/>
				<string name="UnitName" value="Tirpitz"/>
			</object>
			<object name="Tir4302">
				<integer name="Country" value="5"/>
				<float name="ER" value="500."/>
				<string name="Hull" value="Tirpitz_ABUpperDeck"/>
				<string name="Name" value="Bow2_UpperDeck"/>
				<string name="TypHL" value="Hull"/>
				<string name="UnitName" value="Tirpitz"/>
			</object>
			<object name="Tir4303">
				<integer name="Country" value="5"/>
				<float name="ER" value="900."/>
				<string name="Hull" value="Tirpitz_Bottom"/>
				<string name="Name" value="Bow2_RBottom"/>
				<string name="TypHL" value="Hull"/>
				<string name="UnitName" value="Tirpitz"/>
			</object>
			<object name="Tir4304">
				<integer name="Country" value="5"/>
				<float name="ER" value="800."/>
				<string name="Hull" value="Tirpitz_RAMP"/>
				<string name="Name" value="Bow2_RAMP"/>
				<string name="TypHL" value="Hull"/>
				<string name="UnitName" value="Tirpitz"/>
			</object>
			<object name="Tir4305">
				<integer name="Country" value="5"/>
				<float name="ER" value="500."/>
				<string name="Hull" value="Tirpitz_ABRLBelt"/>
				<string name="Name" value="Bow2_RLowerBelt"/>
				<string name="TypHL" value="Hull"/>
				<string name="UnitName" value="Tirpitz"/>
			</object>
			<object name="Tir4306">
				<integer name="Country" value="5"/>
				<float name="ER" value="600."/>
				<string name="Hull" value="Tirpitz_ABRMBelt"/>
				<string name="Name" value="Bow2_RMiddleBelt"/>
				<string name="TypHL" value="Hull"/>
				<string name="UnitName" value="Tirpitz"/>
			</object>
			<object name="Tir4307">
				<integer name="Country" value="5"/>
				<float name="ER" value="500."/>
				<string name="Hull" value="Tirpitz_ABRHBelt"/>
				<string name="Name" value="Bow2_RUpperBelt"/>
				<string name="TypHL" value="Hull"/>
				<string name="UnitName" value="Tirpitz"/>
			</object>
			<object name="Tir4308">
				<integer name="Country" value="5"/>
				<float name="ER" value="900."/>
				<string name="Hull" value="Tirpitz_Bottom"/>
				<string name="Name" value="Bow2_LBottom"/>
				<string name="TypHL" value="Hull"/>
				<string name="UnitName" value="Tirpitz"/>
			</object>
			<object name="Tir4309">
				<integer name="Country" value="5"/>
				<float name="ER" value="800."/>
				<string name="Hull" value="Tirpitz_LAMP"/>
				<string name="Name" value="Bow2_LAMP"/>
				<string name="TypHL" value="Hull"/>
				<string name="UnitName" value="Tirpitz"/>
			</object>
			<object name="Tir43091t">
				<integer name="Country" value="5"/>
				<float name="ER" value="500."/>
				<string name="Hull" value="Tirpitz_TurtleDeck"/>
				<string name="Name" value="Bow2_LTurtleDeck"/>
				<string name="TypHL" value="Hull"/>
				<string name="UnitName" value="Tirpitz"/>
			</object>
			<object name="Tir43092t">
				<integer name="Country" value="5"/>
				<float name="ER" value="500."/>
				<string name="Hull" value="Tirpitz_TurtleDeck"/>
				<string name="Name" value="Bow2_RTurtleDeck"/>
				<string name="TypHL" value="Hull"/>
				<string name="UnitName" value="Tirpitz"/>
			</object>
			<object name="Tir4310">
				<integer name="Country" value="5"/>
				<float name="ER" value="500."/>
				<string name="Hull" value="Tirpitz_ABLLBelt"/>
				<string name="Name" value="Bow2_LLowerBelt"/>
				<string name="TypHL" value="Hull"/>
				<string name="UnitName" value="Tirpitz"/>
			</object>
			<object name="Tir4311">
				<integer name="Country" value="5"/>
				<float name="ER" value="600."/>
				<string name="Hull" value="Tirpitz_ABLMBelt"/>
				<string name="Name" value="Bow2_LMiddleBelt"/>
				<string name="TypHL" value="Hull"/>
				<string name="UnitName" value="Tirpitz"/>
			</object>
			<object name="Tir4312">
				<integer name="Country" value="5"/>
				<float name="ER" value="500."/>
				<string name="Hull" value="Tirpitz_ABLHBelt"/>
				<string name="Name" value="Bow2_LUpperBelt"/>
				<string name="TypHL" value="Hull"/>
				<string name="UnitName" value="Tirpitz"/>
			</object>
			<object name="Tir4313">
				<integer name="Country" value="5"/>
				<float name="ER" value="800."/>
				<string name="Hull" value="Tirpitz_Barbet"/>
				<string name="Name" value="Barbet1"/>
				<string name="TypHL" value="Hull"/>
				<string name="UnitName" value="Tirpitz"/>
			</object>
			<object name="Tir4315">
				<integer name="Country" value="5"/>
				<float name="ER" value="800."/>
				<string name="Hull" value="Tirpitz_Barbet"/>
				<string name="Name" value="Barbet2"/>
				<string name="TypHL" value="Hull"/>
				<string name="UnitName" value="Tirpitz"/>
			</object>
			<object name="Tir4317">
				<integer name="Country" value="5"/>
				<float name="ER" value="500."/>
				<string name="Hull" value="Tirpitz_BulkHead"/>
				<string name="Name" value="Middle1_LowerDeck"/>
				<string name="TypHL" value="Hull"/>
				<string name="UnitName" value="Tirpitz"/>
			</object>
			<object name="Tir4318">
				<integer name="Country" value="5"/>
				<float name="ER" value="750."/>
				<string name="Hull" value="Tirpitz_ArmorDeck"/>
				<string name="Name" value="Middle1_ArmorDeck"/>
				<string name="TypHL" value="Hull"/>
				<string name="UnitName" value="Tirpitz"/>
			</object>
			<object name="Tir4319">
				<integer name="Country" value="5"/>
				<float name="ER" value="500."/>
				<string name="Hull" value="Tirpitz_MiddleDeck"/>
				<string name="Name" value="Middle1_MiddleDeck"/>
				<string name="TypHL" value="Hull"/>
				<string name="UnitName" value="Tirpitz"/>
			</object>
			<object name="Tir4320">
				<integer name="Country" value="5"/>
				<float name="ER" value="500."/>
				<string name="Hull" value="Tirpitz_UpperDeck"/>
				<string name="Name" value="Middle1_UpperDeck"/>
				<string name="TypHL" value="Hull"/>
				<string name="UnitName" value="Tirpitz"/>
			</object>
			<object name="Tir4321">
				<integer name="Country" value="5"/>
				<float name="ER" value="900."/>
				<string name="Hull" value="Tirpitz_Bottom"/>
				<string name="Name" value="Middle1_RBottom"/>
				<string name="TypHL" value="FuelTank"/>
				<string name="UnitName" value="Tirpitz"/>
			</object>
			<object name="Tir4322">
				<integer name="Country" value="5"/>
				<float name="ER" value="1000."/>
				<string name="Hull" value="Tirpitz_RAMP"/>
				<string name="Name" value="Middle1_RAMP"/>
				<string name="TypHL" value="Hull"/>
				<string name="UnitName" value="Tirpitz"/>
			</object>
			<object name="Tir4323">
				<integer name="Country" value="5"/>
				<float name="ER" value="900."/>
				<string name="Hull" value="Tirpitz_RLBelt"/>
				<string name="Name" value="Middle1_RLowerBelt"/>
				<string name="TypHL" value="Hull"/>
				<string name="UnitName" value="Tirpitz"/>
			</object>
			<object name="Tir4324">
				<integer name="Country" value="5"/>
				<float name="ER" value="900."/>
				<string name="Hull" value="Tirpitz_RMBelt"/>
				<string name="Name" value="Middle1_RMainBelt"/>
				<string name="TypHL" value="Hull"/>
				<string name="UnitName" value="Tirpitz"/>
			</object>
			<object name="Tir4325">
				<integer name="Country" value="5"/>
				<float name="ER" value="500."/>
				<string name="Hull" value="Tirpitz_RHBelt"/>
				<string name="Name" value="Middle1_RUpperBelt"/>
				<string name="TypHL" value="Hull"/>
				<string name="UnitName" value="Tirpitz"/>
			</object>
			<object name="Tir4326">
				<integer name="Country" value="5"/>
				<float name="ER" value="900."/>
				<string name="Hull" value="Tirpitz_Bottom"/>
				<string name="Name" value="Middle1_LBottom"/>
				<string name="TypHL" value="FuelTank"/>
				<string name="UnitName" value="Tirpitz"/>
			</object>
			<object name="Tir4327">
				<integer name="Country" value="5"/>
				<float name="ER" value="1000."/>
				<string name="Hull" value="Tirpitz_LAMP"/>
				<string name="Name" value="Middle1_LAMP"/>
				<string name="TypHL" value="Hull"/>
				<string name="UnitName" value="Tirpitz"/>
			</object>
			<object name="Tir43271t">
				<integer name="Country" value="5"/>
				<float name="ER" value="500."/>
				<string name="Hull" value="Tirpitz_TurtleDeck"/>
				<string name="Name" value="Middle1_LTurtleDeck"/>
				<string name="TypHL" value="Hull"/>
				<string name="UnitName" value="Tirpitz"/>
			</object>
			<object name="Tir43272t">
				<integer name="Country" value="5"/>
				<float name="ER" value="500."/>
				<string name="Hull" value="Tirpitz_TurtleDeck"/>
				<string name="Name" value="Middle1_RTurtleDeck"/>
				<string name="TypHL" value="Hull"/>
				<string name="UnitName" value="Tirpitz"/>
			</object>
			<object name="Tir4328">
				<integer name="Country" value="5"/>
				<float name="ER" value="900."/>
				<string name="Hull" value="Tirpitz_LLBelt"/>
				<string name="Name" value="Middle1_LLowerBelt"/>
				<string name="TypHL" value="Hull"/>
				<string name="UnitName" value="Tirpitz"/>
			</object>
			<object name="Tir4330">
				<integer name="Country" value="5"/>
				<float name="ER" value="900."/>
				<string name="Hull" value="Tirpitz_LMBelt"/>
				<string name="Name" value="Middle1_LMainBelt"/>
				<string name="TypHL" value="Hull"/>
				<string name="UnitName" value="Tirpitz"/>
			</object>
			<object name="Tir4331">
				<integer name="Country" value="5"/>
				<float name="ER" value="500."/>
				<string name="Hull" value="Tirpitz_LHBelt"/>
				<string name="Name" value="Middle1_LUpperBelt"/>
				<string name="TypHL" value="Hull"/>
				<string name="UnitName" value="Tirpitz"/>
			</object>
			<object name="Tir4333">
				<integer name="Country" value="5"/>
				<float name="ER" value="500."/>
				<string name="Hull" value="Tirpitz_BoilerHull"/>
				<string name="Name" value="Middle2_LBoilerCover"/>
				<string name="TypHL" value="Hull"/>
				<string name="UnitName" value="Tirpitz"/>
			</object>
			<object name="Tir4334">
				<integer name="Country" value="5"/>
				<float name="ER" value="200."/>
				<string name="Hull" value="Tirpitz_Boiler"/>
				<string name="Name" value="Boiler1"/>
				<string name="TypHL" value="Boiler"/>
				<string name="UnitName" value="Tirpitz"/>
			</object>
			<object name="Tir4335">
				<integer name="Country" value="5"/>
				<float name="ER" value="500."/>
				<string name="Hull" value="Tirpitz_BoilerHull"/>
				<string name="Name" value="Middle2_CBoilerCover"/>
				<string name="TypHL" value="Hull"/>
				<string name="UnitName" value="Tirpitz"/>
			</object>
			<object name="Tir4336">
				<integer name="Country" value="5"/>
				<float name="ER" value="200."/>
				<string name="Hull" value="Tirpitz_Boiler"/>
				<string name="Name" value="Boiler2"/>
				<string name="TypHL" value="Boiler"/>
				<string name="UnitName" value="Tirpitz"/>
			</object>
			<object name="Tir4337">
				<integer name="Country" value="5"/>
				<float name="ER" value="500."/>
				<string name="Hull" value="Tirpitz_BoilerHull"/>
				<string name="Name" value="Middle2_RBoilerCover"/>
				<string name="TypHL" value="Hull"/>
				<string name="UnitName" value="Tirpitz"/>
			</object>
			<object name="Tir4338">
				<integer name="Country" value="5"/>
				<float name="ER" value="200."/>
				<string name="Hull" value="Tirpitz_Boiler"/>
				<string name="Name" value="Boiler3"/>
				<string name="TypHL" value="Boiler"/>
				<string name="UnitName" value="Tirpitz"/>
			</object>
			<object name="Tir4339">
				<integer name="Country" value="5"/>
				<float name="ER" value="500."/>
				<string name="Hull" value="Tirpitz_MiddleDeck"/>
				<string name="Name" value="Middle2_MiddleDeck"/>
				<string name="TypHL" value="Hull"/>
				<string name="UnitName" value="Tirpitz"/>
			</object>
			<object name="Tir43391t">
				<integer name="Country" value="5"/>
				<float name="ER" value="500."/>
				<string name="Hull" value="Tirpitz_MiddleDeck"/>
				<string name="Name" value="Middle2_LMiddleDeck"/>
				<string name="TypHL" value="Hull"/>
				<string name="UnitName" value="Tirpitz"/>
			</object>
			<object name="Tir43392t">
				<integer name="Country" value="5"/>
				<float name="ER" value="500."/>
				<string name="Hull" value="Tirpitz_MiddleDeck"/>
				<string name="Name" value="Middle2_RMiddleDeck"/>
				<string name="TypHL" value="Hull"/>
				<string name="UnitName" value="Tirpitz"/>
			</object>
			<object name="Tir43393t">
				<integer name="Country" value="5"/>
				<float name="ER" value="500."/>
				<string name="Hull" value="Tirpitz_TurtleDeck"/>
				<string name="Name" value="Middle2_LTurtleDeck"/>
				<string name="TypHL" value="Hull"/>
				<string name="UnitName" value="Tirpitz"/>
			</object>
			<object name="Tir43394t">
				<integer name="Country" value="5"/>
				<float name="ER" value="500."/>
				<string name="Hull" value="Tirpitz_TurtleDeck"/>
				<string name="Name" value="Middle2_RTurtleDeck"/>
				<string name="TypHL" value="Hull"/>
				<string name="UnitName" value="Tirpitz"/>
			</object>
			<object name="Tir4340">
				<integer name="Country" value="5"/>
				<float name="ER" value="500."/>
				<string name="Hull" value="Tirpitz_UpperDeck"/>
				<string name="Name" value="Middle2_UpperDeck"/>
				<string name="TypHL" value="Hull"/>
				<string name="UnitName" value="Tirpitz"/>
			</object>
			<object name="Tir43401t">
				<integer name="Country" value="5"/>
				<float name="ER" value="500."/>
				<string name="Hull" value="Tirpitz_UpperDeck"/>
				<string name="Name" value="Middle2_LUpperDeck"/>
				<string name="TypHL" value="Hull"/>
				<string name="UnitName" value="Tirpitz"/>
			</object>
			<object name="Tir43402t">
				<integer name="Country" value="5"/>
				<float name="ER" value="500."/>
				<string name="Hull" value="Tirpitz_UpperDeck"/>
				<string name="Name" value="Middle2_RUpperDeck"/>
				<string name="TypHL" value="Hull"/>
				<string name="UnitName" value="Tirpitz"/>
			</object>
			<object name="Tir43403t">
				<integer name="Country" value="5"/>
				<float name="ER" value="500."/>
				<string name="Hull" value="Tirpitz_BulkHead"/>
				<string name="Name" value="Middle2_MCUpperDeck"/>
				<string name="TypHL" value="Hull"/>
				<string name="UnitName" value="Tirpitz"/>
			</object>
			<object name="Tir43404t">
				<integer name="Country" value="5"/>
				<float name="ER" value="500."/>
				<string name="Hull" value="Tirpitz_BulkHead"/>
				<string name="Name" value="Middle2_MLUpperDeck"/>
				<string name="TypHL" value="Hull"/>
				<string name="UnitName" value="Tirpitz"/>
			</object>
			<object name="Tir43408t">
				<integer name="Country" value="5"/>
				<float name="ER" value="500."/>
				<string name="Hull" value="Tirpitz_BulkHead"/>
				<string name="Name" value="Middle2_MRUpperDeck"/>
				<string name="TypHL" value="Hull"/>
				<string name="UnitName" value="Tirpitz"/>
			</object>
			<object name="Tir4341">
				<integer name="Country" value="5"/>
				<float name="ER" value="500."/>
				<string name="Hull" value="Tirpitz_RHBelt"/>
				<string name="Name" value="Middle2_RUpperBelt"/>
				<string name="TypHL" value="Hull"/>
				<string name="UnitName" value="Tirpitz"/>
			</object>
			<object name="Tir4342">
				<integer name="Country" value="5"/>
				<float name="ER" value="900."/>
				<string name="Hull" value="Tirpitz_RMBelt"/>
				<string name="Name" value="Middle2_RMainBelt"/>
				<string name="TypHL" value="Hull"/>
				<string name="UnitName" value="Tirpitz"/>
			</object>
			<object name="Tir4343">
				<integer name="Country" value="5"/>
				<float name="ER" value="900."/>
				<string name="Hull" value="Tirpitz_RLBelt"/>
				<string name="Name" value="Middle2_RLowerBelt"/>
				<string name="TypHL" value="Hull"/>
				<string name="UnitName" value="Tirpitz"/>
			</object>
			<object name="Tir4344">
				<integer name="Country" value="5"/>
				<float name="ER" value="1000."/>
				<string name="Hull" value="Tirpitz_RAMP"/>
				<string name="Name" value="Middle2_RAMP"/>
				<string name="TypHL" value="Hull"/>
				<string name="UnitName" value="Tirpitz"/>
			</object>
			<object name="Tir4345">
				<integer name="Country" value="5"/>
				<float name="ER" value="900."/>
				<string name="Hull" value="Tirpitz_Bottom"/>
				<string name="Name" value="Middle2_RBottom"/>
				<string name="TypHL" value="FuelTank"/>
				<string name="UnitName" value="Tirpitz"/>
			</object>
			<object name="Tir4346">
				<integer name="Country" value="5"/>
				<float name="ER" value="900."/>
				<string name="Hull" value="Tirpitz_Bottom"/>
				<string name="Name" value="Middle2_LBottom"/>
				<string name="TypHL" value="FuelTank"/>
				<string name="UnitName" value="Tirpitz"/>
			</object>
			<object name="Tir4347">
				<integer name="Country" value="5"/>
				<float name="ER" value="1000."/>
				<string name="Hull" value="Tirpitz_LAMP"/>
				<string name="Name" value="Middle2_LAMP"/>
				<string name="TypHL" value="Hull"/>
				<string name="UnitName" value="Tirpitz"/>
			</object>
			<object name="Tir4348">
				<integer name="Country" value="5"/>
				<float name="ER" value="900."/>
				<string name="Hull" value="Tirpitz_LLBelt"/>
				<string name="Name" value="Middle2_LLowerBelt"/>
				<string name="TypHL" value="Hull"/>
				<string name="UnitName" value="Tirpitz"/>
			</object>
			<object name="Tir4349">
				<integer name="Country" value="5"/>
				<float name="ER" value="900."/>
				<string name="Hull" value="Tirpitz_LMBelt"/>
				<string name="Name" value="Middle2_LMainBelt"/>
				<string name="TypHL" value="Hull"/>
				<string name="UnitName" value="Tirpitz"/>
			</object>
			<object name="Tir4350">
				<integer name="Country" value="5"/>
				<float name="ER" value="500."/>
				<string name="Hull" value="Tirpitz_LHBelt"/>
				<string name="Name" value="Middle2_LUpperBelt"/>
				<string name="TypHL" value="Hull"/>
				<string name="UnitName" value="Tirpitz"/>
			</object>
			<object name="Tir4353">
				<integer name="Country" value="5"/>
				<float name="ER" value="500."/>
				<string name="Hull" value="Tirpitz_BoilerHull"/>
				<string name="Name" value="Middle3_LBoilerCover"/>
				<string name="TypHL" value="Hull"/>
				<string name="UnitName" value="Tirpitz"/>
			</object>
			<object name="Tir4354">
				<integer name="Country" value="5"/>
				<float name="ER" value="200."/>
				<string name="Hull" value="Tirpitz_Boiler"/>
				<string name="Name" value="Boiler4"/>
				<string name="TypHL" value="Boiler"/>
				<string name="UnitName" value="Tirpitz"/>
			</object>
			<object name="Tir4355">
				<integer name="Country" value="5"/>
				<float name="ER" value="500."/>
				<string name="Hull" value="Tirpitz_BoilerHull"/>
				<string name="Name" value="Middle3_CBoilerCover"/>
				<string name="TypHL" value="Hull"/>
				<string name="UnitName" value="Tirpitz"/>
			</object>
			<object name="Tir4356">
				<integer name="Country" value="5"/>
				<float name="ER" value="200."/>
				<string name="Hull" value="Tirpitz_Boiler"/>
				<string name="Name" value="Boiler5"/>
				<string name="TypHL" value="Boiler"/>
				<string name="UnitName" value="Tirpitz"/>
			</object>
			<object name="Tir4357">
				<integer name="Country" value="5"/>
				<float name="ER" value="500."/>
				<string name="Hull" value="Tirpitz_BoilerHull"/>
				<string name="Name" value="Middle3_RBoilerCover"/>
				<string name="TypHL" value="Hull"/>
				<string name="UnitName" value="Tirpitz"/>
			</object>
			<object name="Tir4358">
				<integer name="Country" value="5"/>
				<float name="ER" value="200."/>
				<string name="Hull" value="Tirpitz_Boiler"/>
				<string name="Name" value="Boiler6"/>
				<string name="TypHL" value="Boiler"/>
				<string name="UnitName" value="Tirpitz"/>
			</object>
			<object name="Tir4359">
				<integer name="Country" value="5"/>
				<float name="ER" value="500."/>
				<string name="Hull" value="Tirpitz_MiddleDeck"/>
				<string name="Name" value="Middle3_MiddleDeck"/>
				<string name="TypHL" value="Hull"/>
				<string name="UnitName" value="Tirpitz"/>
			</object>
			<object name="Tir43591t">
				<integer name="Country" value="5"/>
				<float name="ER" value="500."/>
				<string name="Hull" value="Tirpitz_MiddleDeck"/>
				<string name="Name" value="Middle3_LMiddleDeck"/>
				<string name="TypHL" value="Hull"/>
				<string name="UnitName" value="Tirpitz"/>
			</object>
			<object name="Tir43592t">
				<integer name="Country" value="5"/>
				<float name="ER" value="500."/>
				<string name="Hull" value="Tirpitz_MiddleDeck"/>
				<string name="Name" value="Middle3_RMiddleDeck"/>
				<string name="TypHL" value="Hull"/>
				<string name="UnitName" value="Tirpitz"/>
			</object>
			<object name="Tir4360">
				<integer name="Country" value="5"/>
				<float name="ER" value="500."/>
				<string name="Hull" value="Tirpitz_UpperDeck"/>
				<string name="Name" value="Middle3_UpperDeck"/>
				<string name="TypHL" value="Hull"/>
				<string name="UnitName" value="Tirpitz"/>
			</object>
			<object name="Tir436001t">
				<integer name="Country" value="5"/>
				<float name="ER" value="500."/>
				<string name="Hull" value="Tirpitz_UpperDeck"/>
				<string name="Name" value="Middle3_LUpperDeck"/>
				<string name="TypHL" value="Hull"/>
				<string name="UnitName" value="Tirpitz"/>
			</object>
			<object name="Tir436002t">
				<integer name="Country" value="5"/>
				<float name="ER" value="500."/>
				<string name="Hull" value="Tirpitz_UpperDeck"/>
				<string name="Name" value="Middle3_RUpperDeck"/>
				<string name="TypHL" value="Hull"/>
				<string name="UnitName" value="Tirpitz"/>
			</object>
			<object name="Tir436003t">
				<integer name="Country" value="5"/>
				<float name="ER" value="500."/>
				<string name="Hull" value="Tirpitz_BulkHead"/>
				<string name="Name" value="Middle3_MCUpperDeck"/>
				<string name="TypHL" value="Hull"/>
				<string name="UnitName" value="Tirpitz"/>
			</object>
			<object name="Tir436004t">
				<integer name="Country" value="5"/>
				<float name="ER" value="500."/>
				<string name="Hull" value="Tirpitz_BulkHead"/>
				<string name="Name" value="Middle3_MLUpperDeck"/>
				<string name="TypHL" value="Hull"/>
				<string name="UnitName" value="Tirpitz"/>
			</object>
			<object name="Tir436005t">
				<integer name="Country" value="5"/>
				<float name="ER" value="500."/>
				<string name="Hull" value="Tirpitz_BulkHead"/>
				<string name="Name" value="Middle3_MRUpperDeck"/>
				<string name="TypHL" value="Hull"/>
				<string name="UnitName" value="Tirpitz"/>
			</object>
			<object name="Tir4361">
				<integer name="Country" value="5"/>
				<float name="ER" value="500."/>
				<string name="Hull" value="Tirpitz_RHBelt"/>
				<string name="Name" value="Middle3_RUpperBelt"/>
				<string name="TypHL" value="Hull"/>
				<string name="UnitName" value="Tirpitz"/>
			</object>
			<object name="Tir4362">
				<integer name="Country" value="5"/>
				<float name="ER" value="900."/>
				<string name="Hull" value="Tirpitz_RMBelt"/>
				<string name="Name" value="Middle3_RMainBelt"/>
				<string name="TypHL" value="Hull"/>
				<string name="UnitName" value="Tirpitz"/>
			</object>
			<object name="Tir4363">
				<integer name="Country" value="5"/>
				<float name="ER" value="900."/>
				<string name="Hull" value="Tirpitz_RLBelt"/>
				<string name="Name" value="Middle3_RLowerBelt"/>
				<string name="TypHL" value="Hull"/>
				<string name="UnitName" value="Tirpitz"/>
			</object>
			<object name="Tir4364">
				<integer name="Country" value="5"/>
				<float name="ER" value="1000."/>
				<string name="Hull" value="Tirpitz_RAMP"/>
				<string name="Name" value="Middle3_RAMP"/>
				<string name="TypHL" value="Hull"/>
				<string name="UnitName" value="Tirpitz"/>
			</object>
			<object name="Tir4365">
				<integer name="Country" value="5"/>
				<float name="ER" value="500."/>
				<string name="Hull" value="Tirpitz_Bottom"/>
				<string name="Name" value="Middle3_RBottom"/>
				<string name="TypHL" value="FuelTank"/>
				<string name="UnitName" value="Tirpitz"/>
			</object>
			<object name="Tir4366">
				<integer name="Country" value="5"/>
				<float name="ER" value="500."/>
				<string name="Hull" value="Tirpitz_LHBelt"/>
				<string name="Name" value="Middle3_LUpperBelt"/>
				<string name="TypHL" value="Hull"/>
				<string name="UnitName" value="Tirpitz"/>
			</object>
			<object name="Tir4367">
				<integer name="Country" value="5"/>
				<float name="ER" value="900."/>
				<string name="Hull" value="Tirpitz_LMBelt"/>
				<string name="Name" value="Middle3_LMainBelt"/>
				<string name="TypHL" value="Hull"/>
				<string name="UnitName" value="Tirpitz"/>
			</object>
			<object name="Tir4368">
				<integer name="Country" value="5"/>
				<float name="ER" value="900."/>
				<string name="Hull" value="Tirpitz_LLBelt"/>
				<string name="Name" value="Middle3_LLowerBelt"/>
				<string name="TypHL" value="Hull"/>
				<string name="UnitName" value="Tirpitz"/>
			</object>
			<object name="Tir4369">
				<integer name="Country" value="5"/>
				<float name="ER" value="1000."/>
				<string name="Hull" value="Tirpitz_LAMP"/>
				<string name="Name" value="Middle3_LAMP"/>
				<string name="TypHL" value="Hull"/>
				<string name="UnitName" value="Tirpitz"/>
			</object>
			<object name="Tir43691t">
				<integer name="Country" value="5"/>
				<float name="ER" value="500."/>
				<string name="Hull" value="Tirpitz_TurtleDeck"/>
				<string name="Name" value="Middle3_LTurtleDeck"/>
				<string name="TypHL" value="Hull"/>
				<string name="UnitName" value="Tirpitz"/>
			</object>
			<object name="Tir43692t">
				<integer name="Country" value="5"/>
				<float name="ER" value="500."/>
				<string name="Hull" value="Tirpitz_TurtleDeck"/>
				<string name="Name" value="Middle3_RTurtleDeck"/>
				<string name="TypHL" value="Hull"/>
				<string name="UnitName" value="Tirpitz"/>
			</object>
			<object name="Tir4370">
				<integer name="Country" value="5"/>
				<float name="ER" value="900."/>
				<string name="Hull" value="Tirpitz_Bottom"/>
				<string name="Name" value="Middle3_LBottom"/>
				<string name="TypHL" value="FuelTank"/>
				<string name="UnitName" value="Tirpitz"/>
			</object>
			<object name="Tir4372">
				<integer name="Country" value="5"/>
				<float name="ER" value="500."/>
				<string name="Hull" value="Tirpitz_MTOHull"/>
				<string name="Name" value="Middle4_LEngineCover"/>
				<string name="TypHL" value="Hull"/>
				<string name="UnitName" value="Tirpitz"/>
			</object>
			<object name="Tir4373">
				<string name="ConnectName" value="Boiler1;Boiler4"/>
				<integer name="Country" value="5"/>
				<float name="ER" value="300."/>
				<string name="Hull" value="Tirpitz_Engine"/>
				<string name="Name" value="Engine1"/>
				<string name="TypHL" value="Engine"/>
				<string name="UnitName" value="Tirpitz"/>
			</object>
			<object name="Tir4374">
				<integer name="Country" value="5"/>
				<float name="ER" value="500."/>
				<string name="Hull" value="Tirpitz_MTOHull"/>
				<string name="Name" value="Middle4_REngineCover"/>
				<string name="TypHL" value="Hull"/>
				<string name="UnitName" value="Tirpitz"/>
			</object>
			<object name="Tir4376">
				<string name="ConnectName" value="Boiler3;Boiler6;"/>
				<integer name="Country" value="5"/>
				<float name="ER" value="300."/>
				<string name="Hull" value="Tirpitz_Engine"/>
				<string name="Name" value="Engine2"/>
				<string name="TypHL" value="Engine"/>
				<string name="UnitName" value="Tirpitz"/>
			</object>
			<object name="Tir4377">
				<integer name="Country" value="5"/>
				<float name="ER" value="500."/>
				<string name="Hull" value="Tirpitz_MiddleDeck"/>
				<string name="Name" value="Middle4_MiddleDeck"/>
				<string name="TypHL" value="Hull"/>
				<string name="UnitName" value="Tirpitz"/>
			</object>
			<object name="Tir43771t">
				<integer name="Country" value="5"/>
				<float name="ER" value="500."/>
				<string name="Hull" value="Tirpitz_MiddleDeck"/>
				<string name="Name" value="Middle4_LMiddleDeck"/>
				<string name="TypHL" value="Hull"/>
				<string name="UnitName" value="Tirpitz"/>
			</object>
			<object name="Tir43772t">
				<integer name="Country" value="5"/>
				<float name="ER" value="500."/>
				<string name="Hull" value="Tirpitz_MiddleDeck"/>
				<string name="Name" value="Middle4_RMiddleDeck"/>
				<string name="TypHL" value="Hull"/>
				<string name="UnitName" value="Tirpitz"/>
			</object>
			<object name="Tir4378">
				<integer name="Country" value="5"/>
				<float name="ER" value="500."/>
				<string name="Hull" value="Tirpitz_UpperDeck"/>
				<string name="Name" value="Middle4_UpperDeck"/>
				<string name="TypHL" value="Hull"/>
				<string name="UnitName" value="Tirpitz"/>
			</object>
			<object name="Tir43781t">
				<integer name="Country" value="5"/>
				<float name="ER" value="500."/>
				<string name="Hull" value="Tirpitz_UpperDeck"/>
				<string name="Name" value="Middle4_LUpperDeck"/>
				<string name="TypHL" value="Hull"/>
				<string name="UnitName" value="Tirpitz"/>
			</object>
			<object name="Tir43782t">
				<integer name="Country" value="5"/>
				<float name="ER" value="500."/>
				<string name="Hull" value="Tirpitz_UpperDeck"/>
				<string name="Name" value="Middle4_RUpperDeck"/>
				<string name="TypHL" value="Hull"/>
				<string name="UnitName" value="Tirpitz"/>
			</object>
			<object name="Tir43785t">
				<integer name="Country" value="5"/>
				<float name="ER" value="500."/>
				<string name="Hull" value="Tirpitz_BulkHead"/>
				<string name="Name" value="Middle4_MCUpperDeck"/>
				<string name="TypHL" value="Hull"/>
				<string name="UnitName" value="Tirpitz"/>
			</object>
			<object name="Tir43786t">
				<integer name="Country" value="5"/>
				<float name="ER" value="500."/>
				<string name="Hull" value="Tirpitz_BulkHead"/>
				<string name="Name" value="Middle4_MLUpperDeck"/>
				<string name="TypHL" value="Hull"/>
				<string name="UnitName" value="Tirpitz"/>
			</object>
			<object name="Tir43788t">
				<integer name="Country" value="5"/>
				<float name="ER" value="500."/>
				<string name="Hull" value="Tirpitz_BulkHead"/>
				<string name="Name" value="Middle4_MRUpperDeck"/>
				<string name="TypHL" value="Hull"/>
				<string name="UnitName" value="Tirpitz"/>
			</object>
			<object name="Tir4379">
				<integer name="Country" value="5"/>
				<float name="ER" value="500."/>
				<string name="Hull" value="Tirpitz_RHBelt"/>
				<string name="Name" value="Middle4_RUpperBelt"/>
				<string name="TypHL" value="Hull"/>
				<string name="UnitName" value="Tirpitz"/>
			</object>
			<object name="Tir4380">
				<integer name="Country" value="5"/>
				<float name="ER" value="900."/>
				<string name="Hull" value="Tirpitz_RMBelt"/>
				<string name="Name" value="Middle4_RMainBelt"/>
				<string name="TypHL" value="Hull"/>
				<string name="UnitName" value="Tirpitz"/>
			</object>
			<object name="Tir4381">
				<integer name="Country" value="5"/>
				<float name="ER" value="900."/>
				<string name="Hull" value="Tirpitz_RLBelt"/>
				<string name="Name" value="Middle4_RLowerBelt"/>
				<string name="TypHL" value="Hull"/>
				<string name="UnitName" value="Tirpitz"/>
			</object>
			<object name="Tir4382">
				<integer name="Country" value="5"/>
				<float name="ER" value="1000."/>
				<string name="Hull" value="Tirpitz_RAMP"/>
				<string name="Name" value="Middle4_RAMP"/>
				<string name="TypHL" value="Hull"/>
				<string name="UnitName" value="Tirpitz"/>
			</object>
			<object name="Tir4383">
				<integer name="Country" value="5"/>
				<float name="ER" value="500."/>
				<string name="Hull" value="Tirpitz_Bottom"/>
				<string name="Name" value="Middle4_RBottom"/>
				<string name="TypHL" value="FuelTank"/>
				<string name="UnitName" value="Tirpitz"/>
			</object>
			<object name="Tir4384">
				<integer name="Country" value="5"/>
				<float name="ER" value="500."/>
				<string name="Hull" value="Tirpitz_LHBelt"/>
				<string name="Name" value="Middle4_LUpperBelt"/>
				<string name="TypHL" value="Hull"/>
				<string name="UnitName" value="Tirpitz"/>
			</object>
			<object name="Tir4385">
				<integer name="Country" value="5"/>
				<float name="ER" value="900."/>
				<string name="Hull" value="Tirpitz_LMBelt"/>
				<string name="Name" value="Middle4_LMainBelt"/>
				<string name="TypHL" value="Hull"/>
				<string name="UnitName" value="Tirpitz"/>
			</object>
			<object name="Tir4386">
				<integer name="Country" value="5"/>
				<float name="ER" value="900."/>
				<string name="Hull" value="Tirpitz_LLBelt"/>
				<string name="Name" value="Middle4_LLowerBelt"/>
				<string name="TypHL" value="Hull"/>
				<string name="UnitName" value="Tirpitz"/>
			</object>
			<object name="Tir4387">
				<integer name="Country" value="5"/>
				<float name="ER" value="1000."/>
				<string name="Hull" value="Tirpitz_LAMP"/>
				<string name="Name" value="Middle4_LAMP"/>
				<string name="TypHL" value="Hull"/>
				<string name="UnitName" value="Tirpitz"/>
			</object>
			<object name="Tir43871t">
				<integer name="Country" value="5"/>
				<float name="ER" value="500."/>
				<string name="Hull" value="Tirpitz_TurtleDeck"/>
				<string name="Name" value="Middle4_LTurtleDeck"/>
				<string name="TypHL" value="Hull"/>
				<string name="UnitName" value="Tirpitz"/>
			</object>
			<object name="Tir43872t">
				<integer name="Country" value="5"/>
				<float name="ER" value="500."/>
				<string name="Hull" value="Tirpitz_TurtleDeck"/>
				<string name="Name" value="Middle4_RTurtleDeck"/>
				<string name="TypHL" value="Hull"/>
				<string name="UnitName" value="Tirpitz"/>
			</object>
			<object name="Tir4388">
				<integer name="Country" value="5"/>
				<float name="ER" value="500."/>
				<string name="Hull" value="Tirpitz_Bottom"/>
				<string name="Name" value="Middle4_LBottom"/>
				<string name="TypHL" value="FuelTank"/>
				<string name="UnitName" value="Tirpitz"/>
			</object>
			<object name="Tir4390">
				<integer name="Country" value="5"/>
				<float name="ER" value="500."/>
				<string name="Hull" value="Tirpitz_MTOHull"/>
				<string name="Name" value="Middle5_EngineCover"/>
				<string name="TypHL" value="Hull"/>
				<string name="UnitName" value="Tirpitz"/>
			</object>
			<object name="Tir4391">
				<string name="ConnectName" value="Boiler2;Boiler5;"/>
				<integer name="Country" value="5"/>
				<float name="ER" value="300."/>
				<string name="Hull" value="Tirpitz_Engine"/>
				<string name="Name" value="Engine3"/>
				<string name="TypHL" value="Engine"/>
				<string name="UnitName" value="Tirpitz"/>
			</object>
			<object name="Tir4392">
				<integer name="Country" value="5"/>
				<float name="ER" value="500."/>
				<string name="Hull" value="Tirpitz_ABLowerDeck"/>
				<string name="Name" value="Middle5_RLowerDeck"/>
				<string name="TypHL" value="Hull"/>
				<string name="UnitName" value="Tirpitz"/>
			</object>
			<object name="Tir4393">
				<integer name="Country" value="5"/>
				<float name="ER" value="500."/>
				<string name="Hull" value="Tirpitz_ABLowerDeck"/>
				<string name="Name" value="Middle5_LLowerDeck"/>
				<string name="TypHL" value="Hull"/>
				<string name="UnitName" value="Tirpitz"/>
			</object>
			<object name="Tir4395">
				<integer name="Country" value="5"/>
				<float name="ER" value="500."/>
				<string name="Hull" value="Tirpitz_MiddleDeck"/>
				<string name="Name" value="Middle5_MiddleDeck"/>
				<string name="TypHL" value="Hull"/>
				<string name="UnitName" value="Tirpitz"/>
			</object>
			<object name="Tir4396">
				<integer name="Country" value="5"/>
				<float name="ER" value="500."/>
				<string name="Hull" value="Tirpitz_UpperDeck"/>
				<string name="Name" value="Middle5_UpperDeck"/>
				<string name="TypHL" value="Hull"/>
				<string name="UnitName" value="Tirpitz"/>
			</object>
			<object name="Tir4397">
				<integer name="Country" value="5"/>
				<float name="ER" value="500."/>
				<string name="Hull" value="Tirpitz_RHBelt"/>
				<string name="Name" value="Middle5_RUpperBelt"/>
				<string name="TypHL" value="Hull"/>
				<string name="UnitName" value="Tirpitz"/>
			</object>
			<object name="Tir4398">
				<integer name="Country" value="5"/>
				<float name="ER" value="900."/>
				<string name="Hull" value="Tirpitz_RMBelt"/>
				<string name="Name" value="Middle5_RMainBelt"/>
				<string name="TypHL" value="Hull"/>
				<string name="UnitName" value="Tirpitz"/>
			</object>
			<object name="Tir4399">
				<integer name="Country" value="5"/>
				<float name="ER" value="900."/>
				<string name="Hull" value="Tirpitz_RLBelt"/>
				<string name="Name" value="Middle5_RLowerBelt"/>
				<string name="TypHL" value="Hull"/>
				<string name="UnitName" value="Tirpitz"/>
			</object>
			<object name="Tir4400">
				<integer name="Country" value="5"/>
				<float name="ER" value="1000."/>
				<string name="Hull" value="Tirpitz_RAMP"/>
				<string name="Name" value="Middle5_RAMP"/>
				<string name="TypHL" value="Hull"/>
				<string name="UnitName" value="Tirpitz"/>
			</object>
			<object name="Tir4401">
				<integer name="Country" value="5"/>
				<float name="ER" value="900."/>
				<string name="Hull" value="Tirpitz_Bottom"/>
				<string name="Name" value="Middle5_RBottom"/>
				<string name="TypHL" value="FuelTank"/>
				<string name="UnitName" value="Tirpitz"/>
			</object>
			<object name="Tir4402">
				<integer name="Country" value="5"/>
				<float name="ER" value="500."/>
				<string name="Hull" value="Tirpitz_LHBelt"/>
				<string name="Name" value="Middle5_LUpperBelt"/>
				<string name="TypHL" value="Hull"/>
				<string name="UnitName" value="Tirpitz"/>
			</object>
			<object name="Tir4403">
				<integer name="Country" value="5"/>
				<float name="ER" value="900."/>
				<string name="Hull" value="Tirpitz_LMBelt"/>
				<string name="Name" value="Middle5_LMainBelt"/>
				<string name="TypHL" value="Hull"/>
				<string name="UnitName" value="Tirpitz"/>
			</object>
			<object name="Tir4404">
				<integer name="Country" value="5"/>
				<float name="ER" value="900."/>
				<string name="Hull" value="Tirpitz_LLBelt"/>
				<string name="Name" value="Middle5_LLowerBelt"/>
				<string name="TypHL" value="Hull"/>
				<string name="UnitName" value="Tirpitz"/>
			</object>
			<object name="Tir4405">
				<integer name="Country" value="5"/>
				<float name="ER" value="1000."/>
				<string name="Hull" value="Tirpitz_LAMP"/>
				<string name="Name" value="Middle5_LAMP"/>
				<string name="TypHL" value="Hull"/>
				<string name="UnitName" value="Tirpitz"/>
			</object>
			<object name="Tir44051t">
				<integer name="Country" value="5"/>
				<float name="ER" value="500."/>
				<string name="Hull" value="Tirpitz_TurtleDeck"/>
				<string name="Name" value="Middle5_LTurtleDeck"/>
				<string name="TypHL" value="Hull"/>
				<string name="UnitName" value="Tirpitz"/>
			</object>
			<object name="Tir44052t">
				<integer name="Country" value="5"/>
				<float name="ER" value="500."/>
				<string name="Hull" value="Tirpitz_TurtleDeck"/>
				<string name="Name" value="Middle5_RTurtleDeck"/>
				<string name="TypHL" value="Hull"/>
				<string name="UnitName" value="Tirpitz"/>
			</object>
			<object name="Tir4406">
				<integer name="Country" value="5"/>
				<float name="ER" value="900."/>
				<string name="Hull" value="Tirpitz_Bottom"/>
				<string name="Name" value="Middle5_LBottom"/>
				<string name="TypHL" value="FuelTank"/>
				<string name="UnitName" value="Tirpitz"/>
			</object>
			<object name="Tir4408">
				<integer name="Country" value="5"/>
				<float name="ER" value="500."/>
				<string name="Hull" value="Tirpitz_ASLowerDeck"/>
				<string name="Name" value="Stern1_LowerDeck"/>
				<string name="TypHL" value="Hull"/>
				<string name="UnitName" value="Tirpitz"/>
			</object>
			<object name="Tir4409">
				<integer name="Country" value="5"/>
				<float name="ER" value="500."/>
				<string name="Hull" value="Tirpitz_AmmoStore"/>
				<string name="Name" value="Stern_AmmoStore1"/>
				<float name="Param_1" value="0."/>
				<string name="TypHL" value="AmmoStore"/>
				<string name="UnitName" value="Tirpitz"/>
			</object>
			<object name="Tir4410">
				<integer name="Country" value="5"/>
				<float name="ER" value="500."/>
				<string name="Hull" value="Tirpitz_AmmoStore"/>
				<string name="Name" value="Stern_AmmoStore2"/>
				<float name="Param_1" value="0."/>
				<string name="TypHL" value="AmmoStore"/>
				<string name="UnitName" value="Tirpitz"/>
			</object>
			<object name="Tir4411">
				<integer name="Country" value="5"/>
				<float name="ER" value="500."/>
				<string name="Hull" value="Tirpitz_ArmorDeck"/>
				<string name="Name" value="Stern1_ArmorDeck"/>
				<string name="TypHL" value="Hull"/>
				<string name="UnitName" value="Tirpitz"/>
			</object>
			<object name="Tir44111t">
				<integer name="Country" value="5"/>
				<float name="ER" value="900."/>
				<string name="Hull" value="Tirpitz_ArmorDeck"/>
				<string name="Name" value="Stern1_LArmorDeck"/>
				<string name="TypHL" value="Hull"/>
				<string name="UnitName" value="Tirpitz"/>
			</object>
			<object name="Tir44112t">
				<integer name="Country" value="5"/>
				<float name="ER" value="900."/>
				<string name="Hull" value="Tirpitz_ArmorDeck"/>
				<string name="Name" value="Stern1_RArmorDeck"/>
				<string name="TypHL" value="Hull"/>
				<string name="UnitName" value="Tirpitz"/>
			</object>
			<object name="Tir4412">
				<integer name="Country" value="5"/>
				<float name="ER" value="500."/>
				<string name="Hull" value="Tirpitz_ASMiddleDeck"/>
				<string name="Name" value="Stern1_MiddleDeck"/>
				<string name="TypHL" value="Hull"/>
				<string name="UnitName" value="Tirpitz"/>
			</object>
			<object name="Tir4413">
				<integer name="Country" value="5"/>
				<float name="ER" value="500."/>
				<string name="Hull" value="Tirpitz_ASUpperDeck"/>
				<string name="Name" value="Stern1_UpperDeck"/>
				<string name="TypHL" value="Hull"/>
				<string name="UnitName" value="Tirpitz"/>
			</object>
			<object name="Tir4414">
				<integer name="Country" value="5"/>
				<float name="ER" value="500."/>
				<string name="Hull" value="Tirpitz_ASLHBelt"/>
				<string name="Name" value="Stern1_LUpperBelt"/>
				<string name="TypHL" value="Hull"/>
				<string name="UnitName" value="Tirpitz"/>
			</object>
			<object name="Tir4416">
				<integer name="Country" value="5"/>
				<float name="ER" value="600."/>
				<string name="Hull" value="Tirpitz_ASLMBelt"/>
				<string name="Name" value="Stern1_LMainBelt"/>
				<string name="TypHL" value="Hull"/>
				<string name="UnitName" value="Tirpitz"/>
			</object>
			<object name="Tir4417">
				<integer name="Country" value="5"/>
				<float name="ER" value="600."/>
				<string name="Hull" value="Tirpitz_ASLLBelt"/>
				<string name="Name" value="Stern1_LLowerBelt"/>
				<string name="TypHL" value="Hull"/>
				<string name="UnitName" value="Tirpitz"/>
			</object>
			<object name="Tir4418">
				<integer name="Country" value="5"/>
				<float name="ER" value="800."/>
				<string name="Hull" value="Tirpitz_LAMP"/>
				<string name="Name" value="Stern1_LAMP"/>
				<string name="TypHL" value="Hull"/>
				<string name="UnitName" value="Tirpitz"/>
			</object>
			<object name="Tir44181t">
				<integer name="Country" value="5"/>
				<float name="ER" value="500."/>
				<string name="Hull" value="Tirpitz_TurtleDeck"/>
				<string name="Name" value="Stern1_LTurtleDeck"/>
				<string name="TypHL" value="Hull"/>
				<string name="UnitName" value="Tirpitz"/>
			</object>
			<object name="Tir44182t">
				<integer name="Country" value="5"/>
				<float name="ER" value="500."/>
				<string name="Hull" value="Tirpitz_TurtleDeck"/>
				<string name="Name" value="Stern1_RTurtleDeck"/>
				<string name="TypHL" value="Hull"/>
				<string name="UnitName" value="Tirpitz"/>
			</object>
			<object name="Tir4419">
				<integer name="Country" value="5"/>
				<float name="ER" value="500."/>
				<string name="Hull" value="Tirpitz_ASRHBelt"/>
				<string name="Name" value="Stern1_RUpperBelt"/>
				<string name="TypHL" value="Hull"/>
				<string name="UnitName" value="Tirpitz"/>
			</object>
			<object name="Tir4420">
				<integer name="Country" value="5"/>
				<float name="ER" value="600."/>
				<string name="Hull" value="Tirpitz_ASRMBelt"/>
				<string name="Name" value="Stern1_RMainBelt"/>
				<string name="TypHL" value="Hull"/>
				<string name="UnitName" value="Tirpitz"/>
			</object>
			<object name="Tir4422">
				<integer name="Country" value="5"/>
				<float name="ER" value="600."/>
				<string name="Hull" value="Tirpitz_ASRLBelt"/>
				<string name="Name" value="Stern1_RLowerBelt"/>
				<string name="TypHL" value="Hull"/>
				<string name="UnitName" value="Tirpitz"/>
			</object>
			<object name="Tir4423">
				<integer name="Country" value="5"/>
				<float name="ER" value="800."/>
				<string name="Hull" value="Tirpitz_RAMP"/>
				<string name="Name" value="Stern1_RAMP"/>
				<string name="TypHL" value="Hull"/>
				<string name="UnitName" value="Tirpitz"/>
			</object>
			<object name="Tir4424">
				<integer name="Country" value="5"/>
				<float name="ER" value="800."/>
				<string name="Hull" value="Tirpitz_Barbet"/>
				<string name="Name" value="Barbet3"/>
				<string name="TypHL" value="Hull"/>
				<string name="UnitName" value="Tirpitz"/>
			</object>
			<object name="Tir4425">
				<integer name="Country" value="5"/>
				<float name="ER" value="800."/>
				<string name="Hull" value="Tirpitz_Barbet"/>
				<string name="Name" value="Barbet4"/>
				<string name="TypHL" value="Hull"/>
				<string name="UnitName" value="Tirpitz"/>
			</object>
			<object name="Tir4426">
				<string name="ConnectName" value="Engine3"/>
				<integer name="Country" value="5"/>
				<float name="ER" value="200."/>
				<string name="Hull" value="Std_Mover"/>
				<string name="Name" value="Mover3"/>
				<string name="TypHL" value="Mover"/>
				<string name="UnitName" value="Tirpitz"/>
			</object>
			<object name="Tir4427">
				<string name="ConnectName" value="Engine2"/>
				<integer name="Country" value="5"/>
				<float name="ER" value="200."/>
				<string name="Hull" value="Std_Mover"/>
				<string name="Name" value="Mover2"/>
				<string name="TypHL" value="Mover"/>
				<string name="UnitName" value="Tirpitz"/>
			</object>
			<object name="Tir4428">
				<string name="ConnectName" value="Engine1"/>
				<integer name="Country" value="5"/>
				<float name="ER" value="200."/>
				<string name="Hull" value="Std_Mover"/>
				<string name="Name" value="Mover1"/>
				<string name="TypHL" value="Mover"/>
				<string name="UnitName" value="Tirpitz"/>
			</object>
			<object name="Tir4429">
				<string name="ConnectName" value="Tiller;"/>
				<integer name="Country" value="5"/>
				<float name="ER" value="200."/>
				<string name="Hull" value="Std_Rudder"/>
				<string name="Name" value="Rudder1"/>
				<string name="TypHL" value="Rudder"/>
				<string name="UnitName" value="Tirpitz"/>
			</object>
			<object name="Tir4430">
				<string name="ConnectName" value="Tiller;"/>
				<integer name="Country" value="5"/>
				<float name="ER" value="200."/>
				<string name="Hull" value="Std_Rudder"/>
				<string name="Name" value="Rudder2"/>
				<string name="TypHL" value="Rudder"/>
				<string name="UnitName" value="Tirpitz"/>
			</object>
			<object name="Tir4431">
				<integer name="Country" value="5"/>
				<float name="ER" value="300."/>
				<string name="Hull" value="Std_Probe"/>
				<string name="Name" value="Stern_Probe_MG"/>
				<string name="TypHL" value="Probe"/>
				<string name="UnitName" value="Tirpitz"/>
			</object>
			<object name="Tir4432">
				<integer name="Country" value="5"/>
				<float name="ER" value="200."/>
				<string name="Hull" value="Std_Probe"/>
				<string name="Name" value="Probe_SG"/>
				<string name="TypHL" value="Probe"/>
				<string name="UnitName" value="Tirpitz"/>
			</object>
			<object name="Tir4433">
				<integer name="Country" value="5"/>
				<float name="ER" value="200."/>
				<string name="Hull" value="Std_Probe"/>
				<string name="Name" value="Probe_AA"/>
				<string name="TypHL" value="Probe"/>
				<string name="UnitName" value="Tirpitz"/>
			</object>
			<object name="Tir4434">
				<integer name="Country" value="5"/>
				<integer name="Crew" value="240"/>
				<float name="ER" value="500."/>
				<string name="Hull" value="Std_UpperHull"/>
				<string name="Name" value="Stern_MSuperstructure2"/>
				<string name="TypHL" value="Crew"/>
				<string name="UnitName" value="Tirpitz"/>
			</object>
			<object name="Tir4435">
				<integer name="Country" value="5"/>
				<integer name="Crew" value="240"/>
				<float name="ER" value="500."/>
				<string name="Hull" value="Std_UpperHull"/>
				<string name="Name" value="Stern_MSuperstructure1"/>
				<string name="TypHL" value="Crew"/>
				<string name="UnitName" value="Tirpitz"/>
			</object>
			<object name="Tir4436">
				<integer name="Country" value="5"/>
				<integer name="Crew" value="240"/>
				<float name="ER" value="500."/>
				<string name="Hull" value="Std_UpperHull"/>
				<string name="Name" value="Stern_MSuperstructure"/>
				<string name="TypHL" value="Crew"/>
				<string name="UnitName" value="Tirpitz"/>
			</object>
			<object name="Tir4437">
				<integer name="Country" value="5"/>
				<integer name="Crew" value="240"/>
				<float name="ER" value="700."/>
				<string name="Hull" value="Std_UpperHull"/>
				<string name="Name" value="Stern_LSuperstructure"/>
				<string name="TypHL" value="Crew"/>
				<string name="UnitName" value="Tirpitz"/>
			</object>
			<object name="Tir4438">
				<integer name="Country" value="5"/>
				<float name="ER" value="300."/>
				<string name="Hull" value="Std_Rudder"/>
				<string name="Name" value="SmokeStack"/>
				<string name="TypHL" value="Hull"/>
				<string name="UnitName" value="Tirpitz"/>
			</object>
			<object name="Tir4439">
				<integer name="Country" value="5"/>
				<integer name="Crew" value="240"/>
				<float name="ER" value="500."/>
				<string name="Hull" value="Std_UpperHull"/>
				<string name="Name" value="Bow_USuperstructure2"/>
				<string name="TypHL" value="Crew"/>
				<string name="UnitName" value="Tirpitz"/>
			</object>
			<object name="Tir4440">
				<integer name="Country" value="5"/>
				<integer name="Crew" value="240"/>
				<float name="ER" value="500."/>
				<string name="Hull" value="Std_UpperHull"/>
				<string name="Name" value="USuperstructure1"/>
				<string name="TypHL" value="Crew"/>
				<string name="UnitName" value="Tirpitz"/>
			</object>
			<object name="Tir4441">
				<integer name="Country" value="5"/>
				<float name="ER" value="100."/>
				<string name="Hull" value="Std_Probe"/>
				<string name="Name" value="Radio"/>
				<string name="TypHL" value="Probe"/>
				<string name="UnitName" value="Tirpitz"/>
			</object>
			<object name="Tir4442">
				<integer name="Country" value="5"/>
				<float name="ER" value="100."/>
				<string name="Hull" value="Std_Probe"/>
				<string name="Name" value="Radar"/>
				<string name="TypHL" value="Probe"/>
				<string name="UnitName" value="Tirpitz"/>
			</object>
			<object name="Tir4443">
				<integer name="Country" value="5"/>
				<float name="ER" value="1000."/>
				<string name="Hull" value="Tirpitz_BattleCabine"/>
				<string name="Name" value="BattleCabine"/>
				<string name="TypHL" value="Hull"/>
				<string name="UnitName" value="Tirpitz"/>
			</object>
			<object name="Tir4444">
				<integer name="Country" value="5"/>
				<integer name="Crew" value="240"/>
				<float name="ER" value="500."/>
				<string name="Hull" value="Std_UpperHull"/>
				<string name="Name" value="Bow_MSuperstructure3"/>
				<string name="TypHL" value="Crew"/>
				<string name="UnitName" value="Tirpitz"/>
			</object>
			<object name="Tir4445">
				<integer name="Country" value="5"/>
				<integer name="Crew" value="240"/>
				<float name="ER" value="500."/>
				<string name="Hull" value="Std_UpperHull"/>
				<string name="Name" value="Bow_MSuperstructure1"/>
				<string name="TypHL" value="Crew"/>
				<string name="UnitName" value="Tirpitz"/>
			</object>
			<object name="Tir4446">
				<integer name="Country" value="5"/>
				<integer name="Crew" value="240"/>
				<float name="ER" value="500."/>
				<string name="Hull" value="Std_UpperHull"/>
				<string name="Name" value="Bow_MSuperstructure2"/>
				<string name="TypHL" value="Crew"/>
				<string name="UnitName" value="Tirpitz"/>
			</object>
			<object name="Tir4447">
				<integer name="Country" value="5"/>
				<integer name="Crew" value="240"/>
				<float name="ER" value="700."/>
				<string name="Hull" value="Std_UpperHull"/>
				<string name="Name" value="Bow_LSuperstructure"/>
				<string name="TypHL" value="Crew"/>
				<string name="UnitName" value="Tirpitz"/>
			</object>
			<object name="Tir4448">
				<integer name="Country" value="5"/>
				<float name="ER" value="300."/>
				<string name="Hull" value="Std_Probe"/>
				<string name="Name" value="Bow_Probe_MG"/>
				<string name="TypHL" value="Probe"/>
				<string name="UnitName" value="Tirpitz"/>
			</object>
			<object name="Tir4449">
				<integer name="Country" value="5"/>
				<float name="ER" value="900."/>
				<string name="Hull" value="Tirpitz_Bottom"/>
				<string name="Name" value="Bow1_Bottom"/>
				<string name="TypHL" value="Hull"/>
				<string name="UnitName" value="Tirpitz"/>
			</object>
			<object name="Tir4450">
				<integer name="Country" value="5"/>
				<float name="ER" value="500."/>
				<string name="Hull" value="Tirpitz_AB1LowerDeck"/>
				<string name="Name" value="Bow1_LowerDeck"/>
				<string name="TypHL" value="Hull"/>
				<string name="UnitName" value="Tirpitz"/>
			</object>
			<object name="Tir4451">
				<integer name="Country" value="5"/>
				<float name="ER" value="200."/>
				<string name="Hull" value="Std_Probe"/>
				<string name="Name" value="Bow_Probe_Sonar"/>
				<string name="TypHL" value="Probe"/>
				<string name="UnitName" value="Tirpitz"/>
			</object>
			<object name="Tir4452">
				<integer name="Country" value="5"/>
				<float name="ER" value="500."/>
				<string name="Hull" value="Tirpitz_AB1MiddleDeck"/>
				<string name="Name" value="Bow1_MiddleDeck"/>
				<string name="TypHL" value="Hull"/>
				<string name="UnitName" value="Tirpitz"/>
			</object>
			<object name="Tir4453">
				<integer name="Country" value="5"/>
				<float name="ER" value="500."/>
				<string name="Hull" value="Tirpitz_AB1MiddleDeck2"/>
				<string name="Name" value="Bow1_MiddleDeck2"/>
				<string name="TypHL" value="Hull"/>
				<string name="UnitName" value="Tirpitz"/>
			</object>
			<object name="Tir4454">
				<integer name="Country" value="5"/>
				<float name="ER" value="500."/>
				<string name="Hull" value="Tirpitz_AB1UpperDeck"/>
				<string name="Name" value="Bow1_UpperDeck"/>
				<string name="TypHL" value="Hull"/>
				<string name="UnitName" value="Tirpitz"/>
			</object>
			<object name="Tir4455">
				<integer name="Country" value="5"/>
				<float name="ER" value="500."/>
				<string name="Hull" value="Tirpitz_AS2LowerDeck"/>
				<string name="Name" value="Stern2_LowerDeck"/>
				<string name="TypHL" value="Hull"/>
				<string name="UnitName" value="Tirpitz"/>
			</object>
			<object name="Tir4456">
				<integer name="Country" value="5"/>
				<float name="ER" value="400."/>
				<string name="Hull" value="Tirpitz_Tiller"/>
				<string name="Name" value="Tiller"/>
				<string name="TypHL" value="Hull"/>
				<string name="UnitName" value="Tirpitz"/>
			</object>
			<object name="Tir4457">
				<integer name="Country" value="5"/>
				<float name="ER" value="500."/>
				<string name="Hull" value="Tirpitz_AS2UpperDeck"/>
				<string name="Name" value="Stern2_UpperDeck"/>
				<string name="TypHL" value="Hull"/>
				<string name="UnitName" value="Tirpitz"/>
			</object>
		</object>
		<object name="Hulls">
			<object name="Tirpitz_AB1LowerDeck">
				<integer name="Back" value="320"/>
				<integer name="Bottom" value="45"/>
				<integer name="Country" value="5"/>
				<float name="ExplProb" value="0."/>
				<float name="FireProb" value="0."/>
				<integer name="Front" value="60"/>
				<integer name="Left" value="60"/>
				<string name="Material" value="Wh"/>
				<integer name="Right" value="60"/>
				<integer name="Top" value="20"/>
				<integer name="UnitName" value="0"/>
				<string name="UnitTyp" value="Ship"/>
			</object>
			<object name="Tirpitz_AB1MiddleDeck">
				<integer name="Back" value="320"/>
				<integer name="Bottom" value="45"/>
				<integer name="Country" value="5"/>
				<float name="ExplProb" value="0."/>
				<float name="FireProb" value="0."/>
				<integer name="Front" value="60"/>
				<integer name="Left" value="60"/>
				<string name="Material" value="Wh"/>
				<integer name="Right" value="60"/>
				<integer name="Top" value="20"/>
				<integer name="UnitName" value="0"/>
				<string name="UnitTyp" value="Ship"/>
			</object>
			<object name="Tirpitz_AB1MiddleDeck2">
				<integer name="Back" value="220"/>
				<integer name="Bottom" value="20"/>
				<integer name="Country" value="5"/>
				<float name="ExplProb" value="0."/>
				<float name="FireProb" value="0."/>
				<integer name="Front" value="20"/>
				<integer name="Left" value="20"/>
				<string name="Material" value="Wh"/>
				<integer name="Right" value="20"/>
				<integer name="Top" value="20"/>
				<integer name="UnitName" value="0"/>
				<string name="UnitTyp" value="Ship"/>
			</object>
			<object name="Tirpitz_AB1UpperDeck">
				<integer name="Back" value="145"/>
				<integer name="Bottom" value="20"/>
				<integer name="Country" value="5"/>
				<float name="ExplProb" value="0."/>
				<float name="FireProb" value="0."/>
				<integer name="Front" value="20"/>
				<integer name="Left" value="20"/>
				<string name="Material" value="Wh"/>
				<integer name="Right" value="20"/>
				<integer name="Top" value="50"/>
				<integer name="UnitName" value="0"/>
				<string name="UnitTyp" value="Ship"/>
			</object>
			<object name="Tirpitz_ABLHBelt">
				<integer name="Back" value="1"/>
				<integer name="Bottom" value="1"/>
				<integer name="Country" value="5"/>
				<float name="ExplProb" value="0."/>
				<float name="FireProb" value="0."/>
				<integer name="Front" value="145"/>
				<integer name="Left" value="145"/>
				<string name="Material" value="KCn/A"/>
				<integer name="Right" value="30"/>
				<integer name="Top" value="145"/>
				<integer name="UnitName" value="0"/>
				<string name="UnitTyp" value="Ship"/>
			</object>
			<object name="Tirpitz_ABLLBelt">
				<integer name="Back" value="170"/>
				<integer name="Bottom" value="45"/>
				<integer name="Country" value="5"/>
				<float name="ExplProb" value="0."/>
				<float name="FireProb" value="0."/>
				<integer name="Front" value="170"/>
				<integer name="Left" value="170"/>
				<string name="Material" value="KCn/A"/>
				<integer name="Right" value="45"/>
				<integer name="Top" value="170"/>
				<integer name="UnitName" value="0"/>
				<string name="UnitTyp" value="Ship"/>
			</object>
			<object name="Tirpitz_ABLMBelt">
				<integer name="Back" value="1"/>
				<integer name="Bottom" value="1"/>
				<integer name="Country" value="5"/>
				<float name="ExplProb" value="0."/>
				<float name="FireProb" value="0."/>
				<integer name="Front" value="320"/>
				<integer name="Left" value="320"/>
				<string name="Material" value="KCn/A"/>
				<integer name="Right" value="30"/>
				<integer name="Top" value="320"/>
				<integer name="UnitName" value="0"/>
				<string name="UnitTyp" value="Ship"/>
			</object>
			<object name="Tirpitz_ABLowerDeck">
				<integer name="Back" value="40"/>
				<integer name="Bottom" value="40"/>
				<integer name="Country" value="5"/>
				<float name="ExplProb" value="0."/>
				<float name="FireProb" value="0."/>
				<integer name="Front" value="60"/>
				<integer name="Left" value="40"/>
				<string name="Material" value="Wh"/>
				<integer name="Right" value="40"/>
				<integer name="Top" value="20"/>
				<integer name="UnitName" value="0"/>
				<string name="UnitTyp" value="Ship"/>
			</object>
			<object name="Tirpitz_ABMiddleDeck">
				<integer name="Back" value="30"/>
				<integer name="Bottom" value="1"/>
				<integer name="Country" value="5"/>
				<float name="ExplProb" value="0."/>
				<float name="FireProb" value="0."/>
				<integer name="Front" value="220"/>
				<integer name="Left" value="30"/>
				<string name="Material" value="Wh"/>
				<integer name="Right" value="30"/>
				<integer name="Top" value="20"/>
				<integer name="UnitName" value="0"/>
				<string name="UnitTyp" value="Ship"/>
			</object>
			<object name="Tirpitz_ABRHBelt">
				<integer name="Back" value="1"/>
				<integer name="Bottom" value="1"/>
				<integer name="Country" value="5"/>
				<float name="ExplProb" value="0."/>
				<float name="FireProb" value="0."/>
				<integer name="Front" value="145"/>
				<integer name="Left" value="30"/>
				<string name="Material" value="KCn/A"/>
				<integer name="Right" value="145"/>
				<integer name="Top" value="145"/>
				<integer name="UnitName" value="0"/>
				<string name="UnitTyp" value="Ship"/>
			</object>
			<object name="Tirpitz_ABRLBelt">
				<integer name="Back" value="170"/>
				<integer name="Bottom" value="45"/>
				<integer name="Country" value="5"/>
				<float name="ExplProb" value="0."/>
				<float name="FireProb" value="0."/>
				<integer name="Front" value="170"/>
				<integer name="Left" value="45"/>
				<string name="Material" value="KCn/A"/>
				<integer name="Right" value="170"/>
				<integer name="Top" value="170"/>
				<integer name="UnitName" value="0"/>
				<string name="UnitTyp" value="Ship"/>
			</object>
			<object name="Tirpitz_ABRMBelt">
				<integer name="Back" value="1"/>
				<integer name="Bottom" value="1"/>
				<integer name="Country" value="5"/>
				<float name="ExplProb" value="0."/>
				<float name="FireProb" value="0."/>
				<integer name="Front" value="320"/>
				<integer name="Left" value="30"/>
				<string name="Material" value="KCn/A"/>
				<integer name="Right" value="320"/>
				<integer name="Top" value="320"/>
				<integer name="UnitName" value="0"/>
				<string name="UnitTyp" value="Ship"/>
			</object>
			<object name="Tirpitz_ABUpperDeck">
				<integer name="Back" value="1"/>
				<integer name="Bottom" value="1"/>
				<integer name="Country" value="5"/>
				<float name="ExplProb" value="0."/>
				<float name="FireProb" value="0."/>
				<integer name="Front" value="145"/>
				<integer name="Left" value="30"/>
				<string name="Material" value="Wh"/>
				<integer name="Right" value="30"/>
				<integer name="Top" value="80"/>
				<integer name="UnitName" value="0"/>
				<string name="UnitTyp" value="Ship"/>
			</object>
			<object name="Tirpitz_AmmoMiddleDeck">
				<integer name="Back" value="1"/>
				<integer name="Bottom" value="1"/>
				<integer name="Country" value="5"/>
				<float name="ExplProb" value="0."/>
				<float name="FireProb" value="0."/>
				<integer name="Front" value="1"/>
				<integer name="Left" value="45"/>
				<string name="Material" value="Wh"/>
				<integer name="Right" value="45"/>
				<integer name="Top" value="100"/>
				<integer name="UnitName" value="0"/>
				<string name="UnitTyp" value="Ship"/>
			</object>
			<object name="Tirpitz_AmmoStore">
				<integer name="Back" value="30"/>
				<integer name="Bottom" value="40"/>
				<integer name="Country" value="5"/>
				<float name="ExplProb" value="0."/>
				<float name="FireProb" value="0."/>
				<integer name="Front" value="30"/>
				<integer name="Left" value="30"/>
				<string name="Material" value="Wh"/>
				<integer name="Right" value="30"/>
				<integer name="Top" value="40"/>
				<integer name="UnitName" value="0"/>
				<string name="UnitTyp" value="Ship"/>
			</object>
			<object name="Tirpitz_ArmorDeck">
				<integer name="Back" value="320"/>
				<integer name="Bottom" value="1"/>
				<integer name="Country" value="5"/>
				<float name="ExplProb" value="0."/>
				<float name="FireProb" value="0."/>
				<integer name="Front" value="320"/>
				<integer name="Left" value="45"/>
				<string name="Material" value="Wh"/>
				<integer name="Right" value="45"/>
				<integer name="Top" value="100"/>
				<integer name="UnitName" value="0"/>
				<string name="UnitTyp" value="Ship"/>
			</object>
			<object name="Tirpitz_AS2LowerDeck">
				<integer name="Back" value="150"/>
				<integer name="Bottom" value="45"/>
				<integer name="Country" value="5"/>
				<float name="ExplProb" value="0."/>
				<float name="FireProb" value="0."/>
				<integer name="Front" value="220"/>
				<integer name="Left" value="80"/>
				<string name="Material" value="Wh"/>
				<integer name="Right" value="80"/>
				<integer name="Top" value="110"/>
				<integer name="UnitName" value="0"/>
				<string name="UnitTyp" value="Ship"/>
			</object>
			<object name="Tirpitz_AS2UpperDeck">
				<integer name="Back" value="45"/>
				<integer name="Bottom" value="45"/>
				<integer name="Country" value="5"/>
				<float name="ExplProb" value="0."/>
				<float name="FireProb" value="0."/>
				<integer name="Front" value="220"/>
				<integer name="Left" value="80"/>
				<string name="Material" value="Wh"/>
				<integer name="Right" value="80"/>
				<integer name="Top" value="50"/>
				<integer name="UnitName" value="0"/>
				<string name="UnitTyp" value="Ship"/>
			</object>
			<object name="Tirpitz_ASLHBelt">
				<integer name="Back" value="1"/>
				<integer name="Bottom" value="1"/>
				<integer name="Country" value="5"/>
				<float name="ExplProb" value="0."/>
				<float name="FireProb" value="0."/>
				<integer name="Front" value="1"/>
				<integer name="Left" value="145"/>
				<string name="Material" value="KCn/A"/>
				<integer name="Right" value="30"/>
				<integer name="Top" value="145"/>
				<integer name="UnitName" value="0"/>
				<string name="UnitTyp" value="Ship"/>
			</object>
			<object name="Tirpitz_ASLLBelt">
				<integer name="Back" value="1"/>
				<integer name="Bottom" value="1"/>
				<integer name="Country" value="5"/>
				<float name="ExplProb" value="0."/>
				<float name="FireProb" value="0."/>
				<integer name="Front" value="1"/>
				<integer name="Left" value="170"/>
				<string name="Material" value="KCn/A"/>
				<integer name="Right" value="45"/>
				<integer name="Top" value="170"/>
				<integer name="UnitName" value="0"/>
				<string name="UnitTyp" value="Ship"/>
			</object>
			<object name="Tirpitz_ASLMBelt">
				<integer name="Back" value="1"/>
				<integer name="Bottom" value="1"/>
				<integer name="Country" value="5"/>
				<float name="ExplProb" value="0."/>
				<float name="FireProb" value="0."/>
				<integer name="Front" value="1"/>
				<integer name="Left" value="320"/>
				<string name="Material" value="KCn/A"/>
				<integer name="Right" value="30"/>
				<integer name="Top" value="320"/>
				<integer name="UnitName" value="0"/>
				<string name="UnitTyp" value="Ship"/>
			</object>
			<object name="Tirpitz_ASLowerDeck">
				<integer name="Back" value="320"/>
				<integer name="Bottom" value="40"/>
				<integer name="Country" value="5"/>
				<float name="ExplProb" value="0."/>
				<float name="FireProb" value="0."/>
				<integer name="Front" value="1"/>
				<integer name="Left" value="40"/>
				<string name="Material" value="Wh"/>
				<integer name="Right" value="40"/>
				<integer name="Top" value="40"/>
				<integer name="UnitName" value="0"/>
				<string name="UnitTyp" value="Ship"/>
			</object>
			<object name="Tirpitz_ASMiddleDeck">
				<integer name="Back" value="220"/>
				<integer name="Bottom" value="1"/>
				<integer name="Country" value="5"/>
				<float name="ExplProb" value="0."/>
				<float name="FireProb" value="0."/>
				<integer name="Front" value="1"/>
				<integer name="Left" value="30"/>
				<string name="Material" value="ST52"/>
				<integer name="Right" value="30"/>
				<integer name="Top" value="20"/>
				<integer name="UnitName" value="0"/>
				<string name="UnitTyp" value="Ship"/>
			</object>
			<object name="Tirpitz_ASRHBelt">
				<integer name="Back" value="1"/>
				<integer name="Bottom" value="1"/>
				<integer name="Country" value="5"/>
				<float name="ExplProb" value="0."/>
				<float name="FireProb" value="0."/>
				<integer name="Front" value="1"/>
				<integer name="Left" value="30"/>
				<string name="Material" value="KCn/A"/>
				<integer name="Right" value="145"/>
				<integer name="Top" value="145"/>
				<integer name="UnitName" value="0"/>
				<string name="UnitTyp" value="Ship"/>
			</object>
			<object name="Tirpitz_ASRLBelt">
				<integer name="Back" value="1"/>
				<integer name="Bottom" value="1"/>
				<integer name="Country" value="5"/>
				<float name="ExplProb" value="0."/>
				<float name="FireProb" value="0."/>
				<integer name="Front" value="1"/>
				<integer name="Left" value="45"/>
				<string name="Material" value="KCn/A"/>
				<integer name="Right" value="170"/>
				<integer name="Top" value="145"/>
				<integer name="UnitName" value="0"/>
				<string name="UnitTyp" value="Ship"/>
			</object>
			<object name="Tirpitz_ASRMBelt">
				<integer name="Back" value="1"/>
				<integer name="Bottom" value="1"/>
				<integer name="Country" value="5"/>
				<float name="ExplProb" value="0."/>
				<float name="FireProb" value="0."/>
				<integer name="Front" value="1"/>
				<integer name="Left" value="30"/>
				<string name="Material" value="KCn/A"/>
				<integer name="Right" value="320"/>
				<integer name="Top" value="320"/>
				<integer name="UnitName" value="0"/>
				<string name="UnitTyp" value="Ship"/>
			</object>
			<object name="Tirpitz_ASUpperDeck">
				<integer name="Back" value="145"/>
				<integer name="Bottom" value="1"/>
				<integer name="Country" value="5"/>
				<float name="ExplProb" value="0."/>
				<float name="FireProb" value="0."/>
				<integer name="Front" value="1"/>
				<integer name="Left" value="30"/>
				<string name="Material" value="Wh"/>
				<integer name="Right" value="30"/>
				<integer name="Top" value="80"/>
				<integer name="UnitName" value="0"/>
				<string name="UnitTyp" value="Ship"/>
			</object>
			<object name="Tirpitz_Barbet">
				<integer name="Back" value="340"/>
				<integer name="Bottom" value="70"/>
				<integer name="Country" value="5"/>
				<float name="ExplProb" value="0."/>
				<float name="FireProb" value="0."/>
				<integer name="Front" value="340"/>
				<integer name="Left" value="340"/>
				<string name="Material" value="KCn/A"/>
				<integer name="Right" value="340"/>
				<integer name="Top" value="340"/>
				<integer name="UnitName" value="0"/>
				<string name="UnitTyp" value="Ship"/>
			</object> 
			<object name="Tirpitz_BattleCabine">
				<integer name="Back" value="200"/>
				<integer name="Bottom" value="52"/>
				<integer name="Country" value="5"/>
				<float name="ExplProb" value="0."/>
				<float name="FireProb" value="0."/>
				<integer name="Front" value="350"/>
				<integer name="Left" value="220"/>
				<string name="Material" value="KCn/A"/>
				<integer name="Right" value="220"/>
				<integer name="Top" value="100"/>
				<integer name="UnitName" value="0"/>
				<string name="UnitTyp" value="Ship"/>
			</object>	  
			<object name="Tirpitz_Boiler">
				<integer name="Back" value="45"/>
				<integer name="Bottom" value="20"/>
				<integer name="Country" value="5"/>
				<float name="ExplProb" value="60."/>
				<float name="FireProb" value="30."/>
				<integer name="Front" value="40"/>
				<integer name="Left" value="45"/>
				<string name="Material" value="Ww"/>
				<integer name="Right" value="45"/>
				<integer name="Top" value="20"/>
				<integer name="UnitName" value="0"/>
				<string name="UnitTyp" value="Ship"/>
			</object>
			<object name="Tirpitz_BoilerHull">
				<integer name="Back" value="10"/>
				<integer name="Bottom" value="10"/>
				<integer name="Country" value="5"/>
				<float name="ExplProb" value="0."/>
				<float name="FireProb" value="40."/>
				<integer name="Front" value="10"/>
				<integer name="Left" value="10"/>
				<string name="Material" value="Steel"/>
				<integer name="Right" value="10"/>
				<integer name="Top" value="10"/>
				<integer name="UnitName" value="0"/>
				<string name="UnitTyp" value="Ship"/>
			</object>	  
			<object name="Tirpitz_Bottom">
				<integer name="Back" value="60"/>
				<integer name="Bottom" value="45"/>
				<integer name="Country" value="5"/>
				<float name="ExplProb" value="0."/>
				<float name="FireProb" value="0."/>
				<integer name="Front" value="80"/>
				<integer name="Left" value="45"/>
				<string name="Material" value="Ww"/>
				<integer name="Right" value="45"/>
				<integer name="Top" value="3"/>
				<integer name="UnitName" value="0"/>
				<string name="UnitTyp" value="Ship"/>
			</object>
			<object name="Tirpitz_BulkHead">
				<integer name="Back" value="30"/>
				<integer name="Bottom" value="1"/>
				<integer name="Country" value="5"/>
				<float name="ExplProb" value="0."/>
				<float name="FireProb" value="0."/>
				<integer name="Front" value="30"/>
				<integer name="Left" value="30"/>
				<string name="Material" value="Wh"/>
				<integer name="Right" value="30"/>
				<integer name="Top" value="20"/>
				<integer name="UnitName" value="0"/>
				<string name="UnitTyp" value="Ship"/>
			</object>
			<object name="Tirpitz_Engine">
				<integer name="Back" value="40"/>
				<integer name="Bottom" value="40"/>
				<integer name="Country" value="5"/>
				<float name="ExplProb" value="0."/>
				<float name="FireProb" value="30."/>
				<integer name="Front" value="40"/>
				<integer name="Left" value="40"/>
				<string name="Material" value="Ww"/>
				<integer name="Right" value="40"/>
				<integer name="Top" value="40"/>
				<integer name="UnitName" value="0"/>
				<string name="UnitTyp" value="Ship"/>
			</object>
			<object name="Tirpitz_LAMP">
				<integer name="Back" value="22"/>
				<integer name="Bottom" value="22"/>
				<integer name="Country" value="5"/>
				<float name="ExplProb" value="0."/>
				<float name="FireProb" value="0."/>
				<integer name="Front" value="22"/>
				<integer name="Left" value="22"/>
				<string name="Material" value="Ww"/>
				<integer name="Right" value="22"/>
				<integer name="Top" value="22"/>
				<integer name="UnitName" value="0"/>
				<string name="UnitTyp" value="Ship"/>
			</object>
			<object name="Tirpitz_LHBelt">
				<integer name="Back" value="1"/>
				<integer name="Bottom" value="1"/>
				<integer name="Country" value="5"/>
				<float name="ExplProb" value="0."/>
				<float name="FireProb" value="0."/>
				<integer name="Front" value="1"/>
				<integer name="Left" value="145"/>
				<string name="Material" value="KCn/A"/>
				<integer name="Right" value="145"/>
				<integer name="Top" value="145"/>
				<integer name="UnitName" value="0"/>
				<string name="UnitTyp" value="Ship"/>
			</object>
			<object name="Tirpitz_LLBelt">
				<integer name="Back" value="1"/>
				<integer name="Bottom" value="1"/>
				<integer name="Country" value="5"/>
				<float name="ExplProb" value="0."/>
				<float name="FireProb" value="0."/>
				<integer name="Front" value="1"/>
				<integer name="Left" value="260"/>
				<string name="Material" value="KCn/A"/>
				<integer name="Right" value="45"/>
				<integer name="Top" value="260"/>
				<integer name="UnitName" value="0"/>
				<string name="UnitTyp" value="Ship"/>
			</object>
			<object name="Tirpitz_LMBelt">
				<integer name="Back" value="1"/>
				<integer name="Bottom" value="1"/>
				<integer name="Country" value="5"/>
				<float name="ExplProb" value="0."/>
				<float name="FireProb" value="0."/>
				<integer name="Front" value="1"/>
				<integer name="Left" value="320"/>
				<string name="Material" value="KCn/A"/>
				<integer name="Right" value="30"/>
				<integer name="Top" value="320"/>
				<integer name="UnitName" value="0"/>
				<string name="UnitTyp" value="Ship"/>
			</object>
			<object name="Tirpitz_MiddleDeck">
				<integer name="Back" value="1"/>
				<integer name="Bottom" value="1"/>
				<integer name="Country" value="5"/>
				<float name="ExplProb" value="0."/>
				<float name="FireProb" value="0."/>
				<integer name="Front" value="1"/>
				<integer name="Left" value="45"/>
				<string name="Material" value="Wh"/>
				<integer name="Right" value="45"/>
				<integer name="Top" value="80"/>
				<integer name="UnitName" value="0"/>
				<string name="UnitTyp" value="Ship"/>
			</object>
			<object name="Tirpitz_MTOHull">
				<integer name="Back" value="45"/>
				<integer name="Bottom" value="45"/>
				<integer name="Country" value="5"/>
				<float name="ExplProb" value="0."/>
				<float name="FireProb" value="20."/>
				<integer name="Front" value="45"/>
				<integer name="Left" value="45"/>
				<string name="Material" value="Wh"/>
				<integer name="Right" value="45"/>
				<integer name="Top" value="100"/>
				<integer name="UnitName" value="0"/>
				<string name="UnitTyp" value="Ship"/>
			</object>
			<object name="Tirpitz_RAMP">
				<integer name="Back" value="22"/>
				<integer name="Bottom" value="22"/>
				<integer name="Country" value="5"/>
				<float name="ExplProb" value="0."/>
				<float name="FireProb" value="0."/>
				<integer name="Front" value="22"/>
				<integer name="Left" value="22"/>
				<string name="Material" value="Ww"/>
				<integer name="Right" value="22"/>
				<integer name="Top" value="22"/>
				<integer name="UnitName" value="0"/>
				<string name="UnitTyp" value="Ship"/>
			</object>
			<object name="Tirpitz_RHBelt">
				<integer name="Back" value="1"/>
				<integer name="Bottom" value="1"/>
				<integer name="Country" value="5"/>
				<float name="ExplProb" value="0."/>
				<float name="FireProb" value="0."/>
				<integer name="Front" value="1"/>
				<integer name="Left" value="145"/>
				<string name="Material" value="KCn/A"/>
				<integer name="Right" value="145"/>
				<integer name="Top" value="145"/>
				<integer name="UnitName" value="0"/>
				<string name="UnitTyp" value="Ship"/>
			</object>
			<object name="Tirpitz_RLBelt">
				<integer name="Back" value="1"/>
				<integer name="Bottom" value="45"/>
				<integer name="Country" value="5"/>
				<float name="ExplProb" value="0."/>
				<float name="FireProb" value="0."/>
				<integer name="Front" value="1"/>
				<integer name="Left" value="45"/>
				<string name="Material" value="KCn/A"/>
				<integer name="Right" value="260"/>
				<integer name="Top" value="260"/>
				<integer name="UnitName" value="0"/>
				<string name="UnitTyp" value="Ship"/>
			</object>
			<object name="Tirpitz_RMBelt">
				<integer name="Back" value="1"/>
				<integer name="Bottom" value="1"/>
				<integer name="Country" value="5"/>
				<float name="ExplProb" value="0."/>
				<float name="FireProb" value="0."/>
				<integer name="Front" value="1"/>
				<integer name="Left" value="30"/>
				<string name="Material" value="KCn/A"/>
				<integer name="Right" value="320"/>
				<integer name="Top" value="320"/>
				<integer name="UnitName" value="0"/>
				<string name="UnitTyp" value="Ship"/>
			</object>
			<object name="Tirpitz_Shell">
				<integer name="Back" value="320"/>
				<integer name="Bottom" value="320"/>
				<integer name="Country" value="5"/>
				<float name="ExplProb" value="0."/>
				<float name="FireProb" value="0."/>
				<integer name="Front" value="320"/>
				<integer name="Left" value="320"/>
				<string name="Material" value="KCn/A"/>
				<integer name="Right" value="320"/>
				<integer name="Top" value="100"/>
				<integer name="UnitName" value="0"/>
				<string name="UnitTyp" value="Ship"/>
			</object>
			<object name="Tirpitz_Tiller">
				<integer name="Back" value="110"/>
				<integer name="Bottom" value="150"/>
				<integer name="Country" value="5"/>
				<float name="ExplProb" value="0."/>
				<float name="FireProb" value="0."/>
				<integer name="Front" value="110"/>
				<integer name="Left" value="110"/>
				<string name="Material" value="Wh"/>
				<integer name="Right" value="110"/>
				<integer name="Top" value="110"/>
				<integer name="UnitName" value="0"/>
				<string name="UnitTyp" value="Ship"/>
			</object>
			<object name="Tirpitz_TurtleDeck">
				<integer name="Back" value="1"/>
				<integer name="Bottom" value="1"/>
				<integer name="Country" value="5"/>
				<float name="ExplProb" value="0."/>
				<float name="FireProb" value="0."/>
				<integer name="Front" value="1"/>
				<integer name="Left" value="45"/>
				<string name="Material" value="Wh"/>
				<integer name="Right" value="45"/>
				<integer name="Top" value="120"/>
				<integer name="UnitName" value="0"/>
				<string name="UnitTyp" value="Ship"/>
			</object>
			<object name="Tirpitz_UpperDeck">
				<integer name="Back" value="30"/>
				<integer name="Bottom" value="1"/>
				<integer name="Country" value="5"/>
				<float name="ExplProb" value="0."/>
				<float name="FireProb" value="0."/>
				<integer name="Front" value="30"/>
				<integer name="Left" value="30"/>
				<string name="Material" value="Wh"/>
				<integer name="Right" value="30"/>
				<integer name="Top" value="50"/>
				<integer name="UnitName" value="0"/>
				<string name="UnitTyp" value="Ship"/>
			</object>
		</object> 
		<object name="Ships">
			<object name="Tirpitz">
				<float name="AccelRate" value="1.e-004"/>
				<string name="Airgroup" value="Scout_ShipWater_Battleship_Battalion_germany"/>
				<integer name="AirplanesCount" value="4"/>
				<string name="AmmoLoadingTemplate" value="Ammo 900"/>
				<boolean name="BoatsTransportationAbility" value="false"/>
				<integer name="CabinArmor" value="533"/>
				<boolean name="CanBeChanged" value="true"/>
				<boolean name="CanUseTorpedos" value="true"/>
				<string name="CatapultAirgroupDefaultUnit" value="Ar196"/>
				<integer name="Country" value="5"/>
				<integer name="Crew" value="2340"/>
				<float name="CriticalCareen" value="37."/>
				<float name="CriticalDFT" value="4.8"/>
				<float name="CriticalDifferent" value="5."/>
				<float name="DisplacementMax" value="45000."/>
				<float name="DTimeProd" value="160."/>
				<float name="EPR" value="630."/>
				<float name="FireRisk" value="1667."/>
				<float name="Fuel" value="7400."/>
				<float name="HLShapeCoef" value="0.5"/>
				<integer name="HullArmorSide" value="320"/>
				<integer name="HullArmorTop" value="265"/>
				<float name="Iron" value="45000."/>
				<integer name="Length" value="270"/>
				<float name="MaxSpeed" value="30.8"/>
				<integer name="MinCrew" value="960"/>
				<float name="Money" value="42000."/>
				<string name="Name" value="Tirpitz"/>
				<boolean name="New" value="true"/>
				<float name="NTimeProd" value="400."/>
				<integer name="Nuc_Dest_Prob" value="300"/>
				<integer name="Passengers" value="70"/>
				<boolean name="PlanesTransportationAbility" value="false"/>
				<float name="Range" value="15788."/>
				<integer name="Rank" value="2"/>
				<string name="SMU" value="Tirpitz"/>
				<float name="Speed" value="19."/>
				<float name="StoreCapacity" value="3600."/>
				<boolean name="Transportable" value="false"/>
				<float name="TurnRate" value="1.4e-003"/>
				<integer name="Type" value="1"/>
				<float name="Vitality" value="8400."/>
				<float name="VitalityAA" value="3500."/>
				<float name="Weight" value="45000."/>
				<integer name="Width" value="33"/>
				<integer name="Year" value="39"/>
			</object>
		</object>
		<object name="ShipsNames">
			<object name="Tirpitz">
				<string name="1" value="Tirpitz1"/>
			</object>
		</object>
		<object name="UnitsByType">
			<object name="1">
				<object name="Tirpitz">
					<string name="ChildTable" value="Ships"/>
				</object>
			</object>
		</object>
	</object>
</root>
