﻿<?xml version="1.0" standalone="yes" ?>
<root>
	<object name="Modifications">
		<object name="Ships">
			<object name="Tirpitz">
				<object name="Prototype">
					<string name="AAGunControl" value="Mark1R_AA"/>
					<float name="AAVolleyWeight" value="5.87343788"/>
					<float name="Aluminium" value="0."/>
					<float name="AmmoWeight" value="1052.06995"/>
					<float name="Armour" value="0."/>
					<float name="FuelConsumption" value="15.3555784"/>
					<float name="FuelProtect" value="0."/>
					<string name="FullModName" value="Ships.Tirpitz.Prototype"/>
					<float name="Iron" value="50194.3047"/>
					<boolean name="IsAvailable" value="true"/>
					<boolean name="IsJammer" value="false"/>
					<string name="MainGunControl" value="Mk_8R_M"/>
					<float name="MaxFuel" value="7400."/>
					<float name="MaxSpeed" value="30.7999992"/>
					<float name="MinSpeed" value="0."/>
					<float name="Money" value="67320."/>
					<widestring name="Name" value="UwBjAGgAbABhAGMAaAB0AHMAYwBoAGkAZgBmACAAVABpAHIAcABpAHQAegA="/>
					<float name="RadarRange" value="0."/>
					<float name="RadioGain" value="32258.0645"/>
					<float name="RadioPowerHF" value="100."/>
					<float name="RadioPowerVHF" value="0."/>
					<float name="RadioSensitivityHF" value="3.10000009e-003"/>
					<float name="RadioSensitivityVHF" value="0."/>
					<object name="Slots">
						<object name="TPort_0">
							<string name="Device" value="Vint_Bismark"/>
							<string name="Table" value="Turrets"/>
						</object>
						<object name="TPort_1">
							<string name="Device" value="Vint_Bismark"/>
							<string name="Table" value="Turrets"/>
						</object>					
						<object name="TPort_10">
							<string name="Device" value="Tirpitz_FLAK1_105mm_SK_C33_Turret"/>
							<string name="Table" value="Turrets"/>
						</object>
						<object name="TPort_11">
							<string name="Device" value="Tirpitz_FLAK2_105mm_SK_C37_Turret"/>
							<string name="Table" value="Turrets"/>
						</object>
						<object name="TPort_12">
							<string name="Device" value="Tirpitz_FLAK2_105mm_SK_C37_Turret"/>
							<string name="Table" value="Turrets"/>
						</object>
						<object name="TPort_13">
							<string name="Device" value="Tirpitz_FLAK2_105mm_SK_C37_Turret"/>
							<string name="Table" value="Turrets"/>
						</object>
						<object name="TPort_14">
							<string name="Device" value="Tirpitz_FLAK2_105mm_SK_C37_Turret"/>
							<string name="Table" value="Turrets"/>
						</object>
						<object name="TPort_15">
							<string name="Device" value="Tirpitz_FLAK3_37mm_SK_C30_Turret"/>
							<string name="Table" value="Turrets"/>
						</object>
						<object name="TPort_16">
							<string name="Device" value="Tirpitz_FLAK3_37mm_SK_C30_Turret"/>
							<string name="Table" value="Turrets"/>
						</object>
						<object name="TPort_17">
							<string name="Device" value="Tirpitz_FLAK3_37mm_SK_C30_Turret"/>
							<string name="Table" value="Turrets"/>
						</object>
						<object name="TPort_18">
							<string name="Device" value="Tirpitz_FLAK3_37mm_SK_C30_Turret"/>
							<string name="Table" value="Turrets"/>
						</object>
						<object name="TPort_19">
							<string name="Device" value="Tirpitz_FLAK3_37mm_SK_C30_Turret"/>
							<string name="Table" value="Turrets"/>
						</object>
						<object name="TPort_2">
							<string name="Device" value="Vint_Bismark"/>
							<string name="Table" value="Turrets"/>
						</object>
						<object name="TPort_20">
							<string name="Device" value="Tirpitz_FLAK3_37mm_SK_C30_Turret"/>
							<string name="Table" value="Turrets"/>
						</object>
						<object name="TPort_21">
							<string name="Device" value="Tirpitz_FLAK3_37mm_SK_C30_Turret"/>
							<string name="Table" value="Turrets"/>
						</object>
						<object name="TPort_22">
							<string name="Device" value="Tirpitz_FLAK3_37mm_SK_C30_Turret"/>
							<string name="Table" value="Turrets"/>
						</object>
						<object name="TPort_23">
							<string name="Device" value="Tirpitz_FLAK4_20mm_MG_C38Quad_Turret"/>
							<string name="Table" value="Turrets"/>
						</object>
						<object name="TPort_24">
							<string name="Device" value="Tirpitz_FLAK4_20mm_MG_C38Quad_Turret"/>
							<string name="Table" value="Turrets"/>
						</object>
						<object name="TPort_44Q">
							<string name="Device" value="Tirpitz_FLAK4_20mm_MG_C38Quad_Turret"/>
							<string name="Table" value="Turrets"/>
						</object>
						<object name="TPort_45Q">
							<string name="Device" value="Tirpitz_FLAK4_20mm_MG_C38Quad_Turret"/>
							<string name="Table" value="Turrets"/>
						</object>
						<object name="TPort_25">
							<string name="Device" value="Tirpitz_FLAK5_20mm_MG_C30_Turret"/>
							<string name="Table" value="Turrets"/>
						</object>
						<object name="TPort_26">
							<string name="Device" value="Tirpitz_FLAK4_20mm_MG_C38Quad_Turret"/>
							<string name="Table" value="Turrets"/>
						</object>
						<object name="TPort_27">
							<string name="Device" value="Tirpitz_FLAK5_20mm_MG_C30_Turret"/>
							<string name="Table" value="Turrets"/>
						</object>
						<object name="TPort_277">
							<string name="Device" value="Tirpitz_FLAK5_20mm_MG_C30_Turret"/>
							<string name="Table" value="Turrets"/>
						</object>
						<object name="TPort_28">
							<string name="Device" value="Tirpitz_FLAK5_20mm_MG_C30_Turret"/>
							<string name="Table" value="Turrets"/>
						</object>
						<object name="TPort_29">
							<string name="Device" value="Tirpitz_FLAK4_20mm_MG_C38Quad_Turret"/>
							<string name="Table" value="Turrets"/>
						</object>
						<object name="TPort_3">
							<string name="Device" value="Narvik_Torp_App_Turret"/>
							<string name="Table" value="Turrets"/>
						</object>
						<object name="TPort_303">
							<string name="Device" value="Tirpitz_Crane_1V"/>
							<string name="Table" value="Turrets"/>
						</object>
						<object name="TPort_30">
							<string name="Device" value="Tirpitz_FLAK4_20mm_MG_C38Quad_Turret"/>
							<string name="Table" value="Turrets"/>
						</object>
						<object name="TPort_300">
							<string name="Device" value="Tirpitz_FLAK5_20mm_MG_C30_Turret"/>
							<string name="Table" value="Turrets"/>
						</object>
						<object name="TPort_31">
							<string name="Device" value="Tirpitz_FLAK5_20mm_MG_C30_Turret"/>
							<string name="Table" value="Turrets"/>
						</object>
						<object name="TPort_311">
							<string name="Device" value="Tirpitz_FLAK5_20mm_MG_C30_Turret"/>
							<string name="Table" value="Turrets"/>
						</object>
						<object name="TPort_32">
							<string name="Device" value="Tirpitz_FLAK5_20mm_MG_C30_Turret"/>
							<string name="Table" value="Turrets"/>
						</object>
						<object name="TPort_322">
							<string name="Device" value="Tirpitz_FLAK5_20mm_MG_C30_Turret"/>
							<string name="Table" value="Turrets"/>
						</object>
						<object name="TPort_33">
							<string name="Device" value="Tirpitz_FLAK5_20mm_MG_C30_Turret"/>
							<string name="Table" value="Turrets"/>
						</object>
						<object name="TPort_34">
							<string name="Device" value="Tirpitz_FLAK4_20mm_MG_C38Quad_Turret"/>
							<string name="Table" value="Turrets"/>
						</object>
						<object name="TPort_344">
							<string name="Device" value="Tirpitz_FLAK5_20mm_MG_C30_Turret"/>
							<string name="Table" value="Turrets"/>
						</object>
						<object name="TPort_35">
							<string name="Device" value="Tirpitz_FLAK5_20mm_MG_C30_Turret"/>
							<string name="Table" value="Turrets"/>
						</object>
						<object name="TPort_36">
							<string name="Device" value="Tirpitz_FLAK5_20mm_MG_C30_Turret"/>
							<string name="Table" value="Turrets"/>
						</object>
						<object name="TPort_366">
							<string name="Device" value="Tirpitz_FLAK5_20mm_MG_C30_Turret"/>
							<string name="Table" value="Turrets"/>
						</object>
						<object name="TPort_37">
							<string name="Device" value="Tirpitz_MG_Turret_1V_Cesar"/>
							<string name="Table" value="Turrets"/>
						</object>
						<object name="TPort_38">
							<string name="Device" value="Tirpitz_MG_Turret_1V_Bruno"/>
							<string name="Table" value="Turrets"/>
						</object>
						<object name="TPort_39">
							<string name="Device" value="Tirpitz_MG_Turret_1V_Dora"/>
							<string name="Table" value="Turrets"/>
						</object>
						<object name="TPort_4">
							<string name="Device" value="Narvik_Torp_App_Turret"/>
							<string name="Table" value="Turrets"/>
						</object>
						<object name="TPort_404">
							<string name="Device" value="Tirpitz_Crane_1V"/>
							<string name="Table" value="Turrets"/>
						</object>
						<object name="TPort_40">
							<string name="Device" value="Tirpitz_MG_Turret_1V_Anton"/>
							<string name="Table" value="Turrets"/>
						</object>
						<object name="TPort_41">
							<string name="Device" value="Tirpitz_Projector_Turret"/>
							<string name="Table" value="Turrets"/>
						</object>
						<object name="TPort_42">
							<string name="Device" value="Tirpitz_Projector_Turret"/>
							<string name="Table" value="Turrets"/>
						</object>
						<object name="TPort_43">
							<string name="Device" value="Tirpitz_Projector_Turret"/>
							<string name="Table" value="Turrets"/>
						</object>
						<object name="TPort_44">
							<string name="Device" value="Tirpitz_Projector_Turret"/>
							<string name="Table" value="Turrets"/>
						</object>
						<object name="TPort_45">
							<string name="Device" value="Tirpitz_Projector_Turret"/>
							<string name="Table" value="Turrets"/>
						</object>
						<object name="TPort_46">
							<string name="Device" value="Tirpitz_Projector_Turret"/>
							<string name="Table" value="Turrets"/>
						</object>
						<object name="TPort_47">
							<string name="Device" value="Tirpitz_Projector_Turret"/>
							<string name="Table" value="Turrets"/>
						</object>
						<object name="TPort_48">
							<string name="Device" value="Bismark_Projector_Small"/>
							<string name="Table" value="Turrets"/>
						</object>
						<object name="TPort_49">
							<string name="Device" value="Tirpitz_Radar_FuMO_23_1V"/>
							<string name="Table" value="Turrets"/>
						</object>
						<object name="TPort_5">
							<string name="Device" value="Tirpitz_Crane_2V"/>
							<string name="Table" value="Turrets"/>
						</object>
						<object name="TPort_50">
							<string name="Device" value="Tirpitz_Radar_FuMO_27_1V"/>
							<string name="Table" value="Turrets"/>
						</object>
						<object name="TPort_51">
							<string name="Device" value="Tirpitz_Radar_FuMO_23_3V"/>
							<string name="Table" value="Turrets"/>
						</object>
						<object name="TPort_52">
							<string name="Device" value="Tirpitz_Rangefinder3m"/>
							<string name="Table" value="Turrets"/>
						</object>
						<object name="TPort_53">
							<string name="Device" value="Tirpitz_Rangefinder3m"/>
							<string name="Table" value="Turrets"/>
						</object>
						<object name="TPort_54">
							<string name="Device" value="Tirpitz_Rangefinder4mTypeSL_8V"/>
							<string name="Table" value="Turrets"/>
						</object>
						<object name="TPort_54M">
							<string name="Device" value="Tirpitz_Rangefinder4m2V"/>
							<string name="Table" value="Turrets"/>
						</object>
						<object name="TPort_55">
							<string name="Device" value="Tirpitz_Rangefinder4mTypeSL_8V"/>
							<string name="Table" value="Turrets"/>
						</object>
						<object name="TPort_56">
							<string name="Device" value="Tirpitz_Rangefinder4mTypeSL_8V"/>
							<string name="Table" value="Turrets"/>
						</object>
						<object name="TPort_57">
							<string name="Device" value="Tirpitz_Rangefinder4mTypeSL_8V"/>
							<string name="Table" value="Turrets"/>
						</object>
						<object name="TPort_58">
							<string name="Device" value="Tirpitz_RangefinderSmall"/>
							<string name="Table" value="Turrets"/>
						</object>
						<object name="TPort_59">
							<string name="Device" value="Tirpitz_RangefinderSmall"/>
							<string name="Table" value="Turrets"/>
						</object>
						<object name="TPort_6">
							<string name="Device" value="Tirpitz_Crane_2V"/>
							<string name="Table" value="Turrets"/>
						</object>
						<object name="TPort_60">
							<string name="Device" value="Tirpitz_RangefinderSmall"/>
							<string name="Table" value="Turrets"/>
						</object>
						<object name="TPort_61">
							<string name="Device" value="Tirpitz_RangefinderSmall"/>
							<string name="Table" value="Turrets"/>
						</object>
						<object name="TPort_62">
							<string name="Device" value="Tirpitz_SK1_150mm_Turret"/>
							<string name="Table" value="Turrets"/>
						</object>
						<object name="TPort_63">
							<string name="Device" value="Tirpitz_SK1_150mm_Turret"/>
							<string name="Table" value="Turrets"/>
						</object>
						<object name="TPort_64">
							<string name="Device" value="Tirpitz_SK1_150mm_Turret"/>
							<string name="Table" value="Turrets"/>
						</object>
						<object name="TPort_65">
							<string name="Device" value="Tirpitz_SK1_150mm_Turret"/>
							<string name="Table" value="Turrets"/>
						</object>
						<object name="TPort_66">
							<string name="Device" value="Tirpitz_SK2_150mm_Turret"/>
							<string name="Table" value="Turrets"/>
						</object>
						<object name="TPort_67">
							<string name="Device" value="Tirpitz_SK2_150mm_Turret"/>
							<string name="Table" value="Turrets"/>
						</object>
						<object name="TPort_7">
							<string name="Device" value="Tirpitz_FLAK1_105mm_SK_C33_Turret"/>
							<string name="Table" value="Turrets"/>
						</object>
						<object name="TPort_8">
							<string name="Device" value="Tirpitz_FLAK1_105mm_SK_C33_Turret"/>
							<string name="Table" value="Turrets"/>
						</object>
						<object name="TPort_9">
							<string name="Device" value="Tirpitz_FLAK1_105mm_SK_C33_Turret"/>
							<string name="Table" value="Turrets"/>
						</object>
						<object name="TPort_Katapulta">
							<string name="Device" value="Bismarck_Katapulta"/>
							<string name="Table" value="Turrets"/>
						</object>
						<object name="ZPort_AAGunContr1">
							<string name="Device" value="Mark1R_AA"/>
							<string name="Table" value="AimSystems"/>
						</object>
						<object name="ZPort_Jammer_US_A1">
							<string name="Device" value="Jammer_US_A"/>
							<string name="Table" value="Probes"/>
						</object>
						<object name="ZPort_MainGunContr">
							<string name="Device" value="Mk_8R_M"/>
							<string name="Table" value="AimSystems"/>
						</object>
						<object name="ZPort_Radio">
							<string name="Device" value="TBL7"/>
							<string name="Table" value="Probes"/>
						</object>
						<object name="ZPort_Sonar">
							<string name="Device" value="Sword_Type_147_U"/>
							<string name="Table" value="Probes"/>
						</object>
						<object name="ZPort_SteamTurbine_01">
							<string name="Device" value="MPP_Bismark"/>
							<string name="Table" value="Engins"/>
						</object>
					</object>
					<string name="Sonar" value="Sword_Type_147_U"/>
					<float name="Speed" value="19."/>
					<string name="SuperRifles" value="Narvik_Torp_Tube.8."/>
					<float name="VolleyWeight" value="27.8976002"/>
					<float name="Weight" value="53199.2109"/>
				</object>
				<object name="ai_43">
					<string name="AAGunControl" value="Mark1R_AA"/>
					<float name="AAVolleyWeight" value="20.9404736"/>
					<float name="Aluminium" value="0."/>
					<float name="AmmoWeight" value="1999.72034"/>
					<float name="Armour" value="0."/>
					<float name="FuelConsumption" value="17.1203022"/>
					<float name="FuelProtect" value="0."/>
					<string name="FullModName" value="Ships.Tirpitz.ai_43"/>
					<float name="Iron" value="58626.8359"/>
					<boolean name="IsAvailable" value="false"/>
					<boolean name="IsJammer" value="false"/>
					<string name="MainGunControl" value="Mk_8R_M"/>
					<float name="MaxFuel" value="7700."/>
					<float name="MaxSpeed" value="33."/>
					<float name="MinSpeed" value="0."/>
					<float name="Money" value="64932."/>
					<widestring name="Name" value="UwBjAGgAbABhAGMAaAB0AHMAYwBoAGkAZgBmACAAVABpAHIAcABpAHQAegRfAGEAaQA0ADMA"/>
					<float name="RadarRange" value="101.739784"/>
					<float name="RadioGain" value="10000."/>
					<float name="RadioPowerHF" value="0."/>
					<float name="RadioPowerVHF" value="50."/>
					<float name="RadioSensitivityHF" value="0."/>
					<float name="RadioSensitivityVHF" value="4.99999989e-003"/>
					<object name="Slots">
						<object name="TPort_0">
							<string name="Device" value="Vint_Bismark"/>
							<string name="Table" value="Turrets"/>
						</object>
						<object name="TPort_1">
							<string name="Device" value="Vint_Bismark"/>
							<string name="Table" value="Turrets"/>
						</object>					
						<object name="TPort_10">
							<string name="Device" value="Tirpitz_FLAK2_105mm_SK_C37_Turret"/>
							<string name="Table" value="Turrets"/>
						</object>
						<object name="TPort_11">
							<string name="Device" value="Tirpitz_FLAK2_105mm_SK_C37_Turret"/>
							<string name="Table" value="Turrets"/>
						</object>
						<object name="TPort_12">
							<string name="Device" value="Tirpitz_FLAK2_105mm_SK_C37_Turret"/>
							<string name="Table" value="Turrets"/>
						</object>
						<object name="TPort_13">
							<string name="Device" value="Tirpitz_FLAK2_105mm_SK_C37_Turret"/>
							<string name="Table" value="Turrets"/>
						</object>
						<object name="TPort_14">
							<string name="Device" value="Tirpitz_FLAK2_105mm_SK_C37_Turret"/>
							<string name="Table" value="Turrets"/>
						</object>
						<object name="TPort_15">
							<string name="Device" value="Tirpitz_FLAK3_37mm_SK_C30_Turret"/>
							<string name="Table" value="Turrets"/>
						</object>
						<object name="TPort_16">
							<string name="Device" value="Tirpitz_FLAK3_37mm_SK_C30_Turret"/>
							<string name="Table" value="Turrets"/>
						</object>
						<object name="TPort_17">
							<string name="Device" value="Tirpitz_FLAK3_37mm_SK_C30_Turret"/>
							<string name="Table" value="Turrets"/>
						</object>
						<object name="TPort_18">
							<string name="Device" value="Tirpitz_FLAK3_37mm_SK_C30_Turret"/>
							<string name="Table" value="Turrets"/>
						</object>
						<object name="TPort_19">
							<string name="Device" value="Tirpitz_FLAK3_37mm_SK_C30_Turret"/>
							<string name="Table" value="Turrets"/>
						</object>
						<object name="TPort_2">
							<string name="Device" value="Vint_Bismark"/>
							<string name="Table" value="Turrets"/>
						</object>
						<object name="TPort_20">
							<string name="Device" value="Tirpitz_FLAK3_37mm_SK_C30_Turret"/>
							<string name="Table" value="Turrets"/>
						</object>
						<object name="TPort_21">
							<string name="Device" value="Tirpitz_FLAK3_37mm_SK_C30_Turret"/>
							<string name="Table" value="Turrets"/>
						</object>
						<object name="TPort_22">
							<string name="Device" value="Tirpitz_FLAK3_37mm_SK_C30_Turret"/>
							<string name="Table" value="Turrets"/>
						</object>
						<object name="TPort_23">
							<string name="Device" value="Tirpitz_FLAK4_20mm_MG_C38Quad_Turret"/>
							<string name="Table" value="Turrets"/>
						</object>
						<object name="TPort_24">
							<string name="Device" value="Tirpitz_FLAK4_20mm_MG_C38Quad_Turret"/>
							<string name="Table" value="Turrets"/>
						</object>
						<object name="TPort_44Q">
							<string name="Device" value="Tirpitz_FLAK4_20mm_MG_C38Quad_Turret"/>
							<string name="Table" value="Turrets"/>
						</object>
						<object name="TPort_45Q">
							<string name="Device" value="Tirpitz_FLAK4_20mm_MG_C38Quad_Turret"/>
							<string name="Table" value="Turrets"/>
						</object>
						<object name="TPort_25">
							<string name="Device" value="Tirpitz_FLAK5_20mm_MG_C30_3V_Turret"/>
							<string name="Table" value="Turrets"/>
						</object>
						<object name="TPort_26">
							<string name="Device" value="Tirpitz_FLAK4_20mm_MG_C38Quad_Turret"/>
							<string name="Table" value="Turrets"/>
						</object>
						<object name="TPort_27">
							<string name="Device" value="Tirpitz_FLAK5_20mm_MG_C30_3V_Turret"/>
							<string name="Table" value="Turrets"/>
						</object>
						<object name="TPort_277">
							<string name="Device" value="Tirpitz_FLAK5_20mm_MG_C30_3V_Turret"/>
							<string name="Table" value="Turrets"/>
						</object>
						<object name="TPort_28">
							<string name="Device" value="Tirpitz_FLAK5_20mm_MG_C30_3V_Turret"/>
							<string name="Table" value="Turrets"/>
						</object>
						<object name="TPort_29">
							<string name="Device" value="Tirpitz_FLAK4_20mm_MG_C38Quad_Turret"/>
							<string name="Table" value="Turrets"/>
						</object>
						<object name="TPort_3">
							<string name="Device" value="Narvik_Torp_App_Turret"/>
							<string name="Table" value="Turrets"/>
						</object>
						<object name="TPort_303">
							<string name="Device" value="Tirpitz_Crane_1V"/>
							<string name="Table" value="Turrets"/>
						</object>
						<object name="TPort_30">
							<string name="Device" value="Tirpitz_FLAK4_20mm_MG_C38Quad_Turret"/>
							<string name="Table" value="Turrets"/>
						</object>
						<object name="TPort_300">
							<string name="Device" value="Tirpitz_FLAK5_20mm_MG_C30_3V_Turret"/>
							<string name="Table" value="Turrets"/>
						</object>
						<object name="TPort_31">
							<string name="Device" value="Tirpitz_FLAK5_20mm_MG_C30_3V_Turret"/>
							<string name="Table" value="Turrets"/>
						</object>
						<object name="TPort_311">
							<string name="Device" value="Tirpitz_FLAK5_20mm_MG_C30_3V_Turret"/>
							<string name="Table" value="Turrets"/>
						</object>
						<object name="TPort_32">
							<string name="Device" value="Tirpitz_FLAK5_20mm_MG_C30_3V_Turret"/>
							<string name="Table" value="Turrets"/>
						</object>
						<object name="TPort_322">
							<string name="Device" value="Tirpitz_FLAK5_20mm_MG_C30_3V_Turret"/>
							<string name="Table" value="Turrets"/>
						</object>
						<object name="TPort_33">
							<string name="Device" value="Tirpitz_FLAK5_20mm_MG_C30_3V_Turret"/>
							<string name="Table" value="Turrets"/>
						</object>
						<object name="TPort_34">
							<string name="Device" value="Tirpitz_FLAK4_20mm_MG_C38Quad_Turret"/>
							<string name="Table" value="Turrets"/>
						</object>
						<object name="TPort_344">
							<string name="Device" value="Tirpitz_FLAK5_20mm_MG_C30_3V_Turret"/>
							<string name="Table" value="Turrets"/>
						</object>
						<object name="TPort_35">
							<string name="Device" value="Tirpitz_FLAK5_20mm_MG_C30_3V_Turret"/>
							<string name="Table" value="Turrets"/>
						</object>
						<object name="TPort_36">
							<string name="Device" value="Tirpitz_FLAK5_20mm_MG_C30_3V_Turret"/>
							<string name="Table" value="Turrets"/>
						</object>
						<object name="TPort_366">
							<string name="Device" value="Tirpitz_FLAK5_20mm_MG_C30_3V_Turret"/>
							<string name="Table" value="Turrets"/>
						</object>
						<object name="TPort_37">
							<string name="Device" value="Tirpitz_MG_Turret_1V_Cesar"/>
							<string name="Table" value="Turrets"/>
						</object>
						<object name="TPort_38">
							<string name="Device" value="Tirpitz_MG_Turret_1V_Bruno"/>
							<string name="Table" value="Turrets"/>
						</object>
						<object name="TPort_39">
							<string name="Device" value="Tirpitz_MG_Turret_1V_Dora"/>
							<string name="Table" value="Turrets"/>
						</object>
						<object name="TPort_4">
							<string name="Device" value="Narvik_Torp_App_Turret"/>
							<string name="Table" value="Turrets"/>
						</object>
						<object name="TPort_404">
							<string name="Device" value="Tirpitz_Crane_1V"/>
							<string name="Table" value="Turrets"/>
						</object>
						<object name="TPort_40">
							<string name="Device" value="Tirpitz_MG_Turret_1V_Anton"/>
							<string name="Table" value="Turrets"/>
						</object>
						<object name="TPort_41">
							<string name="Device" value="Tirpitz_Projector_Turret"/>
							<string name="Table" value="Turrets"/>
						</object>
						<object name="TPort_42">
							<string name="Device" value="Tirpitz_Projector_Turret"/>
							<string name="Table" value="Turrets"/>
						</object>
						<object name="TPort_43">
							<string name="Device" value="Tirpitz_Projector_Turret"/>
							<string name="Table" value="Turrets"/>
						</object>
						<object name="TPort_44">
							<string name="Device" value="Tirpitz_Projector_Turret"/>
							<string name="Table" value="Turrets"/>
						</object>
						<object name="TPort_45">
							<string name="Device" value="Tirpitz_Projector_Turret"/>
							<string name="Table" value="Turrets"/>
						</object>
						<object name="TPort_46">
							<string name="Device" value="Tirpitz_Projector_Turret"/>
							<string name="Table" value="Turrets"/>
						</object>
						<object name="TPort_47">
							<string name="Device" value="Tirpitz_Projector_Turret"/>
							<string name="Table" value="Turrets"/>
						</object>
						<object name="TPort_48">
							<string name="Device" value="Bismark_Projector_Small"/>
							<string name="Table" value="Turrets"/>
						</object>
						<object name="TPort_49">
							<string name="Device" value="Tirpitz_Radar_FuMO213"/>
							<string name="Table" value="Turrets"/>
						</object>
						<object name="TPort_5">
							<string name="Device" value="Tirpitz_Crane_2V"/>
							<string name="Table" value="Turrets"/>
						</object>
						<object name="TPort_50">
							<string name="Device" value="Tirpitz_Radar_FuMO_27_1V"/>
							<string name="Table" value="Turrets"/>
						</object>
						<object name="TPort_51">
							<string name="Device" value="Tirpitz_Radar_FuMO_23_3V"/>
							<string name="Table" value="Turrets"/>
						</object>
						<object name="TPort_52">
							<string name="Device" value="Tirpitz_Rangefinder3m"/>
							<string name="Table" value="Turrets"/>
						</object>
						<object name="TPort_53">
							<string name="Device" value="Tirpitz_Rangefinder3m"/>
							<string name="Table" value="Turrets"/>
						</object>
						<object name="TPort_54">
							<string name="Device" value="Tirpitz_Radar_FuMOFX"/>
							<string name="Table" value="Turrets"/>
						</object>
						<object name="TPort_54M">
							<string name="Device" value="Tirpitz_Rangefinder4m2V"/>
							<string name="Table" value="Turrets"/>
						</object>
						<object name="TPort_55">
							<string name="Device" value="Tirpitz_Radar_FuMOFX"/>
							<string name="Table" value="Turrets"/>
						</object>
						<object name="TPort_56">
							<string name="Device" value="Tirpitz_Rangefinder4mTypeSL_8V"/>
							<string name="Table" value="Turrets"/>
						</object>
						<object name="TPort_57">
							<string name="Device" value="Tirpitz_Rangefinder4mTypeSL_8V"/>
							<string name="Table" value="Turrets"/>
						</object>
						<object name="TPort_58">
							<string name="Device" value="Tirpitz_RangefinderSmall"/>
							<string name="Table" value="Turrets"/>
						</object>
						<object name="TPort_59">
							<string name="Device" value="Tirpitz_RangefinderSmall"/>
							<string name="Table" value="Turrets"/>
						</object>
						<object name="TPort_6">
							<string name="Device" value="Tirpitz_Crane_2V"/>
							<string name="Table" value="Turrets"/>
						</object>
						<object name="TPort_60">
							<string name="Device" value="Tirpitz_RangefinderSmall"/>
							<string name="Table" value="Turrets"/>
						</object>
						<object name="TPort_61">
							<string name="Device" value="Tirpitz_RangefinderSmall"/>
							<string name="Table" value="Turrets"/>
						</object>
						<object name="TPort_62">
							<string name="Device" value="Tirpitz_SK1_150mm_Turret"/>
							<string name="Table" value="Turrets"/>
						</object>
						<object name="TPort_63">
							<string name="Device" value="Tirpitz_SK1_150mm_Turret"/>
							<string name="Table" value="Turrets"/>
						</object>
						<object name="TPort_64">
							<string name="Device" value="Tirpitz_SK1_150mm_Turret"/>
							<string name="Table" value="Turrets"/>
						</object>
						<object name="TPort_65">
							<string name="Device" value="Tirpitz_SK1_150mm_Turret"/>
							<string name="Table" value="Turrets"/>
						</object>
						<object name="TPort_66">
							<string name="Device" value="Tirpitz_SK2_150mm_Turret"/>
							<string name="Table" value="Turrets"/>
						</object>
						<object name="TPort_67">
							<string name="Device" value="Tirpitz_SK2_150mm_Turret"/>
							<string name="Table" value="Turrets"/>
						</object>
						<object name="TPort_7">
							<string name="Device" value="Tirpitz_FLAK2_105mm_SK_C37_Turret"/>
							<string name="Table" value="Turrets"/>
						</object>
						<object name="TPort_8">
							<string name="Device" value="Tirpitz_FLAK2_105mm_SK_C37_Turret"/>
							<string name="Table" value="Turrets"/>
						</object>
						<object name="TPort_9">
							<string name="Device" value="Tirpitz_FLAK2_105mm_SK_C37_Turret"/>
							<string name="Table" value="Turrets"/>
						</object>
						<object name="TPort_Katapulta">
							<string name="Device" value="Bismarck_Katapulta"/>
							<string name="Table" value="Turrets"/>
						</object>
						<object name="ZPort_AAGunContr1">
							<string name="Device" value="Mark1R_AA"/>
							<string name="Table" value="AimSystems"/>
						</object>
						<object name="ZPort_Jammer_US_A1">
							<string name="Device" value=""/>
							<string name="Table" value="Probes"/>
						</object>
						<object name="ZPort_MainGunContr">
							<string name="Device" value="Mk_8R_M"/>
							<string name="Table" value="AimSystems"/>
						</object>
						<object name="ZPort_Radio">
							<string name="Device" value="TBS"/>
							<string name="Table" value="Probes"/>
						</object>
						<object name="ZPort_Sonar">
							<string name="Device" value="SearchLight_U"/>
							<string name="Table" value="Probes"/>
						</object>
						<object name="ZPort_SteamTurbine_01">
							<string name="Device" value="MPP_Bismark"/>
							<string name="Table" value="Engins"/>
						</object>
					</object>
					<string name="Sonar" value="SearchLight_U"/>
					<float name="Speed" value="19."/>
					<string name="SuperRifles" value="Narvik_Torp_Tube.8."/>
					<float name="VolleyWeight" value="30.0192032"/>
					<float name="Weight" value="53220.4883"/>
				</object>
				<object name="ai_45">
					<string name="AAGunControl" value="Mark12R_AA"/>
					<float name="AAVolleyWeight" value="32.2323036"/>
					<float name="Aluminium" value="0."/>
					<float name="AmmoWeight" value="1891.39197"/>
					<float name="Armour" value="0."/>
					<float name="FuelConsumption" value="17.1203022"/>
					<float name="FuelProtect" value="0."/>
					<string name="FullModName" value="Ships.Tirpitz.ai_45"/>
					<float name="Iron" value="58886.9609"/>
					<boolean name="IsAvailable" value="false"/>
					<boolean name="IsJammer" value="true"/>
					<string name="MainGunControl" value="Mk_8R_M"/>
					<float name="MaxFuel" value="7700."/>
					<float name="MaxSpeed" value="33."/>
					<float name="MinSpeed" value="0."/>
					<float name="Money" value="65239."/>
					<widestring name="Name" value="UwBjAGgAbABhAGMAaAB0AHMAYwBoAGkAZgBmACAAVABpAHIAcABpAHQAegRfAGEAaQA0ADUA"/>
					<float name="RadarRange" value="101.739784"/>
					<float name="RadioGain" value="10000."/>
					<float name="RadioPowerHF" value="0."/>
					<float name="RadioPowerVHF" value="50."/>
					<float name="RadioSensitivityHF" value="0."/>
					<float name="RadioSensitivityVHF" value="4.99999989e-003"/>
					<object name="Slots">
						<object name="TPort_0">
							<string name="Device" value="Vint_Bismark"/>
							<string name="Table" value="Turrets"/>
						</object>
						<object name="TPort_1">
							<string name="Device" value="Vint_Bismark"/>
							<string name="Table" value="Turrets"/>
						</object>					
						<object name="TPort_10">
							<string name="Device" value="Turret_127_KM40"/>
							<string name="Table" value="Turrets"/>
						</object>
						<object name="TPort_11">
							<string name="Device" value="Turret_127_KM40"/>
							<string name="Table" value="Turrets"/>
						</object>
						<object name="TPort_12">
							<string name="Device" value="Turret_127_KM40"/>
							<string name="Table" value="Turrets"/>
						</object>
						<object name="TPort_13">
							<string name="Device" value="Turret_127_KM40"/>
							<string name="Table" value="Turrets"/>
						</object>
						<object name="TPort_14">
							<string name="Device" value="Turret_127_KM40"/>
							<string name="Table" value="Turrets"/>
						</object>
						<object name="TPort_15">
							<string name="Device" value="G_Bofors_20x8_Turret"/>
							<string name="Table" value="Turrets"/>
						</object>
						<object name="TPort_16">
							<string name="Device" value="G_Bofors_20x8_Turret"/>
							<string name="Table" value="Turrets"/>
						</object>
						<object name="TPort_17">
							<string name="Device" value="G_Bofors_20x8_Turret"/>
							<string name="Table" value="Turrets"/>
						</object>
						<object name="TPort_18">
							<string name="Device" value="G_Bofors_20x8_Turret"/>
							<string name="Table" value="Turrets"/>
						</object>
						<object name="TPort_19">
							<string name="Device" value="G_Bofors_20x8_Turret"/>
							<string name="Table" value="Turrets"/>
						</object>
						<object name="TPort_2">
							<string name="Device" value="Vint_Bismark"/>
							<string name="Table" value="Turrets"/>
						</object>
						<object name="TPort_20">
							<string name="Device" value="G_Bofors_20x8_Turret"/>
							<string name="Table" value="Turrets"/>
						</object>
						<object name="TPort_21">
							<string name="Device" value="G_Bofors_20x8_Turret"/>
							<string name="Table" value="Turrets"/>
						</object>
						<object name="TPort_22">
							<string name="Device" value="G_Bofors_20x8_Turret"/>
							<string name="Table" value="Turrets"/>
						</object>
						<object name="TPort_23">
							<string name="Device" value="Tirpitz_FLAK4_20mm_MG_C38Quad_Turret"/>
							<string name="Table" value="Turrets"/>
						</object>
						<object name="TPort_24">
							<string name="Device" value="Tirpitz_FLAK4_20mm_MG_C38Quad_Turret"/>
							<string name="Table" value="Turrets"/>
						</object>
						<object name="TPort_44Q">
							<string name="Device" value="Tirpitz_FLAK4_20mm_MG_C38Quad_Turret"/>
							<string name="Table" value="Turrets"/>
						</object>
						<object name="TPort_45Q">
							<string name="Device" value="Tirpitz_FLAK4_20mm_MG_C38Quad_Turret"/>
							<string name="Table" value="Turrets"/>
						</object>
						<object name="TPort_25">
							<string name="Device" value="Tirpitz_FLAK5_20mm_MG_C30_3V_Turret"/>
							<string name="Table" value="Turrets"/>
						</object>
						<object name="TPort_26">
							<string name="Device" value="Tirpitz_FLAK4_20mm_MG_C38Quad_Turret"/>
							<string name="Table" value="Turrets"/>
						</object>
						<object name="TPort_27">
							<string name="Device" value="Tirpitz_FLAK5_20mm_MG_C30_3V_Turret"/>
							<string name="Table" value="Turrets"/>
						</object>
						<object name="TPort_277">
							<string name="Device" value="Tirpitz_FLAK5_20mm_MG_C30_3V_Turret"/>
							<string name="Table" value="Turrets"/>
						</object>
						<object name="TPort_28">
							<string name="Device" value="Tirpitz_FLAK5_20mm_MG_C30_3V_Turret"/>
							<string name="Table" value="Turrets"/>
						</object>
						<object name="TPort_29">
							<string name="Device" value="Tirpitz_FLAK4_20mm_MG_C38Quad_Turret"/>
							<string name="Table" value="Turrets"/>
						</object>
						<object name="TPort_3">
							<string name="Device" value="Narvik_Torp_App_Turret"/>
							<string name="Table" value="Turrets"/>
						</object>
						<object name="TPort_303">
							<string name="Device" value="Tirpitz_Crane_1V"/>
							<string name="Table" value="Turrets"/>
						</object>
						<object name="TPort_30">
							<string name="Device" value="Tirpitz_FLAK4_20mm_MG_C38Quad_Turret"/>
							<string name="Table" value="Turrets"/>
						</object>
						<object name="TPort_300">
							<string name="Device" value="Tirpitz_FLAK5_20mm_MG_C30_3V_Turret"/>
							<string name="Table" value="Turrets"/>
						</object>
						<object name="TPort_31">
							<string name="Device" value="Tirpitz_FLAK5_20mm_MG_C30_3V_Turret"/>
							<string name="Table" value="Turrets"/>
						</object>
						<object name="TPort_311">
							<string name="Device" value="Tirpitz_FLAK5_20mm_MG_C30_3V_Turret"/>
							<string name="Table" value="Turrets"/>
						</object>
						<object name="TPort_32">
							<string name="Device" value="Tirpitz_FLAK5_20mm_MG_C30_3V_Turret"/>
							<string name="Table" value="Turrets"/>
						</object>
						<object name="TPort_322">
							<string name="Device" value="Tirpitz_FLAK5_20mm_MG_C30_3V_Turret"/>
							<string name="Table" value="Turrets"/>
						</object>
						<object name="TPort_33">
							<string name="Device" value="Tirpitz_FLAK5_20mm_MG_C30_3V_Turret"/>
							<string name="Table" value="Turrets"/>
						</object>
						<object name="TPort_34">
							<string name="Device" value="Tirpitz_FLAK4_20mm_MG_C38Quad_Turret"/>
							<string name="Table" value="Turrets"/>
						</object>
						<object name="TPort_344">
							<string name="Device" value="Tirpitz_FLAK5_20mm_MG_C30_3V_Turret"/>
							<string name="Table" value="Turrets"/>
						</object>
						<object name="TPort_35">
							<string name="Device" value="Tirpitz_FLAK5_20mm_MG_C30_3V_Turret"/>
							<string name="Table" value="Turrets"/>
						</object>
						<object name="TPort_36">
							<string name="Device" value="Tirpitz_FLAK5_20mm_MG_C30_3V_Turret"/>
							<string name="Table" value="Turrets"/>
						</object>
						<object name="TPort_366">
							<string name="Device" value="Tirpitz_FLAK5_20mm_MG_C30_3V_Turret"/>
							<string name="Table" value="Turrets"/>
						</object>
						<object name="TPort_37">
							<string name="Device" value="Tirpitz_MG_Turret_1V_Cesar"/>
							<string name="Table" value="Turrets"/>
						</object>
						<object name="TPort_38">
							<string name="Device" value="Tirpitz_MG_Turret_1V_Bruno"/>
							<string name="Table" value="Turrets"/>
						</object>
						<object name="TPort_39">
							<string name="Device" value="Tirpitz_MG_Turret_1V_Dora"/>
							<string name="Table" value="Turrets"/>
						</object>
						<object name="TPort_4">
							<string name="Device" value="Narvik_Torp_App_Turret"/>
							<string name="Table" value="Turrets"/>
						</object>
						<object name="TPort_404">
							<string name="Device" value="Tirpitz_Crane_1V"/>
							<string name="Table" value="Turrets"/>
						</object>
						<object name="TPort_40">
							<string name="Device" value="Tirpitz_MG_Turret_1V_Anton"/>
							<string name="Table" value="Turrets"/>
						</object>
						<object name="TPort_41">
							<string name="Device" value="Tirpitz_Projector_Turret"/>
							<string name="Table" value="Turrets"/>
						</object>
						<object name="TPort_42">
							<string name="Device" value="Tirpitz_Projector_Turret"/>
							<string name="Table" value="Turrets"/>
						</object>
						<object name="TPort_43">
							<string name="Device" value="Tirpitz_Projector_Turret"/>
							<string name="Table" value="Turrets"/>
						</object>
						<object name="TPort_44">
							<string name="Device" value="Tirpitz_Projector_Turret"/>
							<string name="Table" value="Turrets"/>
						</object>
						<object name="TPort_45">
							<string name="Device" value="Tirpitz_Projector_Turret"/>
							<string name="Table" value="Turrets"/>
						</object>
						<object name="TPort_46">
							<string name="Device" value="Tirpitz_Projector_Turret"/>
							<string name="Table" value="Turrets"/>
						</object>
						<object name="TPort_47">
							<string name="Device" value="Tirpitz_Projector_Turret"/>
							<string name="Table" value="Turrets"/>
						</object>
						<object name="TPort_48">
							<string name="Device" value="Bismark_Projector_Small"/>
							<string name="Table" value="Turrets"/>
						</object>
						<object name="TPort_49">
							<string name="Device" value="Tirpitz_Radar_FuMO213"/>
							<string name="Table" value="Turrets"/>
						</object>
						<object name="TPort_5">
							<string name="Device" value="Tirpitz_Crane_2V"/>
							<string name="Table" value="Turrets"/>
						</object>
						<object name="TPort_50">
							<string name="Device" value="Tirpitz_Radar_FuMO_27_1V"/>
							<string name="Table" value="Turrets"/>
						</object>
						<object name="TPort_51">
							<string name="Device" value="Tirpitz_Radar_FuMO_23_3V"/>
							<string name="Table" value="Turrets"/>
						</object>
						<object name="TPort_52">
							<string name="Device" value="Tirpitz_Rangefinder3m"/>
							<string name="Table" value="Turrets"/>
						</object>
						<object name="TPort_53">
							<string name="Device" value="Tirpitz_Rangefinder3m"/>
							<string name="Table" value="Turrets"/>
						</object>
						<object name="TPort_54">
							<string name="Device" value="Tirpitz_Radar_FuMOFX"/>
							<string name="Table" value="Turrets"/>
						</object>
						<object name="TPort_54M">
							<string name="Device" value="Tirpitz_Rangefinder4m2V"/>
							<string name="Table" value="Turrets"/>
						</object>
						<object name="TPort_55">
							<string name="Device" value="Tirpitz_Radar_FuMOFX"/>
							<string name="Table" value="Turrets"/>
						</object>
						<object name="TPort_56">
							<string name="Device" value="Tirpitz_Rangefinder4mTypeSL_8V"/>
							<string name="Table" value="Turrets"/>
						</object>
						<object name="TPort_57">
							<string name="Device" value="Tirpitz_Rangefinder4mTypeSL_8V"/>
							<string name="Table" value="Turrets"/>
						</object>
						<object name="TPort_58">
							<string name="Device" value="Tirpitz_RangefinderSmall"/>
							<string name="Table" value="Turrets"/>
						</object>
						<object name="TPort_59">
							<string name="Device" value="Tirpitz_RangefinderSmall"/>
							<string name="Table" value="Turrets"/>
						</object>
						<object name="TPort_6">
							<string name="Device" value="Tirpitz_Crane_2V"/>
							<string name="Table" value="Turrets"/>
						</object>
						<object name="TPort_60">
							<string name="Device" value="Tirpitz_RangefinderSmall"/>
							<string name="Table" value="Turrets"/>
						</object>
						<object name="TPort_61">
							<string name="Device" value="Tirpitz_RangefinderSmall"/>
							<string name="Table" value="Turrets"/>
						</object>
						<object name="TPort_62">
							<string name="Device" value="Turret_127_KM40"/>
							<string name="Table" value="Turrets"/>
						</object>
						<object name="TPort_63">
							<string name="Device" value="Turret_127_KM40"/>
							<string name="Table" value="Turrets"/>
						</object>
						<object name="TPort_64">
							<string name="Device" value="Turret_127_KM40"/>
							<string name="Table" value="Turrets"/>
						</object>
						<object name="TPort_65">
							<string name="Device" value="Turret_127_KM40"/>
							<string name="Table" value="Turrets"/>
						</object>
						<object name="TPort_66">
							<string name="Device" value="Turret_127_KM40"/>
							<string name="Table" value="Turrets"/>
						</object>
						<object name="TPort_67">
							<string name="Device" value="Turret_127_KM40"/>
							<string name="Table" value="Turrets"/>
						</object>
						<object name="TPort_7">
							<string name="Device" value="Turret_127_KM40"/>
							<string name="Table" value="Turrets"/>
						</object>
						<object name="TPort_8">
							<string name="Device" value="Turret_127_KM40"/>
							<string name="Table" value="Turrets"/>
						</object>
						<object name="TPort_9">
							<string name="Device" value="Turret_127_KM40"/>
							<string name="Table" value="Turrets"/>
						</object>
						<object name="TPort_Katapulta">
							<string name="Device" value="Bismarck_Katapulta"/>
							<string name="Table" value="Turrets"/>
						</object>
						<object name="ZPort_AAGunContr1">
							<string name="Device" value="Mark12R_AA"/>
							<string name="Table" value="AimSystems"/>
						</object>
						<object name="ZPort_Jammer_US_A1">
							<string name="Device" value="Jammer_US_A"/>
							<string name="Table" value="Probes"/>
						</object>
						<object name="ZPort_MainGunContr">
							<string name="Device" value="Mk_8R_M"/>
							<string name="Table" value="AimSystems"/>
						</object>
						<object name="ZPort_Radio">
							<string name="Device" value="TBS"/>
							<string name="Table" value="Probes"/>
						</object>
						<object name="ZPort_Sonar">
							<string name="Device" value="SearchLight_U"/>
							<string name="Table" value="Probes"/>
						</object>
						<object name="ZPort_SteamTurbine_01">
							<string name="Device" value="MPP_Bismark"/>
							<string name="Table" value="Engins"/>
						</object>
					</object>
					<string name="Sonar" value="SearchLight_U"/>
					<float name="Speed" value="19."/>
					<string name="SuperRifles" value="Narvik_Torp_Tube.8."/>
					<float name="VolleyWeight" value="35.2319984"/>
					<float name="Weight" value="52727.3945"/>
				</object>
					</object>			
		</object>
		<object name="SubUnits">
			<object name="Tirpitz_FLAK3_37mm_SK_C30_Turret">
				<object name="TPort_0">
					<string name="Device" value="Tirpitz_FLAK3_37mm_SK_C30_Stvol"/>
					<string name="Table" value="Rifles"/>
				</object>
			</object>
			<object name="Tirpitz_FLAK4_20mm_MG_C38Quad_Turret">
				<object name="TPort_0">
					<string name="Device" value="Tirpitz_FLAK4_20mm_MG_C38Quad_Stvol"/>
					<string name="Table" value="Rifles"/>
				</object>
			</object>
		</object>
	</object>
</root>
