﻿<?xml version="1.0" standalone="yes" ?>
<root>
	<object name="Prototypes">
		<object name="Ships">
			<object name="Tirpitz">
				<object name="Slots">
					<object name="TPort_0">
						<integer name="icon_x" value="3"/>
						<integer name="icon_y" value="3"/>
					</object>
					<object name="TPort_1">
						<integer name="icon_x" value="44"/>
						<integer name="icon_y" value="3"/>
					</object>
					<object name="TPort_14">
						<object name="SubSlots">
							<object name="TPort_11">
								<integer name="icon_x" value="126"/>
								<integer name="icon_y" value="3"/>
							</object>
							<object name="TPort_12">
								<integer name="icon_x" value="167"/>
								<integer name="icon_y" value="3"/>
							</object>
							<object name="TPort_13">
								<integer name="icon_x" value="208"/>
								<integer name="icon_y" value="3"/>
							</object>
						</object>
						<integer name="icon_x" value="10"/>
						<integer name="icon_y" value="14"/>
					</object>
					<object name="TPort_2">
						<integer name="icon_x" value="495"/>
						<integer name="icon_y" value="3"/>
					</object>
					<object name="TPort_22">
						<object name="SubSlots">
							<object name="TPort_15">
								<integer name="icon_x" value="290"/>
								<integer name="icon_y" value="3"/>
							</object>
							<object name="TPort_16">
								<integer name="icon_x" value="331"/>
								<integer name="icon_y" value="3"/>
							</object>
							<object name="TPort_17">
								<integer name="icon_x" value="372"/>
								<integer name="icon_y" value="3"/>
							</object>
							<object name="TPort_18">
								<integer name="icon_x" value="413"/>
								<integer name="icon_y" value="3"/>
							</object>
							<object name="TPort_19">
								<integer name="icon_x" value="454"/>
								<integer name="icon_y" value="3"/>
							</object>
							<object name="TPort_20">
								<integer name="icon_x" value="3"/>
								<integer name="icon_y" value="44"/>
							</object>
							<object name="TPort_21">
								<integer name="icon_x" value="44"/>
								<integer name="icon_y" value="44"/>
							</object>
						</object>
						<integer name="icon_x" value="13"/>
						<integer name="icon_y" value="196"/>
					</object>
					<object name="TPort_24">
						<object name="SubSlots">
							<object name="TPort_23">
								<integer name="icon_x" value="126"/>
								<integer name="icon_y" value="44"/>
							</object>
							<object name="TPort_44Q">
								<integer name="icon_x" value="3"/>
								<integer name="icon_y" value="44"/>
							</object>
							<object name="TPort_45Q">
								<integer name="icon_x" value="44"/>
								<integer name="icon_y" value="44"/>
							</object>
							<object name="TPort_26">
								<integer name="icon_x" value="249"/>
								<integer name="icon_y" value="44"/>
							</object>
							<object name="TPort_29">
								<integer name="icon_x" value="372"/>
								<integer name="icon_y" value="44"/>
							</object>
							<object name="TPort_30">
								<integer name="icon_x" value="454"/>
								<integer name="icon_y" value="44"/>
							</object>
							<object name="TPort_34">
								<integer name="icon_x" value="85"/>
								<integer name="icon_y" value="85"/>
							</object>
						</object>
						<integer name="icon_x" value="227"/>
						<integer name="icon_y" value="196"/>
					</object>
					<object name="TPort_3">
						<object name="SubSlots">
							<object name="TPort_4">
								<integer name="icon_x" value="85"/>
								<integer name="icon_y" value="265"/>
							</object>
						<object name="TPort_303">
								<integer name="icon_x" value="85"/>
								<integer name="icon_y" value="265"/>
							</object>
						<object name="TPort_404">
								<integer name="icon_x" value="85"/>
								<integer name="icon_y" value="265"/>
							</object>
						</object>
						<integer name="icon_x" value="491"/>
						<integer name="icon_y" value="196"/>
					</object>
					<object name="TPort_36">
						<object name="SubSlots">
							<object name="TPort_25">
								<integer name="icon_x" value="208"/>
								<integer name="icon_y" value="44"/>
							</object>
							<object name="TPort_27">
								<integer name="icon_x" value="290"/>
								<integer name="icon_y" value="44"/>
							</object>
							<object name="TPort_277">
								<integer name="icon_x" value="290"/>
								<integer name="icon_y" value="44"/>
							</object>
							<object name="TPort_28">
								<integer name="icon_x" value="331"/>
								<integer name="icon_y" value="44"/>
							</object>
							<object name="TPort_300">
								<integer name="icon_x" value="454"/>
								<integer name="icon_y" value="44"/>
							</object>
							<object name="TPort_31">
								<integer name="icon_x" value="495"/>
								<integer name="icon_y" value="44"/>
							</object>
							<object name="TPort_311">
								<integer name="icon_x" value="495"/>
								<integer name="icon_y" value="44"/>
							</object>
							<object name="TPort_366">
								<integer name="icon_x" value="495"/>
								<integer name="icon_y" value="44"/>
							</object>
							<object name="TPort_32">
								<integer name="icon_x" value="3"/>
								<integer name="icon_y" value="85"/>
							</object>
							<object name="TPort_322">
								<integer name="icon_x" value="3"/>
								<integer name="icon_y" value="85"/>
							</object>
							<object name="TPort_33">
								<integer name="icon_x" value="44"/>
								<integer name="icon_y" value="85"/>
							</object>
							<object name="TPort_344">
								<integer name="icon_x" value="85"/>
								<integer name="icon_y" value="85"/>
							</object>
							<object name="TPort_35">
								<integer name="icon_x" value="126"/>
								<integer name="icon_y" value="85"/>
							</object>
						</object>
						<integer name="icon_x" value="118"/>
						<integer name="icon_y" value="196"/>
					</object>
					<object name="TPort_39">
						<object name="SubSlots">
							<object name="TPort_37">
								<object name="SubSlots"/>
								<integer name="icon_x" value="208"/>
								<integer name="icon_y" value="85"/>
							</object>
							<object name="TPort_38">
								<integer name="icon_x" value="249"/>
								<integer name="icon_y" value="85"/>
							</object>
						</object>
						<integer name="icon_x" value="329"/>
						<integer name="icon_y" value="14"/>
					</object>
					<object name="TPort_40">
						<integer name="icon_x" value="228"/>
						<integer name="icon_y" value="14"/>
					</object>
					<object name="TPort_43">
						<object name="SubSlots">
							<object name="TPort_41">
								<integer name="icon_x" value="413"/>
								<integer name="icon_y" value="85"/>
							</object>
							<object name="TPort_42">
								<integer name="icon_x" value="454"/>
								<integer name="icon_y" value="85"/>
							</object>
							<object name="TPort_44">
								<integer name="icon_x" value="3"/>
								<integer name="icon_y" value="126"/>
							</object>
							<object name="TPort_45">
								<integer name="icon_x" value="44"/>
								<integer name="icon_y" value="126"/>
							</object>
							<object name="TPort_46">
								<integer name="icon_x" value="85"/>
								<integer name="icon_y" value="126"/>
							</object>
							<object name="TPort_47">
								<integer name="icon_x" value="126"/>
								<integer name="icon_y" value="126"/>
							</object>
						</object>
						<integer name="icon_x" value="9"/>
						<integer name="icon_y" value="99"/>
					</object>
					<object name="TPort_48">
						<integer name="icon_x" value="150"/>
						<integer name="icon_y" value="98"/>
					</object>
					<object name="TPort_49">
						<integer name="icon_x" value="275"/>
						<integer name="icon_y" value="98"/>
					</object>
					<object name="TPort_50">
						<integer name="icon_x" value="391"/>
						<integer name="icon_y" value="97"/>
					</object>
					<object name="TPort_51">
						<integer name="icon_x" value="501"/>
						<integer name="icon_y" value="99"/>
					</object>
					<object name="TPort_52">
						<object name="SubSlots">
							<object name="TPort_53">
								<object name="SubSlots"/>
								<integer name="icon_x" value="101"/>
								<integer name="icon_y" value="270"/>
							</object>
						</object>
						<integer name="icon_x" value="14"/>
						<integer name="icon_y" value="334"/>
					</object>
					<object name="TPort_54">
						<object name="SubSlots">
							<object name="TPort_55">
								<object name="SubSlots"/>
								<integer name="icon_x" value="163"/>
								<integer name="icon_y" value="178"/>
							</object>
						</object>
						<integer name="icon_x" value="386"/>
						<integer name="icon_y" value="339"/>
					</object>
					<object name="TPort_56">
						<object name="SubSlots">
							<object name="TPort_57">
								<object name="SubSlots"/>
								<integer name="icon_x" value="25"/>
								<integer name="icon_y" value="320"/>
							</object>
						</object>
						<integer name="icon_x" value="404"/>
						<integer name="icon_y" value="276"/>
					</object>
					<object name="TPort_6">
						<object name="SubSlots">
							<object name="TPort_5">
								<integer name="icon_x" value="249"/>
								<integer name="icon_y" value="126"/>
							</object>
						</object>
						<integer name="icon_x" value="367"/>
						<integer name="icon_y" value="195"/>
					</object>
					<object name="TPort_61">
						<object name="SubSlots">
							<object name="TPort_58">
								<integer name="icon_x" value="85"/>
								<integer name="icon_y" value="167"/>
							</object>
							<object name="TPort_59">
								<object name="SubSlots"/>
								<integer name="icon_x" value="126"/>
								<integer name="icon_y" value="167"/>
							</object>
							<object name="TPort_60">
								<integer name="icon_x" value="208"/>
								<integer name="icon_y" value="167"/>
							</object>
						</object>
						<integer name="icon_x" value="168"/>
						<integer name="icon_y" value="335"/>
					</object>
					<object name="TPort_65">
						<object name="SubSlots">
							<object name="TPort_62">
								<integer name="icon_x" value="290"/>
								<integer name="icon_y" value="167"/>
							</object>
							<object name="TPort_63">
								<integer name="icon_x" value="331"/>
								<integer name="icon_y" value="167"/>
							</object>
							<object name="TPort_64">
								<integer name="icon_x" value="372"/>
								<integer name="icon_y" value="167"/>
							</object>
						</object>
						<integer name="icon_x" value="418"/>
						<integer name="icon_y" value="16"/>
					</object>
					<object name="TPort_67">
						<object name="SubSlots">
							<object name="TPort_66">
								<integer name="icon_x" value="454"/>
								<integer name="icon_y" value="167"/>
							</object>
						</object>
						<integer name="icon_x" value="118"/>
						<integer name="icon_y" value="14"/>
					</object>
					<object name="TPort_9">
						<object name="SubSlots">
							<object name="TPort_10">
								<integer name="icon_x" value="85"/>
								<integer name="icon_y" value="3"/>
							</object>
							<object name="TPort_7">
								<integer name="icon_x" value="3"/>
								<integer name="icon_y" value="208"/>
							</object>
							<object name="TPort_8">
								<integer name="icon_x" value="44"/>
								<integer name="icon_y" value="208"/>
							</object>
						</object>
						<integer name="icon_x" value="523"/>
						<integer name="icon_y" value="15"/>
					</object>
					<object name="TPort_Katapulta">
						<integer name="icon_x" value="60"/>
						<integer name="icon_y" value="20"/>
					</object>
					<object name="ZPort_AAGunContr1">
						<integer name="icon_x" value="275"/>
						<integer name="icon_y" value="274"/>
					</object>
					<object name="ZPort_Bridge">
						<integer name="icon_x" value="44"/>
						<integer name="icon_y" value="3"/>
					</object>
					<object name="ZPort_FuelTank">
						<integer name="icon_x" value="85"/>
						<integer name="icon_y" value="3"/>
					</object>
					<object name="ZPort_Jammer_JS_A">
						<integer name="icon_x" value="126"/>
						<integer name="icon_y" value="3"/>
					</object>
					<object name="ZPort_Jammer_US_A1">
						<integer name="icon_x" value="554"/>
						<integer name="icon_y" value="277"/>
					</object>
					<object name="ZPort_MainGunContr">
						<integer name="icon_x" value="14"/>
						<integer name="icon_y" value="275"/>
					</object>
					<object name="ZPort_Radio">
						<integer name="icon_x" value="170"/>
						<integer name="icon_y" value="275"/>
					</object>
					<object name="ZPort_Rudder">
						<integer name="icon_x" value="290"/>
						<integer name="icon_y" value="3"/>
					</object>
					<object name="ZPort_Sonar">
						<integer name="icon_x" value="555"/>
						<integer name="icon_y" value="340"/>
					</object>
					<object name="ZPort_Sonar1">
						<integer name="icon_x" value="372"/>
						<integer name="icon_y" value="3"/>
					</object>
					<object name="ZPort_SteamTurbine_01">
						<integer name="icon_x" value="279"/>
						<integer name="icon_y" value="348"/>
					</object>
				</object>
			</object>
			</object>
			</object>
                 </root>