﻿<?xml version = "1.0" encoding = "UTF-8"?>
<root>
	<object name = "SteelMonstersParams">
		<object name="Ships">
			<object name="Dorset">
				<float name="AccelRate" value="3.e-004"/>
				<string name="Airgroup" value="Scout_ShipWater_Battleship_Battalion_england"/>
				<integer name="AirplanesCount" value="2"/>
				<string name="AmmoLoadingTemplate" value="Ammo 120"/>
				<boolean name="BoatsTransportationAbility" value="false"/>
				<integer name="CabinArmor" value="165"/>
				<boolean name="CanBeChanged" value="true"/>
				<boolean name="CanUseTorpedos" value="true"/>
				<string name="CatapultAirgroupDefaultUnit" value="Walrus"/>
				<integer name="Country" value="3"/>
				<integer name="Crew" value="700"/>
				<float name="CriticalCareen" value="37."/>
				<float name="CriticalDFT" value="2.1"/>
				<float name="CriticalDifferent" value="2.4"/>
				<float name="DTimeProd" value="100."/>
				<float name="DisplacementMax" value="13290."/>
				<float name="EPR" value="405."/>
				<float name="FireRisk" value="1467."/>
				<float name="Fuel" value="3210."/>
				<float name="HLShapeCoef" value="0.8"/>
				<integer name="HullArmorSide" value="152"/>
				<integer name="HullArmorTop" value="130"/>
				<float name="Iron" value="15500."/>
				<integer name="Length" value="192.9"/>
				<float name="MaxSpeed" value="32.25"/>
				<integer name="MinCrew" value="513"/>
				<float name="Money" value="22000."/>
				<float name="NTimeProd" value="250."/>
				<string name="Name" value="Dorset"/>
				<boolean name="New" value="true"/>
				<integer name="Nuc_Dest_Prob" value="400"/>
				<integer name="Passengers" value="50"/>
				<boolean name="PlanesTransportationAbility" value="false"/>
				<float name="Range" value="22500."/>
				<integer name="Rank" value="2"/>
				<string name="SMU" value="Dorset"/>
				<float name="Speed" value="12."/>
				<float name="StoreCapacity" value="1000."/>
				<boolean name="Transportable" value="false"/>
				<float name="TurnRate" value="1.5e-003"/>
				<integer name="Type" value="2"/>
				<float name="Vitality" value="7000."/>
				<float name="VitalityAA" value="1000."/>
				<float name="Weight" value="9900."/>
				<integer name="Width" value="20.1"/>
				<integer name="Year" value="39"/>
			</object>
		</object>
		<object name="ShipsNames">
			<object name="Dorset">
				<string name="1" value="Dorset"/>
			</object>
		</object>
		<object name="UnitsByType">
			<object name="2">
				<object name="Dorset">
					<string name="ChildTable" value="Ships"/>
				</object>
			</object>
		</object>
	</object>
</root>
