﻿<?xml version = "1.0" encoding = "UTF-8"?>
<root>
	<object name = "SteelMonstersParams">
		<object name="Ships">
			<object name="Zuki">
				<float name="AccelRate" value="3.e-004"/>
				<string name="Airgroup" value="AircraftCarrier_Group_Zuikaku_japan"/>
				<integer name="AirplanesCount" value="84"/>
				<string name="AmmoLoadingTemplate" value="Ammo 500, BV_246_Frag_ST 10, BV_246_Com_ST 10, BV_246_Frag_SR 10, BV_246_Com_SR 10, Hs_293_R 20, Hs_293_P 20, Hs_293_ST 20, Torp_Jap_Mk91 15, Torp_Jap_Mk91_M_I 15, Torp_Jap_Mk91_A_SA 15, WGr21_GP 180"/>
				<integer name="Avia" value="2"/>
				<boolean name="BoatsTransportationAbility" value="false"/>
				<integer name="CabinArmor" value="20"/>
				<boolean name="CanBeChanged" value="true"/>
				<boolean name="CanUseTorpedos" value="false"/>
				<integer name="Country" value="2"/>
				<integer name="Crew" value="1660"/>
				<float name="CriticalCareen" value="37."/>
				<float name="CriticalDFT" value="2.3"/>
				<float name="CriticalDifferent" value="2.3"/>
				<float name="DisplacementMax" value="32105."/>
				<float name="DTimeProd" value="120."/>
				<float name="EPR" value="460."/>
				<float name="FireRisk" value="2000."/>
				<float name="Fuel" value="3500."/>
				<float name="HLShapeCoef" value="0.75"/>
				<integer name="HullArmorSide" value="165"/>
				<integer name="HullArmorTop" value="180"/>
				<float name="Iron" value="33000."/>
				<integer name="Length" value="257.5"/>
				<float name="MaxSpeed" value="34.2"/>
				<integer name="MinCrew" value="747"/>
				<float name="Money" value="35000."/>
				<string name="Name" value="Zuki"/>
				<boolean name="New" value="false"/>
				<float name="NTimeProd" value="300."/>
				<integer name="Nuc_Dest_Prob" value="450"/>
				<integer name="Passengers" value="100"/>
				<boolean name="PlanesTransportationAbility" value="true"/>
				<float name="Range" value="14300"/>
				<integer name="Rank" value="1"/>
				<string name="SMU" value="Zuki"/>
				<float name="Speed" value="18."/>
				<float name="StoreCapacity" value="1600."/>
				<boolean name="Transportable" value="false"/>
				<float name="TurnRate" value="1.5e-003"/>
				<integer name="Type" value="0"/>
				<float name="Vitality" value="4000."/>
				<float name="VitalityAA" value="1200."/>
				<float name="Weight" value="25675."/>
				<integer name="Width" value="26"/>
				<integer name="Year" value="40"/>
			</object>
		</object>
		<object name="Hit_Location">
			<object name="Zuki3145">
				<integer name="Country" value="2"/>
				<float name="ER" value="350."/>
				<string name="Hull" value="Std_Hull"/>
				<string name="Name" value="Stern_Elevator"/>
				<string name="TypHL" value="Hull"/>
				<string name="UnitName" value="Zuki"/>
			</object>
			<object name="Zuki3146">
				<string name="ConnectName" value="Stern1_Engine4"/>
				<integer name="Country" value="2"/>
				<float name="ER" value="350."/>
				<string name="Hull" value="Std_Mover"/>
				<string name="Name" value="Mover4"/>
				<string name="TypHL" value="Mover"/>
				<string name="UnitName" value="Zuki"/>
			</object>
			<object name="Zuki3147">
				<string name="ConnectName" value="Stern1_Engine3"/>
				<integer name="Country" value="2"/>
				<float name="ER" value="350."/>
				<string name="Hull" value="Std_Mover"/>
				<string name="Name" value="Mover3"/>
				<string name="TypHL" value="Mover"/>
				<string name="UnitName" value="Zuki"/>
			</object>
			<object name="Zuki3148">
				<string name="ConnectName" value="Stern1_Engine1"/>
				<integer name="Country" value="2"/>
				<float name="ER" value="350."/>
				<string name="Hull" value="Std_Mover"/>
				<string name="Name" value="Mover1"/>
				<string name="TypHL" value="Mover"/>
				<string name="UnitName" value="Zuki"/>
			</object>
			<object name="Zuki3149">
				<integer name="Country" value="2"/>
				<float name="ER" value="350."/>
				<string name="Hull" value="Std_Hull"/>
				<string name="Name" value="Tiller"/>
				<string name="TypHL" value="Hull"/>
				<string name="UnitName" value="Zuki"/>
			</object>
			<object name="Zuki3150">
				<integer name="Country" value="2"/>
				<float name="ER" value="350."/>
				<string name="Hull" value="Std_RAMP"/>
				<string name="Name" value="Rudder"/>
				<string name="TypHL" value="Rudder"/>
				<string name="UnitName" value="Zuki"/>
			</object>
			<object name="Zuki3151">
				<integer name="Country" value="2"/>
				<integer name="Crew" value="900"/>
				<float name="ER" value="350."/>
				<string name="Hull" value="Std_UpperHull"/>
				<string name="Name" value="OperationControl"/>
				<string name="TypHL" value="Crew"/>
				<string name="UnitName" value="Zuki"/>
			</object>
			<object name="Zuki3152">
				<integer name="Country" value="2"/>
				<float name="ER" value="350."/>
				<string name="Hull" value="Std_Probe"/>
				<string name="Name" value="Probe_AA"/>
				<string name="TypHL" value="Probe"/>
				<string name="UnitName" value="Zuki"/>
			</object>
			<object name="Zuki3153">
				<integer name="Country" value="2"/>
				<float name="ER" value="350."/>
				<string name="Hull" value="Std_Probe"/>
				<string name="Name" value="Probe_Radar"/>
				<string name="TypHL" value="Probe"/>
				<string name="UnitName" value="Zuki"/>
			</object>
			<object name="Zuki3154">
				<integer name="Country" value="2"/>
				<integer name="Crew" value="900"/>
				<float name="ER" value="350."/>
				<string name="Hull" value="Std_Hull"/>
				<string name="Name" value="BattleCabine"/>
				<string name="TypHL" value="Crew"/>
				<string name="UnitName" value="Zuki"/>
			</object>
			<object name="Zuki3155">
				<integer name="Country" value="2"/>
				<float name="ER" value="350."/>
				<string name="Hull" value="Std_Probe"/>
				<string name="Name" value="Probe_Radio"/>
				<string name="TypHL" value="Probe"/>
				<string name="UnitName" value="Zuki"/>
			</object>
			<object name="Zuki3156">
				<integer name="Country" value="2"/>
				<float name="ER" value="350."/>
				<string name="Hull" value="Std_Hull"/>
				<string name="Name" value="Bow1_LowerDeck"/>
				<string name="TypHL" value="Hull"/>
				<string name="UnitName" value="Zuki"/>
			</object>
			<object name="Zuki3157">
				<integer name="Country" value="2"/>
				<float name="ER" value="350."/>
				<string name="Hull" value="Std_Bottom"/>
				<string name="Name" value="Bow1_Bottom"/>
				<string name="TypHL" value="Hull"/>
				<string name="UnitName" value="Zuki"/>
			</object>
			<object name="Zuki3158">
				<integer name="Country" value="2"/>
				<float name="ER" value="350."/>
				<string name="Hull" value="Std_UpperHull"/>
				<string name="Name" value="Bow1_MiddleDeck"/>
				<string name="TypHL" value="Hull"/>
				<string name="UnitName" value="Zuki"/>
			</object>
			<object name="Zuki3159">
				<integer name="Country" value="2"/>
				<float name="ER" value="350."/>
				<string name="Hull" value="Std_Bottom"/>
				<string name="Name" value="Stern2_Bottom"/>
				<string name="TypHL" value="Hull"/>
				<string name="UnitName" value="Zuki"/>
			</object>
			<object name="Zuki3160">
				<integer name="Country" value="2"/>
				<float name="ER" value="350."/>
				<string name="Hull" value="Zuki_FDeck"/>
				<string name="Name" value="Bow1_FlightDeck"/>
				<string name="TypHL" value="Hull"/>
				<string name="UnitName" value="Zuki"/>
			</object>
			<object name="Zuki3161">
				<integer name="Country" value="2"/>
				<float name="ER" value="350."/>
				<string name="Hull" value="Zuki_FDeck"/>
				<string name="Name" value="Stern1_FlightDeck"/>
				<string name="TypHL" value="Hull"/>
				<string name="UnitName" value="Zuki"/>
			</object>
			<object name="Zuki3162">
				<integer name="Country" value="2"/>
				<float name="ER" value="350."/>
				<string name="Hull" value="Zuki_FDeck"/>
				<string name="Name" value="Stern2_FlightDeck"/>
				<string name="TypHL" value="Hull"/>
				<string name="UnitName" value="Zuki"/>
			</object>
			<object name="Zuki3163">
				<integer name="Country" value="2"/>
				<float name="ER" value="350."/>
				<string name="Hull" value="Std_Hull"/>
				<string name="Name" value="Stern2_Hungur"/>
				<string name="TypHL" value="Hull"/>
				<string name="UnitName" value="Zuki"/>
			</object>
			<object name="Zuki3165">
				<integer name="Country" value="2"/>
				<float name="ER" value="350."/>
				<string name="Hull" value="Std_Hull"/>
				<string name="Name" value="Bow2_Elevator"/>
				<string name="TypHL" value="Hull"/>
				<string name="UnitName" value="Zuki"/>
			</object>
			<object name="Zuki3166">
				<integer name="Country" value="2"/>
				<float name="ER" value="350."/>
				<string name="Hull" value="Std_Bottom"/>
				<string name="Name" value="Bow2_LBottom"/>
				<string name="TypHL" value="Hull"/>
				<string name="UnitName" value="Zuki"/>
			</object>
			<object name="Zuki3167">
				<integer name="Country" value="2"/>
				<float name="ER" value="350."/>
				<string name="Hull" value="Std_Bottom"/>
				<string name="Name" value="Bow2_RBottom"/>
				<string name="TypHL" value="Hull"/>
				<string name="UnitName" value="Zuki"/>
			</object>
			<object name="Zuki3168">
				<integer name="Country" value="2"/>
				<float name="ER" value="350."/>
				<string name="Hull" value="Std_LAMP"/>
				<string name="Name" value="Bow2_LAMP"/>
				<string name="TypHL" value="Hull"/>
				<string name="UnitName" value="Zuki"/>
			</object>
			<object name="Zuki3169">
				<integer name="Country" value="2"/>
				<float name="ER" value="350."/>
				<string name="Hull" value="Zuki_ArmourDeck"/>
				<string name="Name" value="Bow2_LowerDeck"/>
				<string name="TypHL" value="Hull"/>
				<string name="UnitName" value="Zuki"/>
			</object>
			<object name="Zuki3170">
				<integer name="Country" value="2"/>
				<float name="ER" value="350."/>
				<string name="Hull" value="Std_FuelTank"/>
				<string name="Name" value="Bow2_FuelTank2"/>
				<string name="TypHL" value="FuelTank"/>
				<string name="UnitName" value="Zuki"/>
			</object>
			<object name="Zuki3171">
				<integer name="Country" value="2"/>
				<float name="ER" value="350."/>
				<string name="Hull" value="Std_FuelTank"/>
				<string name="Name" value="Bow2_FuelTank1"/>
				<string name="TypHL" value="FuelTank"/>
				<string name="UnitName" value="Zuki"/>
			</object>
			<object name="Zuki3172">
				<integer name="Country" value="2"/>
				<float name="ER" value="350."/>
				<string name="Hull" value="Std_FuelTank"/>
				<string name="Name" value="Bow2_FuelTank"/>
				<string name="TypHL" value="FuelTank"/>
				<string name="UnitName" value="Zuki"/>
			</object>
			<object name="Zuki3173">
				<integer name="Country" value="2"/>
				<float name="ER" value="350."/>
				<string name="Hull" value="Std_RAMP"/>
				<string name="Name" value="Bow2_RAMP"/>
				<string name="TypHL" value="Hull"/>
				<string name="UnitName" value="Zuki"/>
			</object>
			<object name="Zuki3174">
				<integer name="Country" value="2"/>
				<float name="ER" value="350."/>
				<string name="Hull" value="Zuki_LBelt2"/>
				<string name="Name" value="Bow2_LBelt"/>
				<string name="TypHL" value="Hull"/>
				<string name="UnitName" value="Zuki"/>
			</object>
			<object name="Zuki3175">
				<integer name="Country" value="2"/>
				<float name="ER" value="350."/>
				<string name="Hull" value="Zuki_RBelt2"/>
				<string name="Name" value="Bow2_RBelt"/>
				<string name="TypHL" value="Hull"/>
				<string name="UnitName" value="Zuki"/>
			</object>
			<object name="Zuki3176">
				<integer name="Country" value="2"/>
				<float name="ER" value="350."/>
				<string name="Hull" value="Zuki_ArmourDeck"/>
				<string name="Name" value="Bow2_MiddleDeck"/>
				<string name="TypHL" value="Hull"/>
				<string name="UnitName" value="Zuki"/>
			</object>
			<object name="Zuki3177">
				<integer name="Country" value="2"/>
				<float name="ER" value="350."/>
				<string name="Hull" value="Zuki_AmmoStore"/>
				<string name="Name" value="Bow2_AmmoStore"/>
				<float name="Param_1" value="0."/>
				<string name="TypHL" value="AmmoStore"/>
				<string name="UnitName" value="Zuki"/>
			</object>
			<object name="Zuki3178">
				<integer name="Country" value="2"/>
				<float name="ER" value="350."/>
				<string name="Hull" value="Std_AFuelTank"/>
				<string name="Name" value="Bow2_AAFuelTank"/>
				<float name="Param_1" value="500."/>
				<string name="TypHL" value="FuelTank"/>
				<string name="UnitName" value="Zuki"/>
			</object>
			<object name="Zuki3179">
				<integer name="Country" value="2"/>
				<float name="ER" value="350."/>
				<string name="Hull" value="Std_Hull"/>
				<string name="Name" value="Bow2_Hungur"/>
				<string name="TypHL" value="Hull"/>
				<string name="UnitName" value="Zuki"/>
			</object>
			<object name="Zuki3180">
				<integer name="Country" value="2"/>
				<float name="ER" value="350."/>
				<string name="Hull" value="Zuki_FDeck"/>
				<string name="Name" value="Bow2_FlightDeck"/>
				<string name="TypHL" value="Hull"/>
				<string name="UnitName" value="Zuki"/>
			</object>
			<object name="Zuki3182">
				<integer name="Country" value="2"/>
				<float name="ER" value="350."/>
				<string name="Hull" value="Std_Hull"/>
				<string name="Name" value="Middle_Elevator"/>
				<string name="TypHL" value="Hull"/>
				<string name="UnitName" value="Zuki"/>
			</object>
			<object name="Zuki3183">
				<integer name="Country" value="2"/>
				<float name="ER" value="350."/>
				<string name="Hull" value="Std_Bottom"/>
				<string name="Name" value="Middle2_LBottom"/>
				<string name="TypHL" value="Hull"/>
				<string name="UnitName" value="Zuki"/>
			</object>
			<object name="Zuki3184">
				<integer name="Country" value="2"/>
				<float name="ER" value="350."/>
				<string name="Hull" value="Std_Bottom"/>
				<string name="Name" value="Middle2_RBottom"/>
				<string name="TypHL" value="Hull"/>
				<string name="UnitName" value="Zuki"/>
			</object>
			<object name="Zuki3185">
				<integer name="Country" value="2"/>
				<float name="ER" value="350."/>
				<string name="Hull" value="Std_Bottom"/>
				<string name="Name" value="Middle1_LBottom"/>
				<string name="TypHL" value="Hull"/>
				<string name="UnitName" value="Zuki"/>
			</object>
			<object name="Zuki3186">
				<integer name="Country" value="2"/>
				<float name="ER" value="350."/>
				<string name="Hull" value="Std_Bottom"/>
				<string name="Name" value="Middle1_RBottom"/>
				<string name="TypHL" value="Hull"/>
				<string name="UnitName" value="Zuki"/>
			</object>
			<object name="Zuki3187">
				<integer name="Country" value="2"/>
				<float name="ER" value="350."/>
				<string name="Hull" value="Std_LAMP"/>
				<string name="Name" value="Middle1_LAMP"/>
				<string name="TypHL" value="Hull"/>
				<string name="UnitName" value="Zuki"/>
			</object>
			<object name="Zuki3188">
				<integer name="Country" value="2"/>
				<float name="ER" value="350."/>
				<string name="Hull" value="Std_LAMP"/>
				<string name="Name" value="Middle2_LAMP"/>
				<string name="TypHL" value="Hull"/>
				<string name="UnitName" value="Zuki"/>
			</object>
			<object name="Zuki3189">
				<integer name="Country" value="2"/>
				<float name="ER" value="350."/>
				<string name="Hull" value="Zuki_ArmourDeck"/>
				<string name="Name" value="Middle1_LowerDeck"/>
				<string name="TypHL" value="Hull"/>
				<string name="UnitName" value="Zuki"/>
			</object>
			<object name="Zuki3190">
				<integer name="Country" value="2"/>
				<float name="ER" value="350."/>
				<string name="Hull" value="Std_Boiler"/>
				<string name="Name" value="Middle1_Boiler1"/>
				<string name="TypHL" value="Boiler"/>
				<string name="UnitName" value="Zuki"/>
			</object>
			<object name="Zuki3191">
				<integer name="Country" value="2"/>
				<float name="ER" value="350."/>
				<string name="Hull" value="Std_Boiler"/>
				<string name="Name" value="Middle1_Boiler2"/>
				<string name="TypHL" value="Boiler"/>
				<string name="UnitName" value="Zuki"/>
			</object>
			<object name="Zuki3192">
				<integer name="Country" value="2"/>
				<float name="ER" value="350."/>
				<string name="Hull" value="Std_RAMP"/>
				<string name="Name" value="Middle2_RAMP"/>
				<string name="TypHL" value="Hull"/>
				<string name="UnitName" value="Zuki"/>
			</object>
			<object name="Zuki3193">
				<integer name="Country" value="2"/>
				<float name="ER" value="350."/>
				<string name="Hull" value="Zuki_ArmourDeck"/>
				<string name="Name" value="Middle2_LowerDeck"/>
				<string name="TypHL" value="Hull"/>
				<string name="UnitName" value="Zuki"/>
			</object>
			<object name="Zuki3194">
				<integer name="Country" value="2"/>
				<float name="ER" value="350."/>
				<string name="Hull" value="Std_Boiler"/>
				<string name="Name" value="Middle2_Boiler1"/>
				<string name="TypHL" value="Boiler"/>
				<string name="UnitName" value="Zuki"/>
			</object>
			<object name="Zuki3195">
				<integer name="Country" value="2"/>
				<float name="ER" value="350."/>
				<string name="Hull" value="Std_Boiler"/>
				<string name="Name" value="Middle2_Boiler2"/>
				<string name="TypHL" value="Boiler"/>
				<string name="UnitName" value="Zuki"/>
			</object>
			<object name="Zuki3196">
				<integer name="Country" value="2"/>
				<float name="ER" value="350."/>
				<string name="Hull" value="Std_RAMP"/>
				<string name="Name" value="Middle1_RAMP"/>
				<string name="TypHL" value="Hull"/>
				<string name="UnitName" value="Zuki"/>
			</object>
			<object name="Zuki3197">
				<integer name="Country" value="2"/>
				<float name="ER" value="350."/>
				<string name="Hull" value="Zuki_RBelt"/>
				<string name="Name" value="Middle_RBelt"/>
				<string name="TypHL" value="Hull"/>
				<string name="UnitName" value="Zuki"/>
			</object>
			<object name="Zuki3198">
				<integer name="Country" value="2"/>
				<float name="ER" value="350."/>
				<string name="Hull" value="Zuki_LBelt"/>
				<string name="Name" value="Middle_LBelt"/>
				<string name="TypHL" value="Hull"/>
				<string name="UnitName" value="Zuki"/>
			</object>
			<object name="Zuki3199">
				<integer name="Country" value="2"/>
				<float name="ER" value="350."/>
				<string name="Hull" value="Zuki_ArmourDeck"/>
				<string name="Name" value="Middle_MiddleDeck"/>
				<string name="TypHL" value="Hull"/>
				<string name="UnitName" value="Zuki"/>
			</object>
			<object name="Zuki3200">
				<integer name="Country" value="2"/>
				<float name="ER" value="350."/>
				<string name="Hull" value="Std_AFuelTank"/>
				<string name="Name" value="Middle_AAFuelTank"/>
				<float name="Param_1" value="500."/>
				<string name="TypHL" value="FuelTank"/>
				<string name="UnitName" value="Zuki"/>
			</object>
			<object name="Zuki3201">
				<integer name="Country" value="2"/>
				<float name="ER" value="350."/>
				<string name="Hull" value="Zuki_AmmoStore"/>
				<string name="Name" value="Middle_AmmoStore"/>
				<float name="Param_1" value="0."/>
				<string name="TypHL" value="AmmoStore"/>
				<string name="UnitName" value="Zuki"/>
			</object>
			<object name="Zuki3202">
				<integer name="Country" value="2"/>
				<float name="ER" value="350."/>
				<string name="Hull" value="Zuki_FDeck"/>
				<string name="Name" value="Middle_FlightDeck"/>
				<string name="TypHL" value="Hull"/>
				<string name="UnitName" value="Zuki"/>
			</object>
			<object name="Zuki3203">
				<integer name="Country" value="2"/>
				<float name="ER" value="350."/>
				<string name="Hull" value="Std_Hull"/>
				<string name="Name" value="Middle_Hungur"/>
				<string name="TypHL" value="Hull"/>
				<string name="UnitName" value="Zuki"/>
			</object>
			<object name="Zuki3205">
				<integer name="Country" value="2"/>
				<float name="ER" value="350."/>
				<string name="Hull" value="Std_Bottom"/>
				<string name="Name" value="Stern1_LBottom1"/>
				<string name="TypHL" value="Hull"/>
				<string name="UnitName" value="Zuki"/>
			</object>
			<object name="Zuki3206">
				<integer name="Country" value="2"/>
				<float name="ER" value="350."/>
				<string name="Hull" value="Std_Bottom"/>
				<string name="Name" value="Stern1_RBottom1"/>
				<string name="TypHL" value="Hull"/>
				<string name="UnitName" value="Zuki"/>
			</object>
			<object name="Zuki3207">
				<integer name="Country" value="2"/>
				<float name="ER" value="350."/>
				<string name="Hull" value="Std_Bottom"/>
				<string name="Name" value="Stern1_LBottom2"/>
				<string name="TypHL" value="Hull"/>
				<string name="UnitName" value="Zuki"/>
			</object>
			<object name="Zuki3208">
				<integer name="Country" value="2"/>
				<float name="ER" value="350."/>
				<string name="Hull" value="Std_Bottom"/>
				<string name="Name" value="Stern1_RBottom2"/>
				<string name="TypHL" value="Hull"/>
				<string name="UnitName" value="Zuki"/>
			</object>
			<object name="Zuki3209">
				<integer name="Country" value="2"/>
				<float name="ER" value="350."/>
				<string name="Hull" value="Std_RAMP"/>
				<string name="Name" value="Stern1_RAMP2"/>
				<string name="TypHL" value="Hull"/>
				<string name="UnitName" value="Zuki"/>
			</object>
			<object name="Zuki3210">
				<integer name="Country" value="2"/>
				<float name="ER" value="350."/>
				<string name="Hull" value="Zuki_ArmourDeck"/>
				<string name="Name" value="Stern1_LowerDeck2"/>
				<string name="TypHL" value="Hull"/>
				<string name="UnitName" value="Zuki"/>
			</object>
			<object name="Zuki3211">
				<string name="ConnectName" value="Middle2_Boiler2"/>
				<integer name="Country" value="2"/>
				<float name="ER" value="350."/>
				<string name="Hull" value="Std_Engine"/>
				<string name="Name" value="Stern1_Engine4"/>
				<string name="TypHL" value="Engine"/>
				<string name="UnitName" value="Zuki"/>
			</object>
			<object name="Zuki3212">
				<string name="ConnectName" value="Middle2_Boiler1"/>
				<integer name="Country" value="2"/>
				<float name="ER" value="350."/>
				<string name="Hull" value="Std_Engine"/>
				<string name="Name" value="Stern1_Engine3"/>
				<string name="TypHL" value="Engine"/>
				<string name="UnitName" value="Zuki"/>
			</object>
			<object name="Zuki3213">
				<integer name="Country" value="2"/>
				<float name="ER" value="350."/>
				<string name="Hull" value="Std_LAMP"/>
				<string name="Name" value="Stern1_LAMP1"/>
				<string name="TypHL" value="Hull"/>
				<string name="UnitName" value="Zuki"/>
			</object>
			<object name="Zuki3214">
				<integer name="Country" value="2"/>
				<float name="ER" value="350."/>
				<string name="Hull" value="Std_LAMP"/>
				<string name="Name" value="Stern1_LAMP2"/>
				<string name="TypHL" value="Hull"/>
				<string name="UnitName" value="Zuki"/>
			</object>
			<object name="Zuki3215">
				<integer name="Country" value="2"/>
				<float name="ER" value="350."/>
				<string name="Hull" value="Std_RAMP"/>
				<string name="Name" value="Stern1_RAMP1"/>
				<string name="TypHL" value="Hull"/>
				<string name="UnitName" value="Zuki"/>
			</object>
			<object name="Zuki3216">
				<integer name="Country" value="2"/>
				<float name="ER" value="350."/>
				<string name="Hull" value="Zuki_ArmourDeck"/>
				<string name="Name" value="Stern1_LowerDeck1"/>
				<string name="TypHL" value="Hull"/>
				<string name="UnitName" value="Zuki"/>
			</object>
			<object name="Zuki3217">
				<string name="ConnectName" value="Middle1_Boiler2"/>
				<integer name="Country" value="2"/>
				<float name="ER" value="350."/>
				<string name="Hull" value="Std_Engine"/>
				<string name="Name" value="Stern1_Engine2"/>
				<string name="TypHL" value="Engine"/>
				<string name="UnitName" value="Zuki"/>
			</object>
			<object name="Zuki3218">
				<string name="ConnectName" value="Middle1_Boiler1"/>
				<integer name="Country" value="2"/>
				<float name="ER" value="350."/>
				<string name="Hull" value="Std_Engine"/>
				<string name="Name" value="Stern1_Engine1"/>
				<string name="TypHL" value="Engine"/>
				<string name="UnitName" value="Zuki"/>
			</object>
			<object name="Zuki3219">
				<integer name="Country" value="2"/>
				<float name="ER" value="350."/>
				<string name="Hull" value="Zuki_ArmourDeck2"/>
				<string name="Name" value="Stern1_MiddleDeck"/>
				<string name="TypHL" value="Hull"/>
				<string name="UnitName" value="Zuki"/>
			</object>
			<object name="Zuki3220">
				<integer name="Country" value="2"/>
				<float name="ER" value="350."/>
				<string name="Hull" value="Std_AFuelTank"/>
				<string name="Name" value="Stern1_AAFuelTank"/>
				<float name="Param_1" value="500."/>
				<string name="TypHL" value="FuelTank"/>
				<string name="UnitName" value="Zuki"/>
			</object>
			<object name="Zuki3221">
				<integer name="Country" value="2"/>
				<float name="ER" value="350."/>
				<string name="Hull" value="Zuki_AmmoStore"/>
				<string name="Name" value="Stern1_AmmoStore"/>
				<float name="Param_1" value="0."/>
				<string name="TypHL" value="AmmoStore"/>
				<string name="UnitName" value="Zuki"/>
			</object>
			<object name="Zuki3222">
				<integer name="Country" value="2"/>
				<float name="ER" value="350."/>
				<string name="Hull" value="Zuki_RBelt2"/>
				<string name="Name" value="Stern1_RBelt"/>
				<string name="TypHL" value="Hull"/>
				<string name="UnitName" value="Zuki"/>
			</object>
			<object name="Zuki3223">
				<integer name="Country" value="2"/>
				<float name="ER" value="350."/>
				<string name="Hull" value="Zuki_LBelt2"/>
				<string name="Name" value="Stern1_LBelt"/>
				<string name="TypHL" value="Hull"/>
				<string name="UnitName" value="Zuki"/>
			</object>
			<object name="Zuki3224">
				<integer name="Country" value="2"/>
				<float name="ER" value="350."/>
				<string name="Hull" value="Std_Hull"/>
				<string name="Name" value="Stern1_Hungur"/>
				<string name="TypHL" value="Hull"/>
				<string name="UnitName" value="Zuki"/>
			</object>
			<object name="Zuki9144">
				<string name="ConnectName" value="Stern1_Engine2"/>
				<integer name="Country" value="2"/>
				<float name="ER" value="350."/>
				<string name="Hull" value="Std_Mover"/>
				<string name="Name" value="Mover2"/>
				<string name="TypHL" value="Mover"/>
				<string name="UnitName" value="Zuki"/>
			</object>
		</object>
		<object name="Hulls">
			<object name="Zuki_ArmourDeck">
				<integer name="Back" value="25"/>
				<integer name="Bottom" value="25"/>
				<integer name="Country" value="2"/>
				<float name="ExplProb" value="0."/>
				<float name="FireProb" value="20."/>
				<integer name="Front" value="25"/>
				<integer name="Left" value="25"/>
				<string name="Material" value="Armored"/>
				<integer name="Right" value="25"/>
				<integer name="Top" value="90"/>
				<integer name="UnitName" value="0"/>
				<string name="UnitTyp" value="Ship"/>
			</object>
			<object name="Zuki_ArmourDeck2">
				<integer name="Back" value="25"/>
				<integer name="Bottom" value="25"/>
				<integer name="Country" value="2"/>
				<float name="ExplProb" value="0."/>
				<float name="FireProb" value="20."/>
				<integer name="Front" value="25"/>
				<integer name="Left" value="25"/>
				<string name="Material" value="Armored"/>
				<integer name="Right" value="25"/>
				<integer name="Top" value="90"/>
				<integer name="UnitName" value="0"/>
				<string name="UnitTyp" value="Ship"/>
			</object>
			<object name="Zuki_LBelt">
				<integer name="Back" value="25"/>
				<integer name="Bottom" value="25"/>
				<integer name="Country" value="2"/>
				<float name="ExplProb" value="0."/>
				<float name="FireProb" value="10."/>
				<integer name="Front" value="25"/>
				<integer name="Left" value="165"/>
				<string name="Material" value="Armored"/>
				<integer name="Right" value="25"/>
				<integer name="Top" value="165"/>
				<integer name="UnitName" value="0"/>
				<string name="UnitTyp" value="Ship"/>
			</object>
			<object name="Zuki_LBelt2">
				<integer name="Back" value="25"/>
				<integer name="Bottom" value="25"/>
				<integer name="Country" value="2"/>
				<float name="ExplProb" value="0."/>
				<float name="FireProb" value="10."/>
				<integer name="Front" value="25"/>
				<integer name="Left" value="45"/>
				<string name="Material" value="Armored"/>
				<integer name="Right" value="25"/>
				<integer name="Top" value="45"/>
				<integer name="UnitName" value="0"/>
				<string name="UnitTyp" value="Ship"/>
			</object>
			<object name="Zuki_RBelt">
				<integer name="Back" value="25"/>
				<integer name="Bottom" value="25"/>
				<integer name="Country" value="2"/>
				<float name="ExplProb" value="0."/>
				<float name="FireProb" value="10."/>
				<integer name="Front" value="25"/>
				<integer name="Left" value="25"/>
				<string name="Material" value="Armored"/>
				<integer name="Right" value="165"/>
				<integer name="Top" value="165"/>
				<integer name="UnitName" value="0"/>
				<string name="UnitTyp" value="Ship"/>
			</object>
			<object name="Zuki_RBelt2">
				<integer name="Back" value="25"/>
				<integer name="Bottom" value="25"/>
				<integer name="Country" value="2"/>
				<float name="ExplProb" value="0."/>
				<float name="FireProb" value="10."/>
				<integer name="Front" value="25"/>
				<integer name="Left" value="25"/>
				<string name="Material" value="Armored"/>
				<integer name="Right" value="45"/>
				<integer name="Top" value="45"/>
				<integer name="UnitName" value="0"/>
				<string name="UnitTyp" value="Ship"/>
			</object>
			<object name="Zuki_AmmoStore">
				<integer name="Back" value="160"/>
				<integer name="Bottom" value="132"/>
				<integer name="Country" value="2"/>
				<float name="ExplProb" value="30."/>
				<float name="FireProb" value="20."/>
				<integer name="Front" value="160"/>
				<integer name="Left" value="160"/>
				<string name="Material" value="Armored"/>
				<integer name="Right" value="160"/>
				<integer name="Top" value="132"/>
				<integer name="UnitName" value="0"/>
				<string name="UnitTyp" value="Ship"/>
			</object>
			<object name="Zuki_FDeck">
				<integer name="Back" value="25"/>
				<integer name="Bottom" value="25"/>
				<integer name="Country" value="2"/>
				<float name="ExplProb" value="0."/>
				<float name="FireProb" value="20."/>
				<integer name="Front" value="25"/>
				<integer name="Left" value="25"/>
				<string name="Material" value="Steel"/>
				<integer name="Right" value="25"/>
				<integer name="Top" value="25"/>
				<integer name="UnitName" value="0"/>
				<string name="UnitTyp" value="Ship"/>
			</object>
		</object>
		<object name="ShipsNames">
			<object name="Zuki">
				<string name="1" value="Zuki1"/>
			</object>
		</object>
		<object name="UnitsByType">
			<object name="0">
				<object name="Zuki">
					<string name="ChildTable" value="Ships"/>
				</object>
			</object>
		</object>
	</object>
</root>
