﻿xml version="1.0" standalone="yes" ?>
<root>
	<object name="Modifications">
		<object name="SubUnits">
			<object name="2x203mm_Hipper_Turret_Anton">
				<object name="TPort_0">
					<string name="Device" value="Hipper_203mm_Stvol"/>
					<string name="Table" value="Rifles"/>
				</object>
				<object name="TPort_1">
					<string name="Device" value="Hipper_203mm_Stvol"/>
					<string name="Table" value="Rifles"/>
				</object>
			</object>
			<object name="2x203mm_Hipper_Turret_Bruno">
				<object name="TPort_0">
					<string name="Device" value="Hipper_203mm_Stvol"/>
					<string name="Table" value="Rifles"/>
				</object>
				<object name="TPort_1">
					<string name="Device" value="Hipper_203mm_Stvol"/>
					<string name="Table" value="Rifles"/>
				</object>
			</object>
			<object name="2x203mm_Hipper_Turret_Cesar">
				<object name="TPort_0">
					<string name="Device" value="Hipper_203mm_Stvol"/>
					<string name="Table" value="Rifles"/>
				</object>
				<object name="TPort_1">
					<string name="Device" value="Hipper_203mm_Stvol"/>
					<string name="Table" value="Rifles"/>
				</object>
			</object>
			<object name="2x203mm_Hipper_Turret_Dora">
				<object name="TPort_0">
					<string name="Device" value="Hipper_203mm_Stvol"/>
					<string name="Table" value="Rifles"/>
				</object>
				<object name="TPort_1">
					<string name="Device" value="Hipper_203mm_Stvol"/>
					<string name="Table" value="Rifles"/>
				</object>
			</object>
		</object>
	</object>
</root>

