﻿<?xml version="1.0" standalone="yes" ?>
<root>
	<object name="SteelMonstersParams">
		<object name="Hit_Location">
			<object name="A7824">
				<integer name="Country" value="3"/>
				<float name="ER" value="10."/>
				<string name="Hull" value="Std_Turret_RF"/>
				<string name="Name" value="LRangefinder"/>
				<string name="TypHL" value="Probe"/>
				<string name="UnitName" value="Dorsetshire_Gun_203_Turret_A"/>
			</object>
			<object name="A7825">
				<integer name="Country" value="3"/>
				<float name="ER" value="10."/>
				<string name="Hull" value="Std_Turret_RF"/>
				<string name="Name" value="RRangefinder"/>
				<string name="TypHL" value="Probe"/>
				<string name="UnitName" value="Dorsetshire_Gun_203_Turret_A"/>
			</object>
			<object name="A7826">
				<integer name="Country" value="3"/>
				<float name="ER" value="10."/>
				<string name="Hull" value="Dorsetshire_MTShakegeban"/>
				<string name="Name" value="Shakegeban"/>
				<string name="TypHL" value="Probe"/>
				<string name="UnitName" value="Dorsetshire_Gun_203_Turret_A"/>
			</object>
			<object name="A7827">
				<integer name="Country" value="3"/>
				<float name="ER" value="100."/>
				<string name="Hull" value="Dorsetshire_MTurret"/>
				<string name="Name" value="Turret"/>
				<string name="TypHL" value="AmmoStore"/>
				<string name="UnitName" value="Dorsetshire_Gun_203_Turret_A"/>
			</object>
			<object name="B7824">
				<integer name="Country" value="3"/>
				<float name="ER" value="10."/>
				<string name="Hull" value="Std_Turret_RF"/>
				<string name="Name" value="LRangefinder"/>
				<string name="TypHL" value="Probe"/>
				<string name="UnitName" value="Dorsetshire_Gun_203_Turret_B"/>
			</object>
			<object name="B7825">
				<integer name="Country" value="3"/>
				<float name="ER" value="10."/>
				<string name="Hull" value="Std_Turret_RF"/>
				<string name="Name" value="RRangefinder"/>
				<string name="TypHL" value="Probe"/>
				<string name="UnitName" value="Dorsetshire_Gun_203_Turret_B"/>
			</object>
			<object name="B7826">
				<integer name="Country" value="3"/>
				<float name="ER" value="10."/>
				<string name="Hull" value="Dorsetshire_MTShakegeban"/>
				<string name="Name" value="Shakegeban"/>
				<string name="TypHL" value="Probe"/>
				<string name="UnitName" value="Dorsetshire_Gun_203_Turret_B"/>
			</object>
			<object name="B7827">
				<integer name="Country" value="3"/>
				<float name="ER" value="100."/>
				<string name="Hull" value="Dorsetshire_MTurret"/>
				<string name="Name" value="Turret"/>
				<string name="TypHL" value="AmmoStore"/>
				<string name="UnitName" value="Dorsetshire_Gun_203_Turret_B"/>
			</object>
			<object name="C7824">
				<integer name="Country" value="3"/>
				<float name="ER" value="10."/>
				<string name="Hull" value="Std_Turret_RF"/>
				<string name="Name" value="LRangefinder"/>
				<string name="TypHL" value="Probe"/>
				<string name="UnitName" value="Dorsetshire_Gun_203_Turret_C"/>
			</object>
			<object name="C7825">
				<integer name="Country" value="3"/>
				<float name="ER" value="10."/>
				<string name="Hull" value="Std_Turret_RF"/>
				<string name="Name" value="RRangefinder"/>
				<string name="TypHL" value="Probe"/>
				<string name="UnitName" value="Dorsetshire_Gun_203_Turret_C"/>
			</object>
			<object name="C7826">
				<integer name="Country" value="3"/>
				<float name="ER" value="10."/>
				<string name="Hull" value="Dorsetshire_MTShakegeban"/>
				<string name="Name" value="Shakegeban"/>
				<string name="TypHL" value="Probe"/>
				<string name="UnitName" value="Dorsetshire_Gun_203_Turret_C"/>
			</object>
			<object name="C7827">
				<integer name="Country" value="3"/>
				<float name="ER" value="100."/>
				<string name="Hull" value="Dorsetshire_MTurret"/>
				<string name="Name" value="Turret"/>
				<string name="TypHL" value="AmmoStore"/>
				<string name="UnitName" value="Dorsetshire_Gun_203_Turret_C"/>
			</object>
			<object name="D7824">
				<integer name="Country" value="3"/>
				<float name="ER" value="10."/>
				<string name="Hull" value="Std_Turret_RF"/>
				<string name="Name" value="LRangefinder"/>
				<string name="TypHL" value="Probe"/>
				<string name="UnitName" value="Dorsetshire_Gun_203_Turret_D"/>
			</object>
			<object name="D7825">
				<integer name="Country" value="3"/>
				<float name="ER" value="10."/>
				<string name="Hull" value="Std_Turret_RF"/>
				<string name="Name" value="RRangefinder"/>
				<string name="TypHL" value="Probe"/>
				<string name="UnitName" value="Dorsetshire_Gun_203_Turret_D"/>
			</object>
			<object name="D7826">
				<integer name="Country" value="3"/>
				<float name="ER" value="10."/>
				<string name="Hull" value="Dorsetshire_MTShakegeban"/>
				<string name="Name" value="Shakegeban"/>
				<string name="TypHL" value="Probe"/>
				<string name="UnitName" value="Dorsetshire_Gun_203_Turret_D"/>
			</object>
			<object name="D7827">
				<integer name="Country" value="3"/>
				<float name="ER" value="100."/>
				<string name="Hull" value="Dorsetshire_MTurret"/>
				<string name="Name" value="Turret"/>
				<string name="TypHL" value="AmmoStore"/>
				<string name="UnitName" value="Dorsetshire_Gun_203_Turret_D"/>
			</object>
		</object>
		<object name="Hulls">
			<object name="Dorsetshire_MTShakegeban">
				<integer name="Back" value="38"/>
				<integer name="Bottom" value="5"/>
				<integer name="Country" value="3"/>
				<float name="ExplProb" value="0."/>
				<float name="FireProb" value="10."/>
				<integer name="Front" value="5"/>
				<integer name="Left" value="76"/>
				<string name="Material" value="Steel"/>
				<integer name="Right" value="76"/>
				<integer name="Top" value="76"/>
				<integer name="UnitName" value="0"/>
				<string name="UnitTyp" value="Turret"/>
			</object>
			<object name="Dorsetshire_MTurret">
				<integer name="Back" value="25.4"/>
				<integer name="Bottom" value="25"/>
				<integer name="Country" value="3"/>
				<float name="ExplProb" value="20."/>
				<float name="FireProb" value="30."/>
				<integer name="Front" value="25.4"/>
				<integer name="Left" value="25.4"/>
				<string name="Material" value="Armored"/>
				<integer name="Right" value="25.4"/>
				<integer name="Top" value="20.4"/>
				<integer name="UnitName" value="0"/>
				<string name="UnitTyp" value="Turret"/>
			</object>
		</object>
		<object name="Turrets">
			<object name="Dorsetshire_Gun_203_Turret_A">
				<integer name="Amount" value="1"/>
				<integer name="ArmorFront" value="25"/>
				<integer name="ArmorSide" value="25"/>
				<integer name="ArmorTop" value="25"/>
				<string name="Content" value="Rifles.Dorsetshire_Gun_203_Stvol"/>
				<integer name="Country" value="3"/>
				<integer name="Elevation" value="70"/>
				<integer name="ElevationRate" value="6."/>
				<boolean name="IgnoreXMLFile" value="false"/>
				<float name="Iron" value="210."/>
				<float name="Money" value="14."/>
				<boolean name="New" value="true"/>
				<boolean name="Production" value="false"/>
				<integer name="RotationRate" value="6"/>
				<string name="SMU_File" value="Dorsetshire_Gun_203_Turret"/>
				<string name="Type" value="Gun"/>
				<float name="Vitality" value="400."/>
				<float name="Weight" value="220."/>
			</object> 
			<object name="Dorsetshire_Gun_203_Turret_B">
				<integer name="Amount" value="1"/>
				<integer name="ArmorFront" value="25"/>
				<integer name="ArmorSide" value="25"/>
				<integer name="ArmorTop" value="25"/>
				<string name="Content" value="Rifles.Dorsetshire_Gun_203_Stvol"/>
				<integer name="Country" value="3"/>
				<integer name="Elevation" value="70"/>
				<integer name="ElevationRate" value="6."/>
				<boolean name="IgnoreXMLFile" value="false"/>
				<float name="Iron" value="210."/>
				<float name="Money" value="14."/>
				<boolean name="New" value="true"/>
				<boolean name="Production" value="false"/>
				<integer name="RotationRate" value="6"/>
				<string name="SMU_File" value="Dorsetshire_Gun_203_Turret"/>
				<string name="Type" value="Gun"/>
				<float name="Vitality" value="400."/>
				<float name="Weight" value="220."/>
			</object>
			<object name="Dorsetshire_Gun_203_Turret_C">
				<integer name="Amount" value="1"/>
				<integer name="ArmorFront" value="25"/>
				<integer name="ArmorSide" value="25"/>
				<integer name="ArmorTop" value="25"/>
				<string name="Content" value="Rifles.Dorsetshire_Gun_203_Stvol"/>
				<integer name="Country" value="3"/>
				<integer name="Elevation" value="70"/>
				<integer name="ElevationRate" value="6."/>
				<boolean name="IgnoreXMLFile" value="false"/>
				<float name="Iron" value="210."/>
				<float name="Money" value="14."/>
				<boolean name="New" value="true"/>
				<boolean name="Production" value="false"/>
				<integer name="RotationRate" value="6"/>
				<string name="SMU_File" value="Dorsetshire_Gun_203_Turret"/>
				<string name="Type" value="Gun"/>
				<float name="Vitality" value="400."/>
				<float name="Weight" value="220."/>
			</object>
			<object name="Dorsetshire_Gun_203_Turret_D">
				<integer name="Amount" value="1"/>
				<integer name="ArmorFront" value="25"/>
				<integer name="ArmorSide" value="25"/>
				<integer name="ArmorTop" value="25"/>
				<string name="Content" value="Rifles.Dorsetshire_Gun_203_Stvol"/>
				<integer name="Country" value="3"/>
				<integer name="Elevation" value="70"/>
				<integer name="ElevationRate" value="6."/>
				<boolean name="IgnoreXMLFile" value="false"/>
				<float name="Iron" value="210."/>
				<float name="Money" value="14."/>
				<boolean name="New" value="true"/>
				<boolean name="Production" value="false"/>
				<integer name="RotationRate" value="6"/>
				<string name="SMU_File" value="Dorsetshire_Gun_203_Turret"/>
				<string name="Type" value="Gun"/>
				<float name="Vitality" value="400."/>
				<float name="Weight" value="220."/>
			</object>
		</object>
	</object>
</root>
