<?xml version = "1.0" encoding = "UTF-8"?>
<root>
	<object name = "SteelMonstersParams">
		<object name="Hit_Location">
			<object name="Dido133x2">
				<integer name="Country" value="3"/>
				<float name="ER" value="8."/>
				<string name="Hull" value="Std_Guns"/>
				<string name="Name" value="KGVTurretSG"/>
				<string name="TypHL" value="AmmoStore"/>
				<string name="UnitName" value="Dido_Gun_133x2_Turret"/>
			</object> 
			<object name="Dido133x2A">
				<integer name="Country" value="3"/>
				<float name="ER" value="8."/>
				<string name="Hull" value="Std_Guns"/>
				<string name="Name" value="KGVTurretSG"/>
				<string name="TypHL" value="AmmoStore"/>
				<string name="UnitName" value="Dido_Gun_133x2_Turret_A"/>
			</object>
			<object name="Dido133x2B">
				<integer name="Country" value="3"/>
				<float name="ER" value="8."/>
				<string name="Hull" value="Std_Guns"/>
				<string name="Name" value="KGVTurretSG"/>
				<string name="TypHL" value="AmmoStore"/>
				<string name="UnitName" value="Dido_Gun_133x2_Turret_B"/>
			</object>
			<object name="Dido133x2C">
				<integer name="Country" value="3"/>
				<float name="ER" value="8."/>
				<string name="Hull" value="Std_Guns"/>
				<string name="Name" value="KGVTurretSG"/>
				<string name="TypHL" value="AmmoStore"/>
				<string name="UnitName" value="Dido_Gun_133x2_Turret_C"/>
			</object>
			<object name="Dido133x2D">
				<integer name="Country" value="3"/>
				<float name="ER" value="8."/>
				<string name="Hull" value="Std_Guns"/>
				<string name="Name" value="KGVTurretSG"/>
				<string name="TypHL" value="AmmoStore"/>
				<string name="UnitName" value="Dido_Gun_133x2_Turret_D"/>
			</object>
			<object name="Dido133x2E">
				<integer name="Country" value="3"/>
				<float name="ER" value="8."/>
				<string name="Hull" value="Std_Guns"/>
				<string name="Name" value="KGVTurretSG"/>
				<string name="TypHL" value="AmmoStore"/>
				<string name="UnitName" value="Dido_Gun_133x2_Turret_E"/>
			</object>
		</object>
		<object name="Turrets">
			<object name="Dido_Gun_133x2_Turret">
				<integer name="Amount" value="2"/>
				<integer name="ArmorFront" value="13"/>
				<integer name="ArmorSide" value="13"/>
				<integer name="ArmorTop" value="13"/>
				<string name="Building" value="Artillery"/>
				<string name="Content" value="Rifles.KingGeorgV_Gun_133_Stvol"/>
				<integer name="Country" value="3"/>
				<float name="DTimeProd" value="5."/>
				<integer name="Elevation" value="70"/>
				<integer name="ElevationRate" value="10"/>
				<string name="Icon" value="Artillery"/>
				<boolean name="IgnoreXMLFile" value="false"/>
				<float name="Iron" value="95."/>
				<float name="Money" value="6.5"/>
				<float name="NTimeProd" value="25."/>
				<boolean name="New" value="true"/>
				<boolean name="Production" value="false"/>
				<integer name="QualityRate" value="4"/>
				<integer name="RotationRate" value="10"/>
				<string name="SMU_File" value="Dido_Gun_133x2_Turret"/>
				<string name="Type" value="Gun"/>
				<float name="Vitality" value="350."/>
				<float name="Weight" value="77.5"/>
			</object>
			<object name="Dido_Gun_133x2_Turret_A">
				<integer name="Amount" value="2"/>
				<integer name="ArmorFront" value="13"/>
				<integer name="ArmorSide" value="13"/>
				<integer name="ArmorTop" value="13"/>
				<string name="Building" value="Artillery"/>
				<string name="Content" value="Rifles.KingGeorgV_Gun_133_Stvol"/>
				<integer name="Country" value="3"/>
				<float name="DTimeProd" value="5."/>
				<integer name="Elevation" value="70"/>
				<integer name="ElevationRate" value="10"/>
				<string name="Icon" value="Artillery"/>
				<boolean name="IgnoreXMLFile" value="false"/>
				<float name="Iron" value="95."/>
				<float name="Money" value="6.5"/>
				<float name="NTimeProd" value="25."/>
				<boolean name="New" value="true"/>
				<boolean name="Production" value="false"/>
				<integer name="QualityRate" value="4"/>
				<integer name="RotationRate" value="10"/>
				<string name="SMU_File" value="Dido_Gun_133x2_Turret"/>
				<string name="Type" value="Gun"/>
				<float name="Vitality" value="350."/>
				<float name="Weight" value="77.5"/>
			</object>
			<object name="Dido_Gun_133x2_Turret_B">
				<integer name="Amount" value="2"/>
				<integer name="ArmorFront" value="13"/>
				<integer name="ArmorSide" value="13"/>
				<integer name="ArmorTop" value="13"/>
				<string name="Building" value="Artillery"/>
				<string name="Content" value="Rifles.KingGeorgV_Gun_133_Stvol"/>
				<integer name="Country" value="3"/>
				<float name="DTimeProd" value="5."/>
				<integer name="Elevation" value="70"/>
				<integer name="ElevationRate" value="10"/>
				<string name="Icon" value="Artillery"/>
				<boolean name="IgnoreXMLFile" value="false"/>
				<float name="Iron" value="95."/>
				<float name="Money" value="6.5"/>
				<float name="NTimeProd" value="25."/>
				<boolean name="New" value="true"/>
				<boolean name="Production" value="false"/>
				<integer name="QualityRate" value="4"/>
				<integer name="RotationRate" value="10"/>
				<string name="SMU_File" value="Dido_Gun_133x2_Turret"/>
				<string name="Type" value="Gun"/>
				<float name="Vitality" value="350."/>
				<float name="Weight" value="77.5"/>
			</object>
			<object name="Dido_Gun_133x2_Turret_C">
				<integer name="Amount" value="2"/>
				<integer name="ArmorFront" value="13"/>
				<integer name="ArmorSide" value="13"/>
				<integer name="ArmorTop" value="13"/>
				<string name="Building" value="Artillery"/>
				<string name="Content" value="Rifles.KingGeorgV_Gun_133_Stvol"/>
				<integer name="Country" value="3"/>
				<float name="DTimeProd" value="5."/>
				<integer name="Elevation" value="70"/>
				<integer name="ElevationRate" value="10"/>
				<string name="Icon" value="Artillery"/>
				<boolean name="IgnoreXMLFile" value="false"/>
				<float name="Iron" value="95."/>
				<float name="Money" value="6.5"/>
				<float name="NTimeProd" value="25."/>
				<boolean name="New" value="true"/>
				<boolean name="Production" value="false"/>
				<integer name="QualityRate" value="4"/>
				<integer name="RotationRate" value="10"/>
				<string name="SMU_File" value="Dido_Gun_133x2_Turret"/>
				<string name="Type" value="Gun"/>
				<float name="Vitality" value="350."/>
				<float name="Weight" value="77.5"/>
			</object>
			<object name="Dido_Gun_133x2_Turret_D">
				<integer name="Amount" value="2"/>
				<integer name="ArmorFront" value="13"/>
				<integer name="ArmorSide" value="13"/>
				<integer name="ArmorTop" value="13"/>
				<string name="Building" value="Artillery"/>
				<string name="Content" value="Rifles.KingGeorgV_Gun_133_Stvol"/>
				<integer name="Country" value="3"/>
				<float name="DTimeProd" value="5."/>
				<integer name="Elevation" value="70"/>
				<integer name="ElevationRate" value="10"/>
				<string name="Icon" value="Artillery"/>
				<boolean name="IgnoreXMLFile" value="false"/>
				<float name="Iron" value="95."/>
				<float name="Money" value="6.5"/>
				<float name="NTimeProd" value="25."/>
				<boolean name="New" value="true"/>
				<boolean name="Production" value="false"/>
				<integer name="QualityRate" value="4"/>
				<integer name="RotationRate" value="10"/>
				<string name="SMU_File" value="Dido_Gun_133x2_Turret"/>
				<string name="Type" value="Gun"/>
				<float name="Vitality" value="350."/>
				<float name="Weight" value="77.5"/>
			</object>
			<object name="Dido_Gun_133x2_Turret_E">
				<integer name="Amount" value="2"/>
				<integer name="ArmorFront" value="13"/>
				<integer name="ArmorSide" value="13"/>
				<integer name="ArmorTop" value="13"/>
				<string name="Building" value="Artillery"/>
				<string name="Content" value="Rifles.KingGeorgV_Gun_133_Stvol"/>
				<integer name="Country" value="3"/>
				<float name="DTimeProd" value="5."/>
				<integer name="Elevation" value="70"/>
				<integer name="ElevationRate" value="10"/>
				<string name="Icon" value="Artillery"/>
				<boolean name="IgnoreXMLFile" value="false"/>
				<float name="Iron" value="95."/>
				<float name="Money" value="6.5"/>
				<float name="NTimeProd" value="25."/>
				<boolean name="New" value="true"/>
				<boolean name="Production" value="false"/>
				<integer name="QualityRate" value="4"/>
				<integer name="RotationRate" value="10"/>
				<string name="SMU_File" value="Dido_Gun_133x2_Turret"/>
				<string name="Type" value="Gun"/>
				<float name="Vitality" value="350."/>
				<float name="Weight" value="77.5"/>
			</object>
		</object>
	</object>
</root>
