<?xml version="1.0" standalone="yes" ?>
<root>
	<object name="Modifications">
		<object name="SubUnits">
			<object name="Dido_Gun_133x2_Turret">
				<object name="TPort_0">
					<string name="Device" value="KingGeorgV_Gun_133_Stvol"/>
					<string name="Table" value="Rifles"/>
				</object>
				<object name="TPort_1">
					<string name="Device" value="KingGeorgV_Gun_133_Stvol"/>
					<string name="Table" value="Rifles"/>
				</object>
			</object> 
			<object name="Dido_Gun_133x2_Turret_A">
				<object name="TPort_0">
					<string name="Device" value="KingGeorgV_Gun_133_Stvol"/>
					<string name="Table" value="Rifles"/>
				</object>
				<object name="TPort_1">
					<string name="Device" value="KingGeorgV_Gun_133_Stvol"/>
					<string name="Table" value="Rifles"/>
				</object>
			</object>
			<object name="Dido_Gun_133x2_Turret_B">
				<object name="TPort_0">
					<string name="Device" value="KingGeorgV_Gun_133_Stvol"/>
					<string name="Table" value="Rifles"/>
				</object>
				<object name="TPort_1">
					<string name="Device" value="KingGeorgV_Gun_133_Stvol"/>
					<string name="Table" value="Rifles"/>
				</object>
			</object>
			<object name="Dido_Gun_133x2_Turret_C">
				<object name="TPort_0">
					<string name="Device" value="KingGeorgV_Gun_133_Stvol"/>
					<string name="Table" value="Rifles"/>
				</object>
				<object name="TPort_1">
					<string name="Device" value="KingGeorgV_Gun_133_Stvol"/>
					<string name="Table" value="Rifles"/>
				</object>
			</object>
			<object name="Dido_Gun_133x2_Turret_D">
				<object name="TPort_0">
					<string name="Device" value="KingGeorgV_Gun_133_Stvol"/>
					<string name="Table" value="Rifles"/>
				</object>
				<object name="TPort_1">
					<string name="Device" value="KingGeorgV_Gun_133_Stvol"/>
					<string name="Table" value="Rifles"/>
				</object>
			</object>
			<object name="Dido_Gun_133x2_Turret_E">
				<object name="TPort_0">
					<string name="Device" value="KingGeorgV_Gun_133_Stvol"/>
					<string name="Table" value="Rifles"/>
				</object>
				<object name="TPort_1">
					<string name="Device" value="KingGeorgV_Gun_133_Stvol"/>
					<string name="Table" value="Rifles"/>
				</object>
			</object>
		</object>
	</object>
</root>