﻿<?xml version = "1.0" encoding = "UTF-8"?>
<root>
	<object name = "SteelMonstersParams">
		<object name="Ships">
			<object name="Duilio">
				<float name="AccelRate" value="1.e-004"/>
				<string name="Airgroup" value="Scout_ShipWater_Battleship_Battalion_germany"/>
				<integer name="AirplanesCount" value="2"/>
				<string name="AmmoLoadingTemplate" value="Ammo 600"/>
				<boolean name="BoatsTransportationAbility" value="false"/>
				<integer name="CabinArmor" value="533"/>
				<boolean name="CanBeChanged" value="true"/>
				<boolean name="CanUseTorpedos" value="false"/>
				<string name="CatapultAirgroupDefaultUnit" value="Ar196"/>
				<integer name="Country" value="5"/>
				<integer name="Crew" value="1485"/>
				<float name="CriticalCareen" value="37."/>
				<float name="CriticalDFT" value="4.5"/>
				<float name="CriticalDifferent" value="5."/>
				<float name="DTimeProd" value="160."/>
				<float name="DisplacementMax" value="29391."/>
				<float name="EPR" value="630."/>
				<float name="FireRisk" value="1667."/>
				<float name="Fuel" value="5200."/>
				<float name="HLShapeCoef" value="0.8"/>
				<integer name="HullArmorSide" value="310"/>
				<integer name="HullArmorTop" value="265"/>
				<float name="Iron" value="40300."/>
				<integer name="Length" value="186.9"/>
				<float name="MaxSpeed" value="27."/>
				<integer name="MinCrew" value="680"/>
				<float name="Money" value="22000."/>
				<float name="NTimeProd" value="400."/>
				<string name="Name" value="Duilio"/>
				<boolean name="New" value="true"/>
				<integer name="Nuc_Dest_Prob" value="300"/>
				<integer name="Passengers" value="70"/>
				<boolean name="PlanesTransportationAbility" value="false"/>
				<float name="Range" value="4260."/>
				<integer name="Rank" value="2"/>
				<string name="SMU" value="Duilio"/>
				<float name="Speed" value="15."/>
				<float name="StoreCapacity" value="2600."/>
				<boolean name="Transportable" value="false"/>
				<float name="TurnRate" value="1.4e-003"/>
				<integer name="Type" value="1"/>
				<float name="Vitality" value="8400."/>
				<float name="VitalityAA" value="3500."/>
				<float name="Weight" value="26434."/>
				<integer name="Width" value="32.9"/>
				<integer name="Year" value="39"/>
			</object>
		</object>
		<object name="Engins">
			<object name="MPP_Duilio">
				<float name="Consumption" value="4.1e-004"/>
				<integer name="Country" value="5"/>
				<float name="Money" value="22000."/>
				<integer name="Power_Max" value="75000"/>
				<integer name="RPM_Max" value="0"/>
				<integer name="Type" value="8"/>
				<integer name="Unreliability" value="10"/>
				<string name="Usage" value="Ships"/>
				<float name="Weight" value="2000."/>
			</object>
		</object>	
		<object name="Hit_Location">
			<object name="AD1000">
				<string name="ConnectName" value="Tiller;"/>
				<integer name="Country" value="5"/>
				<float name="ER" value="300."/>
				<string name="Hull" value="Std_Rudder"/>
				<string name="Name" value="Rudder"/>
				<string name="TypHL" value="Rudder"/>
				<string name="UnitName" value="Duilio"/>
			</object>
			<object name="AD1001">
				<integer name="Country" value="5"/>
				<float name="ER" value="300."/>
				<string name="Hull" value="Std_Bottom"/>
				<string name="Name" value="Bow1_LBottom"/>
				<string name="TypHL" value="Hull"/>
				<string name="UnitName" value="Duilio"/>
			</object>
			<object name="AD1002">
				<integer name="Country" value="5"/>
				<float name="ER" value="300."/>
				<string name="Hull" value="Std_Hull"/>
				<string name="Name" value="Bow1_LowerDeck"/>
				<string name="TypHL" value="Hull"/>
				<string name="UnitName" value="Duilio"/>
			</object>
			<object name="AD1003">
				<integer name="Country" value="5"/>
				<float name="ER" value="300."/>
				<string name="Hull" value="Duilio_AmmoStore_Type2"/>
				<string name="Name" value="AmmoStore1_2"/>
				<string name="TypHL" value="AmmoStore"/>
				<string name="UnitName" value="Duilio"/>
			</object>
			<object name="AD1004">
				<integer name="Country" value="5"/>
				<float name="ER" value="300."/>
				<string name="Hull" value="Std_Bottom"/>
				<string name="Name" value="Bow1_RBottom"/>
				<string name="TypHL" value="Hull"/>
				<string name="UnitName" value="Duilio"/>
			</object>
			<object name="AD1006">
				<integer name="Country" value="5"/>
				<float name="ER" value="300."/>
				<string name="Hull" value="Std_UpperHull"/>
				<string name="Name" value="Bow1_UpperDeck"/>
				<string name="TypHL" value="Hull"/>
				<string name="UnitName" value="Duilio"/>
			</object>
			<object name="AD1007">
				<integer name="Country" value="5"/>
				<float name="ER" value="300."/>
				<string name="Hull" value="Duilio_Stern2"/>
				<string name="Name" value="Stern2"/>
				<string name="TypHL" value="Hull"/>
				<string name="UnitName" value="Duilio"/>
			</object>
			<object name="AD1008">
				<integer name="Country" value="5"/>
				<float name="ER" value="300."/>
				<string name="Hull" value="Duilio_Tiller"/>
				<string name="Name" value="Tiller"/>
				<string name="TypHL" value="Hull"/>
				<string name="UnitName" value="Duilio"/>
			</object>
			<object name="AD1014">
				<integer name="Country" value="5"/>
				<float name="ER" value="300."/>
				<string name="Hull" value="Std_Bottom"/>
				<string name="Name" value="Bow2_RBottom"/>
				<string name="TypHL" value="Hull"/>
				<string name="UnitName" value="Duilio"/>
			</object>
			<object name="AD874">
				<integer name="Country" value="5"/>
				<float name="ER" value="300."/>
				<string name="Hull" value="Duilio_BattleCabin"/>
				<string name="Name" value="BattleCabin"/>
				<string name="TypHL" value="Hull"/>
				<string name="UnitName" value="Duilio"/>
			</object>
			<object name="AD875">
				<integer name="Country" value="5"/>
				<float name="ER" value="300."/>
				<string name="Hull" value="Std_Probe"/>
				<string name="Name" value="Probe_Radar"/>
				<string name="TypHL" value="Probe"/>
				<string name="UnitName" value="Duilio"/>
			</object>
			<object name="AD876">
				<integer name="Country" value="5"/>
				<float name="ER" value="300."/>
				<string name="Hull" value="Std_Probe"/>
				<string name="Name" value="Probe_Radio"/>
				<string name="TypHL" value="Probe"/>
				<string name="UnitName" value="Duilio"/>
			</object>
			<object name="AD877">
				<integer name="Country" value="5"/>
				<integer name="Crew" value="1000"/>
				<float name="ER" value="300."/>
				<string name="Hull" value="Std_UpperHull"/>
				<string name="Name" value="ConingBridge"/>
				<string name="TypHL" value="Crew"/>
				<string name="UnitName" value="Duilio"/>
			</object>
			<object name="AD878">
				<integer name="Country" value="5"/>
				<float name="ER" value="300."/>
				<string name="Hull" value="Duilio_Barbet"/>
				<string name="Name" value="Barbet_1"/>
				<string name="TypHL" value="AmmoStore"/>
				<string name="UnitName" value="Duilio"/>
			</object>
			<object name="AD880">
				<integer name="Country" value="5"/>
				<float name="ER" value="300."/>
				<string name="Hull" value="Duilio_Barbet"/>
				<string name="Name" value="Barbet_2"/>
				<string name="TypHL" value="AmmoStore"/>
				<string name="UnitName" value="Duilio"/>
			</object>
			<object name="AD882">
				<integer name="Country" value="5"/>
				<float name="ER" value="300."/>
				<string name="Hull" value="Std_UpperHull"/>
				<string name="Name" value="Bow2_UpperDeck"/>
				<string name="TypHL" value="Hull"/>
				<string name="UnitName" value="Duilio"/>
			</object>
			<object name="AD883">
				<integer name="Country" value="5"/>
				<float name="ER" value="300."/>
				<string name="Hull" value="Std_Rboard"/>
				<string name="Name" value="Bow2_RBoard"/>
				<string name="TypHL" value="Hull"/>
				<string name="UnitName" value="Duilio"/>
			</object>
			<object name="AD884">
				<integer name="Country" value="5"/>
				<float name="ER" value="300."/>
				<string name="Hull" value="Duilio_Rbelt_Upper"/>
				<string name="Name" value="Bow2_RBelt_Upper"/>
				<string name="TypHL" value="Hull"/>
				<string name="UnitName" value="Duilio"/>
			</object>
			<object name="AD885">
				<integer name="Country" value="5"/>
				<float name="ER" value="300."/>
				<string name="Hull" value="Duilio_Rbelt_Lower"/>
				<string name="Name" value="Bow2_RBelt_Lower"/>
				<string name="TypHL" value="Hull"/>
				<string name="UnitName" value="Duilio"/>
			</object>
			<object name="AD886">
				<integer name="Country" value="5"/>
				<float name="ER" value="300."/>
				<string name="Hull" value="Std_RAMP"/>
				<string name="Name" value="Bow2_RAMP"/>
				<string name="TypHL" value="Hull"/>
				<string name="UnitName" value="Duilio"/>
			</object>
			<object name="AD887">
				<integer name="Country" value="5"/>
				<float name="ER" value="300."/>
				<string name="Hull" value="Duilio_MiddleDeck"/>
				<string name="Name" value="Bow2_MiddleDeck"/>
				<string name="TypHL" value="Hull"/>
				<string name="UnitName" value="Duilio"/>
			</object>
			<object name="AD888">
				<integer name="Country" value="5"/>
				<float name="ER" value="300."/>
				<string name="Hull" value="Std_Hull"/>
				<string name="Name" value="Bow2_LowerDeck"/>
				<string name="TypHL" value="Hull"/>
				<string name="UnitName" value="Duilio"/>
			</object>
			<object name="AD889">
				<integer name="Country" value="5"/>
				<float name="ER" value="300."/>
				<string name="Hull" value="Std_AFuelTank"/>
				<string name="Name" value="Bow2_FuelTank1"/>
				<string name="TypHL" value="FuelTank"/>
				<string name="UnitName" value="Duilio"/>
			</object>
			<object name="AD890">
				<integer name="Country" value="5"/>
				<float name="ER" value="300."/>
				<string name="Hull" value="Std_FuelTank"/>
				<string name="Name" value="Bow2_FuelTank2"/>
				<string name="TypHL" value="FuelTank"/>
				<string name="UnitName" value="Duilio"/>
			</object>
			<object name="AD891">
				<integer name="Country" value="5"/>
				<float name="ER" value="300."/>
				<string name="Hull" value="Std_FuelTank"/>
				<string name="Name" value="Bow2_FuelTank3"/>
				<string name="TypHL" value="FuelTank"/>
				<string name="UnitName" value="Duilio"/>
			</object>
			<object name="AD892">
				<integer name="Country" value="5"/>
				<float name="ER" value="300."/>
				<string name="Hull" value="Duilio_AmmoStore_Type2"/>
				<string name="Name" value="AmmoStore2_2"/>
				<string name="TypHL" value="AmmoStore"/>
				<string name="UnitName" value="Duilio"/>
			</object>
			<object name="AD893">
				<integer name="Country" value="5"/>
				<float name="ER" value="300."/>
				<string name="Hull" value="Duilio_AmmoStore_Type1"/>
				<string name="Name" value="AmmoStore1_3"/>
				<string name="TypHL" value="AmmoStore"/>
				<string name="UnitName" value="Duilio"/>
			</object>
			<object name="AD894">
				<integer name="Country" value="5"/>
				<float name="ER" value="300."/>
				<string name="Hull" value="Std_Bottom"/>
				<string name="Name" value="Bow2_LBottom"/>
				<string name="TypHL" value="Hull"/>
				<string name="UnitName" value="Duilio"/>
			</object>
			<object name="AD895">
				<integer name="Country" value="5"/>
				<float name="ER" value="300."/>
				<string name="Hull" value="Duilio_Lbelt_Upper"/>
				<string name="Name" value="Bow2_LBelt_Upper"/>
				<string name="TypHL" value="Hull"/>
				<string name="UnitName" value="Duilio"/>
			</object>
			<object name="AD896">
				<integer name="Country" value="5"/>
				<float name="ER" value="300."/>
				<string name="Hull" value="Duilio_LBelt_Lower"/>
				<string name="Name" value="Bow2_LBelt_Lower"/>
				<string name="TypHL" value="Hull"/>
				<string name="UnitName" value="Duilio"/>
			</object>
			<object name="AD897">
				<integer name="Country" value="5"/>
				<float name="ER" value="300."/>
				<string name="Hull" value="Std_LAMP"/>
				<string name="Name" value="Bow2_LAMP"/>
				<string name="TypHL" value="Hull"/>
				<string name="UnitName" value="Duilio"/>
			</object>
			<object name="AD898">
				<integer name="Country" value="5"/>
				<float name="ER" value="300."/>
				<string name="Hull" value="Std_Lboard"/>
				<string name="Name" value="Bow2_LBoard"/>
				<string name="TypHL" value="Hull"/>
				<string name="UnitName" value="Duilio"/>
			</object>
			<object name="AD900">
				<integer name="Country" value="5"/>
				<float name="ER" value="300."/>
				<string name="Hull" value="Std_Hull"/>
				<string name="Name" value="Middle2_LowerDeck"/>
				<string name="TypHL" value="Hull"/>
				<string name="UnitName" value="Duilio"/>
			</object>
			<object name="AD901">
				<integer name="Country" value="5"/>
				<float name="ER" value="300."/>
				<string name="Hull" value="Std_Hull"/>
				<string name="Name" value="Middle2_MiddleDeck1_Left"/>
				<string name="TypHL" value="Hull"/>
				<string name="UnitName" value="Duilio"/>
			</object>
			<object name="AD902">
				<integer name="Country" value="5"/>
				<float name="ER" value="300."/>
				<string name="Hull" value="Std_Boiler"/>
				<string name="Name" value="Boiler1"/>
				<string name="TypHL" value="Boiler"/>
				<string name="UnitName" value="Duilio"/>
			</object>
			<object name="AD903">
				<integer name="Country" value="5"/>
				<float name="ER" value="300."/>
				<string name="Hull" value="Std_Hull"/>
				<string name="Name" value="Middle2_MiddleDeck1_Middle"/>
				<string name="TypHL" value="Hull"/>
				<string name="UnitName" value="Duilio"/>
			</object>
			<object name="AD904">
				<string name="ConnectName" value="Boiler1;Boiler2;Boiler3;Boiler4;"/>
				<integer name="Country" value="5"/>
				<float name="ER" value="300."/>
				<string name="Hull" value="Std_Engine"/>
				<string name="Name" value="Turbine2"/>
				<string name="TypHL" value="Engine"/>
				<string name="UnitName" value="Duilio"/>
			</object>
			<object name="AD905">
				<string name="ConnectName" value="Boiler1;Boiler2;Boiler3;Boiler4;"/>
				<integer name="Country" value="5"/>
				<float name="ER" value="300."/>
				<string name="Hull" value="Std_Engine"/>
				<string name="Name" value="Turbine3"/>
				<string name="TypHL" value="Engine"/>
				<string name="UnitName" value="Duilio"/>
			</object>
			<object name="AD906">
				<integer name="Country" value="5"/>
				<float name="ER" value="300."/>
				<string name="Hull" value="Std_Hull"/>
				<string name="Name" value="Middle2_MiddleDeck1_Right"/>
				<string name="TypHL" value="Hull"/>
				<string name="UnitName" value="Duilio"/>
			</object>
			<object name="AD907">
				<integer name="Country" value="5"/>
				<float name="ER" value="300."/>
				<string name="Hull" value="Std_Boiler"/>
				<string name="Name" value="Boiler2"/>
				<string name="TypHL" value="Boiler"/>
				<string name="UnitName" value="Duilio"/>
			</object>
			<object name="AD908">
				<integer name="Country" value="5"/>
				<float name="ER" value="300."/>
				<string name="Hull" value="Duilio_MiddleDeck"/>
				<string name="Name" value="Middle2_MiddleDeck2_Left"/>
				<string name="TypHL" value="Hull"/>
				<string name="UnitName" value="Duilio"/>
			</object>
			<object name="AD909">
				<integer name="Country" value="5"/>
				<float name="ER" value="300."/>
				<string name="Hull" value="Duilio_MiddleDeck"/>
				<string name="Name" value="Middle2_MiddleDeck2_Middle"/>
				<string name="TypHL" value="Hull"/>
				<string name="UnitName" value="Duilio"/>
			</object>
			<object name="AD910">
				<integer name="Country" value="5"/>
				<float name="ER" value="300."/>
				<string name="Hull" value="Duilio_MiddleDeck"/>
				<string name="Name" value="Middle2_MiddleDeck2_Right"/>
				<string name="TypHL" value="Hull"/>
				<string name="UnitName" value="Duilio"/>
			</object>
			<object name="AD911">
				<integer name="Country" value="5"/>
				<float name="ER" value="300."/>
				<string name="Hull" value="Std_UpperHull"/>
				<string name="Name" value="Middle2_Deck"/>
				<string name="TypHL" value="Hull"/>
				<string name="UnitName" value="Duilio"/>
			</object>
			<object name="AD912">
				<integer name="Country" value="5"/>
				<float name="ER" value="300."/>
				<string name="Hull" value="Duilio_LBelt_Lower"/>
				<string name="Name" value="Middle2_LBelt_Lower"/>
				<string name="TypHL" value="Hull"/>
				<string name="UnitName" value="Duilio"/>
			</object>
			<object name="AD913">
				<integer name="Country" value="5"/>
				<float name="ER" value="300."/>
				<string name="Hull" value="Std_LAMP"/>
				<string name="Name" value="Middle2_LAMP"/>
				<string name="TypHL" value="Hull"/>
				<string name="UnitName" value="Duilio"/>
			</object>
			<object name="AD914">
				<integer name="Country" value="5"/>
				<float name="ER" value="300."/>
				<string name="Hull" value="Duilio_Lbelt_Upper"/>
				<string name="Name" value="Middle2_LBelt_Upper"/>
				<string name="TypHL" value="Hull"/>
				<string name="UnitName" value="Duilio"/>
			</object>
			<object name="AD915">
				<integer name="Country" value="5"/>
				<float name="ER" value="300."/>
				<string name="Hull" value="Std_Lboard"/>
				<string name="Name" value="Middle2_LBoard"/>
				<string name="TypHL" value="Hull"/>
				<string name="UnitName" value="Duilio"/>
			</object>
			<object name="AD916">
				<integer name="Country" value="5"/>
				<float name="ER" value="300."/>
				<string name="Hull" value="Std_RAMP"/>
				<string name="Name" value="Middle2_RAMP"/>
				<string name="TypHL" value="Hull"/>
				<string name="UnitName" value="Duilio"/>
			</object>
			<object name="AD917">
				<integer name="Country" value="5"/>
				<float name="ER" value="300."/>
				<string name="Hull" value="Std_Bottom"/>
				<string name="Name" value="Middle2_LBottom"/>
				<string name="TypHL" value="Hull"/>
				<string name="UnitName" value="Duilio"/>
			</object>
			<object name="AD918">
				<integer name="Country" value="5"/>
				<float name="ER" value="300."/>
				<string name="Hull" value="Duilio_Rbelt_Lower"/>
				<string name="Name" value="Middle2_RBelt_Lower"/>
				<string name="TypHL" value="Hull"/>
				<string name="UnitName" value="Duilio"/>
			</object>
			<object name="AD919">
				<integer name="Country" value="5"/>
				<float name="ER" value="300."/>
				<string name="Hull" value="Duilio_Rbelt_Upper"/>
				<string name="Name" value="Middle2_RBelt_Upper"/>
				<string name="TypHL" value="Hull"/>
				<string name="UnitName" value="Duilio"/>
			</object>
			<object name="AD920">
				<integer name="Country" value="5"/>
				<float name="ER" value="300."/>
				<string name="Hull" value="Std_Rboard"/>
				<string name="Name" value="Middle2_RBoard"/>
				<string name="TypHL" value="Hull"/>
				<string name="UnitName" value="Duilio"/>
			</object>
			<object name="AD921">
				<integer name="Country" value="5"/>
				<float name="ER" value="300."/>
				<string name="Hull" value="Std_Bottom"/>
				<string name="Name" value="Middle2_RBottom"/>
				<string name="TypHL" value="Hull"/>
				<string name="UnitName" value="Duilio"/>
			</object>
			<object name="AD922">
				<integer name="Country" value="5"/>
				<float name="ER" value="300."/>
				<string name="Hull" value="Std_UpperHull"/>
				<string name="Name" value="Middle2_UpperDeck"/>
				<string name="TypHL" value="Hull"/>
				<string name="UnitName" value="Duilio"/>
			</object>
			<object name="AD923">
				<integer name="Country" value="5"/>
				<float name="ER" value="300."/>
				<string name="Hull" value="Std_UpperHull"/>
				<string name="Name" value="Middle1_Deck"/>
				<string name="TypHL" value="Hull"/>
				<string name="UnitName" value="Duilio"/>
			</object>
			<object name="AD924">
				<integer name="Country" value="5"/>
				<float name="ER" value="300."/>
				<string name="Hull" value="Std_LAMP"/>
				<string name="Name" value="Middle1_LAMP"/>
				<string name="TypHL" value="Hull"/>
				<string name="UnitName" value="Duilio"/>
			</object>
			<object name="AD925">
				<integer name="Country" value="5"/>
				<float name="ER" value="300."/>
				<string name="Hull" value="Duilio_LBelt_Lower"/>
				<string name="Name" value="Middle1_LBelt_Lower"/>
				<string name="TypHL" value="Hull"/>
				<string name="UnitName" value="Duilio"/>
			</object>
			<object name="AD926">
				<integer name="Country" value="5"/>
				<float name="ER" value="300."/>
				<string name="Hull" value="Duilio_Lbelt_Upper"/>
				<string name="Name" value="Middle1_LBelt_Upper"/>
				<string name="TypHL" value="Hull"/>
				<string name="UnitName" value="Duilio"/>
			</object>
			<object name="AD9266">
				<integer name="Country" value="5"/>
				<float name="ER" value="300."/>
				<string name="Hull" value="Std_Hull"/>
				<string name="Name" value="BowTower"/>
				<string name="TypHL" value="Hull"/>
				<string name="UnitName" value="Duilio"/>
			</object>
			<object name="AD9267">
				<integer name="Country" value="5"/>
				<float name="ER" value="300."/>
				<string name="Hull" value="Std_Hull"/>
				<string name="Name" value="BowTowerCabine"/>
				<string name="TypHL" value="Hull"/>
				<string name="UnitName" value="Duilio"/>
			</object>
			<object name="AD9268">
				<integer name="Country" value="5"/>
				<float name="ER" value="300."/>
				<string name="Hull" value="Std_Hull"/>
				<string name="Name" value="BowSmokeStack"/>
				<string name="TypHL" value="Hull"/>
				<string name="UnitName" value="Duilio"/>
			</object>
			<object name="AD9269">
				<integer name="Country" value="5"/>
				<float name="ER" value="300."/>
				<string name="Hull" value="Std_Hull"/>
				<string name="Name" value="SternSmokeStack"/>
				<string name="TypHL" value="Hull"/>
				<string name="UnitName" value="Duilio"/>
			</object>
			<object name="AD927">
				<integer name="Country" value="5"/>
				<float name="ER" value="300."/>
				<string name="Hull" value="Std_Lboard"/>
				<string name="Name" value="Middle1_LBoard"/>
				<string name="TypHL" value="Hull"/>
				<string name="UnitName" value="Duilio"/>
			</object>
			<object name="AD9270">
				<integer name="Country" value="5"/>
				<float name="ER" value="300."/>
				<string name="Hull" value="Std_Hull"/>
				<string name="Name" value="SternTower"/>
				<string name="TypHL" value="Hull"/>
				<string name="UnitName" value="Duilio"/>
			</object>
			<object name="AD9271">
				<integer name="Country" value="5"/>
				<float name="ER" value="300."/>
				<string name="Hull" value="Std_Hull"/>
				<string name="Name" value="SternTurretCabine"/>
				<string name="TypHL" value="Hull"/>
				<string name="UnitName" value="Duilio"/>
			</object>
			<object name="AD928">
				<integer name="Country" value="5"/>
				<float name="ER" value="300."/>
				<string name="Hull" value="Std_Bottom"/>
				<string name="Name" value="Middle1_LBottom"/>
				<string name="TypHL" value="Hull"/>
				<string name="UnitName" value="Duilio"/>
			</object>
			<object name="AD929">
				<integer name="Country" value="5"/>
				<float name="ER" value="300."/>
				<string name="Hull" value="Std_Hull"/>
				<string name="Name" value="Middle1_LowerDeck"/>
				<string name="TypHL" value="Hull"/>
				<string name="UnitName" value="Duilio"/>
			</object>
			<object name="AD930">
				<integer name="Country" value="5"/>
				<float name="ER" value="300."/>
				<string name="Hull" value="Std_FuelTank"/>
				<string name="Name" value="Middle1_FuelTank"/>
				<string name="TypHL" value="FuelTank"/>
				<string name="UnitName" value="Duilio"/>
			</object>
			<object name="AD931">
				<integer name="Country" value="5"/>
				<float name="ER" value="300."/>
				<string name="Hull" value="Std_Hull"/>
				<string name="Name" value="Middle1_MiddleDeck1"/>
				<string name="TypHL" value="Hull"/>
				<string name="UnitName" value="Duilio"/>
			</object>
			<object name="AD932">
				<integer name="Country" value="5"/>
				<float name="ER" value="300."/>
				<string name="Hull" value="Std_Probe"/>
				<string name="Name" value="Middle1_ProbeMainGun"/>
				<string name="TypHL" value="Probe"/>
				<string name="UnitName" value="Duilio"/>
			</object>
			<object name="AD933">
				<integer name="Country" value="5"/>
				<float name="ER" value="300."/>
				<string name="Hull" value="Duilio_MiddleDeck"/>
				<string name="Name" value="Middle1_MiddleDeck2"/>
				<string name="TypHL" value="Hull"/>
				<string name="UnitName" value="Duilio"/>
			</object>
			<object name="AD934">
				<integer name="Country" value="5"/>
				<float name="ER" value="300."/>
				<string name="Hull" value="Std_RAMP"/>
				<string name="Name" value="Middle1_RAMP"/>
				<string name="TypHL" value="Hull"/>
				<string name="UnitName" value="Duilio"/>
			</object>
			<object name="AD935">
				<integer name="Country" value="5"/>
				<float name="ER" value="300."/>
				<string name="Hull" value="Duilio_Rbelt_Lower"/>
				<string name="Name" value="Middle1_RBelt_Lower"/>
				<string name="TypHL" value="Hull"/>
				<string name="UnitName" value="Duilio"/>
			</object>
			<object name="AD936">
				<integer name="Country" value="5"/>
				<float name="ER" value="300."/>
				<string name="Hull" value="Duilio_Rbelt_Upper"/>
				<string name="Name" value="Middle1_RBelt_Upper"/>
				<string name="TypHL" value="Hull"/>
				<string name="UnitName" value="Duilio"/>
			</object>
			<object name="AD937">
				<integer name="Country" value="5"/>
				<float name="ER" value="300."/>
				<string name="Hull" value="Std_Rboard"/>
				<string name="Name" value="Middle1_RBoard"/>
				<string name="TypHL" value="Hull"/>
				<string name="UnitName" value="Duilio"/>
			</object>
			<object name="AD938">
				<integer name="Country" value="5"/>
				<float name="ER" value="300."/>
				<string name="Hull" value="Std_Bottom"/>
				<string name="Name" value="Middle1_RBottom"/>
				<string name="TypHL" value="Hull"/>
				<string name="UnitName" value="Duilio"/>
			</object>
			<object name="AD939">
				<integer name="Country" value="5"/>
				<float name="ER" value="300."/>
				<string name="Hull" value="Std_UpperHull"/>
				<string name="Name" value="Middle1_UpperDeck"/>
				<string name="TypHL" value="Hull"/>
				<string name="UnitName" value="Duilio"/>
			</object>
			<object name="AD940">
				<integer name="Country" value="5"/>
				<float name="ER" value="300."/>
				<string name="Hull" value="Std_Hull"/>
				<string name="Name" value="Middle3_LoweDeck"/>
				<string name="TypHL" value="Hull"/>
				<string name="UnitName" value="Duilio"/>
			</object>
			<object name="AD941">
				<integer name="Country" value="5"/>
				<float name="ER" value="300."/>
				<string name="Hull" value="Std_Hull"/>
				<string name="Name" value="Middle3_MiddleDeck1_left"/>
				<string name="TypHL" value="Hull"/>
				<string name="UnitName" value="Duilio"/>
			</object>
			<object name="AD942">
				<integer name="Country" value="5"/>
				<float name="ER" value="300."/>
				<string name="Hull" value="Std_Boiler"/>
				<string name="Name" value="Boiler3"/>
				<string name="TypHL" value="Boiler"/>
				<string name="UnitName" value="Duilio"/>
			</object>
			<object name="AD943">
				<integer name="Country" value="5"/>
				<float name="ER" value="300."/>
				<string name="Hull" value="Std_Hull"/>
				<string name="Name" value="Middle3_MiddleDeck1_Middle"/>
				<string name="TypHL" value="Hull"/>
				<string name="UnitName" value="Duilio"/>
			</object>
			<object name="AD944">
				<string name="ConnectName" value="Boiler1;Boiler2;Boiler3;Boiler4;"/>
				<integer name="Country" value="5"/>
				<float name="ER" value="300."/>
				<string name="Hull" value="Std_Engine"/>
				<string name="Name" value="Turbine1"/>
				<string name="TypHL" value="Engine"/>
				<string name="UnitName" value="Duilio"/>
			</object>
			<object name="AD945">
				<integer name="Country" value="5"/>
				<float name="ER" value="300."/>
				<string name="Hull" value="Std_Hull"/>
				<string name="Name" value="Middle3_MiddleDeck1_Right"/>
				<string name="TypHL" value="Hull"/>
				<string name="UnitName" value="Duilio"/>
			</object>
			<object name="AD946">
				<integer name="Country" value="5"/>
				<float name="ER" value="300."/>
				<string name="Hull" value="Std_Boiler"/>
				<string name="Name" value="Boiler4"/>
				<string name="TypHL" value="Boiler"/>
				<string name="UnitName" value="Duilio"/>
			</object>
			<object name="AD947">
				<integer name="Country" value="5"/>
				<float name="ER" value="300."/>
				<string name="Hull" value="Duilio_MiddleDeck"/>
				<string name="Name" value="Middle3_MiddleDeck2_Left"/>
				<string name="TypHL" value="Hull"/>
				<string name="UnitName" value="Duilio"/>
			</object>
			<object name="AD948">
				<integer name="Country" value="5"/>
				<float name="ER" value="300."/>
				<string name="Hull" value="Duilio_MiddleDeck"/>
				<string name="Name" value="Middle3_MiddleDeck2_Middle"/>
				<string name="TypHL" value="Hull"/>
				<string name="UnitName" value="Duilio"/>
			</object>
			<object name="AD949">
				<integer name="Country" value="5"/>
				<float name="ER" value="300."/>
				<string name="Hull" value="Duilio_MiddleDeck"/>
				<string name="Name" value="Middle3_MiddleDeck2_Right"/>
				<string name="TypHL" value="Hull"/>
				<string name="UnitName" value="Duilio"/>
			</object>
			<object name="AD950">
				<integer name="Country" value="5"/>
				<float name="ER" value="300."/>
				<string name="Hull" value="Std_UpperHull"/>
				<string name="Name" value="Middle3_Deck"/>
				<string name="TypHL" value="Hull"/>
				<string name="UnitName" value="Duilio"/>
			</object>
			<object name="AD951">
				<integer name="Country" value="5"/>
				<float name="ER" value="300."/>
				<string name="Hull" value="Std_LAMP"/>
				<string name="Name" value="Middle3_LAMP"/>
				<string name="TypHL" value="Hull"/>
				<string name="UnitName" value="Duilio"/>
			</object>
			<object name="AD952">
				<integer name="Country" value="5"/>
				<float name="ER" value="300."/>
				<string name="Hull" value="Duilio_LBelt_Lower"/>
				<string name="Name" value="Middle3_LBelt_Lower"/>
				<string name="TypHL" value="Hull"/>
				<string name="UnitName" value="Duilio"/>
			</object>
			<object name="AD953">
				<integer name="Country" value="5"/>
				<float name="ER" value="300."/>
				<string name="Hull" value="Duilio_Lbelt_Upper"/>
				<string name="Name" value="Middle3_LBelt_Upper"/>
				<string name="TypHL" value="Hull"/>
				<string name="UnitName" value="Duilio"/>
			</object>
			<object name="AD954">
				<integer name="Country" value="5"/>
				<float name="ER" value="300."/>
				<string name="Hull" value="Std_Lboard"/>
				<string name="Name" value="Middle3_LBoard"/>
				<string name="TypHL" value="Hull"/>
				<string name="UnitName" value="Duilio"/>
			</object>
			<object name="AD955">
				<integer name="Country" value="5"/>
				<float name="ER" value="300."/>
				<string name="Hull" value="Std_Bottom"/>
				<string name="Name" value="Middle3_LBottom"/>
				<string name="TypHL" value="Hull"/>
				<string name="UnitName" value="Duilio"/>
			</object>
			<object name="AD956">
				<integer name="Country" value="5"/>
				<float name="ER" value="300."/>
				<string name="Hull" value="Std_RAMP"/>
				<string name="Name" value="Middle3_RAMP"/>
				<string name="TypHL" value="Hull"/>
				<string name="UnitName" value="Duilio"/>
			</object>
			<object name="AD957">
				<integer name="Country" value="5"/>
				<float name="ER" value="300."/>
				<string name="Hull" value="Duilio_LBelt_Lower"/>
				<string name="Name" value="Middle3_RBelt_Lower"/>
				<string name="TypHL" value="Hull"/>
				<string name="UnitName" value="Duilio"/>
			</object>
			<object name="AD958">
				<integer name="Country" value="5"/>
				<float name="ER" value="300."/>
				<string name="Hull" value="Duilio_Lbelt_Upper"/>
				<string name="Name" value="Middle3_RBelt_Upper"/>
				<string name="TypHL" value="Hull"/>
				<string name="UnitName" value="Duilio"/>
			</object>
			<object name="AD960">
				<integer name="Country" value="5"/>
				<float name="ER" value="300."/>
				<string name="Hull" value="Std_Rboard"/>
				<string name="Name" value="Middle3_RBoard"/>
				<string name="TypHL" value="Hull"/>
				<string name="UnitName" value="Duilio"/>
			</object>
			<object name="AD961">
				<integer name="Country" value="5"/>
				<float name="ER" value="300."/>
				<string name="Hull" value="Std_Bottom"/>
				<string name="Name" value="Middle3_RBottom"/>
				<string name="TypHL" value="Hull"/>
				<string name="UnitName" value="Duilio"/>
			</object>
			<object name="AD962">
				<integer name="Country" value="5"/>
				<float name="ER" value="300."/>
				<string name="Hull" value="Std_UpperHull"/>
				<string name="Name" value="Middle3_UpperDeck"/>
				<string name="TypHL" value="Hull"/>
				<string name="UnitName" value="Duilio"/>
			</object>
			<object name="AD963">
				<integer name="Country" value="5"/>
				<float name="ER" value="300."/>
				<string name="Hull" value="Duilio_Barbet"/>
				<string name="Name" value="Barbet_4"/>
				<string name="TypHL" value="AmmoStore"/>
				<string name="UnitName" value="Duilio"/>
			</object>
			<object name="AD965">
				<integer name="Country" value="5"/>
				<float name="ER" value="300."/>
				<string name="Hull" value="Duilio_Barbet"/>
				<string name="Name" value="Barbet_3"/>
				<string name="TypHL" value="AmmoStore"/>
				<string name="UnitName" value="Duilio"/>
			</object>
			<object name="AD967">
				<integer name="Country" value="5"/>
				<float name="ER" value="300."/>
				<string name="Hull" value="Std_LAMP"/>
				<string name="Name" value="Stern1_LAMP"/>
				<string name="TypHL" value="Hull"/>
				<string name="UnitName" value="Duilio"/>
			</object>
			<object name="AD968">
				<integer name="Country" value="5"/>
				<float name="ER" value="300."/>
				<string name="Hull" value="Duilio_LBelt_Lower"/>
				<string name="Name" value="Stern1_LBelt_Lower"/>
				<string name="TypHL" value="Hull"/>
				<string name="UnitName" value="Duilio"/>
			</object>
			<object name="AD969">
				<integer name="Country" value="5"/>
				<float name="ER" value="300."/>
				<string name="Hull" value="Duilio_Lbelt_Upper"/>
				<string name="Name" value="Stern1_LBelt_Upper"/>
				<string name="TypHL" value="Hull"/>
				<string name="UnitName" value="Duilio"/>
			</object>
			<object name="AD970">
				<integer name="Country" value="5"/>
				<float name="ER" value="300."/>
				<string name="Hull" value="Std_Boiler"/>
				<string name="Name" value="Stern1_LBottom"/>
				<string name="TypHL" value="Hull"/>
				<string name="UnitName" value="Duilio"/>
			</object>
			<object name="AD971">
				<integer name="Country" value="5"/>
				<float name="ER" value="300."/>
				<string name="Hull" value="Std_Hull"/>
				<string name="Name" value="Stern1_LowerDeck"/>
				<string name="TypHL" value="Hull"/>
				<string name="UnitName" value="Duilio"/>
			</object>
			<object name="AD972">
				<integer name="Country" value="5"/>
				<float name="ER" value="300."/>
				<string name="Hull" value="Std_FuelTank"/>
				<string name="Name" value="Stern1_FuelTank1"/>
				<string name="TypHL" value="FuelTank"/>
				<string name="UnitName" value="Duilio"/>
			</object>
			<object name="AD973">
				<integer name="Country" value="5"/>
				<float name="ER" value="300."/>
				<string name="Hull" value="Std_FuelTank"/>
				<string name="Name" value="Stern1_Fueltank2"/>
				<string name="TypHL" value="FuelTank"/>
				<string name="UnitName" value="Duilio"/>
			</object>
			<object name="AD974">
				<integer name="Country" value="5"/>
				<float name="ER" value="300."/>
				<string name="Hull" value="Std_FuelTank"/>
				<string name="Name" value="Stern1_Fueltank3"/>
				<string name="TypHL" value="FuelTank"/>
				<string name="UnitName" value="Duilio"/>
			</object>
			<object name="AD975">
				<integer name="Country" value="5"/>
				<float name="ER" value="300."/>
				<string name="Hull" value="Duilio_AmmoStore_Type2"/>
				<string name="Name" value="AmmoStore3_2"/>
				<string name="TypHL" value="AmmoStore"/>
				<string name="UnitName" value="Duilio"/>
			</object>
			<object name="AD976">
				<integer name="Country" value="5"/>
				<float name="ER" value="300."/>
				<string name="Hull" value="Duilio_AmmoStore_Type2"/>
				<string name="Name" value="AmmStore4_2"/>
				<string name="TypHL" value="AmmoStore"/>
				<string name="UnitName" value="Duilio"/>
			</object>
			<object name="AD977">
				<integer name="Country" value="5"/>
				<float name="ER" value="300."/>
				<string name="Hull" value="Std_RAMP"/>
				<string name="Name" value="Stern1_RAMP"/>
				<string name="TypHL" value="Hull"/>
				<string name="UnitName" value="Duilio"/>
			</object>
			<object name="AD978">
				<integer name="Country" value="5"/>
				<float name="ER" value="300."/>
				<string name="Hull" value="Duilio_Rbelt_Lower"/>
				<string name="Name" value="Stern1_RBelt_Lower"/>
				<string name="TypHL" value="Hull"/>
				<string name="UnitName" value="Duilio"/>
			</object>
			<object name="AD979">
				<integer name="Country" value="5"/>
				<float name="ER" value="300."/>
				<string name="Hull" value="Duilio_Rbelt_Upper"/>
				<string name="Name" value="Stern1_RBelt_Upper"/>
				<string name="TypHL" value="Hull"/>
				<string name="UnitName" value="Duilio"/>
			</object>
			<object name="AD980">
				<integer name="Country" value="5"/>
				<float name="ER" value="300."/>
				<string name="Hull" value="Std_Bottom"/>
				<string name="Name" value="Stern1_RBottom"/>
				<string name="TypHL" value="Hull"/>
				<string name="UnitName" value="Duilio"/>
			</object>
			<object name="AD981">
				<integer name="Country" value="5"/>
				<float name="ER" value="300."/>
				<string name="Hull" value="Duilio_MiddleDeck"/>
				<string name="Name" value="Stern1_UpperDeck"/>
				<string name="TypHL" value="Hull"/>
				<string name="UnitName" value="Duilio"/>
			</object>
			<object name="AD982">
				<integer name="Country" value="5"/>
				<float name="ER" value="300."/>
				<string name="Hull" value="Std_LAMP"/>
				<string name="Name" value="Middle4_LAMP"/>
				<string name="TypHL" value="Hull"/>
				<string name="UnitName" value="Duilio"/>
			</object>
			<object name="AD983">
				<integer name="Country" value="5"/>
				<float name="ER" value="300."/>
				<string name="Hull" value="Duilio_LBelt_Lower"/>
				<string name="Name" value="Middle4_LBelt_Lower"/>
				<string name="TypHL" value="Hull"/>
				<string name="UnitName" value="Duilio"/>
			</object>
			<object name="AD984">
				<integer name="Country" value="5"/>
				<float name="ER" value="300."/>
				<string name="Hull" value="Duilio_Lbelt_Upper"/>
				<string name="Name" value="Middle4_LBelt_Upper"/>
				<string name="TypHL" value="Hull"/>
				<string name="UnitName" value="Duilio"/>
			</object>
			<object name="AD985">
				<integer name="Country" value="5"/>
				<float name="ER" value="300."/>
				<string name="Hull" value="Std_Bottom"/>
				<string name="Name" value="Middle4_LBottom"/>
				<string name="TypHL" value="Hull"/>
				<string name="UnitName" value="Duilio"/>
			</object>
			<object name="AD986">
				<integer name="Country" value="5"/>
				<float name="ER" value="300."/>
				<string name="Hull" value="Std_Hull"/>
				<string name="Name" value="Middle4_LowerDeck"/>
				<string name="TypHL" value="Hull"/>
				<string name="UnitName" value="Duilio"/>
			</object>
			<object name="AD987">
				<string name="ConnectName" value="Turbine1;Turbine2;Turbine3;"/>
				<integer name="Country" value="5"/>
				<float name="ER" value="300."/>
				<string name="Hull" value="Std_Engine"/>
				<string name="Name" value="Middle4_Engine2"/>
				<string name="TypHL" value="Engine"/>
				<string name="UnitName" value="Duilio"/>
			</object>
			<object name="AD988">
				<string name="ConnectName" value="Turbine1;Turbine2;Turbine3;"/>
				<integer name="Country" value="5"/>
				<float name="ER" value="300."/>
				<string name="Hull" value="Std_Engine"/>
				<string name="Name" value="Middle4_Engine4"/>
				<string name="TypHL" value="Engine"/>
				<string name="UnitName" value="Duilio"/>
			</object>
			<object name="AD989">
				<string name="ConnectName" value="Turbine1;Turbine2;Turbine3"/>
				<integer name="Country" value="5"/>
				<float name="ER" value="300."/>
				<string name="Hull" value="Std_Engine"/>
				<string name="Name" value="Middle4_Engine3"/>
				<string name="TypHL" value="Engine"/>
				<string name="UnitName" value="Duilio"/>
			</object>
			<object name="AD990">
				<string name="ConnectName" value="Turbine1;Turbine2;Turbine3;"/>
				<integer name="Country" value="5"/>
				<float name="ER" value="300."/>
				<string name="Hull" value="Std_Engine"/>
				<string name="Name" value="Middle4_Engine1"/>
				<string name="TypHL" value="Engine"/>
				<string name="UnitName" value="Duilio"/>
			</object>
			<object name="AD991">
				<integer name="Country" value="5"/>
				<float name="ER" value="300."/>
				<string name="Hull" value="Std_RAMP"/>
				<string name="Name" value="Middle4_RAMP"/>
				<string name="TypHL" value="Hull"/>
				<string name="UnitName" value="Duilio"/>
			</object>
			<object name="AD992">
				<integer name="Country" value="5"/>
				<float name="ER" value="300."/>
				<string name="Hull" value="Duilio_Rbelt_Lower"/>
				<string name="Name" value="Middle4_RBelt_Lower"/>
				<string name="TypHL" value="Hull"/>
				<string name="UnitName" value="Duilio"/>
			</object>
			<object name="AD993">
				<integer name="Country" value="5"/>
				<float name="ER" value="300."/>
				<string name="Hull" value="Duilio_Rbelt_Upper"/>
				<string name="Name" value="Middle4_RBelt_Upper"/>
				<string name="TypHL" value="Hull"/>
				<string name="UnitName" value="Duilio"/>
			</object>
			<object name="AD994">
				<integer name="Country" value="5"/>
				<float name="ER" value="300."/>
				<string name="Hull" value="Std_Bottom"/>
				<string name="Name" value="Middle4_RBottom"/>
				<string name="TypHL" value="Hull"/>
				<string name="UnitName" value="Duilio"/>
			</object>
			<object name="AD995">
				<integer name="Country" value="5"/>
				<float name="ER" value="300."/>
				<string name="Hull" value="Std_UpperHull"/>
				<string name="Name" value="Middle4_UpperDeck"/>
				<string name="TypHL" value="Hull"/>
				<string name="UnitName" value="Duilio"/>
			</object>
			<object name="AD996">
				<string name="ConnectName" value="Middle4_Engine1"/>
				<integer name="Country" value="5"/>
				<float name="ER" value="300."/>
				<string name="Hull" value="Std_Mover"/>
				<string name="Name" value="Mover1"/>
				<string name="TypHL" value="Mover"/>
				<string name="UnitName" value="Duilio"/>
			</object>
			<object name="AD997">
				<string name="ConnectName" value="Middle4_Engine2"/>
				<integer name="Country" value="5"/>
				<float name="ER" value="300."/>
				<string name="Hull" value="Std_Mover"/>
				<string name="Name" value="Mover2"/>
				<string name="TypHL" value="Mover"/>
				<string name="UnitName" value="Duilio"/>
			</object>
			<object name="AD998">
				<string name="ConnectName" value="Middle4_Engine3"/>
				<integer name="Country" value="5"/>
				<float name="ER" value="300."/>
				<string name="Hull" value="Std_Mover"/>
				<string name="Name" value="Mover3"/>
				<string name="TypHL" value="Mover"/>
				<string name="UnitName" value="Duilio"/>
			</object>
			<object name="AD999">
				<string name="ConnectName" value="Middle4_Engine4"/>
				<integer name="Country" value="5"/>
				<float name="ER" value="300."/>
				<string name="Hull" value="Std_Mover"/>
				<string name="Name" value="Mover4"/>
				<string name="TypHL" value="Mover"/>
				<string name="UnitName" value="Duilio"/>
			</object>
		</object>
		<object name="Hulls">
			<object name="Duilio_AmmoStore_Type1">
				<integer name="Back" value="20"/>
				<integer name="Bottom" value="20"/>
				<integer name="Country" value="5"/>
				<float name="ExplProb" value="5."/>
				<float name="FireProb" value="20."/>
				<integer name="Front" value="20"/>
				<integer name="Left" value="20"/>
				<string name="Material" value="Armored"/>
				<integer name="Right" value="20"/>
				<integer name="Top" value="20"/>
				<integer name="UnitName" value="0"/>
				<string name="UnitTyp" value="Ship"/>
			</object>
			<object name="Duilio_AmmoStore_Type2">
				<integer name="Back" value="200"/>
				<integer name="Bottom" value="80"/>
				<integer name="Country" value="5"/>
				<float name="ExplProb" value="5."/>
				<float name="FireProb" value="20."/>
				<integer name="Front" value="200"/>
				<integer name="Left" value="200"/>
				<string name="Material" value="Armored"/>
				<integer name="Right" value="200"/>
				<integer name="Top" value="110"/>
				<integer name="UnitName" value="0"/>
				<string name="UnitTyp" value="Ship"/>
			</object>
			<object name="Duilio_BattleCabin">
				<integer name="Back" value="305"/>
				<integer name="Bottom" value="50"/>
				<integer name="Country" value="5"/>
				<float name="ExplProb" value="0."/>
				<float name="FireProb" value="20."/>
				<integer name="Front" value="305"/>
				<integer name="Left" value="305"/>
				<string name="Material" value="Armored"/>
				<integer name="Right" value="305"/>
				<integer name="Top" value="200"/>
				<integer name="UnitName" value="0"/>
				<string name="UnitTyp" value="Ship"/>
			</object>
			<object name="Duilio_LBelt_Lower">
				<integer name="Back" value="30"/>
				<integer name="Bottom" value="10"/>
				<integer name="Country" value="5"/>
				<float name="ExplProb" value="0."/>
				<float name="FireProb" value="10."/>
				<integer name="Front" value="30"/>
				<integer name="Left" value="230"/>
				<string name="Material" value="Armored"/>
				<integer name="Right" value="20"/>
				<integer name="Top" value="10"/>
				<integer name="UnitName" value="0"/>
				<string name="UnitTyp" value="Ship"/>
			</object>
			<object name="Duilio_Lbelt_Upper">
				<integer name="Back" value="30"/>
				<integer name="Bottom" value="28"/>
				<integer name="Country" value="5"/>
				<float name="ExplProb" value="0."/>
				<float name="FireProb" value="10."/>
				<integer name="Front" value="30"/>
				<integer name="Left" value="254"/>
				<string name="Material" value="Armored"/>
				<integer name="Right" value="10"/>
				<integer name="Top" value="89"/>
				<integer name="UnitName" value="0"/>
				<string name="UnitTyp" value="Ship"/>
			</object>
			<object name="Duilio_MiddleDeck">
				<integer name="Back" value="10"/>
				<integer name="Bottom" value="28"/>
				<integer name="Country" value="5"/>
				<float name="ExplProb" value="0."/>
				<float name="FireProb" value="10."/>
				<integer name="Front" value="10"/>
				<integer name="Left" value="10"/>
				<string name="Material" value="Armored"/>
				<integer name="Right" value="10"/>
				<integer name="Top" value="98"/>
				<integer name="UnitName" value="0"/>
				<string name="UnitTyp" value="Ship"/>
			</object>
			<object name="Duilio_Rbelt_Lower">
				<integer name="Back" value="30"/>
				<integer name="Bottom" value="10"/>
				<integer name="Country" value="5"/>
				<float name="ExplProb" value="0."/>
				<float name="FireProb" value="10."/>
				<integer name="Front" value="30"/>
				<integer name="Left" value="10"/>
				<string name="Material" value="Armored"/>
				<integer name="Right" value="230"/>
				<integer name="Top" value="10"/>
				<integer name="UnitName" value="0"/>
				<string name="UnitTyp" value="Ship"/>
			</object>
			<object name="Duilio_Rbelt_Upper">
				<integer name="Back" value="30"/>
				<integer name="Bottom" value="28"/>
				<integer name="Country" value="5"/>
				<float name="ExplProb" value="0."/>
				<float name="FireProb" value="10."/>
				<integer name="Front" value="30"/>
				<integer name="Left" value="10"/>
				<string name="Material" value="Armored"/>
				<integer name="Right" value="254"/>
				<integer name="Top" value="89"/>
				<integer name="UnitName" value="0"/>
				<string name="UnitTyp" value="Ship"/>
			</object>
			<object name="Duilio_Stern2">
				<integer name="Back" value="10"/>
				<integer name="Bottom" value="10"/>
				<integer name="Country" value="5"/>
				<float name="ExplProb" value="0."/>
				<float name="FireProb" value="0."/>
				<integer name="Front" value="250"/>
				<integer name="Left" value="20"/>
				<string name="Material" value="Armored"/>
				<integer name="Right" value="20"/>
				<integer name="Top" value="10"/>
				<integer name="UnitName" value="0"/>
				<string name="UnitTyp" value="Ship"/>
			</object>
			<object name="Duilio_Tiller">
				<integer name="Back" value="150"/>
				<integer name="Bottom" value="10"/>
				<integer name="Country" value="5"/>
				<float name="ExplProb" value="0."/>
				<float name="FireProb" value="10."/>
				<integer name="Front" value="10"/>
				<integer name="Left" value="150"/>
				<string name="Material" value="Armored"/>
				<integer name="Right" value="150"/>
				<integer name="Top" value="100"/>
				<integer name="UnitName" value="0"/>
				<string name="UnitTyp" value="Ship"/>
			</object>
			<object name="Duilio_Barbet">
				<integer name="Back" value="280"/>
				<integer name="Bottom" value="30"/>
				<integer name="Country" value="5"/>
				<float name="ExplProb" value="10."/>
				<float name="FireProb" value="20."/>
				<integer name="Front" value="280"/>
				<integer name="Left" value="280"/>
				<string name="Material" value="Armored"/>
				<integer name="Right" value="280"/>
				<integer name="Top" value="50"/>
				<integer name="UnitName" value="0"/>
				<string name="UnitTyp" value="Ship"/>
			</object>
		</object>		
		<object name="ShipsNames">
			<object name="Duilio">
				<string name="1" value="Duilio1"/>
			</object>
		</object>
		<object name="UnitsByType">
			<object name="1">
				<object name="Duilio">
					<string name="ChildTable" value="Ships"/>
				</object>
			</object>
		</object>
	</object>
</root>
