﻿<?xml version="1.0" standalone="yes" ?>
<root>
	<object name="Modifications">
		<object name="Ships">
			<object name="Duilio">
				<object name="Prototype">
					<string name="AAGunControl" value="Mark0_AA"/>
					<float name="AAVolleyWeight" value="6.98816061"/>
					<float name="Aluminium" value="0."/>
					<float name="AmmoWeight" value="831.52002"/>
					<float name="Armour" value="0."/>
					<float name="FuelConsumption" value="5.27263451"/>
					<float name="FuelProtect" value="0."/>
					<string name="FullModName" value="Ships.Duilio.Prototype"/>
					<float name="Iron" value="40850.3828"/>
					<boolean name="IsAvailable" value="true"/>
					<boolean name="IsJammer" value="false"/>
					<string name="MainGunControl" value="Mk_7_M"/>
					<float name="MaxFuel" value="5200."/>
					<float name="MaxSpeed" value="27."/>
					<float name="MinSpeed" value="0."/>
					<float name="Money" value="44764."/>
					<widestring name="Name" value="TgBhAHYAaQAgAGQAYQAgAEIAYQB0AHQAYQBnAGwAaQBhACAAQwBhAGkAbwAgAEQAdQBpAGwAaQBvAAA="/>
					<float name="RadarRange" value="0."/>
					<float name="RadioGain" value="32258.0645"/>
					<float name="RadioPowerHF" value="100."/>
					<float name="RadioPowerVHF" value="0."/>
					<float name="RadioSensitivityHF" value="3.10000009e-003"/>
					<float name="RadioSensitivityVHF" value="0."/>
					<object name="Slots">
						<object name="TPort_Anton">
							<string name="Device" value="3x320mm_Duilio_TurretA"/>
							<string name="Table" value="Turrets"/>
						</object>
						<object name="TPort_Bruno">
							<string name="Device" value="2x320mm_Duilio_TurretB"/>
							<string name="Table" value="Turrets"/>
						</object>
						<object name="TPort_Dora">
							<string name="Device" value="2x320mm_Duilio_TurretX"/>
							<string name="Table" value="Turrets"/>
						</object>
						<object name="TPort_Cesar">
							<string name="Device" value="3x320mm_Duilio_TurretY"/>
							<string name="Table" value="Turrets"/>
						</object>
						<object name="TPort_135mmFR">
							<string name="Device" value="3x135mm_Duilio_Turret"/>
							<string name="Table" value="Turrets"/>
						</object>
						<object name="TPort_135mmFL">
							<string name="Device" value="3x135mm_Duilio_Turret"/>
							<string name="Table" value="Turrets"/>
						</object>
						<object name="TPort_135mmBR">
							<string name="Device" value="3x135mm_Duilio_Turret"/>
							<string name="Table" value="Turrets"/>
						</object>
						<object name="TPort_135mmBL">
							<string name="Device" value="3x135mm_Duilio_Turret"/>
							<string name="Table" value="Turrets"/>
						</object>
						<object name="TPort_90mmF1R">
							<string name="Device" value="Littorio_90mm_Turret"/>
							<string name="Table" value="Turrets"/>
						</object>
						<object name="TPort_90mmF1L">
							<string name="Device" value="Littorio_90mm_Turret"/>
							<string name="Table" value="Turrets"/>
						</object>
						<object name="TPort_90mmF2R">
							<string name="Device" value="Littorio_90mm_Turret"/>
							<string name="Table" value="Turrets"/>
						</object>
						<object name="TPort_90mmF2L">
							<string name="Device" value="Littorio_90mm_Turret"/>
							<string name="Table" value="Turrets"/>
						</object>
						<object name="TPort_90mmF3R">
							<string name="Device" value="Littorio_90mm_Turret"/>
							<string name="Table" value="Turrets"/>
						</object>
						<object name="TPort_90mmF3L">
							<string name="Device" value="Littorio_90mm_Turret"/>
							<string name="Table" value="Turrets"/>
						</object>
						<object name="TPort_90mmB1R">
							<string name="Device" value="Littorio_90mm_Turret"/>
							<string name="Table" value="Turrets"/>
						</object>
						<object name="TPort_90mmB1L">
							<string name="Device" value="Littorio_90mm_Turret"/>
							<string name="Table" value="Turrets"/>
						</object>
						<object name="TPort_90mmB2R">
							<string name="Device" value="Littorio_90mm_Turret"/>
							<string name="Table" value="Turrets"/>
						</object>
						<object name="TPort_90mmB2L">
							<string name="Device" value="Littorio_90mm_Turret"/>
							<string name="Table" value="Turrets"/>
						</object>
						<object name="TPort_AA37mmR1">
							<string name="Device" value="Bismark_FLAK3_37mm_SK_C30_Turret"/>
							<string name="Table" value="Turrets"/>
						</object>

						<object name="TPort_AA37mmL1">
							<string name="Device" value="Bismark_FLAK3_37mm_SK_C30_Turret"/>
							<string name="Table" value="Turrets"/>
						</object>
						<object name="TPort_AA37mmR2">
							<string name="Device" value="Bismark_FLAK3_37mm_SK_C30_Turret"/>
							<string name="Table" value="Turrets"/>
						</object>
						<object name="TPort_AA37mmL2">
							<string name="Device" value="Bismark_FLAK3_37mm_SK_C30_Turret"/>
							<string name="Table" value="Turrets"/>
						</object>
						<object name="TPort_AA37mmR3">
							<string name="Device" value="Bismark_FLAK3_37mm_SK_C30_Turret"/>
							<string name="Table" value="Turrets"/>
						</object>
						<object name="TPort_AA37mmL3">
							<string name="Device" value="Bismark_FLAK3_37mm_SK_C30_Turret"/>
							<string name="Table" value="Turrets"/>
						</object>
						<object name="TPort_AA37mmR4">
							<string name="Device" value="Bismark_FLAK3_37mm_SK_C30_Turret"/>
							<string name="Table" value="Turrets"/>
						</object>
						<object name="TPort_AA37mmL4">
							<string name="Device" value="Bismark_FLAK3_37mm_SK_C30_Turret"/>
							<string name="Table" value="Turrets"/>
						</object>
						<object name="TPort_AA20mmR1">
							<string name="Device" value="Bismark_FLAK5_20mm_MG_C30_3V_Turret"/>
							<string name="Table" value="Turrets"/>
						</object>
						<object name="TPort_AA20mmL1">
							<string name="Device" value="Bismark_FLAK5_20mm_MG_C30_3V_Turret"/>
							<string name="Table" value="Turrets"/>
						</object>
						<object name="TPort_AA20mmR2">
							<string name="Device" value="Bismark_FLAK5_20mm_MG_C30_3V_Turret"/>
							<string name="Table" value="Turrets"/>
						</object>
						<object name="TPort_AA20mmL2">
							<string name="Device" value="Bismark_FLAK5_20mm_MG_C30_3V_Turret"/>
							<string name="Table" value="Turrets"/>
						</object>
						<object name="TPort_AA20mmR3">
							<string name="Device" value="Bismark_FLAK5_20mm_MG_C30_3V_Turret"/>
							<string name="Table" value="Turrets"/>
						</object>
						<object name="TPort_AA20mmL3">
							<string name="Device" value="Bismark_FLAK5_20mm_MG_C30_3V_Turret"/>
							<string name="Table" value="Turrets"/>
						</object>
						<object name="TPort_AA20mmR4">
							<string name="Device" value="Bismark_FLAK5_20mm_MG_C30_3V_Turret"/>
							<string name="Table" value="Turrets"/>
						</object>
						<object name="TPort_AA20mmL4">
							<string name="Device" value="Bismark_FLAK5_20mm_MG_C30_3V_Turret"/>
							<string name="Table" value="Turrets"/>
						</object>
						<object name="TPort_ProjFR">
							<string name="Device" value="Bismark_Projector_Turret"/>
							<string name="Table" value="Turrets"/>
						</object>
						<object name="TPort_ProjBR">
							<string name="Device" value="Bismark_Projector_Turret"/>
							<string name="Table" value="Turrets"/>
						</object>
						<object name="TPort_ProjBL">
							<string name="Device" value="Bismark_Projector_Turret"/>
							<string name="Table" value="Turrets"/>
						</object>
						<object name="TPort_ProjFL">
							<string name="Device" value="Bismark_Projector_Turret"/>
							<string name="Table" value="Turrets"/>
						</object>
						<object name="TPort_RFSFR">
							<string name="Device" value="Bismark_RangefinderSmall"/>
							<string name="Table" value="Turrets"/>
						</object>
						<object name="TPort_RFSFL">
							<string name="Device" value="Bismark_RangefinderSmall"/>
							<string name="Table" value="Turrets"/>
						</object>
						<object name="TPort_RFSBR">
							<string name="Device" value="Bismark_RangefinderSmall"/>
							<string name="Table" value="Turrets"/>
						</object>
						<object name="TPort_RFSBL">
							<string name="Device" value="Bismark_RangefinderSmall"/>
							<string name="Table" value="Turrets"/>
						</object>


						<object name="TPort_RF01FR">
							<string name="Device" value="Littorio_Rangefinder4mTypeSL_8V"/>
							<string name="Table" value="Turrets"/>
						</object>
						<object name="TPort_RF02FL">
							<string name="Device" value="Littorio_Rangefinder4mTypeSL_8V"/>
							<string name="Table" value="Turrets"/>
						</object>
						<object name="TPort_RF3mR">
							<string name="Device" value="Bismark_Rangefinder3m"/>
							<string name="Table" value="Turrets"/>
						</object>
						<object name="TPort_RF3mL">
							<string name="Device" value="Bismark_Rangefinder3m"/>
							<string name="Table" value="Turrets"/>
						</object>
						<object name="TPort_RADAR1">
							<string name="Device" value="Littorio_Radar_FuMO_23_1V"/>
							<string name="Table" value="Turrets"/>
						</object>
						<object name="TPort_RADAR2">
							<string name="Device" value="Littorio_Radar_FuMO_23_1V"/>
							<string name="Table" value="Turrets"/>
						</object>


						<object name="TPort_VINTR">
							<string name="Device" value="Vint_Bismark"/>
							<string name="Table" value="Turrets"/>
						</object>
						<object name="TPort_VINTL">
							<string name="Device" value="Vint_Bismark"/>
							<string name="Table" value="Turrets"/>
						</object>
						<object name="ZPort_AAGunContr1">
							<string name="Device" value="Mark0_AA"/>
							<string name="Table" value="AimSystems"/>
						</object>
						<object name="ZPort_Jammer_US_A1">
							<string name="Device" value=""/>
							<string name="Table" value="Probes"/>
						</object>
						<object name="ZPort_MainGunContr">
							<string name="Device" value="Mk_7_M"/>
							<string name="Table" value="AimSystems"/>
						</object>
						<object name="ZPort_Radio">
							<string name="Device" value="TBL7"/>
							<string name="Table" value="Probes"/>
						</object>
						<object name="ZPort_Sonar">
							<string name="Device" value=""/>
							<string name="Table" value="Probes"/>
						</object>
						<object name="ZPort_SteamTurbine_01">
							<string name="Device" value="MPP_Duilio"/>
							<string name="Table" value="Engins"/>
						</object>
					</object>
					<string name="Sonar" value=""/>
					<float name="Speed" value="15."/>
					<string name="SuperRifles" value=""/>
					<float name="VolleyWeight" value="14.0668011"/>
					<float name="Weight" value="31639.4141"/>
				</object>
				<object name="ai_43">
					<string name="AAGunControl" value="Mark1_AA"/>
					<float name="AAVolleyWeight" value="6.98816061"/>
					<float name="Aluminium" value="0."/>
					<float name="AmmoWeight" value="831.52002"/>
					<float name="Armour" value="0."/>
					<float name="FuelConsumption" value="5.27263451"/>
					<float name="FuelProtect" value="0."/>
					<string name="FullModName" value="Ships.Duilio.ai_43"/>
					<float name="Iron" value="40850.1797"/>
					<boolean name="IsAvailable" value="false"/>
					<boolean name="IsJammer" value="false"/>
					<string name="MainGunControl" value="Mk_8R_M"/>
					<float name="MaxFuel" value="5200."/>
					<float name="MaxSpeed" value="27."/>
					<float name="MinSpeed" value="0."/>
					<float name="Money" value="45150."/>
					<widestring name="Name" value="TgBhAHYAaQAgAGQAYQAgAEIAYQB0AHQAYQBnAGwAaQBhACAAQwBhAGkAbwAgAEQAdQBpAGwAaQBvACAAKABtAG8AZAAgADIAKQA="/>
					<float name="RadarRange" value="101.739784"/>
					<float name="RadioGain" value="10000."/>
					<float name="RadioPowerHF" value="0."/>
					<float name="RadioPowerVHF" value="50."/>
					<float name="RadioSensitivityHF" value="0."/>
					<float name="RadioSensitivityVHF" value="4.99999989e-003"/>
					<object name="Slots">
						<object name="TPort_Anton">
							<string name="Device" value="3x320mm_Duilio_TurretA"/>
							<string name="Table" value="Turrets"/>
						</object>
						<object name="TPort_Bruno">
							<string name="Device" value="2x320mm_Duilio_TurretB"/>
							<string name="Table" value="Turrets"/>
						</object>
						<object name="TPort_Dora">
							<string name="Device" value="2x320mm_Duilio_TurretX"/>
							<string name="Table" value="Turrets"/>
						</object>
						<object name="TPort_Cesar">
							<string name="Device" value="3x320mm_Duilio_TurretY"/>
							<string name="Table" value="Turrets"/>
						</object>
						<object name="TPort_135mmFR">
							<string name="Device" value="3x135mm_Duilio_Turret"/>
							<string name="Table" value="Turrets"/>
						</object>
						<object name="TPort_135mmFL">
							<string name="Device" value="3x135mm_Duilio_Turret"/>
							<string name="Table" value="Turrets"/>
						</object>
						<object name="TPort_135mmBR">
							<string name="Device" value="3x135mm_Duilio_Turret"/>
							<string name="Table" value="Turrets"/>
						</object>
						<object name="TPort_135mmBL">
							<string name="Device" value="3x135mm_Duilio_Turret"/>
							<string name="Table" value="Turrets"/>
						</object>
						<object name="TPort_90mmF1R">
							<string name="Device" value="Littorio_90mm_Turret"/>
							<string name="Table" value="Turrets"/>
						</object>
						<object name="TPort_90mmF1L">
							<string name="Device" value="Littorio_90mm_Turret"/>
							<string name="Table" value="Turrets"/>
						</object>
						<object name="TPort_90mmF2R">
							<string name="Device" value="Littorio_90mm_Turret"/>
							<string name="Table" value="Turrets"/>
						</object>
						<object name="TPort_90mmF2L">
							<string name="Device" value="Littorio_90mm_Turret"/>
							<string name="Table" value="Turrets"/>
						</object>
						<object name="TPort_90mmF3R">
							<string name="Device" value="Littorio_90mm_Turret"/>
							<string name="Table" value="Turrets"/>
						</object>
						<object name="TPort_90mmF3L">
							<string name="Device" value="Littorio_90mm_Turret"/>
							<string name="Table" value="Turrets"/>
						</object>
						<object name="TPort_90mmB1R">
							<string name="Device" value="Littorio_90mm_Turret"/>
							<string name="Table" value="Turrets"/>
						</object>
						<object name="TPort_90mmB1L">
							<string name="Device" value="Littorio_90mm_Turret"/>
							<string name="Table" value="Turrets"/>
						</object>
						<object name="TPort_90mmB2R">
							<string name="Device" value="Littorio_90mm_Turret"/>
							<string name="Table" value="Turrets"/>
						</object>
						<object name="TPort_90mmB2L">
							<string name="Device" value="Littorio_90mm_Turret"/>
							<string name="Table" value="Turrets"/>
						</object>
						<object name="TPort_AA37mmR1">
							<string name="Device" value="Bismark_FLAK3_37mm_SK_C30_Turret"/>
							<string name="Table" value="Turrets"/>
						</object>

						<object name="TPort_AA37mmL1">
							<string name="Device" value="Bismark_FLAK3_37mm_SK_C30_Turret"/>
							<string name="Table" value="Turrets"/>
						</object>
						<object name="TPort_AA37mmR2">
							<string name="Device" value="Bismark_FLAK3_37mm_SK_C30_Turret"/>
							<string name="Table" value="Turrets"/>
						</object>
						<object name="TPort_AA37mmL2">
							<string name="Device" value="Bismark_FLAK3_37mm_SK_C30_Turret"/>
							<string name="Table" value="Turrets"/>
						</object>
						<object name="TPort_AA37mmR3">
							<string name="Device" value="Bismark_FLAK3_37mm_SK_C30_Turret"/>
							<string name="Table" value="Turrets"/>
						</object>
						<object name="TPort_AA37mmL3">
							<string name="Device" value="Bismark_FLAK3_37mm_SK_C30_Turret"/>
							<string name="Table" value="Turrets"/>
						</object>
						<object name="TPort_AA37mmR4">
							<string name="Device" value="Bismark_FLAK3_37mm_SK_C30_Turret"/>
							<string name="Table" value="Turrets"/>
						</object>
						<object name="TPort_AA37mmL4">
							<string name="Device" value="Bismark_FLAK3_37mm_SK_C30_Turret"/>
							<string name="Table" value="Turrets"/>
						</object>
						<object name="TPort_AA20mmR1">
							<string name="Device" value="Bismark_FLAK5_20mm_MG_C30_3V_Turret"/>
							<string name="Table" value="Turrets"/>
						</object>
						<object name="TPort_AA20mmL1">
							<string name="Device" value="Bismark_FLAK5_20mm_MG_C30_3V_Turret"/>
							<string name="Table" value="Turrets"/>
						</object>
						<object name="TPort_AA20mmR2">
							<string name="Device" value="Bismark_FLAK5_20mm_MG_C30_3V_Turret"/>
							<string name="Table" value="Turrets"/>
						</object>
						<object name="TPort_AA20mmL2">
							<string name="Device" value="Bismark_FLAK5_20mm_MG_C30_3V_Turret"/>
							<string name="Table" value="Turrets"/>
						</object>
						<object name="TPort_AA20mmR3">
							<string name="Device" value="Bismark_FLAK5_20mm_MG_C30_3V_Turret"/>
							<string name="Table" value="Turrets"/>
						</object>
						<object name="TPort_AA20mmL3">
							<string name="Device" value="Bismark_FLAK5_20mm_MG_C30_3V_Turret"/>
							<string name="Table" value="Turrets"/>
						</object>
						<object name="TPort_AA20mmR4">
							<string name="Device" value="Bismark_FLAK5_20mm_MG_C30_3V_Turret"/>
							<string name="Table" value="Turrets"/>
						</object>
						<object name="TPort_AA20mmL4">
							<string name="Device" value="Bismark_FLAK5_20mm_MG_C30_3V_Turret"/>
							<string name="Table" value="Turrets"/>
						</object>
						<object name="TPort_ProjFR">
							<string name="Device" value="Bismark_Projector_Turret"/>
							<string name="Table" value="Turrets"/>
						</object>
						<object name="TPort_ProjBR">
							<string name="Device" value="Bismark_Projector_Turret"/>
							<string name="Table" value="Turrets"/>
						</object>
						<object name="TPort_ProjBL">
							<string name="Device" value="Bismark_Projector_Turret"/>
							<string name="Table" value="Turrets"/>
						</object>
						<object name="TPort_ProjFL">
							<string name="Device" value="Bismark_Projector_Turret"/>
							<string name="Table" value="Turrets"/>
						</object>
						<object name="TPort_RFSFR">
							<string name="Device" value="Bismark_RangefinderSmall"/>
							<string name="Table" value="Turrets"/>
						</object>
						<object name="TPort_RFSFL">
							<string name="Device" value="Bismark_RangefinderSmall"/>
							<string name="Table" value="Turrets"/>
						</object>
						<object name="TPort_RFSBR">
							<string name="Device" value="Bismark_RangefinderSmall"/>
							<string name="Table" value="Turrets"/>
						</object>
						<object name="TPort_RFSBL">
							<string name="Device" value="Bismark_RangefinderSmall"/>
							<string name="Table" value="Turrets"/>
						</object>


						<object name="TPort_RF01FR">
							<string name="Device" value="Littorio_Radar_FuMOFX"/>
							<string name="Table" value="Turrets"/>
						</object>
						<object name="TPort_RF02FL">
							<string name="Device" value="Littorio_Radar_FuMOFX"/>
							<string name="Table" value="Turrets"/>
						</object>
						<object name="TPort_RF3mR">
							<string name="Device" value="Bismark_Rangefinder3m"/>
							<string name="Table" value="Turrets"/>
						</object>
						<object name="TPort_RF3mL">
							<string name="Device" value="Bismark_Rangefinder3m"/>
							<string name="Table" value="Turrets"/>
						</object>
						<object name="TPort_RADAR1">
							<string name="Device" value="Littorio_Radar_FuMO213"/>
							<string name="Table" value="Turrets"/>
						</object>
						<object name="TPort_RADAR2">
							<string name="Device" value="Littorio_Radar_FuMO_23_1V"/>
							<string name="Table" value="Turrets"/>
						</object>


						<object name="TPort_VINTR">
							<string name="Device" value="Vint_Bismark"/>
							<string name="Table" value="Turrets"/>
						</object>
						<object name="TPort_VINTL">
							<string name="Device" value="Vint_Bismark"/>
							<string name="Table" value="Turrets"/>
						</object>
						<object name="ZPort_AAGunContr1">
							<string name="Device" value="Mark1_AA"/>
							<string name="Table" value="AimSystems"/>
						</object>
						<object name="ZPort_Jammer_US_A1">
							<string name="Device" value=""/>
							<string name="Table" value="Probes"/>
						</object>
						<object name="ZPort_MainGunContr">
							<string name="Device" value="Mk_8R_M"/>
							<string name="Table" value="AimSystems"/>
						</object>
						<object name="ZPort_Radio">
							<string name="Device" value="TBS"/>
							<string name="Table" value="Probes"/>
						</object>
						<object name="ZPort_Sonar">
							<string name="Device" value="SearchLight_U"/>
							<string name="Table" value="Probes"/>
						</object>
						<object name="ZPort_SteamTurbine_01">
							<string name="Device" value="MPP_Duilio"/>
							<string name="Table" value="Engins"/>
						</object>
					</object>
					<string name="Sonar" value="SearchLight_U"/>
					<float name="Speed" value="15."/>
					<string name="SuperRifles" value=""/>
					<float name="VolleyWeight" value="14.0668011"/>
					<float name="Weight" value="31647.1133"/>
				</object>
				<object name="ai_45">
					<string name="AAGunControl" value="Mark12R_AA"/>
					<float name="AAVolleyWeight" value="16.6355171"/>
					<float name="Aluminium" value="0."/>
					<float name="AmmoWeight" value="823.199951"/>
					<float name="Armour" value="0."/>
					<float name="FuelConsumption" value="5.27263451"/>
					<float name="FuelProtect" value="0."/>
					<string name="FullModName" value="Ships.Duilio.ai_45"/>
					<float name="Iron" value="40847.6797"/>
					<boolean name="IsAvailable" value="false"/>
					<boolean name="IsJammer" value="true"/>
					<string name="MainGunControl" value="Mk_8R_M"/>
					<float name="MaxFuel" value="5200."/>
					<float name="MaxSpeed" value="27."/>
					<float name="MinSpeed" value="0."/>
					<float name="Money" value="45392."/>
					<widestring name="Name" value="TgBhAHYAaQAgAGQAYQAgAEIAYQB0AHQAYQBnAGwAaQBhACAAQwBhAGkAbwAgAEQAdQBpAGwAaQBvACAAKABtAG8AZAAgADMAKQA="/>
					<float name="RadarRange" value="101.739784"/>
					<float name="RadioGain" value="10000."/>
					<float name="RadioPowerHF" value="0."/>
					<float name="RadioPowerVHF" value="50."/>
					<float name="RadioSensitivityHF" value="0."/>
					<float name="RadioSensitivityVHF" value="4.99999989e-003"/>
					<object name="Slots">
						<object name="TPort_Anton">
							<string name="Device" value="3x320mm_Duilio_TurretA"/>
							<string name="Table" value="Turrets"/>
						</object>
						<object name="TPort_Bruno">
							<string name="Device" value="2x320mm_Duilio_TurretB"/>
							<string name="Table" value="Turrets"/>
						</object>
						<object name="TPort_Dora">
							<string name="Device" value="2x320mm_Duilio_TurretX"/>
							<string name="Table" value="Turrets"/>
						</object>
						<object name="TPort_Cesar">
							<string name="Device" value="3x320mm_Duilio_TurretY"/>
							<string name="Table" value="Turrets"/>
						</object>
						<object name="TPort_135mmFR">
							<string name="Device" value="3x135mm_Duilio_Turret"/>
							<string name="Table" value="Turrets"/>
						</object>
						<object name="TPort_135mmFL">
							<string name="Device" value="3x135mm_Duilio_Turret"/>
							<string name="Table" value="Turrets"/>
						</object>
						<object name="TPort_135mmBR">
							<string name="Device" value="3x135mm_Duilio_Turret"/>
							<string name="Table" value="Turrets"/>
						</object>
						<object name="TPort_135mmBL">
							<string name="Device" value="3x135mm_Duilio_Turret"/>
							<string name="Table" value="Turrets"/>
						</object>
						<object name="TPort_90mmF1R">
							<string name="Device" value="Littorio_90mm_Turret"/>
							<string name="Table" value="Turrets"/>
						</object>
						<object name="TPort_90mmF1L">
							<string name="Device" value="Littorio_90mm_Turret"/>
							<string name="Table" value="Turrets"/>
						</object>
						<object name="TPort_90mmF2R">
							<string name="Device" value="Littorio_90mm_Turret"/>
							<string name="Table" value="Turrets"/>
						</object>
						<object name="TPort_90mmF2L">
							<string name="Device" value="Littorio_90mm_Turret"/>
							<string name="Table" value="Turrets"/>
						</object>
						<object name="TPort_90mmF3R">
							<string name="Device" value="Littorio_90mm_Turret"/>
							<string name="Table" value="Turrets"/>
						</object>
						<object name="TPort_90mmF3L">
							<string name="Device" value="Littorio_90mm_Turret"/>
							<string name="Table" value="Turrets"/>
						</object>
						<object name="TPort_90mmB1R">
							<string name="Device" value="Littorio_90mm_Turret"/>
							<string name="Table" value="Turrets"/>
						</object>
						<object name="TPort_90mmB1L">
							<string name="Device" value="Littorio_90mm_Turret"/>
							<string name="Table" value="Turrets"/>
						</object>
						<object name="TPort_90mmB2R">
							<string name="Device" value="Littorio_90mm_Turret"/>
							<string name="Table" value="Turrets"/>
						</object>
						<object name="TPort_90mmB2L">
							<string name="Device" value="Littorio_90mm_Turret"/>
							<string name="Table" value="Turrets"/>
						</object>
						<object name="TPort_AA37mmR1">
							<string name="Device" value="G_Bofors_20x8_Turret"/>
							<string name="Table" value="Turrets"/>
						</object>

						<object name="TPort_AA37mmL1">
							<string name="Device" value="G_Bofors_20x8_Turret"/>
							<string name="Table" value="Turrets"/>
						</object>
						<object name="TPort_AA37mmR2">
							<string name="Device" value="G_Bofors_20x8_Turret"/>
							<string name="Table" value="Turrets"/>
						</object>
						<object name="TPort_AA37mmL2">
							<string name="Device" value="G_Bofors_20x8_Turret"/>
							<string name="Table" value="Turrets"/>
						</object>
						<object name="TPort_AA37mmR3">
							<string name="Device" value="G_Bofors_20x8_Turret"/>
							<string name="Table" value="Turrets"/>
						</object>
						<object name="TPort_AA37mmL3">
							<string name="Device" value="G_Bofors_20x8_Turret"/>
							<string name="Table" value="Turrets"/>
						</object>
						<object name="TPort_AA37mmR4">
							<string name="Device" value="G_Bofors_20x8_Turret"/>
							<string name="Table" value="Turrets"/>
						</object>
						<object name="TPort_AA37mmL4">
							<string name="Device" value="G_Bofors_20x8_Turret"/>
							<string name="Table" value="Turrets"/>
						</object>
						<object name="TPort_AA20mmR1">
							<string name="Device" value="Bismark_FLAK5_20mm_MG_C30_3V_Turret"/>
							<string name="Table" value="Turrets"/>
						</object>
						<object name="TPort_AA20mmL1">
							<string name="Device" value="Bismark_FLAK5_20mm_MG_C30_3V_Turret"/>
							<string name="Table" value="Turrets"/>
						</object>
						<object name="TPort_AA20mmR2">
							<string name="Device" value="Bismark_FLAK5_20mm_MG_C30_3V_Turret"/>
							<string name="Table" value="Turrets"/>
						</object>
						<object name="TPort_AA20mmL2">
							<string name="Device" value="Bismark_FLAK5_20mm_MG_C30_3V_Turret"/>
							<string name="Table" value="Turrets"/>
						</object>
						<object name="TPort_AA20mmR3">
							<string name="Device" value="Bismark_FLAK5_20mm_MG_C30_3V_Turret"/>
							<string name="Table" value="Turrets"/>
						</object>
						<object name="TPort_AA20mmL3">
							<string name="Device" value="Bismark_FLAK5_20mm_MG_C30_3V_Turret"/>
							<string name="Table" value="Turrets"/>
						</object>
						<object name="TPort_AA20mmR4">
							<string name="Device" value="Bismark_FLAK5_20mm_MG_C30_3V_Turret"/>
							<string name="Table" value="Turrets"/>
						</object>
						<object name="TPort_AA20mmL4">
							<string name="Device" value="Bismark_FLAK5_20mm_MG_C30_3V_Turret"/>
							<string name="Table" value="Turrets"/>
						</object>
						<object name="TPort_ProjFR">
							<string name="Device" value="Bismark_Projector_Turret"/>
							<string name="Table" value="Turrets"/>
						</object>
						<object name="TPort_ProjBR">
							<string name="Device" value="Bismark_Projector_Turret"/>
							<string name="Table" value="Turrets"/>
						</object>
						<object name="TPort_ProjBL">
							<string name="Device" value="Bismark_Projector_Turret"/>
							<string name="Table" value="Turrets"/>
						</object>
						<object name="TPort_ProjFL">
							<string name="Device" value="Bismark_Projector_Turret"/>
							<string name="Table" value="Turrets"/>
						</object>
						<object name="TPort_RFSFR">
							<string name="Device" value="Bismark_RangefinderSmall"/>
							<string name="Table" value="Turrets"/>
						</object>
						<object name="TPort_RFSFL">
							<string name="Device" value="Bismark_RangefinderSmall"/>
							<string name="Table" value="Turrets"/>
						</object>
						<object name="TPort_RFSBR">
							<string name="Device" value="Bismark_RangefinderSmall"/>
							<string name="Table" value="Turrets"/>
						</object>
						<object name="TPort_RFSBL">
							<string name="Device" value="Bismark_RangefinderSmall"/>
							<string name="Table" value="Turrets"/>
						</object>


						<object name="TPort_RF01FR">
							<string name="Device" value="Littorio_Radar_FuMOFX"/>
							<string name="Table" value="Turrets"/>
						</object>
						<object name="TPort_RF02FL">
							<string name="Device" value="Littorio_Radar_FuMOFX"/>
							<string name="Table" value="Turrets"/>
						</object>
						<object name="TPort_RF3mR">
							<string name="Device" value="Bismark_Rangefinder3m"/>
							<string name="Table" value="Turrets"/>
						</object>
						<object name="TPort_RF3mL">
							<string name="Device" value="Bismark_Rangefinder3m"/>
							<string name="Table" value="Turrets"/>
						</object>
						<object name="TPort_RADAR1">
							<string name="Device" value="Littorio_Radar_FuMO213"/>
							<string name="Table" value="Turrets"/>
						</object>
						<object name="TPort_RADAR2">
							<string name="Device" value="Littorio_Radar_FuMO_23_1V"/>
							<string name="Table" value="Turrets"/>
						</object>


						<object name="TPort_VINTR">
							<string name="Device" value="Vint_Bismark"/>
							<string name="Table" value="Turrets"/>
						</object>
						<object name="TPort_VINTL">
							<string name="Device" value="Vint_Bismark"/>
							<string name="Table" value="Turrets"/>
						</object>
						<object name="ZPort_AAGunContr1">
							<string name="Device" value="Mark12R_AA"/>
							<string name="Table" value="AimSystems"/>
						</object>
						<object name="ZPort_Jammer_US_A1">
							<string name="Device" value="Jammer_US_A"/>
							<string name="Table" value="Probes"/>
						</object>
						<object name="ZPort_MainGunContr">
							<string name="Device" value="Mk_8R_M"/>
							<string name="Table" value="AimSystems"/>
						</object>
						<object name="ZPort_Radio">
							<string name="Device" value="TBS"/>
							<string name="Table" value="Probes"/>
						</object>
						<object name="ZPort_Sonar">
							<string name="Device" value="SearchLight_U"/>
							<string name="Table" value="Probes"/>
						</object>
						<object name="ZPort_SteamTurbine_01">
							<string name="Device" value="MPP_Duilio"/>
							<string name="Table" value="Engins"/>
						</object>
					</object>
					<string name="Sonar" value="SearchLight_U"/>
					<float name="Speed" value="15."/>
					<string name="SuperRifles" value=""/>
					<float name="VolleyWeight" value="14.0668011"/>
					<float name="Weight" value="31623.9414"/>
				</object>
			</object>
		</object>
	</object>
</root>