﻿<?xml version="1.0" standalone="yes" ?>
<root>
	<object name="SteelMonstersParams">
		<object name="Hit_Location">
			<object name="Ark7829">
				<integer name="Country" value="3"/>
				<integer name="Crew" value="1"/>
				<float name="ER" value="3.e-002"/>
				<string name="Hull" value="Std_Crew"/>
				<string name="Name" value="Gunner1"/>
				<string name="TypHL" value="Crew"/>
				<string name="UnitName" value="Ark_Gun_114x2_Base"/>
			</object>
			<object name="Ark7830">
				<integer name="Country" value="3"/>
				<float name="ER" value="50."/>
				<string name="Hull" value="Std_Guns_SO"/>
				<string name="Name" value="Turret"/>
				<string name="TypHL" value="AmmoStore"/>
				<string name="UnitName" value="Ark_Gun_114x2_Base"/>
			</object>
			<object name="Ark7831">
				<integer name="Country" value="3"/>
				<integer name="Crew" value="1"/>
				<float name="ER" value="3.e-002"/>
				<string name="Hull" value="Std_Crew"/>
				<string name="Name" value="Gunner4"/>
				<string name="TypHL" value="Crew"/>
				<string name="UnitName" value="Ark_Gun_114x2_Base"/>
			</object>
			<object name="Ark7832">
				<integer name="Country" value="3"/>
				<integer name="Crew" value="1"/>
				<float name="ER" value="3.e-002"/>
				<string name="Hull" value="Std_Crew"/>
				<string name="Name" value="Gunner2"/>
				<string name="TypHL" value="Crew"/>
				<string name="UnitName" value="Ark_Gun_114x2_Base"/>
			</object>
			<object name="Ark7833">
				<integer name="Country" value="3"/>
				<integer name="Crew" value="1"/>
				<float name="ER" value="3.e-002"/>
				<string name="Hull" value="Std_Crew"/>
				<string name="Name" value="Gunner3"/>
				<string name="TypHL" value="Crew"/>
				<string name="UnitName" value="Ark_Gun_114x2_Base"/>
			</object>
		</object>
		<object name="Rifles">
			<object name="Ark_Gun_114x2_Stvol">
				<float name="AARange" value="12.5"/>
				<string name="Ammo" value="Proj_114_UK"/>
				<integer name="AmmoStorage" value="400"/>
				<float name="AmmoWeight" value="24.95"/>
				<float name="Caliber" value="114."/>
				<integer name="Country" value="3"/>
				<float name="Dispersion" value="9."/>
				<integer name="FinalSpeed" value="189"/>
				<string name="FireSound" value="Guns\127mm"/>
				<string name="HighExp" value="Proj_114_UK_HE"/>
				<boolean name="IgnoreXMLFile" value="false"/>
				<float name="Money" value="3."/>
				<boolean name="New" value="true"/>
				<float name="ROF" value="12."/>
				<float name="Range" value="18.97"/>
				<boolean name="SLLauncher" value="false"/>
				<string name="SMU_File" value="Ark_Gun_114x2_Stvol"/>
				<integer name="StartSpeed" value="746"/>
				<integer name="Unreliability" value="0"/>
				<string name="Usage" value="Ships"/>
				<float name="Weight" value="2.859"/>
			</object>
			<object name="Ark_Gun_114x2_Stvolx">
				<float name="AARange" value="12.5"/>
				<string name="Ammo" value="Proj_114_UK"/>
				<integer name="AmmoStorage" value="400"/>
				<float name="AmmoWeight" value="24.95"/>
				<float name="Caliber" value="114."/>
				<integer name="Country" value="3"/>
				<float name="Dispersion" value="9."/>
				<integer name="FinalSpeed" value="189"/>
				<string name="FireSound" value="Guns\127mm"/>
				<string name="HighExp" value="Proj_114_UK_HE"/>
				<boolean name="IgnoreXMLFile" value="false"/>
				<float name="Money" value="3."/>
				<boolean name="New" value="true"/>
				<float name="ROF" value="12."/>
				<float name="Range" value="18.97"/>
				<boolean name="SLLauncher" value="false"/>
				<string name="SMU_File" value="Dummy_Gun_Stvol"/>
				<integer name="StartSpeed" value="746"/>
				<integer name="Unreliability" value="0"/>
				<string name="Usage" value="Ships"/>
				<float name="Weight" value="2.859"/>
			</object>
		</object>
		<object name="Turrets">
			<object name="Ark_Gun_114x2_Base">
				<integer name="Amount" value="2"/>
				<integer name="ArmorFront" value="25"/>
				<integer name="ArmorSide" value="25"/>
				<integer name="ArmorTop" value="25"/>
				<string name="Building" value="Artillery"/>
				<string name="Content" value="Rifles.Ark_Gun_114x2_Stvol"/>
				<integer name="Country" value="3"/>
				<float name="DTimeProd" value="5."/>
				<integer name="Elevation" value="80"/>
				<integer name="ElevationRate" value="20"/>
				<string name="Icon" value="Artillery"/>
				<boolean name="IgnoreXMLFile" value="false"/>
				<float name="Iron" value="38.2"/>
				<float name="Money" value="6.5"/>
				<float name="NTimeProd" value="25."/>
				<boolean name="New" value="true"/>
				<boolean name="Production" value="false"/>
				<integer name="QualityRate" value="4"/>
				<integer name="RotationRate" value="20"/>
				<string name="SMU_File" value="Ark_Gun_114x2_Base"/>
				<string name="Type" value="Gun"/>
				<float name="Vitality" value="350."/>
				<float name="Weight" value="49.395"/>
			</object>
		</object>
	</object>
</root>
