﻿<?xml version="1.0" standalone="yes" ?>
<root>
	<object name="Modifications">
        <object name="SubUnits">
			<object name="Ark_Gun_114x2_Base">
				<object name="TPort_01">
					<string name="Device" value="Ark_Gun_114x2_Stvol"/>
					<string name="Table" value="Rifles"/>
				</object>
				<object name="TPort_02">
					<string name="Device" value="Ark_Gun_114x2_Stvolx"/>
					<string name="Table" value="Rifles"/>
				</object>
			</object>
		</object>
	</object>
</root>
