﻿<?xml version = "1.0" encoding = "UTF-8"?>
<root>
	<object name = "SteelMonstersParams">
		<object name="Ships">
			<object name="Navigatori">
				<float name="AccelRate" value="4.e-004"/>
				<integer name="AirplanesCount" value="0"/>
				<boolean name="BoatsTransportationAbility" value="false"/>
				<integer name="CabinArmor" value="20"/>
				<boolean name="CanBeChanged" value="true"/>
				<boolean name="CanUseTorpedos" value="true"/>
				<integer name="Country" value="5"/>
				<integer name="Crew" value="224"/>
				<float name="CriticalCareen" value="24."/>
				<float name="CriticalDFT" value="0.7"/>
				<float name="CriticalDifferent" value="2."/>
				<float name="DTimeProd" value="44."/>
				<float name="DisplacementMax" value="2690."/>
				<float name="EPR" value="130."/>
				<float name="FireRisk" value="267."/>
				<float name="Fuel" value="630."/>
				<float name="HLShapeCoef" value="0.9"/>
				<integer name="HullArmorSide" value="20"/>
				<integer name="HullArmorTop" value="13"/>
				<float name="Iron" value="1900."/>
				<integer name="Length" value="107"/>
				<float name="MaxSpeed" value="38."/>
				<integer name="MinCrew" value="110"/>
				<float name="Money" value="5400."/>
				<float name="NTimeProd" value="110."/>
				<string name="Name" value="Navigatori"/>
				<boolean name="New" value="true"/>
				<integer name="Nuc_Dest_Prob" value="700"/>
				<integer name="Passengers" value="30"/>
				<boolean name="PlanesTransportationAbility" value="false"/>
				<float name="Range" value="12038."/>
				<integer name="Rank" value="5"/>
				<string name="SMU" value="Navigatori"/>
				<float name="Speed" value="19."/>
				<float name="StoreCapacity" value="300."/>
				<boolean name="Transportable" value="false"/>
				<float name="TurnRate" value="1.8e-003"/>
				<integer name="Type" value="4"/>
				<float name="Vitality" value="830."/>
				<float name="VitalityAA" value="350."/>
				<float name="Weight" value="1839."/>
				<integer name="Width" value="10.2"/>
				<integer name="Year" value="39"/>
			</object>
		</object>
		<object name="Engins">
			<object name="MPP_Navigatori">
				<float name="Consumption" value="4.7e-004"/>
				<integer name="Country" value="5"/>
				<float name="Money" value="5000."/>
				<integer name="Power_Max" value="50000"/>
				<integer name="RPM_Max" value="0"/>
				<integer name="Type" value="8"/>
				<integer name="Unreliability" value="10"/>
				<string name="Usage" value="Ships"/>
				<float name="Weight" value="660."/>
			</object>
		</object>
		<object name="ShipsNames">
			<object name="Navigatori">
				<string name="1" value="Navigatori1"/>
				<string name="2" value="Navigatori2"/>
				<string name="3" value="Navigatori3"/>
				<string name="4" value="Navigatori4"/>
				<string name="5" value="Navigatori5"/>
				<string name="6" value="Navigatori6"/>
				<string name="7" value="Navigatori7"/>
				<string name="8" value="Navigatori8"/>
				<string name="9" value="Navigatori9"/>
				<string name="10" value="Navigatori10"/>
				<string name="11" value="Navigatori11"/>
				<string name="12" value="Navigatori12"/>
			</object>
		</object>
		<object name="UnitsByType">
			<object name="4">
				<object name="Navigatori">
					<string name="ChildTable" value="Ships"/>
				</object>
			</object>
		</object>
	</object>
</root>
