﻿<?xml version="1.0" standalone="yes" ?>
<root>
	<object name="SteelMonstersParams">
		<object name="Rifles">
			<object name="320mm_Duilio_Stvol">
				<integer name="Country" value="5"/>
				<string name="Usage" value="Ships"/>
				<boolean name="SLLauncher" value="false"/>
				<string name="SMU_File" value="320mm_Duilio_Stvol"/>
				<boolean name="New" value="true"/>
				<float name="Weight" value="64."/>
				<float name="AmmoWeight" value="525."/>
				<float name="Caliber" value="320."/>
				<float name="ROF" value="2"/>
				<integer name="StartSpeed" value="830"/>
				<float name="Range" value="29.4"/>
				<float name="AARange" value="0"/>
				<integer name="FinalSpeed" value="330"/>
				<integer name="AmmoStorage" value="100"/>
				<integer name="Unreliability" value="0"/>
				<float name="Money" value="9.2"/>
				<float name="Dispersion" value="4."/>
				<string name="HighExp" value="Proj_320_I_HE"/>
				<string name="ArmPiercing" value="Proj_320_I_AP"/>
				<string name="Ammo" value="Proj_320_I"/>
				<string name="FireSound" value="Guns\356mm"/>
				<boolean name="IgnoreXMLFile" value="false"/>
			</object>
		</object>
		<object name="Turrets">
			<object name="3x320mm_Duilio_TurretA">
				<integer name="Country" value="5"/>
				<string name="Type" value="Gun"/>
				<string name="SMU_File" value="3x320mm_Duilio_Turret"/>
				<string name="Content" value="Rifles.320mm_Duilio_Stvol"/>
				<boolean name="New" value="true"/>
				<integer name="Amount" value="3"/>
				<float name="Weight" value="733."/>
				<integer name="Elevation" value="30"/>
				<integer name="ElevationRate" value="6"/>
				<integer name="RotationRate" value="5"/>
				<integer name="ArmorFront" value="275"/>
				<integer name="ArmorSide" value="220"/>
				<integer name="ArmorTop" value="200"/>
				<boolean name="Production" value="false"/>
				<float name="Money" value="6.5"/>
				<float name="Iron" value="26."/>
				<float name="NTimeProd" value="25."/>
				<float name="DTimeProd" value="5."/>
				<string name="Icon" value="Artillery"/>
				<float name="Vitality" value="1400."/>
				<string name="Building" value="Artillery"/>
				<integer name="QualityRate" value="6"/>
				<boolean name="IgnoreXMLFile" value="false"/>
			</object>
			<object name="2x320mm_Duilio_TurretB">
				<integer name="Country" value="5"/>
				<string name="Type" value="Gun"/>
				<string name="SMU_File" value="2x320mm_Duilio_Turret"/>
				<string name="Content" value="Rifles.320mm_Duilio_Stvol"/>
				<boolean name="New" value="true"/>
				<integer name="Amount" value="2"/>
				<float name="Weight" value="539."/>
				<integer name="Elevation" value="30"/>
				<integer name="ElevationRate" value="6"/>
				<integer name="RotationRate" value="5"/>
				<integer name="ArmorFront" value="275"/>
				<integer name="ArmorSide" value="220"/>
				<integer name="ArmorTop" value="200"/>
				<boolean name="Production" value="false"/>
				<float name="Money" value="6.5"/>
				<float name="Iron" value="26."/>
				<float name="NTimeProd" value="25."/>
				<float name="DTimeProd" value="5."/>
				<string name="Icon" value="Artillery"/>
				<float name="Vitality" value="1400."/>
				<string name="Building" value="Artillery"/>
				<integer name="QualityRate" value="6"/>
				<boolean name="IgnoreXMLFile" value="false"/>
			</object>
			<object name="3x320mm_Duilio_TurretY">
				<integer name="Country" value="5"/>
				<string name="Type" value="Gun"/>
				<string name="SMU_File" value="3x320mm_Duilio_Turret"/>
				<string name="Content" value="Rifles.320mm_Duilio_Stvol"/>
				<boolean name="New" value="true"/>
				<integer name="Amount" value="3"/>
				<float name="Weight" value="733."/>
				<integer name="Elevation" value="30"/>
				<integer name="ElevationRate" value="6"/>
				<integer name="RotationRate" value="5"/>
				<integer name="ArmorFront" value="275"/>
				<integer name="ArmorSide" value="220"/>
				<integer name="ArmorTop" value="200"/>
				<boolean name="Production" value="false"/>
				<float name="Money" value="6.5"/>
				<float name="Iron" value="26."/>
				<float name="NTimeProd" value="25."/>
				<float name="DTimeProd" value="5."/>
				<string name="Icon" value="Artillery"/>
				<float name="Vitality" value="1400."/>
				<string name="Building" value="Artillery"/>
				<integer name="QualityRate" value="6"/>
				<boolean name="IgnoreXMLFile" value="false"/>
			</object>
			<object name="2x320mm_Duilio_TurretX">
				<integer name="Country" value="5"/>
				<string name="Type" value="Gun"/>
				<string name="SMU_File" value="2x320mm_Duilio_Turret"/>
				<string name="Content" value="Rifles.320mm_Duilio_Stvol"/>
				<boolean name="New" value="true"/>
				<integer name="Amount" value="2"/>
				<float name="Weight" value="539."/>
				<integer name="Elevation" value="30"/>
				<integer name="ElevationRate" value="6"/>
				<integer name="RotationRate" value="5"/>
				<integer name="ArmorFront" value="275"/>
				<integer name="ArmorSide" value="220"/>
				<integer name="ArmorTop" value="200"/>
				<boolean name="Production" value="false"/>
				<float name="Money" value="6.5"/>
				<float name="Iron" value="26."/>
				<float name="NTimeProd" value="25."/>
				<float name="DTimeProd" value="5."/>
				<string name="Icon" value="Artillery"/>
				<float name="Vitality" value="1400."/>
				<string name="Building" value="Artillery"/>
				<integer name="QualityRate" value="6"/>
				<boolean name="IgnoreXMLFile" value="false"/>
			</object>
		</object>
		<object name="Hit_Location">
			<object name="310DA11">
				<integer name="Country" value="5"/>
				<float name="ER" value="400."/>
				<string name="Hull" value="Duilio_Turret_RF"/>
				<string name="Name" value="Rangefinder"/>
				<string name="TypHL" value="Probe"/>
				<string name="UnitName" value="3x320mm_Duilio_TurretA"/>
			</object>
			<object name="310DA22">
				<integer name="Country" value="5"/>
				<float name="ER" value="400."/>
				<string name="Hull" value="Duilio_MTurretV1"/>
				<string name="Name" value="Turret"/>
				<string name="TypHL" value="AmmoStore"/>
				<string name="UnitName" value="3x320mm_Duilio_TurretA"/>
			</object>
			<object name="310DA33">
				<integer name="Country" value="5"/>
				<float name="ER" value="400."/>
				<string name="Hull" value="Duilio_Shakegeban"/>
				<string name="Name" value="Shakegiban"/>
				<string name="TypHL" value="Probe"/>
				<string name="UnitName" value="3x320mm_Duilio_TurretA"/>
			</object>
			<object name="310DB11">
				<integer name="Country" value="5"/>
				<float name="ER" value="400."/>
				<string name="Hull" value="Duilio_Turret_RF"/>
				<string name="Name" value="Rangefinder"/>
				<string name="TypHL" value="Probe"/>
				<string name="UnitName" value="2x320mm_Duilio_TurretB"/>
			</object>
			<object name="310DB22">
				<integer name="Country" value="5"/>
				<float name="ER" value="400."/>
				<string name="Hull" value="Duilio_MTurretV1"/>
				<string name="Name" value="Turret"/>
				<string name="TypHL" value="AmmoStore"/>
				<string name="UnitName" value="2x320mm_Duilio_TurretB"/>
			</object>
			<object name="310DB33">
				<integer name="Country" value="5"/>
				<float name="ER" value="400."/>
				<string name="Hull" value="Duilio_Shakegeban"/>
				<string name="Name" value="Shakegiban"/>
				<string name="TypHL" value="Probe"/>
				<string name="UnitName" value="2x320mm_Duilio_TurretB"/>
			</object>
			<object name="310DY11">
				<integer name="Country" value="5"/>
				<float name="ER" value="400."/>
				<string name="Hull" value="Duilio_Turret_RF"/>
				<string name="Name" value="Rangefinder"/>
				<string name="TypHL" value="Probe"/>
				<string name="UnitName" value="3x320mm_Duilio_TurretY"/>
			</object>
			<object name="310DY22">
				<integer name="Country" value="5"/>
				<float name="ER" value="400."/>
				<string name="Hull" value="Duilio_MTurretV1"/>
				<string name="Name" value="Turret"/>
				<string name="TypHL" value="AmmoStore"/>
				<string name="UnitName" value="3x320mm_Duilio_TurretY"/>
			</object>
			<object name="310DY33">
				<integer name="Country" value="5"/>
				<float name="ER" value="400."/>
				<string name="Hull" value="Duilio_Shakegeban"/>
				<string name="Name" value="Shakegiban"/>
				<string name="TypHL" value="Probe"/>
				<string name="UnitName" value="3x320mm_Duilio_TurretY"/>
			</object>
			<object name="310DX11">
				<integer name="Country" value="5"/>
				<float name="ER" value="400."/>
				<string name="Hull" value="Duilio_Turret_RF"/>
				<string name="Name" value="Rangefinder"/>
				<string name="TypHL" value="Probe"/>
				<string name="UnitName" value="2x320mm_Duilio_TurretX"/>
			</object>
			<object name="310DX22">
				<integer name="Country" value="5"/>
				<float name="ER" value="400."/>
				<string name="Hull" value="Duilio_MTurretV1"/>
				<string name="Name" value="Turret"/>
				<string name="TypHL" value="AmmoStore"/>
				<string name="UnitName" value="2x320mm_Duilio_TurretX"/>
			</object>
			<object name="310DX33">
				<integer name="Country" value="5"/>
				<float name="ER" value="400."/>
				<string name="Hull" value="Duilio_Shakegeban"/>
				<string name="Name" value="Shakegiban"/>
				<string name="TypHL" value="Probe"/>
				<string name="UnitName" value="2x320mm_Duilio_TurretX"/>
			</object>
		</object>
		<object name="Hulls">
			<object name="Duilio_MTurretV1">
				<integer name="Back" value="350"/>
				<integer name="Bottom" value="100"/>
				<integer name="Country" value="5"/>
				<float name="ExplProb" value="10."/>
				<float name="FireProb" value="10."/>
				<integer name="Front" value="350"/>
				<integer name="Left" value="200"/>
				<string name="Material" value="Armored"/>
				<integer name="Right" value="200"/>
				<integer name="Top" value="200"/>
				<integer name="UnitName" value="0"/>
				<string name="UnitTyp" value="Turret"/>
			</object>
			<object name="Duilio_Shakegeban">
				<integer name="Back" value="350"/>
				<integer name="Bottom" value="100"/>
				<integer name="Country" value="5"/>
				<float name="ExplProb" value="0."/>
				<float name="FireProb" value="10."/>
				<integer name="Front" value="350"/>
				<integer name="Left" value="200"/>
				<string name="Material" value="Armored"/>
				<integer name="Right" value="200"/>
				<integer name="Top" value="170"/>
				<integer name="UnitName" value="0"/>
				<string name="UnitTyp" value="Turret"/>
			</object>
			<object name="Duilio_Turret_RF">
				<integer name="Country" value="5"/>
				<integer name="Back" value="320"/>
				<integer name="Bottom" value="340"/>
				<float name="ExplProb" value="0."/>
				<float name="FireProb" value="10."/>
				<integer name="Front" value="360"/>
				<integer name="Left" value="220"/>
				<string name="Material" value="Armored"/>
				<integer name="Right" value="220"/>
				<integer name="Top" value="170"/>
				<integer name="UnitName" value="0"/>
				<string name="UnitTyp" value="Turret"/>
			</object>
		</object>
	</object>
</root>
