﻿xml version="1.0" standalone="yes" ?>
<root>
	<object name="Modifications">
		<object name="SubUnits">
			<object name="3x320mm_Duilio_TurretA">
				<object name="TPort_01">
					<string name="Device" value="320mm_Duilio_Stvol"/>
					<string name="Table" value="Rifles"/>
				</object>
				<object name="TPort_02">
					<string name="Device" value="320mm_Duilio_Stvol"/>
					<string name="Table" value="Rifles"/>
				</object>
				<object name="TPort_03">
					<string name="Device" value="320mm_Duilio_Stvol"/>
					<string name="Table" value="Rifles"/>
				</object>
			</object>
			<object name="2x320mm_Duilio_TurretB">
				<object name="TPort_01">
					<string name="Device" value="320mm_Duilio_Stvol"/>
					<string name="Table" value="Rifles"/>
				</object>
				<object name="TPort_02">
					<string name="Device" value="320mm_Duilio_Stvol"/>
					<string name="Table" value="Rifles"/>
				</object>
			</object>
			<object name="3x320mm_Duilio_TurretY">
				<object name="TPort_01">
					<string name="Device" value="320mm_Duilio_Stvol"/>
					<string name="Table" value="Rifles"/>
				</object>
				<object name="TPort_02">
					<string name="Device" value="320mm_Duilio_Stvol"/>
					<string name="Table" value="Rifles"/>
				</object>
				<object name="TPort_03">
					<string name="Device" value="320mm_Duilio_Stvol"/>
					<string name="Table" value="Rifles"/>
				</object>
			</object>
			<object name="2x320mm_Duilio_TurretX">
				<object name="TPort_01">
					<string name="Device" value="320mm_Duilio_Stvol"/>
					<string name="Table" value="Rifles"/>
				</object>
				<object name="TPort_02">
					<string name="Device" value="320mm_Duilio_Stvol"/>
					<string name="Table" value="Rifles"/>
				</object>
			</object>
		</object>
	</object>
</root>
