﻿<?xml version="1.0" standalone="yes" ?>
<root>
	<object name="SteelMonstersParams">
		<object name="Engins">
			<object name="MPP_ArkRoyal">
				<float name="Consumption" value="8.e-004"/>
				<integer name="Country" value="3"/>
				<float name="Money" value="11000."/>
				<integer name="Power_Max" value="110000"/>
				<integer name="RPM_Max" value="0"/>
				<integer name="Type" value="8"/>
				<integer name="Unreliability" value="10"/>
				<string name="Usage" value="Ships"/>
				<float name="Weight" value="2200."/>
			</object>
		</object>
		<object name="Hit_Location">
			<object name="Ark5289">
				<string name="ConnectName" value="Engine1"/>
				<integer name="Country" value="3"/>
				<float name="ER" value="400."/>
				<string name="Hull" value="Std_AFuelTank"/>
				<string name="Name" value="Mover1"/>
				<string name="TypHL" value="Mover"/>
				<string name="UnitName" value="ArkRoyal"/>
			</object>
			<object name="Ark5290">
				<string name="ConnectName" value="Engine2"/>
				<integer name="Country" value="3"/>
				<float name="ER" value="400."/>
				<string name="Hull" value="Std_Mover"/>
				<string name="Name" value="Mover2"/>
				<string name="TypHL" value="Mover"/>
				<string name="UnitName" value="ArkRoyal"/>
			</object>
			<object name="Ark5291">
				<string name="ConnectName" value="Engine3"/>
				<integer name="Country" value="3"/>
				<float name="ER" value="400."/>
				<string name="Hull" value="Std_Mover"/>
				<string name="Name" value="Mover3"/>
				<string name="TypHL" value="Mover"/>
				<string name="UnitName" value="ArkRoyal"/>
			</object>
			<object name="Ark5292">
				<string name="ConnectName" value="Tiller;"/>
				<integer name="Country" value="3"/>
				<float name="ER" value="400."/>
				<string name="Hull" value="Std_Rudder"/>
				<string name="Name" value="Rudder"/>
				<string name="TypHL" value="Rudder"/>
				<string name="UnitName" value="ArkRoyal"/>
			</object>
			<object name="Ark5293">
				<integer name="Country" value="3"/>
				<float name="ER" value="400."/>
				<string name="Hull" value="Ill_Hungur"/>
				<string name="Name" value="Middle1_MiddleDeck"/>
				<string name="TypHL" value="Hull"/>
				<string name="UnitName" value="ArkRoyal"/>
			</object>
			<object name="Ark5294">
				<integer name="Country" value="3"/>
				<float name="ER" value="400."/>
				<string name="Hull" value="Ill_FlightDeck"/>
				<string name="Name" value="Bow1_FlightDeck"/>
				<string name="TypHL" value="Hull"/>
				<string name="UnitName" value="ArkRoyal"/>
			</object>
			<object name="Ark5295">
				<integer name="Country" value="3"/>
				<float name="ER" value="400."/>
				<string name="Hull" value="Ill_FlightDeck"/>
				<string name="Name" value="Stern2_FlightDeck"/>
				<string name="TypHL" value="Hull"/>
				<string name="UnitName" value="ArkRoyal"/>
			</object>
			<object name="Ark5296">
				<integer name="Country" value="3"/>
				<integer name="Crew" value="420"/>
				<float name="ER" value="400."/>
				<string name="Hull" value="Std_Hull"/>
				<string name="Name" value="Bow_Superstructure"/>
				<string name="TypHL" value="Crew"/>
				<string name="UnitName" value="ArkRoyal"/>
			</object>
			<object name="Ark5297">
				<integer name="Country" value="3"/>
				<float name="ER" value="400."/>
				<string name="Hull" value="Std_Probe"/>
				<string name="Name" value="Radar"/>
				<string name="TypHL" value="Probe"/>
				<string name="UnitName" value="ArkRoyal"/>
			</object>
			<object name="Ark5298">
				<integer name="Country" value="3"/>
				<float name="ER" value="400."/>
				<string name="Hull" value="Std_Probe"/>
				<string name="Name" value="Radio"/>
				<string name="TypHL" value="Probe"/>
				<string name="UnitName" value="ArkRoyal"/>
			</object>
			<object name="Ark5299">
				<integer name="Country" value="3"/>
				<integer name="Crew" value="420"/>
				<float name="ER" value="400."/>
				<string name="Hull" value="Std_Probe"/>
				<string name="Name" value="OperationControl"/>
				<string name="TypHL" value="Crew"/>
				<string name="UnitName" value="ArkRoyal"/>
			</object>
			<object name="Ark5300">
				<integer name="Country" value="3"/>
				<integer name="Crew" value="420"/>
				<float name="ER" value="400."/>
				<string name="Hull" value="Std_UpperHull"/>
				<string name="Name" value="BattleCabine"/>
				<string name="TypHL" value="Crew"/>
				<string name="UnitName" value="ArkRoyal"/>
			</object>
			<object name="Ark5301">
				<integer name="Country" value="3"/>
				<float name="ER" value="400."/>
				<string name="Hull" value="Std_Probe"/>
				<string name="Name" value="Stern_Probe_AA"/>
				<string name="TypHL" value="Hull"/>
				<string name="UnitName" value="ArkRoyal"/>
			</object>
			<object name="Ark5302">
				<integer name="Country" value="3"/>
				<float name="ER" value="400."/>
				<string name="Hull" value="Ill_FlightDeck"/>
				<string name="Name" value="Elevator_Bow"/>
				<string name="TypHL" value="Hull"/>
				<string name="UnitName" value="ArkRoyal"/>
			</object>
			<object name="Ark5303">
				<integer name="Country" value="3"/>
				<float name="ER" value="400."/>
				<string name="Hull" value="Ill_FlightDeck"/>
				<string name="Name" value="Elevator_Stern"/>
				<string name="TypHL" value="Hull"/>
				<string name="UnitName" value="ArkRoyal"/>
			</object>
			<object name="Ark5304">
				<integer name="Country" value="3"/>
				<float name="ER" value="400."/>
				<string name="Hull" value="Ill_FlightDeck"/>
				<string name="Name" value="Bow2_FlightDeck"/>
				<string name="TypHL" value="Hull"/>
				<string name="UnitName" value="ArkRoyal"/>
			</object>
			<object name="Ark5305">
				<integer name="Country" value="3"/>
				<float name="ER" value="400."/>
				<string name="Hull" value="Std_Hull"/>
				<string name="Name" value="Bow2_LowerDeck"/>
				<string name="TypHL" value="Hull"/>
				<string name="UnitName" value="ArkRoyal"/>
			</object>
			<object name="Ark5306">
				<integer name="Country" value="3"/>
				<float name="ER" value="400."/>
				<string name="Hull" value="Std_AFuelTank"/>
				<string name="Name" value="Bow2_FuelTank2"/>
				<string name="TypHL" value="FuelTank"/>
				<string name="UnitName" value="ArkRoyal"/>
			</object>
			<object name="Ark5307">
				<integer name="Country" value="3"/>
				<float name="ER" value="400."/>
				<string name="Hull" value="Std_FuelTank"/>
				<string name="Name" value="Bow_FuelTank"/>
				<string name="TypHL" value="FuelTank"/>
				<string name="UnitName" value="ArkRoyal"/>
			</object>
			<object name="Ark5308">
				<integer name="Country" value="3"/>
				<float name="ER" value="400."/>
				<string name="Hull" value="Std_FuelTank"/>
				<string name="Name" value="Bow2_FuelTank1"/>
				<string name="TypHL" value="FuelTank"/>
				<string name="UnitName" value="ArkRoyal"/>
			</object>
			<object name="Ark5309">
				<integer name="Country" value="3"/>
				<float name="ER" value="400."/>
				<string name="Hull" value="Std_RAMP"/>
				<string name="Name" value="Bow2_RAMP"/>
				<string name="TypHL" value="Hull"/>
				<string name="UnitName" value="ArkRoyal"/>
			</object>
			<object name="Ark5310">
				<integer name="Country" value="3"/>
				<float name="ER" value="400."/>
				<string name="Hull" value="Std_LAMP"/>
				<string name="Name" value="Bow2_LAMP"/>
				<string name="TypHL" value="Hull"/>
				<string name="UnitName" value="ArkRoyal"/>
			</object>
			<object name="Ark5311">
				<integer name="Country" value="3"/>
				<float name="ER" value="400."/>
				<string name="Hull" value="Ill_Hungur"/>
				<string name="Name" value="Bow2_MiddleDeck"/>
				<string name="TypHL" value="Hull"/>
				<string name="UnitName" value="ArkRoyal"/>
			</object>
			<object name="Ark5312">
				<integer name="Country" value="3"/>
				<float name="ER" value="400."/>
				<string name="Hull" value="Std_AS_T1"/>
				<string name="Name" value="AmmoStore_Bow"/>
				<string name="TypHL" value="AmmoStore"/>
				<string name="UnitName" value="ArkRoyal"/>
			</object>
			<object name="Ark5313">
				<integer name="Country" value="3"/>
				<float name="ER" value="400."/>
				<string name="Hull" value="Std_Bottom"/>
				<string name="Name" value="Bow2_RBottom"/>
				<string name="TypHL" value="Hull"/>
				<string name="UnitName" value="ArkRoyal"/>
			</object>
			<object name="Ark5314">
				<integer name="Country" value="3"/>
				<float name="ER" value="400."/>
				<string name="Hull" value="Std_Bottom"/>
				<string name="Name" value="Bow2_LBottom"/>
				<string name="TypHL" value="Hull"/>
				<string name="UnitName" value="ArkRoyal"/>
			</object>
			<object name="Ark5315">
				<integer name="Country" value="3"/>
				<float name="ER" value="400."/>
				<string name="Hull" value="Std_BoilerHull"/>
				<string name="Name" value="Middle1_LowerDeck"/>
				<string name="TypHL" value="Hull"/>
				<string name="UnitName" value="ArkRoyal"/>
			</object>
			<object name="Ark5316">
				<integer name="Country" value="3"/>
				<float name="ER" value="400."/>
				<string name="Hull" value="Std_Boiler"/>
				<string name="Name" value="Boiler3"/>
				<string name="TypHL" value="Boiler"/>
				<string name="UnitName" value="ArkRoyal"/>
			</object>
			<object name="Ark5317">
				<integer name="Country" value="3"/>
				<float name="ER" value="400."/>
				<string name="Hull" value="Std_Boiler"/>
				<string name="Name" value="Boiler2"/>
				<string name="TypHL" value="Boiler"/>
				<string name="UnitName" value="ArkRoyal"/>
			</object>
			<object name="Ark5318">
				<integer name="Country" value="3"/>
				<float name="ER" value="400."/>
				<string name="Hull" value="Std_Boiler"/>
				<string name="Name" value="Boiler1"/>
				<string name="TypHL" value="Boiler"/>
				<string name="UnitName" value="ArkRoyal"/>
			</object>
			<object name="Ark5319">
				<integer name="Country" value="3"/>
				<float name="ER" value="400."/>
				<string name="Hull" value="Ill_FlightDeck"/>
				<string name="Name" value="Middle1_FlightDeck"/>
				<string name="TypHL" value="Hull"/>
				<string name="UnitName" value="ArkRoyal"/>
			</object>
			<object name="Ark5320">
				<integer name="Country" value="3"/>
				<float name="ER" value="400."/>
				<string name="Hull" value="Ill_LBelt"/>
				<string name="Name" value="Middle1_LBelt"/>
				<string name="TypHL" value="Hull"/>
				<string name="UnitName" value="ArkRoyal"/>
			</object>
			<object name="Ark5321">
				<integer name="Country" value="3"/>
				<float name="ER" value="400."/>
				<string name="Hull" value="Std_Rboard"/>
				<string name="Name" value="Middle1_RBoard"/>
				<string name="TypHL" value="Hull"/>
				<string name="UnitName" value="ArkRoyal"/>
			</object>
			<object name="Ark5322">
				<integer name="Country" value="3"/>
				<float name="ER" value="400."/>
				<string name="Hull" value="Std_Lboard"/>
				<string name="Name" value="Middle1_LBoard"/>
				<string name="TypHL" value="Hull"/>
				<string name="UnitName" value="ArkRoyal"/>
			</object>
			<object name="Ark5323">
				<integer name="Country" value="3"/>
				<float name="ER" value="400."/>
				<string name="Hull" value="Ill_RBelt"/>
				<string name="Name" value="Middle1_RBelt"/>
				<string name="TypHL" value="Hull"/>
				<string name="UnitName" value="ArkRoyal"/>
			</object>
			<object name="Ark5324">
				<integer name="Country" value="3"/>
				<float name="ER" value="400."/>
				<string name="Hull" value="Std_LAMP"/>
				<string name="Name" value="Middle1_LAMP"/>
				<string name="TypHL" value="Hull"/>
				<string name="UnitName" value="ArkRoyal"/>
			</object>
			<object name="Ark5325">
				<integer name="Country" value="3"/>
				<float name="ER" value="400."/>
				<string name="Hull" value="Std_RAMP"/>
				<string name="Name" value="Middle1_RAMP"/>
				<string name="TypHL" value="Hull"/>
				<string name="UnitName" value="ArkRoyal"/>
			</object>
			<object name="Ark5326">
				<integer name="Country" value="3"/>
				<float name="ER" value="400."/>
				<string name="Hull" value="Std_Bottom"/>
				<string name="Name" value="Middle1_RBottom"/>
				<string name="TypHL" value="Hull"/>
				<string name="UnitName" value="ArkRoyal"/>
			</object>
			<object name="Ark5327">
				<integer name="Country" value="3"/>
				<float name="ER" value="400."/>
				<string name="Hull" value="Std_Bottom"/>
				<string name="Name" value="Middle1_LBottom"/>
				<string name="TypHL" value="Hull"/>
				<string name="UnitName" value="ArkRoyal"/>
			</object>
			<object name="Ark5328">
				<integer name="Country" value="3"/>
				<float name="ER" value="400."/>
				<string name="Hull" value="Std_BoilerHull"/>
				<string name="Name" value="Middle2_LowerDeck"/>
				<string name="TypHL" value="Hull"/>
				<string name="UnitName" value="ArkRoyal"/>
			</object>
			<object name="Ark5329">
				<integer name="Country" value="3"/>
				<float name="ER" value="400."/>
				<string name="Hull" value="Std_Boiler"/>
				<string name="Name" value="Boiler5"/>
				<string name="TypHL" value="Boiler"/>
				<string name="UnitName" value="ArkRoyal"/>
			</object>
			<object name="Ark5330">
				<integer name="Country" value="3"/>
				<float name="ER" value="400."/>
				<string name="Hull" value="Std_Boiler"/>
				<string name="Name" value="Boiler4"/>
				<string name="TypHL" value="Boiler"/>
				<string name="UnitName" value="ArkRoyal"/>
			</object>
			<object name="Ark5331">
				<integer name="Country" value="3"/>
				<float name="ER" value="400."/>
				<string name="Hull" value="Std_Boiler"/>
				<string name="Name" value="Boiler6"/>
				<string name="TypHL" value="Boiler"/>
				<string name="UnitName" value="ArkRoyal"/>
			</object>
			<object name="Ark5332">
				<integer name="Country" value="3"/>
				<float name="ER" value="400."/>
				<string name="Hull" value="Ill_Hungur"/>
				<string name="Name" value="Middle2_MiddleDeck"/>
				<string name="TypHL" value="Hull"/>
				<string name="UnitName" value="ArkRoyal"/>
			</object>
			<object name="Ark5333">
				<integer name="Country" value="3"/>
				<float name="ER" value="400."/>
				<string name="Hull" value="Std_AS_T1"/>
				<string name="Name" value="AmmoStore_Middle"/>
				<string name="TypHL" value="AmmoStore"/>
				<string name="UnitName" value="ArkRoyal"/>
			</object>
			<object name="Ark5334">
				<integer name="Country" value="3"/>
				<float name="ER" value="400."/>
				<string name="Hull" value="Ill_FlightDeck"/>
				<string name="Name" value="Middle2_FlightDeck"/>
				<string name="TypHL" value="Hull"/>
				<string name="UnitName" value="ArkRoyal"/>
			</object>
			<object name="Ark5335">
				<integer name="Country" value="3"/>
				<float name="ER" value="400."/>
				<string name="Hull" value="Std_RAMP"/>
				<string name="Name" value="Middle2_RAMP"/>
				<string name="TypHL" value="Hull"/>
				<string name="UnitName" value="ArkRoyal"/>
			</object>
			<object name="Ark5336">
				<integer name="Country" value="3"/>
				<float name="ER" value="400."/>
				<string name="Hull" value="Std_Rboard"/>
				<string name="Name" value="Middle2_RBoard"/>
				<string name="TypHL" value="Hull"/>
				<string name="UnitName" value="ArkRoyal"/>
			</object>
			<object name="Ark5337">
				<integer name="Country" value="3"/>
				<float name="ER" value="400."/>
				<string name="Hull" value="Ill_RBelt"/>
				<string name="Name" value="Middle2_RBelt"/>
				<string name="TypHL" value="Hull"/>
				<string name="UnitName" value="ArkRoyal"/>
			</object>
			<object name="Ark5338">
				<integer name="Country" value="3"/>
				<float name="ER" value="400."/>
				<string name="Hull" value="Std_LAMP"/>
				<string name="Name" value="Middle2_LAMP"/>
				<string name="TypHL" value="Hull"/>
				<string name="UnitName" value="ArkRoyal"/>
			</object>
			<object name="Ark5339">
				<integer name="Country" value="3"/>
				<float name="ER" value="400."/>
				<string name="Hull" value="Ill_LBelt"/>
				<string name="Name" value="Middle2_LBelt"/>
				<string name="TypHL" value="Hull"/>
				<string name="UnitName" value="ArkRoyal"/>
			</object>
			<object name="Ark5340">
				<integer name="Country" value="3"/>
				<float name="ER" value="400."/>
				<string name="Hull" value="Std_Lboard"/>
				<string name="Name" value="Middle2_LBoard"/>
				<string name="TypHL" value="Hull"/>
				<string name="UnitName" value="ArkRoyal"/>
			</object>
			<object name="Ark5341">
				<integer name="Country" value="3"/>
				<float name="ER" value="400."/>
				<string name="Hull" value="Std_Bottom"/>
				<string name="Name" value="Middle2_LBottom"/>
				<string name="TypHL" value="Hull"/>
				<string name="UnitName" value="ArkRoyal"/>
			</object>
			<object name="Ark5342">
				<integer name="Country" value="3"/>
				<float name="ER" value="400."/>
				<string name="Hull" value="Std_Bottom"/>
				<string name="Name" value="Middle2_RBottom"/>
				<string name="TypHL" value="Hull"/>
				<string name="UnitName" value="ArkRoyal"/>
			</object>
			<object name="Ark5343">
				<integer name="Country" value="3"/>
				<float name="ER" value="400."/>
				<string name="Hull" value="Std_EngineHull"/>
				<string name="Name" value="Middle3_LowerDeck"/>
				<string name="TypHL" value="Hull"/>
				<string name="UnitName" value="ArkRoyal"/>
			</object>
			<object name="Ark5344">
				<string name="ConnectName" value="Boiler1;Boiler2;Boiler3;Boiler4;Boiler5;Boiler6"/>
				<integer name="Country" value="3"/>
				<float name="ER" value="400."/>
				<string name="Hull" value="Std_Engine"/>
				<string name="Name" value="Engine2"/>
				<string name="TypHL" value="Engine"/>
				<string name="UnitName" value="ArkRoyal"/>
			</object>
			<object name="Ark5345">
				<string name="ConnectName" value="Boiler1;Boiler2;Boiler3;Boiler4;Boiler5;Boiler6"/>
				<integer name="Country" value="3"/>
				<float name="ER" value="400."/>
				<string name="Hull" value="Std_Engine"/>
				<string name="Name" value="Engine1"/>
				<string name="TypHL" value="Engine"/>
				<string name="UnitName" value="ArkRoyal"/>
			</object>
			<object name="Ark5346">
				<integer name="Country" value="3"/>
				<float name="ER" value="400."/>
				<string name="Hull" value="Ill_Hungur"/>
				<string name="Name" value="Middle3_MiddleDeck"/>
				<string name="TypHL" value="Hull"/>
				<string name="UnitName" value="ArkRoyal"/>
			</object>
			<object name="Ark5347">
				<integer name="Country" value="3"/>
				<float name="ER" value="400."/>
				<string name="Hull" value="Ill_FlightDeck"/>
				<string name="Name" value="Middle3_FlightDeck"/>
				<string name="TypHL" value="Hull"/>
				<string name="UnitName" value="ArkRoyal"/>
			</object>
			<object name="Ark5348">
				<integer name="Country" value="3"/>
				<float name="ER" value="400."/>
				<string name="Hull" value="Std_Rboard"/>
				<string name="Name" value="Middle3_RBoard"/>
				<string name="TypHL" value="Hull"/>
				<string name="UnitName" value="ArkRoyal"/>
			</object>
			<object name="Ark5349">
				<integer name="Country" value="3"/>
				<float name="ER" value="400."/>
				<string name="Hull" value="Ill_RBelt"/>
				<string name="Name" value="Middle3_RBelt"/>
				<string name="TypHL" value="Hull"/>
				<string name="UnitName" value="ArkRoyal"/>
			</object>
			<object name="Ark5350">
				<integer name="Country" value="3"/>
				<float name="ER" value="400."/>
				<string name="Hull" value="Std_RAMP"/>
				<string name="Name" value="Middle3_RAMP"/>
				<string name="TypHL" value="Hull"/>
				<string name="UnitName" value="ArkRoyal"/>
			</object>
			<object name="Ark5351">
				<integer name="Country" value="3"/>
				<float name="ER" value="400."/>
				<string name="Hull" value="Std_LAMP"/>
				<string name="Name" value="Middle3_LAMP"/>
				<string name="TypHL" value="Hull"/>
				<string name="UnitName" value="ArkRoyal"/>
			</object>
			<object name="Ark5352">
				<integer name="Country" value="3"/>
				<float name="ER" value="400."/>
				<string name="Hull" value="Ill_LBelt"/>
				<string name="Name" value="Middle3_LBelt"/>
				<string name="TypHL" value="Hull"/>
				<string name="UnitName" value="ArkRoyal"/>
			</object>
			<object name="Ark5353">
				<integer name="Country" value="3"/>
				<float name="ER" value="400."/>
				<string name="Hull" value="Std_Lboard"/>
				<string name="Name" value="Middle3_LBoard"/>
				<string name="TypHL" value="Hull"/>
				<string name="UnitName" value="ArkRoyal"/>
			</object>
			<object name="Ark5354">
				<integer name="Country" value="3"/>
				<float name="ER" value="400."/>
				<string name="Hull" value="Std_Bottom"/>
				<string name="Name" value="Middle3_RBottom"/>
				<string name="TypHL" value="Hull"/>
				<string name="UnitName" value="ArkRoyal"/>
			</object>
			<object name="Ark5355">
				<integer name="Country" value="3"/>
				<float name="ER" value="400."/>
				<string name="Hull" value="Std_Bottom"/>
				<string name="Name" value="Middle3_LBottom"/>
				<string name="TypHL" value="Hull"/>
				<string name="UnitName" value="ArkRoyal"/>
			</object>
			<object name="Ark5356">
				<integer name="Country" value="3"/>
				<float name="ER" value="400."/>
				<string name="Hull" value="Ill_FlightDeck"/>
				<string name="Name" value="Stern1_FlightDeck"/>
				<string name="TypHL" value="Hull"/>
				<string name="UnitName" value="ArkRoyal"/>
			</object>
			<object name="Ark5357">
				<integer name="Country" value="3"/>
				<float name="ER" value="400."/>
				<string name="Hull" value="Ill_Hungur"/>
				<string name="Name" value="Stern1_MiddleDeck"/>
				<string name="TypHL" value="Hull"/>
				<string name="UnitName" value="ArkRoyal"/>
			</object>
			<object name="Ark5358">
				<integer name="Country" value="3"/>
				<float name="ER" value="400."/>
				<string name="Hull" value="Std_AS_T1"/>
				<string name="Name" value="AmmoStore_Stern"/>
				<string name="TypHL" value="Hull"/>
				<string name="UnitName" value="ArkRoyal"/>
			</object>
			<object name="Ark5359">
				<integer name="Country" value="3"/>
				<float name="ER" value="400."/>
				<string name="Hull" value="Std_EngineHull"/>
				<string name="Name" value="Stern1_LowerDeck"/>
				<string name="TypHL" value="Hull"/>
				<string name="UnitName" value="ArkRoyal"/>
			</object>
			<object name="Ark5360">
				<integer name="Country" value="3"/>
				<float name="ER" value="400."/>
				<string name="Hull" value="Std_FuelTank"/>
				<string name="Name" value="Stern1_FuelTank"/>
				<string name="TypHL" value="FuelTank"/>
				<string name="UnitName" value="ArkRoyal"/>
			</object>
			<object name="Ark5361">
				<integer name="Country" value="3"/>
				<float name="ER" value="400."/>
				<string name="Hull" value="Std_AFuelTank"/>
				<string name="Name" value="Stern1_AFuelTank"/>
				<string name="TypHL" value="FuelTank"/>
				<string name="UnitName" value="ArkRoyal"/>
			</object>
			<object name="Ark5362">
				<string name="ConnectName" value="Boiler1;Boiler2;Boiler3;Boiler4;Boiler5;Boiler6"/>
				<integer name="Country" value="3"/>
				<float name="ER" value="400."/>
				<string name="Hull" value="Std_Engine"/>
				<string name="Name" value="Engine3"/>
				<string name="TypHL" value="Engine"/>
				<string name="UnitName" value="ArkRoyal"/>
			</object>
			<object name="Ark5363">
				<integer name="Country" value="3"/>
				<float name="ER" value="400."/>
				<string name="Hull" value="Std_RAMP"/>
				<string name="Name" value="Stern1_RAMP"/>
				<string name="TypHL" value="Hull"/>
				<string name="UnitName" value="ArkRoyal"/>
			</object>
			<object name="Ark5364">
				<integer name="Country" value="3"/>
				<float name="ER" value="400."/>
				<string name="Hull" value="Std_LAMP"/>
				<string name="Name" value="Stern1_LAMP"/>
				<string name="TypHL" value="Hull"/>
				<string name="UnitName" value="ArkRoyal"/>
			</object>
			<object name="Ark5365">
				<integer name="Country" value="3"/>
				<float name="ER" value="400."/>
				<string name="Hull" value="Std_Bottom"/>
				<string name="Name" value="Stern1_Bottom"/>
				<string name="TypHL" value="Hull"/>
				<string name="UnitName" value="ArkRoyal"/>
			</object>
			<object name="Ark5366">
				<integer name="Country" value="3"/>
				<float name="ER" value="400."/>
				<string name="Hull" value="Std_Rudder"/>
				<string name="Name" value="SmokeStack"/>
				<string name="TypHL" value="Hull"/>
				<string name="UnitName" value="ArkRoyal"/>
			</object>
			<object name="Ark5367">
				<integer name="Country" value="3"/>
				<float name="ER" value="400."/>
				<string name="Hull" value="Std_Probe"/>
				<string name="Name" value="Bow_Probe_AA"/>
				<string name="TypHL" value="Hull"/>
				<string name="UnitName" value="ArkRoyal"/>
			</object>
			<object name="Ark5368">
				<integer name="Country" value="3"/>
				<float name="ER" value="400."/>
				<string name="Hull" value="Std_UpperHull"/>
				<string name="Name" value="Stern_Superstructure"/>
				<string name="TypHL" value="Hull"/>
				<string name="UnitName" value="ArkRoyal"/>
			</object>
			<object name="Ark5369">
				<integer name="Country" value="3"/>
				<float name="ER" value="400."/>
				<string name="Hull" value="Std_Bottom"/>
				<string name="Name" value="Bow1_Bottom"/>
				<string name="TypHL" value="Hull"/>
				<string name="UnitName" value="ArkRoyal"/>
			</object>
			<object name="Ark5370">
				<integer name="Country" value="3"/>
				<float name="ER" value="400."/>
				<string name="Hull" value="Std_Hull"/>
				<string name="Name" value="Bow1_LowerDeck"/>
				<string name="TypHL" value="Hull"/>
				<string name="UnitName" value="ArkRoyal"/>
			</object>
			<object name="Ark5371">
				<integer name="Country" value="3"/>
				<float name="ER" value="400."/>
				<string name="Hull" value="Std_Hull"/>
				<string name="Name" value="Stern2_LowerDeck"/>
				<string name="TypHL" value="Hull"/>
				<string name="UnitName" value="ArkRoyal"/>
			</object>
			<object name="Ark5372">
				<integer name="Country" value="3"/>
				<float name="ER" value="400."/>
				<string name="Hull" value="Ill_Tiller"/>
				<string name="Name" value="Tiller"/>
				<string name="TypHL" value="Hull"/>
				<string name="UnitName" value="ArkRoyal"/>
			</object>
			<object name="Ark5373">
				<integer name="Country" value="3"/>
				<float name="ER" value="400."/>
				<string name="Hull" value="Std_Hull"/>
				<string name="Name" value="Bow1_MiddleDeck"/>
				<string name="TypHL" value="Hull"/>
				<string name="UnitName" value="ArkRoyal"/>
			</object>
			<object name="Ark5374">
				<integer name="Country" value="3"/>
				<float name="ER" value="400."/>
				<string name="Hull" value="Std_Hull"/>
				<string name="Name" value="Stern2_MiddleDeck"/>
				<string name="TypHL" value="Hull"/>
				<string name="UnitName" value="ArkRoyal"/>
			</object>
		</object>
		<object name="Hulls">
			<object name="Ark_FlightDeck">
				<integer name="Back" value="10"/>
				<integer name="Bottom" value="10"/>
				<integer name="Country" value="3"/>
				<float name="ExplProb" value="0"/>
				<float name="FireProb" value="0"/>
				<integer name="Front" value="10"/>
				<integer name="Left" value="10"/>
				<string name="Material" value="Armored"/>
				<integer name="Right" value="10"/>
				<integer name="Top" value="76"/>
				<integer name="UnitName" value="0"/>
				<string name="UnitTyp" value="Ship"/>
			</object>
			<object name="Ark_Hungur">
				<integer name="Back" value="10"/>
				<integer name="Bottom" value="2"/>
				<integer name="Country" value="3"/>
				<float name="ExplProb" value="0"/>
				<float name="FireProb" value="30"/>
				<integer name="Front" value="10"/>
				<integer name="Left" value="114"/>
				<string name="Material" value="Armored"/>
				<integer name="Right" value="114"/>
				<integer name="Top" value="76"/>
				<integer name="UnitName" value="0"/>
				<string name="UnitTyp" value="Ship"/>
			</object>
			<object name="Ark_LBelt">
				<integer name="Back" value="2"/>
				<integer name="Bottom" value="2"/>
				<integer name="Country" value="3"/>
				<float name="ExplProb" value="0"/>
				<float name="FireProb" value="0"/>
				<integer name="Front" value="2"/>
				<integer name="Left" value="114"/>
				<string name="Material" value="Armored"/>
				<integer name="Right" value="2"/>
				<integer name="Top" value="2"/>
				<integer name="UnitName" value="0"/>
				<string name="UnitTyp" value="Ship"/>
			</object>
			<object name="Ark_RBelt">
				<integer name="Back" value="2"/>
				<integer name="Bottom" value="2"/>
				<integer name="Country" value="3"/>
				<float name="ExplProb" value="0"/>
				<float name="FireProb" value="0"/>
				<integer name="Front" value="2"/>
				<integer name="Left" value="2"/>
				<string name="Material" value="Armored"/>
				<integer name="Right" value="114"/>
				<integer name="Top" value="2"/>
				<integer name="UnitName" value="0"/>
				<string name="UnitTyp" value="Ship"/>
			</object>
		</object>
		<object name="Ships">
			<object name="ArkRoyal">
				<float name="AccelRate" value="0.0015"/>
				<string name="Airgroup" value="AircraftCarrier_Group_ArkRoyal_england"/>
				<integer name="AirplanesCount" value="72"/>
				<string name="AmmoLoadingTemplate" value="Ammo 550, uk_torp_avia 50, Torp_UK_Mk13 15, UK_Bat_ASM2_SAR 10, UK_Gargoyle_R 5, UK_Gargoyle_P 5, UK_Gargoyle_SAR 5"/>
				<integer name="Avia" value="2"/>
				<boolean name="BoatsTransportationAbility" value="false"/>
				<integer name="CabinArmor" value="51"/>
				<boolean name="CanBeChanged" value="true"/>
				<boolean name="CanUseTorpedos" value="false"/>
				<integer name="Country" value="3"/>
				<integer name="Crew" value ="1600"/>
				<float name="CriticalCareen" value="34"/>
				<float name="CriticalDFT" value="1.2"/>
				<float name="CriticalDifferent" value="2.5"/>
				<float name="DisplacementMax" value="27720"/>
				<float name="DTimeProd" value="130"/>
				<float name="EPR" value ="705"/>
				<float name="FireRisk" value="1600"/>
				<float name="Fuel" value="4620"/>
				<float name="HLShapeCoef" value="1.0"/>
				<integer name="HullArmorSide" value="102"/>
				<integer name="HullArmorTop" value="120"/>
				<float name="Iron" value="28000"/>
				<integer name="Length" value="243.8"/>
				<float name="MaxSpeed" value="31."/>
				<integer name="MinCrew" value="850"/>
				<float name="Money" value="35000"/>
				<string name="Name" value="ArkRoyal"/>
				<boolean name="New" value="true"/>
				<float name="NTimeProd" value="325"/>
				<integer name="Nuc_Dest_Prob" value="400"/>
				<integer name="Passengers" value="120"/>
				<boolean name="PlanesTransportationAbility" value="true"/>
				<float name="Range" value="13716"/>
				<integer name="Rank" value="1"/>
				<string name="SMU" value="ArkRoyal"/>
				<float name="Speed" value="20"/>
				<float name="StoreCapacity" value="900"/>
				<boolean name="Transportable" value="false"/>
				<float name="TurnRate" value="0.0015"/>
				<integer name="Type" value= "0"/>
				<float name="Vitality" value="4500"/>
				<float name="VitalityAA" value="1500"/>
				<float name="Weight" value="22000"/>
				<integer name="Width" value="29.0"/>
				<integer name= "Year" value="39"/>
			</object>
		</object>
		<object name="ShipsNames">
			<object name="ArkRoyal">
				<string name="1" value="ArkRoyal1"/>
			</object>
		</object>
		<object name="UnitsByType">
			<object name="0">
				<object name="ArkRoyal">
					<string name="ChildTable" value="Ships"/>
				</object>
			</object>
		</object>
	</object>
</root>
