﻿<?xml version="1.0" standalone="yes" ?>
<root>
	<object name="Modifications">
		<object name="Ships">
			<object name="ArkRoyal">
				<object name="Prototype">
					<string name="AAGunControl" value="Mark0_AA"/>
					<float name="AAVolleyWeight" value="4.06880045"/>
					<float name="Aluminium" value="0."/>
					<float name="AmmoWeight" value="172.895996"/>
					<float name="Armour" value="0."/>
					<float name="FuelConsumption" value="4.38847301"/>
					<float name="FuelProtect" value="0."/>
					<string name="FullModName" value="Ships.ArkRoyal.Prototype"/>
					<float name="Iron" value="32505.2266"/>
					<boolean name="IsJammer" value="false"/>
					<string name="MainGunControl" value="Mk_7_M"/>
					<float name="MaxFuel" value="4840."/>
					<float name="MaxSpeed" value="32.7000008"/>
					<float name="MinSpeed" value="0."/>
					<float name="Money" value="46578."/>
					<widestring name="Name" value="ASAQ7BDsEMARBBEIEQAQ4BDAEQQQ="/>
					<float name="RadarRange" value="0."/>
					<float name="RadioGain" value="32258.0645"/>
					<float name="RadioPowerHF" value="100."/>
					<float name="RadioPowerVHF" value="0."/>
					<float name="RadioSensitivityHF" value="3.10000009e-003"/>
					<float name="RadioSensitivityVHF" value="0."/>
					<object name="Slots">
						<object name="TPort_Proj_01">
							<string name="Device" value="Britain_Projector"/>
							<string name="Table" value="Turrets"/>
						</object>
						<object name="TPort_Proj_02">
							<string name="Device" value="Britain_Projector"/>
							<string name="Table" value="Turrets"/>
						</object>
						<object name="TPort_Proj_03">
							<string name="Device" value="Britain_Projector"/>
							<string name="Table" value="Turrets"/>
						</object>
						<object name="TPort_Proj_04">
							<string name="Device" value="Britain_Projector"/>
							<string name="Table" value="Turrets"/>
						</object>
						<object name="TPort_AA_20mm_R01">
							<string name="Device" value="Hood_Gun_12_5x4_Turret"/>
							<string name="Table" value="Turrets"/>
						</object>
						<object name="TPort_AA_20mm_R02">
							<string name="Device" value="Hood_Gun_12_5x4_Turret"/>
							<string name="Table" value="Turrets"/>
						</object>
						<object name="TPort_AA_20mm_R03">
							<string name="Device" value=""/>
							<string name="Table" value="Turrets"/>
						</object>
						<object name="TPort_AA_20mm_R04">
							<string name="Device" value="Hood_Gun_12_5x4_Turret"/>
							<string name="Table" value="Turrets"/>
						</object>
						<object name="TPort_AA_20mm_R05">
							<string name="Device" value="Hood_Gun_12_5x4_Turret"/>
							<string name="Table" value="Turrets"/>
						</object>
						<object name="TPort_AA_20mm_L01">
							<string name="Device" value="Hood_Gun_12_5x4_Turret"/>
							<string name="Table" value="Turrets"/>
						</object>
						<object name="TPort_AA_20mm_L02">
							<string name="Device" value="Hood_Gun_12_5x4_Turret"/>
							<string name="Table" value="Turrets"/>
						</object>
						<object name="TPort_AA_20mm_L03">
							<string name="Device" value=""/>
							<string name="Table" value="Turrets"/>
						</object>
						<object name="TPort_AA_20mm_L04">
							<string name="Device" value="Hood_Gun_12_5x4_Turret"/>
							<string name="Table" value="Turrets"/>
						</object>
						<object name="TPort_AA_20mm_L05">
							<string name="Device" value="Hood_Gun_12_5x4_Turret"/>
							<string name="Table" value="Turrets"/>
						</object>
						<object name="TPort_Proj_05">
							<string name="Device" value="Britain_Projector"/>
							<string name="Table" value="Turrets"/>
						</object>
						<object name="TPort_Proj_06">
							<string name="Device" value="Britain_Projector"/>
							<string name="Table" value="Turrets"/>
						</object>
						<object name="TPort_AA_8x40mm_R1">
							<string name="Device" value="Hood_Gun_40x8_Turret"/>
							<string name="Table" value="Turrets"/>
						</object>
						<object name="TPort_AA_8x40mm_R2">
							<string name="Device" value="Hood_Gun_40x8_Turret"/>
							<string name="Table" value="Turrets"/>
						</object>
						<object name="TPort_AA_8x40mm_R3">
							<string name="Device" value="Hood_Gun_40x8_Turret"/>
							<string name="Table" value="Turrets"/>
						</object>
						<object name="TPort_AA_8x40mm_R4">
							<string name="Device" value="Hood_Gun_40x8_Turret"/>
							<string name="Table" value="Turrets"/>
						</object>
						<object name="TPort_AA_8x40mm_L1">
							<string name="Device" value="Hood_Gun_40x8_Turret"/>
							<string name="Table" value="Turrets"/>
						</object>
						<object name="TPort_AA_8x40mm_L2">
							<string name="Device" value="Hood_Gun_40x8_Turret"/>
							<string name="Table" value="Turrets"/>
						</object>						
						<object name="TPort_AAA_114mm_R1">
							<string name="Device" value="Ark_Gun_114x2_Base"/>
							<string name="Table" value="Turrets"/>
						</object>
						<object name="TPort_AAA_114mm_R2">
							<string name="Device" value="Ark_Gun_114x2_Base"/>
							<string name="Table" value="Turrets"/>
						</object>
						<object name="TPort_AAA_114mm_R3">
							<string name="Device" value="Ark_Gun_114x2_Base"/>
							<string name="Table" value="Turrets"/>
						</object>
						<object name="TPort_AAA_114mm_R4">
							<string name="Device" value="Ark_Gun_114x2_Base"/>
							<string name="Table" value="Turrets"/>
						</object>
						<object name="TPort_AAA_114mm_L1">
							<string name="Device" value="Ark_Gun_114x2_Base"/>
							<string name="Table" value="Turrets"/>
						</object>
						<object name="TPort_AAA_114mm_L2">
							<string name="Device" value="Ark_Gun_114x2_Base"/>
							<string name="Table" value="Turrets"/>
						</object>
						<object name="TPort_AAA_114mm_L3">
							<string name="Device" value="Ark_Gun_114x2_Base"/>
							<string name="Table" value="Turrets"/>
						</object>
						<object name="TPort_AAA_114mm_L4">
							<string name="Device" value="Ark_Gun_114x2_Base"/>
							<string name="Table" value="Turrets"/>
						</object>
						<object name="TPort_RF_Bridge">
							<string name="Device" value=""/>
							<string name="Table" value="Turrets"/>
						</object>
						<object name="TPort_RF_R01">
							<string name="Device" value="KingGeorgV_Director_MkIV_Type285"/>
							<string name="Table" value="Turrets"/>
						</object>
						<object name="TPort_RF_R02">
							<string name="Device" value="KingGeorgV_Director_MkIV_Type285"/>
							<string name="Table" value="Turrets"/>
						</object>
						<object name="TPort_RF_L01">
							<string name="Device" value="KingGeorgV_Director_MkIV_Type285"/>
							<string name="Table" value="Turrets"/>
						</object>
						<object name="TPort_RF_L02">
							<string name="Device" value="KingGeorgV_Director_MkIV_Type285"/>
							<string name="Table" value="Turrets"/>
						</object>
						<object name="TPort_RADAR1">
							<string name="Device" value=""/>
							<string name="Table" value="Turrets"/>
						</object>
						<object name="TPort_RF_Ill_R">
							<string name="Device" value=""/>
							<string name="Table" value="Turrets"/>
						</object>
						<object name="TPortTPort_RF_Ill_L">
							<string name="Device" value=""/>
							<string name="Table" value="Turrets"/>
						</object>
						<object name="TPortTPort_RF_Mk52_F">
							<string name="Device" value=""/>
							<string name="Table" value="Turrets"/>
						</object>
						<object name="TPortTPort_RF_Mk52_BR">
							<string name="Device" value=""/>
							<string name="Table" value="Turrets"/>
						</object>
						<object name="TPortTPort_RF_Mk52_BL">
							<string name="Device" value=""/>
							<string name="Table" value="Turrets"/>
						</object>						
						<object name="TPort_Airstrip">
							<string name="Device" value="Airstrip_Akagi"/>
							<string name="Table" value="Airstrip"/>
						</object>
						<object name="ZPort_AAGunContr1">
							<string name="Device" value="Mark0_AA"/>
							<string name="Table" value="AimSystems"/>
						</object>
						<object name="ZPort_Jammer_US_A1">
							<string name="Device" value=""/>
							<string name="Table" value=""/>
						</object>
						<object name="ZPort_MainGunContr">
							<string name="Device" value="Mk_7_M"/>
							<string name="Table" value="AimSystems"/>
						</object>
						<object name="ZPort_Radio">
							<string name="Device" value="TBL7"/>
							<string name="Table" value="Probes"/>
						</object>
						<object name="ZPort_SteamTurbine_01">
							<string name="Device" value="MPP_ArkRoyal"/>
							<string name="Table" value="Engins"/>
						</object>
					</object>
					<string name="Sonar" value=""/>
					<float name="Speed" value="12."/>
					<string name="SuperRifles" value=""/>
					<float name="VolleyWeight" value="3.75200033"/>
					<float name="Weight" value="30040.8477"/>
				</object>
			</object>
		</object>
	</object>
</root>
