﻿<?xml version="1.0" standalone="yes" ?>
<root>
	<object name="SteelMonstersParams">
		<object name="Hit_Location">
			<object name="Lutzow7871">
				<integer name="Country" value="5"/>
				<float name="ER" value="30."/>
				<string name="Hull" value="Hood_Rockets"/>
				<string name="Name" value="TA"/>
				<float name="Param_1" value="6.968"/>
				<string name="TypHL" value="AmmoStore"/>
				<string name="UnitName" value="Lutzow_Torp_App_Turret"/>
			</object>
		</object>
		<object name="Turrets">
			<object name="Lutzow_Torp_App_Turret">
				<integer name="Amount" value="3"/>
				<integer name="ArmorFront" value="25"/>
				<integer name="ArmorSide" value="25"/>
				<integer name="ArmorTop" value="25"/>
				<string name="Content" value="Rifles.Narvik_Torp_Tube"/>
				<integer name="Country" value="5"/>
				<integer name="Elevation" value="0"/>
				<integer name="ElevationRate" value="0"/>
				<boolean name="IgnoreXMLFile" value="false"/>
				<float name="Iron" value="0.7"/>
				<float name="Money" value="1."/>
				<boolean name="New" value="true"/>
				<boolean name="Production" value="false"/>
				<integer name="RotationRate" value="5"/>
				<string name="SMU_File" value="Lutzow_Torp_App_Turret"/>
				<string name="Type" value="Gun"/>
				<float name="Vitality" value="175."/>
				<float name="Weight" value="0.7"/>
			</object>
		</object>
	</object>
</root>