﻿xml version="1.0" standalone="yes" ?>
<root>
	<object name="Modifications">
		<object name="SubUnits">
			<object name="Lutzow_Torp_App_Turret">
				<object name="TPort_0">
					<string name="Device" value="Narvik_Torp_Tube"/>
					<string name="Table" value="Rifles"/>
				</object>
				<object name="TPort_1">
					<string name="Device" value="Narvik_Torp_Tube"/>
					<string name="Table" value="Rifles"/>
				</object>
				<object name="TPort_2">
					<string name="Device" value="Narvik_Torp_Tube"/>
					<string name="Table" value="Rifles"/>
				</object>
				<object name="TPort_3">
					<string name="Device" value="Narvik_Torp_Tube"/>
					<string name="Table" value="Rifles"/>
				</object>
			</object>
		</object>
	</object>
</root>
