<?xml version = "1.0" encoding = "UTF-8"?>
<root>
  <object name = "CockpitsIcons">
	<object name = "Bourrasque">
		<object name = "1">
			<float name = "X" value = "52"/>
			<float name = "Y" value = "91"/>
		</object>
		<object name = "2">
			<float name = "X" value = "110"/>
			<float name = "Y" value = "91"/>
		</object>
		<object name = "3">
			<float name = "X" value = "200"/>
			<float name = "Y" value = "91"/>
		</object>
		<object name = "4">
			<float name = "X" value = "3"/>
			<float name = "Y" value = "53"/>
		</object>
		<object name = "7">
			<float name = "X" value = "52"/>
			<float name = "Y" value = "16"/>
		</object>
		<object name = "8">
			<float name = "X" value = "110"/>
			<float name = "Y" value = "16"/>
		</object>
		<object name = "9">
			<float name = "X" value = "200"/>
			<float name = "Y" value = "16"/>
		</object>
	</object>
  </object>
</root>

