﻿<?xml version = "1.0" encoding = "UTF-8"?>
<root>
	<object name = "SteelMonstersParams">
		<object name="Ships">
			<object name="Bourrasque">
				<float name="AccelRate" value="4.e-004"/>
				<integer name="AirplanesCount" value="0"/>
				<boolean name="BoatsTransportationAbility" value="false"/>
				<integer name="CabinArmor" value="20"/>
				<boolean name="CanBeChanged" value="true"/>
				<boolean name="CanUseTorpedos" value="true"/>
				<integer name="Country" value="4"/>
				<integer name="Crew" value="145"/>
				<float name="CriticalCareen" value="24."/>
				<float name="CriticalDFT" value="0.7"/>
				<float name="CriticalDifferent" value="2."/>
				<float name="DTimeProd" value="44."/>
				<float name="DisplacementMax" value="1968."/>
				<float name="EPR" value="130."/>
				<float name="FireRisk" value="267."/>
				<float name="Fuel" value="360."/>
				<float name="HLShapeCoef" value="0.6"/>
				<integer name="HullArmorSide" value="20"/>
				<integer name="HullArmorTop" value="13"/>
				<float name="Iron" value="1900."/>
				<integer name="Length" value="106"/>
				<float name="MaxSpeed" value="33."/>
				<integer name="MinCrew" value="80"/>
				<float name="Money" value="5400."/>
				<float name="NTimeProd" value="110."/>
				<string name="Name" value="Bourrasque"/>
				<boolean name="New" value="true"/>
				<integer name="Nuc_Dest_Prob" value="700"/>
				<integer name="Passengers" value="30"/>
				<boolean name="PlanesTransportationAbility" value="false"/>
				<float name="Range" value="5556."/>
				<integer name="Rank" value="5"/>
				<string name="SMU" value="Bourrasque"/>
				<float name="Speed" value="15."/>
				<float name="StoreCapacity" value="170."/>
				<boolean name="Transportable" value="false"/>
				<float name="TurnRate" value="1.8e-003"/>
				<integer name="Type" value="4"/>
				<float name="Vitality" value="830."/>
				<float name="VitalityAA" value="350."/>
				<float name="Weight" value="1839."/>
				<integer name="Width" value="11"/>
				<integer name="Year" value="39"/>
			</object>
		</object>
		<object name="Hit_Location">
			<object name="Bourr10">
				<integer name="Country" value="4"/>
				<integer name="Crew" value="0"/>
				<float name="ER" value="100."/>
				<string name="Hull" value="BourrasqueOrdinary"/>
				<string name="Name" value="Hull_Bow_Turrets_Deck"/>
				<float name="Param_1" value="0."/>
				<string name="TypHL" value="Hull"/>
				<string name="UnitName" value="Bourrasque"/>
			</object>
			<object name="Bourr11">
				<integer name="Country" value="4"/>
				<integer name="Crew" value="5"/>
				<float name="ER" value="100."/>
				<string name="Hull" value="BourrasqueAmmoStore"/>
				<string name="Name" value="AmmoStore_Bow_1"/>
				<float name="Param_1" value="45."/>
				<string name="TypHL" value="AmmoStore"/>
				<string name="UnitName" value="Bourrasque"/>
			</object>
			<object name="Bourr13">
				<integer name="Country" value="4"/>
				<integer name="Crew" value="5"/>
				<float name="ER" value="100."/>
				<string name="Hull" value="BourrasqueAmmoStore"/>
				<string name="Name" value="AmmoStore_Bow_2"/>
				<float name="Param_1" value="45."/>
				<string name="TypHL" value="AmmoStore"/>
				<string name="UnitName" value="Bourrasque"/>
			</object>
			<object name="Bourr15">
				<integer name="Country" value="4"/>
				<integer name="Crew" value="0"/>
				<float name="ER" value="100."/>
				<string name="Hull" value="BourrasqueOrdinary"/>
				<string name="Name" value="Hull_Bow_Turrets_Core"/>
				<float name="Param_1" value="0."/>
				<string name="TypHL" value="Hull"/>
				<string name="UnitName" value="Bourrasque"/>
			</object>
			<object name="Bourr17">
				<integer name="Country" value="4"/>
				<integer name="Crew" value="0"/>
				<float name="ER" value="100."/>
				<string name="Hull" value="BourrasqueOrdinary"/>
				<string name="Name" value="Hull_Bow_Tanks_LBoard"/>
				<float name="Param_1" value="0."/>
				<string name="TypHL" value="Hull"/>
				<string name="UnitName" value="Bourrasque"/>
			</object>
			<object name="Bourr18">
				<integer name="Country" value="4"/>
				<integer name="Crew" value="0"/>
				<float name="ER" value="100."/>
				<string name="Hull" value="BourrasqueOrdinary"/>
				<string name="Name" value="Hull_Bow_Tanks_RBoard"/>
				<float name="Param_1" value="0."/>
				<string name="TypHL" value="Hull"/>
				<string name="UnitName" value="Bourrasque"/>
			</object>
			<object name="Bourr19">
				<integer name="Country" value="4"/>
				<integer name="Crew" value="0"/>
				<float name="ER" value="100."/>
				<string name="Hull" value="BourrasqueOrdinary"/>
				<string name="Name" value="Hull_Bow_Tanks_Deck"/>
				<float name="Param_1" value="0."/>
				<string name="TypHL" value="Hull"/>
				<string name="UnitName" value="Bourrasque"/>
			</object>
			<object name="Bourr2">
				<integer name="Country" value="4"/>
				<integer name="Crew" value="0"/>
				<float name="ER" value="100."/>
				<string name="Hull" value="BourrasqueOrdinary"/>
				<string name="Name" value="Hull_Bow_Deck"/>
				<float name="Param_1" value="0."/>
				<string name="TypHL" value="Hull"/>
				<string name="UnitName" value="Bourrasque"/>
			</object>
			<object name="Bourr20">
				<integer name="Country" value="4"/>
				<integer name="Crew" value="0"/>
				<float name="ER" value="100."/>
				<string name="Hull" value="BourrasqueOrdinary"/>
				<string name="Name" value="FuelTank_Bow"/>
				<float name="Param_1" value="250."/>
				<string name="TypHL" value="FuelTank"/>
				<string name="UnitName" value="Bourrasque"/>
			</object>
			<object name="Bourr23">
				<integer name="Country" value="4"/>
				<integer name="Crew" value="0"/>
				<float name="ER" value="100."/>
				<string name="Hull" value="BourrasqueOrdinary"/>
				<string name="Name" value="Hull_Boiler_1_Bottom"/>
				<float name="Param_1" value="0."/>
				<string name="TypHL" value="Hull"/>
				<string name="UnitName" value="Bourrasque"/>
			</object>
			<object name="Bourr24">
				<integer name="Country" value="4"/>
				<integer name="Crew" value="0"/>
				<float name="ER" value="100."/>
				<string name="Hull" value="BourrasqueOrdinary"/>
				<string name="Name" value="Hull_Boiler_1_LBoard"/>
				<float name="Param_1" value="0."/>
				<string name="TypHL" value="Hull"/>
				<string name="UnitName" value="Bourrasque"/>
			</object>
			<object name="Bourr25">
				<integer name="Country" value="4"/>
				<integer name="Crew" value="0"/>
				<float name="ER" value="100."/>
				<string name="Hull" value="BourrasqueOrdinary"/>
				<string name="Name" value="Hull_Boiler_1_RBoard"/>
				<float name="Param_1" value="0."/>
				<string name="TypHL" value="Hull"/>
				<string name="UnitName" value="Bourrasque"/>
			</object>
			<object name="Bourr26">
				<integer name="Country" value="4"/>
				<integer name="Crew" value="0"/>
				<float name="ER" value="100."/>
				<string name="Hull" value="BourrasqueOrdinary"/>
				<string name="Name" value="Hull_Boiler_1_Core"/>
				<float name="Param_1" value="0."/>
				<string name="TypHL" value="Hull"/>
				<string name="UnitName" value="Bourrasque"/>
			</object>
			<object name="Bourr27">
				<integer name="Country" value="4"/>
				<integer name="Crew" value="10"/>
				<float name="ER" value="100."/>
				<string name="Hull" value="BourrasqueOrdinary"/>
				<string name="Name" value="Boiler_1"/>
				<float name="Param_1" value="0."/>
				<string name="TypHL" value="Boiler"/>
				<string name="UnitName" value="Bourrasque"/>
			</object>
			<object name="Bourr3">
				<integer name="Country" value="4"/>
				<integer name="Crew" value="2"/>
				<float name="ER" value="100."/>
				<string name="Hull" value="BourrasqueCrewAndProbe"/>
				<string name="Name" value="Probe_Sonar_2"/>
				<float name="Param_1" value="0."/>
				<string name="TypHL" value="Probe"/>
				<string name="UnitName" value="Bourrasque"/>
			</object>
			<object name="Bourr30">
				<integer name="Country" value="4"/>
				<integer name="Crew" value="0"/>
				<float name="ER" value="100."/>
				<string name="Hull" value="BourrasqueOrdinary"/>
				<string name="Name" value="Hull_Engin_1_Bottom"/>
				<float name="Param_1" value="0."/>
				<string name="TypHL" value="Hull"/>
				<string name="UnitName" value="Bourrasque"/>
			</object>
			<object name="Bourr31">
				<integer name="Country" value="4"/>
				<integer name="Crew" value="0"/>
				<float name="ER" value="100."/>
				<string name="Hull" value="BourrasqueOrdinary"/>
				<string name="Name" value="Hull_Engin_1_LBoard"/>
				<float name="Param_1" value="0."/>
				<string name="TypHL" value="Hull"/>
				<string name="UnitName" value="Bourrasque"/>
			</object>
			<object name="Bourr32">
				<integer name="Country" value="4"/>
				<integer name="Crew" value="0"/>
				<float name="ER" value="100."/>
				<string name="Hull" value="BourrasqueOrdinary"/>
				<string name="Name" value="Hull_Engin_1_RBoard"/>
				<float name="Param_1" value="0."/>
				<string name="TypHL" value="Hull"/>
				<string name="UnitName" value="Bourrasque"/>
			</object>
			<object name="Bourr33">
				<integer name="Country" value="4"/>
				<integer name="Crew" value="0"/>
				<float name="ER" value="100."/>
				<string name="Hull" value="BourrasqueOrdinary"/>
				<string name="Name" value="Hull_Engin_1_Core"/>
				<float name="Param_1" value="0."/>
				<string name="TypHL" value="Hull"/>
				<string name="UnitName" value="Bourrasque"/>
			</object>
			<object name="Bourr34">
				<string name="ConnectName" value="Boiler_1"/>
				<integer name="Country" value="4"/>
				<integer name="Crew" value="10"/>
				<float name="ER" value="100."/>
				<string name="Hull" value="BourrasqueOrdinary"/>
				<string name="Name" value="Engin_1"/>
				<float name="Param_1" value="0."/>
				<string name="TypHL" value="Engine"/>
				<string name="UnitName" value="Bourrasque"/>
			</object>
			<object name="Bourr37">
				<integer name="Country" value="4"/>
				<integer name="Crew" value="0"/>
				<float name="ER" value="100."/>
				<string name="Hull" value="BourrasqueOrdinary"/>
				<string name="Name" value="Hull_Boiler_2_Bottom"/>
				<float name="Param_1" value="0."/>
				<string name="TypHL" value="Hull"/>
				<string name="UnitName" value="Bourrasque"/>
			</object>
			<object name="Bourr38">
				<integer name="Country" value="4"/>
				<integer name="Crew" value="0"/>
				<float name="ER" value="100."/>
				<string name="Hull" value="BourrasqueOrdinary"/>
				<string name="Name" value="Hull_Boiler_2_LBoard"/>
				<float name="Param_1" value="0."/>
				<string name="TypHL" value="Hull"/>
				<string name="UnitName" value="Bourrasque"/>
			</object>
			<object name="Bourr39">
				<integer name="Country" value="4"/>
				<integer name="Crew" value="0"/>
				<float name="ER" value="100."/>
				<string name="Hull" value="BourrasqueOrdinary"/>
				<string name="Name" value="Hull_Boiler_2_RBoard"/>
				<float name="Param_1" value="0."/>
				<string name="TypHL" value="Hull"/>
				<string name="UnitName" value="Bourrasque"/>
			</object>
			<object name="Bourr40">
				<integer name="Country" value="4"/>
				<integer name="Crew" value="0"/>
				<float name="ER" value="100."/>
				<string name="Hull" value="BourrasqueOrdinary"/>
				<string name="Name" value="Hull_Boiler_2_Core"/>
				<float name="Param_1" value="0."/>
				<string name="TypHL" value="Hull"/>
				<string name="UnitName" value="Bourrasque"/>
			</object>
			<object name="Bourr41">
				<integer name="Country" value="4"/>
				<integer name="Crew" value="10"/>
				<float name="ER" value="100."/>
				<string name="Hull" value="BourrasqueOrdinary"/>
				<string name="Name" value="Boiler_2"/>
				<float name="Param_1" value="0."/>
				<string name="TypHL" value="Boiler"/>
				<string name="UnitName" value="Bourrasque"/>
			</object>
			<object name="Bourr44">
				<integer name="Country" value="4"/>
				<integer name="Crew" value="0"/>
				<float name="ER" value="100."/>
				<string name="Hull" value="BourrasqueOrdinary"/>
				<string name="Name" value="Hull_Engin_2_Bottom"/>
				<float name="Param_1" value="0."/>
				<string name="TypHL" value="Hull"/>
				<string name="UnitName" value="Bourrasque"/>
			</object>
			<object name="Bourr45">
				<integer name="Country" value="4"/>
				<integer name="Crew" value="0"/>
				<float name="ER" value="100."/>
				<string name="Hull" value="BourrasqueOrdinary"/>
				<string name="Name" value="Hull_Engin_2_LBoard"/>
				<float name="Param_1" value="0."/>
				<string name="TypHL" value="Hull"/>
				<string name="UnitName" value="Bourrasque"/>
			</object>
			<object name="Bourr46">
				<integer name="Country" value="4"/>
				<integer name="Crew" value="0"/>
				<float name="ER" value="100."/>
				<string name="Hull" value="BourrasqueOrdinary"/>
				<string name="Name" value="Hull_Engin_2_RBoard"/>
				<float name="Param_1" value="0."/>
				<string name="TypHL" value="Hull"/>
				<string name="UnitName" value="Bourrasque"/>
			</object>
			<object name="Bourr47">
				<integer name="Country" value="4"/>
				<integer name="Crew" value="0"/>
				<float name="ER" value="100."/>
				<string name="Hull" value="BourrasqueOrdinary"/>
				<string name="Name" value="Hull_Engin_2_Core"/>
				<float name="Param_1" value="0."/>
				<string name="TypHL" value="Hull"/>
				<string name="UnitName" value="Bourrasque"/>
			</object>
			<object name="Bourr48">
				<string name="ConnectName" value="Boiler_2"/>
				<integer name="Country" value="4"/>
				<integer name="Crew" value="10"/>
				<float name="ER" value="100."/>
				<string name="Hull" value="BourrasqueOrdinary"/>
				<string name="Name" value="Engin_2"/>
				<float name="Param_1" value="0."/>
				<string name="TypHL" value="Engine"/>
				<string name="UnitName" value="Bourrasque"/>
			</object>
			<object name="Bourr5">
				<integer name="Country" value="4"/>
				<integer name="Crew" value="2"/>
				<float name="ER" value="100."/>
				<string name="Hull" value="BourrasqueCrewAndProbe"/>
				<string name="Name" value="Probe_Sonar_1"/>
				<float name="Param_1" value="0."/>
				<string name="TypHL" value="Probe"/>
				<string name="UnitName" value="Bourrasque"/>
			</object>
			<object name="Bourr51">
				<integer name="Country" value="4"/>
				<integer name="Crew" value="0"/>
				<float name="ER" value="100."/>
				<string name="Hull" value="BourrasqueOrdinary"/>
				<string name="Name" value="Hull_Stern_Tanks_LBoard"/>
				<float name="Param_1" value="0."/>
				<string name="TypHL" value="Hull"/>
				<string name="UnitName" value="Bourrasque"/>
			</object>
			<object name="Bourr52">
				<integer name="Country" value="4"/>
				<integer name="Crew" value="0"/>
				<float name="ER" value="100."/>
				<string name="Hull" value="BourrasqueOrdinary"/>
				<string name="Name" value="Hull_Stern_Tanks_RBoard"/>
				<float name="Param_1" value="0."/>
				<string name="TypHL" value="Hull"/>
				<string name="UnitName" value="Bourrasque"/>
			</object>
			<object name="Bourr53">
				<integer name="Country" value="4"/>
				<integer name="Crew" value="0"/>
				<float name="ER" value="100."/>
				<string name="Hull" value="BourrasqueOrdinary"/>
				<string name="Name" value="Hull_Stern_Tanks_Deck"/>
				<float name="Param_1" value="0."/>
				<string name="TypHL" value="Hull"/>
				<string name="UnitName" value="Bourrasque"/>
			</object>
			<object name="Bourr54">
				<integer name="Country" value="4"/>
				<integer name="Crew" value="0"/>
				<float name="ER" value="100."/>
				<string name="Hull" value="BourrasqueOrdinary"/>
				<string name="Name" value="FuelTank_Stern"/>
				<float name="Param_1" value="250."/>
				<string name="TypHL" value="FuelTank"/>
				<string name="UnitName" value="Bourrasque"/>
			</object>
			<object name="Bourr56">
				<integer name="Country" value="4"/>
				<integer name="Crew" value="0"/>
				<float name="ER" value="100."/>
				<string name="Hull" value="BourrasqueOrdinary"/>
				<string name="Name" value="Hull_Stern_Bottom"/>
				<float name="Param_1" value="0."/>
				<string name="TypHL" value="Hull"/>
				<string name="UnitName" value="Bourrasque"/>
			</object>
			<object name="Bourr57">
				<string name="ConnectName" value="Engin_1"/>
				<integer name="Country" value="4"/>
				<integer name="Crew" value="0"/>
				<float name="ER" value="100."/>
				<string name="Hull" value="BourrasqueMover"/>
				<string name="Name" value="Mover_1"/>
				<float name="Param_1" value="0."/>
				<string name="TypHL" value="Mover"/>
				<string name="UnitName" value="Bourrasque"/>
			</object>
			<object name="Bourr58">
				<string name="ConnectName" value="Engin_2"/>
				<integer name="Country" value="4"/>
				<integer name="Crew" value="0"/>
				<float name="ER" value="100."/>
				<string name="Hull" value="BourrasqueMover"/>
				<string name="Name" value="Mover_2"/>
				<float name="Param_1" value="0."/>
				<string name="TypHL" value="Mover"/>
				<string name="UnitName" value="Bourrasque"/>
			</object>
			<object name="Bourr59">
				<integer name="Country" value="4"/>
				<integer name="Crew" value="0"/>
				<float name="ER" value="100."/>
				<string name="Hull" value="BourrasqueMover"/>
				<string name="Name" value="Rudder"/>
				<float name="Param_1" value="0."/>
				<string name="TypHL" value="Rudder"/>
				<string name="UnitName" value="Bourrasque"/>
			</object>
			<object name="Bourr60">
				<integer name="Country" value="4"/>
				<integer name="Crew" value="0"/>
				<float name="ER" value="100."/>
				<string name="Hull" value="BourrasqueOrdinary"/>
				<string name="Name" value="Hull_Stern_Deck"/>
				<float name="Param_1" value="0."/>
				<string name="TypHL" value="Hull"/>
				<string name="UnitName" value="Bourrasque"/>
			</object>
			<object name="Bourr61">
				<integer name="Country" value="4"/>
				<integer name="Crew" value="0"/>
				<float name="ER" value="100."/>
				<string name="Hull" value="BourrasqueOrdinary"/>
				<string name="Name" value="Hull_Stern_Cabin"/>
				<float name="Param_1" value="0."/>
				<string name="TypHL" value="Hull"/>
				<string name="UnitName" value="Bourrasque"/>
			</object>
			<object name="Bourr62">
				<integer name="Country" value="4"/>
				<integer name="Crew" value="100"/>
				<float name="ER" value="100."/>
				<string name="Hull" value="BourrasqueCrewAndProbe"/>
				<string name="Name" value="Crew_Vitality"/>
				<float name="Param_1" value="0."/>
				<string name="TypHL" value="Crew"/>
				<string name="UnitName" value="Bourrasque"/>
			</object>
			<object name="Bourr63">
				<integer name="Country" value="4"/>
				<integer name="Crew" value="0"/>
				<float name="ER" value="100."/>
				<string name="Hull" value="BourrasqueOrdinary"/>
				<string name="Name" value="Hull_Bow_Cabin"/>
				<float name="Param_1" value="0."/>
				<string name="TypHL" value="Hull"/>
				<string name="UnitName" value="Bourrasque"/>
			</object>
			<object name="Bourr64">
				<integer name="Country" value="4"/>
				<integer name="Crew" value="2"/>
				<float name="ER" value="100."/>
				<string name="Hull" value="BourrasqueCrewAndProbe"/>
				<string name="Name" value="Probe_Radio"/>
				<float name="Param_1" value="0."/>
				<string name="TypHL" value="Probe"/>
				<string name="UnitName" value="Bourrasque"/>
			</object>
			<object name="Bourr66">
				<integer name="Country" value="4"/>
				<integer name="Crew" value="4"/>
				<float name="ER" value="100."/>
				<string name="Hull" value="BourrasqueCrewAndProbe"/>
				<string name="Name" value="Probe_Radar"/>
				<float name="Param_1" value="0."/>
				<string name="TypHL" value="Probe"/>
				<string name="UnitName" value="Bourrasque"/>
			</object>
			<object name="Bourr68">
				<integer name="Country" value="4"/>
				<integer name="Crew" value="6"/>
				<float name="ER" value="100."/>
				<string name="Hull" value="BourrasqueCrewAndProbe"/>
				<string name="Name" value="Probe_AA_Gun_Ctrl"/>
				<float name="Param_1" value="0."/>
				<string name="TypHL" value="Probe"/>
				<string name="UnitName" value="Bourrasque"/>
			</object>
			<object name="Bourr7">
				<integer name="Country" value="4"/>
				<integer name="Crew" value="0"/>
				<float name="ER" value="100."/>
				<string name="Hull" value="BourrasqueOrdinary"/>
				<string name="Name" value="Hull_Bow_Core"/>
				<float name="Param_1" value="0."/>
				<string name="TypHL" value="Hull"/>
				<string name="UnitName" value="Bourrasque"/>
			</object>
			<object name="Bourr70">
				<integer name="Country" value="4"/>
				<integer name="Crew" value="6"/>
				<float name="ER" value="100."/>
				<string name="Hull" value="BourrasqueCrewAndProbe"/>
				<string name="Name" value="Probe_Main_Gun_Ctrl"/>
				<float name="Param_1" value="0."/>
				<string name="TypHL" value="Probe"/>
				<string name="UnitName" value="Bourrasque"/>
			</object>
			<object name="Bourr72">
				<integer name="Country" value="4"/>
				<integer name="Crew" value="173"/>
				<float name="ER" value="100."/>
				<string name="Hull" value="BourrasqueCrewAndProbe"/>
				<string name="Name" value="Crew_Main"/>
				<float name="Param_1" value="0."/>
				<string name="TypHL" value="Crew"/>
				<string name="UnitName" value="Bourrasque"/>
			</object>
			<object name="Bourr73">
				<integer name="Country" value="4"/>
				<integer name="Crew" value="5"/>
				<float name="ER" value="100."/>
				<string name="Hull" value="BourrasqueAmmoStore"/>
				<string name="Name" value="AmmoStore_Stern_1"/>
				<float name="Param_1" value="45."/>
				<string name="TypHL" value="AmmoStore"/>
				<string name="UnitName" value="Bourrasque"/>
			</object>
			<object name="Bourr74">
				<integer name="Country" value="4"/>
				<integer name="Crew" value="5"/>
				<float name="ER" value="100."/>
				<string name="Hull" value="BourrasqueAmmoStore"/>
				<string name="Name" value="AmmoStore_Stern_2"/>
				<float name="Param_1" value="45."/>
				<string name="TypHL" value="AmmoStore"/>
				<string name="UnitName" value="Bourrasque"/>
			</object>
			<object name="Bourr76">
				<integer name="Country" value="4"/>
				<integer name="Crew" value="0"/>
				<float name="ER" value="100."/>
				<string name="Hull" value="BourrasqueOrdinary"/>
				<string name="Name" value="Hull_Stern_Turrets_Deck"/>
				<float name="Param_1" value="0."/>
				<string name="TypHL" value="Hull"/>
				<string name="UnitName" value="Bourrasque"/>
			</object>
			<object name="Bourr77">
				<integer name="Country" value="4"/>
				<integer name="Crew" value="0"/>
				<float name="ER" value="100."/>
				<string name="Hull" value="BourrasqueOrdinary"/>
				<string name="Name" value="Hull_Stern_Turrets_Bottom"/>
				<float name="Param_1" value="0."/>
				<string name="TypHL" value="Hull"/>
				<string name="UnitName" value="Bourrasque"/>
			</object>
		</object>
		<object name="Hulls">
			<object name="BourrasqueAmmoStore">
				<integer name="Back" value="40"/>
				<integer name="Bottom" value="40"/>
				<integer name="Country" value="4"/>
				<float name="ExplProb" value="10."/>
				<float name="FireProb" value="20."/>
				<integer name="Front" value="40"/>
				<integer name="Left" value="40"/>
				<string name="Material" value="Steel"/>
				<integer name="Right" value="40"/>
				<integer name="Top" value="40"/>
				<integer name="UnitName" value="0"/>
				<string name="UnitTyp" value="Ship"/>
			</object>
			<object name="BourrasqueCrewAndProbe">
				<integer name="Back" value="10"/>
				<integer name="Bottom" value="10"/>
				<integer name="Country" value="4"/>	
				<float name="ExplProb" value="0."/>
				<float name="FireProb" value="15."/>
				<integer name="Front" value="10"/>
				<integer name="Left" value="10"/>
				<string name="Material" value="Steel"/>
				<integer name="Right" value="10"/>
				<integer name="Top" value="10"/>
				<integer name="UnitName" value="0"/>
				<string name="UnitTyp" value="Ship"/>
			</object>
			<object name="BourrasqueMover">
				<integer name="Back" value="30"/>
				<integer name="Bottom" value="30"/>
				<integer name="Country" value="4"/>
				<float name="ExplProb" value="0."/>
				<float name="FireProb" value="0."/>
				<integer name="Front" value="30"/>
				<integer name="Left" value="30"/>
				<string name="Material" value="Steel"/>
				<integer name="Right" value="30"/>
				<integer name="Top" value="30"/>
				<integer name="UnitName" value="0"/>
				<string name="UnitTyp" value="Ship"/>
			</object>
			<object name="BourrasqueOrdinary">
				<integer name="Back" value="10"/>
				<integer name="Bottom" value="20"/>
				<integer name="Country" value="4"/>
				<float name="ExplProb" value="5."/>
				<float name="FireProb" value="20."/>
				<integer name="Front" value="10"/>
				<integer name="Left" value="10"/>
				<string name="Material" value="Steel"/>
				<integer name="Right" value="10"/>
				<integer name="Top" value="10"/>
				<integer name="UnitName" value="0"/>
				<string name="UnitTyp" value="Ship"/>
			</object>
        	</object>
		<object name="Engins">
			<object name="MPP_Bourrasque">
				<float name="Consumption" value="3.338e-004"/>
				<integer name="Country" value="4"/>
				<float name="Money" value="5000."/>
				<integer name="Power_Max" value="31000"/>
				<integer name="RPM_Max" value="0"/>
				<integer name="Type" value="8"/>
				<integer name="Unreliability" value="10"/>
				<string name="Usage" value="Ships"/>
				<float name="Weight" value="660."/>
			</object>
		</object>
		<object name="ShipsNames">
			<object name="Bourrasque">
				<string name="1" value="Bourrasque1"/>
				<string name="2" value="Bourrasque2"/>
				<string name="3" value="Bourrasque3"/>
				<string name="4" value="Bourrasque4"/>
				<string name="5" value="Bourrasque5"/>
				<string name="6" value="Bourrasque6"/>
				<string name="7" value="Bourrasque7"/>
				<string name="8" value="Bourrasque8"/>
				<string name="9" value="Bourrasque9"/>
				<string name="10" value="Bourrasque10"/>
				<string name="11" value="Bourrasque11"/>
				<string name="12" value="Bourrasque12"/>
			</object>
		</object>
		<object name="UnitsByType">
			<object name="4">
				<object name="Bourrasque">
					<string name="ChildTable" value="Ships"/>
				</object>
			</object>
		</object>
	</object>
</root>
