﻿<?xml version="1.0" standalone="yes" ?>
<root>
	<object name="Modifications">
		<object name="Ships">
			<object name="Bourrasque">
				<object name="Prototype">
					<string name="AAGunControl" value="Mark12R_AA"/>
					<float name="AAVolleyWeight" value="1.01699996"/>
					<float name="Aluminium" value="0."/>
					<float name="AmmoWeight" value="58.8799973"/>
					<float name="Armour" value="0."/>
					<float name="FuelConsumption" value="1.49594896"/>
					<float name="FuelProtect" value="0."/>
					<string name="FullModName" value="Ships.Bourrasque.Prototype"/>
					<float name="Iron" value="2068.18481"/>
					<boolean name="IsJammer" value="true"/>
					<string name="MainGunControl" value="Mk_8R_M"/>
					<float name="MaxFuel" value="524."/>
					<float name="MaxSpeed" value="33."/>
					<float name="MinSpeed" value="0."/>
					<float name="Money" value="11351.5"/>
					<widestring name="Name" value="fgRABDAEOQQxBDsEXwBhAGkANAA1AAA="/>
					<float name="RadarRange" value="0."/>
					<float name="RadioGain" value="10000."/>
					<float name="RadioPowerHF" value="0."/>
					<float name="RadioPowerVHF" value="50."/>
					<float name="RadioSensitivityHF" value="0."/>
					<float name="RadioSensitivityVHF" value="4.99999989e-003"/>
					<object name="Slots">
						<object name="TPort_K1">
							<string name="Device" value="K_Gun"/>
							<string name="Table" value="Rifles"/>
						</object>
						<object name="TPort_K2">
							<string name="Device" value="K_Gun"/>
							<string name="Table" value="Rifles"/>
						</object>
						<object name="TPort_K3">
							<string name="Device" value="K_Gun"/>
							<string name="Table" value="Rifles"/>
						</object>
						<object name="TPort_K4">
							<string name="Device" value="K_Gun"/>
							<string name="Table" value="Rifles"/>
						</object>
						<object name="TPort_K5">
							<string name="Device" value="Bomb_Kletka_Small_4x"/>
							<string name="Table" value="Rifles"/>
						</object>
						<object name="TPort_K6">
							<string name="Device" value="Bomb_Kletka_Small_4x"/>
							<string name="Table" value="Rifles"/>
						</object>
						<object name="TPort_MG01">
							<string name="Device" value="Bourrasque_1x130mm_Turret"/>
							<string name="Table" value="Turrets"/>
						</object>
						<object name="TPort_MG02">
							<string name="Device" value="Bourrasque_1x130mm_Turret"/>
							<string name="Table" value="Turrets"/>
						</object>
						<object name="TPort_MG03">
							<string name="Device" value="Bourrasque_1x130mm_Turret"/>
							<string name="Table" value="Turrets"/>
						</object>
						<object name="TPort_MG04">
							<string name="Device" value="Bourrasque_1x130mm_Turret"/>
							<string name="Table" value="Turrets"/>
						</object>
						<object name="TPort_TORPF">
							<string name="Device" value="Traibal_Torp_Ap"/>
							<string name="Table" value="Turrets"/>
						</object>
						<object name="TPort_TORPB">
							<string name="Device" value="Traibal_Torp_Ap"/>
							<string name="Table" value="Turrets"/>
						</object>
						<object name="TPort_AA37mmR">
							<string name="Device" value="Turret_20x1_USA"/>
							<string name="Table" value="Turrets"/>
						</object>

						<object name="TPort_AA37mmL">
							<string name="Device" value="Turret_20x1_USA"/>
							<string name="Table" value="Turrets"/>
						</object>
						<object name="TPort_AA20mmFR">
							<string name="Device" value="Turret_20x1_USA"/>
							<string name="Table" value="Turrets"/>
						</object>
						<object name="TPort_AA20mmFL">
							<string name="Device" value="Turret_20x1_USA"/>
							<string name="Table" value="Turrets"/>
						</object>
						<object name="TPort_AA20mmBR">
							<string name="Device" value="Turret_20x1_USA"/>
							<string name="Table" value="Turrets"/>
						</object>
						<object name="TPort_AA20mmBL">
							<string name="Device" value="Turret_20x1_USA"/>
							<string name="Table" value="Turrets"/>
						</object>
						<object name="TPort_ProjF">
							<string name="Device" value="Britain_Projector"/>
							<string name="Table" value="Turrets"/>
						</object>
						<object name="TPort_ProjBR">
							<string name="Device" value="Britain_Projector"/>
							<string name="Table" value="Turrets"/>
						</object>
						<object name="TPort_ProjBL">
							<string name="Device" value="Britain_Projector"/>
							<string name="Table" value="Turrets"/>
						</object>


						<object name="TPort_RF01">
							<string name="Device" value="Traibal_Director"/>
							<string name="Table" value="Turrets"/>
						</object>
						<object name="TPort_RF02">
							<string name="Device" value="Traibal_RF"/>
							<string name="Table" value="Turrets"/>
						</object>


						<object name="TPort_VINTR">
							<string name="Device" value="Vint_Fletcher"/>
							<string name="Table" value="Turrets"/>
						</object>
						<object name="TPort_VINTL">
							<string name="Device" value="Vint_Fletcher"/>
							<string name="Table" value="Turrets"/>
						</object>
						<object name="ZPort_AAGunContr1">
							<string name="Device" value="Mark12R_AA"/>
							<string name="Table" value="AimSystems"/>
						</object>
						<object name="ZPort_Jammer_US_A1">
							<string name="Device" value="Jammer_US_A"/>
							<string name="Table" value="Probes"/>
						</object>
						<object name="ZPort_MainGunContr">
							<string name="Device" value="Mk_8R_M"/>
							<string name="Table" value="AimSystems"/>
						</object>
						<object name="ZPort_Radio">
							<string name="Device" value="TBS"/>
							<string name="Table" value="Probes"/>
						</object>
						<object name="ZPort_Sonar">
							<string name="Device" value="Sword_Type_147_U"/>
							<string name="Table" value="Probes"/>
						</object>
						<object name="ZPort_SteamTurbine_01">
							<string name="Device" value="MPP_Bourrasque"/>
							<string name="Table" value="Engins"/>
						</object>
					</object>
					<string name="Sonar" value="Sword_Type_147_U"/>
					<float name="Speed" value="15."/>
					<string name="SuperRifles" value="Traibal_Torp_Tube.5."/>
					<float name="VolleyWeight" value="0.853500009"/>
					<float name="Weight" value="2723.39722"/>
				</object>
			</object>
		</object>
	</object>
</root>