﻿<?xml version="1.0" standalone="yes" ?>
<root>
	<object name="Modifications">
		<object name="SubUnits">
			<object name="Strasbourg_2x130mm_Turret">
				<object name="TPort_0">
					<string name="Device" value="Strasbourg_130mm_Stvol"/>
					<string name="Table" value="Rifles"/>
				</object>
				<object name="TPort_1">
					<string name="Device" value="Strasbourg_130mm_Stvol"/>
					<string name="Table" value="Rifles"/>
				</object>
			</object>
			<object name="Strasbourg_4x130mm_Turret_1V">
				<object name="TPort_0">
					<string name="Device" value="Strasbourg_130mm_Stvol"/>
					<string name="Table" value="Rifles"/>
				</object>
				<object name="TPort_1">
					<string name="Device" value="Strasbourg_130mm_Stvol"/>
					<string name="Table" value="Rifles"/>
				</object>
				<object name="TPort_2">
					<string name="Device" value="Strasbourg_130mm_Stvol"/>
					<string name="Table" value="Rifles"/>
				</object>
				<object name="TPort_3">
					<string name="Device" value="Strasbourg_130mm_Stvol"/>
					<string name="Table" value="Rifles"/>
				</object>
			</object>
			<object name="Strasbourg_4x130mm_Turret_2V">
				<object name="TPort_0">
					<string name="Device" value="Strasbourg_130mm_Stvol"/>
					<string name="Table" value="Rifles"/>
				</object>
				<object name="TPort_1">
					<string name="Device" value="Strasbourg_130mm_Stvol"/>
					<string name="Table" value="Rifles"/>
				</object>
				<object name="TPort_2">
					<string name="Device" value="Strasbourg_130mm_Stvol"/>
					<string name="Table" value="Rifles"/>
				</object>
				<object name="TPort_3">
					<string name="Device" value="Strasbourg_130mm_Stvol"/>
					<string name="Table" value="Rifles"/>
				</object>
			</object>
		</object>
	</object>
</root>
