﻿<?xml version="1.0" standalone="yes" ?>
<root>
	<object name="SteelMonstersParams">
		<object name="Hit_Location">
			<object name="1796">
				<string name="ConnectName" value="Tiller"/>
				<integer name="Country" value="3"/>
				<float name="ER" value="150."/>
				<string name="Hull" value="Std_Rudder"/>
				<string name="Name" value="Rudder"/>
				<string name="TypHL" value="Rudder"/>
				<string name="UnitName" value="Dorsetshire"/>
			</object>
			<object name="1797">
				<string name="ConnectName" value="Middle5_REngine"/>
				<integer name="Country" value="3"/>
				<float name="ER" value="150."/>
				<string name="Hull" value="Std_Mover"/>
				<string name="Name" value="Mover4"/>
				<string name="TypHL" value="Mover"/>
				<string name="UnitName" value="Dorsetshire"/>
			</object>
			<object name="1798">
				<string name="ConnectName" value="Middle5_LEngine"/>
				<integer name="Country" value="3"/>
				<float name="ER" value="150."/>
				<string name="Hull" value="Std_Mover"/>
				<string name="Name" value="Mover3"/>
				<string name="TypHL" value="Mover"/>
				<string name="UnitName" value="Dorsetshire"/>
			</object>
			<object name="1799">
				<string name="ConnectName" value="Middle4_LEngine"/>
				<integer name="Country" value="3"/>
				<float name="ER" value="150."/>
				<string name="Hull" value="Std_Mover"/>
				<string name="Name" value="Mover1"/>
				<string name="TypHL" value="Mover"/>
				<string name="UnitName" value="Dorsetshire"/>
			</object>
			<object name="1800">
				<string name="ConnectName" value="Middle4_REngine"/>
				<integer name="Country" value="3"/>
				<float name="ER" value="150."/>
				<string name="Hull" value="Std_Mover"/>
				<string name="Name" value="Mover2"/>
				<string name="TypHL" value="Mover"/>
				<string name="UnitName" value="Dorsetshire"/>
			</object>
			<object name="1801">
				<integer name="Country" value="3"/>
				<float name="ER" value="245."/>
				<string name="Hull" value="Dorsetshire_Barbet"/>
				<string name="Name" value="Barbet2"/>
				<string name="TypHL" value="AmmoStore"/>
				<string name="UnitName" value="Dorsetshire"/>
			</object>
			<object name="1802">
				<integer name="Country" value="3"/>
				<float name="ER" value="245."/>
				<string name="Hull" value="Dorsetshire_Barbet"/>
				<string name="Name" value="Barbet1"/>
				<string name="TypHL" value="AmmoStore"/>
				<string name="UnitName" value="Dorsetshire"/>
			</object>
			<object name="1803">
				<integer name="Country" value="3"/>
				<float name="ER" value="245."/>
				<string name="Hull" value="Dorsetshire_Barbet"/>
				<string name="Name" value="Barbet3"/>
				<string name="TypHL" value="AmmoStore"/>
				<string name="UnitName" value="Dorsetshire"/>
			</object>
			<object name="1804">
				<integer name="Country" value="3"/>
				<float name="ER" value="245."/>
				<string name="Hull" value="Dorsetshire_Barbet"/>
				<string name="Name" value="Barbet4"/>
				<string name="TypHL" value="AmmoStore"/>
				<string name="UnitName" value="Dorsetshire"/>
			</object>
			<object name="1805">
				<integer name="Country" value="3"/>
				<float name="ER" value="100."/>
				<string name="Hull" value="Dorsetshire_BattleCabine"/>
				<string name="Name" value="BattleCabine"/>
				<string name="TypHL" value="Hull"/>
				<string name="UnitName" value="Dorsetshire"/>
			</object>
			<object name="1806">
				<integer name="Country" value="3"/>
				<float name="ER" value="50."/>
				<string name="Hull" value="Std_Probe"/>
				<string name="Name" value="Probe_AA_Bow"/>
				<string name="TypHL" value="Probe"/>
				<string name="UnitName" value="Dorsetshire"/>
			</object>
			<object name="1807">
				<integer name="Country" value="3"/>
				<float name="ER" value="50."/>
				<string name="Hull" value="Std_Probe"/>
				<string name="Name" value="Probe_AA_Stern"/>
				<string name="TypHL" value="Probe"/>
				<string name="UnitName" value="Dorsetshire"/>
			</object>
			<object name="1809">
				<integer name="Country" value="3"/>
				<float name="ER" value="245."/>
				<string name="Hull" value="Dorsetshire_AS_T1"/>
				<string name="Name" value="AmmoStore1_1"/>
				<string name="TypHL" value="AmmoStore"/>
				<string name="UnitName" value="Dorsetshire"/>
			</object>
			<object name="1810">
				<integer name="Country" value="3"/>
				<float name="ER" value="245."/>
				<string name="Hull" value="Dorsetshire_AS_T1"/>
				<string name="Name" value="AmmoStore1_2"/>
				<string name="TypHL" value="AmmoStore"/>
				<string name="UnitName" value="Dorsetshire"/>
			</object>
			<object name="1811">
				<integer name="Country" value="3"/>
				<float name="ER" value="245."/>
				<string name="Hull" value="Dorsetshire_AS_T1"/>
				<string name="Name" value="AmmoStore2_1"/>
				<string name="TypHL" value="AmmoStore"/>
				<string name="UnitName" value="Dorsetshire"/>
			</object>
			<object name="1812">
				<integer name="Country" value="3"/>
				<float name="ER" value="245."/>
				<string name="Hull" value="Dorsetshire_AS_T1"/>
				<string name="Name" value="AmmoStore2_2"/>
				<string name="TypHL" value="AmmoStore"/>
				<string name="UnitName" value="Dorsetshire"/>
			</object>
			<object name="1813">
				<integer name="Country" value="3"/>
				<float name="ER" value="200."/>
				<string name="Hull" value="Dorsetshire_MiddleDeck"/>
				<string name="Name" value="Bow2_MiddleDeck"/>
				<string name="TypHL" value="Hull"/>
				<string name="UnitName" value="Dorsetshire"/>
			</object>
			<object name="1814">
				<integer name="Country" value="3"/>
				<float name="ER" value="150."/>
				<string name="Hull" value="Dorsetshire_Bottom"/>
				<string name="Name" value="Bow2_Bottom"/>
				<string name="TypHL" value="Hull"/>
				<string name="UnitName" value="Dorsetshire"/>
			</object>
			<object name="1815">
				<integer name="Country" value="3"/>
				<float name="ER" value="200."/>
				<string name="Hull" value="Dorsetshire_UpperDeck1"/>
				<string name="Name" value="Bow2_UpperDeck"/>
				<string name="TypHL" value="Hull"/>
				<string name="UnitName" value="Dorsetshire"/>
			</object>
			<object name="1817">
				<integer name="Country" value="3"/>
				<float name="ER" value="150."/>
				<string name="Hull" value="Dorsetshire_Bottom"/>
				<string name="Name" value="Middle1_RBottom"/>
				<string name="TypHL" value="FuelTank"/>
				<string name="UnitName" value="Dorsetshire"/>
			</object>
			<object name="1818">
				<integer name="Country" value="3"/>
				<float name="ER" value="150."/>
				<string name="Hull" value="Dorsetshire_Bottom"/>
				<string name="Name" value="Middle1_LBottom"/>
				<string name="TypHL" value="FuelTank"/>
				<string name="UnitName" value="Dorsetshire"/>
			</object>
			<object name="1819">
				<integer name="Country" value="3"/>
				<float name="ER" value="200."/>
				<string name="Hull" value="Dorsetshire_MiddleDeck"/>
				<string name="Name" value="Middle1_MiddleDeck"/>
				<string name="TypHL" value="Hull"/>
				<string name="UnitName" value="Dorsetshire"/>
			</object>
			<object name="1820">
				<integer name="Country" value="3"/>
				<float name="ER" value="245."/>
				<string name="Hull" value="Dorsetshire_AS_Cover"/>
				<string name="Name" value="Universal_AmmoStore_Cover"/>
				<string name="TypHL" value="Hull"/>
				<string name="UnitName" value="Dorsetshire"/>
			</object>
			<object name="1821">
				<integer name="Country" value="3"/>
				<float name="ER" value="50."/>
				<string name="Hull" value="Std_Probe"/>
				<string name="Name" value="Probe_MainGun"/>
				<string name="TypHL" value="Probe"/>
				<string name="UnitName" value="Dorsetshire"/>
			</object>
			<object name="1822">
				<integer name="Country" value="3"/>
				<float name="ER" value="50."/>
				<string name="Hull" value="Std_Probe"/>
				<string name="Name" value="Radar"/>
				<string name="TypHL" value="Probe"/>
				<string name="UnitName" value="Dorsetshire"/>
			</object>
			<object name="1823">
				<integer name="Country" value="3"/>
				<float name="ER" value="50."/>
				<string name="Hull" value="Std_Probe"/>
				<string name="Name" value="Radio"/>
				<string name="TypHL" value="Probe"/>
				<string name="UnitName" value="Dorsetshire"/>
			</object>
			<object name="1824">
				<integer name="Country" value="3"/>
				<float name="ER" value="245."/>
				<string name="Hull" value="Dorsetshire_AS_T1"/>
				<string name="Name" value="Universal_AmmoStore"/>
				<string name="TypHL" value="AmmoStore"/>
				<string name="UnitName" value="Dorsetshire"/>
			</object>
			<object name="1825">
				<integer name="Country" value="3"/>
				<float name="ER" value="200."/>
				<string name="Hull" value="Dorsetshire_BeltDeck"/>
				<string name="Name" value="Middle1_UpperDeck"/>
				<string name="TypHL" value="Hull"/>
				<string name="UnitName" value="Dorsetshire"/>
			</object>
			<object name="1826">
				<integer name="Country" value="3"/>
				<float name="ER" value="200."/>
				<string name="Hull" value="Dorsetshire_UpperDeck2"/>
				<string name="Name" value="Middle1_UpperDeck2"/>
				<string name="TypHL" value="Hull"/>
				<string name="UnitName" value="Dorsetshire"/>
			</object>
			<object name="1828">
				<integer name="Country" value="3"/>
				<float name="ER" value="200."/>
				<string name="Hull" value="Dorsetshire_MiddleDeck"/>
				<string name="Name" value="Middle2_MiddleDeck"/>
				<string name="TypHL" value="Hull"/>
				<string name="UnitName" value="Dorsetshire"/>
			</object>
			<object name="1829">
				<integer name="Country" value="3"/>
				<float name="ER" value="100."/>
				<string name="Hull" value="Std_Boiler"/>
				<string name="Name" value="Middle2_Boiler1"/>
				<string name="TypHL" value="Boiler"/>
				<string name="UnitName" value="Dorsetshire"/>
			</object>
			<object name="1830">
				<integer name="Country" value="3"/>
				<float name="ER" value="100."/>
				<string name="Hull" value="Std_Boiler"/>
				<string name="Name" value="Middle2_Boiler2"/>
				<string name="TypHL" value="Boiler"/>
				<string name="UnitName" value="Dorsetshire"/>
			</object>
			<object name="1831">
				<integer name="Country" value="3"/>
				<float name="ER" value="150."/>
				<string name="Hull" value="Dorsetshire_LAMP"/>
				<string name="Name" value="Middle2_LAMP"/>
				<string name="TypHL" value="Hull"/>
				<string name="UnitName" value="Dorsetshire"/>
			</object>
			<object name="1832">
				<integer name="Country" value="3"/>
				<float name="ER" value="150."/>
				<string name="Hull" value="Dorsetshire_RAMP"/>
				<string name="Name" value="Middle2_RAMP"/>
				<string name="TypHL" value="Hull"/>
				<string name="UnitName" value="Dorsetshire"/>
			</object>
			<object name="1833">
				<integer name="Country" value="3"/>
				<float name="ER" value="200."/>
				<string name="Hull" value="Dorsetshire_LBelt"/>
				<string name="Name" value="Middle2_LBelt"/>
				<string name="TypHL" value="Hull"/>
				<string name="UnitName" value="Dorsetshire"/>
			</object>
			<object name="1834">
				<integer name="Country" value="3"/>
				<float name="ER" value="200."/>
				<string name="Hull" value="Dorsetshire_RBelt"/>
				<string name="Name" value="Middle2_RBelt"/>
				<string name="TypHL" value="Hull"/>
				<string name="UnitName" value="Dorsetshire"/>
			</object>
			<object name="1835">
				<integer name="Country" value="3"/>
				<float name="ER" value="200."/>
				<string name="Hull" value="Dorsetshire_UpperDeck2"/>
				<string name="Name" value="Middle2_UpperDeck"/>
				<string name="TypHL" value="Hull"/>
				<string name="UnitName" value="Dorsetshire"/>
			</object>
			<object name="1836">
				<integer name="Country" value="3"/>
				<float name="ER" value="200."/>
				<string name="Hull" value="Dorsetshire_UpperDeck2"/>
				<string name="Name" value="Middle2_UpperDeck2"/>
				<string name="TypHL" value="Hull"/>
				<string name="UnitName" value="Dorsetshire"/>
			</object>
			<object name="1837">
				<integer name="Country" value="3"/>
				<float name="ER" value="150."/>
				<string name="Hull" value="Dorsetshire_Bottom"/>
				<string name="Name" value="Middle2_RBottom"/>
				<string name="TypHL" value="FuelTank"/>
				<string name="UnitName" value="Dorsetshire"/>
			</object>
			<object name="1838">
				<integer name="Country" value="3"/>
				<float name="ER" value="150."/>
				<string name="Hull" value="Dorsetshire_Bottom"/>
				<string name="Name" value="Middle2_LBottom"/>
				<string name="TypHL" value="FuelTank"/>
				<string name="UnitName" value="Dorsetshire"/>
			</object>
			<object name="1840">
				<integer name="Country" value="3"/>
				<float name="ER" value="200."/>
				<string name="Hull" value="Dorsetshire_MiddleDeck"/>
				<string name="Name" value="Middle3_MiddleDeck"/>
				<string name="TypHL" value="Hull"/>
				<string name="UnitName" value="Dorsetshire"/>
			</object>
			<object name="1841">
				<integer name="Country" value="3"/>
				<float name="ER" value="100."/>
				<string name="Hull" value="Std_Boiler"/>
				<string name="Name" value="Middle3_Boiler1"/>
				<string name="TypHL" value="Boiler"/>
				<string name="UnitName" value="Dorsetshire"/>
			</object>
			<object name="1842">
				<integer name="Country" value="3"/>
				<float name="ER" value="100."/>
				<string name="Hull" value="Std_Boiler"/>
				<string name="Name" value="Middle3_Boiler2"/>
				<string name="TypHL" value="Boiler"/>
				<string name="UnitName" value="Dorsetshire"/>
			</object>
			<object name="1843">
				<integer name="Country" value="3"/>
				<float name="ER" value="150."/>
				<string name="Hull" value="Dorsetshire_Bottom"/>
				<string name="Name" value="Middle3_LBottom"/>
				<string name="TypHL" value="FuelTank"/>
				<string name="UnitName" value="Dorsetshire"/>
			</object>
			<object name="1844">
				<integer name="Country" value="3"/>
				<float name="ER" value="150."/>
				<string name="Hull" value="Dorsetshire_Bottom"/>
				<string name="Name" value="Middle3_RBottom"/>
				<string name="TypHL" value="FuelTank"/>
				<string name="UnitName" value="Dorsetshire"/>
			</object>
			<object name="1845">
				<integer name="Country" value="3"/>
				<float name="ER" value="150."/>
				<string name="Hull" value="Dorsetshire_LAMP"/>
				<string name="Name" value="Middle3_LAMP"/>
				<string name="TypHL" value="Hull"/>
				<string name="UnitName" value="Dorsetshire"/>
			</object>
			<object name="1846">
				<integer name="Country" value="3"/>
				<float name="ER" value="150."/>
				<string name="Hull" value="Dorsetshire_RAMP"/>
				<string name="Name" value="Middle3_RAMP"/>
				<string name="TypHL" value="Hull"/>
				<string name="UnitName" value="Dorsetshire"/>
			</object>
			<object name="1847">
				<integer name="Country" value="3"/>
				<float name="ER" value="200."/>
				<string name="Hull" value="Dorsetshire_RBelt"/>
				<string name="Name" value="Middle3_RBelt"/>
				<string name="TypHL" value="Hull"/>
				<string name="UnitName" value="Dorsetshire"/>
			</object>
			<object name="1848">
				<integer name="Country" value="3"/>
				<float name="ER" value="200."/>
				<string name="Hull" value="Dorsetshire_LBelt"/>
				<string name="Name" value="Middle3_LBelt"/>
				<string name="TypHL" value="Hull"/>
				<string name="UnitName" value="Dorsetshire"/>
			</object>
			<object name="1849">
				<integer name="Country" value="3"/>
				<float name="ER" value="200."/>
				<string name="Hull" value="Dorsetshire_UpperDeck2"/>
				<string name="Name" value="Middle3_UpperDeck"/>
				<string name="TypHL" value="Hull"/>
				<string name="UnitName" value="Dorsetshire"/>
			</object>
			<object name="1850">
				<integer name="Country" value="3"/>
				<float name="ER" value="200."/>
				<string name="Hull" value="Dorsetshire_UpperDeck2"/>
				<string name="Name" value="Middle3_UpperDeck2"/>
				<string name="TypHL" value="Hull"/>
				<string name="UnitName" value="Dorsetshire"/>
			</object>
			<object name="1852">
				<integer name="Country" value="3"/>
				<float name="ER" value="200."/>
				<string name="Hull" value="Dorsetshire_LBelt"/>
				<string name="Name" value="Middle4_LBelt"/>
				<string name="TypHL" value="Hull"/>
				<string name="UnitName" value="Dorsetshire"/>
			</object>
			<object name="1853">
				<integer name="Country" value="3"/>
				<float name="ER" value="200."/>
				<string name="Hull" value="Dorsetshire_MiddleDeck"/>
				<string name="Name" value="Middle4_MiddleDeck"/>
				<string name="TypHL" value="Hull"/>
				<string name="UnitName" value="Dorsetshire"/>
			</object>
			<object name="1854">
				<string name="ConnectName" value="Middle2_Boiler1;Middle2_Boiler2;Middle3_Boiler1;Middle3_Boiler2;"/>
				<integer name="Country" value="3"/>
				<float name="ER" value="150."/>
				<string name="Hull" value="Std_Engine"/>
				<string name="Name" value="Middle4_LEngine"/>
				<string name="TypHL" value="Engine"/>
				<string name="UnitName" value="Dorsetshire"/>
			</object>
			<object name="1855">
				<string name="ConnectName" value="Middle2_Boiler1;Middle2_Boiler2;Middle3_Boiler1;Middle3_Boiler2"/>
				<integer name="Country" value="3"/>
				<float name="ER" value="150."/>
				<string name="Hull" value="Std_Engine"/>
				<string name="Name" value="Middle4_REngine"/>
				<string name="TypHL" value="Engine"/>
				<string name="UnitName" value="Dorsetshire"/>
			</object>
			<object name="1856">
				<integer name="Country" value="3"/>
				<float name="ER" value="150."/>
				<string name="Hull" value="Dorsetshire_LAMP"/>
				<string name="Name" value="Middle4_LAMP"/>
				<string name="TypHL" value="Hull"/>
				<string name="UnitName" value="Dorsetshire"/>
			</object>
			<object name="1857">
				<integer name="Country" value="3"/>
				<float name="ER" value="150."/>
				<string name="Hull" value="Dorsetshire_RAMP"/>
				<string name="Name" value="Middle4_RAMP"/>
				<string name="TypHL" value="Hull"/>
				<string name="UnitName" value="Dorsetshire"/>
			</object>
			<object name="1858">
				<integer name="Country" value="3"/>
				<float name="ER" value="200."/>
				<string name="Hull" value="Dorsetshire_RBelt"/>
				<string name="Name" value="Middle4_RBelt"/>
				<string name="TypHL" value="Hull"/>
				<string name="UnitName" value="Dorsetshire"/>
			</object>
			<object name="1859">
				<integer name="Country" value="3"/>
				<float name="ER" value="200."/>
				<string name="Hull" value="Dorsetshire_BeltDeck"/>
				<string name="Name" value="Middle4_UpperDeck"/>
				<string name="TypHL" value="Hull"/>
				<string name="UnitName" value="Dorsetshire"/>
			</object>
			<object name="1860">
				<integer name="Country" value="3"/>
				<float name="ER" value="200."/>
				<string name="Hull" value="Dorsetshire_UpperDeck2"/>
				<string name="Name" value="Middle4_UpperDeck2"/>
				<string name="TypHL" value="Hull"/>
				<string name="UnitName" value="Dorsetshire"/>
			</object>
			<object name="1861">
				<integer name="Country" value="3"/>
				<float name="ER" value="150."/>
				<string name="Hull" value="Dorsetshire_Bottom"/>
				<string name="Name" value="Middle4_LBottom"/>
				<string name="TypHL" value="FuelTank"/>
				<string name="UnitName" value="Dorsetshire"/>
			</object>
			<object name="1862">
				<integer name="Country" value="3"/>
				<float name="ER" value="150."/>
				<string name="Hull" value="Dorsetshire_Bottom"/>
				<string name="Name" value="Middle4_RBottom"/>
				<string name="TypHL" value="FuelTank"/>
				<string name="UnitName" value="Dorsetshire"/>
			</object>
			<object name="1864">
				<integer name="Country" value="3"/>
				<float name="ER" value="150."/>
				<string name="Hull" value="Dorsetshire_RAMP"/>
				<string name="Name" value="Middle5_RAMP"/>
				<string name="TypHL" value="Hull"/>
				<string name="UnitName" value="Dorsetshire"/>
			</object>
			<object name="1865">
				<integer name="Country" value="3"/>
				<float name="ER" value="150."/>
				<string name="Hull" value="Dorsetshire_LAMP"/>
				<string name="Name" value="Middle5_LAMP"/>
				<string name="TypHL" value="Hull"/>
				<string name="UnitName" value="Dorsetshire"/>
			</object>
			<object name="1866">
				<integer name="Country" value="3"/>
				<float name="ER" value="200."/>
				<string name="Hull" value="Dorsetshire_MiddleDeck"/>
				<string name="Name" value="Middle5_MiddleDeck"/>
				<string name="TypHL" value="Hull"/>
				<string name="UnitName" value="Dorsetshire"/>
			</object>
			<object name="1867">
				<string name="ConnectName" value="Middle2_Boiler1;Middle2_Boiler2;Middle3_Boiler1;Middle3_Boiler2"/>
				<integer name="Country" value="3"/>
				<float name="ER" value="150."/>
				<string name="Hull" value="Std_Engine"/>
				<string name="Name" value="Middle5_LEngine"/>
				<string name="TypHL" value="Engine"/>
				<string name="UnitName" value="Dorsetshire"/>
			</object>
			<object name="1868">
				<string name="ConnectName" value="Middle2_Boiler1;Middle2_Boiler2;Middle3_Boiler1;Middle3_Boiler2;"/>
				<integer name="Country" value="3"/>
				<float name="ER" value="150."/>
				<string name="Hull" value="Std_Engine"/>
				<string name="Name" value="Middle5_REngine"/>
				<string name="TypHL" value="Engine"/>
				<string name="UnitName" value="Dorsetshire"/>
			</object>
			<object name="1869">
				<integer name="Country" value="3"/>
				<float name="ER" value="200."/>
				<string name="Hull" value="Dorsetshire_RBelt"/>
				<string name="Name" value="Middle5_RBelt"/>
				<string name="TypHL" value="Hull"/>
				<string name="UnitName" value="Dorsetshire"/>
			</object>
			<object name="1870">
				<integer name="Country" value="3"/>
				<float name="ER" value="200."/>
				<string name="Hull" value="Dorsetshire_LBelt"/>
				<string name="Name" value="Middle5_LBelt"/>
				<string name="TypHL" value="Hull"/>
				<string name="UnitName" value="Dorsetshire"/>
			</object>
			<object name="1871">
				<integer name="Country" value="3"/>
				<float name="ER" value="200."/>
				<string name="Hull" value="Dorsetshire_UpperDeck2"/>
				<string name="Name" value="Middle5_UpperDeck"/>
				<string name="TypHL" value="Hull"/>
				<string name="UnitName" value="Dorsetshire"/>
			</object>
			<object name="1872">
				<integer name="Country" value="3"/>
				<float name="ER" value="200."/>
				<string name="Hull" value="Dorsetshire_UpperDeck2"/>
				<string name="Name" value="Middle5_UpperDeck2"/>
				<string name="TypHL" value="Hull"/>
				<string name="UnitName" value="Dorsetshire"/>
			</object>
			<object name="1873">
				<integer name="Country" value="3"/>
				<float name="ER" value="150."/>
				<string name="Hull" value="Dorsetshire_Bottom"/>
				<string name="Name" value="Middle5_LBottom"/>
				<string name="TypHL" value="FuelTank"/>
				<string name="UnitName" value="Dorsetshire"/>
			</object>
			<object name="1874">
				<integer name="Country" value="3"/>
				<float name="ER" value="150."/>
				<string name="Hull" value="Dorsetshire_Bottom"/>
				<string name="Name" value="Middle5_RBottom"/>
				<string name="TypHL" value="FuelTank"/>
				<string name="UnitName" value="Dorsetshire"/>
			</object>
			<object name="1876">
				<integer name="Country" value="3"/>
				<float name="ER" value="150."/>
				<string name="Hull" value="Dorsetshire_Bottom"/>
				<string name="Name" value="Stern1_Bottom"/>
				<string name="TypHL" value="Hull"/>
				<string name="UnitName" value="Dorsetshire"/>
			</object>
			<object name="1877">
				<integer name="Country" value="3"/>
				<float name="ER" value="200."/>
				<string name="Hull" value="Dorsetshire_MiddleDeck"/>
				<string name="Name" value="Stern1_MiddleDeck"/>
				<string name="TypHL" value="Hull"/>
				<string name="UnitName" value="Dorsetshire"/>
			</object>
			<object name="1878">
				<integer name="Country" value="3"/>
				<float name="ER" value="245."/>
				<string name="Hull" value="Dorsetshire_AS_T1"/>
				<string name="Name" value="AmmoStore4_1"/>
				<string name="TypHL" value="AmmoStore"/>
				<string name="UnitName" value="Dorsetshire"/>
			</object>
			<object name="1879">
				<integer name="Country" value="3"/>
				<float name="ER" value="245."/>
				<string name="Hull" value="Dorsetshire_AS_T1"/>
				<string name="Name" value="AmmoStore3_1"/>
				<string name="TypHL" value="AmmoStore"/>
				<string name="UnitName" value="Dorsetshire"/>
			</object>
			<object name="1880">
				<integer name="Country" value="3"/>
				<float name="ER" value="245."/>
				<string name="Hull" value="Dorsetshire_AS_T1"/>
				<string name="Name" value="AmmoStore3_2"/>
				<string name="TypHL" value="AmmoStore"/>
				<string name="UnitName" value="Dorsetshire"/>
			</object>
			<object name="1881">
				<integer name="Country" value="3"/>
				<float name="ER" value="245."/>
				<string name="Hull" value="Dorsetshire_AS_T1"/>
				<string name="Name" value="AmmoStore4_2"/>
				<string name="TypHL" value="AmmoStore"/>
				<string name="UnitName" value="Dorsetshire"/>
			</object>
			<object name="1882">
				<integer name="Country" value="3"/>
				<float name="ER" value="200."/>
				<string name="Hull" value="Dorsetshire_UpperDeck1"/>
				<string name="Name" value="Stern1_UpperDeck"/>
				<string name="TypHL" value="Hull"/>
				<string name="UnitName" value="Dorsetshire"/>
			</object>
			<object name="1883">
				<integer name="Country" value="3"/>
				<float name="ER" value="200."/>
				<string name="Hull" value="Dorsetshire_UpperDeck1"/>
				<string name="Name" value="Stern2_Deck"/>
				<string name="TypHL" value="Hull"/>
				<string name="UnitName" value="Dorsetshire"/>
			</object>
			<object name="1884">
				<integer name="Country" value="3"/>
				<float name="ER" value="150."/>
				<string name="Hull" value="Std_Hull"/>
				<string name="Name" value="Tiller"/>
				<string name="TypHL" value="Hull"/>
				<string name="UnitName" value="Dorsetshire"/>
			</object>
			<object name="1885">
				<integer name="Country" value="3"/>
				<float name="ER" value="150."/>
				<string name="Hull" value="Dorsetshire_Bottom"/>
				<string name="Name" value="Bow1_Bottom"/>
				<string name="TypHL" value="Hull"/>
				<string name="UnitName" value="Dorsetshire"/>
			</object>
			<object name="1886">
				<integer name="Country" value="3"/>
				<float name="ER" value="200."/>
				<string name="Hull" value="Dorsetshire_MiddleDeck"/>
				<string name="Name" value="Bow1_MiddleDeck"/>
				<string name="TypHL" value="Hull"/>
				<string name="UnitName" value="Dorsetshire"/>
			</object>
			<object name="1887">
				<integer name="Country" value="3"/>
				<float name="ER" value="200."/>
				<string name="Hull" value="Dorsetshire_UpperDeck1"/>
				<string name="Name" value="Bow1_UpperDeck"/>
				<string name="TypHL" value="Hull"/>
				<string name="UnitName" value="Dorsetshire"/>
			</object>
			<object name="5089">
				<integer name="Country" value="3"/>
				<integer name="Crew" value="200"/>
				<float name="ER" value="100."/>
				<string name="Hull" value="Std_CAUpperHull"/>
				<string name="Name" value="Bow_MSuperstructure"/>
				<string name="TypHL" value="Crew"/>
				<string name="UnitName" value="Dorsetshire"/>
			</object>
			<object name="5090">
				<integer name="Country" value="3"/>
				<float name="ER" value="100."/>
				<string name="Hull" value="Std_CAUpperHull"/>
				<string name="Name" value="Bow_TSuperstructure"/>
				<string name="TypHL" value="Hull"/>
				<string name="UnitName" value="Dorsetshire"/>
			</object>
			<object name="5091">
				<integer name="Country" value="3"/>
				<integer name="Crew" value="200"/>
				<float name="ER" value="100."/>
				<string name="Hull" value="Std_CAUpperHull"/>
				<string name="Name" value="Bow_LSuperstrukture_1"/>
				<string name="TypHL" value="Crew"/>
				<string name="UnitName" value="Dorsetshire"/>
			</object>
			<object name="5092">
				<integer name="Country" value="3"/>
				<integer name="Crew" value="200"/>
				<float name="ER" value="100."/>
				<string name="Hull" value="Std_CAUpperHull"/>
				<string name="Name" value="Bow_LSuperstructure_2"/>
				<string name="TypHL" value="Crew"/>
				<string name="UnitName" value="Dorsetshire"/>
			</object>
			<object name="5093">
				<integer name="Country" value="3"/>
				<integer name="Crew" value="200"/>
				<float name="ER" value="100."/>
				<string name="Hull" value="Std_CAUpperHull"/>
				<string name="Name" value="Stern_LSuperstructure"/>
				<string name="TypHL" value="Crew"/>
				<string name="UnitName" value="Dorsetshire"/>
			</object>
			<object name="5094">
				<integer name="Country" value="3"/>
				<integer name="Crew" value="200"/>
				<float name="ER" value="100."/>
				<string name="Hull" value="Std_CAUpperHull"/>
				<string name="Name" value="Stern_TSuperstructure"/>
				<string name="TypHL" value="Crew"/>
				<string name="UnitName" value="Dorsetshire"/>
			</object>
			<object name="7715">
				<integer name="Country" value="3"/>
				<float name="ER" value="100."/>
				<string name="Hull" value="Std_SmokeStack"/>
				<string name="Name" value="SmokeStack_Bow"/>
				<string name="TypHL" value="Hull"/>
				<string name="UnitName" value="Dorsetshire"/>
			</object>
			<object name="7716">
				<integer name="Country" value="3"/>
				<float name="ER" value="100."/>
				<string name="Hull" value="Std_SmokeStack"/>
				<string name="Name" value="SmokeStack_Middle"/>
				<string name="TypHL" value="Hull"/>
				<string name="UnitName" value="Dorsetshire"/>
			</object>
			<object name="7717">
				<integer name="Country" value="3"/>
				<float name="ER" value="100."/>
				<string name="Hull" value="Std_SmokeStack"/>
				<string name="Name" value="SmokeStack_Stern"/>
				<string name="TypHL" value="Hull"/>
				<string name="UnitName" value="Dorsetshire"/>
			</object>
			<object name="7824">
				<integer name="Country" value="3"/>
				<float name="ER" value="10."/>
				<string name="Hull" value="Std_Turret_RF"/>
				<string name="Name" value="LRangefinder"/>
				<string name="TypHL" value="Probe"/>
				<string name="UnitName" value="Dorsetshire_Gun_203_Turret"/>
			</object>
			<object name="7825">
				<integer name="Country" value="3"/>
				<float name="ER" value="10."/>
				<string name="Hull" value="Std_Turret_RF"/>
				<string name="Name" value="RRangefinder"/>
				<string name="TypHL" value="Probe"/>
				<string name="UnitName" value="Dorsetshire_Gun_203_Turret"/>
			</object>
			<object name="7826">
				<integer name="Country" value="3"/>
				<float name="ER" value="50."/>
				<string name="Hull" value="Dorsetshire_MTShakegeban"/>
				<string name="Name" value="Shakegeban"/>
				<string name="TypHL" value="Probe"/>
				<string name="UnitName" value="Dorsetshire_Gun_203_Turret"/>
			</object>
			<object name="7827">
				<integer name="Country" value="3"/>
				<float name="ER" value="100."/>
				<string name="Hull" value="Dorsetshire_MTurret"/>
				<string name="Name" value="Turret"/>
				<string name="TypHL" value="AmmoStore"/>
				<string name="UnitName" value="Dorsetshire_Gun_203_Turret"/>
			</object>
		</object>
		<object name="Hulls">
			<object name="Dorsetshire_AS_Cover">
				<integer name="Back" value="10"/>
				<integer name="Bottom" value="30"/>
				<integer name="Country" value="3"/>
				<float name="ExplProb" value="10."/>
				<float name="FireProb" value="20."/>
				<integer name="Front" value="10"/>
				<integer name="Left" value="10"/>
				<string name="Material" value="Armored"/>
				<integer name="Right" value="10"/>
				<integer name="Top" value="64"/>
				<integer name="UnitName" value="750"/>
				<string name="UnitTyp" value="Ship"/>
			</object>
			<object name="Dorsetshire_AS_T1">
				<integer name="Back" value="102"/>
				<integer name="Bottom" value="20"/>
				<integer name="Country" value="3"/>
				<float name="ExplProb" value="10."/>
				<float name="FireProb" value="20."/>
				<integer name="Front" value="102"/>
				<integer name="Left" value="102"/>
				<string name="Material" value="Armored"/>
				<integer name="Right" value="102"/>
				<integer name="Top" value="102"/>
				<integer name="UnitName" value="750"/>
				<string name="UnitTyp" value="Ship"/>
			</object>
			<object name="Dorsetshire_Barbet">
				<integer name="Back" value="102"/>
				<integer name="Bottom" value="102"/>
				<integer name="Country" value="3"/>
				<float name="ExplProb" value="30."/>
				<float name="FireProb" value="20."/>
				<integer name="Front" value="102"/>
				<integer name="Left" value="102"/>
				<string name="Material" value="Armored"/>
				<integer name="Right" value="102"/>
				<integer name="Top" value="25"/>
				<integer name="UnitName" value="750"/>
				<string name="UnitTyp" value="Ship"/>
			</object>
			<object name="Dorsetshire_BattleCabine">
				<integer name="Back" value="25"/>
				<integer name="Bottom" value="25"/>
				<integer name="Country" value="3"/>
				<float name="ExplProb" value="0."/>
				<float name="FireProb" value="20."/>
				<integer name="Front" value="25"/>
				<integer name="Left" value="25"/>
				<string name="Material" value="Armored"/>
				<integer name="Right" value="25"/>
				<integer name="Top" value="25"/>
				<integer name="UnitName" value="750"/>
				<string name="UnitTyp" value="Ship"/>
			</object>
			<object name="Dorsetshire_BeltDeck">
				<integer name="Back" value="25"/>
				<integer name="Bottom" value="10"/>
				<integer name="Country" value="3"/>
				<float name="ExplProb" value="10."/>
				<float name="FireProb" value="20."/>
				<integer name="Front" value="25"/>
				<integer name="Left" value="25"/>
				<string name="Material" value="Armored"/>
				<integer name="Right" value="25"/>
				<integer name="Top" value="35"/>
				<integer name="UnitName" value="750"/>
				<string name="UnitTyp" value="Ship"/>
			</object>
			<object name="Dorsetshire_Bottom">
				<integer name="Back" value="25"/>
				<integer name="Bottom" value="25"/>
				<integer name="Country" value="3"/>
				<float name="ExplProb" value="0."/>
				<float name="FireProb" value="0."/>
				<integer name="Front" value="25"/>
				<integer name="Left" value="25"/>
				<string name="Material" value="Steel"/>
				<integer name="Right" value="25"/>
				<integer name="Top" value="25"/>
				<integer name="UnitName" value="750"/>
				<string name="UnitTyp" value="Ship"/>
			</object> 
			<object name="Dorsetshire_LAMP">
				<integer name="Back" value="25"/>
				<integer name="Bottom" value="10"/>
				<integer name="Country" value="3"/>
				<float name="ExplProb" value="0."/>
				<float name="FireProb" value="0."/>
				<integer name="Front" value="25"/>
				<integer name="Left" value="25"/>
				<string name="Material" value="Armored"/>
				<integer name="Right" value="25"/>
				<integer name="Top" value="35"/>
				<integer name="UnitName" value="750"/>
				<string name="UnitTyp" value="Ship"/>
			</object>	
			<object name="Dorsetshire_LBelt">
				<integer name="Back" value="25"/>
				<integer name="Bottom" value="25"/>
				<integer name="Country" value="3"/>
				<float name="ExplProb" value="0."/>
				<float name="FireProb" value="0."/>
				<integer name="Front" value="25"/>
				<integer name="Left" value="89"/>
				<string name="Material" value="Armored"/>
				<integer name="Right" value="25"/>
				<integer name="Top" value="35"/>
				<integer name="UnitName" value="750"/>
				<string name="UnitTyp" value="Ship"/>
			</object>
			<object name="Dorsetshire_MiddleDeck">
				<integer name="Back" value="25"/>
				<integer name="Bottom" value="10"/>
				<integer name="Country" value="3"/>
				<float name="ExplProb" value="0."/>
				<float name="FireProb" value="0."/>
				<integer name="Front" value="25"/>
				<integer name="Left" value="25"/>
				<string name="Material" value="Steel"/>
				<integer name="Right" value="25"/>
				<integer name="Top" value="35"/>
				<integer name="UnitName" value="750"/>
				<string name="UnitTyp" value="Ship"/>
			</object>
			<object name="Dorsetshire_MTShakegeban">
				<integer name="Back" value="38"/>
				<integer name="Bottom" value="5"/>
				<integer name="Country" value="3"/>
				<float name="ExplProb" value="0."/>
				<float name="FireProb" value="10."/>
				<integer name="Front" value="5"/>
				<integer name="Left" value="76"/>
				<string name="Material" value="Steel"/>
				<integer name="Right" value="76"/>
				<integer name="Top" value="76"/>
				<integer name="UnitName" value="0"/>
				<string name="UnitTyp" value="Turret"/>
			</object>
			<object name="Dorsetshire_MTurret">
				<integer name="Back" value="25.4"/>
				<integer name="Bottom" value="25"/>
				<integer name="Country" value="3"/>
				<float name="ExplProb" value="40."/>
				<float name="FireProb" value="30."/>
				<integer name="Front" value="25.4"/>
				<integer name="Left" value="25.4"/>
				<string name="Material" value="Armored"/>
				<integer name="Right" value="25.4"/>
				<integer name="Top" value="20.4"/>
				<integer name="UnitName" value="0"/>
				<string name="UnitTyp" value="Turret"/>
			</object>
			<object name="Dorsetshire_RAMP">
				<integer name="Back" value="25"/>
				<integer name="Bottom" value="10"/>
				<integer name="Country" value="3"/>
				<float name="ExplProb" value="0."/>
				<float name="FireProb" value="0."/>
				<integer name="Front" value="25"/>
				<integer name="Left" value="25"/>
				<string name="Material" value="Armored"/>
				<integer name="Right" value="25"/>
				<integer name="Top" value="35"/>
				<integer name="UnitName" value="750"/>
				<string name="UnitTyp" value="Ship"/>
			</object>  
			<object name="Dorsetshire_RBelt">
				<integer name="Back" value="25"/>
				<integer name="Bottom" value="25"/>
				<integer name="Country" value="3"/>
				<float name="ExplProb" value="0."/>
				<float name="FireProb" value="0."/>
				<integer name="Front" value="25"/>
				<integer name="Left" value="25"/>
				<string name="Material" value="Armored"/>
				<integer name="Right" value="89"/>
				<integer name="Top" value="35"/>
				<integer name="UnitName" value="750"/>
				<string name="UnitTyp" value="Ship"/>
			</object>  
			<object name="Dorsetshire_UpperDeck1">
				<integer name="Back" value="25"/>
				<integer name="Bottom" value="10"/>
				<integer name="Country" value="3"/>
				<float name="ExplProb" value="0."/>
				<float name="FireProb" value="10."/>
				<integer name="Front" value="25"/>
				<integer name="Left" value="25"/>
				<string name="Material" value="Steel"/>
				<integer name="Right" value="25"/>
				<integer name="Top" value="35"/>
				<integer name="UnitName" value="750"/>
				<string name="UnitTyp" value="Ship"/>
			</object>
			<object name="Dorsetshire_UpperDeck2">
				<integer name="Back" value="25"/>
				<integer name="Bottom" value="10"/>
				<integer name="Country" value="3"/>
				<float name="ExplProb" value="0."/>
				<float name="FireProb" value="10."/>
				<integer name="Front" value="25"/>
				<integer name="Left" value="25"/>
				<string name="Material" value="Steel"/>
				<integer name="Right" value="25"/>
				<integer name="Top" value="35"/>
				<integer name="UnitName" value="750"/>
				<string name="UnitTyp" value="Ship"/>
			</object> 
		</object>
	</object>
</root>
