﻿<?xml version="1.0" standalone="yes" ?>
<root>
	<object name="Prototypes">
		<object name="Ships">
			<object name="Dorsetshire">
				<object name="Slots">
					<object name="TPort_0">
						<object name="SubSlots">
							<object name="TPort_1">
								<integer name="icon_x" value="73"/>
								<integer name="icon_y" value="56"/>
							</object>
							<object name="TPort_3">
								<integer name="icon_x" value="413"/>
								<integer name="icon_y" value="44"/>
							</object>
						</object>
						<integer name="icon_x" value="18"/>
						<integer name="icon_y" value="19"/>
					</object>
					<object name="TPort_AA20mmF1R">
						<object name="SubSlots">
							<object name="TPort_AA20mmF1L">
								<object name="SubSlots"/>
								<integer name="icon_x" value="225"/>
								<integer name="icon_y" value="119"/>
							</object>
							<object name="TPort_AA20mmF2R">
								<integer name="icon_x" value="180"/>
								<integer name="icon_y" value="332"/>
							</object>
							<object name="TPort_AA20mmF2L">
								<integer name="icon_x" value="236"/>
								<integer name="icon_y" value="304"/>
							</object>
							<object name="TPort_AA20mmFUR">
								<integer name="icon_x" value="180"/>
								<integer name="icon_y" value="332"/>
							</object>
							<object name="TPort_AA20mmFUL">
								<integer name="icon_x" value="236"/>
								<integer name="icon_y" value="304"/>
							</object>
							<object name="TPort_AA20mmBR">
								<integer name="icon_x" value="180"/>
								<integer name="icon_y" value="332"/>
							</object>
							<object name="TPort_AA20mmBL">
								<integer name="icon_x" value="236"/>
								<integer name="icon_y" value="304"/>
							</object>
							<object name="TPort_AA20mmBR">
								<integer name="icon_x" value="180"/>
								<integer name="icon_y" value="332"/>
							</object>
						</object>
						<integer name="icon_x" value="275"/>
						<integer name="icon_y" value="91"/>
					</object>
					<object name="TPort_AAQ20mmBR">
						<object name="SubSlots">
							<object name="TPort_AAQ20mmBL">
								<integer name="icon_x" value="420"/>
								<integer name="icon_y" value="191"/>
							</object> 
						</object>
						<integer name="icon_x" value="22"/>
						<integer name="icon_y" value="91"/>
					</object>
					<object name="TPort_11">
						<object name="SubSlots">
							<object name="TPort_14">
								<integer name="icon_x" value="391"/>
								<integer name="icon_y" value="101"/>
							</object>
						</object>
						<integer name="icon_x" value="507"/>
						<integer name="icon_y" value="19"/>
					</object>
					<object name="TPort_12">
						<object name="SubSlots">
							<object name="TPort_10">
								<object name="SubSlots"/>
								<integer name="icon_x" value="200"/>
								<integer name="icon_y" value="19"/>
							</object>
							<object name="TPort_15">
								<integer name="icon_x" value="170"/>
								<integer name="icon_y" value="201"/>
							</object>
							<object name="TPort_8">
								<object name="SubSlots"/>
								<integer name="icon_x" value="177"/>
								<integer name="icon_y" value="143"/>
							</object>
						</object>
						<integer name="icon_x" value="20"/>
						<integer name="icon_y" value="106"/>
					</object>
					<object name="TPort_16">
						<object name="SubSlots">
							<object name="TPort_17">
								<integer name="icon_x" value="372"/>
								<integer name="icon_y" value="3"/>
							</object>
						</object>
						<integer name="icon_x" value="202"/>
						<integer name="icon_y" value="339"/>
					</object>
					<object name="TPort_2">
						<integer name="icon_x" value="151"/>
						<integer name="icon_y" value="19"/>
					</object>
					<object name="TPort_20">
						<object name="SubSlots">
							<object name="TPort_18">
								<integer name="icon_x" value="413"/>
								<integer name="icon_y" value="3"/>
							</object>
							<object name="TPort_19">
								<integer name="icon_x" value="454"/>
								<integer name="icon_y" value="3"/>
							</object>
							<object name="TPort_21">
								<integer name="icon_x" value="44"/>
								<integer name="icon_y" value="44"/>
							</object>
							<object name="TPort_22">
								<integer name="icon_x" value="85"/>
								<integer name="icon_y" value="44"/>
							</object>
							<object name="TPort_23">
								<integer name="icon_x" value="126"/>
								<integer name="icon_y" value="44"/>
							</object>
						</object>
						<integer name="icon_x" value="17"/>
						<integer name="icon_y" value="195"/>
					</object>
					<object name="TPort_24">
						<object name="SubSlots">
							<object name="TPort_25">
								<integer name="icon_x" value="208"/>
								<integer name="icon_y" value="44"/>
							</object>
							<object name="TPort_26">
								<integer name="icon_x" value="249"/>
								<integer name="icon_y" value="44"/>
							</object>
						</object>
						<integer name="icon_x" value="341"/>
						<integer name="icon_y" value="108"/>
					</object>
					<object name="TPort_27">
						<object name="SubSlots"/>
						<integer name="icon_x" value="147"/>
						<integer name="icon_y" value="107"/>
					</object>
					<object name="TPort_28">
						<integer name="icon_x" value="473"/>
						<integer name="icon_y" value="108"/>
					</object>
					<object name="TPort_29">
						<integer name="icon_x" value="383"/>
						<integer name="icon_y" value="195"/>
					</object>
					<object name="TPort_30">
						<integer name="icon_x" value="454"/>
						<integer name="icon_y" value="44"/>
					</object>
					<object name="TPort_31">
						<integer name="icon_x" value="495"/>
						<integer name="icon_y" value="44"/>
					</object>
					<object name="TPort_32">
						<integer name="icon_x" value="3"/>
						<integer name="icon_y" value="85"/>
					</object>
					<object name="TPort_33">
						<integer name="icon_x" value="44"/>
						<integer name="icon_y" value="85"/>
					</object>
					<object name="TPort_4">
						<object name="SubSlots">
							<object name="TPort_5">
								<integer name="icon_x" value="126"/>
								<integer name="icon_y" value="85"/>
							</object>
							<object name="TPort_6">
								<integer name="icon_x" value="167"/>
								<integer name="icon_y" value="85"/>
							</object>
							<object name="TPort_7">
								<integer name="icon_x" value="208"/>
								<integer name="icon_y" value="85"/>
							</object>
						</object>
						<integer name="icon_x" value="278"/>
						<integer name="icon_y" value="19"/>
					</object>
					<object name="TPort_9">
						<object name="SubSlots">
							<object name="TPort_13">
								<integer name="icon_x" value="291"/>
								<integer name="icon_y" value="57"/>
							</object>
						</object>
						<integer name="icon_x" value="388"/>
						<integer name="icon_y" value="19"/>
					</object>
					<object name="TPort_Radar1">
						<integer name="icon_x" value="300"/>
						<integer name="icon_y" value="44"/>
					</object>
					<object name="ZPort_AAGunContr1">
						<integer name="icon_x" value="267"/>
						<integer name="icon_y" value="195"/>
					</object>
					<object name="ZPort_Bridge">
						<integer name="icon_x" value="44"/>
						<integer name="icon_y" value="3"/>
					</object>
					<object name="ZPort_FuelTank">
						<integer name="icon_x" value="85"/>
						<integer name="icon_y" value="3"/>
					</object>
					<object name="ZPort_Jammer_JS_A">
						<integer name="icon_x" value="126"/>
						<integer name="icon_y" value="3"/>
					</object>
					<object name="ZPort_Jammer_US_A1">
						<integer name="icon_x" value="479"/>
						<integer name="icon_y" value="338"/>
					</object>
					<object name="ZPort_MainGunContr">
						<integer name="icon_x" value="482"/>
						<integer name="icon_y" value="195"/>
					</object>
					<object name="ZPort_Radio">
						<integer name="icon_x" value="147"/>
						<integer name="icon_y" value="193"/>
					</object>
					<object name="ZPort_Rudder">
						<integer name="icon_x" value="290"/>
						<integer name="icon_y" value="3"/>
					</object>
					<object name="ZPort_Sonar">
						<integer name="icon_x" value="40"/>
						<integer name="icon_y" value="337"/>
					</object>
					<object name="ZPort_Sonar1">
						<integer name="icon_x" value="372"/>
						<integer name="icon_y" value="3"/>
					</object>
					<object name="ZPort_SteamTurbine_01">
						<integer name="icon_x" value="338"/>
						<integer name="icon_y" value="338"/>
					</object>
				</object>
			</object>
		</object>
	</object>
</root>