﻿<?xml version="1.0" standalone="yes" ?>
<root>
	<object name="SteelMonstersParams">
		<object name="Hit_Location">
			<object name="Nav_1x120mm_1">
				<integer name="Country" value="0"/>
				<float name="ER" value="10"/>
				<string name="Hull" value="Default"/>
				<string name="Name" value="Turret"/>
				<string name="TypHL" value="Hull"/>
				<string name="UnitName" value="Navigatori_1x120mm_Turret"/>
			</object>
			<object name="Nav_1x120mm_2">
				<integer name="Country" value="0"/>
				<integer name="Crew" value="1"/>
				<float name="ER" value="0.03"/>
				<string name="Hull" value="Default"/>
				<string name="Name" value="Crew"/>
				<string name="TypHL" value="Crew"/>
				<string name="UnitName" value="Navigatori_1x120mm_Turret"/>
			</object>
			<object name="Nav_1x120mm_3">
				<integer name="Country" value="0"/>
				<float name="ER" value="1"/>
				<string name="Name" value="AmmoStore"/>
				<string name="TypHL" value="AmmoStore"/>
				<string name="Hull" value="Default"/>
				<string name="UnitName" value="Navigatori_1x120mm_Turret"/>
			</object>
		</object>
		<object name="Rifles">
			<object name="Navigatori_1x120mm_Stvol">
				<float name="AARange" value="18.2"/>
				<string name="Ammo" value="Proj_120_I"/>
				<integer name="AmmoStorage" value="182"/>
				<float name="AmmoWeight" value="23.15"/>
				<float name="Caliber" value="120."/>
				<integer name="Country" value="5"/>
				<float name="Dispersion" value="9."/>
				<integer name="FinalSpeed" value="159"/>
				<string name="FireSound" value="Guns\127mm"/>
				<string name="HighExp" value="Proj_120_I_HE"/>
				<string name="ArmPiercing" value="Proj_120_I_AP"/>
				<boolean name="IgnoreXMLFile" value="false"/>
				<float name="Money" value="3."/>
				<boolean name="New" value="false"/>
				<float name="ROF" value="7."/>
				<float name="Range" value="22.0"/>
				<boolean name="SLLauncher" value="false"/>
				<string name="SMU_File" value="Navigatori_1x120mm_Stvol"/>
				<integer name="StartSpeed" value="920"/>
				<integer name="Unreliability" value="0"/>
				<string name="Usage" value="Ships"/>
				<float name="Weight" value="5.1"/>
			</object>
		</object>
		<object name="Turrets">
			<object name="Navigatori_1x120mm_Turret">
				<integer name="Amount" value="1"/>
				<integer name="ArmorFront" value="25"/>
				<integer name="ArmorSide" value="25"/>
				<integer name="ArmorTop" value="25"/>
				<string name="Building" value="Artillery"/>
				<string name="Content" value="Rifles.Navigatori_1x120mm_Stvol"/>
				<integer name="Country" value="5"/>
				<float name="DTimeProd" value="5."/>
				<integer name="Elevation" value="45"/>
				<integer name="ElevationRate" value="12"/>
				<string name="Icon" value="Artillery"/>
				<boolean name="IgnoreXMLFile" value="false"/>
				<float name="Iron" value="26."/>
				<float name="Money" value="6.5"/>
				<float name="NTimeProd" value="30."/>
				<boolean name="New" value="false"/>
				<boolean name="Production" value="false"/>
				<integer name="QualityRate" value="4"/>
				<integer name="RotationRate" value="9"/>
				<string name="SMU_File" value="Navigatori_1x120mm_Turret"/>
				<string name="Type" value="Gun"/>
				<float name="Vitality" value="350."/>
				<float name="Weight" value="11.81"/>
			</object>

		</object>
	</object>
</root>