﻿<?xml version="1.0" standalone="yes" ?>
<root>
	<object name="SteelMonstersParams">
		<object name="Hit_Location">
			<object name="IJN140casemate">
				<integer name="Country" value="2"/>
				<float name="ER" value="50."/>
				<string name="Hull" value="Std_Guns"/>
				<string name="Name" value="Turret"/>
				<string name="TypHL" value="Hull"/>
				<string name="UnitName" value="1x140mmGun_casemate_turret_IJN"/>
			</object>
		</object>
		<object name="Rifles">
			<object name="1x140mmGun_casemate_turret_IJN_Stvol">
				<float name="AARange" value="0."/>
				<string name="Ammo" value="Proj_140_J"/>
				<integer name="AmmoStorage" value="160"/>
				<float name="AmmoWeight" value="38.0"/>
				<float name="Caliber" value="152."/>
				<string name="Common" value="Proj_140_J_Com"/>
				<integer name="Country" value="2"/>
				<float name="Dispersion" value="9."/>
				<integer name="FinalSpeed" value="330"/>
				<string name="FireSound" value="Guns\152mm"/>
				<string name="HighExp" value="Proj_140_J_HE"/>
				<boolean name="IgnoreXMLFile" value="false"/>
				<float name="Money" value="4.5"/>
				<boolean name="New" value="false"/>
				<float name="Range" value="20.574"/>
				<float name="ROF" value="10."/>
				<boolean name="SLLauncher" value="false"/>
				<string name="SMU_File" value="1x140mmGun_casemate_turret_IJN_Stvol"/>
				<integer name="StartSpeed" value="855"/>
				<integer name="Unreliability" value="0"/>
				<string name="Usage" value="Ships"/>
				<float name="Weight" value="5.7"/>
			</object>
		</object>
		<object name="Turrets">
			<object name="1x140mmGun_casemate_turret_IJN">
				<integer name="Amount" value="1"/>
				<integer name="ArmorFront" value="50"/>
				<integer name="ArmorSide" value="25"/>
				<integer name="ArmorTop" value="25"/>
				<string name="Content" value="Rifles.1x140mmGun_casemate_turret_IJN_Stvol"/>
				<integer name="Country" value="2"/>
				<integer name="Elevation" value="35"/>
				<integer name="ElevationRate" value="8"/>
				<boolean name="IgnoreXMLFile" value="false"/>
				<float name="Iron" value="19."/>
				<float name="Money" value="20."/>
				<boolean name="New" value="true"/>
				<boolean name="Production" value="false"/>
				<integer name="RotationRate" value="8"/>
				<string name="SMU_File" value="1x140mmGun_casemate_turret_IJN"/>
				<string name="Type" value="Gun"/>
				<float name="Vitality" value="500."/>
				<float name="Weight" value="20."/>
			</object>
		</object>
	</object>
</root>
