﻿<?xml version="1.0" standalone="yes" ?>
<root>
	<object name="SteelMonstersParams">
		<object name="Hit_Location">
			<object name="Sey3402">
				<string name="ConnectName" value="Tiller"/>
				<integer name="Country" value="5"/>
				<float name="ER" value="150."/>
				<string name="Hull" value="Std_Rudder"/>
				<string name="Name" value="Rudder"/>
				<string name="TypHL" value="Rudder"/>
				<string name="UnitName" value="Seydlitz"/>
			</object>
			<object name="Sey3403">
				<string name="ConnectName" value="REngine"/>
				<integer name="Country" value="5"/>
				<float name="ER" value="100."/>
				<string name="Hull" value="Std_Mover"/>
				<string name="Name" value="Mover2"/>
				<string name="TypHL" value="Mover"/>
				<string name="UnitName" value="Seydlitz"/>
			</object>
			<object name="Sey3404">
				<string name="ConnectName" value="LEngine"/>
				<integer name="Country" value="5"/>
				<float name="ER" value="100."/>
				<string name="Hull" value="Std_Mover"/>
				<string name="Name" value="Mover1"/>
				<string name="TypHL" value="Mover"/>
				<string name="UnitName" value="Seydlitz"/>
			</object>
			<object name="Sey3405">
				<integer name="Country" value="5"/>
				<float name="ER" value="200."/>
				<string name="Hull" value="Std_UpperHull"/>
				<string name="Name" value="Bow1_FlightDeck"/>
				<string name="TypHL" value="Hull"/>
				<string name="UnitName" value="Seydlitz"/>
			</object>
			<object name="Sey3406">
				<integer name="Country" value="5"/>
				<float name="ER" value="200."/>
				<string name="Hull" value="Std_UpperHull"/>
				<string name="Name" value="Middle1_FlightDeck"/>
				<string name="TypHL" value="Hull"/>
				<string name="UnitName" value="Seydlitz"/>
			</object>
			<object name="Sey3407">
				<integer name="Country" value="5"/>
				<float name="ER" value="200."/>
				<string name="Hull" value="Std_UpperHull"/>
				<string name="Name" value="Middle2_FlightDeck"/>
				<string name="TypHL" value="Hull"/>
				<string name="UnitName" value="Seydlitz"/>
			</object>
			<object name="Sey3408">
				<integer name="Country" value="5"/>
				<float name="ER" value="200."/>
				<string name="Hull" value="Std_UpperHull"/>
				<string name="Name" value="Middle3_FlightDeck"/>
				<string name="TypHL" value="Hull"/>
				<string name="UnitName" value="Seydlitz"/>
			</object>
			<object name="Sey3409">
				<integer name="Country" value="5"/>
				<float name="ER" value="200."/>
				<string name="Hull" value="Std_UpperHull"/>
				<string name="Name" value="Stern_FlightDeck"/>
				<string name="TypHL" value="Hull"/>
				<string name="UnitName" value="Seydlitz"/>
			</object>
			<object name="Sey3410">
				<integer name="Country" value="5"/>
				<float name="ER" value="200."/>
				<string name="Hull" value="Std_Hull"/>
				<string name="Name" value="BattleCabine"/>
				<string name="TypHL" value="Hull"/>
				<string name="UnitName" value="Seydlitz"/>
			</object>
			<object name="Sey3411">
				<integer name="Country" value="5"/>
				<float name="ER" value="100."/>
				<string name="Hull" value="Std_Probe"/>
				<string name="Name" value="Radar"/>
				<string name="TypHL" value="Probe"/>
				<string name="UnitName" value="Seydlitz"/>
			</object>
			<object name="Sey3412">
				<integer name="Country" value="5"/>
				<float name="ER" value="100."/>
				<string name="Hull" value="Std_Probe"/>
				<string name="Name" value="OperationControl"/>
				<string name="TypHL" value="Hull"/>
				<string name="UnitName" value="Seydlitz"/>
			</object>
			<object name="Sey3413">
				<integer name="Country" value="5"/>
				<float name="ER" value="100."/>
				<string name="Hull" value="Std_Probe"/>
				<string name="Name" value="Radio"/>
				<string name="TypHL" value="Probe"/>
				<string name="UnitName" value="Seydlitz"/>
			</object>
			<object name="Sey3414">
				<integer name="Country" value="5"/>
				<float name="ER" value="100."/>
				<string name="Hull" value="Std_Probe"/>
				<string name="Name" value="Probe_AA"/>
				<string name="TypHL" value="Probe"/>
				<string name="UnitName" value="Seydlitz"/>
			</object>
			<object name="Sey3416">
				<integer name="Country" value="5"/>
				<float name="ER" value="200."/>
				<string name="Hull" value="Std_Hull"/>
				<string name="Name" value="Bow_Elevator"/>
				<string name="TypHL" value="Hull"/>
				<string name="UnitName" value="Seydlitz"/>
			</object>
			<object name="Sey3417">
				<integer name="Country" value="5"/>
				<float name="ER" value="200."/>
				<string name="Hull" value="Std_Bottom"/>
				<string name="Name" value="Middle1_LBottom"/>
				<string name="TypHL" value="Hull"/>
				<string name="UnitName" value="Seydlitz"/>
			</object>
			<object name="Sey3418">
				<integer name="Country" value="5"/>
				<float name="ER" value="200."/>
				<string name="Hull" value="Std_Bottom"/>
				<string name="Name" value="Middle1_RBottom"/>
				<string name="TypHL" value="Hull"/>
				<string name="UnitName" value="Seydlitz"/>
			</object>
			<object name="Sey3419">
				<integer name="Country" value="5"/>
				<float name="ER" value="200."/>
				<string name="Hull" value="Std_Hull"/>
				<string name="Name" value="Middle1_LowerDeck"/>
				<string name="TypHL" value="Hull"/>
				<string name="UnitName" value="Seydlitz"/>
			</object>
			<object name="Sey3420">
				<integer name="Country" value="5"/>
				<integer name="Crew" value="860"/>
				<float name="ER" value="100."/>
				<string name="Hull" value="Std_Probe"/>
				<string name="Name" value="DamageControl"/>
				<string name="TypHL" value="Crew"/>
				<string name="UnitName" value="Seydlitz"/>
			</object>
			<object name="Sey3421">
				<integer name="Country" value="5"/>
				<float name="ER" value="200."/>
				<string name="Hull" value="Std_UpperHull"/>
				<string name="Name" value="Middle1_Hungur"/>
				<string name="TypHL" value="Hull"/>
				<string name="UnitName" value="Seydlitz"/>
			</object>
			<object name="Sey3422">
				<integer name="Country" value="5"/>
				<float name="ER" value="200."/>
				<string name="Hull" value="Std_Hull"/>
				<string name="Name" value="Middle1_MiddleDeck"/>
				<string name="TypHL" value="Hull"/>
				<string name="UnitName" value="Seydlitz"/>
			</object>
			<object name="Sey3423">
				<integer name="Country" value="5"/>
				<float name="ER" value="150."/>
				<string name="Hull" value="Std_AFuelTank"/>
				<string name="Name" value="AFuelTank"/>
				<float name="Param_1" value="250."/>
				<string name="TypHL" value="FuelTank"/>
				<string name="UnitName" value="Seydlitz"/>
			</object>
			<object name="Sey3425">
				<integer name="Country" value="5"/>
				<float name="ER" value="200."/>
				<string name="Hull" value="Std_Bottom"/>
				<string name="Name" value="Middle2_RBottom"/>
				<string name="TypHL" value="Hull"/>
				<string name="UnitName" value="Seydlitz"/>
			</object>
			<object name="Sey3426">
				<integer name="Country" value="5"/>
				<float name="ER" value="200."/>
				<string name="Hull" value="Std_Bottom"/>
				<string name="Name" value="Middle2_LBottom"/>
				<string name="TypHL" value="Hull"/>
				<string name="UnitName" value="Seydlitz"/>
			</object>
			<object name="Sey3427">
				<integer name="Country" value="5"/>
				<float name="ER" value="200."/>
				<string name="Hull" value="Std_BoilerHull"/>
				<string name="Name" value="Middle2_LBoilerCover"/>
				<string name="TypHL" value="Hull"/>
				<string name="UnitName" value="Seydlitz"/>
			</object>
			<object name="Sey3428">
				<integer name="Country" value="5"/>
				<float name="ER" value="100."/>
				<string name="Hull" value="Std_Boiler"/>
				<string name="Name" value="Boiler1"/>
				<string name="TypHL" value="Boiler"/>
				<string name="UnitName" value="Seydlitz"/>
			</object>
			<object name="Sey3429">
				<integer name="Country" value="5"/>
				<float name="ER" value="100."/>
				<string name="Hull" value="Std_Boiler"/>
				<string name="Name" value="Boiler3"/>
				<string name="TypHL" value="Boiler"/>
				<string name="UnitName" value="Seydlitz"/>
			</object>
			<object name="Sey3430">
				<integer name="Country" value="5"/>
				<float name="ER" value="200."/>
				<string name="Hull" value="Std_BoilerHull"/>
				<string name="Name" value="Middle2_RBoilerCover"/>
				<string name="TypHL" value="Hull"/>
				<string name="UnitName" value="Seydlitz"/>
			</object>
			<object name="Sey3431">
				<integer name="Country" value="5"/>
				<float name="ER" value="100."/>
				<string name="Hull" value="Std_Boiler"/>
				<string name="Name" value="Boiler2"/>
				<string name="TypHL" value="Boiler"/>
				<string name="UnitName" value="Seydlitz"/>
			</object>
			<object name="Sey3432">
				<integer name="Country" value="5"/>
				<float name="ER" value="100."/>
				<string name="Hull" value="Std_Boiler"/>
				<string name="Name" value="Boiler4"/>
				<string name="TypHL" value="Boiler"/>
				<string name="UnitName" value="Seydlitz"/>
			</object>
			<object name="Sey3433">
				<integer name="Country" value="5"/>
				<float name="ER" value="200."/>
				<string name="Hull" value="Std_UpperHull"/>
				<string name="Name" value="Middle2_Hungur"/>
				<string name="TypHL" value="Hull"/>
				<string name="UnitName" value="Seydlitz"/>
			</object>
			<object name="Sey3435">
				<integer name="Country" value="5"/>
				<float name="ER" value="200."/>
				<string name="Hull" value="Std_EngineHull"/>
				<string name="Name" value="Middle3_LEngineCover"/>
				<string name="TypHL" value="Hull"/>
				<string name="UnitName" value="Seydlitz"/>
			</object>
			<object name="Sey3436">
				<string name="ConnectName" value="Boiler1;Boiler3;"/>
				<integer name="Country" value="5"/>
				<float name="ER" value="120."/>
				<string name="Hull" value="Std_Hull"/>
				<string name="Name" value="LEngine"/>
				<string name="TypHL" value="Engine"/>
				<string name="UnitName" value="Seydlitz"/>
			</object>
			<object name="Sey3437">
				<integer name="Country" value="5"/>
				<float name="ER" value="200."/>
				<string name="Hull" value="Std_Bottom"/>
				<string name="Name" value="Middle3_LBottom"/>
				<string name="TypHL" value="Hull"/>
				<string name="UnitName" value="Seydlitz"/>
			</object>
			<object name="Sey3438">
				<integer name="Country" value="5"/>
				<float name="ER" value="200."/>
				<string name="Hull" value="Std_EngineHull"/>
				<string name="Name" value="Middle3_REngineCover"/>
				<string name="TypHL" value="Hull"/>
				<string name="UnitName" value="Seydlitz"/>
			</object>
			<object name="Sey3439">
				<string name="ConnectName" value="Boiler2;Boiler4;"/>
				<integer name="Country" value="5"/>
				<float name="ER" value="120."/>
				<string name="Hull" value="Std_Engine"/>
				<string name="Name" value="REngine"/>
				<string name="TypHL" value="Engine"/>
				<string name="UnitName" value="Seydlitz"/>
			</object>
			<object name="Sey3440">
				<integer name="Country" value="5"/>
				<float name="ER" value="200."/>
				<string name="Hull" value="Std_Bottom"/>
				<string name="Name" value="Middle3_RBottom"/>
				<string name="TypHL" value="Hull"/>
				<string name="UnitName" value="Seydlitz"/>
			</object>
			<object name="Sey3441">
				<integer name="Country" value="5"/>
				<float name="ER" value="200."/>
				<string name="Hull" value="Std_Hull"/>
				<string name="Name" value="Middle3_MiddleDeck"/>
				<string name="TypHL" value="Hull"/>
				<string name="UnitName" value="Seydlitz"/>
			</object>
			<object name="Sey3442">
				<integer name="Country" value="5"/>
				<float name="ER" value="150."/>
				<string name="Hull" value="Std_AS_T1"/>
				<string name="Name" value="Middle3_AmmoStore"/>
				<float name="Param_1" value="0."/>
				<string name="TypHL" value="AmmoStore"/>
				<string name="UnitName" value="Seydlitz"/>
			</object>
			<object name="Sey3443">
				<integer name="Country" value="5"/>
				<float name="ER" value="200."/>
				<string name="Hull" value="Std_UpperHull"/>
				<string name="Name" value="Middle3_HungurDeck"/>
				<string name="TypHL" value="Hull"/>
				<string name="UnitName" value="Seydlitz"/>
			</object>
			<object name="Sey3445">
				<integer name="Country" value="5"/>
				<float name="ER" value="200."/>
				<string name="Hull" value="Std_Hull"/>
				<string name="Name" value="Stern_Elevator"/>
				<string name="TypHL" value="Hull"/>
				<string name="UnitName" value="Seydlitz"/>
			</object>
			<object name="Sey3446">
				<integer name="Country" value="5"/>
				<float name="ER" value="200."/>
				<string name="Hull" value="Std_Bottom"/>
				<string name="Name" value="Stern1_Bottom"/>
				<string name="TypHL" value="Hull"/>
				<string name="UnitName" value="Seydlitz"/>
			</object>
			<object name="Sey3447">
				<integer name="Country" value="5"/>
				<float name="ER" value="200."/>
				<string name="Hull" value="Std_Hull"/>
				<string name="Name" value="Stern1_LowerDeck"/>
				<string name="TypHL" value="Hull"/>
				<string name="UnitName" value="Seydlitz"/>
			</object>
			<object name="Sey3448">
				<integer name="Country" value="5"/>
				<float name="ER" value="200."/>
				<string name="Hull" value="Std_Hull"/>
				<string name="Name" value="Stern1_MiddleDeck"/>
				<string name="TypHL" value="Hull"/>
				<string name="UnitName" value="Seydlitz"/>
			</object>
			<object name="Sey3449">
				<integer name="Country" value="5"/>
				<float name="ER" value="150."/>
				<string name="Hull" value="Std_AS_T1"/>
				<string name="Name" value="Stern1_AmmStore"/>
				<float name="Param_1" value="0."/>
				<string name="TypHL" value="AmmoStore"/>
				<string name="UnitName" value="Seydlitz"/>
			</object>
			<object name="Sey3450">
				<integer name="Country" value="5"/>
				<float name="ER" value="200."/>
				<string name="Hull" value="Std_UpperHull"/>
				<string name="Name" value="Stern1_Hungur"/>
				<string name="TypHL" value="Hull"/>
				<string name="UnitName" value="Seydlitz"/>
			</object>
			<object name="Sey3451">
				<integer name="Country" value="5"/>
				<float name="ER" value="200."/>
				<string name="Hull" value="Std_Bottom"/>
				<string name="Name" value="Bow1_Bottom"/>
				<string name="TypHL" value="Hull"/>
				<string name="UnitName" value="Seydlitz"/>
			</object>
			<object name="Sey3452">
				<integer name="Country" value="5"/>
				<float name="ER" value="200."/>
				<string name="Hull" value="Std_Hull"/>
				<string name="Name" value="Bow1_LowerDeck"/>
				<string name="TypHL" value="Hull"/>
				<string name="UnitName" value="Seydlitz"/>
			</object>
			<object name="Sey3453">
				<integer name="Country" value="5"/>
				<float name="ER" value="200."/>
				<string name="Hull" value="Std_UpperHull"/>
				<string name="Name" value="Stern2_Deck"/>
				<string name="TypHL" value="Hull"/>
				<string name="UnitName" value="Seydlitz"/>
			</object>
			<object name="Sey3454">
				<integer name="Country" value="5"/>
				<float name="ER" value="200."/>
				<string name="Hull" value="Std_Hull"/>
				<string name="Name" value="Tiller"/>
				<string name="TypHL" value="Hull"/>
				<string name="UnitName" value="Seydlitz"/>
			</object>
			<object name="Sey3455">
				<integer name="Country" value="5"/>
				<float name="ER" value="200."/>
				<string name="Hull" value="Std_Hull"/>
				<string name="Name" value="Bow1_MiddleDeck1"/>
				<string name="TypHL" value="Hull"/>
				<string name="UnitName" value="Seydlitz"/>
			</object>
			<object name="Sey3456">
				<integer name="Country" value="5"/>
				<float name="ER" value="200."/>
				<string name="Hull" value="Std_AS_T1"/>
				<string name="Name" value="AmmoStore"/>
				<float name="Param_1" value="0."/>
				<string name="TypHL" value="AmmoStore"/>
				<string name="UnitName" value="Seydlitz"/>
			</object>
			<object name="Sey3457">
				<integer name="Country" value="5"/>
				<float name="ER" value="200."/>
				<string name="Hull" value="Std_Hull"/>
				<string name="Name" value="Bow1_MiddleDeck2"/>
				<string name="TypHL" value="Hull"/>
				<string name="UnitName" value="Seydlitz"/>
			</object>
			<object name="Sey3458">
				<integer name="Country" value="5"/>
				<float name="ER" value="200."/>
				<string name="Hull" value="Std_UpperHull"/>
				<string name="Name" value="Bow1_UpperDeck"/>
				<string name="TypHL" value="Hull"/>
				<string name="UnitName" value="Seydlitz"/>
			</object>
		</object>
		<object name="Ships">
			<object name="Seydlitz">
				<float name="AccelRate" value="3.e-004"/>
				<string name="Airgroup" value="AircraftCarrier_Group_Seydlitz_germany"/>
				<integer name="AirplanesCount" value="18"/>
				<string name="AmmoLoadingTemplate" value="Ammo 100, torp_DE_F5b_M_I 12, torp_DE_F5b 12, torp_DE_F5b_A_SA 12, De_BV_246_Com_SR 12, De_BV_246_Com_ST 12, De_BV_246_Frag_SR 12, De_BV_246_Frag_ST 12, De_Fritz_X_AP_P 12, De_Fritz_X_AP_R 12, De_Fritz_X_HE_P 12, De_Fritz_X_HE_R 12, De_X4M_P 12, De_X4M_R 12, De_X4_P 12, De_X4_R 12, De_WGr21_GP 36"/>
				<integer name="Avia" value="2"/>
				<boolean name="BoatsTransportationAbility" value="false"/>
				<integer name="CabinArmor" value="25"/>
				<boolean name="CanBeChanged" value="true"/>
				<boolean name="CanUseTorpedos" value="false"/>
				<integer name="Country" value="5"/>
				<integer name="Crew" value="1150"/>
				<float name="CriticalCareen" value="37."/>
				<float name="CriticalDFT" value="2."/>
				<float name="CriticalDifferent" value="2.5"/>
				<float name="DisplacementMax" value="11200."/>
				<float name="DTimeProd" value="100."/>
				<float name="EPR" value="385."/>
				<float name="FireRisk" value="1500."/>
				<float name="Fuel" value="3050."/>
				<float name="HLShapeCoef" value="0.9"/>
				<integer name="HullArmorSide" value="76"/>
				<integer name="HullArmorTop" value="51"/>
				<float name="Iron" value="12000."/>
				<integer name="Length" value="205"/>
				<float name="MaxSpeed" value="33."/>
				<integer name="MinCrew" value="350"/>
				<float name="Money" value="6000."/>
				<string name="Name" value="Seydlitz"/>
				<boolean name="New" value="true"/>
				<float name="NTimeProd" value="225."/>
				<integer name="Nuc_Dest_Prob" value="800"/>
				<integer name="Passengers" value="80"/>
				<boolean name="PlanesTransportationAbility" value="true"/>
				<float name="Range" value="12038"/>
				<integer name="Rank" value="7"/>
				<string name="SMU" value="Seydlitz"/>
				<float name="Speed" value="20."/>
				<float name="StoreCapacity" value="450."/>
				<boolean name="Transportable" value="false"/>
				<float name="TurnRate" value="1.5e-003"/>
				<integer name="Type" value="25"/>
				<float name="Vitality" value="4000."/>
				<float name="VitalityAA" value="500."/>
				<float name="Weight" value="11200."/>
				<integer name="Width" value="25"/>
				<integer name="Year" value="40"/>
			</object>
		</object>
		<object name="ShipsNames">
			<object name="Seydlitz">
				<string name="1" value="Seydlitz"/>
			</object>
		</object>
		<object name="UnitsByType">
			<object name="25">
				<object name="Seydlitz">
					<string name="ChildTable" value="Ships"/>
				</object>
			</object>
		</object>
	</object>
</root>
