﻿<?xml version="1.0" standalone="yes" ?>
<root>
	<object name="Modifications">
		<object name="Ships">
			<object name="Seydlitz">
				<object name="Prototype">
					<string name="AAGunControl" value="Mark0_AA"/>
					<float name="AAVolleyWeight" value="7.26079988"/>
					<float name="Aluminium" value="0."/>
					<float name="AmmoWeight" value="130.199997"/>
					<float name="Armour" value="0."/>
					<float name="FuelConsumption" value="18.9220047"/>
					<float name="FuelProtect" value="0."/>
					<string name="FullModName" value="Ships.Seydlitz.Prototype"/>
					<float name="Iron" value="12009.7051"/>
					<boolean name="IsAvailable" value="true"/>
					<boolean name="IsJammer" value="false"/>
					<string name="MainGunControl" value="Mk_7_M"/>
					<float name="MaxFuel" value="3600."/>
					<float name="MaxSpeed" value="33."/>
					<float name="MinSpeed" value="0."/>
					<float name="Money" value="12860."/>
					<widestring name="Name" value="RgBsAHUAZwB6AGUAdQBnAHQAcgDkAGcAZQByACAAUwBlAHkAZABsAGkAdAB6AAA="/>
					<float name="RadarRange" value="100."/>
					<float name="RadioGain" value="32258.0645"/>
					<float name="RadioPowerHF" value="100."/>
					<float name="RadioPowerVHF" value="0."/>
					<float name="RadioSensitivityHF" value="3.10000009e-003"/>
					<float name="RadioSensitivityVHF" value="0."/>
					<object name="Slots">
						<object name="TPort_Sec1">
							<string name="Device" value="Bismark_FLAK1_105mm_SK_C33_Turret"/>
							<string name="Table" value="Turrets"/>
						</object>
						<object name="TPort_Sec2">
							<string name="Device" value="Bismark_FLAK1_105mm_SK_C33_Turret"/>
							<string name="Table" value="Turrets"/>
						</object>
						<object name="TPort_Sec3">
							<string name="Device" value="Bismark_FLAK1_105mm_SK_C33_Turret"/>
							<string name="Table" value="Turrets"/>
						</object>
						<object name="TPort_Sec4">
							<string name="Device" value="Bismark_FLAK1_105mm_SK_C33_Turret"/>
							<string name="Table" value="Turrets"/>
						</object>
						<object name="TPort_Sec5">
							<string name="Device" value="Bismark_FLAK1_105mm_SK_C33_Turret"/>
							<string name="Table" value="Turrets"/>
						</object>
						<object name="TPort_AA37mm01">
							<string name="Device" value="Bismark_FLAK3_37mm_SK_C30_Turret"/>
							<string name="Table" value="Turrets"/>
						</object>

						<object name="TPort_AA37mm02">
							<string name="Device" value="Bismark_FLAK3_37mm_SK_C30_Turret"/>
							<string name="Table" value="Turrets"/>
						</object>
						<object name="TPort_AA37mm03">
							<string name="Device" value="Bismark_FLAK3_37mm_SK_C30_Turret"/>
							<string name="Table" value="Turrets"/>
						</object>
						<object name="TPort_AA37mm04">
							<string name="Device" value="Bismark_FLAK3_37mm_SK_C30_Turret"/>
							<string name="Table" value="Turrets"/>
						</object>
						<object name="TPort_AA37mm05">
							<string name="Device" value="Bismark_FLAK3_37mm_SK_C30_Turret"/>
							<string name="Table" value="Turrets"/>
						</object>
						<object name="TPort_AAQ20mm01">
							<string name="Device" value="Bismark_FLAK4_20mm_MG_C38Quad_Turret"/>
							<string name="Table" value="Turrets"/>
						</object>
						<object name="TPort_AAQ20mm02">
							<string name="Device" value="Bismark_FLAK4_20mm_MG_C38Quad_Turret"/>
							<string name="Table" value="Turrets"/>
						</object>
						<object name="TPort_AAQ20mm03">
							<string name="Device" value="Bismark_FLAK4_20mm_MG_C38Quad_Turret"/>
							<string name="Table" value="Turrets"/>
						</object>
						<object name="TPort_AAQ20mm04">
							<string name="Device" value="Bismark_FLAK4_20mm_MG_C38Quad_Turret"/>
							<string name="Table" value="Turrets"/>
						</object>
						<object name="TPort_AAQ20mm05">
							<string name="Device" value="Bismark_FLAK4_20mm_MG_C38Quad_Turret"/>
							<string name="Table" value="Turrets"/>
						</object>
						<object name="TPort_ProjF1">
							<string name="Device" value="Bismark_Projector_Turret"/>
							<string name="Table" value="Turrets"/>
						</object>
						<object name="TPort_ProjF2">
							<string name="Device" value="Bismark_Projector_Turret"/>
							<string name="Table" value="Turrets"/>
						</object>
						<object name="TPort_ProjB">
							<string name="Device" value="Bismark_Projector_Small"/>
							<string name="Table" value="Turrets"/>
						</object>


						<object name="TPort_RF01">
							<string name="Device" value="Bismark_Rangefinder4mTypeSL_8V"/>
							<string name="Table" value="Turrets"/>
						</object>

						<object name="TPort_RF02">
							<string name="Device" value="Bismark_Rangefinder4mTypeSL_8V"/>
							<string name="Table" value="Turrets"/>
						</object>
						<object name="TPort_RF4m">
							<string name="Device" value="KClass_Rangefinder4m1V"/>
							<string name="Table" value="Turrets"/>
						</object>

						<object name="TPort_RADAR1">
							<string name="Device" value="Bismark_Radar_FuMO_23_1V"/>
							<string name="Table" value="Turrets"/>
						</object>
						<object name="TPort_RADAR2">
							<string name="Device" value="Narvik_Radar_FuMO21"/>
							<string name="Table" value="Turrets"/>
						</object>
						<object name="TPort_Airstrip">
							<string name="Device" value="Airstrip_Casablanca"/>
							<string name="Table" value="Airstrip"/>
						</object>

						<object name="TPort_VINT1">
							<string name="Device" value="Vint_Fletcher"/>
							<string name="Table" value="Turrets"/>
						</object>
						<object name="TPort_VINT2">
							<string name="Device" value="Vint_Fletcher"/>
							<string name="Table" value="Turrets"/>
						</object>
						<object name="TPort_VINT3">
							<string name="Device" value="Vint_Fletcher"/>
							<string name="Table" value="Turrets"/>
						</object>
						<object name="TPort_KRAN">
							<string name="Device" value="Seydlitz_Crane"/>
							<string name="Table" value="Turrets"/>
						</object>
						<object name="ZPort_AAGunContr1">
							<string name="Device" value="Mark0_AA"/>
							<string name="Table" value="AimSystems"/>
						</object>
						<object name="ZPort_Jammer_US_A1">
							<string name="Device" value=""/>
							<string name="Table" value="Probes"/>
						</object>
						<object name="ZPort_MainGunContr">
							<string name="Device" value="Mk_7_M"/>
							<string name="Table" value="AimSystems"/>
						</object>
						<object name="ZPort_Radio">
							<string name="Device" value="TBL7"/>
							<string name="Table" value="Probes"/>
						</object>
						<object name="ZPort_Sonar">
							<string name="Device" value=""/>
							<string name="Table" value="Probes"/>
						</object>
						<object name="ZPort_SteamTurbine_01">
							<string name="Device" value="MPP_Zeppelin"/>
							<string name="Table" value="Engins"/>
						</object>
					</object>
					<string name="Sonar" value=""/>
					<float name="Speed" value="20."/>
					<string name="SuperRifles" value=""/>
					<float name="VolleyWeight" value="2.52799988"/>
					<float name="Weight" value="13483.501"/>
				</object> 
				<object name="ai_43">
					<string name="AAGunControl" value="Mark1R_AA"/>
					<float name="AAVolleyWeight" value="7.26079988"/>
					<float name="Aluminium" value="0."/>
					<float name="AmmoWeight" value="130.199997"/>
					<float name="Armour" value="0."/>
					<float name="FuelConsumption" value="18.9220047"/>
					<float name="FuelProtect" value="0."/>
					<string name="FullModName" value="Ships.Seydlitz.ai_43"/>
					<float name="Iron" value="12009.5059"/>
					<boolean name="IsAvailable" value="false"/>
					<boolean name="IsJammer" value="false"/>
					<string name="MainGunControl" value="Mk_8R_M"/>
					<float name="MaxFuel" value="3600."/>
					<float name="MaxSpeed" value="33."/>
					<float name="MinSpeed" value="0."/>
					<float name="Money" value="13246."/>
					<widestring name="Name" value="RgBsAHUAZwB6AGUAdQBnAHQAcgDkAGcAZQByACAAUwBlAHkAZABsAGkAdAB6ACAAKABtAG8AZAAgADIAKQA="/>
					<float name="RadarRange" value="101.739784"/>
					<float name="RadioGain" value="10000."/>
					<float name="RadioPowerHF" value="0."/>
					<float name="RadioPowerVHF" value="50."/>
					<float name="RadioSensitivityHF" value="0."/>
					<float name="RadioSensitivityVHF" value="4.99999989e-003"/>
					<object name="Slots">
						<object name="TPort_Sec1">
							<string name="Device" value="Bismark_FLAK1_105mm_SK_C33_Turret"/>
							<string name="Table" value="Turrets"/>
						</object>
						<object name="TPort_Sec2">
							<string name="Device" value="Bismark_FLAK1_105mm_SK_C33_Turret"/>
							<string name="Table" value="Turrets"/>
						</object>
						<object name="TPort_Sec3">
							<string name="Device" value="Bismark_FLAK1_105mm_SK_C33_Turret"/>
							<string name="Table" value="Turrets"/>
						</object>
						<object name="TPort_Sec4">
							<string name="Device" value="Bismark_FLAK1_105mm_SK_C33_Turret"/>
							<string name="Table" value="Turrets"/>
						</object>
						<object name="TPort_Sec5">
							<string name="Device" value="Bismark_FLAK1_105mm_SK_C33_Turret"/>
							<string name="Table" value="Turrets"/>
						</object>
						<object name="TPort_AA37mm01">
							<string name="Device" value="Bismark_FLAK3_37mm_SK_C30_Turret"/>
							<string name="Table" value="Turrets"/>
						</object>

						<object name="TPort_AA37mm02">
							<string name="Device" value="Bismark_FLAK3_37mm_SK_C30_Turret"/>
							<string name="Table" value="Turrets"/>
						</object>
						<object name="TPort_AA37mm03">
							<string name="Device" value="Bismark_FLAK3_37mm_SK_C30_Turret"/>
							<string name="Table" value="Turrets"/>
						</object>
						<object name="TPort_AA37mm04">
							<string name="Device" value="Bismark_FLAK3_37mm_SK_C30_Turret"/>
							<string name="Table" value="Turrets"/>
						</object>
						<object name="TPort_AA37mm05">
							<string name="Device" value="Bismark_FLAK3_37mm_SK_C30_Turret"/>
							<string name="Table" value="Turrets"/>
						</object>
						<object name="TPort_AAQ20mm01">
							<string name="Device" value="Bismark_FLAK4_20mm_MG_C38Quad_Turret"/>
							<string name="Table" value="Turrets"/>
						</object>
						<object name="TPort_AAQ20mm02">
							<string name="Device" value="Bismark_FLAK4_20mm_MG_C38Quad_Turret"/>
							<string name="Table" value="Turrets"/>
						</object>
						<object name="TPort_AAQ20mm03">
							<string name="Device" value="Bismark_FLAK4_20mm_MG_C38Quad_Turret"/>
							<string name="Table" value="Turrets"/>
						</object>
						<object name="TPort_AAQ20mm04">
							<string name="Device" value="Bismark_FLAK4_20mm_MG_C38Quad_Turret"/>
							<string name="Table" value="Turrets"/>
						</object>
						<object name="TPort_AAQ20mm05">
							<string name="Device" value="Bismark_FLAK4_20mm_MG_C38Quad_Turret"/>
							<string name="Table" value="Turrets"/>
						</object>
						<object name="TPort_ProjF1">
							<string name="Device" value="Bismark_Projector_Turret"/>
							<string name="Table" value="Turrets"/>
						</object>
						<object name="TPort_ProjF2">
							<string name="Device" value="Bismark_Projector_Turret"/>
							<string name="Table" value="Turrets"/>
						</object>
						<object name="TPort_ProjB">
							<string name="Device" value="Bismark_Projector_Small"/>
							<string name="Table" value="Turrets"/>
						</object>


						<object name="TPort_RF01">
							<string name="Device" value="Radar_FuMOFX"/>
							<string name="Table" value="Turrets"/>
						</object>

						<object name="TPort_RF02">
							<string name="Device" value="Radar_FuMOFX"/>
							<string name="Table" value="Turrets"/>
						</object>
						<object name="TPort_RF4m">
							<string name="Device" value="KClass_Rangefinder4m1V"/>
							<string name="Table" value="Turrets"/>
						</object>

						<object name="TPort_RADAR1">
							<string name="Device" value="Radar_FuMO213"/>
							<string name="Table" value="Turrets"/>
						</object>
						<object name="TPort_RADAR2">
							<string name="Device" value="Narvik_Radar_FuMO21"/>
							<string name="Table" value="Turrets"/>
						</object>
						<object name="TPort_Airstrip">
							<string name="Device" value="Airstrip_Casablanca"/>
							<string name="Table" value="Airstrip"/>
						</object>

						<object name="TPort_VINT1">
							<string name="Device" value="Vint_Fletcher"/>
							<string name="Table" value="Turrets"/>
						</object>
						<object name="TPort_VINT2">
							<string name="Device" value="Vint_Fletcher"/>
							<string name="Table" value="Turrets"/>
						</object>
						<object name="TPort_VINT3">
							<string name="Device" value="Vint_Fletcher"/>
							<string name="Table" value="Turrets"/>
						</object>
						<object name="TPort_KRAN">
							<string name="Device" value="Seydlitz_Crane"/>
							<string name="Table" value="Turrets"/>
						</object>
						<object name="ZPort_AAGunContr1">
							<string name="Device" value="Mark1R_AA"/>
							<string name="Table" value="AimSystems"/>
						</object>
						<object name="ZPort_Jammer_US_A1">
							<string name="Device" value=""/>
							<string name="Table" value="Probes"/>
						</object>
						<object name="ZPort_MainGunContr">
							<string name="Device" value="Mk_8R_M"/>
							<string name="Table" value="AimSystems"/>
						</object>
						<object name="ZPort_Radio">
							<string name="Device" value="TBS"/>
							<string name="Table" value="Probes"/>
						</object>
						<object name="ZPort_Sonar">
							<string name="Device" value="SearchLight_U"/>
							<string name="Table" value="Probes"/>
						</object>
						<object name="ZPort_SteamTurbine_01">
							<string name="Device" value="MPP_Zeppelin"/>
							<string name="Table" value="Engins"/>
						</object>
					</object>
					<string name="Sonar" value="SearchLight_U"/>
					<float name="Speed" value="20."/>
					<string name="SuperRifles" value=""/>
					<float name="VolleyWeight" value="2.52799988"/>
					<float name="Weight" value="13491.2012"/>
				</object>	   
				<object name="ai_45">
					<string name="AAGunControl" value="Mark12R_AA"/>
					<float name="AAVolleyWeight" value="15.8023996"/>
					<float name="Aluminium" value="0."/>
					<float name="AmmoWeight" value="116."/>
					<float name="Armour" value="0."/>
					<float name="FuelConsumption" value="18.9220047"/>
					<float name="FuelProtect" value="0."/>
					<string name="FullModName" value="Ships.Seydlitz.ai_45"/>
					<float name="Iron" value="12165.9268"/>
					<boolean name="IsAvailable" value="false"/>
					<boolean name="IsJammer" value="true"/>
					<string name="MainGunControl" value="Mk_8R_M"/>
					<float name="MaxFuel" value="3600."/>
					<float name="MaxSpeed" value="33."/>
					<float name="MinSpeed" value="0."/>
					<float name="Money" value="13518.5"/>
					<widestring name="Name" value="RgBsAHUAZwB6AGUAdQBnAHQAcgDkAGcAZQByACAAUwBlAHkAZABsAGkAdAB6ACAAKABtAG8AZAAgADMAKQA="/>
					<float name="RadarRange" value="101.739784"/>
					<float name="RadioGain" value="10000."/>
					<float name="RadioPowerHF" value="0."/>
					<float name="RadioPowerVHF" value="50."/>
					<float name="RadioSensitivityHF" value="0."/>
					<float name="RadioSensitivityVHF" value="4.99999989e-003"/>
					<object name="Slots">
						<object name="TPort_Sec1">
							<string name="Device" value="Turret_127_KM40"/>
							<string name="Table" value="Turrets"/>
						</object>
						<object name="TPort_Sec2">
							<string name="Device" value="Turret_127_KM40"/>
							<string name="Table" value="Turrets"/>
						</object>
						<object name="TPort_Sec3">
							<string name="Device" value="Turret_127_KM40"/>
							<string name="Table" value="Turrets"/>
						</object>
						<object name="TPort_Sec4">
							<string name="Device" value="Turret_127_KM40"/>
							<string name="Table" value="Turrets"/>
						</object>
						<object name="TPort_Sec5">
							<string name="Device" value="Turret_127_KM40"/>
							<string name="Table" value="Turrets"/>
						</object>
						<object name="TPort_AA37mm01">
							<string name="Device" value="G_Bofors_20x8_Turret"/>
							<string name="Table" value="Turrets"/>
						</object>

						<object name="TPort_AA37mm02">
							<string name="Device" value="G_Bofors_20x8_Turret"/>
							<string name="Table" value="Turrets"/>
						</object>
						<object name="TPort_AA37mm03">
							<string name="Device" value="G_Bofors_20x8_Turret"/>
							<string name="Table" value="Turrets"/>
						</object>
						<object name="TPort_AA37mm04">
							<string name="Device" value="G_Bofors_20x8_Turret"/>
							<string name="Table" value="Turrets"/>
						</object>
						<object name="TPort_AA37mm05">
							<string name="Device" value="G_Bofors_20x8_Turret"/>
							<string name="Table" value="Turrets"/>
						</object>
						<object name="TPort_AAQ20mm01">
							<string name="Device" value="Bismark_FLAK4_20mm_MG_C38Quad_Turret"/>
							<string name="Table" value="Turrets"/>
						</object>
						<object name="TPort_AAQ20mm02">
							<string name="Device" value="Bismark_FLAK4_20mm_MG_C38Quad_Turret"/>
							<string name="Table" value="Turrets"/>
						</object>
						<object name="TPort_AAQ20mm03">
							<string name="Device" value="Bismark_FLAK4_20mm_MG_C38Quad_Turret"/>
							<string name="Table" value="Turrets"/>
						</object>
						<object name="TPort_AAQ20mm04">
							<string name="Device" value="Bismark_FLAK4_20mm_MG_C38Quad_Turret"/>
							<string name="Table" value="Turrets"/>
						</object>
						<object name="TPort_AAQ20mm05">
							<string name="Device" value="Bismark_FLAK4_20mm_MG_C38Quad_Turret"/>
							<string name="Table" value="Turrets"/>
						</object>
						<object name="TPort_ProjF1">
							<string name="Device" value="Bismark_Projector_Turret"/>
							<string name="Table" value="Turrets"/>
						</object>
						<object name="TPort_ProjF2">
							<string name="Device" value="Bismark_Projector_Turret"/>
							<string name="Table" value="Turrets"/>
						</object>
						<object name="TPort_ProjB">
							<string name="Device" value="Bismark_Projector_Small"/>
							<string name="Table" value="Turrets"/>
						</object>


						<object name="TPort_RF01">
							<string name="Device" value="Radar_FuMOFX"/>
							<string name="Table" value="Turrets"/>
						</object>

						<object name="TPort_RF02">
							<string name="Device" value="Radar_FuMOFX"/>
							<string name="Table" value="Turrets"/>
						</object>
						<object name="TPort_RF4m">
							<string name="Device" value="KClass_Rangefinder4m1V"/>
							<string name="Table" value="Turrets"/>
						</object>

						<object name="TPort_RADAR1">
							<string name="Device" value="Radar_FuMO213"/>
							<string name="Table" value="Turrets"/>
						</object>
						<object name="TPort_RADAR2">
							<string name="Device" value="Narvik_Radar_FuMO21"/>
							<string name="Table" value="Turrets"/>
						</object>
						<object name="TPort_Airstrip">
							<string name="Device" value="Airstrip_Casablanca"/>
							<string name="Table" value="Airstrip"/>
						</object>

						<object name="TPort_VINT1">
							<string name="Device" value="Vint_Fletcher"/>
							<string name="Table" value="Turrets"/>
						</object>
						<object name="TPort_VINT2">
							<string name="Device" value="Vint_Fletcher"/>
							<string name="Table" value="Turrets"/>
						</object>
						<object name="TPort_VINT3">
							<string name="Device" value="Vint_Fletcher"/>
							<string name="Table" value="Turrets"/>
						</object>
						<object name="TPort_KRAN">
							<string name="Device" value="Seydlitz_Crane"/>
							<string name="Table" value="Turrets"/>
						</object>
						<object name="ZPort_AAGunContr1">
							<string name="Device" value="Mark12R_AA"/>
							<string name="Table" value="AimSystems"/>
						</object>
						<object name="ZPort_Jammer_US_A1">
							<string name="Device" value="Jammer_US_A"/>
							<string name="Table" value="Probes"/>
						</object>
						<object name="ZPort_MainGunContr">
							<string name="Device" value="Mk_8R_M"/>
							<string name="Table" value="AimSystems"/>
						</object>
						<object name="ZPort_Radio">
							<string name="Device" value="TBS"/>
							<string name="Table" value="Probes"/>
						</object>
						<object name="ZPort_Sonar">
							<string name="Device" value="SearchLight_U"/>
							<string name="Table" value="Probes"/>
						</object>
						<object name="ZPort_SteamTurbine_01">
							<string name="Device" value="MPP_Zeppelin"/>
							<string name="Table" value="Engins"/>
						</object>
					</object>
					<string name="Sonar" value="SearchLight_U"/>
					<float name="Speed" value="20."/>
					<string name="SuperRifles" value=""/>
					<float name="VolleyWeight" value="5.03999996"/>
					<float name="Weight" value="13508.7764"/>
				</object>
			</object>
		</object>
	</object>
</root>