﻿<?xml version="1.0" standalone="yes" ?>
<root>
	<object name="Prototypes">
		<object name="Ships">
			<object name="Seydlitz">
				<object name="Slots">
					<object name="TPort_AAQ20mm01">
						<object name="SubSlots">
							<object name="TPort_AAQ20mm02">
								<integer name="icon_x" value="420"/>
								<integer name="icon_y" value="191"/>
							</object>
							<object name="TPort_AAQ20mm03">
								<integer name="icon_x" value="420"/>
								<integer name="icon_y" value="191"/>
							</object>
							<object name="TPort_AAQ20mm04">
								<integer name="icon_x" value="420"/>
								<integer name="icon_y" value="191"/>
							</object>
							<object name="TPort_AAQ20mm05">
								<integer name="icon_x" value="420"/>
								<integer name="icon_y" value="191"/>
							</object>
						</object>
						<integer name="icon_x" value="22"/>
						<integer name="icon_y" value="91"/>
					</object>
					<object name="TPort_Sec1">
						<object name="SubSlots">
							<object name="TPort_Sec2">
								<integer name="icon_x" value="539"/>
								<integer name="icon_y" value="16"/>
							</object>
							<object name="TPort_Sec3">
								<integer name="icon_x" value="3"/>
								<integer name="icon_y" value="126"/>
							</object>
							<object name="TPort_Sec4">
								<integer name="icon_x" value="20"/>
								<integer name="icon_y" value="126"/>
							</object>
							<object name="TPort_Sec5">
								<integer name="icon_x" value="20"/>
								<integer name="icon_y" value="126"/>
							</object>
						</object>
						<integer name="icon_x" value="161"/>
						<integer name="icon_y" value="91"/>
					</object>
					<object name="TPort_AA37mm01">
						<object name="SubSlots">
							<object name="TPort_AA37mm02">
								<integer name="icon_x" value="58"/>
								<integer name="icon_y" value="190"/>
							</object>
							<object name="TPort_AA37mm03">
								<integer name="icon_x" value="85"/>
								<integer name="icon_y" value="3"/>
							</object>
							<object name="TPort_AA37mm04">
								<integer name="icon_x" value="126"/>
								<integer name="icon_y" value="3"/>
							</object>
							<object name="TPort_AA37mm05">
								<integer name="icon_x" value="88"/>
								<integer name="icon_y" value="190"/>
							</object>
						</object>
						<integer name="icon_x" value="395"/>
						<integer name="icon_y" value="91"/>
					</object>

					<object name="TPort_RF01">
						<object name="SubSlots">
							<object name="TPort_RF02">
								<integer name="icon_x" value="333"/>
								<integer name="icon_y" value="126"/>
							</object>
						</object>
						<integer name="icon_x" value="190"/>
						<integer name="icon_y" value="185"/>
					</object>
					<object name="TPort_RF4m">
						<integer name="icon_x" value="250"/>
						<integer name="icon_y" value="185"/>
					</object>
					<object name="TPort_RADAR1">
						<integer name="icon_x" value="180"/>
						<integer name="icon_y" value="260"/>
					</object>
					<object name="TPort_RADAR2">
						<integer name="icon_x" value="400"/>
						<integer name="icon_y" value="262"/>
					</object>
					<object name="TPort_KRAN">
						<integer name="icon_x" value="512"/>
						<integer name="icon_y" value="258"/>
					</object>
					<object name="ZPort_AAGunContr1">
						<integer name="icon_x" value="150"/>
						<integer name="icon_y" value="220"/>
					</object>
					<object name="ZPort_Bridge">
						<integer name="icon_x" value="44"/>
						<integer name="icon_y" value="3"/>
					</object>
					<object name="ZPort_FuelTank">
						<integer name="icon_x" value="85"/>
						<integer name="icon_y" value="3"/>
					</object>
					<object name="ZPort_Jammer_JS_A">
						<integer name="icon_x" value="126"/>
						<integer name="icon_y" value="275"/>
					</object>
					<object name="ZPort_Jammer_US_A1">
						<integer name="icon_x" value="554"/>
						<integer name="icon_y" value="277"/>
					</object>
					<object name="ZPort_MainGunContr">
						<integer name="icon_x" value="14"/>
						<integer name="icon_y" value="275"/>
					</object>
					<object name="ZPort_Radio">
						<integer name="icon_x" value="130"/>
						<integer name="icon_y" value="275"/>
					</object>
					<object name="ZPort_Rudder">
						<integer name="icon_x" value="290"/>
						<integer name="icon_y" value="3"/>
					</object>
					<object name="ZPort_Sonar">
						<integer name="icon_x" value="555"/>
						<integer name="icon_y" value="340"/>
					</object>
					<object name="ZPort_Sonar1">
						<integer name="icon_x" value="500"/>
						<integer name="icon_y" value="340"/>
					</object>
					<object name="ZPort_SteamTurbine_01">
						<integer name="icon_x" value="279"/>
						<integer name="icon_y" value="348"/>
					</object>
				</object>
			</object>
		</object>
	</object>
</root>