﻿<?xml version="1.0" standalone="yes" ?>
<root>
	<object name="SteelMonstersParams">
		<object name="Ships">
			<object name="Richelieu">
				<float name="AccelRate" value="1.e-004"/>
				<string name="Airgroup" value=""/>
				<integer name="AirplanesCount" value="0"/>
				<string name="AmmoLoadingTemplate" value="Ammo 900"/>
				<boolean name="BoatsTransportationAbility" value="false"/>
				<integer name="CabinArmor" value="533"/>
				<boolean name="CanBeChanged" value="true"/>
				<boolean name="CanUseTorpedos" value="false"/>
				<string name="CatapultAirgroupDefaultUnit" value=""/>
				<integer name="Country" value="4"/>
				<integer name="Crew" value="1620"/>
				<float name="CriticalCareen" value="37."/>
				<float name="CriticalDFT" value="4.5"/>
				<float name="CriticalDifferent" value="5."/>
				<float name="DTimeProd" value="160."/>
				<float name="DisplacementMax" value="47550."/>
				<float name="EPR" value="630."/>
				<float name="FireRisk" value="1667."/>
				<float name="Fuel" value="7700."/>
				<float name="HLShapeCoef" value="0.55"/>
				<integer name="HullArmorSide" value="310"/>
				<integer name="HullArmorTop" value="265"/>
				<float name="Iron" value="58300."/>
				<integer name="Length" value="248"/>
				<float name="MaxSpeed" value="32."/>
				<integer name="MinCrew" value="950"/>
				<float name="Money" value="42000."/>
				<float name="NTimeProd" value="400."/>
				<string name="Name" value="Richelieu"/>
				<boolean name="New" value="true"/>
				<integer name="Nuc_Dest_Prob" value="300"/>
				<integer name="Passengers" value="70"/>
				<boolean name="PlanesTransportationAbility" value="false"/>
				<float name="Range" value="15740."/>
				<integer name="Rank" value="2"/>
				<string name="SMU" value="Richelieu"/>
				<float name="Speed" value="18."/>
				<float name="StoreCapacity" value="3600."/>
				<boolean name="Transportable" value="false"/>
				<float name="TurnRate" value="1.4e-003"/>
				<integer name="Type" value="1"/>
				<float name="Vitality" value="8400."/>
				<float name="VitalityAA" value="3500."/>
				<float name="Weight" value="38500."/>
				<integer name="Width" value="33"/>
				<integer name="Year" value="39"/>
			</object>
		</object>
		<object name="Engins">
			<object name="MPP_Richelieu">
				<float name="Consumption" value="6.5e-004"/>
				<integer name="Country" value="4"/>
				<float name="Money" value="22000."/>
				<integer name="Power_Max" value="150000"/>
				<integer name="RPM_Max" value="0"/>
				<integer name="Type" value="8"/>
				<integer name="Unreliability" value="10"/>
				<string name="Usage" value="Ships"/>
				<float name="Weight" value="3000."/>
			</object>
		</object>
		<object name="Hit_Location">
			<object name="Rich4297">
				<integer name="Country" value="4"/>
				<float name="ER" value="500."/>
				<string name="Hull" value="Richelieu_ABLowerDeck"/>
				<string name="Name" value="Bow2_LowerDeck"/>
				<string name="TypHL" value="Hull"/>
				<string name="UnitName" value="Richelieu"/>
			</object>
			<object name="Rich4298">
				<integer name="Country" value="4"/>
				<float name="ER" value="500."/>
				<string name="Hull" value="Richelieu_AmmoStore"/>
				<string name="Name" value="Bow_AmmoStore1"/>
				<string name="TypHL" value="AmmoStore"/>
				<string name="UnitName" value="Richelieu"/>
			</object>
			<object name="Rich4299">
				<integer name="Country" value="4"/>
				<float name="ER" value="500."/>
				<string name="Hull" value="Richelieu_AmmoStore"/>
				<string name="Name" value="Bow_AmmoStore2"/>
				<string name="TypHL" value="AmmoStore"/>
				<string name="UnitName" value="Richelieu"/>
			</object>
			<object name="Rich4300">
				<integer name="Country" value="4"/>
				<float name="ER" value="250."/>
				<string name="Hull" value="Richelieu_ArmorDeck"/>
				<string name="Name" value="Bow2_ArmorDeck"/>
				<string name="TypHL" value="Hull"/>
				<string name="UnitName" value="Richelieu"/>
			</object>
			<object name="Rich43001t">
				<integer name="Country" value="4"/>
				<float name="ER" value="250."/>
				<string name="Hull" value="Richelieu_ArmorDeck"/>
				<string name="Name" value="Bow2_LArmorDeck"/>
				<string name="TypHL" value="Hull"/>
				<string name="UnitName" value="Richelieu"/>
			</object>
			<object name="Rich43002t">
				<integer name="Country" value="4"/>
				<float name="ER" value="250."/>
				<string name="Hull" value="Richelieu_ArmorDeck"/>
				<string name="Name" value="Bow2_RArmorDeck"/>
				<string name="TypHL" value="Hull"/>
				<string name="UnitName" value="Richelieu"/>
			</object>
			<object name="Rich4301">
				<integer name="Country" value="4"/>
				<float name="ER" value="500."/>
				<string name="Hull" value="Richelieu_ABMiddleDeck"/>
				<string name="Name" value="Bow2_MiddleDeck"/>
				<string name="TypHL" value="Hull"/>
				<string name="UnitName" value="Richelieu"/>
			</object>
			<object name="Rich4302">
				<integer name="Country" value="4"/>
				<float name="ER" value="500."/>
				<string name="Hull" value="Richelieu_ABUpperDeck"/>
				<string name="Name" value="Bow2_UpperDeck"/>
				<string name="TypHL" value="Hull"/>
				<string name="UnitName" value="Richelieu"/>
			</object>
			<object name="Rich4303">
				<integer name="Country" value="4"/>
				<float name="ER" value="900."/>
				<string name="Hull" value="Richelieu_Bottom"/>
				<string name="Name" value="Bow2_RBottom"/>
				<string name="TypHL" value="Hull"/>
				<string name="UnitName" value="Richelieu"/>
			</object>
			<object name="Rich4304">
				<integer name="Country" value="4"/>
				<float name="ER" value="800."/>
				<string name="Hull" value="Richelieu_RAMP"/>
				<string name="Name" value="Bow2_RAMP"/>
				<string name="TypHL" value="Hull"/>
				<string name="UnitName" value="Richelieu"/>
			</object>
			<object name="Rich4305">
				<integer name="Country" value="4"/>
				<float name="ER" value="900."/>
				<string name="Hull" value="Richelieu_ABRLBelt"/>
				<string name="Name" value="Bow2_RLowerBelt"/>
				<string name="TypHL" value="Hull"/>
				<string name="UnitName" value="Richelieu"/>
			</object>
			<object name="Rich4306">
				<integer name="Country" value="4"/>
				<float name="ER" value="900."/>
				<string name="Hull" value="Richelieu_ABRMBelt"/>
				<string name="Name" value="Bow2_RMiddleBelt"/>
				<string name="TypHL" value="Hull"/>
				<string name="UnitName" value="Richelieu"/>
			</object>
			<object name="Rich4307">
				<integer name="Country" value="4"/>
				<float name="ER" value="900."/>
				<string name="Hull" value="Richelieu_ABRHBelt"/>
				<string name="Name" value="Bow2_RUpperBelt"/>
				<string name="TypHL" value="Hull"/>
				<string name="UnitName" value="Richelieu"/>
			</object>
			<object name="Rich4308">
				<integer name="Country" value="4"/>
				<float name="ER" value="900."/>
				<string name="Hull" value="Richelieu_Bottom"/>
				<string name="Name" value="Bow2_LBottom"/>
				<string name="TypHL" value="Hull"/>
				<string name="UnitName" value="Richelieu"/>
			</object>
			<object name="Rich4309">
				<integer name="Country" value="4"/>
				<float name="ER" value="800."/>
				<string name="Hull" value="Richelieu_LAMP"/>
				<string name="Name" value="Bow2_LAMP"/>
				<string name="TypHL" value="Hull"/>
				<string name="UnitName" value="Richelieu"/>
			</object>
			<object name="Rich43091t">
				<integer name="Country" value="4"/>
				<float name="ER" value="500."/>
				<string name="Hull" value="Richelieu_TurtleDeck"/>
				<string name="Name" value="Bow2_LTurtleDeck"/>
				<string name="TypHL" value="Hull"/>
				<string name="UnitName" value="Richelieu"/>
			</object>
			<object name="Rich43092t">
				<integer name="Country" value="4"/>
				<float name="ER" value="500."/>
				<string name="Hull" value="Richelieu_TurtleDeck"/>
				<string name="Name" value="Bow2_RTurtleDeck"/>
				<string name="TypHL" value="Hull"/>
				<string name="UnitName" value="Richelieu"/>
			</object>
			<object name="Rich4310">
				<integer name="Country" value="4"/>
				<float name="ER" value="900."/>
				<string name="Hull" value="Richelieu_ABLLBelt"/>
				<string name="Name" value="Bow2_LLowerBelt"/>
				<string name="TypHL" value="Hull"/>
				<string name="UnitName" value="Richelieu"/>
			</object>
			<object name="Rich4311">
				<integer name="Country" value="4"/>
				<float name="ER" value="900."/>
				<string name="Hull" value="Richelieu_ABLMBelt"/>
				<string name="Name" value="Bow2_LMiddleBelt"/>
				<string name="TypHL" value="Hull"/>
				<string name="UnitName" value="Richelieu"/>
			</object>
			<object name="Rich4312">
				<integer name="Country" value="4"/>
				<float name="ER" value="900."/>
				<string name="Hull" value="Richelieu_ABLHBelt"/>
				<string name="Name" value="Bow2_LUpperBelt"/>
				<string name="TypHL" value="Hull"/>
				<string name="UnitName" value="Richelieu"/>
			</object>
			<object name="Rich4313">
				<integer name="Country" value="4"/>
				<float name="ER" value="800."/>
				<string name="Hull" value="Richelieu_Barbet"/>
				<string name="Name" value="Barbet1"/>
				<string name="TypHL" value="Hull"/>
				<string name="UnitName" value="Richelieu"/>
			</object>
			<object name="Rich4315">
				<integer name="Country" value="4"/>
				<float name="ER" value="800."/>
				<string name="Hull" value="Richelieu_Barbet"/>
				<string name="Name" value="Barbet2"/>
				<string name="TypHL" value="Hull"/>
				<string name="UnitName" value="Richelieu"/>
			</object>
			<object name="Rich4317">
				<integer name="Country" value="4"/>
				<float name="ER" value="500."/>
				<string name="Hull" value="Richelieu_BulkHead"/>
				<string name="Name" value="Middle1_LowerDeck"/>
				<string name="TypHL" value="Hull"/>
				<string name="UnitName" value="Richelieu"/>
			</object>
			<object name="Rich4318">
				<integer name="Country" value="4"/>
				<float name="ER" value="750."/>
				<string name="Hull" value="Richelieu_ArmorDeck"/>
				<string name="Name" value="Middle1_ArmorDeck"/>
				<string name="TypHL" value="Hull"/>
				<string name="UnitName" value="Richelieu"/>
			</object>
			<object name="Rich4319">
				<integer name="Country" value="4"/>
				<float name="ER" value="500."/>
				<string name="Hull" value="Richelieu_MiddleDeck"/>
				<string name="Name" value="Middle1_MiddleDeck"/>
				<string name="TypHL" value="Hull"/>
				<string name="UnitName" value="Richelieu"/>
			</object>
			<object name="Rich4320">
				<integer name="Country" value="4"/>
				<float name="ER" value="500."/>
				<string name="Hull" value="Richelieu_UpperDeck"/>
				<string name="Name" value="Middle1_UpperDeck"/>
				<string name="TypHL" value="Hull"/>
				<string name="UnitName" value="Richelieu"/>
			</object>
			<object name="Rich4321">
				<integer name="Country" value="4"/>
				<float name="ER" value="900."/>
				<string name="Hull" value="Richelieu_Bottom"/>
				<string name="Name" value="Middle1_RBottom"/>
				<string name="TypHL" value="FuelTank"/>
				<string name="UnitName" value="Richelieu"/>
			</object>
			<object name="Rich4322">
				<integer name="Country" value="4"/>
				<float name="ER" value="1000."/>
				<string name="Hull" value="Richelieu_RAMP"/>
				<string name="Name" value="Middle1_RAMP"/>
				<string name="TypHL" value="Hull"/>
				<string name="UnitName" value="Richelieu"/>
			</object>
			<object name="Rich4323">
				<integer name="Country" value="4"/>
				<float name="ER" value="900."/>
				<string name="Hull" value="Richelieu_RLBelt"/>
				<string name="Name" value="Middle1_RLowerBelt"/>
				<string name="TypHL" value="Hull"/>
				<string name="UnitName" value="Richelieu"/>
			</object>
			<object name="Rich4324">
				<integer name="Country" value="4"/>
				<float name="ER" value="900."/>
				<string name="Hull" value="Richelieu_RMBelt"/>
				<string name="Name" value="Middle1_RMainBelt"/>
				<string name="TypHL" value="Hull"/>
				<string name="UnitName" value="Richelieu"/>
			</object>
			<object name="Rich4325">
				<integer name="Country" value="4"/>
				<float name="ER" value="900."/>
				<string name="Hull" value="Richelieu_RHBelt"/>
				<string name="Name" value="Middle1_RUpperBelt"/>
				<string name="TypHL" value="Hull"/>
				<string name="UnitName" value="Richelieu"/>
			</object>
			<object name="Rich4326">
				<integer name="Country" value="4"/>
				<float name="ER" value="900."/>
				<string name="Hull" value="Richelieu_Bottom"/>
				<string name="Name" value="Middle1_LBottom"/>
				<string name="TypHL" value="FuelTank"/>
				<string name="UnitName" value="Richelieu"/>
			</object>
			<object name="Rich4327">
				<integer name="Country" value="4"/>
				<float name="ER" value="1000."/>
				<string name="Hull" value="Richelieu_LAMP"/>
				<string name="Name" value="Middle1_LAMP"/>
				<string name="TypHL" value="Hull"/>
				<string name="UnitName" value="Richelieu"/>
			</object>
			<object name="Rich43271t">
				<integer name="Country" value="4"/>
				<float name="ER" value="500."/>
				<string name="Hull" value="Richelieu_TurtleDeck"/>
				<string name="Name" value="Middle1_LTurtleDeck"/>
				<string name="TypHL" value="Hull"/>
				<string name="UnitName" value="Richelieu"/>
			</object>
			<object name="Rich43272t">
				<integer name="Country" value="4"/>
				<float name="ER" value="500."/>
				<string name="Hull" value="Richelieu_TurtleDeck"/>
				<string name="Name" value="Middle1_RTurtleDeck"/>
				<string name="TypHL" value="Hull"/>
				<string name="UnitName" value="Richelieu"/>
			</object>
			<object name="Rich4328">
				<integer name="Country" value="4"/>
				<float name="ER" value="900."/>
				<string name="Hull" value="Richelieu_LLBelt"/>
				<string name="Name" value="Middle1_LLowerBelt"/>
				<string name="TypHL" value="Hull"/>
				<string name="UnitName" value="Richelieu"/>
			</object>
			<object name="Rich4330">
				<integer name="Country" value="4"/>
				<float name="ER" value="900."/>
				<string name="Hull" value="Richelieu_LMBelt"/>
				<string name="Name" value="Middle1_LMainBelt"/>
				<string name="TypHL" value="Hull"/>
				<string name="UnitName" value="Richelieu"/>
			</object>
			<object name="Rich4331">
				<integer name="Country" value="4"/>
				<float name="ER" value="900."/>
				<string name="Hull" value="Richelieu_LHBelt"/>
				<string name="Name" value="Middle1_LUpperBelt"/>
				<string name="TypHL" value="Hull"/>
				<string name="UnitName" value="Richelieu"/>
			</object>
			<object name="Rich4333">
				<integer name="Country" value="4"/>
				<float name="ER" value="500."/>
				<string name="Hull" value="Richelieu_BoilerHull"/>
				<string name="Name" value="Middle2_LBoilerCover"/>
				<string name="TypHL" value="Hull"/>
				<string name="UnitName" value="Richelieu"/>
			</object>
			<object name="Rich4334">
				<integer name="Country" value="4"/>
				<float name="ER" value="500."/>
				<string name="Hull" value="Richelieu_Boiler"/>
				<string name="Name" value="Boiler1"/>
				<string name="TypHL" value="Boiler"/>
				<string name="UnitName" value="Richelieu"/>
			</object>
			<object name="Rich4335">
				<integer name="Country" value="4"/>
				<float name="ER" value="500."/>
				<string name="Hull" value="Richelieu_BoilerHull"/>
				<string name="Name" value="Middle2_CBoilerCover"/>
				<string name="TypHL" value="Hull"/>
				<string name="UnitName" value="Richelieu"/>
			</object>
			<object name="Rich4336">
				<integer name="Country" value="4"/>
				<float name="ER" value="500."/>
				<string name="Hull" value="Richelieu_Boiler"/>
				<string name="Name" value="Boiler2"/>
				<string name="TypHL" value="Boiler"/>
				<string name="UnitName" value="Richelieu"/>
			</object>
			<object name="Rich4337">
				<integer name="Country" value="4"/>
				<float name="ER" value="500."/>
				<string name="Hull" value="Richelieu_BoilerHull"/>
				<string name="Name" value="Middle2_RBoilerCover"/>
				<string name="TypHL" value="Hull"/>
				<string name="UnitName" value="Richelieu"/>
			</object>
			<object name="Rich4338">
				<integer name="Country" value="4"/>
				<float name="ER" value="500."/>
				<string name="Hull" value="Richelieu_Boiler"/>
				<string name="Name" value="Boiler3"/>
				<string name="TypHL" value="Boiler"/>
				<string name="UnitName" value="Richelieu"/>
			</object>
			<object name="Rich4339">
				<integer name="Country" value="4"/>
				<float name="ER" value="500."/>
				<string name="Hull" value="Richelieu_MiddleDeck"/>
				<string name="Name" value="Middle2_MiddleDeck"/>
				<string name="TypHL" value="Hull"/>
				<string name="UnitName" value="Richelieu"/>
			</object>
			<object name="Rich43391t">
				<integer name="Country" value="4"/>
				<float name="ER" value="500."/>
				<string name="Hull" value="Richelieu_MiddleDeck"/>
				<string name="Name" value="Middle2_LMiddleDeck"/>
				<string name="TypHL" value="Hull"/>
				<string name="UnitName" value="Richelieu"/>
			</object>
			<object name="Rich43392t">
				<integer name="Country" value="4"/>
				<float name="ER" value="500."/>
				<string name="Hull" value="Richelieu_MiddleDeck"/>
				<string name="Name" value="Middle2_RMiddleDeck"/>
				<string name="TypHL" value="Hull"/>
				<string name="UnitName" value="Richelieu"/>
			</object>
			<object name="Rich43393t">
				<integer name="Country" value="4"/>
				<float name="ER" value="500."/>
				<string name="Hull" value="Richelieu_TurtleDeck"/>
				<string name="Name" value="Middle2_LTurtleDeck"/>
				<string name="TypHL" value="Hull"/>
				<string name="UnitName" value="Richelieu"/>
			</object>
			<object name="Rich43394t">
				<integer name="Country" value="4"/>
				<float name="ER" value="500."/>
				<string name="Hull" value="Richelieu_TurtleDeck"/>
				<string name="Name" value="Middle2_RTurtleDeck"/>
				<string name="TypHL" value="Hull"/>
				<string name="UnitName" value="Richelieu"/>
			</object>
			<object name="Rich4340">
				<integer name="Country" value="4"/>
				<float name="ER" value="500."/>
				<string name="Hull" value="Richelieu_UpperDeck"/>
				<string name="Name" value="Middle2_UpperDeck"/>
				<string name="TypHL" value="Hull"/>
				<string name="UnitName" value="Richelieu"/>
			</object>
			<object name="Rich43401t">
				<integer name="Country" value="4"/>
				<float name="ER" value="500."/>
				<string name="Hull" value="Richelieu_UpperDeck"/>
				<string name="Name" value="Middle2_LUpperDeck"/>
				<string name="TypHL" value="Hull"/>
				<string name="UnitName" value="Richelieu"/>
			</object>
			<object name="Rich43402t">
				<integer name="Country" value="4"/>
				<float name="ER" value="500."/>
				<string name="Hull" value="Richelieu_UpperDeck"/>
				<string name="Name" value="Middle2_RUpperDeck"/>
				<string name="TypHL" value="Hull"/>
				<string name="UnitName" value="Richelieu"/>
			</object>
			<object name="Rich43403t">
				<integer name="Country" value="4"/>
				<float name="ER" value="500."/>
				<string name="Hull" value="Richelieu_BulkHead"/>
				<string name="Name" value="Middle2_MCUpperDeck"/>
				<string name="TypHL" value="Hull"/>
				<string name="UnitName" value="Richelieu"/>
			</object>
			<object name="Rich43404t">
				<integer name="Country" value="4"/>
				<float name="ER" value="500."/>
				<string name="Hull" value="Richelieu_BulkHead"/>
				<string name="Name" value="Middle2_MLUpperDeck"/>
				<string name="TypHL" value="Hull"/>
				<string name="UnitName" value="Richelieu"/>
			</object>
			<object name="Rich43408t">
				<integer name="Country" value="4"/>
				<float name="ER" value="500."/>
				<string name="Hull" value="Richelieu_BulkHead"/>
				<string name="Name" value="Middle2_MRUpperDeck"/>
				<string name="TypHL" value="Hull"/>
				<string name="UnitName" value="Richelieu"/>
			</object>
			<object name="Rich4341">
				<integer name="Country" value="4"/>
				<float name="ER" value="900."/>
				<string name="Hull" value="Richelieu_RHBelt"/>
				<string name="Name" value="Middle2_RUpperBelt"/>
				<string name="TypHL" value="Hull"/>
				<string name="UnitName" value="Richelieu"/>
			</object>
			<object name="Rich4342">
				<integer name="Country" value="4"/>
				<float name="ER" value="900."/>
				<string name="Hull" value="Richelieu_RMBelt"/>
				<string name="Name" value="Middle2_RMainBelt"/>
				<string name="TypHL" value="Hull"/>
				<string name="UnitName" value="Richelieu"/>
			</object>
			<object name="Rich4343">
				<integer name="Country" value="4"/>
				<float name="ER" value="900."/>
				<string name="Hull" value="Richelieu_RLBelt"/>
				<string name="Name" value="Middle2_RLowerBelt"/>
				<string name="TypHL" value="Hull"/>
				<string name="UnitName" value="Richelieu"/>
			</object>
			<object name="Rich4344">
				<integer name="Country" value="4"/>
				<float name="ER" value="1000."/>
				<string name="Hull" value="Richelieu_RAMP"/>
				<string name="Name" value="Middle2_RAMP"/>
				<string name="TypHL" value="Hull"/>
				<string name="UnitName" value="Richelieu"/>
			</object>
			<object name="Rich4345">
				<integer name="Country" value="4"/>
				<float name="ER" value="900."/>
				<string name="Hull" value="Richelieu_Bottom"/>
				<string name="Name" value="Middle2_RBottom"/>
				<string name="TypHL" value="FuelTank"/>
				<string name="UnitName" value="Richelieu"/>
			</object>
			<object name="Rich4346">
				<integer name="Country" value="4"/>
				<float name="ER" value="900."/>
				<string name="Hull" value="Richelieu_Bottom"/>
				<string name="Name" value="Middle2_LBottom"/>
				<string name="TypHL" value="FuelTank"/>
				<string name="UnitName" value="Richelieu"/>
			</object>
			<object name="Rich4347">
				<integer name="Country" value="4"/>
				<float name="ER" value="1000."/>
				<string name="Hull" value="Richelieu_LAMP"/>
				<string name="Name" value="Middle2_LAMP"/>
				<string name="TypHL" value="Hull"/>
				<string name="UnitName" value="Richelieu"/>
			</object>
			<object name="Rich4348">
				<integer name="Country" value="4"/>
				<float name="ER" value="900."/>
				<string name="Hull" value="Richelieu_LLBelt"/>
				<string name="Name" value="Middle2_LLowerBelt"/>
				<string name="TypHL" value="Hull"/>
				<string name="UnitName" value="Richelieu"/>
			</object>
			<object name="Rich4349">
				<integer name="Country" value="4"/>
				<float name="ER" value="900."/>
				<string name="Hull" value="Richelieu_LMBelt"/>
				<string name="Name" value="Middle2_LMainBelt"/>
				<string name="TypHL" value="Hull"/>
				<string name="UnitName" value="Richelieu"/>
			</object>

			<object name="Rich4350">
				<integer name="Country" value="4"/>
				<float name="ER" value="900."/>
				<string name="Hull" value="Richelieu_LHBelt"/>
				<string name="Name" value="Middle2_LUpperBelt"/>
				<string name="TypHL" value="Hull"/>
				<string name="UnitName" value="Richelieu"/>
			</object>
			<object name="Rich4353">
				<integer name="Country" value="4"/>
				<float name="ER" value="500."/>
				<string name="Hull" value="Richelieu_BoilerHull"/>
				<string name="Name" value="Middle3_LBoilerCover"/>
				<string name="TypHL" value="Hull"/>
				<string name="UnitName" value="Richelieu"/>
			</object>
			<object name="Rich4354">
				<integer name="Country" value="4"/>
				<float name="ER" value="500."/>
				<string name="Hull" value="Richelieu_Boiler"/>
				<string name="Name" value="Boiler4"/>
				<string name="TypHL" value="Boiler"/>
				<string name="UnitName" value="Richelieu"/>
			</object>
			<object name="Rich4355">
				<integer name="Country" value="4"/>
				<float name="ER" value="500."/>
				<string name="Hull" value="Richelieu_BoilerHull"/>
				<string name="Name" value="Middle3_CBoilerCover"/>
				<string name="TypHL" value="Hull"/>
				<string name="UnitName" value="Richelieu"/>
			</object>
			<object name="Rich4356">
				<integer name="Country" value="4"/>
				<float name="ER" value="500."/>
				<string name="Hull" value="Richelieu_Boiler"/>
				<string name="Name" value="Boiler5"/>
				<string name="TypHL" value="Boiler"/>
				<string name="UnitName" value="Richelieu"/>
			</object>
			<object name="Rich4357">
				<integer name="Country" value="4"/>
				<float name="ER" value="500."/>
				<string name="Hull" value="Richelieu_BoilerHull"/>
				<string name="Name" value="Middle3_RBoilerCover"/>
				<string name="TypHL" value="Hull"/>
				<string name="UnitName" value="Richelieu"/>
			</object>
			<object name="Rich4358">
				<integer name="Country" value="4"/>
				<float name="ER" value="500."/>
				<string name="Hull" value="Richelieu_Boiler"/>
				<string name="Name" value="Boiler6"/>
				<string name="TypHL" value="Boiler"/>
				<string name="UnitName" value="Richelieu"/>
			</object>
			<object name="Rich4359">
				<integer name="Country" value="4"/>
				<float name="ER" value="500."/>
				<string name="Hull" value="Richelieu_MiddleDeck"/>
				<string name="Name" value="Middle3_MiddleDeck"/>
				<string name="TypHL" value="Hull"/>
				<string name="UnitName" value="Richelieu"/>
			</object>
			<object name="Rich43591t">
				<integer name="Country" value="4"/>
				<float name="ER" value="500."/>
				<string name="Hull" value="Richelieu_MiddleDeck"/>
				<string name="Name" value="Middle3_LMiddleDeck"/>
				<string name="TypHL" value="Hull"/>
				<string name="UnitName" value="Richelieu"/>
			</object>
			<object name="Rich43592t">
				<integer name="Country" value="4"/>
				<float name="ER" value="500."/>
				<string name="Hull" value="Richelieu_MiddleDeck"/>
				<string name="Name" value="Middle3_RMiddleDeck"/>
				<string name="TypHL" value="Hull"/>
				<string name="UnitName" value="Richelieu"/>
			</object>
			<object name="Rich4360">
				<integer name="Country" value="4"/>
				<float name="ER" value="500."/>
				<string name="Hull" value="Richelieu_UpperDeck"/>
				<string name="Name" value="Middle3_UpperDeck"/>
				<string name="TypHL" value="Hull"/>
				<string name="UnitName" value="Richelieu"/>
			</object>
			<object name="Rich436001t">
				<integer name="Country" value="4"/>
				<float name="ER" value="500."/>
				<string name="Hull" value="Richelieu_UpperDeck"/>
				<string name="Name" value="Middle3_LUpperDeck"/>
				<string name="TypHL" value="Hull"/>
				<string name="UnitName" value="Richelieu"/>
			</object>
			<object name="Rich436002t">
				<integer name="Country" value="4"/>
				<float name="ER" value="500."/>
				<string name="Hull" value="Richelieu_UpperDeck"/>
				<string name="Name" value="Middle3_RUpperDeck"/>
				<string name="TypHL" value="Hull"/>
				<string name="UnitName" value="Richelieu"/>
			</object>
			<object name="Rich436003t">
				<integer name="Country" value="4"/>
				<float name="ER" value="500."/>
				<string name="Hull" value="Richelieu_BulkHead"/>
				<string name="Name" value="Middle3_MCUpperDeck"/>
				<string name="TypHL" value="Hull"/>
				<string name="UnitName" value="Richelieu"/>
			</object>
			<object name="Rich436004t">
				<integer name="Country" value="4"/>
				<float name="ER" value="500."/>
				<string name="Hull" value="Richelieu_BulkHead"/>
				<string name="Name" value="Middle3_MLUpperDeck"/>
				<string name="TypHL" value="Hull"/>
				<string name="UnitName" value="Richelieu"/>
			</object>
			<object name="Rich436005t">
				<integer name="Country" value="4"/>
				<float name="ER" value="500."/>
				<string name="Hull" value="Richelieu_BulkHead"/>
				<string name="Name" value="Middle3_MRUpperDeck"/>
				<string name="TypHL" value="Hull"/>
				<string name="UnitName" value="Richelieu"/>
			</object>

			<object name="Rich4361">
				<integer name="Country" value="4"/>
				<float name="ER" value="900."/>
				<string name="Hull" value="Richelieu_RHBelt"/>
				<string name="Name" value="Middle3_RUpperBelt"/>
				<string name="TypHL" value="Hull"/>
				<string name="UnitName" value="Richelieu"/>
			</object>
			<object name="Rich4362">
				<integer name="Country" value="4"/>
				<float name="ER" value="900."/>
				<string name="Hull" value="Richelieu_RMBelt"/>
				<string name="Name" value="Middle3_RMainBelt"/>
				<string name="TypHL" value="Hull"/>
				<string name="UnitName" value="Richelieu"/>
			</object>
			<object name="Rich4363">
				<integer name="Country" value="4"/>
				<float name="ER" value="900."/>
				<string name="Hull" value="Richelieu_RLBelt"/>
				<string name="Name" value="Middle3_RLowerBelt"/>
				<string name="TypHL" value="Hull"/>
				<string name="UnitName" value="Richelieu"/>
			</object>
			<object name="Rich4364">
				<integer name="Country" value="4"/>
				<float name="ER" value="1000."/>
				<string name="Hull" value="Richelieu_RAMP"/>
				<string name="Name" value="Middle3_RAMP"/>
				<string name="TypHL" value="Hull"/>
				<string name="UnitName" value="Richelieu"/>
			</object>
			<object name="Rich4365">
				<integer name="Country" value="4"/>
				<float name="ER" value="500."/>
				<string name="Hull" value="Richelieu_Bottom"/>
				<string name="Name" value="Middle3_RBottom"/>
				<string name="TypHL" value="FuelTank"/>
				<string name="UnitName" value="Richelieu"/>
			</object>
			<object name="Rich4366">
				<integer name="Country" value="4"/>
				<float name="ER" value="900."/>
				<string name="Hull" value="Richelieu_LHBelt"/>
				<string name="Name" value="Middle3_LUpperBelt"/>
				<string name="TypHL" value="Hull"/>
				<string name="UnitName" value="Richelieu"/>
			</object>
			<object name="Rich4367">
				<integer name="Country" value="4"/>
				<float name="ER" value="900."/>
				<string name="Hull" value="Richelieu_LMBelt"/>
				<string name="Name" value="Middle3_LMainBelt"/>
				<string name="TypHL" value="Hull"/>
				<string name="UnitName" value="Richelieu"/>
			</object>
			<object name="Rich4368">
				<integer name="Country" value="4"/>
				<float name="ER" value="900."/>
				<string name="Hull" value="Richelieu_LLBelt"/>
				<string name="Name" value="Middle3_LLowerBelt"/>
				<string name="TypHL" value="Hull"/>
				<string name="UnitName" value="Richelieu"/>
			</object>
			<object name="Rich4369">
				<integer name="Country" value="4"/>
				<float name="ER" value="1000."/>
				<string name="Hull" value="v_LAMP"/>
				<string name="Name" value="Middle3_LAMP"/>
				<string name="TypHL" value="Hull"/>
				<string name="UnitName" value="Richelieu"/>
			</object>
			<object name="Rich43691t">
				<integer name="Country" value="4"/>
				<float name="ER" value="500."/>
				<string name="Hull" value="Richelieu_TurtleDeck"/>
				<string name="Name" value="Middle3_LTurtleDeck"/>
				<string name="TypHL" value="Hull"/>
				<string name="UnitName" value="Richelieu"/>
			</object>
			<object name="Rich43692t">
				<integer name="Country" value="4"/>
				<float name="ER" value="500."/>
				<string name="Hull" value="Richelieu_TurtleDeck"/>
				<string name="Name" value="Middle3_RTurtleDeck"/>
				<string name="TypHL" value="Hull"/>
				<string name="UnitName" value="Richelieu"/>
			</object>
			<object name="Rich4370">
				<integer name="Country" value="4"/>
				<float name="ER" value="900."/>
				<string name="Hull" value="Richelieu_Bottom"/>
				<string name="Name" value="Middle3_LBottom"/>
				<string name="TypHL" value="FuelTank"/>
				<string name="UnitName" value="Richelieu"/>
			</object>
			<object name="Rich4372">
				<integer name="Country" value="4"/>
				<float name="ER" value="500."/>
				<string name="Hull" value="Richelieu_MTOHull"/>
				<string name="Name" value="Middle4_LEngineCover"/>
				<string name="TypHL" value="Hull"/>
				<string name="UnitName" value="Richelieu"/>
			</object>
			<object name="Rich4373">
				<string name="ConnectName" value="Boiler1;Boiler4"/>
				<integer name="Country" value="4"/>
				<float name="ER" value="500."/>
				<string name="Hull" value="Richelieu_Engine"/>
				<string name="Name" value="Engine1"/>
				<string name="TypHL" value="Engine"/>
				<string name="UnitName" value="Richelieu"/>
			</object>
			<object name="Rich4374">
				<integer name="Country" value="4"/>
				<float name="ER" value="500."/>
				<string name="Hull" value="Richelieu_MTOHull"/>
				<string name="Name" value="Middle4_REngineCover"/>
				<string name="TypHL" value="Hull"/>
				<string name="UnitName" value="Richelieu"/>
			</object>
			<object name="Rich4376">
				<string name="ConnectName" value="Boiler3;Boiler6;"/>
				<integer name="Country" value="4"/>
				<float name="ER" value="500."/>
				<string name="Hull" value="Richelieu_Engine"/>
				<string name="Name" value="Engine2"/>
				<string name="TypHL" value="Engine"/>
				<string name="UnitName" value="Richelieu"/>
			</object>
			<object name="Rich4377">
				<integer name="Country" value="4"/>
				<float name="ER" value="500."/>
				<string name="Hull" value="Richelieu_MiddleDeck"/>
				<string name="Name" value="Middle4_MiddleDeck"/>
				<string name="TypHL" value="Hull"/>
				<string name="UnitName" value="Richelieu"/>
			</object>
			<object name="Rich43771t">
				<integer name="Country" value="4"/>
				<float name="ER" value="500."/>
				<string name="Hull" value="Richelieu_MiddleDeck"/>
				<string name="Name" value="Middle4_LMiddleDeck"/>
				<string name="TypHL" value="Hull"/>
				<string name="UnitName" value="Richelieu"/>
			</object>
			<object name="Rich43772t">
				<integer name="Country" value="4"/>
				<float name="ER" value="500."/>
				<string name="Hull" value="Richelieu_MiddleDeck"/>
				<string name="Name" value="Middle4_RMiddleDeck"/>
				<string name="TypHL" value="Hull"/>
				<string name="UnitName" value="Richelieu"/>
			</object>

			<object name="Rich4378">
				<integer name="Country" value="4"/>
				<float name="ER" value="500."/>
				<string name="Hull" value="Richelieu_UpperDeck"/>
				<string name="Name" value="Middle4_UpperDeck"/>
				<string name="TypHL" value="Hull"/>
				<string name="UnitName" value="Richelieu"/>
			</object>
			<object name="Rich43781t">
				<integer name="Country" value="4"/>
				<float name="ER" value="500."/>
				<string name="Hull" value="Richelieu_UpperDeck"/>
				<string name="Name" value="Middle4_LUpperDeck"/>
				<string name="TypHL" value="Hull"/>
				<string name="UnitName" value="Richelieu"/>
			</object>
			<object name="Rich43782t">
				<integer name="Country" value="4"/>
				<float name="ER" value="500."/>
				<string name="Hull" value="Richelieu_UpperDeck"/>
				<string name="Name" value="Middle2_RUpperDeck"/>
				<string name="TypHL" value="Hull"/>
				<string name="UnitName" value="Richelieu"/>
			</object>
			<object name="Rich43785t">
				<integer name="Country" value="4"/>
				<float name="ER" value="500."/>
				<string name="Hull" value="Richelieu_BulkHead"/>
				<string name="Name" value="Middle4_MCUpperDeck"/>
				<string name="TypHL" value="Hull"/>
				<string name="UnitName" value="Richelieu"/>
			</object>
			<object name="Rich43786t">
				<integer name="Country" value="4"/>
				<float name="ER" value="500."/>
				<string name="Hull" value="Richelieu_BulkHead"/>
				<string name="Name" value="Middle4_MLUpperDeck"/>
				<string name="TypHL" value="Hull"/>
				<string name="UnitName" value="Richelieu"/>
			</object>
			<object name="Rich43788t">
				<integer name="Country" value="4"/>
				<float name="ER" value="500."/>
				<string name="Hull" value="Richelieu_BulkHead"/>
				<string name="Name" value="Middle4_MRUpperDeck"/>
				<string name="TypHL" value="Hull"/>
				<string name="UnitName" value="Richelieu"/>
			</object>
			<object name="Rich4379">
				<integer name="Country" value="4"/>
				<float name="ER" value="900."/>
				<string name="Hull" value="Richelieu_RHBelt"/>
				<string name="Name" value="Middle4_RUpperBelt"/>
				<string name="TypHL" value="Hull"/>
				<string name="UnitName" value="Richelieu"/>
			</object>
			<object name="Rich4380">
				<integer name="Country" value="4"/>
				<float name="ER" value="900."/>
				<string name="Hull" value="Richelieu_RMBelt"/>
				<string name="Name" value="Middle4_RMainBelt"/>
				<string name="TypHL" value="Hull"/>
				<string name="UnitName" value="Richelieu"/>
			</object>
			<object name="Rich4381">
				<integer name="Country" value="4"/>
				<float name="ER" value="900."/>
				<string name="Hull" value="Richelieu_RLBelt"/>
				<string name="Name" value="Middle4_RLowerBelt"/>
				<string name="TypHL" value="Hull"/>
				<string name="UnitName" value="Richelieu"/>
			</object>
			<object name="Rich4382">
				<integer name="Country" value="4"/>
				<float name="ER" value="1000."/>
				<string name="Hull" value="Richelieu_RAMP"/>
				<string name="Name" value="Middle4_RAMP"/>
				<string name="TypHL" value="Hull"/>
				<string name="UnitName" value="Richelieu"/>
			</object>
			<object name="Rich4383">
				<integer name="Country" value="4"/>
				<float name="ER" value="500."/>
				<string name="Hull" value="Richelieu_Bottom"/>
				<string name="Name" value="Middle4_RBottom"/>
				<string name="TypHL" value="FuelTank"/>
				<string name="UnitName" value="Richelieu"/>
			</object>
			<object name="Rich4384">
				<integer name="Country" value="4"/>
				<float name="ER" value="900."/>
				<string name="Hull" value="Richelieu_LHBelt"/>
				<string name="Name" value="Middle4_LUpperBelt"/>
				<string name="TypHL" value="Hull"/>
				<string name="UnitName" value="Richelieu"/>
			</object>
			<object name="Rich4385">
				<integer name="Country" value="4"/>
				<float name="ER" value="900."/>
				<string name="Hull" value="Richelieu_LMBelt"/>
				<string name="Name" value="Middle4_LMainBelt"/>
				<string name="TypHL" value="Hull"/>
				<string name="UnitName" value="Richelieu"/>
			</object>
			<object name="Rich4386">
				<integer name="Country" value="4"/>
				<float name="ER" value="900."/>
				<string name="Hull" value="Richelieu_LLBelt"/>
				<string name="Name" value="Middle4_LLowerBelt"/>
				<string name="TypHL" value="Hull"/>
				<string name="UnitName" value="Richelieu"/>
			</object>
			<object name="Rich4387">
				<integer name="Country" value="4"/>
				<float name="ER" value="1000."/>
				<string name="Hull" value="Richelieu_LAMP"/>
				<string name="Name" value="Middle4_LAMP"/>
				<string name="TypHL" value="Hull"/>
				<string name="UnitName" value="Richelieu"/>
			</object>
			<object name="Rich43871t">
				<integer name="Country" value="4"/>
				<float name="ER" value="500."/>
				<string name="Hull" value="Richelieu_TurtleDeck"/>
				<string name="Name" value="Middle4_LTurtleDeck"/>
				<string name="TypHL" value="Hull"/>
				<string name="UnitName" value="Richelieu"/>
			</object>
			<object name="Rich43872t">
				<integer name="Country" value="4"/>
				<float name="ER" value="500."/>
				<string name="Hull" value="Richelieu_TurtleDeck"/>
				<string name="Name" value="Middle4_RTurtleDeck"/>
				<string name="TypHL" value="Hull"/>
				<string name="UnitName" value="Richelieu"/>
			</object>
			<object name="Rich4388">
				<integer name="Country" value="4"/>
				<float name="ER" value="500."/>
				<string name="Hull" value="Richelieu_Bottom"/>
				<string name="Name" value="Middle4_LBottom"/>
				<string name="TypHL" value="FuelTank"/>
				<string name="UnitName" value="Richelieu"/>
			</object>

			<object name="Rich4390">
				<integer name="Country" value="4"/>
				<float name="ER" value="500."/>
				<string name="Hull" value="Richelieu_MTOHull"/>
				<string name="Name" value="Middle5_EngineCover"/>
				<string name="TypHL" value="Hull"/>
				<string name="UnitName" value="Richelieu"/>
			</object>
			<object name="Rich4391">
				<string name="ConnectName" value="Boiler2;Boiler5;"/>
				<integer name="Country" value="4"/>
				<float name="ER" value="500."/>
				<string name="Hull" value="Richelieu_Engine"/>
				<string name="Name" value="Engine3"/>
				<string name="TypHL" value="Engine"/>
				<string name="UnitName" value="Richelieu"/>
			</object>
			<object name="Rich4392">
				<integer name="Country" value="4"/>
				<float name="ER" value="500."/>
				<string name="Hull" value="Richelieu_ABLowerDeck"/>
				<string name="Name" value="Middle5_RLowerDeck"/>
				<string name="TypHL" value="Hull"/>
				<string name="UnitName" value="Richelieu"/>
			</object>
			<object name="Rich4393">
				<integer name="Country" value="4"/>
				<float name="ER" value="500."/>
				<string name="Hull" value="Richelieu_ABLowerDeck"/>
				<string name="Name" value="Middle5_LLowerDeck"/>
				<string name="TypHL" value="Hull"/>
				<string name="UnitName" value="Richelieu"/>
			</object>
			<object name="Rich4395">
				<integer name="Country" value="4"/>
				<float name="ER" value="500."/>
				<string name="Hull" value="Richelieu_MiddleDeck"/>
				<string name="Name" value="Middle5_MiddleDeck"/>
				<string name="TypHL" value="Hull"/>
				<string name="UnitName" value="Richelieu"/>
			</object>
			<object name="Rich4396">
				<integer name="Country" value="4"/>
				<float name="ER" value="500."/>
				<string name="Hull" value="Richelieu_UpperDeck"/>
				<string name="Name" value="Middle5_UpperDeck"/>
				<string name="TypHL" value="Hull"/>
				<string name="UnitName" value="Richelieu"/>
			</object>
			<object name="Rich4397">
				<integer name="Country" value="4"/>
				<float name="ER" value="900."/>
				<string name="Hull" value="Richelieu_RHBelt"/>
				<string name="Name" value="Middle5_RUpperBelt"/>
				<string name="TypHL" value="Hull"/>
				<string name="UnitName" value="Richelieu"/>
			</object>
			<object name="Rich4398">
				<integer name="Country" value="4"/>
				<float name="ER" value="900."/>
				<string name="Hull" value="Richelieu_RMBelt"/>
				<string name="Name" value="Middle5_RMainBelt"/>
				<string name="TypHL" value="Hull"/>
				<string name="UnitName" value="Richelieu"/>
			</object>
			<object name="Rich4399">
				<integer name="Country" value="4"/>
				<float name="ER" value="900."/>
				<string name="Hull" value="Richelieu_RLBelt"/>
				<string name="Name" value="Middle5_RLowerBelt"/>
				<string name="TypHL" value="Hull"/>
				<string name="UnitName" value="Richelieu"/>
			</object>

			<object name="Rich4400">
				<integer name="Country" value="4"/>
				<float name="ER" value="1000."/>
				<string name="Hull" value="Richelieu_RAMP"/>
				<string name="Name" value="Middle5_RAMP"/>
				<string name="TypHL" value="Hull"/>
				<string name="UnitName" value="Richelieu"/>
			</object>
			<object name="Rich4401">
				<integer name="Country" value="4"/>
				<float name="ER" value="900."/>
				<string name="Hull" value="Richelieu_Bottom"/>
				<string name="Name" value="Middle5_RBottom"/>
				<string name="TypHL" value="FuelTank"/>
				<string name="UnitName" value="Richelieu"/>
			</object>
			<object name="Rich4402">
				<integer name="Country" value="4"/>
				<float name="ER" value="900."/>
				<string name="Hull" value="Richelieu_LHBelt"/>
				<string name="Name" value="Middle5_LUpperBelt"/>
				<string name="TypHL" value="Hull"/>
				<string name="UnitName" value="Richelieu"/>
			</object>
			<object name="Rich4403">
				<integer name="Country" value="4"/>
				<float name="ER" value="900."/>
				<string name="Hull" value="Richelieu_LMBelt"/>
				<string name="Name" value="Middle5_LMainBelt"/>
				<string name="TypHL" value="Hull"/>
				<string name="UnitName" value="Richelieu"/>
			</object>
			<object name="Rich4404">
				<integer name="Country" value="4"/>
				<float name="ER" value="900."/>
				<string name="Hull" value="Richelieu_LLBelt"/>
				<string name="Name" value="Middle5_LLowerBelt"/>
				<string name="TypHL" value="Hull"/>
				<string name="UnitName" value="Richelieu"/>
			</object>
			<object name="Rich4405">
				<integer name="Country" value="4"/>
				<float name="ER" value="1000."/>
				<string name="Hull" value="Richelieu_LAMP"/>
				<string name="Name" value="Middle5_LAMP"/>
				<string name="TypHL" value="Hull"/>
				<string name="UnitName" value="Richelieu"/>
			</object>
			<object name="Rich44051t">
				<integer name="Country" value="4"/>
				<float name="ER" value="500."/>
				<string name="Hull" value="Richelieu_TurtleDeck"/>
				<string name="Name" value="Middle5_LTurtleDeck"/>
				<string name="TypHL" value="Hull"/>
				<string name="UnitName" value="Richelieu"/>
			</object>
			<object name="Rich44052t">
				<integer name="Country" value="4"/>
				<float name="ER" value="500."/>
				<string name="Hull" value="Richelieu_TurtleDeck"/>
				<string name="Name" value="Middle5_RTurtleDeck"/>
				<string name="TypHL" value="Hull"/>
				<string name="UnitName" value="Richelieu"/>
			</object>
			<object name="Rich4406">
				<integer name="Country" value="4"/>
				<float name="ER" value="900."/>
				<string name="Hull" value="Richelieu_Bottom"/>
				<string name="Name" value="Middle5_LBottom"/>
				<string name="TypHL" value="FuelTank"/>
				<string name="UnitName" value="Richelieu"/>
			</object>
			<object name="Rich4408">
				<integer name="Country" value="4"/>
				<float name="ER" value="500."/>
				<string name="Hull" value="Richelieu_ASLowerDeck"/>
				<string name="Name" value="Stern1_LowerDeck"/>
				<string name="TypHL" value="Hull"/>
				<string name="UnitName" value="Richelieu"/>
			</object>
			<object name="Rich4409">
				<integer name="Country" value="4"/>
				<float name="ER" value="500."/>
				<string name="Hull" value="Richelieu_AmmoStore"/>
				<string name="Name" value="Stern_AmmoStore1"/>
				<string name="TypHL" value="AmmoStore"/>
				<string name="UnitName" value="Richelieu"/>
			</object>
			<object name="Rich4410">
				<integer name="Country" value="4"/>
				<float name="ER" value="500."/>
				<string name="Hull" value="Richelieu_AmmoStore"/>
				<string name="Name" value="Stern_AmmoStore2"/>
				<string name="TypHL" value="AmmoStore"/>
				<string name="UnitName" value="Richelieu"/>
			</object>
			<object name="Rich4411">
				<integer name="Country" value="4"/>
				<float name="ER" value="900."/>
				<string name="Hull" value="Richelieu_ArmorDeck"/>
				<string name="Name" value="Stern1_ArmorDeck"/>
				<string name="TypHL" value="Hull"/>
				<string name="UnitName" value="Richelieu"/>
			</object>
			<object name="Rich44111t">
				<integer name="Country" value="4"/>
				<float name="ER" value="900."/>
				<string name="Hull" value="Richelieu_ArmorDeck"/>
				<string name="Name" value="Stern1_LArmorDeck"/>
				<string name="TypHL" value="Hull"/>
				<string name="UnitName" value="Richelieu"/>
			</object>
			<object name="Rich44112t">
				<integer name="Country" value="4"/>
				<float name="ER" value="900."/>
				<string name="Hull" value="Richelieu_ArmorDeck"/>
				<string name="Name" value="Stern1_RArmorDeck"/>
				<string name="TypHL" value="Hull"/>
				<string name="UnitName" value="Richelieu"/>
			</object>
			<object name="Rich4412">
				<integer name="Country" value="4"/>
				<float name="ER" value="500."/>
				<string name="Hull" value="Richelieu_ASMiddleDeck"/>
				<string name="Name" value="Stern1_MiddleDeck"/>
				<string name="TypHL" value="Hull"/>
				<string name="UnitName" value="Richelieu"/>
			</object>
			<object name="Rich4413">
				<integer name="Country" value="4"/>
				<float name="ER" value="500."/>
				<string name="Hull" value="Richelieu_ASUpperDeck"/>
				<string name="Name" value="Stern1_UpperDeck"/>
				<string name="TypHL" value="Hull"/>
				<string name="UnitName" value="Richelieu"/>
			</object>
			<object name="Rich4414">
				<integer name="Country" value="4"/>
				<float name="ER" value="900."/>
				<string name="Hull" value="Richelieu_ASLHBelt"/>
				<string name="Name" value="Stern1_LUpperBelt"/>
				<string name="TypHL" value="Hull"/>
				<string name="UnitName" value="Richelieu"/>
			</object>
			<object name="Rich4416">
				<integer name="Country" value="4"/>
				<float name="ER" value="900."/>
				<string name="Hull" value="Richelieu_ASLMBelt"/>
				<string name="Name" value="Stern1_LMainBelt"/>
				<string name="TypHL" value="Hull"/>
				<string name="UnitName" value="Richelieu"/>
			</object>
			<object name="Rich4417">
				<integer name="Country" value="4"/>
				<float name="ER" value="900."/>
				<string name="Hull" value="Richelieu_ASLLBelt"/>
				<string name="Name" value="Stern1_LLowerBelt"/>
				<string name="TypHL" value="Hull"/>
				<string name="UnitName" value="Richelieu"/>
			</object>
			<object name="Rich4418">
				<integer name="Country" value="4"/>
				<float name="ER" value="800."/>
				<string name="Hull" value="Richelieu_LAMP"/>
				<string name="Name" value="Stern1_LAMP"/>
				<string name="TypHL" value="Hull"/>
				<string name="UnitName" value="Richelieu"/>
			</object>
			<object name="Rich44181t">
				<integer name="Country" value="4"/>
				<float name="ER" value="500."/>
				<string name="Hull" value="Richelieu_TurtleDeck"/>
				<string name="Name" value="Stern1_LTurtleDeck"/>
				<string name="TypHL" value="Hull"/>
				<string name="UnitName" value="Richelieu"/>
			</object>
			<object name="Rich44182t">
				<integer name="Country" value="4"/>
				<float name="ER" value="500."/>
				<string name="Hull" value="Richelieu_TurtleDeck"/>
				<string name="Name" value="Stern1_RTurtleDeck"/>
				<string name="TypHL" value="Hull"/>
				<string name="UnitName" value="Richelieu"/>
			</object>
			<object name="Rich4419">
				<integer name="Country" value="4"/>
				<float name="ER" value="900."/>
				<string name="Hull" value="Richelieu_ASRHBelt"/>
				<string name="Name" value="Stern1_RUpperBelt"/>
				<string name="TypHL" value="Hull"/>
				<string name="UnitName" value="Richelieu"/>
			</object>

			<object name="Rich4420">
				<integer name="Country" value="4"/>
				<float name="ER" value="900."/>
				<string name="Hull" value="Richelieu_ASRMBelt"/>
				<string name="Name" value="Stern1_RMainBelt"/>
				<string name="TypHL" value="Hull"/>
				<string name="UnitName" value="Richelieu"/>
			</object>
			<object name="Rich4422">
				<integer name="Country" value="4"/>
				<float name="ER" value="900."/>
				<string name="Hull" value="Richelieu_ASRLBelt"/>
				<string name="Name" value="Stern1_RLowerBelt"/>
				<string name="TypHL" value="Hull"/>
				<string name="UnitName" value="Richelieu"/>
			</object>
			<object name="Rich4423">
				<integer name="Country" value="4"/>
				<float name="ER" value="800."/>
				<string name="Hull" value="Richelieu_RAMP"/>
				<string name="Name" value="Stern1_RAMP"/>
				<string name="TypHL" value="Hull"/>
				<string name="UnitName" value="Richelieu"/>
			</object>
			<object name="Rich4424">
				<integer name="Country" value="4"/>
				<float name="ER" value="800."/>
				<string name="Hull" value="Richelieu_Barbet"/>
				<string name="Name" value="Barbet3"/>
				<string name="TypHL" value="Hull"/>
				<string name="UnitName" value="Richelieu"/>
			</object>
			<object name="Rich4425">
				<integer name="Country" value="4"/>
				<float name="ER" value="800."/>
				<string name="Hull" value="Richelieu_Barbet"/>
				<string name="Name" value="Barbet4"/>
				<string name="TypHL" value="Hull"/>
				<string name="UnitName" value="Richelieu"/>
			</object>
			<object name="Rich4426">
				<string name="ConnectName" value="Engine3"/>
				<integer name="Country" value="4"/>
				<float name="ER" value="500."/>
				<string name="Hull" value="Std_Mover"/>
				<string name="Name" value="Mover3"/>
				<string name="TypHL" value="Mover"/>
				<string name="UnitName" value="Richelieu"/>
			</object>
			<object name="Rich4427">
				<string name="ConnectName" value="Engine2"/>
				<integer name="Country" value="4"/>
				<float name="ER" value="500."/>
				<string name="Hull" value="Std_Mover"/>
				<string name="Name" value="Mover2"/>
				<string name="TypHL" value="Mover"/>
				<string name="UnitName" value="Richelieu"/>
			</object>
			<object name="Rich4428">
				<string name="ConnectName" value="Engine1"/>
				<integer name="Country" value="4"/>
				<float name="ER" value="500."/>
				<string name="Hull" value="Std_Mover"/>
				<string name="Name" value="Mover1"/>
				<string name="TypHL" value="Mover"/>
				<string name="UnitName" value="Richelieu"/>
			</object>
			<object name="Rich4429">
				<string name="ConnectName" value="Tiller;"/>
				<integer name="Country" value="4"/>
				<float name="ER" value="500."/>
				<string name="Hull" value="Std_Rudder"/>
				<string name="Name" value="Rudder1"/>
				<string name="TypHL" value="Rudder"/>
				<string name="UnitName" value="Richelieu"/>
			</object>

			<object name="Rich4430">
				<string name="ConnectName" value="Tiller;"/>
				<integer name="Country" value="4"/>
				<float name="ER" value="500."/>
				<string name="Hull" value="Std_Rudder"/>
				<string name="Name" value="Rudder2"/>
				<string name="TypHL" value="Rudder"/>
				<string name="UnitName" value="Richelieu"/>
			</object>
			<object name="Rich4431">
				<integer name="Country" value="4"/>
				<float name="ER" value="500."/>
				<string name="Hull" value="Std_Probe"/>
				<string name="Name" value="Stern_Probe_MG"/>
				<string name="TypHL" value="Probe"/>
				<string name="UnitName" value="Richelieu"/>
			</object>
			<object name="Rich4432">
				<integer name="Country" value="4"/>
				<float name="ER" value="500."/>
				<string name="Hull" value="Std_Probe"/>
				<string name="Name" value="Probe_SG"/>
				<string name="TypHL" value="Probe"/>
				<string name="UnitName" value="Richelieu"/>
			</object>
			<object name="Rich4433">
				<integer name="Country" value="4"/>
				<float name="ER" value="500."/>
				<string name="Hull" value="Std_Probe"/>
				<string name="Name" value="Probe_AA"/>
				<string name="TypHL" value="Probe"/>
				<string name="UnitName" value="Richelieu"/>
			</object>
			<object name="Rich4434">
				<integer name="Country" value="4"/>
				<integer name="Crew" value="240"/>
				<float name="ER" value="500."/>
				<string name="Hull" value="Std_UpperHull"/>
				<string name="Name" value="Stern_MSuperstructure2"/>
				<string name="TypHL" value="Crew"/>
				<string name="UnitName" value="Richelieu"/>
			</object>
			<object name="Rich4435">
				<integer name="Country" value="4"/>
				<integer name="Crew" value="240"/>
				<float name="ER" value="500."/>
				<string name="Hull" value="Std_UpperHull"/>
				<string name="Name" value="Stern_MSuperstructure1"/>
				<string name="TypHL" value="Crew"/>
				<string name="UnitName" value="Richelieu"/>
			</object>
			<object name="Rich4436">
				<integer name="Country" value="4"/>
				<integer name="Crew" value="240"/>
				<float name="ER" value="500."/>
				<string name="Hull" value="Std_UpperHull"/>
				<string name="Name" value="Stern_MSuperstructure"/>
				<string name="TypHL" value="Crew"/>
				<string name="UnitName" value="Richelieu"/>
			</object>
			<object name="Rich4437">
				<integer name="Country" value="4"/>
				<integer name="Crew" value="240"/>
				<float name="ER" value="700."/>
				<string name="Hull" value="Std_UpperHull"/>
				<string name="Name" value="Stern_LSuperstructure"/>
				<string name="TypHL" value="Crew"/>
				<string name="UnitName" value="Richelieu"/>
			</object>
			<object name="Rich4438">
				<integer name="Country" value="4"/>
				<float name="ER" value="500."/>
				<string name="Hull" value="Std_Rudder"/>
				<string name="Name" value="SmokeStack"/>
				<string name="TypHL" value="Hull"/>
				<string name="UnitName" value="Richelieu"/>
			</object>
			<object name="Rich4439">
				<integer name="Country" value="4"/>
				<integer name="Crew" value="240"/>
				<float name="ER" value="500."/>
				<string name="Hull" value="Std_UpperHull"/>
				<string name="Name" value="Bow_USuperstructure2"/>
				<string name="TypHL" value="Crew"/>
				<string name="UnitName" value="Richelieu"/>
			</object>

			<object name="Rich4440">
				<integer name="Country" value="4"/>
				<integer name="Crew" value="240"/>
				<float name="ER" value="500."/>
				<string name="Hull" value="Std_UpperHull"/>
				<string name="Name" value="USuperstructure1"/>
				<string name="TypHL" value="Crew"/>
				<string name="UnitName" value="Richelieu"/>
			</object>
			<object name="Rich4441">
				<integer name="Country" value="4"/>
				<float name="ER" value="500."/>
				<string name="Hull" value="Std_Probe"/>
				<string name="Name" value="Radio"/>
				<string name="TypHL" value="Probe"/>
				<string name="UnitName" value="Richelieu"/>
			</object>
			<object name="Rich4442">
				<integer name="Country" value="4"/>
				<float name="ER" value="500."/>
				<string name="Hull" value="Std_Probe"/>
				<string name="Name" value="Radar"/>
				<string name="TypHL" value="Probe"/>
				<string name="UnitName" value="Richelieu"/>
			</object>
			<object name="Rich4443">
				<integer name="Country" value="4"/>
				<float name="ER" value="1000."/>
				<string name="Hull" value="Richelieu_BattleCabine"/>
				<string name="Name" value="BattleCabine"/>
				<string name="TypHL" value="Hull"/>
				<string name="UnitName" value="Richelieu"/>
			</object>
			<object name="Rich4444">
				<integer name="Country" value="4"/>
				<integer name="Crew" value="240"/>
				<float name="ER" value="500."/>
				<string name="Hull" value="Std_UpperHull"/>
				<string name="Name" value="Bow_MSuperstructure3"/>
				<string name="TypHL" value="Crew"/>
				<string name="UnitName" value="Richelieu"/>
			</object>
			<object name="Rich4445">
				<integer name="Country" value="4"/>
				<integer name="Crew" value="240"/>
				<float name="ER" value="500."/>
				<string name="Hull" value="Std_UpperHull"/>
				<string name="Name" value="Bow_MSuperstructure1"/>
				<string name="TypHL" value="Crew"/>
				<string name="UnitName" value="Richelieu"/>
			</object>
			<object name="Rich4446">
				<integer name="Country" value="4"/>
				<integer name="Crew" value="240"/>
				<float name="ER" value="500."/>
				<string name="Hull" value="Std_UpperHull"/>
				<string name="Name" value="Bow_MSuperstructure2"/>
				<string name="TypHL" value="Crew"/>
				<string name="UnitName" value="Richelieu"/>
			</object>
			<object name="Rich4447">
				<integer name="Country" value="4"/>
				<integer name="Crew" value="240"/>
				<float name="ER" value="700."/>
				<string name="Hull" value="Std_UpperHull"/>
				<string name="Name" value="Bow_LSuperstructure"/>
				<string name="TypHL" value="Crew"/>
				<string name="UnitName" value="Richelieu"/>
			</object>
			<object name="Rich4448">
				<integer name="Country" value="4"/>
				<float name="ER" value="500."/>
				<string name="Hull" value="Std_Probe"/>
				<string name="Name" value="Bow_Probe_MG"/>
				<string name="TypHL" value="Probe"/>
				<string name="UnitName" value="Richelieu"/>
			</object>
			<object name="Rich4449">
				<integer name="Country" value="4"/>
				<float name="ER" value="900."/>
				<string name="Hull" value="Richelieu_Bottom"/>
				<string name="Name" value="Bow1_Bottom"/>
				<string name="TypHL" value="Hull"/>
				<string name="UnitName" value="Richelieu"/>
			</object>

			<object name="Rich4450">
				<integer name="Country" value="4"/>
				<float name="ER" value="500."/>
				<string name="Hull" value="Richelieu_AB1LowerDeck"/>
				<string name="Name" value="Bow1_LowerDeck"/>
				<string name="TypHL" value="Hull"/>
				<string name="UnitName" value="Richelieu"/>
			</object>
			<object name="Rich4451">
				<integer name="Country" value="4"/>
				<float name="ER" value="500."/>
				<string name="Hull" value="Std_Probe"/>
				<string name="Name" value="Bow_Probe_Sonar"/>
				<string name="TypHL" value="Probe"/>
				<string name="UnitName" value="Richelieu"/>
			</object>
			<object name="Rich4452">
				<integer name="Country" value="4"/>
				<float name="ER" value="500."/>
				<string name="Hull" value="Richelieu_AB1MiddleDeck"/>
				<string name="Name" value="Bow1_MiddleDeck"/>
				<string name="TypHL" value="Hull"/>
				<string name="UnitName" value="Richelieu"/>
			</object>
			<object name="Rich4453">
				<integer name="Country" value="4"/>
				<float name="ER" value="500."/>
				<string name="Hull" value="Richelieu_AB1MiddleDeck2"/>
				<string name="Name" value="Bow1_MiddleDeck2"/>
				<string name="TypHL" value="Hull"/>
				<string name="UnitName" value="Richelieu"/>
			</object>
			<object name="Rich4454">
				<integer name="Country" value="4"/>
				<float name="ER" value="500."/>
				<string name="Hull" value="Richelieu_AB1UpperDeck"/>
				<string name="Name" value="Bow1_UpperDeck"/>
				<string name="TypHL" value="Hull"/>
				<string name="UnitName" value="Richelieu"/>
			</object>
			<object name="Rich4455">
				<integer name="Country" value="4"/>
				<float name="ER" value="500."/>
				<string name="Hull" value="Richelieu_AS2LowerDeck"/>
				<string name="Name" value="Stern2_LowerDeck"/>
				<string name="TypHL" value="Hull"/>
				<string name="UnitName" value="Richelieu"/>
			</object>
			<object name="Rich4456">
				<integer name="Country" value="4"/>
				<float name="ER" value="500."/>
				<string name="Hull" value="Richelieu_Tiller"/>
				<string name="Name" value="Tiller"/>
				<string name="TypHL" value="Hull"/>
				<string name="UnitName" value="Richelieu"/>
			</object>
			<object name="Rich4457">
				<integer name="Country" value="4"/>
				<float name="ER" value="500."/>
				<string name="Hull" value="Richelieu_AS2UpperDeck"/>
				<string name="Name" value="Stern2_UpperDeck"/>
				<string name="TypHL" value="Hull"/>
				<string name="UnitName" value="Richelieu"/>
			</object>
		</object>
		<object name="Hulls">
			<object name="Richelieu_ABLHBelt">
				<integer name="Back" value="1"/>
				<integer name="Bottom" value="1"/>
				<integer name="Country" value="4"/>
				<float name="ExplProb" value="0."/>
				<float name="FireProb" value="0."/>
				<integer name="Front" value="145"/>
				<integer name="Left" value="145"/>
				<string name="Material" value="Armored"/>
				<integer name="Right" value="30"/>
				<integer name="Top" value="145"/>
				<integer name="UnitName" value="0"/>
				<string name="UnitTyp" value="Ship"/>
			</object>
			<object name="Richelieu_ABLLBelt">
				<integer name="Back" value="170"/>
				<integer name="Bottom" value="45"/>
				<integer name="Country" value="4"/>
				<float name="ExplProb" value="0."/>
				<float name="FireProb" value="0."/>
				<integer name="Front" value="170"/>
				<integer name="Left" value="170"/>
				<string name="Material" value="Armored"/>
				<integer name="Right" value="45"/>
				<integer name="Top" value="170"/>
				<integer name="UnitName" value="0"/>
				<string name="UnitTyp" value="Ship"/>
			</object>
			<object name="Richelieu_ABLMBelt">
				<integer name="Back" value="1"/>
				<integer name="Bottom" value="1"/>
				<integer name="Country" value="4"/>
				<float name="ExplProb" value="0."/>
				<float name="FireProb" value="0."/>
				<integer name="Front" value="320"/>
				<integer name="Left" value="320"/>
				<string name="Material" value="Armored"/>
				<integer name="Right" value="30"/>
				<integer name="Top" value="320"/>
				<integer name="UnitName" value="0"/>
				<string name="UnitTyp" value="Ship"/>
			</object>
			<object name="Richelieu_ABLowerDeck">
				<integer name="Back" value="40"/>
				<integer name="Bottom" value="40"/>
				<integer name="Country" value="4"/>
				<float name="ExplProb" value="0."/>
				<float name="FireProb" value="0."/>
				<integer name="Front" value="60"/>
				<integer name="Left" value="40"/>
				<string name="Material" value="Steel"/>
				<integer name="Right" value="40"/>
				<integer name="Top" value="20"/>
				<integer name="UnitName" value="0"/>
				<string name="UnitTyp" value="Ship"/>
			</object>
			<object name="Richelieu_ABMiddleDeck">
				<integer name="Back" value="30"/>
				<integer name="Bottom" value="1"/>
				<integer name="Country" value="4"/>
				<float name="ExplProb" value="0."/>
				<float name="FireProb" value="0."/>
				<integer name="Front" value="220"/>
				<integer name="Left" value="30"/>
				<string name="Material" value="Steel"/>
				<integer name="Right" value="30"/>
				<integer name="Top" value="20"/>
				<integer name="UnitName" value="0"/>
				<string name="UnitTyp" value="Ship"/>
			</object>
			<object name="Richelieu_ABRHBelt">
				<integer name="Back" value="1"/>
				<integer name="Bottom" value="1"/>
				<integer name="Country" value="4"/>
				<float name="ExplProb" value="0."/>
				<float name="FireProb" value="0."/>
				<integer name="Front" value="145"/>
				<integer name="Left" value="30"/>
				<string name="Material" value="Armored"/>
				<integer name="Right" value="145"/>
				<integer name="Top" value="145"/>
				<integer name="UnitName" value="0"/>
				<string name="UnitTyp" value="Ship"/>
			</object>
			<object name="Richelieu_ABRLBelt">
				<integer name="Back" value="170"/>
				<integer name="Bottom" value="45"/>
				<integer name="Country" value="4"/>
				<float name="ExplProb" value="0."/>
				<float name="FireProb" value="0."/>
				<integer name="Front" value="170"/>
				<integer name="Left" value="45"/>
				<string name="Material" value="Armored"/>
				<integer name="Right" value="170"/>
				<integer name="Top" value="170"/>
				<integer name="UnitName" value="0"/>
				<string name="UnitTyp" value="Ship"/>
			</object>
			<object name="Richelieu_ABRMBelt">
				<integer name="Back" value="1"/>
				<integer name="Bottom" value="1"/>
				<integer name="Country" value="4"/>
				<float name="ExplProb" value="0."/>
				<float name="FireProb" value="0."/>
				<integer name="Front" value="320"/>
				<integer name="Left" value="30"/>
				<string name="Material" value="Armored"/>
				<integer name="Right" value="320"/>
				<integer name="Top" value="320"/>
				<integer name="UnitName" value="0"/>
				<string name="UnitTyp" value="Ship"/>
			</object>
			<object name="Richelieu_ABUpperDeck">
				<integer name="Back" value="1"/>
				<integer name="Bottom" value="1"/>
				<integer name="Country" value="4"/>
				<float name="ExplProb" value="0."/>
				<float name="FireProb" value="0."/>
				<integer name="Front" value="145"/>
				<integer name="Left" value="30"/>
				<string name="Material" value="Steel"/>
				<integer name="Right" value="30"/>
				<integer name="Top" value="80"/>
				<integer name="UnitName" value="0"/>
				<string name="UnitTyp" value="Ship"/>
			</object>
			<object name="Richelieu_ASLHBelt">
				<integer name="Back" value="1"/>
				<integer name="Bottom" value="1"/>
				<integer name="Country" value="4"/>
				<float name="ExplProb" value="0."/>
				<float name="FireProb" value="0."/>
				<integer name="Front" value="1"/>
				<integer name="Left" value="145"/>
				<string name="Material" value="Armored"/>
				<integer name="Right" value="30"/>
				<integer name="Top" value="145"/>
				<integer name="UnitName" value="0"/>
				<string name="UnitTyp" value="Ship"/>
			</object>
			<object name="Richelieu_ASLLBelt">
				<integer name="Back" value="1"/>
				<integer name="Bottom" value="1"/>
				<integer name="Country" value="4"/>
				<float name="ExplProb" value="0."/>
				<float name="FireProb" value="0."/>
				<integer name="Front" value="1"/>
				<integer name="Left" value="170"/>
				<string name="Material" value="Armored"/>
				<integer name="Right" value="45"/>
				<integer name="Top" value="170"/>
				<integer name="UnitName" value="0"/>
				<string name="UnitTyp" value="Ship"/>
			</object>
			<object name="Richelieu_ASLMBelt">
				<integer name="Back" value="1"/>
				<integer name="Bottom" value="1"/>
				<integer name="Country" value="4"/>
				<float name="ExplProb" value="0."/>
				<float name="FireProb" value="0."/>
				<integer name="Front" value="1"/>
				<integer name="Left" value="320"/>
				<string name="Material" value="Armored"/>
				<integer name="Right" value="30"/>
				<integer name="Top" value="320"/>
				<integer name="UnitName" value="0"/>
				<string name="UnitTyp" value="Ship"/>
			</object>
			<object name="Richelieu_ASLowerDeck">
				<integer name="Back" value="320"/>
				<integer name="Bottom" value="40"/>
				<integer name="Country" value="4"/>
				<float name="ExplProb" value="0."/>
				<float name="FireProb" value="0."/>
				<integer name="Front" value="1"/>
				<integer name="Left" value="40"/>
				<string name="Material" value="Steel"/>
				<integer name="Right" value="40"/>
				<integer name="Top" value="40"/>
				<integer name="UnitName" value="0"/>
				<string name="UnitTyp" value="Ship"/>
			</object>
			<object name="Richelieu_ASMiddleDeck">
				<integer name="Back" value="220"/>
				<integer name="Bottom" value="1"/>
				<integer name="Country" value="4"/>
				<float name="ExplProb" value="0."/>
				<float name="FireProb" value="0."/>
				<integer name="Front" value="1"/>
				<integer name="Left" value="30"/>
				<string name="Material" value="Armored"/>
				<integer name="Right" value="30"/>
				<integer name="Top" value="20"/>
				<integer name="UnitName" value="0"/>
				<string name="UnitTyp" value="Ship"/>
			</object>
			<object name="Richelieu_ASRHBelt">
				<integer name="Back" value="1"/>
				<integer name="Bottom" value="1"/>
				<integer name="Country" value="4"/>
				<float name="ExplProb" value="0."/>
				<float name="FireProb" value="0."/>
				<integer name="Front" value="1"/>
				<integer name="Left" value="30"/>
				<string name="Material" value="Armored"/>
				<integer name="Right" value="145"/>
				<integer name="Top" value="145"/>
				<integer name="UnitName" value="0"/>
				<string name="UnitTyp" value="Ship"/>
			</object>
			<object name="Richelieu_ASRLBelt">
				<integer name="Back" value="1"/>
				<integer name="Bottom" value="1"/>
				<integer name="Country" value="4"/>
				<float name="ExplProb" value="0."/>
				<float name="FireProb" value="0."/>
				<integer name="Front" value="1"/>
				<integer name="Left" value="45"/>
				<string name="Material" value="Armored"/>
				<integer name="Right" value="170"/>
				<integer name="Top" value="145"/>
				<integer name="UnitName" value="0"/>
				<string name="UnitTyp" value="Ship"/>
			</object>
			<object name="Richelieu_ASRMBelt">
				<integer name="Back" value="1"/>
				<integer name="Bottom" value="1"/>
				<integer name="Country" value="4"/>
				<float name="ExplProb" value="0."/>
				<float name="FireProb" value="0."/>
				<integer name="Front" value="1"/>
				<integer name="Left" value="30"/>
				<string name="Material" value="Armored"/>
				<integer name="Right" value="320"/>
				<integer name="Top" value="320"/>
				<integer name="UnitName" value="0"/>
				<string name="UnitTyp" value="Ship"/>
			</object>
			<object name="Richelieu_ASUpperDeck">
				<integer name="Back" value="145"/>
				<integer name="Bottom" value="1"/>
				<integer name="Country" value="4"/>
				<float name="ExplProb" value="0."/>
				<float name="FireProb" value="0."/>
				<integer name="Front" value="1"/>
				<integer name="Left" value="30"/>
				<string name="Material" value="Steel"/>
				<integer name="Right" value="30"/>
				<integer name="Top" value="80"/>
				<integer name="UnitName" value="0"/>
				<string name="UnitTyp" value="Ship"/>
			</object>
			<object name="Richelieu_LHBelt">
				<integer name="Back" value="1"/>
				<integer name="Bottom" value="1"/>
				<integer name="Country" value="4"/>
				<float name="ExplProb" value="0."/>
				<float name="FireProb" value="0."/>
				<integer name="Front" value="1"/>
				<integer name="Left" value="145"/>
				<string name="Material" value="Armored"/>
				<integer name="Right" value="145"/>
				<integer name="Top" value="145"/>
				<integer name="UnitName" value="0"/>
				<string name="UnitTyp" value="Ship"/>
			</object>
			<object name="Richelieu_LLBelt">
				<integer name="Back" value="1"/>
				<integer name="Bottom" value="1"/>
				<integer name="Country" value="4"/>
				<float name="ExplProb" value="0."/>
				<float name="FireProb" value="0."/>
				<integer name="Front" value="1"/>
				<integer name="Left" value="260"/>
				<string name="Material" value="Armored"/>
				<integer name="Right" value="45"/>
				<integer name="Top" value="260"/>
				<integer name="UnitName" value="0"/>
				<string name="UnitTyp" value="Ship"/>
			</object>
			<object name="Richelieu_LMBelt">
				<integer name="Back" value="1"/>
				<integer name="Bottom" value="1"/>
				<integer name="Country" value="4"/>
				<float name="ExplProb" value="0."/>
				<float name="FireProb" value="0."/>
				<integer name="Front" value="1"/>
				<integer name="Left" value="320"/>
				<string name="Material" value="Armored"/>
				<integer name="Right" value="30"/>
				<integer name="Top" value="320"/>
				<integer name="UnitName" value="0"/>
				<string name="UnitTyp" value="Ship"/>
			</object>
			<object name="Richelieu_MTOHull">
				<integer name="Back" value="45"/>
				<integer name="Bottom" value="45"/>
				<integer name="Country" value="4"/>
				<float name="ExplProb" value="0."/>
				<float name="FireProb" value="20."/>
				<integer name="Front" value="45"/>
				<integer name="Left" value="45"/>
				<string name="Material" value="Steel"/>
				<integer name="Right" value="45"/>
				<integer name="Top" value="100"/>
				<integer name="UnitName" value="0"/>
				<string name="UnitTyp" value="Ship"/>
			</object>
			<object name="Richelieu_MiddleDeck">
				<integer name="Back" value="1"/>
				<integer name="Bottom" value="1"/>
				<integer name="Country" value="4"/>
				<float name="ExplProb" value="0."/>
				<float name="FireProb" value="0."/>
				<integer name="Front" value="1"/>
				<integer name="Left" value="45"/>
				<string name="Material" value="Steel"/>
				<integer name="Right" value="45"/>
				<integer name="Top" value="80"/>
				<integer name="UnitName" value="0"/>
				<string name="UnitTyp" value="Ship"/>
			</object>
			<object name="Richelieu_AmmoMiddleDeck">
				<integer name="Back" value="1"/>
				<integer name="Bottom" value="1"/>
				<integer name="Country" value="4"/>
				<float name="ExplProb" value="0."/>
				<float name="FireProb" value="0."/>
				<integer name="Front" value="1"/>
				<integer name="Left" value="45"/>
				<string name="Material" value="Steel"/>
				<integer name="Right" value="45"/>
				<integer name="Top" value="100"/>
				<integer name="UnitName" value="0"/>
				<string name="UnitTyp" value="Ship"/>
			</object>
			<object name="Richelieu_RHBelt">
				<integer name="Back" value="1"/>
				<integer name="Bottom" value="1"/>
				<integer name="Country" value="4"/>
				<float name="ExplProb" value="0."/>
				<float name="FireProb" value="0."/>
				<integer name="Front" value="1"/>
				<integer name="Left" value="145"/>
				<string name="Material" value="Armored"/>
				<integer name="Right" value="145"/>
				<integer name="Top" value="145"/>
				<integer name="UnitName" value="0"/>
				<string name="UnitTyp" value="Ship"/>
			</object>
			<object name="Richelieu_RLBelt">
				<integer name="Back" value="1"/>
				<integer name="Bottom" value="45"/>
				<integer name="Country" value="4"/>
				<float name="ExplProb" value="0."/>
				<float name="FireProb" value="0."/>
				<integer name="Front" value="1"/>
				<integer name="Left" value="45"/>
				<string name="Material" value="Armored"/>
				<integer name="Right" value="260"/>
				<integer name="Top" value="260"/>
				<integer name="UnitName" value="0"/>
				<string name="UnitTyp" value="Ship"/>
			</object>
			<object name="Richelieu_RMBelt">
				<integer name="Back" value="1"/>
				<integer name="Bottom" value="1"/>
				<integer name="Country" value="4"/>
				<float name="ExplProb" value="0."/>
				<float name="FireProb" value="0."/>
				<integer name="Front" value="1"/>
				<integer name="Left" value="30"/>
				<string name="Material" value="Armored"/>
				<integer name="Right" value="320"/>
				<integer name="Top" value="320"/>
				<integer name="UnitName" value="0"/>
				<string name="UnitTyp" value="Ship"/>
			</object>
			<object name="Richelieu_UpperDeck">
				<integer name="Back" value="30"/>
				<integer name="Bottom" value="1"/>
				<integer name="Country" value="4"/>
				<float name="ExplProb" value="0."/>
				<float name="FireProb" value="0."/>
				<integer name="Front" value="30"/>
				<integer name="Left" value="30"/>
				<string name="Material" value="Steel"/>
				<integer name="Right" value="30"/>
				<integer name="Top" value="50"/>
				<integer name="UnitName" value="0"/>
				<string name="UnitTyp" value="Ship"/>
			</object>
			<object name="Richelieu_BulkHead">
				<integer name="Back" value="30"/>
				<integer name="Bottom" value="1"/>
				<integer name="Country" value="4"/>
				<float name="ExplProb" value="0."/>
				<float name="FireProb" value="0."/>
				<integer name="Front" value="30"/>
				<integer name="Left" value="30"/>
				<string name="Material" value="Steel"/>
				<integer name="Right" value="30"/>
				<integer name="Top" value="20"/>
				<integer name="UnitName" value="0"/>
				<string name="UnitTyp" value="Ship"/>
			</object>
			<object name="Richelieu_BoilerHull">
				<integer name="Back" value="10"/>
				<integer name="Bottom" value="10"/>
				<integer name="Country" value="4"/>
				<float name="ExplProb" value="0."/>
				<float name="FireProb" value="40."/>
				<integer name="Front" value="10"/>
				<integer name="Left" value="10"/>
				<string name="Material" value="Steel"/>
				<integer name="Right" value="10"/>
				<integer name="Top" value="10"/>
				<integer name="UnitName" value="0"/>
				<string name="UnitTyp" value="Ship"/>
			</object>	  
			<object name="Richelieu_BattleCabine">
				<integer name="Back" value="200"/>
				<integer name="Bottom" value="52"/>
				<integer name="Country" value="4"/>
				<float name="ExplProb" value="0."/>
				<float name="FireProb" value="0."/>
				<integer name="Front" value="350"/>
				<integer name="Left" value="220"/>
				<string name="Material" value="Armored"/>
				<integer name="Right" value="220"/>
				<integer name="Top" value="100"/>
				<integer name="UnitName" value="0"/>
				<string name="UnitTyp" value="Ship"/>
			</object>	  
			<object name="Richelieu_Barbet">
				<integer name="Back" value="340"/>
				<integer name="Bottom" value="70"/>
				<integer name="Country" value="4"/>
				<float name="ExplProb" value="0."/>
				<float name="FireProb" value="0."/>
				<integer name="Front" value="340"/>
				<integer name="Left" value="340"/>
				<string name="Material" value="Armored"/>
				<integer name="Right" value="340"/>
				<integer name="Top" value="340"/>
				<integer name="UnitName" value="0"/>
				<string name="UnitTyp" value="Ship"/>
			</object> 
			<object name="Richelieu_AB1UpperDeck">
				<integer name="Back" value="145"/>
				<integer name="Bottom" value="20"/>
				<integer name="Country" value="4"/>
				<float name="ExplProb" value="0."/>
				<float name="FireProb" value="0."/>
				<integer name="Front" value="20"/>
				<integer name="Left" value="20"/>
				<string name="Material" value="Steel"/>
				<integer name="Right" value="20"/>
				<integer name="Top" value="50"/>
				<integer name="UnitName" value="0"/>
				<string name="UnitTyp" value="Ship"/>
			</object>
			<object name="Richelieu_AB1MiddleDeck">
				<integer name="Back" value="320"/>
				<integer name="Bottom" value="45"/>
				<integer name="Country" value="4"/>
				<float name="ExplProb" value="0."/>
				<float name="FireProb" value="0."/>
				<integer name="Front" value="60"/>
				<integer name="Left" value="60"/>
				<string name="Material" value="Steel"/>
				<integer name="Right" value="60"/>
				<integer name="Top" value="20"/>
				<integer name="UnitName" value="0"/>
				<string name="UnitTyp" value="Ship"/>
			</object>
			<object name="Richelieu_AB1MiddleDeck2">
				<integer name="Back" value="220"/>
				<integer name="Bottom" value="20"/>
				<integer name="Country" value="4"/>
				<float name="ExplProb" value="0."/>
				<float name="FireProb" value="0."/>
				<integer name="Front" value="20"/>
				<integer name="Left" value="20"/>
				<string name="Material" value="Steel"/>
				<integer name="Right" value="20"/>
				<integer name="Top" value="20"/>
				<integer name="UnitName" value="0"/>
				<string name="UnitTyp" value="Ship"/>
			</object>
			<object name="Richelieu_AB1LowerDeck">
				<integer name="Back" value="320"/>
				<integer name="Bottom" value="45"/>
				<integer name="Country" value="4"/>
				<float name="ExplProb" value="0."/>
				<float name="FireProb" value="0."/>
				<integer name="Front" value="60"/>
				<integer name="Left" value="60"/>
				<string name="Material" value="Steel"/>
				<integer name="Right" value="60"/>
				<integer name="Top" value="20"/>
				<integer name="UnitName" value="0"/>
				<string name="UnitTyp" value="Ship"/>
			</object>
			<object name="Richelieu_AS2UpperDeck">
				<integer name="Back" value="45"/>
				<integer name="Bottom" value="45"/>
				<integer name="Country" value="4"/>
				<float name="ExplProb" value="0."/>
				<float name="FireProb" value="0."/>
				<integer name="Front" value="220"/>
				<integer name="Left" value="80"/>
				<string name="Material" value="Steel"/>
				<integer name="Right" value="80"/>
				<integer name="Top" value="50"/>
				<integer name="UnitName" value="0"/>
				<string name="UnitTyp" value="Ship"/>
			</object>
			<object name="Richelieu_AS2LowerDeck">
				<integer name="Back" value="150"/>
				<integer name="Bottom" value="45"/>
				<integer name="Country" value="4"/>
				<float name="ExplProb" value="0."/>
				<float name="FireProb" value="0."/>
				<integer name="Front" value="220"/>
				<integer name="Left" value="80"/>
				<string name="Material" value="Steel"/>
				<integer name="Right" value="80"/>
				<integer name="Top" value="110"/>
				<integer name="UnitName" value="0"/>
				<string name="UnitTyp" value="Ship"/>
			</object>
			<object name="Richelieu_AmmoStore">
				<integer name="Back" value="30"/>
				<integer name="Bottom" value="40"/>
				<integer name="Country" value="4"/>
				<float name="ExplProb" value="0."/>
				<float name="FireProb" value="0."/>
				<integer name="Front" value="30"/>
				<integer name="Left" value="30"/>
				<string name="Material" value="Steel"/>
				<integer name="Right" value="30"/>
				<integer name="Top" value="40"/>
				<integer name="UnitName" value="0"/>
				<string name="UnitTyp" value="Ship"/>
			</object>
			<object name="Richelieu_ArmorDeck">
				<integer name="Back" value="320"/>
				<integer name="Bottom" value="1"/>
				<integer name="Country" value="4"/>
				<float name="ExplProb" value="0."/>
				<float name="FireProb" value="0."/>
				<integer name="Front" value="320"/>
				<integer name="Left" value="45"/>
				<string name="Material" value="Steel"/>
				<integer name="Right" value="45"/>
				<integer name="Top" value="100"/>
				<integer name="UnitName" value="0"/>
				<string name="UnitTyp" value="Ship"/>
			</object>
			<object name="Richelieu_LAMP">
				<integer name="Back" value="22"/>
				<integer name="Bottom" value="22"/>
				<integer name="Country" value="4"/>
				<float name="ExplProb" value="0."/>
				<float name="FireProb" value="0."/>
				<integer name="Front" value="22"/>
				<integer name="Left" value="22"/>
				<string name="Material" value="Steel"/>
				<integer name="Right" value="22"/>
				<integer name="Top" value="22"/>
				<integer name="UnitName" value="0"/>
				<string name="UnitTyp" value="Ship"/>
			</object>
			<object name="Richelieu_RAMP">
				<integer name="Back" value="22"/>
				<integer name="Bottom" value="22"/>
				<integer name="Country" value="4"/>
				<float name="ExplProb" value="0."/>
				<float name="FireProb" value="0."/>
				<integer name="Front" value="22"/>
				<integer name="Left" value="22"/>
				<string name="Material" value="Steel"/>
				<integer name="Right" value="22"/>
				<integer name="Top" value="22"/>
				<integer name="UnitName" value="0"/>
				<string name="UnitTyp" value="Ship"/>
			</object>
			<object name="Richelieu_Bottom">
				<integer name="Back" value="60"/>
				<integer name="Bottom" value="45"/>
				<integer name="Country" value="4"/>
				<float name="ExplProb" value="0."/>
				<float name="FireProb" value="0."/>
				<integer name="Front" value="80"/>
				<integer name="Left" value="45"/>
				<string name="Material" value="Steel"/>
				<integer name="Right" value="45"/>
				<integer name="Top" value="3"/>
				<integer name="UnitName" value="0"/>
				<string name="UnitTyp" value="Ship"/>
			</object>
			<object name="Richelieu_Boiler">
				<integer name="Back" value="45"/>
				<integer name="Bottom" value="20"/>
				<integer name="Country" value="4"/>
				<float name="ExplProb" value="60."/>
				<float name="FireProb" value="30."/>
				<integer name="Front" value="40"/>
				<integer name="Left" value="45"/>
				<string name="Material" value="Steel"/>
				<integer name="Right" value="45"/>
				<integer name="Top" value="20"/>
				<integer name="UnitName" value="0"/>
				<string name="UnitTyp" value="Ship"/>
			</object>
			<object name="Richelieu_Engine">
				<integer name="Back" value="40"/>
				<integer name="Bottom" value="40"/>
				<integer name="Country" value="4"/>
				<float name="ExplProb" value="0."/>
				<float name="FireProb" value="30."/>
				<integer name="Front" value="40"/>
				<integer name="Left" value="40"/>
				<string name="Material" value="Steel"/>
				<integer name="Right" value="40"/>
				<integer name="Top" value="40"/>
				<integer name="UnitName" value="0"/>
				<string name="UnitTyp" value="Ship"/>
			</object>
			<object name="Richelieu_Tiller">
				<integer name="Back" value="110"/>
				<integer name="Bottom" value="150"/>
				<integer name="Country" value="4"/>
				<float name="ExplProb" value="0."/>
				<float name="FireProb" value="0."/>
				<integer name="Front" value="110"/>
				<integer name="Left" value="150"/>
				<string name="Material" value="Steel"/>
				<integer name="Right" value="110"/>
				<integer name="Top" value="110"/>
				<integer name="UnitName" value="0"/>
				<string name="UnitTyp" value="Ship"/>
			</object>
			<object name="Richelieu_Shell">
				<integer name="Back" value="320"/>
				<integer name="Bottom" value="320"/>
				<integer name="Country" value="4"/>
				<float name="ExplProb" value="0."/>
				<float name="FireProb" value="0."/>
				<integer name="Front" value="320"/>
				<integer name="Left" value="320"/>
				<string name="Material" value="Armored"/>
				<integer name="Right" value="320"/>
				<integer name="Top" value="100"/>
				<integer name="UnitName" value="0"/>
				<string name="UnitTyp" value="Ship"/>
			</object>
			<object name="Richelieu_TurtleDeck">
				<integer name="Back" value="1"/>
				<integer name="Bottom" value="1"/>
				<integer name="Country" value="4"/>
				<float name="ExplProb" value="0."/>
				<float name="FireProb" value="0."/>
				<integer name="Front" value="1"/>
				<integer name="Left" value="45"/>
				<string name="Material" value="Steel"/>
				<integer name="Right" value="45"/>
				<integer name="Top" value="120"/>
				<integer name="UnitName" value="0"/>
				<string name="UnitTyp" value="Ship"/>
			</object>
		</object> 
		<object name="ShipsNames">
			<object name="Richelieu">
				<string name="1" value="Richelieu1"/>
			</object>
                  </object>
                  <object name="UnitsByType">
			<object name="1">
				<object name="Richelieu">
					<string name="ChildTable" value="Ships"/>
				</object>
                   	</object>
		</object>
	</object>
</root>
