﻿<?xml version="1.0" standalone="yes" ?>
<root>
	<object name="Modifications">
		<object name="Ships">
			<object name="Richelieu">
				<object name="Prototype">
					<string name="AAGunControl" value="Mark12R_AA"/>
					<float name="AAVolleyWeight" value="11.4749985"/>
					<float name="Aluminium" value="0."/>
					<float name="AmmoWeight" value="895.720215"/>
					<float name="Armour" value="0."/>
					<float name="FuelConsumption" value="15.4899063"/>
					<float name="FuelProtect" value="0."/>
					<string name="FullModName" value="Ships.Richelieu.Prototype"/>
					<float name="Iron" value="50012.7695"/>
					<boolean name="IsAvailable" value="true"/>
					<boolean name="IsJammer" value="true"/>
					<string name="MainGunControl" value="Mk_8R_M"/>
					<float name="MaxFuel" value="4200."/>
					<float name="MaxSpeed" value="30.4"/>
					<float name="MinSpeed" value="0."/>
					<float name="Money" value="65235.5"/>
					<widestring name="Name" value="RRQwBDsEQgQ4BDwEPgRABAA="/>
					<float name="RadarRange" value="0."/>
					<float name="RadioGain" value="10000."/>
					<float name="RadioPowerHF" value="0."/>
					<float name="RadioPowerVHF" value="50."/>
					<float name="RadioSensitivityHF" value="0."/>
					<float name="RadioSensitivityVHF" value="4.99999989e-003"/>
					<object name="Slots">
						<object name="TPort_MainGunA">
							<string name="Device" value="4x380mm_Richelieu_Turret_2V"/>
							<string name="Table" value="Turrets"/>
						</object>
						<object name="TPort_MainGunB">
							<string name="Device" value="4x380mm_Richelieu_Turret_1VF"/>
							<string name="Table" value="Turrets"/>
						</object>
						<object name="TPort_152mmBR">
							<string name="Device" value="3x152_Main_Gun_Richelieu_2V"/>
							<string name="Table" value="Turrets"/>
						</object>
						<object name="TPort_152mmBL">
							<string name="Device" value="3x152_Main_Gun_Richelieu_2V"/>
							<string name="Table" value="Turrets"/>
						</object>
						<object name="TPort_152mmM">
							<string name="Device" value="3x152_Main_Gun_Richelieu_1V"/>
							<string name="Table" value="Turrets"/>
						</object>
						<object name="TPort_100mm1R">
							<string name="Device" value="Richelieu_2x100mm_Turret"/>
							<string name="Table" value="Turrets"/>
						</object>
						<object name="TPort_100mm1L">
							<string name="Device" value="Richelieu_2x100mm_Turret"/>
							<string name="Table" value="Turrets"/>
						</object> 
						<object name="TPort_100mm2R">
							<string name="Device" value="Richelieu_2x100mm_Turret"/>
							<string name="Table" value="Turrets"/>
						</object>
						<object name="TPort_100mm2L">
							<string name="Device" value="Richelieu_2x100mm_Turret"/>
							<string name="Table" value="Turrets"/>
						</object>
						<object name="TPort_100mm3R">
							<string name="Device" value="Richelieu_2x100mm_Turret"/>
							<string name="Table" value="Turrets"/>
						</object>
						<object name="TPort_100mm3L">
							<string name="Device" value="Richelieu_2x100mm_Turret"/>
							<string name="Table" value="Turrets"/>
						</object>
						<object name="TPort_AA40mm1R">
							<string name="Device" value="2x2x40mmBofors_US_Turret"/>
							<string name="Table" value="Turrets"/>
						</object>

						<object name="TPort_AA40mm1L">
							<string name="Device" value="2x2x40mmBofors_US_Turret"/>
							<string name="Table" value="Turrets"/>
						</object>
						<object name="TPort_AA40mm2R">
							<string name="Device" value="2x2x40mmBofors_US_Turret"/>
							<string name="Table" value="Turrets"/>
						</object>
						<object name="TPort_AA40mm2L">
							<string name="Device" value="2x2x40mmBofors_US_Turret"/>
							<string name="Table" value="Turrets"/>
						</object>
						<object name="TPort_AA40mm3R">
							<string name="Device" value="2x2x40mmBofors_US_Turret"/>
							<string name="Table" value="Turrets"/>
						</object>
						<object name="TPort_AA40mm3L">
							<string name="Device" value="2x2x40mmBofors_US_Turret"/>
							<string name="Table" value="Turrets"/>
						</object>
						<object name="TPort_AA40mm4R">
							<string name="Device" value="2x2x40mmBofors_US_Turret"/>
							<string name="Table" value="Turrets"/>
						</object>

						<object name="TPort_AA40mm4L">
							<string name="Device" value="2x2x40mmBofors_US_Turret"/>
							<string name="Table" value="Turrets"/>
						</object>
						<object name="TPort_AA40mm5R">
							<string name="Device" value="2x2x40mmBofors_US_Turret"/>
							<string name="Table" value="Turrets"/>
						</object>
						<object name="TPort_AA40mm5L">
							<string name="Device" value="2x2x40mmBofors_US_Turret"/>
							<string name="Table" value="Turrets"/>
						</object>
						<object name="TPort_AA40mm6R">
							<string name="Device" value="2x2x40mmBofors_US_Turret"/>
							<string name="Table" value="Turrets"/>
						</object>
						<object name="TPort_AA40mm6L">
							<string name="Device" value="2x2x40mmBofors_US_Turret"/>
							<string name="Table" value="Turrets"/>
						</object>
						<object name="TPort_AA40mm7R">
							<string name="Device" value="2x2x40mmBofors_US_Turret"/>
							<string name="Table" value="Turrets"/>
						</object>
						<object name="TPort_AA40mm7L">
							<string name="Device" value="2x2x40mmBofors_US_Turret"/>
							<string name="Table" value="Turrets"/>
						</object>

						<object name="TPort_ProjBR">
							<string name="Device" value="Bismark_Projector_Turret"/>
							<string name="Table" value="Turrets"/>
						</object>
						<object name="TPort_ProjBL">
							<string name="Device" value="Bismark_Projector_Turret"/>
							<string name="Table" value="Turrets"/>
						</object>
						<object name="TPort_RFSFR">
							<string name="Device" value="Strasbourg_RangefinderSmall"/>
							<string name="Table" value="Turrets"/>
						</object>
						<object name="TPort_RFSFL">
							<string name="Device" value="Strasbourg_RangefinderSmall"/>
							<string name="Table" value="Turrets"/>
						</object>
						<object name="TPort_RFSBR">
							<string name="Device" value="Strasbourg_RangefinderSmall"/>
							<string name="Table" value="Turrets"/>
						</object>
						<object name="TPort_RFSBL">
							<string name="Device" value="Strasbourg_RangefinderSmall"/>
							<string name="Table" value="Turrets"/>
						</object>
						<object name="TPort_AA20mm00">
							<string name="Device" value="Turret_20x1_USA"/>
							<string name="Table" value="Turrets"/>
						</object>
						<object name="TPort_AA20mm01">
							<string name="Device" value="Turret_20x1_USA"/>
							<string name="Table" value="Turrets"/>
						</object>
						<object name="TPort_AA20mm02">
							<string name="Device" value="Turret_20x1_USA"/>
							<string name="Table" value="Turrets"/>
						</object>
						<object name="TPort_AA20mm03">
							<string name="Device" value="Turret_20x1_USA"/>
							<string name="Table" value="Turrets"/>
						</object>
						<object name="TPort_AA20mm04">
							<string name="Device" value="Turret_20x1_USA"/>
							<string name="Table" value="Turrets"/>
						</object>
						<object name="TPort_AA20mm05">
							<string name="Device" value="Turret_20x1_USA"/>
							<string name="Table" value="Turrets"/>
						</object>
						<object name="TPort_AA20mm06">
							<string name="Device" value="Turret_20x1_USA"/>
							<string name="Table" value="Turrets"/>
						</object>
						<object name="TPort_AA20mm07">
							<string name="Device" value="Turret_20x1_USA"/>
							<string name="Table" value="Turrets"/>
						</object>
						<object name="TPort_AA20mm08">
							<string name="Device" value="Turret_20x1_USA"/>
							<string name="Table" value="Turrets"/>
						</object>
						<object name="TPort_AA20mm09">
							<string name="Device" value="Turret_20x1_USA"/>
							<string name="Table" value="Turrets"/>
						</object>
						<object name="TPort_AA20mm10">
							<string name="Device" value="Turret_20x1_USA"/>
							<string name="Table" value="Turrets"/>
						</object>
						<object name="TPort_AA20mm11">
							<string name="Device" value="Turret_20x1_USA"/>
							<string name="Table" value="Turrets"/>
						</object>
						<object name="TPort_AA20mm12">
							<string name="Device" value="Turret_20x1_USA"/>
							<string name="Table" value="Turrets"/>
						</object>
						<object name="TPort_AA20mm13">
							<string name="Device" value="Turret_20x1_USA"/>
							<string name="Table" value="Turrets"/>
						</object>
						<object name="TPort_AA20mm14">
							<string name="Device" value="Turret_20x1_USA"/>
							<string name="Table" value="Turrets"/>
						</object>
						<object name="TPort_AA20mm15">
							<string name="Device" value="Turret_20x1_USA"/>
							<string name="Table" value="Turrets"/>
						</object>
						<object name="TPort_AA20mm16">
							<string name="Device" value="Turret_20x1_USA"/>
							<string name="Table" value="Turrets"/>
						</object>
						<object name="TPort_AA20mm17">
							<string name="Device" value="Turret_20x1_USA"/>
							<string name="Table" value="Turrets"/>
						</object>
						<object name="TPort_AA20mm18">
							<string name="Device" value="Turret_20x1_USA"/>
							<string name="Table" value="Turrets"/>
						</object>
						<object name="TPort_AA20mm19">
							<string name="Device" value="Turret_20x1_USA"/>
							<string name="Table" value="Turrets"/>
						</object>
						<object name="TPort_AA20mm20">
							<string name="Device" value="Turret_20x1_USA"/>
							<string name="Table" value="Turrets"/>
						</object>
						<object name="TPort_AA20mm21">
							<string name="Device" value="Turret_20x1_USA"/>
							<string name="Table" value="Turrets"/>
						</object>
						<object name="TPort_AA20mm22">
							<string name="Device" value="Turret_20x1_USA"/>
							<string name="Table" value="Turrets"/>
						</object>
						<object name="TPort_AA20mm23">
							<string name="Device" value="Turret_20x1_USA"/>
							<string name="Table" value="Turrets"/>
						</object>
						<object name="TPort_AA20mm24">
							<string name="Device" value="Turret_20x1_USA"/>
							<string name="Table" value="Turrets"/>
						</object>
						<object name="TPort_AA20mm25">
							<string name="Device" value="Turret_20x1_USA"/>
							<string name="Table" value="Turrets"/>
						</object>
						<object name="TPort_AA20mm26">
							<string name="Device" value="Turret_20x1_USA"/>
							<string name="Table" value="Turrets"/>
						</object>
						<object name="TPort_AA20mm27">
							<string name="Device" value="Turret_20x1_USA"/>
							<string name="Table" value="Turrets"/>
						</object>
						<object name="TPort_AA20mm28">
							<string name="Device" value="Turret_20x1_USA"/>
							<string name="Table" value="Turrets"/>
						</object>
						<object name="TPort_AA20mm29">
							<string name="Device" value="Turret_20x1_USA"/>
							<string name="Table" value="Turrets"/>
						</object>
						<object name="TPort_AA20mm30">
							<string name="Device" value="Turret_20x1_USA"/>
							<string name="Table" value="Turrets"/>
						</object>
						<object name="TPort_AA20mm31">
							<string name="Device" value="Turret_20x1_USA"/>
							<string name="Table" value="Turrets"/>
						</object>
						<object name="TPort_AA20mm32">
							<string name="Device" value="Turret_20x1_USA"/>
							<string name="Table" value="Turrets"/>
						</object>
						<object name="TPort_AA20mm33">
							<string name="Device" value="Turret_20x1_USA"/>
							<string name="Table" value="Turrets"/>
						</object>
						<object name="TPort_AA20mm34">
							<string name="Device" value="Turret_20x1_USA"/>
							<string name="Table" value="Turrets"/>
						</object>
						<object name="TPort_AA20mm35">
							<string name="Device" value="Turret_20x1_USA"/>
							<string name="Table" value="Turrets"/>
						</object>
						<object name="TPort_AA20mm36">
							<string name="Device" value="Turret_20x1_USA"/>
							<string name="Table" value="Turrets"/>
						</object>
						<object name="TPort_AA20mm37">
							<string name="Device" value="Turret_20x1_USA"/>
							<string name="Table" value="Turrets"/>
						</object>
						<object name="TPort_AA20mm38">
							<string name="Device" value="Turret_20x1_USA"/>
							<string name="Table" value="Turrets"/>
						</object>
						<object name="TPort_AA20mm39">
							<string name="Device" value="Turret_20x1_USA"/>
							<string name="Table" value="Turrets"/>
						</object>
						<object name="TPort_AA20mm40">
							<string name="Device" value="Turret_20x1_USA"/>
							<string name="Table" value="Turrets"/>
						</object>
						<object name="TPort_AA20mm41">
							<string name="Device" value="Turret_20x1_USA"/>
							<string name="Table" value="Turrets"/>
						</object>
						<object name="TPort_AA20mm42">
							<string name="Device" value="Turret_20x1_USA"/>
							<string name="Table" value="Turrets"/>
						</object>
						<object name="TPort_AA20mm43">
							<string name="Device" value="Turret_20x1_USA"/>
							<string name="Table" value="Turrets"/>
						</object>
						<object name="TPort_AA20mm44">
							<string name="Device" value="Turret_20x1_USA"/>
							<string name="Table" value="Turrets"/>
						</object>
						<object name="TPort_RF01FR">
							<string name="Device" value="Strasbourg_RangefinderTypeSL"/>
							<string name="Table" value="Turrets"/>
						</object>
						<object name="TPort_RF02FL">
							<string name="Device" value="Strasbourg_RangefinderTypeSL"/>
							<string name="Table" value="Turrets"/>
						</object>
						<object name="TPort_RF3mFR">
							<string name="Device" value="Strasbourg_Rangefinder3m"/>
							<string name="Table" value="Turrets"/>
						</object>
						<object name="TPort_RF3mFL">
							<string name="Device" value="Strasbourg_Rangefinder3m"/>
							<string name="Table" value="Turrets"/>
						</object>
						<object name="TPort_RF3mBR">
							<string name="Device" value="Strasbourg_Rangefinder3m"/>
							<string name="Table" value="Turrets"/>
						</object>
						<object name="TPort_RF3mBL">
							<string name="Device" value="Strasbourg_Rangefinder3m"/>
							<string name="Table" value="Turrets"/>
						</object>
						<object name="TPort_RF4mF">
							<string name="Device" value="Strasbourg_Rangefinder4m"/>
							<string name="Table" value="Turrets"/>
						</object>
						<object name="TPort_RF4mB">
							<string name="Device" value="Strasbourg_Rangefinder4m"/>
							<string name="Table" value="Turrets"/>
						</object>
						<object name="TPort_RF4mR">
							<string name="Device" value="Strasbourg_Rangefinder4m"/>
							<string name="Table" value="Turrets"/>
						</object>
						<object name="TPort_RF4mL">
							<string name="Device" value="Strasbourg_Rangefinder4m"/>
							<string name="Table" value="Turrets"/>
						</object>
						<object name="TPort_RF6m">
							<string name="Device" value="Dunkerque_Rangefinder6m"/>
							<string name="Table" value="Turrets"/>
						</object>
						<object name="TPort_RADAR1">
							<string name="Device" value="Strasbourg_Radar1"/>
							<string name="Table" value="Turrets"/>
						</object>
						<object name="TPort_RADAR2">
							<string name="Device" value="Strasbourg_Radar2"/>
							<string name="Table" value="Turrets"/>
						</object>
						<object name="TPort_RADAR3">
							<string name="Device" value="Strasbourg_Radar3"/>
							<string name="Table" value="Turrets"/>
						</object> 
						<object name="TPort_RADAR4">
							<string name="Device" value="Strasbourg_Radar3"/>
							<string name="Table" value="Turrets"/>
						</object>


						<object name="TPort_VINTR1">
							<string name="Device" value="Vint_Bismark"/>
							<string name="Table" value="Turrets"/>
						</object>
						<object name="TPort_VINTL1">
							<string name="Device" value="Vint_Bismark"/>
							<string name="Table" value="Turrets"/>
						</object>
						<object name="TPort_VINTR2">
							<string name="Device" value="Vint_Bismark"/>
							<string name="Table" value="Turrets"/>
						</object>
						<object name="TPort_VINTL2">
							<string name="Device" value="Vint_Bismark"/>
							<string name="Table" value="Turrets"/>
						</object>
						<object name="ZPort_AAGunContr1">
							<string name="Device" value="Mark12R_AA"/>
							<string name="Table" value="AimSystems"/>
						</object>
						<object name="ZPort_Jammer_US_A1">
							<string name="Device" value="Jammer_US_A"/>
							<string name="Table" value="Probes"/>
						</object>
						<object name="ZPort_MainGunContr">
							<string name="Device" value="Mk_8R_M"/>
							<string name="Table" value="AimSystems"/>
						</object>
						<object name="ZPort_Radio">
							<string name="Device" value="TBS"/>
							<string name="Table" value="Probes"/>
						</object>
						<object name="ZPort_Sonar">
							<string name="Device" value="Sword_Type_147_U"/>
							<string name="Table" value="Probes"/>
						</object>
						<object name="ZPort_SteamTurbine_01">
							<string name="Device" value="MPP_Richelieu"/>
							<string name="Table" value="Engins"/>
						</object>
					</object>
					<string name="Sonar" value="Sword_Type_147_U"/>
					<float name="Speed" value="19."/>
					<string name="SuperRifles" value=""/>
					<float name="VolleyWeight" value="19.0079994"/>
					<float name="Weight" value="43032.082"/>
				</object>
			</object>
		</object>
	</object>
</root>