﻿<?xml version = "1.0" encoding = "UTF-8"?>
<root>
	<object name = "SteelMonstersParams">
		<object name="Ships">
			<object name="Perth">
				<float name="AccelRate" value="3.e-004"/>
				<string name="Airgroup" value="Scout_ShipWater_Battleship_Battalion_england"/>
				<integer name="AirplanesCount" value="2"/>
				<string name="AmmoLoadingTemplate" value="Ammo 12"/>
				<boolean name="BoatsTransportationAbility" value="false"/>
				<integer name="CabinArmor" value="127"/>
				<boolean name="CanBeChanged" value="true"/>
				<boolean name="CanUseTorpedos" value="true"/>
				<string name="CatapultAirgroupDefaultUnit" value="Walrus"/>
				<integer name="Country" value="4"/>
				<integer name="Crew" value="830"/>
				<float name="CriticalCareen" value="37."/>
				<float name="CriticalDFT" value="2.2"/>
				<float name="CriticalDifferent" value="2.5"/>
				<float name="DTimeProd" value="70."/>
				<float name="DisplacementMax" value="7270."/>
				<float name="EPR" value="315."/>
				<float name="FireRisk" value="267."/>
				<float name="Fuel" value="1850."/>
				<float name="HLShapeCoef" value="0.5"/>
				<integer name="HullArmorSide" value="127"/>
				<integer name="HullArmorTop" value="52"/>
				<float name="Iron" value="10000."/>
				<integer name="Length" value="169"/>
				<float name="MaxSpeed" value="32.5"/>
				<integer name="MinCrew" value="446"/>
				<float name="Money" value="10500."/>
				<float name="NTimeProd" value="175."/>
				<string name="Name" value="Perth"/>
				<boolean name="New" value="true"/>
				<integer name="Nuc_Dest_Prob" value="500"/>
				<integer name="Passengers" value="40"/>
				<boolean name="PlanesTransportationAbility" value="false"/>
				<float name="Range" value="20372."/>
				<integer name="Rank" value="4"/>
				<string name="SMU" value="Perth"/>
				<float name="Speed" value="12."/>
				<float name="StoreCapacity" value="740."/>
				<boolean name="Transportable" value="false"/>
				<float name="TurnRate" value="1.5e-003"/>
				<integer name="Type" value="3"/>
				<float name="Vitality" value="4500."/>
				<float name="VitalityAA" value="900."/>
				<float name="Weight" value="7270."/>
				<integer name="Width" value="16.9"/>
				<integer name="Year" value="39"/>
			</object>
		</object>
		<object name="ShipsNames">
			<object name="Perth">
				<string name="1" value="Perth1"/>
				<string name="2" value="Perth2"/>
				<string name="3" value="Perth3"/>
			</object>
		</object>
		<object name="UnitsByType">
			<object name="3">
				<object name="Perth">
					<string name="ChildTable" value="Ships"/>
				</object>
			</object>
		</object>
	</object>
</root>
