﻿<?xml version="1.0" standalone="yes" ?>
<root>
	<object name="SteelMonstersParams">
		<object name="Rifles">
			<object name="Kuma_1x80mm_Turret_Stvol">
				<float name="AARange" value="7.2"/>
				<string name="Ammo" value="Proj_K_80_J"/>
				<integer name="AmmoStorage" value="120"/>
				<float name="AmmoWeight" value="5.99"/>
				<float name="Caliber" value="80."/>
				<string name="HighExp" value="Proj_K_80_J_HE"/>
				<integer name="Country" value="2"/>
				<float name="Dispersion" value="8."/>
				<integer name="FinalSpeed" value="180"/>
				<string name="FireSound" value="Guns\100mm"/>
				<boolean name="IgnoreXMLFile" value="false"/>
				<float name="Money" value="5."/>
				<boolean name="New" value="true"/>
				<float name="ROF" value="20."/>
				<float name="Range" value="10.8"/>
				<boolean name="SLLauncher" value="false"/>
				<string name="SMU_File" value="Kuma_1x80mm_Turret_Stvol"/>
				<integer name="StartSpeed" value="685"/>
				<integer name="Unreliability" value="0"/>
				<string name="Usage" value="Ships"/>
				<float name="Weight" value="0.6"/>
			</object>
		</object>
		<object name="Turrets">
			<object name="Kuma_1x80mm_Turret">
				<integer name="Amount" value="1"/>
				<integer name="ArmorFront" value="0"/>
				<integer name="ArmorSide" value="0"/>
				<integer name="ArmorTop" value="0"/>
				<string name="Building" value="Artillery"/>
				<string name="Content" value="Rifles.Kuma_1x80mm_Turret_Stvol"/>
				<integer name="Country" value="2"/>
				<float name="DTimeProd" value="5."/>
				<integer name="Elevation" value="75."/>
				<integer name="ElevationRate" value="10."/>
				<string name="Icon" value="Artillery"/>
				<boolean name="IgnoreXMLFile" value="false"/>
				<float name="Iron" value="25."/>
				<float name="Money" value="9."/>
				<float name="NTimeProd" value="25."/>
				<boolean name="New" value="false"/>
				<boolean name="Production" value="false"/>
				<integer name="QualityRate" value="4"/>
				<integer name="RotationRate" value="11"/>
				<string name="SMU_File" value="Kuma_1x80mm_Turret"/>
				<string name="Type" value="Gun"/>
				<float name="Vitality" value="100."/>
				<float name="Weight" value="3.3"/>
			</object>
		</object>
		<object name="Hit_Location">
			<object name="Kuma80mm1401">
				<integer name="Country" value="2"/>
				<float name="ER" value="10."/>
				<string name="Hull" value="Std_Guns_SO"/>
				<string name="Name" value="Turretr"/>
				<string name="TypHL" value="AmmoStore"/>
				<string name="UnitName" value="Kuma_1x80mm_Turret"/>
			</object>
			<object name="Kuma80mm1402">
				<integer name="Country" value="2"/>
				<integer name="Crew" value="1"/>
				<float name="ER" value="3.e-002"/>
				<string name="Hull" value="Std_Crew"/>
				<string name="Name" value="Gunner2"/>
				<string name="TypHL" value="Crew"/>
				<string name="UnitName" value="Kuma_1x80mm_Turret"/>
			</object>
			<object name="Kuma80mm1403">
				<integer name="Country" value="2"/>
				<integer name="Crew" value="1"/>
				<float name="ER" value="3.e-002"/>
				<string name="Hull" value="Std_Crew"/>
				<string name="Name" value="Gunner1"/>
				<string name="TypHL" value="Crew"/>
				<string name="UnitName" value="Kuma_1x80mm_Turret"/>
			</object>
		</object>
	</object>
</root>
