﻿<?xml version="1.0" standalone="yes" ?>
<root>
	<object name="SteelMonstersParams">
		<object name="Hit_Location">
			<object name="A7818">
				<integer name="Country" value="3"/>
				<float name="ER" value="200."/>
				<string name="Hull" value="Std_Turret_RF"/>
				<string name="Name" value="RRAngefinder"/>
				<string name="TypHL" value="Probe"/>
				<string name="UnitName" value="KingGeorgV_Gun_356x4_Turret_A"/>
			</object>
			<object name="A7819">
				<integer name="Country" value="3"/>
				<float name="ER" value="200."/>
				<string name="Hull" value="Std_Turret_RF"/>
				<string name="Name" value="LRangefinder"/>
				<string name="TypHL" value="Probe"/>
				<string name="UnitName" value="KingGeorgV_Gun_356x4_Turret_A"/>
			</object>
			<object name="A7820">
				<integer name="Country" value="3"/>
				<float name="ER" value="500."/>
				<string name="Hull" value="KingGeorgV_MTurretx4"/>
				<string name="Name" value="Turret"/>
				<string name="TypHL" value="AmmoStore"/>
				<string name="UnitName" value="KingGeorgV_Gun_356x4_Turret_A"/>
			</object>
			<object name="A7821">
				<integer name="Country" value="3"/>
				<float name="ER" value="500."/>
				<string name="Hull" value="KingGeorgV_MTShakegebanx4"/>
				<string name="Name" value="Shakegeban"/>
				<string name="TypHL" value="Hull"/>
				<string name="UnitName" value="KingGeorgV_Gun_356x4_Turret_A"/>
			</object>
			<object name="B7814">
				<integer name="Country" value="3"/>
				<float name="ER" value="200."/>
				<string name="Hull" value="Std_Turret_RF"/>
				<string name="Name" value="RRangefinder"/>
				<string name="TypHL" value="Probe"/>
				<string name="UnitName" value="KingGeorgV_Gun_356x2_Turret_B"/>
			</object>
			<object name="B7815">
				<integer name="Country" value="3"/>
				<float name="ER" value="200."/>
				<string name="Hull" value="Std_Turret_RF"/>
				<string name="Name" value="LRangefinder"/>
				<string name="TypHL" value="Probe"/>
				<string name="UnitName" value="KingGeorgV_Gun_356x2_Turret_B"/>
			</object>
			<object name="B7816">
				<integer name="Country" value="3"/>
				<float name="ER" value="500."/>
				<string name="Hull" value="KingGeorgV_MTurretx2"/>
				<string name="Name" value="Turret"/>
				<string name="TypHL" value="AmmoStore"/>
				<string name="UnitName" value="KingGeorgV_Gun_356x2_Turret_B"/>
			</object>
			<object name="B7817">
				<integer name="Country" value="3"/>
				<float name="ER" value="500."/>
				<string name="Hull" value="KingGeorgV_MTShakegebanx2"/>
				<string name="Name" value="Shakegeban"/>
				<string name="TypHL" value="Hull"/>
				<string name="UnitName" value="KingGeorgV_Gun_356x2_Turret_B"/>
			</object>
			<object name="D7818">
				<integer name="Country" value="3"/>
				<float name="ER" value="200."/>
				<string name="Hull" value="Std_Turret_RF"/>
				<string name="Name" value="RRAngefinder"/>
				<string name="TypHL" value="Probe"/>
				<string name="UnitName" value="KingGeorgV_Gun_356x4_Turret_D"/>
			</object>
			<object name="D7819">
				<integer name="Country" value="3"/>
				<float name="ER" value="200."/>
				<string name="Hull" value="Std_Turret_RF"/>
				<string name="Name" value="LRangefinder"/>
				<string name="TypHL" value="Probe"/>
				<string name="UnitName" value="KingGeorgV_Gun_356x4_Turret_D"/>
			</object>
			<object name="D7820">
				<integer name="Country" value="3"/>
				<float name="ER" value="500."/>
				<string name="Hull" value="KingGeorgV_MTurretx4"/>
				<string name="Name" value="Turret"/>
				<string name="TypHL" value="AmmoStore"/>
				<string name="UnitName" value="KingGeorgV_Gun_356x4_Turret_D"/>
			</object>
			<object name="D7821">
				<integer name="Country" value="3"/>
				<float name="ER" value="500."/>
				<string name="Hull" value="KingGeorgV_MTShakegebanx4"/>
				<string name="Name" value="Shakegeban"/>
				<string name="TypHL" value="Hull"/>
				<string name="UnitName" value="KingGeorgV_Gun_356x4_Turret_D"/>	
			</object>
		</object>
		<object name="Turrets">
			<object name="KingGeorgV_Gun_356x2_Turret_B">
				<integer name="Amount" value="2"/>
				<integer name="ArmorFront" value="650"/>
				<integer name="ArmorSide" value="250"/>
				<integer name="ArmorTop" value="270"/>
				<string name="Content" value="Rifles.KingGeorgV_Gun_356_Stvol"/>
				<integer name="Country" value="3"/>
				<integer name="Elevation" value="40"/>
				<integer name="ElevationRate" value="8"/>
				<boolean name="IgnoreXMLFile" value="false"/>
				<float name="Iron" value="915."/>
				<float name="Money" value="680."/>
				<boolean name="New" value="true"/>
				<boolean name="Production" value="false"/>
				<integer name="QualityRate" value="4"/>
				<integer name="RotationRate" value="2"/>
				<string name="SMU_File" value="KingGeorgV_Gun_356x2_Turret"/>
				<string name="Type" value="Gun"/>
				<float name="Vitality" value="1600."/>
				<float name="Weight" value="915."/>
			</object>
			<object name="KingGeorgV_Gun_356x4_Turret_A">
				<integer name="Amount" value="4"/>
				<integer name="ArmorFront" value="650"/>
				<integer name="ArmorSide" value="250"/>
				<integer name="ArmorTop" value="270"/>
				<string name="Building" value="Artillery"/>
				<string name="Content" value="Rifles.KingGeorgV_Gun_356_Stvol"/>
				<integer name="Country" value="3"/>
				<float name="DTimeProd" value="45."/>
				<integer name="Elevation" value="40"/>
				<integer name="ElevationRate" value="8"/>
				<string name="Icon" value="Artillery"/>
				<boolean name="IgnoreXMLFile" value="false"/>
				<float name="Iron" value="2736."/>
				<float name="Money" value="2700."/>
				<boolean name="New" value="true"/>
				<float name="NTimeProd" value="180."/>
				<boolean name="Production" value="true"/>
				<integer name="QualityRate" value="4"/>
				<integer name="RotationRate" value="2"/>
				<string name="SMU_File" value="KingGeorgV_Gun_356x4_Turret"/>
				<string name="Type" value="Gun"/>
				<float name="Vitality" value="1600."/>
				<float name="Weight" value="2736."/>
			</object>
			<object name="KingGeorgV_Gun_356x4_Turret_D">
				<integer name="Amount" value="4"/>
				<integer name="ArmorFront" value="650"/>
				<integer name="ArmorSide" value="250"/>
				<integer name="ArmorTop" value="270"/>
				<string name="Building" value="Artillery"/>
				<string name="Content" value="Rifles.KingGeorgV_Gun_356_Stvol"/>
				<integer name="Country" value="3"/>
				<float name="DTimeProd" value="45."/>
				<integer name="Elevation" value="40"/>
				<integer name="ElevationRate" value="8"/>
				<string name="Icon" value="Artillery"/>
				<boolean name="IgnoreXMLFile" value="false"/>
				<float name="Iron" value="2736."/>
				<float name="Money" value="2700."/>
				<boolean name="New" value="true"/>
				<float name="NTimeProd" value="180."/>
				<boolean name="Production" value="true"/>
				<integer name="QualityRate" value="4"/>
				<integer name="RotationRate" value="2"/>
				<string name="SMU_File" value="KingGeorgV_Gun_356x4_Turret"/>
				<string name="Type" value="Gun"/>
				<float name="Vitality" value="1600."/>
				<float name="Weight" value="2736."/>
			</object>
		</object>
	</object>
</root>
