﻿xml version="1.0" standalone="yes" ?>
<root>
	<object name="Modifications">
		<object name="SubUnits">
			<object name="KingGeorgV_Gun_356x2_Turret_B">
				<object name="TPort_0">
					<string name="Device" value="KingGeorgV_Gun_356_Stvol"/>
					<string name="Table" value="Rifles"/>
				</object>
				<object name="TPort_1">
					<string name="Device" value="KingGeorgV_Gun_356_Stvol"/>
					<string name="Table" value="Rifles"/>
				</object>
			</object>
			<object name="KingGeorgV_Gun_356x4_Turret_A">
				<object name="TPort_0">
					<string name="Device" value="KingGeorgV_Gun_356_Stvol"/>
					<string name="Table" value="Rifles"/>
				</object>
				<object name="TPort_1">
					<string name="Device" value="KingGeorgV_Gun_356_Stvol"/>
					<string name="Table" value="Rifles"/>
				</object>
				<object name="TPort_2">
					<string name="Device" value="KingGeorgV_Gun_356_Stvol"/>
					<string name="Table" value="Rifles"/>
				</object>
				<object name="TPort_3">
					<string name="Device" value="KingGeorgV_Gun_356_Stvol"/>
					<string name="Table" value="Rifles"/>
				</object>
			</object>
			<object name="KingGeorgV_Gun_356x4_Turret_D">
				<object name="TPort_0">
					<string name="Device" value="KingGeorgV_Gun_356_Stvol"/>
					<string name="Table" value="Rifles"/>
				</object>
				<object name="TPort_1">
					<string name="Device" value="KingGeorgV_Gun_356_Stvol"/>
					<string name="Table" value="Rifles"/>
				</object>
				<object name="TPort_2">
					<string name="Device" value="KingGeorgV_Gun_356_Stvol"/>
					<string name="Table" value="Rifles"/>
				</object>
				<object name="TPort_3">
					<string name="Device" value="KingGeorgV_Gun_356_Stvol"/>
					<string name="Table" value="Rifles"/>
				</object>
			</object>
		</object>
	</object>
</root>
