<?xml version = "1.0" encoding = "UTF-8"?>
<root>
	<object name = "SteelMonstersParams">
		<object name="Ships">
			<object name="Aoba">
				<float name="AccelRate" value="3.e-004"/>
				<string name="Airgroup" value="Scout_Floatplane_Cruiser_Division_1_1_japan"/>
				<integer name="AirplanesCount" value="2"/>
				<string name="AmmoLoadingTemplate" value="Ammo 130"/>
				<boolean name="BoatsTransportationAbility" value="false"/>
				<integer name="CabinArmor" value="32"/>
				<boolean name="CanBeChanged" value="true"/>
				<boolean name="CanUseTorpedos" value="true"/>
				<string name="CatapultAirgroupDefaultUnit" value="F1M"/>
				<integer name="Country" value="2"/>
				<integer name="Crew" value="657"/>
				<float name="CriticalCareen" value="34."/>
				<float name="CriticalDFT" value="1.9"/>
				<float name="CriticalDifferent" value="2.2"/>
				<float name="DTimeProd" value="110."/>
				<float name="DisplacementMax" value="9042."/>
				<float name="EPR" value="310."/>
				<float name="FireRisk" value="1333."/>
				<float name="Fuel" value="1800."/>
				<integer name="HullArmorSide" value="76"/>
				<integer name="HullArmorTop" value="35"/>
				<float name="Iron" value="11000."/>
				<integer name="Length" value="185.87"/>
				<float name="MaxSpeed" value="34.5"/>
				<integer name="MinCrew" value="250"/>
				<float name="Money" value="3750."/>
				<float name="NTimeProd" value="270."/>
				<string name="Name" value="Aoba"/>
				<boolean name="New" value="false"/>
				<integer name="Nuc_Dest_Prob" value="400"/>
				<integer name="Passengers" value="1"/>
				<boolean name="PlanesTransportationAbility" value="false"/>
				<float name="Range" value="9600."/>
				<integer name="Rank" value="2"/>
				<string name="SMU" value="Aoba"/>
				<float name="Speed" value="14."/>
				<float name="StoreCapacity" value="400."/>
				<boolean name="Transportable" value="false"/>
				<float name="TurnRate" value="1.5e-003"/>
				<integer name="Type" value="2"/>
				<float name="Vitality" value="5300."/>
				<float name="VitalityAA" value="1000."/>
				<float name="Weight" value="7213."/>
				<integer name="Width" value="15.83"/>
				<integer name="Year" value="39"/>
			</object>
		</object>
		<object name="ShipsNames">
			<object name="Aoba">
				<string name="1" value="Aoba1"/>
			</object>
		</object>
		<object name="UnitsByType">
			<object name="2">
				<object name="Aoba">
					<string name="ChildTable" value="Ships"/>
				</object>
			</object>
		</object>
	</object>
</root>
