<?xml version="1.0" standalone="yes" ?>
<Root>
	<object name="AAGuns">
		<object name="Gun_Bismark_FLAK3_37mm_SK_C30_Turret">
			<object name="CameraProperties">
				<object name="CameraLimits">
					<float name="Down" value="1"/>
					<float name="Left" value="45"/>
					<float name="Right" value="45"/>
					<float name="Up" value="1"/>
				</object>
				<object name="CameraPosition">
					<float name="X" value="-0.1361093636"/>
					<float name="Y" value="1.144377947"/>
					<float name="Z" value="0"/>
				</object>
				<object name="CameraRotation">
					<float name="X" value="0"/>
					<float name="Y" value="0"/>
					<float name="Z" value="0"/>
				</object>
			</object>
			<string name="StructureFile" value="L1_Bismark_FLAK3_37mm_SK_C30"/>
			<string name="SubstitutedPort" value=""/>
		</object>
		<object name="Gun_Bismark_FLAK4_20mm_MG_C38Quad_Turret">
			<object name="CameraProperties">
				<object name="CameraLimits">
					<float name="Down" value="5"/>
					<float name="Left" value="45"/>
					<float name="Right" value="45"/>
					<float name="Up" value="45"/>
				</object>
				<object name="CameraPosition">
					<float name="X" value="-1.588309543"/> 	
					<float name="Y" value="2.362121885"/>
					<float name="Z" value="0.02204700001"/>
				</object>
				<object name="CameraRotation">
					<float name="X" value="0"/>
					<float name="Y" value="0"/>
					<float name="Z" value="0"/>
				</object>
			</object>
			<string name="StructureFile" value="L1_Bismark_FLAK4_20mm_MG_C38Quad"/>
			<string name="SubstitutedPort" value=""/>
		</object>
		<object name="Gun_Bismark_FLAK5_20mm_MG_C30_3V_Turret">
			<object name="CameraProperties">
				<object name="CameraLimits">
					<float name="Down" value="5"/>
					<float name="Left" value="45"/>
					<float name="Right" value="45"/>
					<float name="Up" value="60"/>
				</object>
				<object name="CameraPosition">
					<float name="X" value="-1.191927407"/>
					<float name="Y" value="1.626076191"/>
					<float name="Z" value="-0.09458580905"/>
				</object>
				<object name="CameraRotation">
					<float name="X" value="0"/>
					<float name="Y" value="0"/>
					<float name="Z" value="0"/>
				</object>
			</object>
			<string name="StructureFile" value="L1_Bismark_FLAK5_20mm_MG_C30_3V"/>
			<string name="SubstitutedPort" value=""/>
		</object>
		<object name="Gun_Bismark_FLAK5_20mm_MG_C30_Turret">
			<object name="CameraProperties">
				<object name="CameraLimits">
					<float name="Down" value="5"/>
					<float name="Left" value="45"/>
					<float name="Right" value="45"/>
					<float name="Up" value="60"/>
				</object>
				<object name="CameraPosition">
					<float name="X" value="-1.536381452"/>
					<float name="Y" value="1.645902038"/>
					<float name="Z" value="0"/>
				</object>
				<object name="CameraRotation">
					<float name="X" value="0"/>
					<float name="Y" value="0"/>
					<float name="Z" value="0"/>
				</object>
			</object>
			<string name="StructureFile" value="L1_Bismark_FLAK5_20mm_MG_C30"/>
			<string name="SubstitutedPort" value=""/>
		</object>
		<object name="Gun_Bismark_FLAK5_20mm_MG_C30_Turret_2V">
			<object name="CameraProperties">
				<object name="CameraLimits">
					<float name="Down" value="5"/>
					<float name="Left" value="45"/>
					<float name="Right" value="45"/>
					<float name="Up" value="60"/>
				</object>
				<object name="CameraPosition">
					<float name="X" value="0"/>
					<float name="Y" value="1.761745607"/>
					<float name="Z" value="-0.001269204755"/>
				</object>
				<object name="CameraRotation">
					<float name="X" value="0"/>
					<float name="Y" value="0"/>
					<float name="Z" value="0"/>
				</object>
			</object>
			<string name="StructureFile" value="L1_Bismark_FLAK5_20mm_MG_C30_2V"/>
			<string name="SubstitutedPort" value=""/>
		</object>
		<object name="Gun_Elco_Gun_37x1_base">
			<object name="CameraProperties">
				<object name="CameraLimits">
					<float name="Down" value="0.001"/>
					<float name="Left" value="10"/>
					<float name="Right" value="10"/>
					<float name="Up" value="45"/>
				</object>
				<object name="CameraPosition">
					<float name="X" value="-1.461196901"/>
					<float name="Y" value="1.685540473"/>
					<float name="Z" value="6.830028628e-017"/>
				</object>
				<object name="CameraRotation">
					<float name="X" value="0"/>
					<float name="Y" value="0"/>
					<float name="Z" value="0"/>
				</object>
			</object>
			<string name="StructureFile" value="L1_Elco_Gun_37x1_Base"/>
			<string name="SubstitutedPort" value=""/>
		</object>
		<object name="Gun_Hood_Gun_12_5x4_Turret">
			<object name="CameraProperties">
				<object name="CameraLimits">
					<float name="Down" value="0.01"/>
					<float name="Left" value="10"/>
					<float name="Right" value="10.0"/>
					<float name="Up" value="0.01"/>
				</object>
				<object name="CameraPosition">
					<float name="X" value="-1.195046348"/>
					<float name="Y" value="1.798931333"/>
					<float name="Z" value="-0.4995764784"/>
				</object>
				<object name="CameraRotation">
					<float name="X" value="0"/>
					<float name="Y" value="0"/>
					<float name="Z" value="0"/>
				</object>
			</object>
			<string name="StructureFile" value="L1_Hood_Gun_12_5x4_Turret"/>
			<string name="SubstitutedPort" value=""/>
		</object>
		<object name="Gun_Hood_Gun_20x4_Turret">
			<object name="CameraProperties">
				<object name="CameraLimits">
					<float name="Down" value="1"/>
					<float name="Left" value="30"/>
					<float name="Right" value="30"/>
					<float name="Up" value="30"/>
				</object>
				<object name="CameraPosition">
					<float name="X" value="-1.624870556"/>
					<float name="Y" value="2.853684118"/>
					<float name="Z" value="-0.7266947351"/>
				</object>
				<object name="CameraRotation">
					<float name="X" value="0"/>
					<float name="Y" value="0"/>
					<float name="Z" value="0"/>
				</object>
			</object>
			<boolean name="PositionFromPort" value="true"/>
			<string name="StructureFile" value="L1_Hood_Gun_20x4"/>
		</object>
		<object name="Gun_Hood_Gun_20x8_Turret">
			<object name="CameraProperties">
				<object name="CameraLimits">
					<float name="Down" value="10"/>
					<float name="Left" value="30"/>
					<float name="Right" value="30"/>
					<float name="Up" value="30"/>
				</object>
				<object name="CameraPosition">
					<float name="X" value="-1.918222268"/>
					<float name="Y" value="2.852684118"/>
					<float name="Z" value="-1.08471598"/>
				</object>
				<object name="CameraRotation">
					<float name="X" value="0"/>
					<float name="Y" value="0"/>
					<float name="Z" value="0"/>
				</object>
			</object>
			<string name="StructureFile" value="L1_Hood_Gun_20x8"/>
		</object>
		<object name="Gun_Hood_Gun_40x20_Turret">
			<object name="CameraProperties">
				<object name="CameraLimits">
					<float name="Down" value="10"/>
					<float name="Left" value="30"/>
					<float name="Right" value="30"/>
					<float name="Up" value="30"/>
				</object>
				<object name="CameraPosition">
					<float name="X" value="-0.3389574099"/>
					<float name="Y" value="1.671487434"/>
					<float name="Z" value="0.9223183505"/>
				</object>
			</object>
			<boolean name="PositionFromPort" value="true"/>
			<string name="StructureFile" value="bofors_1x"/>
		</object>
		<object name="Gun_Hood_Gun_40x8_Turret">
			<object name="CameraProperties">
				<object name="CameraLimits">
					<float name="Down" value="10"/>
					<float name="Left" value="30"/>
					<float name="Right" value="30"/>
					<float name="Up" value="30"/>
				</object>
				<object name="CameraPosition">
					<float name="X" value="-1.918222268"/>
					<float name="Y" value="2.852684118"/>
					<float name="Z" value="-1.08471598"/>
				</object>
				<object name="CameraRotation">
					<float name="X" value="0"/>
					<float name="Y" value="0"/>
					<float name="Z" value="0"/>
				</object>
			</object>
			<string name="StructureFile" value="L1_Hood_Gun_40x8"/>
		</object>
		<object name="Gun_Hood_Gun_76x20_Turret">
			<object name="CameraProperties">
				<object name="CameraLimits">
					<float name="Down" value="10"/>
					<float name="Left" value="30"/>
					<float name="Right" value="30"/>
					<float name="Up" value="30"/>
				</object>
				<object name="CameraPosition">
					<float name="X" value="-0.3389574099"/>
					<float name="Y" value="1.671487434"/>
					<float name="Z" value="0.9223183505"/>
				</object>
			</object>
			<boolean name="PositionFromPort" value="true"/>
			<string name="StructureFile" value="bofors_1x"/>
		</object>
		<object name="Gun_Jap_Turret_13x2">
			<object name="CameraProperties">
				<object name="CameraLimits">
					<float name="Down" value="10"/>
					<float name="Left" value="30"/>
					<float name="Right" value="30"/>
					<float name="Up" value="30"/>
				</object>
				<object name="CameraPosition">
					<float name="X" value="-0.7769721517"/>
					<float name="Y" value="1.673055626"/>
					<float name="Z" value="0."/>
				</object>
				<object name="CameraRotation">
					<float name="X" value="0"/>
					<float name="Y" value="0"/>
					<float name="Z" value="0"/>
				</object>
			</object>
			<string name="StructureFile" value="L1_Jap_Turret_13x2"/>
		</object>
		<object name="Gun_Jap_Turret_25x1">
			<object name="CameraProperties">
				<object name="CameraLimits">
					<float name="Down" value="-5"/>
					<float name="Left" value="30"/>
					<float name="Right" value="30"/>
					<float name="Up" value="30"/>
				</object>
				<object name="CameraPosition">
					<float name="X" value="-0.8774373141"/>
					<float name="Y" value="1.711005195"/>
					<float name="Z" value="-0.4756525159"/>
				</object>
				<object name="CameraRotation">
					<float name="X" value="0"/>
					<float name="Y" value="0"/>
					<float name="Z" value="0"/>
				</object>
			</object>
			<string name="StructureFile" value="jap_aagun_25x1"/>
		</object>
		<object name="Gun_Jap_Turret_25x2">
			<object name="CameraProperties">
				<object name="CameraLimits">
					<float name="Down" value="10"/>
					<float name="Left" value="30"/>
					<float name="Right" value="30"/>
					<float name="Up" value="30"/>
				</object>
				<object name="CameraPosition">
					<float name="X" value="-0.7769721517"/>
					<float name="Y" value="1.673055626"/>
					<float name="Z" value="-0.6644020081"/>
				</object>
				<object name="CameraRotation">
					<float name="X" value="0"/>
					<float name="Y" value="0"/>
					<float name="Z" value="0"/>
				</object>
			</object>
			<string name="StructureFile" value="jap_aagun_25x2"/>
		</object>
		<object name="Gun_Jap_Turret_25x3">
			<object name="CameraProperties">
				<object name="CameraLimits">
					<float name="Down" value="-5"/>
					<float name="Left" value="30"/>
					<float name="Right" value="30"/>
					<float name="Up" value="30"/>
				</object>
				<object name="CameraPosition">
					<float name="X" value="-0.7775177924"/>
					<float name="Y" value="1.672699145"/>
					<float name="Z" value="-0.7745023499"/>
				</object>
				<object name="CameraRotation">
					<float name="X" value="0"/>
					<float name="Y" value="0"/>
					<float name="Z" value="0"/>
				</object>
			</object>
			<string name="StructureFile" value="jap_aagun_25x3"/>
		</object>
		<object name="Gun_Jap_Turret_40x2">
			<object name="CameraProperties">
				<object name="CameraLimits">
					<float name="Down" value="10"/>
					<float name="Left" value="30"/>
					<float name="Right" value="30"/>
					<float name="Up" value="30"/>
				</object>
				<object name="CameraPosition">
					<float name="X" value="-0.3389574099"/>
					<float name="Y" value="1.671487434"/>
					<float name="Z" value="1.181318351"/>
				</object>
			</object>
			<boolean name="PositionFromPort" value="true"/>
			<string name="StructureFile" value="bofors_2x"/>
		</object>
		<object name="Gun_MaximGorkij_Gun_12_7_Turret">
			<object name="CameraProperties">
				<object name="CameraLimits">
					<float name="Down" value="0.001"/>
					<float name="Left" value="10"/>
					<float name="Right" value="10"/>
					<float name="Up" value="30"/>
				</object>
				<object name="CameraPosition">
					<float name="X" value="-0.862910171"/>
					<float name="Y" value="1.678075794"/>
					<float name="Z" value="0"/>
				</object>
				<object name="CameraRotation">
					<float name="X" value="7.019583574e-015"/>
					<float name="Y" value="0"/>
					<float name="Z" value="0"/>
				</object>
			</object>
			<string name="StructureFile" value="L1_MaximGorkij_Gun_12_7"/>
			<string name="SubstitutedPort" value=""/>
		</object>
		<object name="Gun_PikeV_Gun_F22_Turret">
			<object name="CameraProperties">
				<object name="CameraLimits">
					<float name="Down" value="5"/>
					<float name="Left" value="40"/>
					<float name="Right" value="40"/>
					<float name="Up" value="40"/>
				</object>
				<object name="CameraPosition">
					<float name="X" value="-0.6064737105"/>
					<float name="Y" value="1.304169083"/>
					<float name="Z" value="-0.2405733914"/>
				</object>
				<object name="CameraRotation">
					<float name="X" value="0"/>
					<float name="Y" value="1.421085472e-014"/>
					<float name="Z" value="0"/>
				</object>
			</object>
			<string name="StructureFile" value="L1_PikeV_Gun_F22"/>
			<string name="SubstitutedPort" value=""/>
		</object>
		<object name="Gun_PikeV_Gun_Maxim_Turret">
			<object name="CameraProperties">
				<object name="CameraLimits">
					<float name="Down" value="0.001"/>
					<float name="Left" value="1"/>
					<float name="Right" value="1"/>
					<float name="Up" value="30"/>
				</object>
				<object name="CameraPosition">
					<float name="X" value="-1.808622481"/>
					<float name="Y" value="1.74"/>
					<float name="Z" value="-0.002510711244"/>
				</object>
				<object name="CameraRotation">
					<float name="X" value="0"/>
					<float name="Y" value="1.421085472e-014"/>
					<float name="Z" value="0"/>
				</object>
			</object>
			<string name="StructureFile" value="L1_PikeV_Gun_Maxim"/>
			<string name="SubstitutedPort" value=""/>
		</object>
		<object name="Gun_Tashkent_Gun_12_7_Turret">
			<object name="CameraProperties">
				<object name="CameraLimits">
					<float name="Down" value="0.001"/>
					<float name="Left" value="10"/>
					<float name="Right" value="10"/>
					<float name="Up" value="30"/>
				</object>
				<object name="CameraPosition">
					<float name="X" value="-0.862910171"/>
					<float name="Y" value="1.678075794"/>
					<float name="Z" value="0"/>
				</object>
				<object name="CameraRotation">
					<float name="X" value="7.019583574e-015"/>
					<float name="Y" value="0"/>
					<float name="Z" value="0"/>
				</object>
			</object>
			<string name="StructureFile" value="L1_Tashkent_Gun_12_7"/>
			<string name="SubstitutedPort" value=""/>
		</object>
		<object name="Gun_Tashkent_Turret_37x1">
			<object name="CameraProperties">
				<object name="CameraLimits">
					<float name="Down" value="10"/>
					<float name="Left" value="30"/>
					<float name="Right" value="30"/>
					<float name="Up" value="30"/>
				</object>
				<object name="CameraPosition">
					<float name="X" value="-0.3389574099"/>
					<float name="Y" value="1.671487434"/>
					<float name="Z" value="0.9223183505"/>
				</object>
			</object>
			<boolean name="PositionFromPort" value="true"/>
			<string name="StructureFile" value="bofors_37"/>
		</object>
		<object name="Gun_Turret_12_7x1_USA">
			<object name="CameraProperties">
				<object name="CameraLimits">
					<float name="Down" value="-5"/>
					<float name="Left" value="30"/>
					<float name="Right" value="30"/>
					<float name="Up" value="30"/>
				</object>
				<object name="CameraPosition">
					<float name="X" value="-1.706396742"/>
					<float name="Y" value="2.033509134"/>
					<float name="Z" value="-0.1205113255"/>
				</object>
				<object name="CameraRotation">
					<float name="X" value="0"/>
					<float name="Y" value="0"/>
					<float name="Z" value="0"/>
				</object>
			</object>
			<string name="StructureFile" value="oerlikon_1x"/>
		</object>
		<object name="Gun_Turret_20x1_ENG">
			<object name="CameraProperties">
				<object name="CameraLimits">
					<float name="Down" value="-5"/>
					<float name="Left" value="30"/>
					<float name="Right" value="30"/>
					<float name="Up" value="30"/>
				</object>
				<object name="CameraPosition">
					<float name="X" value="-1.706396742"/>
					<float name="Y" value="2.033509134"/>
					<float name="Z" value="-0.1205113255"/>
				</object>
				<object name="CameraRotation">
					<float name="X" value="0"/>
					<float name="Y" value="0"/>
					<float name="Z" value="0"/>
				</object>
			</object>
			<string name="StructureFile" value="oerlikon_1x"/>
		</object>
		<object name="Gun_Turret_20x1_USA">
			<object name="CameraProperties">
				<object name="CameraLimits">
					<float name="Down" value="-5"/>
					<float name="Left" value="30"/>
					<float name="Right" value="30"/>
					<float name="Up" value="30"/>
				</object>
				<object name="CameraPosition">
					<float name="X" value="-1.706396742"/>
					<float name="Y" value="2.033509134"/>
					<float name="Z" value="-0.1205113255"/>
				</object>
				<object name="CameraRotation">
					<float name="X" value="0"/>
					<float name="Y" value="0"/>
					<float name="Z" value="0"/>
				</object>
			</object>
			<string name="StructureFile" value="oerlikon_1x"/>
		</object>
		<object name="Gun_Turret_20x2">
			<object name="CameraProperties">
				<object name="CameraLimits">
					<float name="Down" value="-5"/>
					<float name="Left" value="30"/>
					<float name="Right" value="30"/>
					<float name="Up" value="30"/>
				</object>
				<object name="CameraPosition">
					<float name="X" value="-1.706396742"/>
					<float name="Y" value="2.033509134"/>
					<float name="Z" value="-0.1205113255"/>
				</object>
				<object name="CameraRotation">
					<float name="X" value="0"/>
					<float name="Y" value="0"/>
					<float name="Z" value="0"/>
				</object>
			</object>
			<string name="StructureFile" value="oerlikon_2x"/>
		</object>
		<object name="Gun_Turret_28x2">
			<object name="CameraProperties">
				<object name="CameraLimits">
					<float name="Down" value="5"/>
					<float name="Left" value="45"/>
					<float name="Right" value="45"/>
					<float name="Up" value="60"/>
				</object>
				<object name="CameraPosition">
					<float name="X" value="-1.191927407"/>
					<float name="Y" value="1.626076191"/>
					<float name="Z" value="-0.09458580905"/>
				</object>
				<object name="CameraRotation">
					<float name="X" value="0"/>
					<float name="Y" value="0"/>
					<float name="Z" value="0"/>
				</object>
			</object>
			<boolean name="PositionFromPort" value="true"/>
			<string name="StructureFile" value="L1_Bismark_FLAK5_20mm_MG_C30_3V"/>
		</object>
		<object name="Gun_Turret_2x40x2">
			<object name="CameraProperties">
				<object name="CameraLimits">
					<float name="Down" value="1"/>
					<float name="Left" value="30"/>
					<float name="Right" value="30"/>
					<float name="Up" value="30"/>
				</object>
				<object name="CameraPosition">
					<float name="X" value="-0.7335922602"/>
					<float name="Y" value="2.532"/>
					<float name="Z" value="2.354717308"/>
				</object>
				<object name="CameraRotation">
					<float name="X" value="0"/>
					<float name="Y" value="0"/>
					<float name="Z" value="0"/>
				</object>
			</object>
			<boolean name="PositionFromPort" value="true"/>
			<string name="StructureFile" value="bofors_4x"/>
		</object>
		<object name="Gun_Turret_40x1">
			<object name="CameraProperties">
				<object name="CameraLimits">
					<float name="Down" value="10"/>
					<float name="Left" value="30"/>
					<float name="Right" value="30"/>
					<float name="Up" value="30"/>
				</object>
				<object name="CameraPosition">
					<float name="X" value="-0.3389574099"/>
					<float name="Y" value="1.671487434"/>
					<float name="Z" value="0.9223183505"/>
				</object>
			</object>
			<boolean name="PositionFromPort" value="true"/>
			<string name="StructureFile" value="bofors_1x"/>
		</object>
		<object name="Gun_US_browning50x2_base">
			<object name="CameraProperties">
				<object name="CameraLimits">
					<float name="Down" value="1"/>
					<float name="Left" value="40"/>
					<float name="Right" value="40"/>
					<float name="Up" value="60"/>
				</object>
				<object name="CameraPosition">
					<float name="X" value="-0.3447528165"/>
					<float name="Y" value="0.5336584694"/>
					<float name="Z" value="0"/>
				</object>
				<object name="CameraRotation">
					<float name="X" value="0"/>
					<float name="Y" value="0"/>
					<float name="Z" value="0"/>
				</object>
			</object>
			<string name="StructureFile" value="L1_US_browning50x2"/>
			<string name="SubstitutedPort" value=""/>
		</object>
		<object name="Gun_US_Turret_28x4">
			<object name="CameraProperties">
				<object name="CameraLimits">
					<float name="Down" value="5"/>
					<float name="Left" value="30"/>
					<float name="Right" value="30"/>
					<float name="Up" value="30"/>
				</object>
				<object name="CameraPosition">
					<float name="X" value="-0.96"/>
					<float name="Y" value="1.551"/>
					<float name="Z" value="0.942"/>
				</object>
				<object name="CameraRotation">
					<float name="X" value="0"/>
					<float name="Y" value="0"/>
					<float name="Z" value="0"/>
				</object>
			</object>
			<string name="StructureFile" value="L1_US_Gun_28x4"/>
		</object>
		<object name="Gun_US_Turret_40x2">
			<object name="CameraProperties">
				<object name="CameraLimits">
					<float name="Down" value="10"/>
					<float name="Left" value="30"/>
					<float name="Right" value="30"/>
					<float name="Up" value="30"/>
				</object>
				<object name="CameraPosition">
					<float name="X" value="-0.3389574099"/>
					<float name="Y" value="1.671487434"/>
					<float name="Z" value="1.181318351"/>
				</object>
			</object>
			<boolean name="PositionFromPort" value="true"/>
			<string name="StructureFile" value="bofors_2x"/>
		</object>
		<object name="Gun_USSR_37x1_AA">
			<object name="CameraProperties">
				<object name="CameraLimits">
					<float name="Down" value="-5"/>
					<float name="Left" value="30"/>
					<float name="Right" value="30"/>
					<float name="Up" value="30"/>
				</object>
				<object name="CameraPosition">
					<float name="X" value="-0.8774373141"/>
					<float name="Y" value="1.711005195"/>
					<float name="Z" value="-0.4756525159"/>
				</object>
				<object name="CameraRotation">
					<float name="X" value="0"/>
					<float name="Y" value="0"/>
					<float name="Z" value="0"/>
				</object>
			</object>
			<string name="StructureFile" value="jap_aagun_25x1"/>
		</object>
		<object name="Gun_USSR_Turret_37x1">
			<object name="CameraProperties">
				<object name="CameraLimits">
					<float name="Down" value="10"/>
					<float name="Left" value="30"/>
					<float name="Right" value="30"/>
					<float name="Up" value="30"/>
				</object>
				<object name="CameraPosition">
					<float name="X" value="-0.3389574099"/>
					<float name="Y" value="1.671487434"/>
					<float name="Z" value="0.9223183505"/>
				</object>
			</object>
			<boolean name="PositionFromPort" value="true"/>
			<string name="StructureFile" value="USSR_Gun_37x1"/>
		</object>
	</object>
</Root>
