﻿<?xml version="1.0" encoding="utf-8" standalone="yes"?>
<root>
  <object name="SizeClasses">
    <object name="Huge">
      <float name="LOD2Depth" value="1000." />
      <float name="LOD3Depth" value="1500." />
      <float name="VisibilityRange" value="3500." />
    </object>
    <object name="Large">
      <float name="LOD2Depth" value="500." />
      <float name="LOD3Depth" value="1500." />
      <float name="VisibilityRange" value="3000." />
    </object>
    <object name="Medium">
      <float name="LOD2Depth" value="500." />
      <float name="LOD3Depth" value="1000." />
      <float name="VisibilityRange" value="2500." />
    </object>
    <object name="Small">
      <float name="LOD2Depth" value="250." />
      <float name="LOD3Depth" value="500." />
      <float name="VisibilityRange" value="2000." />
    </object>
    <object name="Tiny">
      <float name="LOD2Depth" value="250." />
      <float name="LOD3Depth" value="500." />
      <float name="VisibilityRange" value="1300." />
    </object>
  </object>
</root>