﻿<?xml version="1.0" encoding="utf-8" standalone="yes"?>
<root>
  <object name="Forests">
    <object name="BambooBush">
      <float name="BoundingRadius" value="2." />
      <float name="BrushRadius" value="25." />
      <string name="Material" value="All_trees" />
      <string name="Mesh" value="Tree_Bamboo.mesh" />
      <float name="MinDist" value="2.5" />
      <integer name="NumTrees" value="1" />
      <string name="Subst" value="ficus" />
      <float name="VisibilityRange" value="800." />
    </object>
    <object name="BambooBushDead">
      <float name="BoundingRadius" value="2." />
      <float name="BrushRadius" value="25." />
      <string name="Material" value="All_trees_Dead" />
      <string name="Mesh" value="Tree_Bamboo_burned.mesh" />
      <float name="MinDist" value="2.5" />
      <integer name="NumTrees" value="1" />
      <string name="Subst" value="ficus" />
      <float name="VisibilityRange" value="800." />
    </object>
    <object name="BananaPalmForest">
      <float name="BoundingRadius" value="8." />
      <float name="BrushRadius" value="25." />
      <string name="Material" value="All_trees" />
      <string name="Mesh" value="Tree_BananaPalm.mesh" />
      <float name="MinDist" value="10." />
      <integer name="NumTrees" value="1" />
      <string name="Subst" value="palm_banan" />
      <float name="VisibilityRange" value="1300." />
    </object>
    <object name="BananaPalmForestDead">
      <float name="BoundingRadius" value="8." />
      <float name="BrushRadius" value="25." />
      <string name="Material" value="All_trees_Dead" />
      <string name="Mesh" value="Tree_BananaPalm_burned.mesh" />
      <float name="MinDist" value="10." />
      <integer name="NumTrees" value="1" />
      <string name="Subst" value="palm_banan" />
      <float name="VisibilityRange" value="1300." />
    </object>
    <object name="CedarForest">
      <float name="BoundingRadius" value="12.5" />
      <float name="BrushRadius" value="25." />
      <string name="Material" value="All_trees" />
      <string name="Mesh" value="Tree_Kedr.mesh" />
      <float name="MinDist" value="10." />
      <integer name="NumTrees" value="1" />
      <string name="Subst" value="kedr" />
      <float name="VisibilityRange" value="1300." />
    </object>
    <object name="CedarForestDead">
      <float name="BoundingRadius" value="12.5" />
      <float name="BrushRadius" value="25." />
      <string name="Material" value="All_trees_Dead" />
      <string name="Mesh" value="Tree_Kedr_burned.mesh" />
      <float name="MinDist" value="10." />
      <integer name="NumTrees" value="1" />
      <string name="Subst" value="kedr" />
      <float name="VisibilityRange" value="1300." />
    </object>
    <object name="FicusBush">
      <float name="BoundingRadius" value="2." />
      <float name="BrushRadius" value="25." />
      <string name="Material" value="All_trees" />
      <string name="Mesh" value="Tree_Ficus.mesh" />
      <float name="MinDist" value="2.5" />
      <integer name="NumTrees" value="1" />
      <string name="Subst" value="ficus" />
      <float name="VisibilityRange" value="800." />
    </object>
    <object name="FicusBushDead">
      <float name="BoundingRadius" value="2." />
      <float name="BrushRadius" value="25." />
      <string name="Material" value="All_trees_Dead" />
      <string name="Mesh" value="Tree_Ficus_burned.mesh" />
      <float name="MinDist" value="2.5" />
      <integer name="NumTrees" value="1" />
      <string name="Subst" value="ficus" />
      <float name="VisibilityRange" value="800." />
    </object>
    <object name="GnomeGrass">
      <float name="BoundingRadius" value="2." />
      <float name="BrushRadius" value="25." />
      <string name="Material" value="gnome_grass" />
      <string name="Mesh" value="gnome_grass.mesh" />
      <float name="MinDist" value="6." />
      <integer name="NumTrees" value="3" />
      <string name="Subst" value="ficus" />
      <float name="VisibilityRange" value="1300." />
    </object>
    <object name="GnomeMushroom">
      <float name="BoundingRadius" value="2." />
      <float name="BrushRadius" value="25." />
      <string name="Material" value="amanita_muscaria" />
      <string name="Mesh" value="gnome_amanita_muscaria.mesh" />
      <float name="MinDist" value="6." />
      <integer name="NumTrees" value="6" />
      <string name="Subst" value="ficus" />
      <float name="VisibilityRange" value="3000." />
    </object>
    <object name="MonsteraBush">
      <float name="BoundingRadius" value="4." />
      <float name="BrushRadius" value="25." />
      <string name="Material" value="All_trees" />
      <string name="Mesh" value="Tree_Monstera.mesh" />
      <float name="MinDist" value="5." />
      <integer name="NumTrees" value="1" />
      <string name="Subst" value="monstera" />
      <float name="VisibilityRange" value="1300." />
    </object>
    <object name="MonsteraBushDead">
      <float name="BoundingRadius" value="4." />
      <float name="BrushRadius" value="25." />
      <string name="Material" value="All_trees_Dead" />
      <string name="Mesh" value="Tree_Monstera_burned.mesh" />
      <float name="MinDist" value="5." />
      <integer name="NumTrees" value="1" />
      <string name="Subst" value="monstera" />
      <float name="VisibilityRange" value="1300." />
    </object>
    <object name="PalmForest">
      <float name="BoundingRadius" value="10." />
      <float name="BrushRadius" value="25." />
      <string name="Material" value="All_trees" />
      <string name="Mesh" value="Tree_BPalm.mesh" />
      <float name="MinDist" value="10." />
      <integer name="NumTrees" value="1" />
      <string name="Subst" value="palm" />
      <float name="VisibilityRange" value="1300." />
    </object>
    <object name="PalmForestDead">
      <float name="BoundingRadius" value="10." />
      <float name="BrushRadius" value="25." />
      <string name="Material" value="All_trees_Dead" />
      <string name="Mesh" value="Tree_BPalm_burned.mesh" />
      <float name="MinDist" value="10." />
      <integer name="NumTrees" value="10" />
      <string name="Subst" value="palm" />
      <float name="VisibilityRange" value="3000." />
    </object>
    <object name="PineForest">
      <float name="BoundingRadius" value="10." />
      <float name="BrushRadius" value="25." />
      <string name="Material" value="All_trees" />
      <string name="Mesh" value="Tree_Pine.mesh" />
      <float name="MinDist" value="10." />
      <integer name="NumTrees" value="1" />
      <string name="Subst" value="sosna" />
      <float name="VisibilityRange" value="1300." />
    </object>
    <object name="PineForestDead">
      <float name="BoundingRadius" value="10." />
      <float name="BrushRadius" value="25." />
      <string name="Material" value="All_trees_Dead" />
      <string name="Mesh" value="Tree_Pine_burned.mesh" />
      <float name="MinDist" value="10." />
      <integer name="NumTrees" value="1" />
      <string name="Subst" value="sosna" />
      <float name="VisibilityRange" value="1300." />
    </object>
    <object name="TreeForest">
      <float name="BoundingRadius" value="11." />
      <float name="BrushRadius" value="25." />
      <string name="Material" value="All_trees" />
      <string name="Mesh" value="Tree_Derevo.mesh" />
      <float name="MinDist" value="10." />
      <integer name="NumTrees" value="1" />
      <string name="Subst" value="derevo" />
      <float name="VisibilityRange" value="1300." />
    </object>
    <object name="TreeForestDead">
      <float name="BoundingRadius" value="11." />
      <float name="BrushRadius" value="25." />
      <string name="Material" value="All_trees_Dead" />
      <string name="Mesh" value="Tree_Derevo_burned.mesh" />
      <float name="MinDist" value="10." />
      <integer name="NumTrees" value="1" />
      <string name="Subst" value="derevo" />
      <float name="VisibilityRange" value="1300." />
    </object>
  </object>
</root>