﻿<?xml version="1.0" standalone="yes" ?>
<root>
	<object name="SteelMonstersParams">
		<object name="Ships">
			<object name = "Shinano">
				<float name="AccelRate" value="3.e-004"/>
				<string name="Airgroup" value="AircraftCarrier_Group_Shinano_japan"/>
				<integer name="AirplanesCount" value="140"/>
				<string name="AmmoLoadingTemplate" value="Ammo 500, BV_246_Frag_ST 10, BV_246_Com_ST 10, BV_246_Frag_SR 10, BV_246_Com_SR 10, Hs_293_R 20, Hs_293_P 20, Hs_293_ST 20, Torp_Jap_Mk91 50, Torp_Jap_Mk91_M_I 10, Torp_Jap_Mk91_A_SA 10"/>
				<integer name="Avia" value="2"/>
				<boolean name="BoatsTransportationAbility" value="false"/>
				<integer name="CabinArmor" value="52"/>
				<boolean name="CanBeChanged" value="true"/>
				<boolean name="CanUseTorpedos" value="false"/>
				<integer name="Country" value="2"/>
				<integer name="Crew" value="2400"/>
				<float name="CriticalCareen" value="33."/>
				<float name="CriticalDFT" value="2.9"/>
				<float name="CriticalDifferent" value="2.4"/>
				<float name="DTimeProd" value="140."/>
				<float name="DisplacementMax" value="73000."/>
				<float name="EPR" value="640."/>
				<float name="FireRisk" value="2667."/>
				<float name="Fuel" value="8900."/>
				<float name="HLShapeCoef" value="0.5"/>
				<integer name="HullArmorSide" value="152"/>
				<integer name="HullArmorTop" value="76"/>
				<float name="Iron" value="90000."/>
				<integer name="Length" value="266"/>
				<float name="MaxSpeed" value="27.0"/>
				<integer name="MinCrew" value="900"/>
				<float name="Money" value="32600."/>
				<float name="NTimeProd" value="350."/>
				<string name="Name" value="Shinano"/>
				<boolean name="New" value="false"/>
				<integer name="Nuc_Dest_Prob" value="500"/>
				<integer name="Passengers" value="100"/>
				<boolean name="PlanesTransportationAbility" value="true"/>
				<float name="Range" value="19000."/>
				<integer name="Rank" value="1"/>
				<string name="SMU" value="Shinano"/>
				<float name="Speed" value="18."/>
				<float name="StoreCapacity" value="3600."/>
				<boolean name="Transportable" value="false"/>
				<float name="TurnRate" value="1.5e-003"/>
				<integer name="Type" value="0"/>
				<float name="Vitality" value="14000."/>
				<float name="VitalityAA" value="5000."/>
				<float name="Weight" value="62000."/>
				<integer name="Width" value="36.3"/>
				<integer name="Year" value="44."/>
			</object>
          	</object>
		<object name="Hit_Location">
			<object name="Shi3993">
				<string name="ConnectName" value="Tiller"/>
				<integer name="Country" value="2"/>
				<float name="ER" value="500."/>
				<string name="Hull" value="Std_Rudder"/>
				<string name="Name" value="Rudder"/>
				<string name="TypHL" value="Rudder"/>
				<string name="UnitName" value="Shinano"/>
			</object>
			<object name="Shi3994">
				<string name="ConnectName" value="Engine3"/>
				<integer name="Country" value="2"/>
				<float name="ER" value="500."/>
				<string name="Hull" value="Std_Mover"/>
				<string name="Name" value="Mover3"/>
				<string name="TypHL" value="Mover"/>
				<string name="UnitName" value="Shinano"/>
			</object>
			<object name="Shi3995">
				<string name="ConnectName" value="Engine4"/>
				<integer name="Country" value="2"/>
				<float name="ER" value="500."/>
				<string name="Hull" value="Std_Mover"/>
				<string name="Name" value="Mover4"/>
				<string name="TypHL" value="Mover"/>
				<string name="UnitName" value="Shinano"/>
			</object>
			<object name="Shi3996">
				<string name="ConnectName" value="Engine2"/>
				<integer name="Country" value="2"/>
				<float name="ER" value="500."/>
				<string name="Hull" value="Std_Mover"/>
				<string name="Name" value="Mover2"/>
				<string name="TypHL" value="Mover"/>
				<string name="UnitName" value="Shinano"/>
			</object>
			<object name="Shi3997">
				<string name="ConnectName" value="Engine1"/>
				<integer name="Country" value="2"/>
				<float name="ER" value="500."/>
				<string name="Hull" value="Std_Mover"/>
				<string name="Name" value="Mover1"/>
				<string name="TypHL" value="Mover"/>
				<string name="UnitName" value="Shinano"/>
			</object>
			<object name="Shi3999">
				<integer name="Country" value="2"/>
				<float name="ER" value="500."/>
				<string name="Hull" value="Shinano_BattleCabine"/>
				<string name="Name" value="BattleCabine"/>
				<string name="TypHL" value="Hull"/>
				<string name="UnitName" value="Shinano"/>
			</object>
			<object name="Shi4000">
				<integer name="Country" value="2"/>
				<float name="ER" value="500."/>
				<string name="Hull" value="Std_Probe"/>
				<string name="Name" value="Probe_SG"/>
				<string name="TypHL" value="Probe"/>
				<string name="UnitName" value="Shinano"/>
			</object>
			<object name="Shi4001">
				<integer name="Country" value="2"/>
				<float name="ER" value="500."/>
				<string name="Hull" value="Std_Probe"/>
				<string name="Name" value="Probe_AA_Bow"/>
				<string name="TypHL" value="Probe"/>
				<string name="UnitName" value="Shinano"/>
			</object>
			<object name="Shi4002">
				<integer name="Country" value="2"/>
				<float name="ER" value="500."/>
				<string name="Hull" value="Std_Probe"/>
				<string name="Name" value="Probe_AA_Stern"/>
				<string name="TypHL" value="Probe"/>
				<string name="UnitName" value="Shinano"/>
			</object>
			<object name="Shi4003">
				<integer name="Country" value="2"/>
				<float name="ER" value="500."/>
				<string name="Hull" value="Shinano_BarbetSC"/>
				<string name="Name" value="Barbet_SG_1"/>
				<string name="TypHL" value="AmmoStore"/>
				<string name="UnitName" value="Shinano"/>
			</object>
			<object name="Shi4004">
				<integer name="Country" value="2"/>
				<float name="ER" value="500."/>
				<string name="Hull" value="Shinano_BarbetSC"/>
				<string name="Name" value="Barbet_SG_2"/>
				<string name="TypHL" value="AmmoStore"/>
				<string name="UnitName" value="Shinano"/>
			</object>
			<object name="Shi4005">
				<integer name="Country" value="2"/>
				<float name="ER" value="500."/>
				<string name="Hull" value="Shinano_BarbetMC"/>
				<string name="Name" value="Barbet_2"/>
				<string name="TypHL" value="AmmoStore"/>
				<string name="UnitName" value="Shinano"/>
			</object>
			<object name="Shi4006">
				<integer name="Country" value="2"/>
				<float name="ER" value="500."/>
				<string name="Hull" value="Shinano_BarbetMC"/>
				<string name="Name" value="Barbet_1"/>
				<string name="TypHL" value="AmmoStore"/>
				<string name="UnitName" value="Shinano"/>
			</object>
			<object name="Shi4007">
				<integer name="Country" value="2"/>
				<float name="ER" value="500."/>
				<string name="Hull" value="Std_RAMP"/>
				<string name="Name" value="Bow2_RAMP2"/>
				<string name="TypHL" value="Hull"/>
				<string name="UnitName" value="Shinano"/>
			</object>
			<object name="Shi4008">
				<integer name="Country" value="2"/>
				<float name="ER" value="500."/>
				<string name="Hull" value="Std_RAMP"/>
				<string name="Name" value="Bow2_RAMP1"/>
				<string name="TypHL" value="Hull"/>
				<string name="UnitName" value="Shinano"/>
			</object>
			<object name="Shi4009">
				<integer name="Country" value="2"/>
				<float name="ER" value="500."/>
				<string name="Hull" value="Std_Bottom"/>
				<string name="Name" value="Bow2_RBottom"/>
				<string name="TypHL" value="Hull"/>
				<string name="UnitName" value="Shinano"/>
			</object>
			<object name="Shi4010">
				<integer name="Country" value="2"/>
				<float name="ER" value="500."/>
				<string name="Hull" value="Std_Bottom"/>
				<string name="Name" value="Bow2_LBottom"/>
				<string name="TypHL" value="Hull"/>
				<string name="UnitName" value="Shinano"/>
			</object>
			<object name="Shi4011">
				<integer name="Country" value="2"/>
				<float name="ER" value="500."/>
				<string name="Hull" value="Std_LAMP"/>
				<string name="Name" value="Bow2_LAMP1"/>
				<string name="TypHL" value="Hull"/>
				<string name="UnitName" value="Shinano"/>
			</object>
			<object name="Shi4012">
				<integer name="Country" value="2"/>
				<float name="ER" value="500."/>
				<string name="Hull" value="Shinano_LLBBelt"/>
				<string name="Name" value="Bow2_LBelt_Lower"/>
				<string name="TypHL" value="Hull"/>
				<string name="UnitName" value="Shinano"/>
			</object>
			<object name="Shi4013">
				<integer name="Country" value="2"/>
				<float name="ER" value="500."/>
				<string name="Hull" value="Shinano_LBBelt"/>
				<string name="Name" value="Bow2_LBelt_Upper"/>
				<string name="TypHL" value="Hull"/>
				<string name="UnitName" value="Shinano"/>
			</object>
			<object name="Shi4014">
				<integer name="Country" value="2"/>
				<float name="ER" value="500."/>
				<string name="Hull" value="Shinano_ADeck"/>
				<string name="Name" value="Bow2_MiddleDeck1"/>
				<string name="TypHL" value="Hull"/>
				<string name="UnitName" value="Shinano"/>
			</object>
			<object name="Shi4015">
				<integer name="Country" value="2"/>
				<float name="ER" value="500."/>
				<string name="Hull" value="Shinano_Bbeam"/>
				<string name="Name" value="Bow2_UpperBeam"/>
				<string name="TypHL" value="Hull"/>
				<string name="UnitName" value="Shinano"/>
			</object>
			<object name="Shi4016">
				<integer name="Country" value="2"/>
				<float name="ER" value="500."/>
				<string name="Hull" value="Std_Hull"/>
				<string name="Name" value="Bow2_UpperDeck1"/>
				<string name="TypHL" value="Hull"/>
				<string name="UnitName" value="Shinano"/>
			</object>
			<object name="Shi4017">
				<integer name="Country" value="2"/>
				<float name="ER" value="500."/>
				<string name="Hull" value="Std_Hull"/>
				<string name="Name" value="Bow2_LowerDeck1"/>
				<string name="TypHL" value="Hull"/>
				<string name="UnitName" value="Shinano"/>
			</object>
			<object name="Shi4018">
				<integer name="Country" value="2"/>
				<float name="ER" value="500."/>
				<string name="Hull" value="Shinano_AS"/>
				<string name="Name" value="AmmoStore_2"/>
				<string name="TypHL" value="AmmoStore"/>
				<string name="UnitName" value="Shinano"/>
			</object>
			<object name="Shi4019">
				<integer name="Country" value="2"/>
				<float name="ER" value="500."/>
				<string name="Hull" value="Shinano_AS"/>
				<string name="Name" value="AmmoStore_1"/>
				<string name="TypHL" value="AmmoStore"/>
				<string name="UnitName" value="Shinano"/>
			</object>
			<object name="Shi402">
				<integer name="Country" value="2"/>
				<integer name="Crew" value="0"/>
				<float name="ER" value="200."/>
				<string name="Hull" value="Mogami_BowCabin"/>
				<string name="Name" value="BowCabin"/>
				<float name="Param_1" value="0."/>
				<string name="TypHL" value="Hull"/>
				<string name="UnitName" value="Mogami"/>
			</object>
			<object name="Shi4020">
				<integer name="Country" value="2"/>
				<float name="ER" value="500."/>
				<string name="Hull" value="Shinano_RLBBelt"/>
				<string name="Name" value="Bow2_RBelt_Lower"/>
				<string name="TypHL" value="Hull"/>
				<string name="UnitName" value="Shinano"/>
			</object>
			<object name="Shi4021">
				<integer name="Country" value="2"/>
				<float name="ER" value="500."/>
				<string name="Hull" value="Std_LAMP"/>
				<string name="Name" value="Bow2_LAMP2"/>
				<string name="TypHL" value="Hull"/>
				<string name="UnitName" value="Shinano"/>
			</object>
			<object name="Shi4022">
				<integer name="Country" value="2"/>
				<float name="ER" value="500."/>
				<string name="Hull" value="Shinano_Bbeam"/>
				<string name="Name" value="Bow2_LowerBeam"/>
				<string name="TypHL" value="Hull"/>
				<string name="UnitName" value="Shinano"/>
			</object>
			<object name="Shi4023">
				<integer name="Country" value="2"/>
				<float name="ER" value="500."/>
				<string name="Hull" value="Std_Hull"/>
				<string name="Name" value="Bow2_LowerDeck2"/>
				<string name="TypHL" value="Hull"/>
				<string name="UnitName" value="Shinano"/>
			</object>
			<object name="Shi4024">
				<integer name="Country" value="2"/>
				<float name="ER" value="500."/>
				<string name="Hull" value="Shinano_UADeck_Bow"/>
				<string name="Name" value="Bow2_UpperDeck2"/>
				<string name="TypHL" value="Hull"/>
				<string name="UnitName" value="Shinano"/>
			</object>
			<object name="Shi4025">
				<integer name="Country" value="2"/>
				<float name="ER" value="500."/>
				<string name="Hull" value="Shinano_ADeck"/>
				<string name="Name" value="Bow2_MiddleDeck2"/>
				<string name="TypHL" value="Hull"/>
				<string name="UnitName" value="Shinano"/>
			</object>
			<object name="Shi4026">
				<integer name="Country" value="2"/>
				<float name="ER" value="500."/>
				<string name="Hull" value="Shinano_RBBelt"/>
				<string name="Name" value="Bow2_RBelt_Upper"/>
				<string name="TypHL" value="Hull"/>
				<string name="UnitName" value="Shinano"/>
			</object>
			<object name="Shi4027">
				<integer name="Country" value="2"/>
				<float name="ER" value="500."/>
				<string name="Hull" value="Shinano_UADeck"/>
				<string name="Name" value="Bow2_ForeDeck"/>
				<string name="TypHL" value="Hull"/>
				<string name="UnitName" value="Shinano"/>
			</object>
			<object name="Shi4028">
				<integer name="Country" value="2"/>
				<float name="ER" value="500."/>
				<string name="Hull" value="Std_BoilerHull"/>
				<string name="Name" value="Middle1_RLowerDeck1"/>
				<string name="TypHL" value="Hull"/>
				<string name="UnitName" value="Shinano"/>
			</object>
			<object name="Shi4029">
				<integer name="Country" value="2"/>
				<float name="ER" value="500."/>
				<string name="Hull" value="Std_Boiler"/>
				<string name="Name" value="Boiler4"/>
				<string name="TypHL" value="Boiler"/>
				<string name="UnitName" value="Shinano"/>
			</object>
			<object name="Shi403">
				<integer name="Country" value="2"/>
				<integer name="Crew" value="425"/>
				<float name="ER" value="15."/>
				<string name="Hull" value="Mogami_AAProbe"/>
				<string name="Name" value="Probe_AA_Stern"/>
				<float name="Param_1" value="0."/>
				<string name="TypHL" value="Crew"/>
				<string name="UnitName" value="Mogami"/>
			</object>
			<object name="Shi4030">
				<integer name="Country" value="2"/>
				<float name="ER" value="500."/>
				<string name="Hull" value="Shinano_ADeck"/>
				<string name="Name" value="Middle1_UpperDeck"/>
				<string name="TypHL" value="Hull"/>
				<string name="UnitName" value="Shinano"/>
			</object>
			<object name="Shi4031">
				<integer name="Country" value="2"/>
				<float name="ER" value="500."/>
				<string name="Hull" value="Shinano_UADeck"/>
				<string name="Name" value="Middle1_ForeDeck"/>
				<string name="TypHL" value="Hull"/>
				<string name="UnitName" value="Shinano"/>
			</object>
			<object name="Shi4032">
				<integer name="Country" value="2"/>
				<float name="ER" value="500."/>
				<string name="Hull" value="Shinano_ADeck"/>
				<string name="Name" value="Middle1_RMiddleDeck1"/>
				<string name="TypHL" value="Hull"/>
				<string name="UnitName" value="Shinano"/>
			</object>
			<object name="Shi4033">
				<integer name="Country" value="2"/>
				<float name="ER" value="500."/>
				<string name="Hull" value="Std_Probe"/>
				<string name="Name" value="Radar"/>
				<string name="TypHL" value="Probe"/>
				<string name="UnitName" value="Shinano"/>
			</object>
			<object name="Shi4034">
				<integer name="Country" value="2"/>
				<float name="ER" value="500."/>
				<string name="Hull" value="Std_BoilerHull"/>
				<string name="Name" value="Middle1_RLowerDeck2"/>
				<string name="TypHL" value="Hull"/>
				<string name="UnitName" value="Shinano"/>
			</object>
			<object name="Shi4035">
				<integer name="Country" value="2"/>
				<float name="ER" value="500."/>
				<string name="Hull" value="Std_Boiler"/>
				<string name="Name" value="Boiler3"/>
				<string name="TypHL" value="Boiler"/>
				<string name="UnitName" value="Shinano"/>
			</object>
			<object name="Shi4036">
				<integer name="Country" value="2"/>
				<float name="ER" value="500."/>
				<string name="Hull" value="Std_BoilerHull"/>
				<string name="Name" value="Middle1_LLowerDeck1"/>
				<string name="TypHL" value="Hull"/>
				<string name="UnitName" value="Shinano"/>
			</object>
			<object name="Shi4037">
				<integer name="Country" value="2"/>
				<float name="ER" value="500."/>
				<string name="Hull" value="Std_Boiler"/>
				<string name="Name" value="Boiler1"/>
				<string name="TypHL" value="Boiler"/>
				<string name="UnitName" value="Shinano"/>
			</object>
			<object name="Shi4038">
				<integer name="Country" value="2"/>
				<float name="ER" value="500."/>
				<string name="Hull" value="Std_BoilerHull"/>
				<string name="Name" value="Middle1_LLowerDeck2"/>
				<string name="TypHL" value="Hull"/>
				<string name="UnitName" value="Shinano"/>
			</object>
			<object name="Shi4039">
				<integer name="Country" value="2"/>
				<float name="ER" value="500."/>
				<string name="Hull" value="Std_Boiler"/>
				<string name="Name" value="Boiler2"/>
				<string name="TypHL" value="Boiler"/>
				<string name="UnitName" value="Shinano"/>
			</object>
			<object name="Shi4040">
				<integer name="Country" value="2"/>
				<float name="ER" value="500."/>
				<string name="Hull" value="Shinano_ADeck"/>
				<string name="Name" value="Middle1_LMiddleDeck1"/>
				<string name="TypHL" value="Hull"/>
				<string name="UnitName" value="Shinano"/>
			</object>
			<object name="Shi4041">
				<integer name="Country" value="2"/>
				<float name="ER" value="500."/>
				<string name="Hull" value="Shinano_PMC"/>
				<string name="Name" value="Probe_MG"/>
				<string name="TypHL" value="Probe"/>
				<string name="UnitName" value="Shinano"/>
			</object>
			<object name="Shi4042">
				<integer name="Country" value="2"/>
				<float name="ER" value="500."/>
				<string name="Hull" value="Shinano_ADeck"/>
				<string name="Name" value="Middle1_LMiddleDeck2"/>
				<string name="TypHL" value="Hull"/>
				<string name="UnitName" value="Shinano"/>
			</object>
			<object name="Shi4043">
				<integer name="Country" value="2"/>
				<float name="ER" value="500."/>
				<string name="Hull" value="Std_Bottom"/>
				<string name="Name" value="Middle1_RBottom"/>
				<string name="TypHL" value="FuelTank"/>
				<string name="UnitName" value="Shinano"/>
			</object>
			<object name="Shi4044">
				<integer name="Country" value="2"/>
				<float name="ER" value="500."/>
				<string name="Hull" value="Std_Bottom"/>
				<string name="Name" value="Middle1_LBottom"/>
				<string name="TypHL" value="FuelTank"/>
				<string name="UnitName" value="Shinano"/>
			</object>
			<object name="Shi4045">
				<integer name="Country" value="2"/>
				<float name="ER" value="500."/>
				<string name="Hull" value="Std_LAMP"/>
				<string name="Name" value="Middle1_LAMP"/>
				<string name="TypHL" value="Hull"/>
				<string name="UnitName" value="Shinano"/>
			</object>
			<object name="Shi4046">
				<integer name="Country" value="2"/>
				<float name="ER" value="500."/>
				<string name="Hull" value="Std_RAMP"/>
				<string name="Name" value="Middle1_RAMP"/>
				<string name="TypHL" value="Hull"/>
				<string name="UnitName" value="Shinano"/>
			</object>
			<object name="Shi4047">
				<integer name="Country" value="2"/>
				<float name="ER" value="500."/>
				<string name="Hull" value="Shinano_RBelt"/>
				<string name="Name" value="Middle1_RBelt_Upper"/>
				<string name="TypHL" value="Hull"/>
				<string name="UnitName" value="Shinano"/>
			</object>
			<object name="Shi4048">
				<integer name="Country" value="2"/>
				<float name="ER" value="500."/>
				<string name="Hull" value="Shinano_RLBelt"/>
				<string name="Name" value="Middle1_RBelt_Lower"/>
				<string name="TypHL" value="Hull"/>
				<string name="UnitName" value="Shinano"/>
			</object>
			<object name="Shi4049">
				<integer name="Country" value="2"/>
				<float name="ER" value="500."/>
				<string name="Hull" value="Shinano_LBelt"/>
				<string name="Name" value="Middle1_LBelt_Upper"/>
				<string name="TypHL" value="Hull"/>
				<string name="UnitName" value="Shinano"/>
			</object>
			<object name="Shi4050">
				<integer name="Country" value="2"/>
				<float name="ER" value="500."/>
				<string name="Hull" value="Shinano_LLBelt"/>
				<string name="Name" value="Middle1_LBelt_Lower"/>
				<string name="TypHL" value="Hull"/>
				<string name="UnitName" value="Shinano"/>
			</object>
			<object name="Shi4051">
				<integer name="Country" value="2"/>
				<float name="ER" value="500."/>
				<string name="Hull" value="Shinano_ADeck"/>
				<string name="Name" value="Middle1_RMiddleDeck2"/>
				<string name="TypHL" value="Hull"/>
				<string name="UnitName" value="Shinano"/>
			</object>
			<object name="Shi4052">
				<integer name="Country" value="2"/>
				<float name="ER" value="500."/>
				<string name="Hull" value="Shinano_ADeck"/>
				<string name="Name" value="Middle2_LMiddleDeck2"/>
				<string name="TypHL" value="Hull"/>
				<string name="UnitName" value="Shinano"/>
			</object>
			<object name="Shi4053">
				<integer name="Country" value="2"/>
				<float name="ER" value="500."/>
				<string name="Hull" value="Shinano_ADeck"/>
				<string name="Name" value="Middle2_RMiddleDeck2"/>
				<string name="TypHL" value="Hull"/>
				<string name="UnitName" value="Shinano"/>
			</object>
			<object name="Shi4054">
				<integer name="Country" value="2"/>
				<float name="ER" value="500."/>
				<string name="Hull" value="Std_Hull"/>
				<string name="Name" value="Middle2_UpperDeck"/>
				<string name="TypHL" value="Hull"/>
				<string name="UnitName" value="Shinano"/>
			</object>
			<object name="Shi4055">
				<integer name="Country" value="2"/>
				<float name="ER" value="500."/>
				<string name="Hull" value="Shinano_UADeck"/>
				<string name="Name" value="Middle2_ForeDeck"/>
				<string name="TypHL" value="Hull"/>
				<string name="UnitName" value="Shinano"/>
			</object>
			<object name="Shi4056">
				<integer name="Country" value="2"/>
				<float name="ER" value="500."/>
				<string name="Hull" value="Std_BoilerHull"/>
				<string name="Name" value="Middle2_RLowerDeck1"/>
				<string name="TypHL" value="Hull"/>
				<string name="UnitName" value="Shinano"/>
			</object>
			<object name="Shi4057">
				<integer name="Country" value="2"/>
				<float name="ER" value="500."/>
				<string name="Hull" value="Std_Boiler"/>
				<string name="Name" value="Boiler8"/>
				<string name="TypHL" value="Boiler"/>
				<string name="UnitName" value="Shinano"/>
			</object>
			<object name="Shi4058">
				<integer name="Country" value="2"/>
				<float name="ER" value="500."/>
				<string name="Hull" value="Std_BoilerHull"/>
				<string name="Name" value="Middle2_RLowerDeck2"/>
				<string name="TypHL" value="Hull"/>
				<string name="UnitName" value="Shinano"/>
			</object>
			<object name="Shi4059">
				<integer name="Country" value="2"/>
				<float name="ER" value="500."/>
				<string name="Hull" value="Std_Boiler"/>
				<string name="Name" value="Boiler7"/>
				<string name="TypHL" value="Boiler"/>
				<string name="UnitName" value="Shinano"/>
			</object>
			<object name="Shi4060">
				<integer name="Country" value="2"/>
				<float name="ER" value="500."/>
				<string name="Hull" value="Std_BoilerHull"/>
				<string name="Name" value="Middle2_LLowerDeck2"/>
				<string name="TypHL" value="Hull"/>
				<string name="UnitName" value="Shinano"/>
			</object>
			<object name="Shi4061">
				<integer name="Country" value="2"/>
				<float name="ER" value="500."/>
				<string name="Hull" value="Std_Boiler"/>
				<string name="Name" value="Boiler6"/>
				<string name="TypHL" value="Boiler"/>
				<string name="UnitName" value="Shinano"/>
			</object>
			<object name="Shi4062">
				<integer name="Country" value="2"/>
				<float name="ER" value="500."/>
				<string name="Hull" value="Std_BoilerHull"/>
				<string name="Name" value="Middle2_LLowerDeck1"/>
				<string name="TypHL" value="Hull"/>
				<string name="UnitName" value="Shinano"/>
			</object>
			<object name="Shi4063">
				<integer name="Country" value="2"/>
				<float name="ER" value="500."/>
				<string name="Hull" value="Std_Boiler"/>
				<string name="Name" value="Boiler5"/>
				<string name="TypHL" value="Boiler"/>
				<string name="UnitName" value="Shinano"/>
			</object>
			<object name="Shi4064">
				<integer name="Country" value="2"/>
				<float name="ER" value="500."/>
				<string name="Hull" value="Shinano_LLBelt"/>
				<string name="Name" value="Middle2_LBelt_Lower"/>
				<string name="TypHL" value="Hull"/>
				<string name="UnitName" value="Shinano"/>
			</object>
			<object name="Shi4065">
				<integer name="Country" value="2"/>
				<float name="ER" value="500."/>
				<string name="Hull" value="Shinano_ADeck"/>
				<string name="Name" value="Middle2_RMiddleDeck1"/>
				<string name="TypHL" value="Hull"/>
				<string name="UnitName" value="Shinano"/>
			</object>
			<object name="Shi4066">
				<integer name="Country" value="2"/>
				<float name="ER" value="500."/>
				<string name="Hull" value="Shinano_ADeck"/>
				<string name="Name" value="Middle2_LMiddleDeck1"/>
				<string name="TypHL" value="Hull"/>
				<string name="UnitName" value="Shinano"/>
			</object>
			<object name="Shi4067">
				<integer name="Country" value="2"/>
				<float name="ER" value="500."/>
				<string name="Hull" value="Std_LAMP"/>
				<string name="Name" value="Middle2_LAMP"/>
				<string name="TypHL" value="Hull"/>
				<string name="UnitName" value="Shinano"/>
			</object>
			<object name="Shi4068">
				<integer name="Country" value="2"/>
				<float name="ER" value="500."/>
				<string name="Hull" value="Std_Bottom"/>
				<string name="Name" value="Middle2_RBottom"/>
				<string name="TypHL" value="FuelTank"/>
				<string name="UnitName" value="Shinano"/>
			</object>
			<object name="Shi4069">
				<integer name="Country" value="2"/>
				<float name="ER" value="500."/>
				<string name="Hull" value="Std_RAMP"/>
				<string name="Name" value="Middle2_RAMP"/>
				<string name="TypHL" value="Hull"/>
				<string name="UnitName" value="Shinano"/>
			</object>
			<object name="Shi4070">
				<integer name="Country" value="2"/>
				<float name="ER" value="500."/>
				<string name="Hull" value="Shinano_RLBelt"/>
				<string name="Name" value="Middle2_RBelt_Lower"/>
				<string name="TypHL" value="Hull"/>
				<string name="UnitName" value="Shinano"/>
			</object>
			<object name="Shi4071">
				<integer name="Country" value="2"/>
				<float name="ER" value="500."/>
				<string name="Hull" value="Shinano_RBelt"/>
				<string name="Name" value="Middle2_RBelt_Upper"/>
				<string name="TypHL" value="Hull"/>
				<string name="UnitName" value="Shinano"/>
			</object>
			<object name="Shi4072">
				<integer name="Country" value="2"/>
				<float name="ER" value="500."/>
				<string name="Hull" value="Shinano_LBelt"/>
				<string name="Name" value="Middle2_LBelt_Upper"/>
				<string name="TypHL" value="Hull"/>
				<string name="UnitName" value="Shinano"/>
			</object>
			<object name="Shi4073">
				<integer name="Country" value="2"/>
				<float name="ER" value="500."/>
				<string name="Hull" value="Std_Bottom"/>
				<string name="Name" value="Middle2_LBottom"/>
				<string name="TypHL" value="FuelTank"/>
				<string name="UnitName" value="Shinano"/>
			</object>
			<object name="Shi4074">
				<integer name="Country" value="2"/>
				<float name="ER" value="500."/>
				<string name="Hull" value="Std_BoilerHull"/>
				<string name="Name" value="Middle3_RLowerDeck2"/>
				<string name="TypHL" value="Hull"/>
				<string name="UnitName" value="Shinano"/>
			</object>
			<object name="Shi4075">
				<integer name="Country" value="2"/>
				<float name="ER" value="500."/>
				<string name="Hull" value="Std_Boiler"/>
				<string name="Name" value="Boiler12"/>
				<string name="TypHL" value="Boiler"/>
				<string name="UnitName" value="Shinano"/>
			</object>
			<object name="Shi4076">
				<integer name="Country" value="2"/>
				<float name="ER" value="500."/>
				<string name="Hull" value="Std_BoilerHull"/>
				<string name="Name" value="Middle3_LLowerDeck1"/>
				<string name="TypHL" value="Hull"/>
				<string name="UnitName" value="Shinano"/>
			</object>
			<object name="Shi4077">
				<integer name="Country" value="2"/>
				<float name="ER" value="500."/>
				<string name="Hull" value="Std_Boiler"/>
				<string name="Name" value="Boiler9"/>
				<string name="TypHL" value="Boiler"/>
				<string name="UnitName" value="Shinano"/>
			</object>
			<object name="Shi4078">
				<integer name="Country" value="2"/>
				<float name="ER" value="500."/>
				<string name="Hull" value="Std_BoilerHull"/>
				<string name="Name" value="Middle3_LLowerDeck2"/>
				<string name="TypHL" value="Hull"/>
				<string name="UnitName" value="Shinano"/>
			</object>
			<object name="Shi4079">
				<integer name="Country" value="2"/>
				<float name="ER" value="500."/>
				<string name="Hull" value="Std_Boiler"/>
				<string name="Name" value="Boiler10"/>
				<string name="TypHL" value="Boiler"/>
				<string name="UnitName" value="Shinano"/>
			</object>
			<object name="Shi4080">
				<integer name="Country" value="2"/>
				<float name="ER" value="500."/>
				<string name="Hull" value="Std_BoilerHull"/>
				<string name="Name" value="Middle3_RLowerDeck1"/>
				<string name="TypHL" value="Hull"/>
				<string name="UnitName" value="Shinano"/>
			</object>
			<object name="Shi4081">
				<integer name="Country" value="2"/>
				<float name="ER" value="500."/>
				<string name="Hull" value="Std_Boiler"/>
				<string name="Name" value="Boiler11"/>
				<string name="TypHL" value="Boiler"/>
				<string name="UnitName" value="Shinano"/>
			</object>
			<object name="Shi4082">
				<integer name="Country" value="2"/>
				<float name="ER" value="500."/>
				<string name="Hull" value="Shinano_ADeck"/>
				<string name="Name" value="Middle3_RMiddleDeck1"/>
				<string name="TypHL" value="Hull"/>
				<string name="UnitName" value="Shinano"/>
			</object>
			<object name="Shi4083">
				<integer name="Country" value="2"/>
				<float name="ER" value="500."/>
				<string name="Hull" value="Shinano_ADeck"/>
				<string name="Name" value="Middle3_RMiddleDeck2"/>
				<string name="TypHL" value="Hull"/>
				<string name="UnitName" value="Shinano"/>
			</object>
			<object name="Shi4084">
				<integer name="Country" value="2"/>
				<float name="ER" value="500."/>
				<string name="Hull" value="Std_Hull"/>
				<string name="Name" value="Middle3_UpperDeck"/>
				<string name="TypHL" value="Hull"/>
				<string name="UnitName" value="Shinano"/>
			</object>
			<object name="Shi4085">
				<integer name="Country" value="2"/>
				<float name="ER" value="500."/>
				<string name="Hull" value="Shinano_ADeck"/>
				<string name="Name" value="Middle3_LMiddleDeck2"/>
				<string name="TypHL" value="Hull"/>
				<string name="UnitName" value="Shinano"/>
			</object>
			<object name="Shi4086">
				<integer name="Country" value="2"/>
				<float name="ER" value="500."/>
				<string name="Hull" value="Shinano_ADeck"/>
				<string name="Name" value="Middle3_LMiddleDeck1"/>
				<string name="TypHL" value="Hull"/>
				<string name="UnitName" value="Shinano"/>
			</object>
			<object name="Shi4087">
				<integer name="Country" value="2"/>
				<float name="ER" value="500."/>
				<string name="Hull" value="Std_UpperHull"/>
				<string name="Name" value="Middle3_ForeDeck"/>
				<string name="TypHL" value="Hull"/>
				<string name="UnitName" value="Shinano"/>
			</object>
			<object name="Shi4088">
				<integer name="Country" value="2"/>
				<float name="ER" value="500."/>
				<string name="Hull" value="Std_RAMP"/>
				<string name="Name" value="Middle3_RAMP"/>
				<string name="TypHL" value="Hull"/>
				<string name="UnitName" value="Shinano"/>
			</object>
			<object name="Shi4089">
				<integer name="Country" value="2"/>
				<float name="ER" value="500."/>
				<string name="Hull" value="Std_LAMP"/>
				<string name="Name" value="Middle3_LAMP"/>
				<string name="TypHL" value="Hull"/>
				<string name="UnitName" value="Shinano"/>
			</object>
			<object name="Shi4090">
				<integer name="Country" value="2"/>
				<float name="ER" value="500."/>
				<string name="Hull" value="Std_Bottom"/>
				<string name="Name" value="Middle3_LBottom"/>
				<string name="TypHL" value="FuelTank"/>
				<string name="UnitName" value="Shinano"/>
			</object>
			<object name="Shi4091">
				<integer name="Country" value="2"/>
				<float name="ER" value="500."/>
				<string name="Hull" value="Std_Bottom"/>
				<string name="Name" value="Middle3_RBottom"/>
				<string name="TypHL" value="FuelTank"/>
				<string name="UnitName" value="Shinano"/>
			</object>
			<object name="Shi4092">
				<integer name="Country" value="2"/>
				<float name="ER" value="500."/>
				<string name="Hull" value="Shinano_RBelt"/>
				<string name="Name" value="Middle3_RBelt_Upper"/>
				<string name="TypHL" value="Hull"/>
				<string name="UnitName" value="Shinano"/>
			</object>
			<object name="Shi4093">
				<integer name="Country" value="2"/>
				<float name="ER" value="500."/>
				<string name="Hull" value="Shinano_RLBelt"/>
				<string name="Name" value="Middle3_RBelt_Lower"/>
				<string name="TypHL" value="Hull"/>
				<string name="UnitName" value="Shinano"/>
			</object>
			<object name="Shi4094">
				<integer name="Country" value="2"/>
				<float name="ER" value="500."/>
				<string name="Hull" value="Shinano_LBelt"/>
				<string name="Name" value="Middle3_LBelt_Upper"/>
				<string name="TypHL" value="Hull"/>
				<string name="UnitName" value="Shinano"/>
			</object>
			<object name="Shi4095">
				<integer name="Country" value="2"/>
				<float name="ER" value="500."/>
				<string name="Hull" value="Shinano_LLBelt"/>
				<string name="Name" value="Middle3_LBelt_Lower"/>
				<string name="TypHL" value="Hull"/>
				<string name="UnitName" value="Shinano"/>
			</object>
			<object name="Shi4096">
				<integer name="Country" value="2"/>
				<float name="ER" value="500."/>
				<string name="Hull" value="Std_EngineHull"/>
				<string name="Name" value="Middle4_REngineCover1"/>
				<string name="TypHL" value="Hull"/>
				<string name="UnitName" value="Shinano"/>
			</object>
			<object name="Shi4097">
				<string name="ConnectName" value="Boiler1;Boiler2;Boiler3;Boiler4;Boiler5;Boiler6;Boiler7;Boiler8;Boiler9;Boiler10;Boiler11;Boiler12"/>
				<integer name="Country" value="2"/>
				<float name="ER" value="500."/>
				<string name="Hull" value="Std_Engine"/>
				<string name="Name" value="Engine4"/>
				<string name="TypHL" value="Engine"/>
				<string name="UnitName" value="Shinano"/>
			</object>
			<object name="Shi4098">
				<integer name="Country" value="2"/>
				<float name="ER" value="500."/>
				<string name="Hull" value="Shinano_ADeck"/>
				<string name="Name" value="Middle4_RMiddleDeck2"/>
				<string name="TypHL" value="Hull"/>
				<string name="UnitName" value="Shinano"/>
			</object>
			<object name="Shi4099">
				<integer name="Country" value="2"/>
				<float name="ER" value="500."/>
				<string name="Hull" value="Std_EngineHull"/>
				<string name="Name" value="Middle4_LEngineCover2"/>
				<string name="TypHL" value="Hull"/>
				<string name="UnitName" value="Shinano"/>
			</object>
			<object name="Shi4100">
				<string name="ConnectName" value="Boiler1;Boiler2;Boiler3;Boiler4;Boiler5;Boiler6;Boiler7;Boiler8;Boiler9;Boiler10;Boiler11;Boiler12"/>
				<integer name="Country" value="2"/>
				<float name="ER" value="500."/>
				<string name="Hull" value="Std_Engine"/>
				<string name="Name" value="Engine1"/>
				<string name="TypHL" value="Engine"/>
				<string name="UnitName" value="Shinano"/>
			</object>
			<object name="Shi4101">
				<integer name="Country" value="2"/>
				<float name="ER" value="500."/>
				<string name="Hull" value="Shinano_ADeck"/>
				<string name="Name" value="Middle4_LMiddleDeck2"/>
				<string name="TypHL" value="Hull"/>
				<string name="UnitName" value="Shinano"/>
			</object>
			<object name="Shi4102">
				<integer name="Country" value="2"/>
				<float name="ER" value="500."/>
				<string name="Hull" value="Shinano_ADeck"/>
				<string name="Name" value="Middle4_RMiddleDeck1"/>
				<string name="TypHL" value="Hull"/>
				<string name="UnitName" value="Shinano"/>
			</object>
			<object name="Shi4103">
				<integer name="Country" value="2"/>
				<float name="ER" value="500."/>
				<string name="Hull" value="Std_EngineHull"/>
				<string name="Name" value="Middle4_REngineCover2"/>
				<string name="TypHL" value="Hull"/>
				<string name="UnitName" value="Shinano"/>
			</object>
			<object name="Shi4104">
				<string name="ConnectName" value="Boiler1;Boiler2;Boiler3;Boiler4;Boiler5;Boiler6;Boiler7;Boiler8;Boiler9;Boiler10;Boiler11;Boiler12"/>
				<integer name="Country" value="2"/>
				<float name="ER" value="500."/>
				<string name="Hull" value="Std_Engine"/>
				<string name="Name" value="Engine2"/>
				<string name="TypHL" value="Engine"/>
				<string name="UnitName" value="Shinano"/>
			</object>
			<object name="Shi4105">
				<integer name="Country" value="2"/>
				<float name="ER" value="500."/>
				<string name="Hull" value="Std_EngineHull"/>
				<string name="Name" value="Middle4_LEngineCover1"/>
				<string name="TypHL" value="Hull"/>
				<string name="UnitName" value="Shinano"/>
			</object>
			<object name="Shi4106">
				<string name="ConnectName" value="Boiler1;Boiler2;Boiler3;Boiler4;Boiler5;Boiler6;Boiler7;Boiler8;Boiler9;Boiler10;Boiler11;Boiler12"/>
				<integer name="Country" value="2"/>
				<float name="ER" value="500."/>
				<string name="Hull" value="Std_Engine"/>
				<string name="Name" value="Engine3"/>
				<string name="TypHL" value="Engine"/>
				<string name="UnitName" value="Shinano"/>
			</object>
			<object name="Shi4107">
				<integer name="Country" value="2"/>
				<float name="ER" value="500."/>
				<string name="Hull" value="Shinano_ADeck"/>
				<string name="Name" value="Middle4_LMiddleDeck1"/>
				<string name="TypHL" value="Hull"/>
				<string name="UnitName" value="Shinano"/>
			</object>
			<object name="Shi4108">
				<integer name="Country" value="2"/>
				<float name="ER" value="500."/>
				<string name="Hull" value="Std_Hull"/>
				<string name="Name" value="Middle4_RLowerDeck2"/>
				<string name="TypHL" value="Hull"/>
				<string name="UnitName" value="Shinano"/>
			</object>
			<object name="Shi4109">
				<integer name="Country" value="2"/>
				<float name="ER" value="500."/>
				<string name="Hull" value="Std_Hull"/>
				<string name="Name" value="Middle4_RLowerDeck1"/>
				<string name="TypHL" value="Hull"/>
				<string name="UnitName" value="Shinano"/>
			</object>
			<object name="Shi4110">
				<integer name="Country" value="2"/>
				<float name="ER" value="500."/>
				<string name="Hull" value="Std_UpperHull"/>
				<string name="Name" value="Middle4_ForeDeck"/>
				<string name="TypHL" value="Hull"/>
				<string name="UnitName" value="Shinano"/>
			</object>
			<object name="Shi4111">
				<integer name="Country" value="2"/>
				<float name="ER" value="500."/>
				<string name="Hull" value="Std_UpperHull"/>
				<string name="Name" value="Middle4_UpperDeck"/>
				<string name="TypHL" value="Hull"/>
				<string name="UnitName" value="Shinano"/>
			</object>
			<object name="Shi4112">
				<integer name="Country" value="2"/>
				<float name="ER" value="500."/>
				<string name="Hull" value="Std_Hull"/>
				<string name="Name" value="Middle4_LLowerDeck2"/>
				<string name="TypHL" value="Hull"/>
				<string name="UnitName" value="Shinano"/>
			</object>
			<object name="Shi4113">
				<integer name="Country" value="2"/>
				<float name="ER" value="500."/>
				<string name="Hull" value="Std_Hull"/>
				<string name="Name" value="Middle4_LLowerDeck1"/>
				<string name="TypHL" value="Hull"/>
				<string name="UnitName" value="Shinano"/>
			</object>
			<object name="Shi4114">
				<integer name="Country" value="2"/>
				<float name="ER" value="500."/>
				<string name="Hull" value="Std_Bottom"/>
				<string name="Name" value="Middle4_LBottom"/>
				<string name="TypHL" value="FuelTank"/>
				<string name="UnitName" value="Shinano"/>
			</object>
			<object name="Shi4115">
				<integer name="Country" value="2"/>
				<float name="ER" value="500."/>
				<string name="Hull" value="Std_Bottom"/>
				<string name="Name" value="Middle4_RBottom"/>
				<string name="TypHL" value="FuelTank"/>
				<string name="UnitName" value="Shinano"/>
			</object>
			<object name="Shi4116">
				<integer name="Country" value="2"/>
				<float name="ER" value="500."/>
				<string name="Hull" value="Shinano_LBelt"/>
				<string name="Name" value="Middle4_LBelt_Upper"/>
				<string name="TypHL" value="Hull"/>
				<string name="UnitName" value="Shinano"/>
			</object>
			<object name="Shi4117">
				<integer name="Country" value="2"/>
				<float name="ER" value="500."/>
				<string name="Hull" value="Shinano_RBelt"/>
				<string name="Name" value="Middle4_RBelt_Upper"/>
				<string name="TypHL" value="Hull"/>
				<string name="UnitName" value="Shinano"/>
			</object>
			<object name="Shi4118">
				<integer name="Country" value="2"/>
				<float name="ER" value="500."/>
				<string name="Hull" value="Shinano_RLBelt"/>
				<string name="Name" value="Middle4_RBelt_Lower"/>
				<string name="TypHL" value="Hull"/>
				<string name="UnitName" value="Shinano"/>
			</object>
			<object name="Shi4119">
				<integer name="Country" value="2"/>
				<float name="ER" value="500."/>
				<string name="Hull" value="Shinano_LLBelt"/>
				<string name="Name" value="Middle4_LBelt_Lower"/>
				<string name="TypHL" value="Hull"/>
				<string name="UnitName" value="Shinano"/>
			</object>
			<object name="Shi412">
				<integer name="Country" value="2"/>
				<integer name="Crew" value="0"/>
				<float name="ER" value="170."/>
				<string name="Hull" value="Mogami_MG_LBelt_Upper"/>
				<string name="Name" value="Bow2_LBelt_Upper"/>
				<float name="Param_1" value="0."/>
				<string name="TypHL" value="Hull"/>
				<string name="UnitName" value="Mogami"/>
			</object>
			<object name="Shi4120">
				<integer name="Country" value="2"/>
				<float name="ER" value="500."/>
				<string name="Hull" value="Std_RAMP"/>
				<string name="Name" value="Middle4_RAMP"/>
				<string name="TypHL" value="Hull"/>
				<string name="UnitName" value="Shinano"/>
			</object>
			<object name="Shi4121">
				<integer name="Country" value="2"/>
				<float name="ER" value="500."/>
				<string name="Hull" value="Std_LAMP"/>
				<string name="Name" value="Middle4_LAMP"/>
				<string name="TypHL" value="Hull"/>
				<string name="UnitName" value="Shinano"/>
			</object>
			<object name="Shi4122">
				<integer name="Country" value="2"/>
				<float name="ER" value="500."/>
				<string name="Hull" value="Shinano_BarbetMC"/>
				<string name="Name" value="Barbet3"/>
				<string name="TypHL" value="AmmoStore"/>
				<string name="UnitName" value="Shinano"/>
			</object>
			<object name="Shi4123">
				<integer name="Country" value="2"/>
				<float name="ER" value="500."/>
				<string name="Hull" value="Std_Bottom"/>
				<string name="Name" value="Stern1_LBottom"/>
				<string name="TypHL" value="Hull"/>
				<string name="UnitName" value="Shinano"/>
			</object>
			<object name="Shi4124">
				<integer name="Country" value="2"/>
				<float name="ER" value="500."/>
				<string name="Hull" value="Std_Bottom"/>
				<string name="Name" value="Stern1_RBottom"/>
				<string name="TypHL" value="Hull"/>
				<string name="UnitName" value="Shinano"/>
			</object>
			<object name="Shi4125">
				<integer name="Country" value="2"/>
				<float name="ER" value="500."/>
				<string name="Hull" value="Shinano_LSBelt"/>
				<string name="Name" value="Stern1_LBelt_Upper"/>
				<string name="TypHL" value="Hull"/>
				<string name="UnitName" value="Shinano"/>
			</object>
			<object name="Shi4126">
				<integer name="Country" value="2"/>
				<float name="ER" value="500."/>
				<string name="Hull" value="Shinano_RSBelt"/>
				<string name="Name" value="Stern1_RBelt_Upper"/>
				<string name="TypHL" value="Hull"/>
				<string name="UnitName" value="Shinano"/>
			</object>
			<object name="Shi4127">
				<integer name="Country" value="2"/>
				<float name="ER" value="500."/>
				<string name="Hull" value="Shinano_RLSBelt"/>
				<string name="Name" value="Stern1_RBelt_Lower"/>
				<string name="TypHL" value="Hull"/>
				<string name="UnitName" value="Shinano"/>
			</object>
			<object name="Shi4128">
				<integer name="Country" value="2"/>
				<float name="ER" value="500."/>
				<string name="Hull" value="Shinano_LLSBelt"/>
				<string name="Name" value="Stern1_LBelt_Lower"/>
				<string name="TypHL" value="Hull"/>
				<string name="UnitName" value="Shinano"/>
			</object>
			<object name="Shi4129">
				<integer name="Country" value="2"/>
				<float name="ER" value="500."/>
				<string name="Hull" value="Std_Hull"/>
				<string name="Name" value="Stern1_LowerDeck"/>
				<string name="TypHL" value="Hull"/>
				<string name="UnitName" value="Shinano"/>
			</object>
			<object name="Shi4130">
				<integer name="Country" value="2"/>
				<float name="ER" value="500."/>
				<string name="Hull" value="Shinano_AS"/>
				<string name="Name" value="AmmoStore3"/>
				<string name="TypHL" value="AmmoStore"/>
				<string name="UnitName" value="Shinano"/>
			</object>
			<object name="Shi4131">
				<integer name="Country" value="2"/>
				<float name="ER" value="500."/>
				<string name="Hull" value="Shinano_ADeck"/>
				<string name="Name" value="Stern1_MiddleDeck"/>
				<string name="TypHL" value="Hull"/>
				<string name="UnitName" value="Shinano"/>
			</object>
			<object name="Shi4132">
				<integer name="Country" value="2"/>
				<float name="ER" value="500."/>
				<string name="Hull" value="Shinano_Sbeam"/>
				<string name="Name" value="Stern1_LowerBeam"/>
				<string name="TypHL" value="Hull"/>
				<string name="UnitName" value="Shinano"/>
			</object>
			<object name="Shi4133">
				<integer name="Country" value="2"/>
				<float name="ER" value="500."/>
				<string name="Hull" value="Shinano_Sbeam"/>
				<string name="Name" value="Stern1_UpperBeam"/>
				<string name="TypHL" value="Hull"/>
				<string name="UnitName" value="Shinano"/>
			</object>
			<object name="Shi4134">
				<integer name="Country" value="2"/>
				<float name="ER" value="500."/>
				<string name="Hull" value="Std_RAMP"/>
				<string name="Name" value="Stern1_RAMP1"/>
				<string name="TypHL" value="Hull"/>
				<string name="UnitName" value="Shinano"/>
			</object>
			<object name="Shi4135">
				<integer name="Country" value="2"/>
				<float name="ER" value="500."/>
				<string name="Hull" value="Std_LAMP"/>
				<string name="Name" value="Stern1_LAMP1"/>
				<string name="TypHL" value="Hull"/>
				<string name="UnitName" value="Shinano"/>
			</object>
			<object name="Shi4136">
				<integer name="Country" value="2"/>
				<float name="ER" value="500."/>
				<string name="Hull" value="Std_LAMP"/>
				<string name="Name" value="Stern1_LAMP2"/>
				<string name="TypHL" value="Hull"/>
				<string name="UnitName" value="Shinano"/>
			</object>
			<object name="Shi4137">
				<integer name="Country" value="2"/>
				<float name="ER" value="500."/>
				<string name="Hull" value="Std_RAMP"/>
				<string name="Name" value="Stern1_RAMP2"/>
				<string name="TypHL" value="Hull"/>
				<string name="UnitName" value="Shinano"/>
			</object>
			<object name="Shi4138">
				<integer name="Country" value="2"/>
				<float name="ER" value="500."/>
				<string name="Hull" value="Std_UpperHull"/>
				<string name="Name" value="Stern1_ForeDeck"/>
				<string name="TypHL" value="Hull"/>
				<string name="UnitName" value="Shinano"/>
			</object>
			<object name="Shi4139">
				<integer name="Country" value="2"/>
				<float name="ER" value="500."/>
				<string name="Hull" value="Std_Hull"/>
				<string name="Name" value="Stern1_UpperDeck"/>
				<string name="TypHL" value="Hull"/>
				<string name="UnitName" value="Shinano"/>
			</object>
			<object name="Shi4140">
				<integer name="Country" value="2"/>
				<float name="ER" value="500."/>
				<string name="Hull" value="Std_Bottom"/>
				<string name="Name" value="Bow1_Bottom"/>
				<string name="TypHL" value="Hull"/>
				<string name="UnitName" value="Shinano"/>
			</object>
			<object name="Shi4141">
				<integer name="Country" value="2"/>
				<float name="ER" value="500."/>
				<string name="Hull" value="Std_Hull"/>
				<string name="Name" value="Bow1_LowerDeck"/>
				<string name="TypHL" value="Hull"/>
				<string name="UnitName" value="Shinano"/>
			</object>
			<object name="Shi4142">
				<integer name="Country" value="2"/>
				<float name="ER" value="500."/>
				<string name="Hull" value="Std_Probe"/>
				<string name="Name" value="Sonar"/>
				<string name="TypHL" value="Probe"/>
				<string name="UnitName" value="Shinano"/>
			</object>
			<object name="Shi4143">
				<integer name="Country" value="2"/>
				<float name="ER" value="500."/>
				<string name="Hull" value="Std_Hull"/>
				<string name="Name" value="Bow1_MiddleDeck"/>
				<string name="TypHL" value="Hull"/>
				<string name="UnitName" value="Shinano"/>
			</object>
			<object name="Shi4144">
				<integer name="Country" value="2"/>
				<float name="ER" value="500."/>
				<string name="Hull" value="Std_Hull"/>
				<string name="Name" value="Stern2_LowerDeck"/>
				<string name="TypHL" value="Hull"/>
				<string name="UnitName" value="Shinano"/>
			</object>
			<object name="Shi4145">
				<integer name="Country" value="2"/>
				<float name="ER" value="500."/>
				<string name="Hull" value="Std_Hull"/>
				<string name="Name" value="Stern2_MiddleDeck"/>
				<string name="TypHL" value="Hull"/>
				<string name="UnitName" value="Shinano"/>
			</object>
			<object name="Shi4146">
				<integer name="Country" value="2"/>
				<float name="ER" value="500."/>
				<string name="Hull" value="Std_Hull"/>
				<string name="Name" value="Stern3_LowerDeck"/>
				<string name="TypHL" value="Hull"/>
				<string name="UnitName" value="Shinano"/>
			</object>
			<object name="Shi4147">
				<integer name="Country" value="2"/>
				<float name="ER" value="500."/>
				<string name="Hull" value="Shinano_Tiller"/>
				<string name="Name" value="Tiller"/>
				<string name="TypHL" value="Hull"/>
				<string name="UnitName" value="Shinano"/>
			</object>
			<object name="Shi4148">
				<integer name="Country" value="2"/>
				<float name="ER" value="500."/>
				<string name="Hull" value="Std_UpperHull"/>
				<string name="Name" value="Bow1_UpperDeck"/>
				<string name="TypHL" value="Hull"/>
				<string name="UnitName" value="Shinano"/>
			</object>
			<object name="Shi4149">
				<integer name="Country" value="2"/>
				<float name="ER" value="500."/>
				<string name="Hull" value="Std_UpperHull"/>
				<string name="Name" value="Stern2_ForeDeck"/>
				<string name="TypHL" value="Hull"/>
				<string name="UnitName" value="Shinano"/>
			</object>
			<object name="Shi4150">
				<integer name="Country" value="2"/>
				<float name="ER" value="500."/>
				<string name="Hull" value="Shinano_UADeck_Stern"/>
				<string name="Name" value="Stern2_UpperDeck"/>
				<string name="TypHL" value="Hull"/>
				<string name="UnitName" value="Shinano"/>
			</object>
			<object name="Shi4151">
				<integer name="Country" value="2"/>
				<float name="ER" value="500."/>
				<string name="Hull" value="Std_Hull"/>
				<string name="Name" value="Stern3_UpperDeck"/>
				<string name="TypHL" value="Hull"/>
				<string name="UnitName" value="Shinano"/>
			</object>
			<object name="Shi9275">
				<integer name="Country" value="2"/>
				<integer name="Crew" value="625"/>
				<float name="ER" value="500."/>
				<string name="Hull" value="Std_Hull"/>
				<string name="Name" value="BowUSuperstructure"/>
				<string name="TypHL" value="Crew"/>
				<string name="UnitName" value="Shinano"/>
			</object>
			<object name="Shi9276">
				<integer name="Country" value="2"/>
				<integer name="Crew" value="625"/>
				<float name="ER" value="500."/>
				<string name="Hull" value="Std_Hull"/>
				<string name="Name" value="BowLSuperstructure"/>
				<string name="TypHL" value="Crew"/>
				<string name="UnitName" value="Shinano"/>
			</object>
			<object name="Shi9277">
				<integer name="Country" value="2"/>
				<integer name="Crew" value="625"/>
				<float name="ER" value="500."/>
				<string name="Hull" value="Std_Hull"/>
				<string name="Name" value="MiddleSuperstructure"/>
				<string name="TypHL" value="Crew"/>
				<string name="UnitName" value="Shinano"/>
			</object>
			<object name="Shi9278">
				<integer name="Country" value="2"/>
				<integer name="Crew" value="625"/>
				<float name="ER" value="500."/>
				<string name="Hull" value="Std_Hull"/>
				<string name="Name" value="SternSuperstructure"/>
				<string name="TypHL" value="Crew"/>
				<string name="UnitName" value="Shinano"/>
			</object>
			<object name="Shi9279">
				<integer name="Country" value="2"/>
				<float name="ER" value="500."/>
				<string name="Hull" value="Std_Hull"/>
				<string name="Name" value="SmokeStack"/>
				<string name="TypHL" value="Hull"/>
				<string name="UnitName" value="Shinano"/>
			</object>
			<object name="Shi9363">
				<integer name="Country" value="2"/>
				<float name="ER" value="500."/>
				<string name="Hull" value="Std_Probe"/>
				<string name="Name" value="Radio"/>
				<string name="TypHL" value="Probe"/>
				<string name="UnitName" value="Shinano"/>
			</object>
		</object>
		<object name="Hulls">
			<object name="Shinano_ADeck">
				<integer name="Back" value="10"/>
				<integer name="Bottom" value="10"/>
				<integer name="Country" value="2"/>
				<float name="ExplProb" value="0."/>
				<float name="FireProb" value="0."/>
				<integer name="Front" value="10"/>
				<integer name="Left" value="10"/>
				<string name="Material" value="Armored"/>
				<integer name="Right" value="10"/>
				<integer name="Top" value="200"/>
				<integer name="UnitName" value="0"/>
				<string name="UnitTyp" value="Ship"/>
			</object>
			<object name="Shinano_AS">
				<integer name="Back" value="10"/>
				<integer name="Bottom" value="70"/>
				<integer name="Country" value="2"/>
				<float name="ExplProb" value="0."/>
				<float name="FireProb" value="0."/>
				<integer name="Front" value="10"/>
				<integer name="Left" value="10"/>
				<string name="Material" value="Armored"/>
				<integer name="Right" value="10"/>
				<integer name="Top" value="10"/>
				<integer name="UnitName" value="0"/>
				<string name="UnitTyp" value="Ship"/>
			</object>
			<object name="Shinano_BarbetMC">
				<integer name="Back" value="500"/>
				<integer name="Bottom" value="10"/>
				<integer name="Country" value="2"/>
				<float name="ExplProb" value="0."/>
				<float name="FireProb" value="0."/>
				<integer name="Front" value="500"/>
				<integer name="Left" value="410"/>
				<string name="Material" value="Armored"/>
				<integer name="Right" value="410"/>
				<integer name="Top" value="10"/>
				<integer name="UnitName" value="0"/>
				<string name="UnitTyp" value="Ship"/>
			</object>
			<object name="Shinano_BarbetSC">
				<integer name="Back" value="300"/>
				<integer name="Bottom" value="10"/>
				<integer name="Country" value="2"/>
				<float name="ExplProb" value="0."/>
				<float name="FireProb" value="0."/>
				<integer name="Front" value="300"/>
				<integer name="Left" value="300"/>
				<string name="Material" value="Armored"/>
				<integer name="Right" value="300"/>
				<integer name="Top" value="10"/>
				<integer name="UnitName" value="0"/>
				<string name="UnitTyp" value="Ship"/>
			</object>
			<object name="Shinano_BattleCabine">
				<integer name="Back" value="500"/>
				<integer name="Bottom" value="75"/>
				<integer name="Country" value="2"/>
				<float name="ExplProb" value="0."/>
				<float name="FireProb" value="0."/>
				<integer name="Front" value="500"/>
				<integer name="Left" value="500"/>
				<string name="Material" value="Armored"/>
				<integer name="Right" value="500"/>
				<integer name="Top" value="200"/>
				<integer name="UnitName" value="0"/>
				<string name="UnitTyp" value="Ship"/>
			</object>
			<object name="Shinano_Bbeam">
				<integer name="Back" value="10"/>
				<integer name="Bottom" value="10"/>
				<integer name="Country" value="2"/>
				<float name="ExplProb" value="0."/>
				<float name="FireProb" value="0."/>
				<integer name="Front" value="300"/>
				<integer name="Left" value="350"/>
				<string name="Material" value="Armored"/>
				<integer name="Right" value="350"/>
				<integer name="Top" value="10"/>
				<integer name="UnitName" value="0"/>
				<string name="UnitTyp" value="Ship"/>
			</object>
			<object name="Shinano_LBelt">
				<integer name="Back" value="10"/>
				<integer name="Bottom" value="10"/>
				<integer name="Country" value="2"/>
				<float name="ExplProb" value="0."/>
				<float name="FireProb" value="0."/>
				<integer name="Front" value="10"/>
				<integer name="Left" value="410"/>
				<string name="Material" value="Armored"/>
				<integer name="Right" value="10"/>
				<integer name="Top" value="230"/>
				<integer name="UnitName" value="0"/>
				<string name="UnitTyp" value="Ship"/>
			</object>
			<object name="Shinano_LLBelt">
				<integer name="Back" value="10"/>
				<integer name="Bottom" value="10"/>
				<integer name="Country" value="2"/>
				<float name="ExplProb" value="0."/>
				<float name="FireProb" value="0."/>
				<integer name="Front" value="10"/>
				<integer name="Left" value="160"/>
				<string name="Material" value="Armored"/>
				<integer name="Right" value="10"/>
				<integer name="Top" value="10"/>
				<integer name="UnitName" value="0"/>
				<string name="UnitTyp" value="Ship"/>
			</object>
			<object name="Shinano_MTShakegeban">
				<integer name="Back" value="190"/>
				<integer name="Bottom" value="25"/>
				<integer name="Country" value="2"/>
				<float name="ExplProb" value="0."/>
				<float name="FireProb" value="30."/>
				<integer name="Front" value="0"/>
				<integer name="Left" value="250"/>
				<string name="Material" value="Armored"/>
				<integer name="Right" value="250"/>
				<integer name="Top" value="270"/>
				<integer name="UnitName" value="414"/>
				<string name="UnitTyp" value="Turret"/>
			</object>
			
			<object name="Shinano_PMC">
				<integer name="Back" value="150"/>
				<integer name="Bottom" value="150"/>
				<integer name="Country" value="2"/>
				<float name="ExplProb" value="0."/>
				<float name="FireProb" value="0."/>
				<integer name="Front" value="150"/>
				<integer name="Left" value="150"/>
				<string name="Material" value="Armored"/>
				<integer name="Right" value="150"/>
				<integer name="Top" value="150"/>
				<integer name="UnitName" value="0"/>
				<string name="UnitTyp" value="Ship"/>
			</object>
			<object name="Shinano_RBelt">
				<integer name="Back" value="10"/>
				<integer name="Bottom" value="10"/>
				<integer name="Country" value="2"/>
				<float name="ExplProb" value="0."/>
				<float name="FireProb" value="0."/>
				<integer name="Front" value="10"/>
				<integer name="Left" value="10"/>
				<string name="Material" value="Armored"/>
				<integer name="Right" value="410"/>
				<integer name="Top" value="230"/>
				<integer name="UnitName" value="0"/>
				<string name="UnitTyp" value="Ship"/>
			</object>
			<object name="Shinano_RLBelt">
				<integer name="Back" value="10"/>
				<integer name="Bottom" value="10"/>
				<integer name="Country" value="2"/>
				<float name="ExplProb" value="0."/>
				<float name="FireProb" value="0."/>
				<integer name="Front" value="10"/>
				<integer name="Left" value="10"/>
				<string name="Material" value="Armored"/>
				<integer name="Right" value="160"/>
				<integer name="Top" value="10"/>
				<integer name="UnitName" value="0"/>
				<string name="UnitTyp" value="Ship"/>
			</object>
			
			<object name="Shinano_STurret_Shakegeban">
				<integer name="Back" value="25"/>
				<integer name="Bottom" value="25"/>
				<integer name="Country" value="2"/>
				<float name="ExplProb" value="20."/>
				<float name="FireProb" value="10."/>
				<integer name="Front" value="0"/>
				<integer name="Left" value="25"/>
				<string name="Material" value="Armored"/>
				<integer name="Right" value="25"/>
				<integer name="Top" value="25"/>
				<integer name="UnitName" value="416"/>
				<string name="UnitTyp" value="Turret"/>
			</object>
			<object name="Shinano_Sbeam">
				<integer name="Back" value="300"/>
				<integer name="Bottom" value="10"/>
				<integer name="Country" value="2"/>
				<float name="ExplProb" value="0."/>
				<float name="FireProb" value="0."/>
				<integer name="Front" value="10"/>
				<integer name="Left" value="350"/>
				<string name="Material" value="Armored"/>
				<integer name="Right" value="350"/>
				<integer name="Top" value="10"/>
				<integer name="UnitName" value="0"/>
				<string name="UnitTyp" value="Ship"/>
			</object>
			<object name="Shinano_Tiller">
				<integer name="Back" value="350"/>
				<integer name="Bottom" value="25"/>
				<integer name="Country" value="2"/>
				<float name="ExplProb" value="0."/>
				<float name="FireProb" value="0."/>
				<integer name="Front" value="350"/>
				<integer name="Left" value="300"/>
				<string name="Material" value="Armored"/>
				<integer name="Right" value="300"/>
				<integer name="Top" value="200"/>
				<integer name="UnitName" value="0"/>
				<string name="UnitTyp" value="Ship"/>
			</object>
			<object name="Shinano_UADeck">
				<integer name="Back" value="10"/>
				<integer name="Bottom" value="10"/>
				<integer name="Country" value="2"/>
				<float name="ExplProb" value="0."/>
				<float name="FireProb" value="0."/>
				<integer name="Front" value="10"/>
				<integer name="Left" value="10"/>
				<string name="Material" value="Armored"/>
				<integer name="Right" value="10"/>
				<integer name="Top" value="50"/>
				<integer name="UnitName" value="0"/>
				<string name="UnitTyp" value="Ship"/>
			</object>
			<object name="Shinano_UADeck_Bow">
				<integer name="Back" value="10"/>
				<integer name="Bottom" value="10"/>
				<integer name="Country" value="2"/>
				<float name="ExplProb" value="0."/>
				<float name="FireProb" value="0."/>
				<integer name="Front" value="300"/>
				<integer name="Left" value="10"/>
				<string name="Material" value="Armored"/>
				<integer name="Right" value="10"/>
				<integer name="Top" value="200"/>
				<integer name="UnitName" value="0"/>
				<string name="UnitTyp" value="Ship"/>
			</object>
			<object name="Shinano_UADeck_Stern">
				<integer name="Back" value="300"/>
				<integer name="Bottom" value="10"/>
				<integer name="Country" value="2"/>
				<float name="ExplProb" value="0."/>
				<float name="FireProb" value="0."/>
				<integer name="Front" value="10"/>
				<integer name="Left" value="10"/>
				<string name="Material" value="Armored"/>
				<integer name="Right" value="10"/>
				<integer name="Top" value="200"/>
				<integer name="UnitName" value="0"/>
				<string name="UnitTyp" value="Ship"/>
			</object>
		</object>
		<object name="ShipsNames">
			<object name = "Shinano">
				<string name = "1" value = "Shinano"/>
			</object>
		</object>
		<object name="UnitsByType">
			<object name="0">
				<object name="Shinano">
					<string name="ChildTable" value="Ships"/>
				</object>
			</object>
		</object>
	</object>
</root>
