﻿<?xml version="1.0" standalone="yes" ?>
<root>
	<object name="Modifications">
		<object name="Ships">
			<object name="Shinano">
				<object name="Prototype">
					<string name="AAGunControl" value="Typ94_AA"/>
					<float name="AAVolleyWeight" value="9.62400246"/>
					<float name="Aluminium" value="0."/>
					<float name="AmmoWeight" value="2018.87488"/>
					<float name="Armour" value="0."/>
					<float name="FuelConsumption" value="13.2943035"/>
					<float name="FuelProtect" value="0."/>
					<string name="FullModName" value="Ships.Shinano.Prototype"/>
					<float name="Iron" value="79833.9688"/>
					<boolean name="IsJammer" value="true"/>
					<string name="MainGunControl" value="Typ94R_M"/>
					<float name="MaxFuel" value="6300."/>
					<float name="MaxSpeed" value="27.5"/>
					<float name="MinSpeed" value="0."/>
					<float name="Money" value="72750.6875"/>
					<widestring name="Name" value="UwBoAGkAbgBhAG4AbwA="/>
					<float name="RadarRange" value="0."/>
					<float name="RadioGain" value="8000."/>
					<float name="RadioPowerHF" value="40."/>
					<float name="RadioPowerVHF" value="0."/>
					<float name="RadioSensitivityHF" value="4.99999989e-003"/>
					<float name="RadioSensitivityVHF" value="0."/>
					<object name="Slots">
						<object name="TPort_FSG011">
							<string name="Device" value="Jap_Turret_25x3"/>
							<string name="Table" value="Turrets"/>
						</object>
						<object name="TPort_FSG012">
							<string name="Device" value="Jap_Turret_25x3"/>
							<string name="Table" value="Turrets"/>
						</object>
						<object name="TPort_FSG013">
							<string name="Device" value="Jap_Turret_25x3"/>
							<string name="Table" value="Turrets"/>
						</object>
						<object name="TPort_FSG014">
							<string name="Device" value="Jap_Turret_25x3"/>
							<string name="Table" value="Turrets"/>
						</object>

						<object name="TPort_BSG011">
							<string name="Device" value="Jap_Turret_25x3"/>
							<string name="Table" value="Turrets"/>
						</object>
						<object name="TPort_BSG012">
							<string name="Device" value="Jap_Turret_25x3"/>
							<string name="Table" value="Turrets"/>
						</object>
						<object name="TPort_BSG013">
							<string name="Device" value="Jap_Turret_25x3"/>
							<string name="Table" value="Turrets"/>
						</object>

						<object name="TPort_RMG011">
							<string name="Device" value="AA_Turret_127_Yamato"/>
							<string name="Table" value="Turrets"/>
						</object>
						<object name="TPort_RMG012">
							<string name="Device" value="AA_Turret_127_Yamato"/>
							<string name="Table" value="Turrets"/>
						</object>
						<object name="TPort_RMG013">
							<string name="Device" value="AA_Turret_127_Yamato"/>
							<string name="Table" value="Turrets"/>
						</object>
						<object name="TPort_RMG014">
							<string name="Device" value="AA_Turret_127_Yamato"/>
							<string name="Table" value="Turrets"/>
						</object>

						<object name="TPort_LMG011">
							<string name="Device" value="AA_Turret_127_Yamato"/>
							<string name="Table" value="Turrets"/>
						</object>
						<object name="TPort_LMG012">
							<string name="Device" value="AA_Turret_127_Yamato"/>
							<string name="Table" value="Turrets"/>
						</object>
						<object name="TPort_LMG013">
							<string name="Device" value="AA_Turret_127_Yamato"/>
							<string name="Table" value="Turrets"/>
						</object>
						<object name="TPort_LMG014">
							<string name="Device" value="AA_Turret_127_Yamato"/>
							<string name="Table" value="Turrets"/>
						</object>

						<object name="TPort_RSG011">
							<string name="Device" value="Jap_Turret_25x3"/>
							<string name="Table" value="Turrets"/>
						</object>
						<object name="TPort_RSG012">
							<string name="Device" value="Jap_Turret_25x3"/>
							<string name="Table" value="Turrets"/>
						</object>
						<object name="TPort_RSG013">
							<string name="Device" value="Jap_Turret_25x3"/>
							<string name="Table" value="Turrets"/>
						</object>
						<object name="TPort_RSG014">
							<string name="Device" value="Jap_Turret_25x3"/>
							<string name="Table" value="Turrets"/>
						</object>
						<object name="TPort_RSG015">
							<string name="Device" value="Jap_Turret_25x3"/>
							<string name="Table" value="Turrets"/>
						</object>
						<object name="TPort_RSG016">
							<string name="Device" value="Jap_Turret_25x3"/>
							<string name="Table" value="Turrets"/>
						</object>
						<object name="TPort_RSG017">
							<string name="Device" value="Jap_Turret_25x3"/>
							<string name="Table" value="Turrets"/>
						</object>
						<object name="TPort_RSG018">
							<string name="Device" value="Jap_Turret_25x3"/>
							<string name="Table" value="Turrets"/>
						</object>
						<object name="TPort_RSG019">
							<string name="Device" value="Jap_Turret_25x3"/>
							<string name="Table" value="Turrets"/>
						</object>
						<object name="TPort_RSG0110">
							<string name="Device" value="Jap_Turret_25x3"/>
							<string name="Table" value="Turrets"/>
						</object>
						<object name="TPort_RSG0111">
							<string name="Device" value="Jap_Turret_25x3"/>
							<string name="Table" value="Turrets"/>
						</object>
						<object name="TPort_RSG0112">
							<string name="Device" value="Jap_Turret_25x3"/>
							<string name="Table" value="Turrets"/>
						</object>
						<object name="TPort_RSG0113">
							<string name="Device" value="Jap_Turret_25x3"/>
							<string name="Table" value="Turrets"/>
						</object>
						<object name="TPort_RSG0114">
							<string name="Device" value="Jap_Turret_25x3"/>
							<string name="Table" value="Turrets"/>
						</object>
						<object name="TPort_RBridge1">
							<string name="Device" value="Jap_Turret_25x3"/>
							<string name="Table" value="Turrets"/>
						</object>
						<object name="TPort_LSG000add">
							<string name="Device" value="Jap_Turret_25x3"/>
							<string name="Table" value="Turrets"/>
						</object>

						<object name="TPort_LSG011">
							<string name="Device" value="Jap_Turret_25x3"/>
							<string name="Table" value="Turrets"/>
						</object>
						<object name="TPort_LSG012">
							<string name="Device" value="Jap_Turret_25x3"/>
							<string name="Table" value="Turrets"/>
						</object>
						<object name="TPort_LSG013">
							<string name="Device" value="Jap_Turret_25x3"/>
							<string name="Table" value="Turrets"/>
						</object>
						<object name="TPort_LSG014">
							<string name="Device" value="Jap_Turret_25x3"/>
							<string name="Table" value="Turrets"/>
						</object>
						<object name="TPort_LSG015">
							<string name="Device" value="Jap_Turret_25x3"/>
							<string name="Table" value="Turrets"/>
						</object>
						<object name="TPort_LSG016">
							<string name="Device" value="Jap_Turret_25x3"/>
							<string name="Table" value="Turrets"/>
						</object>
						<object name="TPort_LSG017">
							<string name="Device" value="Jap_Turret_25x3"/>
							<string name="Table" value="Turrets"/>
						</object>
						<object name="TPort_LSG018">
							<string name="Device" value="Jap_Turret_25x3"/>
							<string name="Table" value="Turrets"/>
						</object>
						<object name="TPort_LSG019">
							<string name="Device" value="Jap_Turret_25x3"/>
							<string name="Table" value="Turrets"/>
						</object>
						<object name="TPort_LSG0110">
							<string name="Device" value="Jap_Turret_25x3"/>
							<string name="Table" value="Turrets"/>
						</object>
						<object name="TPort_LSG0111">
							<string name="Device" value="Jap_Turret_25x3"/>
							<string name="Table" value="Turrets"/>
						</object>
						<object name="TPort_LSG0112">
							<string name="Device" value="Jap_Turret_25x3"/>
							<string name="Table" value="Turrets"/>
						</object>
						<object name="TPort_LSG0113">
							<string name="Device" value="Jap_Turret_25x3"/>
							<string name="Table" value="Turrets"/>
						</object>
						<object name="TPort_LSG0114">
							<string name="Device" value="Jap_Turret_25x3"/>
							<string name="Table" value="Turrets"/>
						</object>

						<object name="TPort_RP021">
							<string name="Device" value="Jap_Projector"/>
							<string name="Table" value="Turrets"/>
						</object>
						<object name="TPort_RP022">
							<string name="Device" value="Jap_Projector"/>
							<string name="Table" value="Turrets"/>
						</object>
						<object name="TPort_RP023">
							<string name="Device" value="Jap_Projector"/>
							<string name="Table" value="Turrets"/>
						</object>
						<object name="TPort_LP021">
							<string name="Device" value="Jap_Projector"/>
							<string name="Table" value="Turrets"/>
						</object>
						<object name="TPort_LP022">
							<string name="Device" value="Jap_Projector"/>
							<string name="Table" value="Turrets"/>
						</object>
						<object name="TPort_LP023">
							<string name="Device" value="Jap_Projector"/>
							<string name="Table" value="Turrets"/>
						</object>
						
						<object name="TPort_RA031">
							<string name="Device" value="Director_Typ95_Yamato_03"/>
							<string name="Table" value="Turrets"/>
						</object>
						<object name="TPort_RA032">
							<string name="Device" value="Dalnomer25_Akagi"/>
							<string name="Table" value="Turrets"/>
						</object>
						<object name="TPort_RA033">
							<string name="Device" value="Director_Typ95_Yamato_03"/>
							<string name="Table" value="Turrets"/>
						</object>
						<object name="TPort_RA034">
							<string name="Device" value="Director_Typ95_Yamato_03"/>
							<string name="Table" value="Turrets"/>
						</object>
						
						<object name="TPort_LA032">
							<string name="Device" value="Director_Typ95_Yamato_03"/>
							<string name="Table" value="Turrets"/>
						</object>
						<object name="TPort_LA033">
							<string name="Device" value="Director_Typ95_Yamato_03"/>
							<string name="Table" value="Turrets"/>
						</object>
						<object name="TPort_LA034">
							<string name="Device" value="Director_Typ95_Yamato_03"/>
							<string name="Table" value="Turrets"/>
						</object>
						<object name="TPort_LA035">
							<string name="Device" value="Director_Typ95_Yamato_03"/>
							<string name="Table" value="Turrets"/>
						</object>

						<object name="TPort_FA051">
							<string name="Device" value="Director_Typ95_Yamato_03"/>
							<string name="Table" value="Turrets"/>
						</object>
						<object name="TPort_BA051">
							<string name="Device" value="Director_Typ95_Yamato_03"/>
							<string name="Table" value="Turrets"/>
						</object>

						<object name="TPort_FRR041">
							<string name="Device" value="Japan_AARocket_127x28_Turret"/>
							<string name="Table" value="Turrets"/>
						</object>
						<object name="TPort_FRR042">
							<string name="Device" value="Japan_AARocket_127x28_Turret"/>
							<string name="Table" value="Turrets"/>
						</object>
						<object name="TPort_FRR043">
							<string name="Device" value="Japan_AARocket_127x28_Turret"/>
							<string name="Table" value="Turrets"/>
						</object>
						
						<object name="TPort_FLR041">
							<string name="Device" value="Japan_AARocket_127x28_Turret"/>
							<string name="Table" value="Turrets"/>
						</object>
						<object name="TPort_FLR042">
							<string name="Device" value="Japan_AARocket_127x28_Turret"/>
							<string name="Table" value="Turrets"/>
						</object>
						<object name="TPort_FLR043">
							<string name="Device" value="Japan_AARocket_127x28_Turret"/>
							<string name="Table" value="Turrets"/>
						</object>

						<object name="TPort_BRR041">
							<string name="Device" value="Japan_AARocket_127x28_Turret"/>
							<string name="Table" value="Turrets"/>
						</object>
						<object name="TPort_BRR042">
							<string name="Device" value="Japan_AARocket_127x28_Turret"/>
							<string name="Table" value="Turrets"/>
						</object>
						<object name="TPort_BRR043">
							<string name="Device" value="Japan_AARocket_127x28_Turret"/>
							<string name="Table" value="Turrets"/>
						</object>
						
						<object name="TPort_BLR041">
							<string name="Device" value="Japan_AARocket_127x28_Turret"/>
							<string name="Table" value="Turrets"/>
						</object>
						<object name="TPort_BLR042">
							<string name="Device" value="Japan_AARocket_127x28_Turret"/>
							<string name="Table" value="Turrets"/>
						</object>
						<object name="TPort_BLR043">
							<string name="Device" value="Japan_AARocket_127x28_Turret"/>
							<string name="Table" value="Turrets"/>
						</object>
						
						<object name="TPort_RADAR01">
							<string name="Device" value="Radar_Taiho"/>
							<string name="Table" value="Turrets"/>
						</object>
						<object name="TPort_RADAR02">
							<string name="Device" value="Radar_Taiho"/>
							<string name="Table" value="Turrets"/>
						</object>
						<object name="TPort_RADAR03">
							<string name="Device" value="Radar_Typ13"/>
							<string name="Table" value="Turrets"/>
						</object>
						<object name="TPort_RADAR04">
							<string name="Device" value="Radar_Typ13"/>
							<string name="Table" value="Turrets"/>
						</object>
						<object name="TPort_RADAR05">
							<string name="Device" value="Radar_Typ_22"/>
							<string name="Table" value="Turrets"/>
						</object>
						<object name="TPort_RADAR06">
							<string name="Device" value="Radar_Typ_22"/>
							<string name="Table" value="Turrets"/>
						</object>								
						
						<object name="TPort_Airstrip">
							<string name="Device" value="Airstrip_Taiho"/>
							<string name="Table" value="Airstrip"/>
						</object>
						<object name="ZPort_AAGunContr1">
							<string name="Device" value="Typ94_AA"/>
							<string name="Table" value="AimSystems"/>
						</object>
						<object name="ZPort_Jammer_JS_A">
							<string name="Device" value=""/>
							<string name="Table" value="Probes"/>
						</object>
						<object name="ZPort_MainGunContr">
							<string name="Device" value="Typ94R_M"/>
							<string name="Table" value="AimSystems"/>
						</object>
						<object name="ZPort_Radio">
							<string name="Device" value="J_ShipRadioHF"/>
							<string name="Table" value="Probes"/>
						</object>
						<object name="ZPort_SteamTurbine">
							<string name="Device" value="MPP_Yamato"/>
							<string name="Table" value="Engins"/>
						</object>
					</object>
					<string name="Sonar" value=""/>
					<float name="Speed" value="16."/>
					<string name="SuperRifles" value=""/>
					<float name="VolleyWeight" value="24.2123966"/>
					<float name="Weight" value="77418.1719"/>
				</object>
			</object>
		</object>
	</object>	
</root>
