<?xml version="1.0" standalone="yes" ?>
<root>
	<object name="Prototypes">
		<object name="Ships">
			<object name="Shinano">
				<object name="Slots">
					<object name="TPort_FSG011">
						<object name="SubSlots">
							<object name="TPort_FSG012">
								<object name="SubSlots"/>
								<integer name="icon_x" value="0"/>
								<integer name="icon_y" value="0"/>
							</object>
							<object name="TPort_FSG013">
								<integer name="icon_x" value="0"/>
								<integer name="icon_y" value="0"/>
							</object>
							<object name="TPort_FSG014">
								<integer name="icon_x" value="0"/>
								<integer name="icon_y" value="0"/>
							</object>
						</object>
						<integer name="icon_x" value="20"/>
						<integer name="icon_y" value="80"/>
					</object>
					<object name="TPort_BSG011">
						<object name="SubSlots">
							<object name="TPort_BSG012">
								<object name="SubSlots"/>
								<integer name="icon_x" value="0"/>
								<integer name="icon_y" value="0"/>
							</object>
							<object name="TPort_BSG013">
								<integer name="icon_x" value="0"/>
								<integer name="icon_y" value="0"/>
							</object>
						</object>
						<integer name="icon_x" value="550"/>
						<integer name="icon_y" value="80"/>
					</object>

					<object name="TPort_RMG011">
						<object name="SubSlots">
							<object name="TPort_RMG012">
								<object name="SubSlots"/>
								<integer name="icon_x" value="0"/>
								<integer name="icon_y" value="0"/>
							</object>
							<object name="TPort_RMG013">
								<integer name="icon_x" value="0"/>
								<integer name="icon_y" value="0"/>
							</object>
							<object name="TPort_RMG014">
								<integer name="icon_x" value="0"/>
								<integer name="icon_y" value="0"/>
							</object>
						</object>
						<integer name="icon_x" value="100"/>
						<integer name="icon_y" value="20"/>
					</object>
					<object name="TPort_LMG011">
						<object name="SubSlots">
							<object name="TPort_LMG012">
								<object name="SubSlots"/>
								<integer name="icon_x" value="0"/>
								<integer name="icon_y" value="0"/>
							</object>
							<object name="TPort_LMG013">
								<integer name="icon_x" value="0"/>
								<integer name="icon_y" value="0"/>
							</object>
							<object name="TPort_LMG014">
								<integer name="icon_x" value="0"/>
								<integer name="icon_y" value="0"/>
							</object>
						</object>
						<integer name="icon_x" value="100"/>
						<integer name="icon_y" value="150"/>
					</object>
					<object name="TPort_RSG011">
						<object name="SubSlots">
							<object name="TPort_RSG012">
								<object name="SubSlots"/>
								<integer name="icon_x" value="0"/>
								<integer name="icon_y" value="0"/>
							</object>
							<object name="TPort_RSG013">
								<integer name="icon_x" value="0"/>
								<integer name="icon_y" value="0"/>
							</object>
							<object name="TPort_RSG014">
								<integer name="icon_x" value="0"/>
								<integer name="icon_y" value="0"/>
							</object>
							<object name="TPort_RSG015">
								<integer name="icon_x" value="0"/>
								<integer name="icon_y" value="0"/>
							</object>
							<object name="TPort_RSG016">
								<integer name="icon_x" value="0"/>
								<integer name="icon_y" value="0"/>
							</object>
							<object name="TPort_RSG017">
								<integer name="icon_x" value="0"/>
								<integer name="icon_y" value="0"/>
							</object>
							<object name="TPort_RSG018">
								<integer name="icon_x" value="0"/>
								<integer name="icon_y" value="0"/>
							</object>
							<object name="TPort_RSG019">
								<integer name="icon_x" value="0"/>
								<integer name="icon_y" value="0"/>
							</object>
							<object name="TPort_RSG0110">
								<integer name="icon_x" value="0"/>
								<integer name="icon_y" value="0"/>
							</object>
							<object name="TPort_RSG0111">
								<integer name="icon_x" value="0"/>
								<integer name="icon_y" value="0"/>
							</object>
							<object name="TPort_RSG0112">
								<integer name="icon_x" value="0"/>
								<integer name="icon_y" value="0"/>
							</object>
							<object name="TPort_RSG0113">
								<integer name="icon_x" value="0"/>
								<integer name="icon_y" value="0"/>
							</object>
							<object name="TPort_RSG0114">
								<integer name="icon_x" value="0"/>
								<integer name="icon_y" value="0"/>
							</object>
						</object>
						<integer name="icon_x" value="200"/>
						<integer name="icon_y" value="20"/>
					</object>
					<object name="TPort_LSG011">
						<object name="SubSlots">
							<object name="TPort_LSG012">
								<object name="SubSlots"/>
								<integer name="icon_x" value="0"/>
								<integer name="icon_y" value="0"/>
							</object>
							<object name="TPort_LSG013">
								<integer name="icon_x" value="0"/>
								<integer name="icon_y" value="0"/>
							</object>
							<object name="TPort_LSG014">
								<integer name="icon_x" value="0"/>
								<integer name="icon_y" value="0"/>
							</object>
							<object name="TPort_LSG015">
								<integer name="icon_x" value="0"/>
								<integer name="icon_y" value="0"/>
							</object>
							<object name="TPort_LSG016">
								<integer name="icon_x" value="0"/>
								<integer name="icon_y" value="0"/>
							</object>
							<object name="TPort_LSG017">
								<integer name="icon_x" value="0"/>
								<integer name="icon_y" value="0"/>
							</object>
							<object name="TPort_LSG018">
								<integer name="icon_x" value="0"/>
								<integer name="icon_y" value="0"/>
							</object>
							<object name="TPort_LSG019">
								<integer name="icon_x" value="0"/>
								<integer name="icon_y" value="0"/>
							</object>
							<object name="TPort_LSG0110">
								<integer name="icon_x" value="0"/>
								<integer name="icon_y" value="0"/>
							</object>
							<object name="TPort_LSG0111">
								<integer name="icon_x" value="0"/>
								<integer name="icon_y" value="0"/>
							</object>
							<object name="TPort_LSG0112">
								<integer name="icon_x" value="0"/>
								<integer name="icon_y" value="0"/>
							</object>
							<object name="TPort_LSG0113">
								<integer name="icon_x" value="0"/>
								<integer name="icon_y" value="0"/>
							</object>
							<object name="TPort_LSG0114">
								<integer name="icon_x" value="0"/>
								<integer name="icon_y" value="0"/>
							</object>
						</object>
						<integer name="icon_x" value="200"/>
						<integer name="icon_y" value="150"/>
					</object>
					
					<object name="TPort_RA031">
						<object name="SubSlots">
							<object name="TPort_RA032">
								<object name="SubSlots"/>
								<integer name="icon_x" value="0"/>
								<integer name="icon_y" value="0"/>
							</object>
							<object name="TPort_RA033">
								<integer name="icon_x" value="0"/>
								<integer name="icon_y" value="0"/>
							</object>
							<object name="TPort_RA034">
								<integer name="icon_x" value="0"/>
								<integer name="icon_y" value="0"/>
							</object>
						</object>
						<integer name="icon_x" value="350"/>
						<integer name="icon_y" value="20"/>
					</object>
					<object name="TPort_LA031">
						<object name="SubSlots">
							<object name="TPort_LA032">
								<object name="SubSlots"/>
								<integer name="icon_x" value="0"/>
								<integer name="icon_y" value="0"/>
							</object>
							<object name="TPort_LA033">
								<integer name="icon_x" value="0"/>
								<integer name="icon_y" value="0"/>
							</object>
							<object name="TPort_LA034">
								<integer name="icon_x" value="0"/>
								<integer name="icon_y" value="0"/>
							</object>
							<object name="TPort_LA035">
								<integer name="icon_x" value="0"/>
								<integer name="icon_y" value="0"/>
							</object>
						</object>
						<integer name="icon_x" value="350"/>
						<integer name="icon_y" value="150"/>
					</object>

					<object name="TPort_FA051">
						<integer name="icon_x" value="70"/>
						<integer name="icon_y" value="80"/>
					</object>
					<object name="TPort_BA051">
						<integer name="icon_x" value="500"/>
						<integer name="icon_y" value="80"/>
					</object>

					<object name="TPort_RADAR01">
						<object name="SubSlots">
							<object name="TPort_RADAR02">
								<object name="SubSlots"/>
								<integer name="icon_x" value="0"/>
								<integer name="icon_y" value="0"/>
							</object>
						</object>
						<integer name="icon_x" value="250"/>
						<integer name="icon_y" value="20"/>
					</object>
					<object name="TPort_RADAR03">
						<object name="SubSlots">
							<object name="TPort_RADAR04">
								<object name="SubSlots"/>
								<integer name="icon_x" value="0"/>
								<integer name="icon_y" value="0"/>
							</object>
						</object>
						<integer name="icon_x" value="300"/>
						<integer name="icon_y" value="20"/>
					</object>

					<object name="ZPort_AAGunContr1">
						<integer name="icon_x" value="157"/>
						<integer name="icon_y" value="195"/>
					</object>
					<object name="ZPort_Bridge">
						<integer name="icon_x" value="85"/>
						<integer name="icon_y" value="249"/>
					</object>
					<object name="ZPort_FuelTank">
						<integer name="icon_x" value="126"/>
						<integer name="icon_y" value="249"/>
					</object>
					<object name="ZPort_FuelTank1">
						<integer name="icon_x" value="167"/>
						<integer name="icon_y" value="249"/>
					</object>
					<object name="ZPort_Jammer_JS_A">
						<integer name="icon_x" value="514"/>
						<integer name="icon_y" value="339"/>
					</object>
					<object name="ZPort_Jammer_US_A1">
						<integer name="icon_x" value="249"/>
						<integer name="icon_y" value="249"/>
					</object>
					<object name="ZPort_MainGunContr">
						<integer name="icon_x" value="134"/>
						<integer name="icon_y" value="340"/>
					</object>
					<object name="ZPort_Radar_Typ13">
						<integer name="icon_x" value="331"/>
						<integer name="icon_y" value="249"/>
					</object>
					<object name="ZPort_Radar_Typ21">
						<integer name="icon_x" value="372"/>
						<integer name="icon_y" value="249"/>
					</object>
					<object name="ZPort_Radar_Typ_22">
						<integer name="icon_x" value="413"/>
						<integer name="icon_y" value="249"/>
					</object>
					<object name="ZPort_Radio">
						<integer name="icon_x" value="22"/>
						<integer name="icon_y" value="340"/>
					</object>
					<object name="ZPort_Rudder">
						<integer name="icon_x" value="454"/>
						<integer name="icon_y" value="249"/>
					</object>
					<object name="ZPort_SteamTurbine">
						<integer name="icon_x" value="282"/>
						<integer name="icon_y" value="338"/>
					</object>
				</object>
			</object>
		</object>
	</object>
</root>
