﻿<?xml version="1.0" standalone="yes" ?>
<root>
	<object name="SteelMonstersParams">
		<object name="Ships">
			<object name="Dorsetshire">
				<float name="AccelRate" value="3.e-004"/>
				<string name="Airgroup" value="Scout_ShipWater_Battleship_Battalion_england"/>
				<integer name="AirplanesCount" value="4"/>
				<string name="AmmoLoadingTemplate" value="Ammo 120"/>
				<boolean name="BoatsTransportationAbility" value="false"/>
				<integer name="CabinArmor" value="165"/>
				<boolean name="CanBeChanged" value="true"/>
				<boolean name="CanUseTorpedos" value="true"/>
				<string name="CatapultAirgroupDefaultUnit" value="Walrus"/>
				<integer name="Country" value="3"/>
				<integer name="Crew" value="1000"/>
				<float name="CriticalCareen" value="37."/>
				<float name="CriticalDFT" value="2.1"/>
				<float name="CriticalDifferent" value="2.4"/>
				<float name="DisplacementMax" value="13450."/>
				<float name="DTimeProd" value="100."/>
				<float name="EPR" value="405."/>
				<float name="FireRisk" value="1467."/>
				<float name="Fuel" value="3210."/>
				<float name="HLShapeCoef" value="0.8"/>
				<integer name="HullArmorSide" value="152"/>
				<integer name="HullArmorTop" value="130"/>
				<float name="Iron" value="18500."/>
				<integer name="Length" value="201.2"/>
				<float name="MaxSpeed" value="32.0"/>
				<integer name="MinCrew" value="513"/>
				<float name="Money" value="22000."/>
				<string name="Name" value="Dorsetshire"/>
				<boolean name="New" value="true"/>
				<float name="NTimeProd" value="250."/>
				<integer name="Nuc_Dest_Prob" value="400"/>
				<integer name="Passengers" value="50"/>
				<boolean name="PlanesTransportationAbility" value="false"/>
				<float name="Range" value="18520."/>
				<integer name="Rank" value="2"/>
				<string name="SMU" value="dorsetshire"/>
				<float name="Speed" value="12."/>
				<float name="StoreCapacity" value="1000."/>
				<boolean name="Transportable" value="false"/>
				<float name="TurnRate" value="1.5e-003"/>
				<integer name="Type" value="2"/>
				<float name="Vitality" value="7000."/>
				<float name="VitalityAA" value="1000."/>
				<float name="Weight" value="9830."/>
				<integer name="Width" value="20.7"/>
				<integer name="Year" value="39"/>
			</object>
			<object name="Eclipse">
				<float name="AccelRate" value="4.e-004"/>
				<integer name="AirplanesCount" value="0"/>
				<boolean name="BoatsTransportationAbility" value="false"/>
				<integer name="CabinArmor" value="20"/>
				<boolean name="CanBeChanged" value="true"/>
				<boolean name="CanUseTorpedos" value="true"/>
				<integer name="Country" value="3"/>
				<integer name="Crew" value="200"/>
				<float name="CriticalCareen" value="27."/>
				<float name="CriticalDFT" value="0.7"/>
				<float name="CriticalDifferent" value="2."/>
				<float name="DisplacementMax" value="2050."/>
				<float name="DTimeProd" value="44."/>
				<float name="EPR" value="130."/>
				<float name="FireRisk" value="267."/>
				<float name="Fuel" value="470."/>
				<float name="HLShapeCoef" value="0.9"/>
				<integer name="HullArmorSide" value="20"/>
				<integer name="HullArmorTop" value="13"/>
				<float name="Iron" value="1900."/>
				<integer name="Length" value="104.5"/>
				<float name="MaxSpeed" value="36.0"/>
				<integer name="MinCrew" value="150"/>
				<float name="Money" value="5400."/>
				<string name="Name" value="Eclipse"/>
				<boolean name="New" value="true"/>
				<float name="NTimeProd" value="110."/>
				<integer name="Nuc_Dest_Prob" value="700"/>
				<integer name="Passengers" value="30"/>
				<boolean name="PlanesTransportationAbility" value="false"/>
				<float name="Range" value="12038."/>
				<integer name="Rank" value="5"/>
				<string name="SMU" value="eclipse"/>
				<float name="Speed" value="15."/>
				<float name="StoreCapacity" value="300."/>
				<boolean name="Transportable" value="false"/>
				<float name="TurnRate" value="1.8e-003"/>
				<integer name="Type" value="4"/>
				<float name="Vitality" value="830."/>
				<float name="VitalityAA" value="350."/>
				<float name="Weight" value="1475."/>
				<integer name="Width" value="10.3"/>
				<integer name="Year" value="39"/>
			</object>
			<object name="Fiji">
				<float name="AccelRate" value="3.e-004"/>
				<string name="Airgroup" value="Scout_ShipWater_Battleship_Battalion_england"/>
				<integer name="AirplanesCount" value="2"/>
				<string name="AmmoLoadingTemplate" value="Ammo 12"/>
				<boolean name="BoatsTransportationAbility" value="false"/>
				<integer name="CabinArmor" value="127"/>
				<boolean name="CanBeChanged" value="true"/>
				<boolean name="CanUseTorpedos" value="true"/>
				<string name="CatapultAirgroupDefaultUnit" value="Walrus"/>
				<integer name="Country" value="3"/>
				<integer name="Crew" value="850"/>
				<float name="CriticalCareen" value="37."/>
				<float name="CriticalDFT" value="2.2"/>
				<float name="CriticalDifferent" value="2.5"/>
				<float name="DisplacementMax" value="10450."/>
				<float name="DTimeProd" value="70."/>
				<float name="EPR" value="315."/>
				<float name="FireRisk" value="267."/>
				<float name="Fuel" value="1850."/>
				<float name="HLShapeCoef" value="0.5"/>
				<integer name="HullArmorSide" value="127"/>
				<integer name="HullArmorTop" value="52"/>
				<float name="Iron" value="13000."/>
				<integer name="Length" value="169.16"/>
				<float name="MaxSpeed" value="31.5"/>
				<integer name="MinCrew" value="446"/>
				<float name="Money" value="10500."/>
				<string name="Name" value="Fiji"/>
				<boolean name="New" value="true"/>
				<float name="NTimeProd" value="175."/>
				<integer name="Nuc_Dest_Prob" value="500"/>
				<integer name="Passengers" value="40"/>
				<boolean name="PlanesTransportationAbility" value="false"/>
				<float name="Range" value="20372."/>
				<integer name="Rank" value="4"/>
				<string name="SMU" value="fiji"/>
				<float name="Speed" value="12."/>
				<float name="StoreCapacity" value="740."/>
				<boolean name="Transportable" value="false"/>
				<float name="TurnRate" value="1.5e-003"/>
				<integer name="Type" value="3"/>
				<float name="Vitality" value="4500."/>
				<float name="VitalityAA" value="900."/>
				<float name="Weight" value="8250."/>
				<integer name="Width" value="18.9"/>
				<integer name="Year" value="39"/>
			</object>
			<object name="Hood">
				<float name="AccelRate" value="1.e-004"/>
				<string name="Airgroup" value="Scout_ShipWater_Battleship_Battalion_england"/>
				<integer name="AirplanesCount" value="4"/>
				<string name="AmmoLoadingTemplate" value="Ammo 300"/>
				<boolean name="BoatsTransportationAbility" value="false"/>
				<integer name="CabinArmor" value="533"/>
				<boolean name="CanBeChanged" value="true"/>
				<boolean name="CanUseTorpedos" value="false"/>
				<string name="CatapultAirgroupDefaultUnit" value="Walrus"/>
				<integer name="Country" value="3"/>
				<integer name="Crew" value="1421"/>
				<float name="CriticalCareen" value="37."/>
				<float name="CriticalDFT" value="2.8"/>
				<float name="CriticalDifferent" value="2."/>
				<float name="DisplacementMax" value="48650."/>
				<float name="DTimeProd" value="160."/>
				<float name="EPR" value="630."/>
				<float name="FireRisk" value="1667."/>
				<float name="Fuel" value="4615."/>
				<float name="HLShapeCoef" value="0.7"/>
				<integer name="HullArmorSide" value="310"/>
				<integer name="HullArmorTop" value="265"/>
				<float name="Iron" value="58300."/>
				<integer name="Length" value="262.3"/>
				<float name="MaxSpeed" value="31."/>
				<integer name="MinCrew" value="960"/>
				<float name="Money" value="42000."/>
				<string name="Name" value="Hood"/>
				<boolean name="New" value="true"/>
				<float name="NTimeProd" value="400."/>
				<integer name="Nuc_Dest_Prob" value="300"/>
				<integer name="Passengers" value="70"/>
				<boolean name="PlanesTransportationAbility" value="false"/>
				<float name="Range" value="10710."/>
				<integer name="Rank" value="2"/>
				<string name="SMU" value="hood"/>
				<float name="Speed" value="18."/>
				<float name="StoreCapacity" value="3600."/>
				<boolean name="Transportable" value="false"/>
				<float name="TurnRate" value="1.2e-003"/>
				<integer name="Type" value="1"/>
				<float name="Vitality" value="8400."/>
				<float name="VitalityAA" value="3500."/>
				<float name="Weight" value="42750."/>
				<integer name="Width" value="32"/>
				<integer name="Year" value="30"/>
			</object>
			<object name="Illustrious">
				<float name="AccelRate" value="1.5e-003"/>
				<string name="Airgroup" value="AircraftCarrier_Group_england"/>
				<integer name="AirplanesCount" value="60"/>
				<string name="AmmoLoadingTemplate" value="Ammo 550, uk_torp_avia 50, Torp_UK_Mk13 15, UK_Bat_ASM2_SAR 10, UK_Gargoyle_R 5, UK_Gargoyle_P 5, UK_Gargoyle_SAR 5"/>
				<integer name="Avia" value="2"/>
				<boolean name="BoatsTransportationAbility" value="false"/>
				<integer name="CabinArmor" value="51"/>
				<boolean name="CanBeChanged" value="true"/>
				<boolean name="CanUseTorpedos" value="false"/>
				<integer name="Country" value="3"/>
				<integer name="Crew" value="1250"/>
				<float name="CriticalCareen" value="34."/>
				<float name="CriticalDFT" value="1.2"/>
				<float name="CriticalDifferent" value="2.5"/>
				<float name="DisplacementMax" value="28140."/>
				<float name="DTimeProd" value="130."/>
				<float name="EPR" value="705."/>
				<float name="FireRisk" value="1600."/>
				<float name="Fuel" value="4840."/>
				<float name="HLShapeCoef" value="1.0"/>
				<integer name="HullArmorSide" value="102"/>
				<integer name="HullArmorTop" value="120"/>
				<float name="Iron" value="32000."/>
				<integer name="Length" value="230.89"/>
				<float name="MaxSpeed" value="31.0"/>
				<integer name="MinCrew" value="800"/>
				<float name="Money" value="35000."/>
				<string name="Name" value="Illustrious"/>
				<boolean name="New" value="true"/>
				<float name="NTimeProd" value="325."/>
				<integer name="Nuc_Dest_Prob" value="400"/>
				<integer name="Passengers" value="100"/>
				<boolean name="PlanesTransportationAbility" value="true"/>
				<float name="Range" value="27800."/>
				<integer name="Rank" value="1"/>
				<string name="SMU" value="illustrias"/>
				<float name="Speed" value="12."/>
				<float name="StoreCapacity" value="3600."/>
				<boolean name="Transportable" value="false"/>
				<float name="TurnRate" value="1.5e-003"/>
				<integer name="Type" value="0"/>
				<float name="Vitality" value="4500."/>
				<float name="VitalityAA" value="1500."/>
				<float name="Weight" value="22350."/>
				<integer name="Width" value="29.23"/>
				<integer name="Year" value="40"/>
			</object>
			<object name="KingGeorgV">
				<float name="AccelRate" value="1.e-004"/>
				<string name="Airgroup" value="Scout_ShipWater_Battleship_Battalion_england"/>
				<integer name="AirplanesCount" value="4"/>
				<string name="AmmoLoadingTemplate" value="Ammo 300"/>
				<boolean name="BoatsTransportationAbility" value="false"/>
				<integer name="CabinArmor" value="533"/>
				<boolean name="CanBeChanged" value="true"/>
				<boolean name="CanUseTorpedos" value="false"/>
				<string name="CatapultAirgroupDefaultUnit" value="Walrus"/>
				<integer name="Country" value="3"/>
				<integer name="Crew" value="1600"/>
				<float name="CriticalCareen" value="37."/>
				<float name="CriticalDFT" value="2.4"/>
				<float name="CriticalDifferent" value="5."/>
				<float name="DisplacementMax" value="41000."/>
				<float name="DTimeProd" value="160."/>
				<float name="EPR" value="630."/>
				<float name="FireRisk" value="1667."/>
				<float name="Fuel" value="3700."/>
				<float name="HLShapeCoef" value="0.6"/>
				<integer name="HullArmorSide" value="310"/>
				<integer name="HullArmorTop" value="265"/>
				<float name="Iron" value="58300."/>
				<integer name="Length" value="227.1"/>
				<float name="MaxSpeed" value="28.5"/>
				<integer name="MinCrew" value="960"/>
				<float name="Money" value="42000."/>
				<string name="Name" value="KingGeorgV"/>
				<boolean name="New" value="true"/>
				<float name="NTimeProd" value="400."/>
				<integer name="Nuc_Dest_Prob" value="300"/>
				<integer name="Passengers" value="70"/>
				<boolean name="PlanesTransportationAbility" value="false"/>
				<float name="Range" value="25200."/>
				<integer name="Rank" value="2"/>
				<string name="SMU" value="KingGeorgV"/>
				<float name="Speed" value="10."/>
				<float name="StoreCapacity" value="3400."/>
				<boolean name="Transportable" value="false"/>
				<float name="TurnRate" value="1.4e-003"/>
				<integer name="Type" value="1"/>
				<float name="Vitality" value="8400."/>
				<float name="VitalityAA" value="3500."/>
				<float name="Weight" value="39100."/>
				<integer name="Width" value="31.4"/>
				<integer name="Year" value="41"/>
			</object>
			<object name="Tribal">
				<float name="AccelRate" value="4.e-004"/>
				<integer name="AirplanesCount" value="0"/>
				<boolean name="BoatsTransportationAbility" value="false"/>
				<integer name="CabinArmor" value="20"/>
				<boolean name="CanBeChanged" value="true"/>
				<boolean name="CanUseTorpedos" value="true"/>
				<integer name="Country" value="3"/>
				<integer name="Crew" value="211"/>
				<float name="CriticalCareen" value="24."/>
				<float name="CriticalDFT" value="0.7"/>
				<float name="CriticalDifferent" value="2."/>
				<float name="DisplacementMax" value="2520."/>
				<float name="DTimeProd" value="44."/>
				<float name="EPR" value="130."/>
				<float name="FireRisk" value="267."/>
				<float name="Fuel" value="524."/>
				<float name="HLShapeCoef" value="0.7"/>
				<integer name="HullArmorSide" value="20"/>
				<integer name="HullArmorTop" value="13"/>
				<float name="Iron" value="1900."/>
				<integer name="Length" value="115.06"/>
				<float name="MaxSpeed" value="36."/>
				<integer name="MinCrew" value="150"/>
				<float name="Money" value="5400."/>
				<string name="Name" value="Tribal"/>
				<boolean name="New" value="true"/>
				<float name="NTimeProd" value="110."/>
				<integer name="Nuc_Dest_Prob" value="700"/>
				<integer name="Passengers" value="30"/>
				<boolean name="PlanesTransportationAbility" value="false"/>
				<float name="Range" value="12038."/>
				<integer name="Rank" value="5"/>
				<string name="SMU" value="traibal"/>
				<float name="Speed" value="15."/>
				<float name="StoreCapacity" value="300."/>
				<boolean name="Transportable" value="false"/>
				<float name="TurnRate" value="1.8e-003"/>
				<integer name="Type" value="4"/>
				<float name="Vitality" value="830."/>
				<float name="VitalityAA" value="350."/>
				<float name="Weight" value="1839."/>
				<integer name="Width" value="11.13"/>
				<integer name="Year" value="39"/>
			</object>
		</object>
		<object name="ShipsNames">
			<object name="Dorsetshire">
				<string name="1" value="Dorsetshire1"/>
			</object>
			<object name="Eclipse">
				<string name="1" value="Eclipse1"/>
				<string name="2" value="Eclipse2"/>
				<string name="3" value="Eclipse3"/>
				<string name="4" value="Eclipse4"/>
				<string name="5" value="Eclipse5"/>
				<string name="6" value="Eclipse6"/>
				<string name="7" value="Eclipse7"/>
				<string name="8" value="Eclipse8"/>
				<string name="9" value="Eclipse9"/>
			</object> 
			<object name="Fiji">
				<string name="1" value="Fiji1"/>
				<string name="10" value="Fiji10"/>
				<string name="11" value="Fiji11"/>	 
				<string name="2" value="Fiji2"/>
				<string name="3" value="Fiji3"/>
				<string name="4" value="Fiji4"/>
				<string name="5" value="Fiji5"/>
				<string name="6" value="Fiji6"/>
				<string name="7" value="Fiji7"/>
				<string name="8" value="Fiji8"/>
				<string name="9" value="Fiji9"/>
			</object>
			<object name="Hood">
				<string name="1" value="Hood1"/>
			</object>
			<object name="Illustrious">
				<string name="1" value="Illustrious1"/>
				<string name="2" value="Illustrious2"/>
				<string name="3" value="Illustrious3"/>
			</object>
			<object name="KingGeorgV">
				<string name="1" value="KingGeorgV1"/>
			</object>
			<object name="Tribal">
				<string name="1" value="Tribal1"/>
				<string name="10" value="Tribal10"/>
				<string name="11" value="Tribal11"/>
				<string name="12" value="Tribal12"/>
				<string name="13" value="Tribal13"/>
				<string name="14" value="Tribal14"/>
				<string name="15" value="Tribal15"/>
				<string name="16" value="Tribal16"/>
				<string name="2" value="Tribal2"/>
				<string name="3" value="Tribal3"/>
				<string name="4" value="Tribal4"/>
				<string name="5" value="Tribal5"/>
				<string name="6" value="Tribal6"/>
				<string name="7" value="Tribal7"/>
				<string name="8" value="Tribal8"/>
				<string name="9" value="Tribal9"/>
			</object>
		</object>
	</object>
</root>
