﻿<?xml version="1.0" standalone="yes" ?>
<root>
	<object name="SteelMonstersParams">
		<object name="Engins">
			<object name="MPP_KClass">
				<float name="Consumption" value="2.729e-004"/>
				<integer name="Country" value="5"/>
				<float name="Money" value="10000."/>
				<integer name="Power_Max" value="69800"/>
				<integer name="RPM_Max" value="0"/>
				<integer name="Type" value="8"/>
				<integer name="Unreliability" value="10"/>
				<string name="Usage" value="Ships"/>
				<float name="Weight" value="1300."/>
			</object>
		</object>
		<object name="Hit_Location">
			<object name="KClass5612">
				<integer name="Country" value="5"/>
				<float name="ER" value="200."/>
				<string name="Hull" value="KClass_Barbet"/>
				<string name="Name" value="Barbet1"/>
				<float name="Param_1" value="0."/>
				<string name="TypHL" value="AmmoStore"/>
				<string name="UnitName" value="KClass"/>
			</object>
			<object name="KClass5613">
				<integer name="Country" value="5"/>
				<float name="ER" value="200."/>
				<string name="Hull" value="KClass_Barbet"/>
				<string name="Name" value="Barbet2"/>
				<float name="Param_1" value="0."/>
				<string name="TypHL" value="AmmoStore"/>
				<string name="UnitName" value="KClass"/>
			</object>
			<object name="KClass5614">
				<integer name="Country" value="5"/>
				<float name="ER" value="200."/>
				<string name="Hull" value="Std_SmokeStack"/>
				<string name="Name" value="SmokeStack"/>
				<string name="TypHL" value="Hull"/>
				<string name="UnitName" value="KClass"/>
			</object>
			<object name="KClass5615">
				<integer name="Country" value="5"/>
				<float name="ER" value="200."/>
				<string name="Hull" value="KClass_BattleCabine"/>
				<string name="Name" value="BattleCabine"/>
				<string name="TypHL" value="Hull"/>
				<string name="UnitName" value="KClass"/>
			</object>
			<object name="KClass5616">
				<integer name="Country" value="5"/>
				<float name="ER" value="200."/>
				<string name="Hull" value="Std_Radar"/>
				<string name="Name" value="Radar"/>
				<string name="TypHL" value="Probe"/>
				<string name="UnitName" value="KClass"/>
			</object>
			<object name="KClass5617">
				<integer name="Country" value="5"/>
				<float name="ER" value="200."/>
				<string name="Hull" value="Std_Probe"/>
				<string name="Name" value="Radio"/>
				<string name="TypHL" value="Probe"/>
				<string name="UnitName" value="KClass"/>
			</object>
			<object name="KClass5618">
				<integer name="Country" value="5"/>
				<integer name="Crew" value="60"/>
				<float name="ER" value="200."/>
				<string name="Hull" value="Std_UpperHull"/>
				<string name="Name" value="Middle_Superstructure1"/>
				<string name="TypHL" value="Crew"/>
				<string name="UnitName" value="KClass"/>
			</object>
			<object name="KClass5619">
				<integer name="Country" value="5"/>
				<integer name="Crew" value="60"/>
				<float name="ER" value="200."/>
				<string name="Hull" value="Std_UpperHull"/>
				<string name="Name" value="Middle_Superstructure3"/>
				<string name="TypHL" value="Crew"/>
				<string name="UnitName" value="KClass"/>
			</object>
			<object name="KClass5620">
				<integer name="Country" value="5"/>
				<integer name="Crew" value="60"/>
				<float name="ER" value="200."/>
				<string name="Hull" value="Std_UpperHull"/>
				<string name="Name" value="Middle_Superstructure5"/>
				<string name="TypHL" value="Crew"/>
				<string name="UnitName" value="KClass"/>
			</object>
			<object name="KClass5621">
				<integer name="Country" value="5"/>
				<float name="ER" value="200."/>
				<string name="Hull" value="Std_Probe"/>
				<string name="Name" value="Bow_Probe_AA"/>
				<string name="TypHL" value="Probe"/>
				<string name="UnitName" value="KClass"/>
			</object>
			<object name="KClass5622">
				<integer name="Country" value="5"/>
				<integer name="Crew" value="60"/>
				<float name="ER" value="200."/>
				<string name="Hull" value="Std_UpperHull"/>
				<string name="Name" value="Bow_Superstructure1"/>
				<string name="TypHL" value="Crew"/>
				<string name="UnitName" value="KClass"/>
			</object>
			<object name="KClass5623">
				<integer name="Country" value="5"/>
				<integer name="Crew" value="60"/>
				<float name="ER" value="200."/>
				<string name="Hull" value="Std_UpperHull"/>
				<string name="Name" value="Middle_Superstructure2"/>
				<string name="TypHL" value="Crew"/>
				<string name="UnitName" value="KClass"/>
			</object>
			<object name="KClass5624">
				<integer name="Country" value="5"/>
				<integer name="Crew" value="60"/>
				<float name="ER" value="200."/>
				<string name="Hull" value="Std_UpperHull"/>
				<string name="Name" value="Middle_Superstructure6"/>
				<string name="TypHL" value="Crew"/>
				<string name="UnitName" value="KClass"/>
			</object>
			<object name="KClass5625">
				<string name="ConnectName" value="Tiller"/>
				<integer name="Country" value="5"/>
				<float name="ER" value="200."/>
				<string name="Hull" value="Std_Rudder"/>
				<string name="Name" value="Rudder"/>
				<string name="TypHL" value="Rudder"/>
				<string name="UnitName" value="KClass"/>
			</object>
			<object name="KClass5626">
				<string name="ConnectName" value="LEngine"/>
				<integer name="Country" value="5"/>
				<float name="ER" value="200."/>
				<string name="Hull" value="Std_Mover"/>
				<string name="Name" value="Mover1"/>
				<string name="TypHL" value="Mover"/>
				<string name="UnitName" value="KClass"/>
			</object>
			<object name="KClass5627">
				<string name="ConnectName" value="REngine"/>
				<integer name="Country" value="5"/>
				<float name="ER" value="200."/>
				<string name="Hull" value="Std_Mover"/>
				<string name="Name" value="Mover2"/>
				<string name="TypHL" value="Mover"/>
				<string name="UnitName" value="KClass"/>
			</object>
			<object name="KClass5628">
				<integer name="Country" value="5"/>
				<float name="ER" value="200."/>
				<string name="Hull" value="Std_Probe"/>
				<string name="Name" value="Stern_ProbeAA"/>
				<string name="TypHL" value="Probe"/>
				<string name="UnitName" value="KClass"/>
			</object>
			<object name="KClass5629">
				<integer name="Country" value="5"/>
				<float name="ER" value="200."/>
				<string name="Hull" value="KClass_ABDeck"/>
				<string name="Name" value="Bow2_MiddleDeck"/>
				<string name="TypHL" value="Hull"/>
				<string name="UnitName" value="KClass"/>
			</object>
			<object name="KClass5630">
				<integer name="Country" value="5"/>
				<float name="ER" value="200."/>
				<string name="Hull" value="Std_AS_T1"/>
				<string name="Name" value="AmmoStore2"/>
				<float name="Param_1" value="0."/>
				<string name="TypHL" value="AmmoStore"/>
				<string name="UnitName" value="KClass"/>
			</object>
			<object name="KClass5631">
				<integer name="Country" value="5"/>
				<float name="ER" value="200."/>
				<string name="Hull" value="Std_AS_T1"/>
				<string name="Name" value="AmmoStore1"/>
				<float name="Param_1" value="0."/>
				<string name="TypHL" value="AmmoStore"/>
				<string name="UnitName" value="KClass"/>
			</object>
			<object name="KClass5632">
				<integer name="Country" value="5"/>
				<float name="ER" value="200."/>
				<string name="Hull" value="KClass_UpperDeck"/>
				<string name="Name" value="Bow2_UpperDeck"/>
				<string name="TypHL" value="Hull"/>
				<string name="UnitName" value="KClass"/>
			</object>
			<object name="KClass5633">
				<integer name="Country" value="5"/>
				<float name="ER" value="200."/>
				<string name="Hull" value="KClass_LowerDeck"/>
				<string name="Name" value="Bow2_LowerDeck"/>
				<string name="TypHL" value="Hull"/>
				<string name="UnitName" value="KClass"/>
			</object>
			<object name="KClass5634">
				<integer name="Country" value="5"/>
				<float name="ER" value="200."/>
				<string name="Hull" value="Std_Bottom"/>
				<string name="Name" value="Bow2_Bottom"/>
				<string name="TypHL" value="Hull"/>
				<string name="UnitName" value="KClass"/>
			</object>
			<object name="KClass5635">
				<integer name="Country" value="5"/>
				<float name="ER" value="200."/>
				<string name="Hull" value="KClass_LBBelt"/>
				<string name="Name" value="Bow2_LBelt"/>
				<string name="TypHL" value="Hull"/>
				<string name="UnitName" value="KClass"/>
			</object>
			<object name="KClass5636">
				<integer name="Country" value="5"/>
				<float name="ER" value="200."/>
				<string name="Hull" value="KClass_RBBelt"/>
				<string name="Name" value="Bow2_RBelt"/>
				<string name="TypHL" value="Hull"/>
				<string name="UnitName" value="KClass"/>
			</object>
			<object name="KClass5637">
				<integer name="Country" value="5"/>
				<float name="ER" value="200."/>
				<string name="Hull" value="Std_RAMP"/>
				<string name="Name" value="Bow2_RAMP"/>
				<string name="TypHL" value="Hull"/>
				<string name="UnitName" value="KClass"/>
			</object>
			<object name="KClass5638">
				<integer name="Country" value="5"/>
				<float name="ER" value="200."/>
				<string name="Hull" value="Std_LAMP"/>
				<string name="Name" value="Bow2_LAMP"/>
				<string name="TypHL" value="Hull"/>
				<string name="UnitName" value="KClass"/>
			</object>
			<object name="KClass5639">
				<integer name="Country" value="5"/>
				<float name="ER" value="200."/>
				<string name="Hull" value="KClass_ADeck"/>
				<string name="Name" value="Middle1_MiddleDeck"/>
				<string name="TypHL" value="Hull"/>
				<string name="UnitName" value="KClass"/>
			</object>
			<object name="KClass5640">
				<integer name="Country" value="5"/>
				<float name="ER" value="200."/>
				<string name="Hull" value="Std_Probe"/>
				<string name="Name" value="Probe_MG"/>
				<string name="TypHL" value="Probe"/>
				<string name="UnitName" value="KClass"/>
			</object>
			<object name="KClass5641">
				<integer name="Country" value="5"/>
				<float name="ER" value="200."/>
				<string name="Hull" value="KClass_LBelt"/>
				<string name="Name" value="Middle1_LBelt"/>
				<string name="TypHL" value="Hull"/>
				<string name="UnitName" value="KClass"/>
			</object>
			<object name="KClass5642">
				<integer name="Country" value="5"/>
				<float name="ER" value="200."/>
				<string name="Hull" value="KClass_RBelt"/>
				<string name="Name" value="Middle1_RBelt"/>
				<string name="TypHL" value="Hull"/>
				<string name="UnitName" value="KClass"/>
			</object>
			<object name="KClass5643">
				<integer name="Country" value="5"/>
				<float name="ER" value="200."/>
				<string name="Hull" value="Std_Bottom"/>
				<string name="Name" value="Middle1_LBottom"/>
				<string name="TypHL" value="FuelTank"/>
				<string name="UnitName" value="KClass"/>
			</object>
			<object name="KClass5644">
				<integer name="Country" value="5"/>
				<float name="ER" value="200."/>
				<string name="Hull" value="Std_Bottom"/>
				<string name="Name" value="Middle1_RBottom"/>
				<string name="TypHL" value="FuelTank"/>
				<string name="UnitName" value="KClass"/>
			</object>
			<object name="KClass5645">
				<integer name="Country" value="5"/>
				<float name="ER" value="200."/>
				<string name="Hull" value="Std_LAMP"/>
				<string name="Name" value="Middle1_LAMP"/>
				<string name="TypHL" value="Hull"/>
				<string name="UnitName" value="KClass"/>
			</object>
			<object name="KClass5646">
				<integer name="Country" value="5"/>
				<float name="ER" value="200."/>
				<string name="Hull" value="Std_RAMP"/>
				<string name="Name" value="Middle1_RAMP"/>
				<string name="TypHL" value="Hull"/>
				<string name="UnitName" value="KClass"/>
			</object>
			<object name="KClass5647">
				<integer name="Country" value="5"/>
				<float name="ER" value="200."/>
				<string name="Hull" value="KClass_LowerDeck"/>
				<string name="Name" value="Middle1_LowerDeck"/>
				<string name="TypHL" value="Hull"/>
				<string name="UnitName" value="KClass"/>
			</object>
			<object name="KClass5648">
				<integer name="Country" value="5"/>
				<float name="ER" value="200."/>
				<string name="Hull" value="KClass_UpperDeck"/>
				<string name="Name" value="Middle1_UpperDeck"/>
				<string name="TypHL" value="Hull"/>
				<string name="UnitName" value="KClass"/>
			</object>
			<object name="KClass5649">
				<integer name="Country" value="5"/>
				<float name="ER" value="200."/>
				<string name="Hull" value="KClass_LowerDeck"/>
				<string name="Name" value="Middle2_LowerDeck"/>
				<string name="TypHL" value="Hull"/>
				<string name="UnitName" value="KClass"/>
			</object>
			<object name="KClass5650">
				<integer name="Country" value="5"/>
				<float name="ER" value="200."/>
				<string name="Hull" value="Std_Boiler"/>
				<string name="Name" value="Boiler1"/>
				<string name="TypHL" value="Boiler"/>
				<string name="UnitName" value="KClass"/>
			</object>
			<object name="KClass5651">
				<integer name="Country" value="5"/>
				<float name="ER" value="200."/>
				<string name="Hull" value="Std_Boiler"/>
				<string name="Name" value="Boiler2"/>
				<string name="TypHL" value="Boiler"/>
				<string name="UnitName" value="KClass"/>
			</object>
			<object name="KClass5652">
				<integer name="Country" value="5"/>
				<float name="ER" value="200."/>
				<string name="Hull" value="Std_Bottom"/>
				<string name="Name" value="Middle2_LBottom"/>
				<string name="TypHL" value="FuelTank"/>
				<string name="UnitName" value="KClass"/>
			</object>
			<object name="KClass5653">
				<integer name="Country" value="5"/>
				<float name="ER" value="200."/>
				<string name="Hull" value="Std_Bottom"/>
				<string name="Name" value="MIddle2_RBottom"/>
				<string name="TypHL" value="FuelTank"/>
				<string name="UnitName" value="KClass"/>
			</object>
			<object name="KClass5654">
				<integer name="Country" value="5"/>
				<float name="ER" value="200."/>
				<string name="Hull" value="Std_RAMP"/>
				<string name="Name" value="Middle2_RAMP"/>
				<string name="TypHL" value="Hull"/>
				<string name="UnitName" value="KClass"/>
			</object>
			<object name="KClass5655">
				<integer name="Country" value="5"/>
				<float name="ER" value="200."/>
				<string name="Hull" value="Std_LAMP"/>
				<string name="Name" value="Middle2_LAMP"/>
				<string name="TypHL" value="Hull"/>
				<string name="UnitName" value="KClass"/>
			</object>
			<object name="KClass5656">
				<integer name="Country" value="5"/>
				<float name="ER" value="200."/>
				<string name="Hull" value="KClass_RBelt"/>
				<string name="Name" value="Middle2_RBelt"/>
				<string name="TypHL" value="Hull"/>
				<string name="UnitName" value="KClass"/>
			</object>
			<object name="KClass5657">
				<integer name="Country" value="5"/>
				<float name="ER" value="200."/>
				<string name="Hull" value="KClass_LBelt"/>
				<string name="Name" value="Middle2_LBelt"/>
				<string name="TypHL" value="Hull"/>
				<string name="UnitName" value="KClass"/>
			</object>
			<object name="KClass5658">
				<integer name="Country" value="5"/>
				<float name="ER" value="200."/>
				<string name="Hull" value="KClass_UpperDeck"/>
				<string name="Name" value="Middle2_UpperDeck"/>
				<string name="TypHL" value="Hull"/>
				<string name="UnitName" value="KClass"/>
			</object>
			<object name="KClass5659">
				<integer name="Country" value="5"/>
				<float name="ER" value="200."/>
				<string name="Hull" value="Std_Bottom"/>
				<string name="Name" value="Middle3_RBottom"/>
				<string name="TypHL" value="FuelTank"/>
				<string name="UnitName" value="KClass"/>
			</object>
			<object name="KClass5660">
				<integer name="Country" value="5"/>
				<float name="ER" value="200."/>
				<string name="Hull" value="KClass_LowerDeck"/>
				<string name="Name" value="Middle3_LowerDeck"/>
				<string name="TypHL" value="Hull"/>
				<string name="UnitName" value="KClass"/>
			</object>
			<object name="KClass5661">
				<integer name="Country" value="5"/>
				<float name="ER" value="200."/>
				<string name="Hull" value="Std_Boiler"/>
				<string name="Name" value="Boiler3"/>
				<string name="TypHL" value="Boiler"/>
				<string name="UnitName" value="KClass"/>
			</object>
			<object name="KClass5662">
				<integer name="Country" value="5"/>
				<float name="ER" value="200."/>
				<string name="Hull" value="Std_Boiler"/>
				<string name="Name" value="Boiler4"/>
				<string name="TypHL" value="Boiler"/>
				<string name="UnitName" value="KClass"/>
			</object>
			<object name="KClass5663">
				<integer name="Country" value="5"/>
				<float name="ER" value="200."/>
				<string name="Hull" value="Std_Bottom"/>
				<string name="Name" value="Middle3_LBottom"/>
				<string name="TypHL" value="FuelTank"/>
				<string name="UnitName" value="KClass"/>
			</object>
			<object name="KClass5664">
				<integer name="Country" value="5"/>
				<float name="ER" value="200."/>
				<string name="Hull" value="KClass_LBelt"/>
				<string name="Name" value="Middle3_LBelt"/>
				<string name="TypHL" value="Hull"/>
				<string name="UnitName" value="KClass"/>
			</object>
			<object name="KClass5665">
				<integer name="Country" value="5"/>
				<float name="ER" value="200."/>
				<string name="Hull" value="KClass_RBelt"/>
				<string name="Name" value="Middle3_RBelt"/>
				<string name="TypHL" value="Hull"/>
				<string name="UnitName" value="KClass"/>
			</object>
			<object name="KClass5666">
				<integer name="Country" value="5"/>
				<float name="ER" value="200."/>
				<string name="Hull" value="Std_RAMP"/>
				<string name="Name" value="Middle3_RAMP"/>
				<string name="TypHL" value="Hull"/>
				<string name="UnitName" value="KClass"/>
			</object>
			<object name="KClass5667">
				<integer name="Country" value="5"/>
				<float name="ER" value="200."/>
				<string name="Hull" value="Std_LAMP"/>
				<string name="Name" value="Middle3_LAMP"/>
				<string name="TypHL" value="Hull"/>
				<string name="UnitName" value="KClass"/>
			</object>
			<object name="KClass5668">
				<integer name="Country" value="5"/>
				<float name="ER" value="200."/>
				<string name="Hull" value="KClass_UpperDeck"/>
				<string name="Name" value="Middle3_UpperDeck"/>
				<string name="TypHL" value="Hull"/>
				<string name="UnitName" value="KClass"/>
			</object>
			<object name="KClass5669">
				<integer name="Country" value="5"/>
				<float name="ER" value="200."/>
				<string name="Hull" value="Std_Bottom"/>
				<string name="Name" value="Middle4_RBottom"/>
				<string name="TypHL" value="FuelTank"/>
				<string name="UnitName" value="KClass"/>
			</object>
			<object name="KClass5670">
				<integer name="Country" value="5"/>
				<float name="ER" value="200."/>
				<string name="Hull" value="Std_Bottom"/>
				<string name="Name" value="Middle4_LBottom"/>
				<string name="TypHL" value="FuelTank"/>
				<string name="UnitName" value="KClass"/>
			</object>
			<object name="KClass5671">
				<integer name="Country" value="5"/>
				<float name="ER" value="200."/>
				<string name="Hull" value="KClass_LowerDeck"/>
				<string name="Name" value="Middle4_LowerDeck"/>
				<string name="TypHL" value="Hull"/>
				<string name="UnitName" value="KClass"/>
			</object>
			<object name="KClass5672">
				<integer name="Country" value="5"/>
				<float name="ER" value="200."/>
				<string name="Hull" value="Std_Boiler"/>
				<string name="Name" value="Boiler5"/>
				<string name="TypHL" value="Boiler"/>
				<string name="UnitName" value="KClass"/>
			</object>
			<object name="KClass5673">
				<integer name="Country" value="5"/>
				<float name="ER" value="200."/>
				<string name="Hull" value="Std_Boiler"/>
				<string name="Name" value="Boiler6"/>
				<string name="TypHL" value="Boiler"/>
				<string name="UnitName" value="KClass"/>
			</object>
			<object name="KClass5674">
				<integer name="Country" value="5"/>
				<float name="ER" value="200."/>
				<string name="Hull" value="Std_RAMP"/>
				<string name="Name" value="Middle4_RAMP"/>
				<string name="TypHL" value="Hull"/>
				<string name="UnitName" value="KClass"/>
			</object>
			<object name="KClass5675">
				<integer name="Country" value="5"/>
				<float name="ER" value="200."/>
				<string name="Hull" value="KClass_RBelt"/>
				<string name="Name" value="Middle4_RBelt"/>
				<string name="TypHL" value="Hull"/>
				<string name="UnitName" value="KClass"/>
			</object>
			<object name="KClass5676">
				<integer name="Country" value="5"/>
				<float name="ER" value="200."/>
				<string name="Hull" value="KClass_LBelt"/>
				<string name="Name" value="Middle4_LBelt"/>
				<string name="TypHL" value="Hull"/>
				<string name="UnitName" value="KClass"/>
			</object>
			<object name="KClass5677">
				<integer name="Country" value="5"/>
				<float name="ER" value="200."/>
				<string name="Hull" value="Std_LAMP"/>
				<string name="Name" value="Middle4_LAMP"/>
				<string name="TypHL" value="Hull"/>
				<string name="UnitName" value="KClass"/>
			</object>
			<object name="KClass5678">
				<integer name="Country" value="5"/>
				<float name="ER" value="200."/>
				<string name="Hull" value="KClass_UpperDeck"/>
				<string name="Name" value="Middle4_UpperDeck"/>
				<string name="TypHL" value="Hull"/>
				<string name="UnitName" value="KClass"/>
			</object>
			<object name="KClass5679">
				<integer name="Country" value="5"/>
				<float name="ER" value="200."/>
				<string name="Hull" value="KClass_ADeck"/>
				<string name="Name" value="Middle5_MiddleDeck"/>
				<string name="TypHL" value="Hull"/>
				<string name="UnitName" value="KClass"/>
			</object>
			<object name="KClass5680">
				<string name="ConnectName" value="Boiler1;Boiler2;Boiler3;Boiler4;Boiler5;Boiler6;"/>
				<integer name="Country" value="5"/>
				<float name="ER" value="200."/>
				<string name="Hull" value="Std_Engine"/>
				<string name="Name" value="REngine"/>
				<string name="TypHL" value="Engine"/>
				<string name="UnitName" value="KClass"/>
			</object>
			<object name="KClass5681">
				<integer name="Country" value="5"/>
				<float name="ER" value="200."/>
				<string name="Hull" value="KClass_RBelt"/>
				<string name="Name" value="Middle5_RBelt"/>
				<string name="TypHL" value="Hull"/>
				<string name="UnitName" value="KClass"/>
			</object>
			<object name="KClass5682">
				<integer name="Country" value="5"/>
				<float name="ER" value="200."/>
				<string name="Hull" value="Std_RAMP"/>
				<string name="Name" value="Middle5_RAMP"/>
				<string name="TypHL" value="Hull"/>
				<string name="UnitName" value="KClass"/>
			</object>
			<object name="KClass5683">
				<integer name="Country" value="5"/>
				<float name="ER" value="200."/>
				<string name="Hull" value="Std_LAMP"/>
				<string name="Name" value="Middle5_LAMP"/>
				<string name="TypHL" value="Hull"/>
				<string name="UnitName" value="KClass"/>
			</object>
			<object name="KClass5684">
				<integer name="Country" value="5"/>
				<float name="ER" value="200."/>
				<string name="Hull" value="KClass_LBelt"/>
				<string name="Name" value="Middle5_LBelt"/>
				<string name="TypHL" value="Hull"/>
				<string name="UnitName" value="KClass"/>
			</object>
			<object name="KClass5685">
				<integer name="Country" value="5"/>
				<float name="ER" value="200."/>
				<string name="Hull" value="KClass_UpperDeck"/>
				<string name="Name" value="Middle5_UpperDeck"/>
				<string name="TypHL" value="Hull"/>
				<string name="UnitName" value="KClass"/>
			</object>
			<object name="KClass5686">
				<integer name="Country" value="5"/>
				<float name="ER" value="200."/>
				<string name="Hull" value="Std_Bottom"/>
				<string name="Name" value="Middle5_LBottom"/>
				<string name="TypHL" value="FuelTank"/>
				<string name="UnitName" value="KClass"/>
			</object>
			<object name="KClass5687">
				<integer name="Country" value="5"/>
				<float name="ER" value="200."/>
				<string name="Hull" value="Std_Bottom"/>
				<string name="Name" value="Middle5_RBottom"/>
				<string name="TypHL" value="FuelTank"/>
				<string name="UnitName" value="KClass"/>
			</object>
			<object name="KClass5688">
				<integer name="Country" value="5"/>
				<float name="ER" value="200."/>
				<string name="Hull" value="KClass_LowerDeck"/>
				<string name="Name" value="Middle5_LowerDeck"/>
				<string name="TypHL" value="Hull"/>
				<string name="UnitName" value="KClass"/>
			</object>
			<object name="KClass5689">
				<integer name="Country" value="5"/>
				<float name="ER" value="200."/>
				<string name="Hull" value="KClass_LowerDeck"/>
				<string name="Name" value="Middle6_LowerDeck1"/>
				<string name="TypHL" value="Hull"/>
				<string name="UnitName" value="KClass"/>
			</object>
			<object name="KClass5690">
				<string name="ConnectName" value="Boiler1;Boiler2;Boiler3;Boiler4;Boiler5;Boiler6;"/>
				<integer name="Country" value="5"/>
				<float name="ER" value="200."/>
				<string name="Hull" value="Std_Engine"/>
				<string name="Name" value="LEngine"/>
				<string name="TypHL" value="Engine"/>
				<string name="UnitName" value="KClass"/>
			</object>
			<object name="KClass5691">
				<integer name="Country" value="5"/>
				<float name="ER" value="200."/>
				<string name="Hull" value="Std_LAMP"/>
				<string name="Name" value="Middle6_LAMP"/>
				<string name="TypHL" value="Hull"/>
				<string name="UnitName" value="KClass"/>
			</object>
			<object name="KClass5692">
				<integer name="Country" value="5"/>
				<float name="ER" value="200."/>
				<string name="Hull" value="Std_RAMP"/>
				<string name="Name" value="Middle6_RAMP"/>
				<string name="TypHL" value="Hull"/>
				<string name="UnitName" value="KClass"/>
			</object>
			<object name="KClass5693">
				<integer name="Country" value="5"/>
				<float name="ER" value="200."/>
				<string name="Hull" value="Std_Bottom"/>
				<string name="Name" value="Middle6_Bottom"/>
				<string name="TypHL" value="FuelTank"/>
				<string name="UnitName" value="KClass"/>
			</object>
			<object name="KClass5694">
				<integer name="Country" value="5"/>
				<float name="ER" value="200."/>
				<string name="Hull" value="KClass_LBelt"/>
				<string name="Name" value="MIddle6_LBelt"/>
				<string name="TypHL" value="Hull"/>
				<string name="UnitName" value="KClass"/>
			</object>
			<object name="KClass5695">
				<integer name="Country" value="5"/>
				<float name="ER" value="200."/>
				<string name="Hull" value="KClass_RBelt"/>
				<string name="Name" value="Middle6_RBelt"/>
				<string name="TypHL" value="Hull"/>
				<string name="UnitName" value="KClass"/>
			</object>
			<object name="KClass5696">
				<integer name="Country" value="5"/>
				<float name="ER" value="200."/>
				<string name="Hull" value="KClass_UpperDeck"/>
				<string name="Name" value="Middle6_UpperDeck"/>
				<string name="TypHL" value="Hull"/>
				<string name="UnitName" value="KClass"/>
			</object>
			<object name="KClass5697">
				<integer name="Country" value="5"/>
				<float name="ER" value="200."/>
				<string name="Hull" value="KClass_LowerDeck"/>
				<string name="Name" value="Middle6_LowerDeck"/>
				<string name="TypHL" value="Hull"/>
				<string name="UnitName" value="KClass"/>
			</object>
			<object name="KClass5698">
				<integer name="Country" value="5"/>
				<float name="ER" value="200."/>
				<string name="Hull" value="KClass_Barbet"/>
				<string name="Name" value="Barbet4"/>
				<float name="Param_1" value="0."/>
				<string name="TypHL" value="AmmoStore"/>
				<string name="UnitName" value="KClass"/>
			</object>
			<object name="KClass5699">
				<integer name="Country" value="5"/>
				<float name="ER" value="200."/>
				<string name="Hull" value="KClass_Barbet"/>
				<string name="Name" value="Barbet3"/>
				<float name="Param_1" value="0."/>
				<string name="TypHL" value="AmmoStore"/>
				<string name="UnitName" value="KClass"/>
			</object>
			<object name="KClass5700">
				<integer name="Country" value="5"/>
				<float name="ER" value="200."/>
				<string name="Hull" value="KClass_ASDeck"/>
				<string name="Name" value="Stern1_MiddleDeck"/>
				<string name="TypHL" value="Hull"/>
				<string name="UnitName" value="KClass"/>
			</object>
			<object name="KClass5701">
				<integer name="Country" value="5"/>
				<float name="ER" value="200."/>
				<string name="Hull" value="Std_AS_T1"/>
				<string name="Name" value="AmmoStore3"/>
				<float name="Param_1" value="0."/>
				<string name="TypHL" value="AmmoStore"/>
				<string name="UnitName" value="KClass"/>
			</object>
			<object name="KClass5702">
				<integer name="Country" value="5"/>
				<float name="ER" value="200."/>
				<string name="Hull" value="Std_AS_T1"/>
				<string name="Name" value="AmmoStore4"/>
				<float name="Param_1" value="0."/>
				<string name="TypHL" value="AmmoStore"/>
				<string name="UnitName" value="KClass"/>
			</object>
			<object name="KClass5703">
				<integer name="Country" value="5"/>
				<float name="ER" value="200."/>
				<string name="Hull" value="KClass_LowerDeck"/>
				<string name="Name" value="Stern1_ForeDeck"/>
				<string name="TypHL" value="Hull"/>
				<string name="UnitName" value="KClass"/>
			</object>
			<object name="KClass5704">
				<integer name="Country" value="5"/>
				<float name="ER" value="200."/>
				<string name="Hull" value="KClass_UpperDeck"/>
				<string name="Name" value="Stern1_UpperDeck"/>
				<string name="TypHL" value="Hull"/>
				<string name="UnitName" value="KClass"/>
			</object>
			<object name="KClass5705">
				<integer name="Country" value="5"/>
				<float name="ER" value="200."/>
				<string name="Hull" value="Std_Bottom"/>
				<string name="Name" value="Stern1_Bottom"/>
				<string name="TypHL" value="Hull"/>
				<string name="UnitName" value="KClass"/>
			</object>
			<object name="KClass5706">
				<integer name="Country" value="5"/>
				<float name="ER" value="200."/>
				<string name="Hull" value="KClass_LSBelt"/>
				<string name="Name" value="Stern1_LBelt"/>
				<string name="TypHL" value="Hull"/>
				<string name="UnitName" value="KClass"/>
			</object>
			<object name="KClass5707">
				<integer name="Country" value="5"/>
				<float name="ER" value="200."/>
				<string name="Hull" value="KClass_RSBelt"/>
				<string name="Name" value="Stern1_RBelt"/>
				<string name="TypHL" value="Hull"/>
				<string name="UnitName" value="KClass"/>
			</object>
			<object name="KClass5708">
				<integer name="Country" value="5"/>
				<float name="ER" value="200."/>
				<string name="Hull" value="KClass_LowerDeck"/>
				<string name="Name" value="Stern1_LowerDeck"/>
				<string name="TypHL" value="Hull"/>
				<string name="UnitName" value="KClass"/>
			</object>
			<object name="KClass5709">
				<integer name="Country" value="5"/>
				<float name="ER" value="200."/>
				<string name="Hull" value="Std_Bottom"/>
				<string name="Name" value="Bow1_Bottom"/>
				<string name="TypHL" value="Hull"/>
				<string name="UnitName" value="KClass"/>
			</object>
			<object name="KClass5710">
				<integer name="Country" value="5"/>
				<float name="ER" value="200."/>
				<string name="Hull" value="KClass_LowerDeck"/>
				<string name="Name" value="Bow1_LowerDeck"/>
				<string name="TypHL" value="Hull"/>
				<string name="UnitName" value="KClass"/>
			</object>
			<object name="KClass5711">
				<integer name="Country" value="5"/>
				<float name="ER" value="200."/>
				<string name="Hull" value="KClass_ABDeck"/>
				<string name="Name" value="Bow1_MiddleDeck"/>
				<string name="TypHL" value="Hull"/>
				<string name="UnitName" value="KClass"/>
			</object>
			<object name="KClass5712">
				<integer name="Country" value="5"/>
				<float name="ER" value="200."/>
				<string name="Hull" value="KClass_UpperDeck"/>
				<string name="Name" value="Bow1_UpperDeck"/>
				<string name="TypHL" value="Hull"/>
				<string name="UnitName" value="KClass"/>
			</object>
			<object name="KClass5713">
				<integer name="Country" value="5"/>
				<float name="ER" value="200."/>
				<string name="Hull" value="KClass_LowerDeck"/>
				<string name="Name" value="Stern2_LowerDeck"/>
				<string name="TypHL" value="Hull"/>
				<string name="UnitName" value="KClass"/>
			</object>
			<object name="KClass5714">
				<integer name="Country" value="5"/>
				<float name="ER" value="200."/>
				<string name="Hull" value="KClass_Tiller"/>
				<string name="Name" value="Tiller"/>
				<string name="TypHL" value="Hull"/>
				<string name="UnitName" value="KClass"/>
			</object>
			<object name="KClass5715">
				<integer name="Country" value="5"/>
				<float name="ER" value="200."/>
				<string name="Hull" value="KClass_UpperDeck"/>
				<string name="Name" value="Stern2_UpperDeck"/>
				<string name="TypHL" value="Hull"/>
				<string name="UnitName" value="KClass"/>
			</object>
			<object name="KClass5716">
				<integer name="Country" value="5"/>
				<integer name="Crew" value="60"/>
				<float name="ER" value="200."/>
				<string name="Hull" value="Std_UpperHull"/>
				<string name="Name" value="Bow_Superstructure2"/>
				<string name="TypHL" value="Crew"/>
				<string name="UnitName" value="KClass"/>
			</object>
		</object>
		<object name="Hulls">
			<object name="KClass_ABDeck">
				<integer name="Back" value="10"/>
				<integer name="Bottom" value="5"/>
				<integer name="Country" value="5"/>
				<float name="ExplProb" value="0."/>
				<float name="FireProb" value="0."/>
				<integer name="Front" value="30"/>
				<integer name="Left" value="10"/>
				<string name="Material" value="Armored"/>
				<integer name="Right" value="10"/>
				<integer name="Top" value="30"/>
				<integer name="UnitName" value="0"/>
				<string name="UnitTyp" value="Ship"/>
			</object>
			<object name="KClass_ADeck">
				<integer name="Back" value="10"/>
				<integer name="Bottom" value="5"/>
				<integer name="Country" value="5"/>
				<float name="ExplProb" value="0."/>
				<float name="FireProb" value="0."/>
				<integer name="Front" value="10"/>
				<integer name="Left" value="10"/>
				<string name="Material" value="Armored"/>
				<integer name="Right" value="10"/>
				<integer name="Top" value="30"/>
				<integer name="UnitName" value="0"/>
				<string name="UnitTyp" value="Ship"/>
			</object>
			<object name="KClass_ASDeck">
				<integer name="Back" value="30"/>
				<integer name="Bottom" value="5"/>
				<integer name="Country" value="5"/>
				<float name="ExplProb" value="0."/>
				<float name="FireProb" value="0."/>
				<integer name="Front" value="10"/>
				<integer name="Left" value="10"/>
				<string name="Material" value="Armored"/>
				<integer name="Right" value="10"/>
				<integer name="Top" value="30"/>
				<integer name="UnitName" value="0"/>
				<string name="UnitTyp" value="Ship"/>
			</object>
			<object name="KClass_Barbet">
				<integer name="Back" value="30"/>
				<integer name="Bottom" value="5"/>
				<integer name="Country" value="5"/>
				<float name="ExplProb" value="20."/>
				<float name="FireProb" value="30."/>
				<integer name="Front" value="30"/>
				<integer name="Left" value="30"/>
				<string name="Material" value="Armored"/>
				<integer name="Right" value="30"/>
				<integer name="Top" value="10"/>
				<integer name="UnitName" value="0"/>
				<string name="UnitTyp" value="Ship"/>
			</object>
			<object name="KClass_BattleCabine">
				<integer name="Back" value="30"/>
				<integer name="Bottom" value="5"/>
				<integer name="Country" value="5"/>
				<float name="ExplProb" value="0."/>
				<float name="FireProb" value="0."/>
				<integer name="Front" value="30"/>
				<integer name="Left" value="30"/>
				<string name="Material" value="Armored"/>
				<integer name="Right" value="30"/>
				<integer name="Top" value="30"/>
				<integer name="UnitName" value="0"/>
				<string name="UnitTyp" value="Ship"/>
			</object>
			<object name="KClass_LBBelt">
				<integer name="Back" value="5"/>
				<integer name="Bottom" value="5"/>
				<integer name="Country" value="5"/>
				<float name="ExplProb" value="0."/>
				<float name="FireProb" value="0."/>
				<integer name="Front" value="30"/>
				<integer name="Left" value="30"/>
				<string name="Material" value="Armored"/>
				<integer name="Right" value="5"/>
				<integer name="Top" value="30"/>
				<integer name="UnitName" value="0"/>
				<string name="UnitTyp" value="Ship"/>
			</object>
			<object name="KClass_LBelt">
				<integer name="Back" value="5"/>
				<integer name="Bottom" value="5"/>
				<integer name="Country" value="5"/>
				<float name="ExplProb" value="0."/>
				<float name="FireProb" value="0."/>
				<integer name="Front" value="5"/>
				<integer name="Left" value="50"/>
				<string name="Material" value="Armored"/>
				<integer name="Right" value="5"/>
				<integer name="Top" value="50"/>
				<integer name="UnitName" value="0"/>
				<string name="UnitTyp" value="Ship"/>
			</object>
			<object name="KClass_LowerDeck">
				<integer name="Back" value="10"/>
				<integer name="Bottom" value="10"/>
				<integer name="Country" value="5"/>
				<float name="ExplProb" value="0."/>
				<float name="FireProb" value="10."/>
				<integer name="Front" value="10"/>
				<integer name="Left" value="10"/>
				<string name="Material" value="Steel"/>
				<integer name="Right" value="10"/>
				<integer name="Top" value="10"/>
				<integer name="UnitName" value="0"/>
				<string name="UnitTyp" value="Ship"/>
			</object>
			<object name="KClass_LSBelt">
				<integer name="Back" value="30"/>
				<integer name="Bottom" value="5"/>
				<integer name="Country" value="5"/>
				<float name="ExplProb" value="0."/>
				<float name="FireProb" value="0."/>
				<integer name="Front" value="5"/>
				<integer name="Left" value="30"/>
				<string name="Material" value="Armored"/>
				<integer name="Right" value="5"/>
				<integer name="Top" value="30"/>
				<integer name="UnitName" value="0"/>
				<string name="UnitTyp" value="Ship"/>
			</object>
			<object name="KClass_RBBelt">
				<integer name="Back" value="5"/>
				<integer name="Bottom" value="5"/>
				<integer name="Country" value="5"/>
				<float name="ExplProb" value="0."/>
				<float name="FireProb" value="0."/>
				<integer name="Front" value="30"/>
				<integer name="Left" value="5"/>
				<string name="Material" value="Armored"/>
				<integer name="Right" value="30"/>
				<integer name="Top" value="30"/>
				<integer name="UnitName" value="0"/>
				<string name="UnitTyp" value="Ship"/>
			</object>
			<object name="KClass_RBelt">
				<integer name="Back" value="5"/>
				<integer name="Bottom" value="5"/>
				<integer name="Country" value="5"/>
				<float name="ExplProb" value="0."/>
				<float name="FireProb" value="0."/>
				<integer name="Front" value="5"/>
				<integer name="Left" value="5"/>
				<string name="Material" value="Armored"/>
				<integer name="Right" value="50"/>
				<integer name="Top" value="50"/>
				<integer name="UnitName" value="0"/>
				<string name="UnitTyp" value="Ship"/>
			</object>
			<object name="KClass_RSBelt">
				<integer name="Back" value="30"/>
				<integer name="Bottom" value="5"/>
				<integer name="Country" value="5"/>
				<float name="ExplProb" value="0."/>
				<float name="FireProb" value="0."/>
				<integer name="Front" value="5"/>
				<integer name="Left" value="5"/>
				<string name="Material" value="Armored"/>
				<integer name="Right" value="30"/>
				<integer name="Top" value="30"/>
				<integer name="UnitName" value="0"/>
				<string name="UnitTyp" value="Ship"/>
			</object>
			<object name="KClass_Tiller">
				<integer name="Back" value="30"/>
				<integer name="Bottom" value="30"/>
				<integer name="Country" value="5"/>
				<float name="ExplProb" value="0."/>
				<float name="FireProb" value="0."/>
				<integer name="Front" value="30"/>
				<integer name="Left" value="30"/>
				<string name="Material" value="Armored"/>
				<integer name="Right" value="30"/>
				<integer name="Top" value="30"/>
				<integer name="UnitName" value="0"/>
				<string name="UnitTyp" value="Ship"/>
			</object>
			<object name="KClass_UpperDeck">
				<integer name="Back" value="10"/>
				<integer name="Bottom" value="10"/>
				<integer name="Country" value="5"/>
				<float name="ExplProb" value="0."/>
				<float name="FireProb" value="10."/>
				<integer name="Front" value="10"/>
				<integer name="Left" value="10"/>
				<string name="Material" value="Steel"/>
				<integer name="Right" value="10"/>
				<integer name="Top" value="15"/>
				<integer name="UnitName" value="0"/>
				<string name="UnitTyp" value="Ship"/>
			</object> 
		</object>
		<object name="Ships">
			<object name="KClass">
				<float name="AccelRate" value="3.e-004"/>
				<string name="Airgroup" value="Scout_ShipWater_Battleship_Battalion_germany"/>
				<integer name="AirplanesCount" value="2"/>
				<string name="AmmoLoadingTemplate" value="Ammo 300"/>
				<boolean name="BoatsTransportationAbility" value="false"/>
				<integer name="CabinArmor" value="127"/>
				<boolean name="CanBeChanged" value="true"/>
				<boolean name="CanUseTorpedos" value="true"/>
				<string name="CatapultAirgroupDefaultUnit" value="Ar196"/>
				<integer name="Country" value="5"/>
				<integer name="Crew" value="850"/>
				<float name="CriticalCareen" value="37."/>
				<float name="CriticalDFT" value="2.2"/>
				<float name="CriticalDifferent" value="2.5"/>
				<float name="DisplacementMax" value="8260."/>
				<float name="DTimeProd" value="70."/>
				<float name="EPR" value="315."/>
				<float name="FireRisk" value="267."/>
				<float name="Fuel" value="1445."/>
				<float name="HLShapeCoef" value="0.9"/>
				<integer name="HullArmorSide" value="127"/>
				<integer name="HullArmorTop" value="52"/>
				<float name="Iron" value="11000."/>
				<integer name="Length" value="174"/>
				<float name="MaxSpeed" value="32.5"/>
				<integer name="MinCrew" value="514"/>
				<float name="Money" value="10000."/>
				<string name="Name" value="KClass"/>
				<boolean name="New" value="true"/>
				<float name="NTimeProd" value="175."/>
				<integer name="Nuc_Dest_Prob" value="500"/>
				<integer name="Passengers" value="40"/>
				<boolean name="PlanesTransportationAbility" value="false"/>
				<float name="Range" value="3100."/>
				<integer name="Rank" value="4"/>
				<string name="SMU" value="KClass"/>
				<float name="Speed" value="13."/>
				<float name="StoreCapacity" value="740."/>
				<boolean name="Transportable" value="false"/>
				<float name="TurnRate" value="1.5e-003"/>
				<integer name="Type" value="3"/>
				<float name="Vitality" value="4500."/>
				<float name="VitalityAA" value="900."/>
				<float name="Weight" value="6756."/>
				<integer name="Width" value="15.3"/>
				<integer name="Year" value="39"/>
			</object>
		</object>
		<object name="ShipsNames">
			<object name="KClass">
				<string name="1" value="KClass1"/>
			</object>
		</object>
		<object name="UnitsByType">
			<object name="3">
				<object name="KClass">
					<string name="ChildTable" value="Ships"/>
				</object>
			</object>
		</object>
	</object>
</root>
