﻿<?xml version="1.0" standalone="yes" ?>
<root>
	<object name="SteelMonstersParams">
		<object name="Hit_Location">
			<object name="7918">
				<integer name="Country" value="2"/>
				<float name="ER" value="30."/>
				<string name="Hull" value="Std_Turret_RF"/>
				<string name="Name" value="Rangefinder"/>
				<string name="TypHL" value="Probe"/>
				<string name="UnitName" value="Main_Turret_150x2_Agano"/>
			</object>
			<object name="7919">
				<integer name="Country" value="2"/>
				<float name="ER" value="30."/>
				<string name="Hull" value="Agano_Shakegeban"/>
				<string name="Name" value="Shakegeban"/>
				<string name="TypHL" value="Probe"/>
				<string name="UnitName" value="Main_Turret_150x2_Agano"/>
			</object>
			<object name="7920">
				<integer name="Country" value="2"/>
				<float name="ER" value="100."/>
				<string name="Hull" value="Agano_MTurret"/>
				<string name="Name" value="Turret"/>
				<string name="TypHL" value="AmmoStore"/>
				<string name="UnitName" value="Main_Turret_150x2_Agano"/>
			</object>
			<object name="7936">
				<integer name="Country" value="2"/>
				<float name="ER" value="50."/>
				<string name="Hull" value="Agano_80mmTurret"/>
				<string name="Name" value="Turret"/>
				<string name="TypHL" value="Hull"/>
				<string name="UnitName" value="AA_Turret_80x2_Agano"/>
			</object>
			<object name="9828">
				<integer name="Country" value="2"/>
				<integer name="Crew" value="115"/>
				<float name="ER" value="150."/>
				<string name="Hull" value="Std_CLUpperHull"/>
				<string name="Name" value="LSuperStructure"/>
				<string name="TypHL" value="Crew"/>
				<string name="UnitName" value="Agano"/>
			</object>
			<object name="9829">
				<string name="ConnectName" value="Engine1"/>
				<integer name="Country" value="2"/>
				<float name="ER" value="150."/>
				<string name="Hull" value="Std_Mover"/>
				<string name="Name" value="Mover1"/>
				<string name="TypHL" value="Mover"/>
				<string name="UnitName" value="Agano"/>
			</object>
			<object name="9830">
				<string name="ConnectName" value="Engine2"/>
				<integer name="Country" value="2"/>
				<float name="ER" value="150."/>
				<string name="Hull" value="Std_Mover"/>
				<string name="Name" value="Mover2"/>
				<string name="TypHL" value="Mover"/>
				<string name="UnitName" value="Agano"/>
			</object>
			<object name="9831">
				<string name="ConnectName" value="Engine3"/>
				<integer name="Country" value="2"/>
				<float name="ER" value="150."/>
				<string name="Hull" value="Std_Mover"/>
				<string name="Name" value="Mover3"/>
				<string name="TypHL" value="Mover"/>
				<string name="UnitName" value="Agano"/>
			</object>
			<object name="9832">
				<string name="ConnectName" value="Engine4"/>
				<integer name="Country" value="2"/>
				<float name="ER" value="150."/>
				<string name="Hull" value="Std_Mover"/>
				<string name="Name" value="Mover4"/>
				<string name="TypHL" value="Mover"/>
				<string name="UnitName" value="Agano"/>
			</object>
			<object name="9833">
				<integer name="Country" value="2"/>
				<float name="ER" value="200."/>
				<string name="Hull" value="Agano_Barbet"/>
				<string name="Name" value="Barbet1"/>
				<float name="Param_1" value="0."/>
				<string name="TypHL" value="AmmoStore"/>
				<string name="UnitName" value="Agano"/>
			</object>
			<object name="9834">
				<integer name="Country" value="2"/>
				<float name="ER" value="200."/>
				<string name="Hull" value="Agano_Barbet"/>
				<string name="Name" value="Barbet2"/>
				<float name="Param_1" value="0."/>
				<string name="TypHL" value="AmmoStore"/>
				<string name="UnitName" value="Agano"/>
			</object>
			<object name="9835">
				<integer name="Country" value="2"/>
				<float name="ER" value="200."/>
				<string name="Hull" value="Agano_Barbet"/>
				<string name="Name" value="Barbet3"/>
				<string name="TypHL" value="AmmoStore"/>
				<string name="UnitName" value="Agano"/>
			</object>
			<object name="9836">
				<integer name="Country" value="2"/>
				<float name="ER" value="150."/>
				<string name="Hull" value="Agano_UpperDeck"/>
				<string name="Name" value="Bow1_UpperDeck"/>
				<string name="TypHL" value="Hull"/>
				<string name="UnitName" value="Agano"/>
			</object>
			<object name="9837">
				<integer name="Country" value="2"/>
				<float name="ER" value="200."/>
				<string name="Hull" value="Agano_LowerDeck"/>
				<string name="Name" value="Bow1_LowerDeck"/>
				<string name="TypHL" value="Hull"/>
				<string name="UnitName" value="Agano"/>
			</object>
			<object name="9838">
				<integer name="Country" value="2"/>
				<float name="ER" value="150."/>
				<string name="Hull" value="Agano_UpperDeck"/>
				<string name="Name" value="Bow2_UpperDeck"/>
				<string name="TypHL" value="Hull"/>
				<string name="UnitName" value="Agano"/>
			</object>
			<object name="9839">
				<integer name="Country" value="2"/>
				<float name="ER" value="200."/>
				<string name="Hull" value="Agano_LowerDeck"/>
				<string name="Name" value="Bow2_LowerDeck"/>
				<string name="TypHL" value="Hull"/>
				<string name="UnitName" value="Agano"/>
			</object>
			<object name="9840">
				<integer name="Country" value="2"/>
				<float name="ER" value="250."/>
				<string name="Hull" value="Agano_Bow_AmmoStoreCover"/>
				<string name="Name" value="Bow_AmmoStoreCover"/>
				<string name="TypHL" value="Hull"/>
				<string name="UnitName" value="Agano"/>
			</object>
			<object name="9841">
				<integer name="Country" value="2"/>
				<float name="ER" value="100."/>
				<string name="Hull" value="Agano_AmmoStore"/>
				<string name="Name" value="AmmoStore1"/>
				<float name="Param_1" value="0."/>
				<string name="TypHL" value="AmmoStore"/>
				<string name="UnitName" value="Agano"/>
			</object>
			<object name="9842">
				<integer name="Country" value="2"/>
				<float name="ER" value="100."/>
				<string name="Hull" value="Agano_AmmoStore"/>
				<string name="Name" value="AmmoStore2"/>
				<float name="Param_1" value="0."/>
				<string name="TypHL" value="AmmoStore"/>
				<string name="UnitName" value="Agano"/>
			</object>
			<object name="9843">
				<integer name="Country" value="2"/>
				<float name="ER" value="150."/>
				<string name="Hull" value="Agano_UpperDeck"/>
				<string name="Name" value="Middle1_UpperDeck"/>
				<string name="TypHL" value="Hull"/>
				<string name="UnitName" value="Agano"/>
			</object>
			<object name="9844">
				<integer name="Country" value="2"/>
				<float name="ER" value="200."/>
				<string name="Hull" value="Agano_LowerDeck"/>
				<string name="Name" value="Middle1_LowerDeck"/>
				<string name="TypHL" value="Hull"/>
				<string name="UnitName" value="Agano"/>
			</object>
			<object name="9845">
				<integer name="Country" value="2"/>
				<float name="ER" value="50."/>
				<string name="Hull" value="Std_Probe"/>
				<string name="Name" value="FireControl"/>
				<string name="TypHL" value="Probe"/>
				<string name="UnitName" value="Agano"/>
			</object>
			<object name="9846">
				<integer name="Country" value="2"/>
				<float name="ER" value="50."/>
				<string name="Hull" value="Std_Probe"/>
				<string name="Name" value="Radar"/>
				<string name="TypHL" value="Probe"/>
				<string name="UnitName" value="Agano"/>
			</object>
			<object name="9847">
				<integer name="Country" value="2"/>
				<float name="ER" value="50."/>
				<string name="Hull" value="Std_Probe"/>
				<string name="Name" value="Radio"/>
				<string name="TypHL" value="Probe"/>
				<string name="UnitName" value="Agano"/>
			</object>
			<object name="9848">
				<integer name="Country" value="2"/>
				<float name="ER" value="200."/>
				<string name="Hull" value="Agano_LBelt"/>
				<string name="Name" value="Middle1_LBelt"/>
				<string name="TypHL" value="Hull"/>
				<string name="UnitName" value="Agano"/>
			</object>
			<object name="9849">
				<integer name="Country" value="2"/>
				<float name="ER" value="150."/>
				<string name="Hull" value="Agano_LBoard"/>
				<string name="Name" value="Middle1_LBoard"/>
				<string name="TypHL" value="Hull"/>
				<string name="UnitName" value="Agano"/>
			</object>
			<object name="9850">
				<integer name="Country" value="2"/>
				<float name="ER" value="200."/>
				<string name="Hull" value="Agano_RBelt"/>
				<string name="Name" value="Middle1_RBelt"/>
				<string name="TypHL" value="Hull"/>
				<string name="UnitName" value="Agano"/>
			</object>
			<object name="9851">
				<integer name="Country" value="2"/>
				<float name="ER" value="150."/>
				<string name="Hull" value="Agano_RBoard"/>
				<string name="Name" value="Middle1_RBoard"/>
				<string name="TypHL" value="Hull"/>
				<string name="UnitName" value="Agano"/>
			</object>
			<object name="9852">
				<integer name="Country" value="2"/>
				<float name="ER" value="150."/>
				<string name="Hull" value="Agano_UpperDeck"/>
				<string name="Name" value="Middle2_UpperDeck"/>
				<string name="TypHL" value="Hull"/>
				<string name="UnitName" value="Agano"/>
			</object>
			<object name="9853">
				<integer name="Country" value="2"/>
				<integer name="Crew" value="115"/>
				<float name="ER" value="50."/>
				<string name="Hull" value="Std_Hull"/>
				<string name="Name" value="Crew1"/>
				<string name="TypHL" value="Crew"/>
				<string name="UnitName" value="Agano"/>
			</object>
			<object name="9854">
				<integer name="Country" value="2"/>
				<float name="ER" value="200."/>
				<string name="Hull" value="Agano_LowerDeck"/>
				<string name="Name" value="Middle2_LowerDeck"/>
				<string name="TypHL" value="Hull"/>
				<string name="UnitName" value="Agano"/>
			</object>
			<object name="9855">
				<integer name="Country" value="2"/>
				<float name="ER" value="100."/>
				<string name="Hull" value="Std_Boiler"/>
				<string name="Name" value="Boiler5"/>
				<string name="TypHL" value="Boiler"/>
				<string name="UnitName" value="Agano"/>
			</object>
			<object name="9856">
				<integer name="Country" value="2"/>
				<float name="ER" value="200."/>
				<string name="Hull" value="Agano_LBelt"/>
				<string name="Name" value="Middle2_LBelt"/>
				<string name="TypHL" value="Hull"/>
				<string name="UnitName" value="Agano"/>
			</object>
			<object name="9857">
				<integer name="Country" value="2"/>
				<float name="ER" value="150."/>
				<string name="Hull" value="Agano_LBoard"/>
				<string name="Name" value="Middle2_LBoard"/>
				<string name="TypHL" value="Hull"/>
				<string name="UnitName" value="Agano"/>
			</object>
			<object name="9858">
				<integer name="Country" value="2"/>
				<float name="ER" value="200."/>
				<string name="Hull" value="Agano_RBelt"/>
				<string name="Name" value="Middle2_RBelt"/>
				<string name="TypHL" value="Hull"/>
				<string name="UnitName" value="Agano"/>
			</object>
			<object name="9859">
				<integer name="Country" value="2"/>
				<float name="ER" value="150."/>
				<string name="Hull" value="Agano_RBoard"/>
				<string name="Name" value="Middle2_RBoard"/>
				<string name="TypHL" value="Hull"/>
				<string name="UnitName" value="Agano"/>
			</object>
			<object name="9860">
				<integer name="Country" value="2"/>
				<float name="ER" value="200."/>
				<string name="Hull" value="Agano_UpperDeck"/>
				<string name="Name" value="Middle3_UpperDeck"/>
				<string name="TypHL" value="Hull"/>
				<string name="UnitName" value="Agano"/>
			</object>
			<object name="9861">
				<integer name="Country" value="2"/>
				<integer name="Crew" value="150"/>
				<float name="ER" value="50."/>
				<string name="Hull" value="Std_Hull"/>
				<string name="Name" value="Crew2"/>
				<string name="TypHL" value="Crew"/>
				<string name="UnitName" value="Agano"/>
			</object>
			<object name="9862">
				<integer name="Country" value="2"/>
				<float name="ER" value="200."/>
				<string name="Hull" value="Agano_LowerDeck"/>
				<string name="Name" value="Middle3_LLowerDeck"/>
				<string name="TypHL" value="Hull"/>
				<string name="UnitName" value="Agano"/>
			</object>
			<object name="9863">
				<integer name="Country" value="2"/>
				<float name="ER" value="100."/>
				<string name="Hull" value="Std_Boiler"/>
				<string name="Name" value="Boiler1"/>
				<string name="TypHL" value="Boiler"/>
				<string name="UnitName" value="Agano"/>
			</object>
			<object name="9864">
				<integer name="Country" value="2"/>
				<float name="ER" value="200."/>
				<string name="Hull" value="Agano_LBelt"/>
				<string name="Name" value="Middle3_LBelt"/>
				<string name="TypHL" value="Hull"/>
				<string name="UnitName" value="Agano"/>
			</object>
			<object name="9865">
				<integer name="Country" value="2"/>
				<float name="ER" value="150."/>
				<string name="Hull" value="Agano_LBoard"/>
				<string name="Name" value="Middle3_LBoard"/>
				<string name="TypHL" value="Hull"/>
				<string name="UnitName" value="Agano"/>
			</object>
			<object name="9866">
				<integer name="Country" value="2"/>
				<float name="ER" value="200."/>
				<string name="Hull" value="Agano_LowerDeck"/>
				<string name="Name" value="Middle3_RLowerDeck"/>
				<string name="TypHL" value="Hull"/>
				<string name="UnitName" value="Agano"/>
			</object>
			<object name="9867">
				<integer name="Country" value="2"/>
				<float name="ER" value="100."/>
				<string name="Hull" value="Std_Boiler"/>
				<string name="Name" value="Boiler2"/>
				<string name="TypHL" value="Boiler"/>
				<string name="UnitName" value="Agano"/>
			</object>
			<object name="9868">
				<integer name="Country" value="2"/>
				<float name="ER" value="200."/>
				<string name="Hull" value="Agano_RBelt"/>
				<string name="Name" value="Middle3_RBelt"/>
				<string name="TypHL" value="Hull"/>
				<string name="UnitName" value="Agano"/>
			</object>
			<object name="9869">
				<integer name="Country" value="2"/>
				<float name="ER" value="150."/>
				<string name="Hull" value="Agano_RBoard"/>
				<string name="Name" value="Middle3_RBoard"/>
				<string name="TypHL" value="Hull"/>
				<string name="UnitName" value="Agano"/>
			</object>
			<object name="9870">
				<integer name="Country" value="2"/>
				<float name="ER" value="200."/>
				<string name="Hull" value="Agano_UpperDeck"/>
				<string name="Name" value="Middle4_UpperDeck"/>
				<string name="TypHL" value="Hull"/>
				<string name="UnitName" value="Agano"/>
			</object>
			<object name="9871">
				<integer name="Country" value="2"/>
				<integer name="Crew" value="115"/>
				<float name="ER" value="50."/>
				<string name="Hull" value="Std_Hull"/>
				<string name="Name" value="Crew3"/>
				<string name="TypHL" value="Crew"/>
				<string name="UnitName" value="Agano"/>
			</object>
			<object name="9872">
				<integer name="Country" value="2"/>
				<float name="ER" value="200."/>
				<string name="Hull" value="Agano_LowerDeck"/>
				<string name="Name" value="Middle4_LLowerDeck"/>
				<string name="TypHL" value="Hull"/>
				<string name="UnitName" value="Agano"/>
			</object>
			<object name="9873">
				<integer name="Country" value="2"/>
				<float name="ER" value="100."/>
				<string name="Hull" value="Std_Boiler"/>
				<string name="Name" value="Boiler3"/>
				<string name="TypHL" value="Boiler"/>
				<string name="UnitName" value="Agano"/>
			</object>
			<object name="9874">
				<integer name="Country" value="2"/>
				<float name="ER" value="200."/>
				<string name="Hull" value="Agano_LBelt"/>
				<string name="Name" value="Middle4_LBelt"/>
				<string name="TypHL" value="Hull"/>
				<string name="UnitName" value="Agano"/>
			</object>
			<object name="9875">
				<integer name="Country" value="2"/>
				<float name="ER" value="150."/>
				<string name="Hull" value="Agano_LBoard"/>
				<string name="Name" value="Middle4_LBoard"/>
				<string name="TypHL" value="Hull"/>
				<string name="UnitName" value="Agano"/>
			</object>
			<object name="9876">
				<integer name="Country" value="2"/>
				<float name="ER" value="200."/>
				<string name="Hull" value="Agano_LowerDeck"/>
				<string name="Name" value="Middle4_RLowerDeck"/>
				<string name="TypHL" value="Hull"/>
				<string name="UnitName" value="Agano"/>
			</object>
			<object name="9877">
				<integer name="Country" value="2"/>
				<float name="ER" value="100."/>
				<string name="Hull" value="Std_Boiler"/>
				<string name="Name" value="Boiler4"/>
				<string name="TypHL" value="Boiler"/>
				<string name="UnitName" value="Agano"/>
			</object>
			<object name="9878">
				<integer name="Country" value="2"/>
				<float name="ER" value="200."/>
				<string name="Hull" value="Agano_RBelt"/>
				<string name="Name" value="Middle4_RBelt"/>
				<string name="TypHL" value="Hull"/>
				<string name="UnitName" value="Agano"/>
			</object>
			<object name="9879">
				<integer name="Country" value="2"/>
				<float name="ER" value="150."/>
				<string name="Hull" value="Agano_RBoard"/>
				<string name="Name" value="Middle4_RBoard"/>
				<string name="TypHL" value="Hull"/>
				<string name="UnitName" value="Agano"/>
			</object>
			<object name="9880">
				<integer name="Country" value="2"/>
				<float name="ER" value="200."/>
				<string name="Hull" value="Agano_UpperDeck"/>
				<string name="Name" value="Middle5_UpperDeck"/>
				<string name="TypHL" value="Hull"/>
				<string name="UnitName" value="Agano"/>
			</object>
			<object name="9881">
				<integer name="Country" value="2"/>
				<integer name="Crew" value="115"/>
				<float name="ER" value="50."/>
				<string name="Hull" value="Std_Hull"/>
				<string name="Name" value="Crew4"/>
				<string name="TypHL" value="Crew"/>
				<string name="UnitName" value="Agano"/>
			</object>
			<object name="9882">
				<integer name="Country" value="2"/>
				<float name="ER" value="200."/>
				<string name="Hull" value="Agano_LowerDeck"/>
				<string name="Name" value="Middle5_LLowerDeck"/>
				<string name="TypHL" value="Hull"/>
				<string name="UnitName" value="Agano"/>
			</object>
			<object name="9883">
				<string name="ConnectName" value="Boiler5;Boiler1"/>
				<integer name="Country" value="2"/>
				<float name="ER" value="150."/>
				<string name="Hull" value="Std_Engine"/>
				<string name="Name" value="Engine1"/>
				<string name="TypHL" value="Engine"/>
				<string name="UnitName" value="Agano"/>
			</object>
			<object name="9884">
				<integer name="Country" value="2"/>
				<float name="ER" value="200."/>
				<string name="Hull" value="Agano_LBelt"/>
				<string name="Name" value="Middle5_LBelt"/>
				<string name="TypHL" value="Hull"/>
				<string name="UnitName" value="Agano"/>
			</object>
			<object name="9885">
				<integer name="Country" value="2"/>
				<float name="ER" value="150."/>
				<string name="Hull" value="Agano_LBoard"/>
				<string name="Name" value="Middle5_LBoard"/>
				<string name="TypHL" value="Hull"/>
				<string name="UnitName" value="Agano"/>
			</object>
			<object name="9886">
				<integer name="Country" value="2"/>
				<float name="ER" value="200."/>
				<string name="Hull" value="Agano_LowerDeck"/>
				<string name="Name" value="Middle5_RLowerDeck"/>
				<string name="TypHL" value="Hull"/>
				<string name="UnitName" value="Agano"/>
			</object>
			<object name="9887">
				<string name="ConnectName" value="Boiler5;Boiler2"/>
				<integer name="Country" value="2"/>
				<float name="ER" value="150."/>
				<string name="Hull" value="Std_Engine"/>
				<string name="Name" value="Engine2"/>
				<string name="TypHL" value="Engine"/>
				<string name="UnitName" value="Agano"/>
			</object>
			<object name="9888">
				<integer name="Country" value="2"/>
				<float name="ER" value="200."/>
				<string name="Hull" value="Agano_RBelt"/>
				<string name="Name" value="Middle5_RBelt"/>
				<string name="TypHL" value="Hull"/>
				<string name="UnitName" value="Agano"/>
			</object>
			<object name="9889">
				<integer name="Country" value="2"/>
				<float name="ER" value="150."/>
				<string name="Hull" value="Agano_RBoard"/>
				<string name="Name" value="Middle5_RBoard"/>
				<string name="TypHL" value="Hull"/>
				<string name="UnitName" value="Agano"/>
			</object>
			<object name="9890">
				<integer name="Country" value="2"/>
				<float name="ER" value="200."/>
				<string name="Hull" value="Agano_UpperDeck"/>
				<string name="Name" value="Middle6_UpperDeck"/>
				<string name="TypHL" value="Hull"/>
				<string name="UnitName" value="Agano"/>
			</object>
			<object name="9891">
				<integer name="Country" value="2"/>
				<integer name="Crew" value="115"/>
				<float name="ER" value="50."/>
				<string name="Hull" value="Std_Hull"/>
				<string name="Name" value="Crew5"/>
				<string name="TypHL" value="Crew"/>
				<string name="UnitName" value="Agano"/>
			</object>
			<object name="9892">
				<integer name="Country" value="2"/>
				<float name="ER" value="200."/>
				<string name="Hull" value="Agano_LowerDeck"/>
				<string name="Name" value="Middle6_LowerDeck"/>
				<string name="TypHL" value="Hull"/>
				<string name="UnitName" value="Agano"/>
			</object>
			<object name="9893">
				<string name="ConnectName" value="Boiler5;Boiler3"/>
				<integer name="Country" value="2"/>
				<float name="ER" value="150."/>
				<string name="Hull" value="Std_Engine"/>
				<string name="Name" value="Engine3"/>
				<string name="TypHL" value="Engine"/>
				<string name="UnitName" value="Agano"/>
			</object>
			<object name="9894">
				<string name="ConnectName" value="Boiler5;Boiler4"/>
				<integer name="Country" value="2"/>
				<float name="ER" value="150."/>
				<string name="Hull" value="Std_Engine"/>
				<string name="Name" value="Engine4"/>
				<string name="TypHL" value="Engine"/>
				<string name="UnitName" value="Agano"/>
			</object>
			<object name="9895">
				<integer name="Country" value="2"/>
				<float name="ER" value="200."/>
				<string name="Hull" value="Agano_LBelt"/>
				<string name="Name" value="Middle6_LBelt"/>
				<string name="TypHL" value="Hull"/>
				<string name="UnitName" value="Agano"/>
			</object>
			<object name="9896">
				<integer name="Country" value="2"/>
				<float name="ER" value="150."/>
				<string name="Hull" value="Agano_LBoard"/>
				<string name="Name" value="Middle6_LBoard"/>
				<string name="TypHL" value="Hull"/>
				<string name="UnitName" value="Agano"/>
			</object>
			<object name="9897">
				<integer name="Country" value="2"/>
				<float name="ER" value="200."/>
				<string name="Hull" value="Agano_RBelt"/>
				<string name="Name" value="Middle6_RBelt"/>
				<string name="TypHL" value="Hull"/>
				<string name="UnitName" value="Agano"/>
			</object>
			<object name="9898">
				<integer name="Country" value="2"/>
				<float name="ER" value="150."/>
				<string name="Hull" value="Agano_RBoard"/>
				<string name="Name" value="Middle6_RBoard"/>
				<string name="TypHL" value="Hull"/>
				<string name="UnitName" value="Agano"/>
			</object>
			<object name="9899">
				<integer name="Country" value="2"/>
				<float name="ER" value="150."/>
				<string name="Hull" value="Agano_UpperDeck"/>
				<string name="Name" value="Stern1_UpperDeck"/>
				<string name="TypHL" value="Hull"/>
				<string name="UnitName" value="Agano"/>
			</object>
			<object name="9900">
				<integer name="Country" value="2"/>
				<float name="ER" value="200."/>
				<string name="Hull" value="Agano_LowerDeck"/>
				<string name="Name" value="Stern1_LowerDeck"/>
				<string name="TypHL" value="Hull"/>
				<string name="UnitName" value="Agano"/>
			</object>
			<object name="9901">
				<integer name="Country" value="2"/>
				<float name="ER" value="250."/>
				<string name="Hull" value="Agano_Stern_AmmoStoreCover"/>
				<string name="Name" value="Stern_AmmoStoreCover"/>
				<string name="TypHL" value="Hull"/>
				<string name="UnitName" value="Agano"/>
			</object>
			<object name="9902">
				<integer name="Country" value="2"/>
				<float name="ER" value="100."/>
				<string name="Hull" value="Agano_AmmoStore"/>
				<string name="Name" value="AmmoStore3"/>
				<float name="Param_1" value="0."/>
				<string name="TypHL" value="AmmoStore"/>
				<string name="UnitName" value="Agano"/>
			</object>
			<object name="9903">
				<integer name="Country" value="2"/>
				<float name="ER" value="150."/>
				<string name="Hull" value="Agano_UpperDeck"/>
				<string name="Name" value="Stern2_Deck"/>
				<string name="TypHL" value="Hull"/>
				<string name="UnitName" value="Agano"/>
			</object>
			<object name="9904">
				<integer name="Country" value="2"/>
				<float name="ER" value="100."/>
				<string name="Hull" value="Std_Hull"/>
				<string name="Name" value="Tiller"/>
				<string name="TypHL" value="Hull"/>
				<string name="UnitName" value="Agano"/>
			</object>
			<object name="9905">
				<integer name="Country" value="2"/>
				<float name="ER" value="150."/>
				<string name="Hull" value="Agano_Bottom"/>
				<string name="Name" value="Bow1_Bottom"/>
				<string name="TypHL" value="FuelTank"/>
				<string name="UnitName" value="Agano"/>
			</object>
			<object name="9906">
				<integer name="Country" value="2"/>
				<float name="ER" value="150."/>
				<string name="Hull" value="Agano_Bottom"/>
				<string name="Name" value="Bow2_Bottom"/>
				<string name="TypHL" value="FuelTank"/>
				<string name="UnitName" value="Agano"/>
			</object>
			<object name="9907">
				<integer name="Country" value="2"/>
				<float name="ER" value="150."/>
				<string name="Hull" value="Agano_Bottom"/>
				<string name="Name" value="Middle1_Bottom"/>
				<string name="TypHL" value="FuelTank"/>
				<string name="UnitName" value="Agano"/>
			</object>
			<object name="9908">
				<integer name="Country" value="2"/>
				<float name="ER" value="150."/>
				<string name="Hull" value="Agano_Bottom"/>
				<string name="Name" value="Middle2_Bottom"/>
				<string name="TypHL" value="FuelTank"/>
				<string name="UnitName" value="Agano"/>
			</object>
			<object name="9909">
				<integer name="Country" value="2"/>
				<float name="ER" value="150."/>
				<string name="Hull" value="Agano_Bottom"/>
				<string name="Name" value="Middle3_Bottom"/>
				<string name="TypHL" value="FuelTank"/>
				<string name="UnitName" value="Agano"/>
			</object>
			<object name="9910">
				<integer name="Country" value="2"/>
				<float name="ER" value="150."/>
				<string name="Hull" value="Agano_Bottom"/>
				<string name="Name" value="Middle4_Bottom"/>
				<string name="TypHL" value="FuelTank"/>
				<string name="UnitName" value="Agano"/>
			</object>
			<object name="9911">
				<integer name="Country" value="2"/>
				<float name="ER" value="150."/>
				<string name="Hull" value="Agano_Bottom"/>
				<string name="Name" value="Middle5_Bottom"/>
				<string name="TypHL" value="FuelTank"/>
				<string name="UnitName" value="Agano"/>
			</object>
			<object name="9912">
				<integer name="Country" value="2"/>
				<float name="ER" value="150."/>
				<string name="Hull" value="Agano_Bottom"/>
				<string name="Name" value="Middle6_Bottom"/>
				<string name="TypHL" value="FuelTank"/>
				<string name="UnitName" value="Agano"/>
			</object>
			<object name="9913">
				<integer name="Country" value="2"/>
				<float name="ER" value="150."/>
				<string name="Hull" value="Agano_Bottom"/>
				<string name="Name" value="Stern1_Bottom"/>
				<string name="TypHL" value="FuelTank"/>
				<string name="UnitName" value="Agano"/>
			</object>
			<object name="9914">
				<integer name="Country" value="2"/>
				<integer name="Crew" value="115"/>
				<float name="ER" value="100."/>
				<string name="Hull" value="Std_CLUpperHull"/>
				<string name="Name" value="USuperStructure"/>
				<string name="TypHL" value="Crew"/>
				<string name="UnitName" value="Agano"/>
			</object>
			<object name="9915">
				<integer name="Country" value="2"/>
				<float name="ER" value="150."/>
				<string name="Hull" value="Std_Rudder"/>
				<string name="Name" value="Rudder"/>
				<string name="TypHL" value="Rudder"/>
				<string name="UnitName" value="Agano"/>
			</object>
			<object name="9916">
				<integer name="Country" value="2"/>
				<float name="ER" value="100."/>
				<string name="Hull" value="Std_SmokeStack"/>
				<string name="Name" value="SmokeStack"/>
				<string name="TypHL" value="Hull"/>
				<string name="UnitName" value="Agano"/>
			</object> 
		</object>
		<object name="Hulls">
			<object name="Agano_80mmTurret">
				<integer name="Back" value="10"/>
				<integer name="Bottom" value="5"/>
				<integer name="Country" value="2"/>
				<float name="ExplProb" value="0."/>
				<float name="FireProb" value="5."/>
				<integer name="Front" value="10"/>
				<integer name="Left" value="10"/>
				<string name="Material" value="Armored"/>
				<integer name="Right" value="10"/>
				<integer name="Top" value="10"/>
				<integer name="UnitName" value="0"/>
				<string name="UnitTyp" value="Turret"/>
			</object>
			<object name="Agano_AmmoStore">
				<integer name="Back" value="10"/>
				<integer name="Bottom" value="10"/>
				<integer name="Country" value="2"/>
				<float name="ExplProb" value="20."/>
				<float name="FireProb" value="20."/>
				<integer name="Front" value="10"/>
				<integer name="Left" value="10"/>
				<string name="Material" value="Armored"/>
				<integer name="Right" value="10"/>
				<integer name="Top" value="10"/>
				<integer name="UnitName" value="152"/>
				<string name="UnitTyp" value="Ship"/>
			</object> 
			<object name="Agano_Barbet">
				<integer name="Back" value="25"/>
				<integer name="Bottom" value="15"/>
				<integer name="Country" value="2"/>
				<float name="ExplProb" value="15."/>
				<float name="FireProb" value="20."/>
				<integer name="Front" value="25"/>
				<integer name="Left" value="25"/>
				<string name="Material" value="Armored"/>
				<integer name="Right" value="25"/>
				<integer name="Top" value="25"/>
				<integer name="UnitName" value="152"/>
				<string name="UnitTyp" value="Ship"/>
			</object>
			<object name="Agano_Bottom">
				<integer name="Back" value="25"/>
				<integer name="Bottom" value="20"/>
				<integer name="Country" value="2"/>
				<float name="ExplProb" value="0."/>
				<float name="FireProb" value="0."/>
				<integer name="Front" value="25"/>
				<integer name="Left" value="25"/>
				<string name="Material" value="Steel"/>
				<integer name="Right" value="25"/>
				<integer name="Top" value="25"/>
				<integer name="UnitName" value="152"/>
				<string name="UnitTyp" value="Ship"/>
			</object>
			<object name="Agano_Bow_AmmoStoreCover">
				<integer name="Back" value="50"/>
				<integer name="Bottom" value="50"/>
				<integer name="Country" value="2"/>
				<float name="ExplProb" value="0."/>
				<float name="FireProb" value="5."/>
				<integer name="Front" value="50"/>
				<integer name="Left" value="50"/>
				<string name="Material" value="Armored"/>
				<integer name="Right" value="50"/>
				<integer name="Top" value="50"/>
				<integer name="UnitName" value="152"/>
				<string name="UnitTyp" value="Ship"/>
			</object>
			<object name="Agano_LBelt">
				<integer name="Back" value="25"/>
				<integer name="Bottom" value="25"/>
				<integer name="Country" value="2"/>
				<float name="ExplProb" value="0."/>
				<float name="FireProb" value="5."/>
				<integer name="Front" value="25"/>
				<integer name="Left" value="57"/>
				<string name="Material" value="Armored"/>
				<integer name="Right" value="25"/>
				<integer name="Top" value="25"/>
				<integer name="UnitName" value="152"/>
				<string name="UnitTyp" value="Ship"/>
			</object>
			<object name="Agano_LBoard">
				<integer name="Back" value="25"/>
				<integer name="Bottom" value="25"/>
				<integer name="Country" value="2"/>
				<float name="ExplProb" value="0."/>
				<float name="FireProb" value="5."/>
				<integer name="Front" value="25"/>
				<integer name="Left" value="25"/>
				<string name="Material" value="Armored"/>
				<integer name="Right" value="25"/>
				<integer name="Top" value="25"/>
				<integer name="UnitName" value="152"/>
				<string name="UnitTyp" value="Ship"/>
			</object>
			<object name="Agano_LowerDeck">
				<integer name="Back" value="25"/>
				<integer name="Bottom" value="10"/>
				<integer name="Country" value="2"/>
				<float name="ExplProb" value="0."/>
				<float name="FireProb" value="5."/>
				<integer name="Front" value="25"/>
				<integer name="Left" value="25"/>
				<string name="Material" value="Armored"/>
				<integer name="Right" value="25"/>
				<integer name="Top" value="20"/>
				<integer name="UnitName" value="152"/>
				<string name="UnitTyp" value="Ship"/>
			</object>  		 
			<object name="Agano_MTurret">
				<integer name="Back" value="25"/>
				<integer name="Bottom" value="25"/>
				<integer name="Country" value="2"/>
				<float name="ExplProb" value="20."/>
				<float name="FireProb" value="30."/>
				<integer name="Front" value="25"/>
				<integer name="Left" value="25"/>
				<string name="Material" value="Armored"/>
				<integer name="Right" value="25"/>
				<integer name="Top" value="25"/>
				<integer name="UnitName" value="0"/>
				<string name="UnitTyp" value="Turret"/>
			</object>
			<object name="Agano_RBelt">
				<integer name="Back" value="25"/>
				<integer name="Bottom" value="25"/>
				<integer name="Country" value="2"/>
				<float name="ExplProb" value="0."/>
				<float name="FireProb" value="5."/>
				<integer name="Front" value="25"/>
				<integer name="Left" value="25"/>
				<string name="Material" value="Armored"/>
				<integer name="Right" value="57"/>
				<integer name="Top" value="25"/>
				<integer name="UnitName" value="152"/>
				<string name="UnitTyp" value="Ship"/>
			</object> 
			<object name="Agano_RBoard">
				<integer name="Back" value="25"/>
				<integer name="Bottom" value="25"/>
				<integer name="Country" value="2"/>
				<float name="ExplProb" value="0."/>
				<float name="FireProb" value="5."/>
				<integer name="Front" value="25"/>
				<integer name="Left" value="25"/>
				<string name="Material" value="Armored"/>
				<integer name="Right" value="25"/>
				<integer name="Top" value="25"/>
				<integer name="UnitName" value="152"/>
				<string name="UnitTyp" value="Ship"/>
			</object>
			<object name="Agano_Shakegeban">
				<integer name="Back" value="5"/>
				<integer name="Bottom" value="5"/>
				<integer name="Country" value="2"/>
				<float name="ExplProb" value="0."/>
				<float name="FireProb" value="5."/>
				<integer name="Front" value="10"/>
				<integer name="Left" value="10"/>
				<string name="Material" value="Steel"/>
				<integer name="Right" value="10"/>
				<integer name="Top" value="10"/>
				<integer name="UnitName" value="0"/>
				<string name="UnitTyp" value="Turret"/>
			</object>
			<object name="Agano_Stern_AmmoStoreCover">
				<integer name="Back" value="50"/>
				<integer name="Bottom" value="50"/>
				<integer name="Country" value="2"/>
				<float name="ExplProb" value="0."/>
				<float name="FireProb" value="5."/>
				<integer name="Front" value="50"/>
				<integer name="Left" value="50"/>
				<string name="Material" value="Armored"/>
				<integer name="Right" value="50"/>
				<integer name="Top" value="50"/>
				<integer name="UnitName" value="152"/>
				<string name="UnitTyp" value="Ship"/>
			</object>
			<object name="Agano_UpperDeck">
				<integer name="Back" value="25"/>
				<integer name="Bottom" value="25"/>
				<integer name="Country" value="2"/>
				<float name="ExplProb" value="0."/>
				<float name="FireProb" value="5."/>
				<integer name="Front" value="25"/>
				<integer name="Left" value="25"/>
				<string name="Material" value="Steel"/>
				<integer name="Right" value="25"/>
				<integer name="Top" value="20"/>
				<integer name="UnitName" value="152"/>
				<string name="UnitTyp" value="Ship"/>
			</object>  	 
		</object>
	</object>
</root>
