﻿<?xml version = "1.0" encoding = "UTF-8"?>
<root>
	<object name = "SteelMonstersParams">
		<object name="Ships">
			<object name="Zara">
				<float name="AccelRate" value="3.e-004"/>
				<string name="Airgroup" value="Scout_ShipWater_Battleship_Battalion_germany"/>
				<integer name="AirplanesCount" value="2"/>
				<string name="AmmoLoadingTemplate" value="Ammo 300"/>
				<boolean name="BoatsTransportationAbility" value="false"/>
				<integer name="CabinArmor" value="165"/>
				<boolean name="CanBeChanged" value="true"/>
				<boolean name="CanUseTorpedos" value="false"/>
				<string name="CatapultAirgroupDefaultUnit" value="Ar196"/>
				<integer name="Country" value="5"/>
				<integer name="Crew" value="841"/>
				<float name="CriticalCareen" value="37."/>
				<float name="CriticalDFT" value="2.2"/>
				<float name="CriticalDifferent" value="2.5"/>
				<float name="DTimeProd" value="100."/>
				<float name="DisplacementMax" value="14530."/>
				<float name="EPR" value="400."/>
				<float name="FireRisk" value="1467."/>
				<float name="Fuel" value="2400."/>
				<integer name="HullArmorSide" value="152"/>
				<integer name="HullArmorTop" value="130"/>
				<float name="HLShapeCoef" value="0.5"/>
				<float name="Iron" value="18500."/>
				<integer name="Length" value="182.8"/>
				<float name="MaxSpeed" value="32."/>
				<integer name="MinCrew" value="420"/>
				<float name="Money" value="22000."/>
				<float name="NTimeProd" value="250."/>
				<string name="Name" value="Zara"/>
				<boolean name="New" value="false"/>
				<integer name="Nuc_Dest_Prob" value="250"/>
				<integer name="Passengers" value="50"/>
				<boolean name="PlanesTransportationAbility" value="false"/>
				<float name="Range" value="18520."/>
				<integer name="Rank" value="2"/>
				<string name="SMU" value="Zara"/>
				<float name="Speed" value="16."/>
				<float name="StoreCapacity" value="700."/>
				<boolean name="Transportable" value="false"/>
				<float name="TurnRate" value="1.5e-003"/>
				<integer name="Type" value="2"/>
				<float name="Vitality" value="7000."/>
				<float name="VitalityAA" value="1000."/>
				<float name="Weight" value="11870."/>
				<integer name="Width" value="20"/>
				<integer name="Year" value="39"/>
			</object>
		</object>
		<object name="Hit_Location">
			<object name="Zara5835">
				<integer name="Country" value="5"/>
				<integer name="Crew" value="140"/>
				<float name="ER" value="350."/>
				<string name="Hull" value="Zara_UpperHull"/>
				<string name="Name" value="Bow_LSuperstructure1"/>
				<string name="TypHL" value="Crew"/>
				<string name="UnitName" value="Zara"/>
			</object>
			<object name="Zara5836">
				<integer name="Country" value="5"/>
				<float name="ER" value="350."/>
				<string name="Hull" value="Zara_BattleCabine"/>
				<string name="Name" value="BattleCabine"/>
				<string name="TypHL" value="Hull"/>
				<string name="UnitName" value="Zara"/>
			</object>
			<object name="Zara5837">
				<integer name="Country" value="5"/>
				<float name="ER" value="350."/>
				<string name="Hull" value="Std_Probe"/>
				<string name="Name" value="Radio"/>
				<string name="TypHL" value="Probe"/>
				<string name="UnitName" value="Zara"/>
			</object>
			<object name="Zara5838">
				<integer name="Country" value="5"/>
				<float name="ER" value="350."/>
				<string name="Hull" value="Std_Probe"/>
				<string name="Name" value="Radar"/>
				<string name="TypHL" value="Probe"/>
				<string name="UnitName" value="Zara"/>
			</object>
			<object name="Zara5839">
				<integer name="Country" value="5"/>
				<integer name="Crew" value="140"/>
				<float name="ER" value="350."/>
				<string name="Hull" value="Zara_UpperHull"/>
				<string name="Name" value="Bow_USuperstructure"/>
				<string name="TypHL" value="Crew"/>
				<string name="UnitName" value="Zara"/>
			</object>
			<object name="Zara5840">
				<integer name="Country" value="5"/>
				<integer name="Crew" value="140"/>
				<float name="ER" value="350."/>
				<string name="Hull" value="Zara_UpperHull"/>
				<string name="Name" value="Bow_MSupersturcture"/>
				<string name="TypHL" value="Crew"/>
				<string name="UnitName" value="Zara"/>
			</object>
			<object name="Zara5841">
				<integer name="Country" value="5"/>
				<integer name="Crew" value="140"/>
				<float name="ER" value="350."/>
				<string name="Hull" value="Zara_UpperHull"/>
				<string name="Name" value="Bow_LSuperstructure2"/>
				<string name="TypHL" value="Crew"/>
				<string name="UnitName" value="Zara"/>
			</object>
			<object name="Zara5842">
				<integer name="Country" value="5"/>
				<integer name="Crew" value="140"/>
				<float name="ER" value="350."/>
				<string name="Hull" value="Zara_UpperHull"/>
				<string name="Name" value="Bow_LSuperstructure3"/>
				<string name="TypHL" value="Crew"/>
				<string name="UnitName" value="Zara"/>
			</object>
			<object name="Zara5843">
				<integer name="Country" value="5"/>
				<float name="ER" value="350."/>
				<string name="Hull" value="Zara_Barbet"/>
				<string name="Name" value="Barbet2"/>
				<string name="TypHL" value="AmmoStore"/>
				<string name="UnitName" value="Zara"/>
			</object>
			<object name="Zara5844">
				<integer name="Country" value="5"/>
				<float name="ER" value="350."/>
				<string name="Hull" value="Zara_Barbet"/>
				<string name="Name" value="Barbet3"/>
				<string name="TypHL" value="AmmoStore"/>
				<string name="UnitName" value="Zara"/>
			</object>
			<object name="Zara5845">
				<string name="ConnectName" value="LEngine"/>
				<integer name="Country" value="5"/>
				<float name="ER" value="350."/>
				<string name="Hull" value="Std_Mover"/>
				<string name="Name" value="Mover1"/>
				<string name="TypHL" value="Mover"/>
				<string name="UnitName" value="Zara"/>
			</object>
			<object name="Zara5846">
				<string name="ConnectName" value="REngine"/>
				<integer name="Country" value="5"/>
				<float name="ER" value="350."/>
				<string name="Hull" value="Std_Mover"/>
				<string name="Name" value="Mover2"/>
				<string name="TypHL" value="Mover"/>
				<string name="UnitName" value="Zara"/>
			</object>
			<object name="Zara5847">
				<string name="ConnectName" value="Tiller;"/>
				<integer name="Country" value="5"/>
				<float name="ER" value="350."/>
				<string name="Hull" value="Std_Rudder"/>
				<string name="Name" value="Rudder"/>
				<string name="TypHL" value="Rudder"/>
				<string name="UnitName" value="Zara"/>
			</object>
			<object name="Zara5848">
				<integer name="Country" value="5"/>
				<float name="ER" value="350."/>
				<string name="Hull" value="Zara_Barbet"/>
				<string name="Name" value="Barbet1"/>
				<string name="TypHL" value="AmmoStore"/>
				<string name="UnitName" value="Zara"/>
			</object>
			<object name="Zara5849">
				<integer name="Country" value="5"/>
				<float name="ER" value="350."/>
				<string name="Hull" value="Zara_ABDeck"/>
				<string name="Name" value="Bow2_LowerDeck"/>
				<string name="TypHL" value="Hull"/>
				<string name="UnitName" value="Zara"/>
			</object>
			<object name="Zara5850">
				<integer name="Country" value="5"/>
				<float name="ER" value="350."/>
				<string name="Hull" value="Zara_AS_T1"/>
				<string name="Name" value="AmmoStore1_1"/>
				<string name="TypHL" value="AmmoStore"/>
				<string name="UnitName" value="Zara"/>
			</object>
			<object name="Zara5851">
				<integer name="Country" value="5"/>
				<float name="ER" value="350."/>
				<string name="Hull" value="Std_Probe"/>
				<string name="Name" value="Sonar"/>
				<string name="TypHL" value="Probe"/>
				<string name="UnitName" value="Zara"/>
			</object>
			<object name="Zara5852">
				<integer name="Country" value="5"/>
				<float name="ER" value="350."/>
				<string name="Hull" value="Zara_AS_T1"/>
				<string name="Name" value="AmmoStore2_1"/>
				<string name="TypHL" value="AmmoStore"/>
				<string name="UnitName" value="Zara"/>
			</object>
			<object name="Zara5853">
				<integer name="Country" value="5"/>
				<float name="ER" value="350."/>
				<string name="Hull" value="Zara_AS_T2"/>
				<string name="Name" value="AmmoStore12_2"/>
				<string name="TypHL" value="AmmoStore"/>
				<string name="UnitName" value="Zara"/>
			</object>
			<object name="Zara5854">
				<integer name="Country" value="5"/>
				<float name="ER" value="350."/>
				<string name="Hull" value="Std_Probe"/>
				<string name="Name" value="Probe_MG"/>
				<string name="TypHL" value="Probe"/>
				<string name="UnitName" value="Zara"/>
			</object>
			<object name="Zara5855">
				<integer name="Country" value="5"/>
				<float name="ER" value="350."/>
				<string name="Hull" value="Zara_Bottom"/>
				<string name="Name" value="Bow2_Bottom"/>
				<string name="TypHL" value="Hull"/>
				<string name="UnitName" value="Zara"/>
			</object>
			<object name="Zara5856">
				<integer name="Country" value="5"/>
				<float name="ER" value="350."/>
				<string name="Hull" value="Zara_UpperHull"/>
				<string name="Name" value="Bow2_UpperDeck"/>
				<string name="TypHL" value="Hull"/>
				<string name="UnitName" value="Zara"/>
			</object>
			<object name="Zara5857">
				<integer name="Country" value="5"/>
				<float name="ER" value="350."/>
				<string name="Hull" value="Zara_LAMP"/>
				<string name="Name" value="Bow2_LAMP"/>
				<string name="TypHL" value="Hull"/>
				<string name="UnitName" value="Zara"/>
			</object>
			<object name="Zara5858">
				<integer name="Country" value="5"/>
				<float name="ER" value="350."/>
				<string name="Hull" value="Zara_RAMP"/>
				<string name="Name" value="Bow2_RAMP"/>
				<string name="TypHL" value="Hull"/>
				<string name="UnitName" value="Zara"/>
			</object>
			<object name="Zara5859">
				<integer name="Country" value="5"/>
				<float name="ER" value="350."/>
				<string name="Hull" value="Zara_LBBelt"/>
				<string name="Name" value="Bow2_LBelt"/>
				<string name="TypHL" value="Hull"/>
				<string name="UnitName" value="Zara"/>
			</object>
			<object name="Zara5860">
				<integer name="Country" value="5"/>
				<float name="ER" value="350."/>
				<string name="Hull" value="Zara_RBBelt"/>
				<string name="Name" value="Bow2_RBelt"/>
				<string name="TypHL" value="Hull"/>
				<string name="UnitName" value="Zara"/>
			</object>
			<object name="Zara5861">
				<integer name="Country" value="5"/>
				<float name="ER" value="350."/>
				<string name="Hull" value="Zara_UpperHull"/>
				<string name="Name" value="Middle1_UpperDeck"/>
				<string name="TypHL" value="Hull"/>
				<string name="UnitName" value="Zara"/>
			</object>
			<object name="Zara5862">
				<integer name="Country" value="5"/>
				<float name="ER" value="350."/>
				<string name="Hull" value="Zara_Bottom"/>
				<string name="Name" value="Middle1_Bottom"/>
				<string name="TypHL" value="FuelTank"/>
				<string name="UnitName" value="Zara"/>
			</object>
			<object name="Zara5863">
				<integer name="Country" value="5"/>
				<float name="ER" value="350."/>
				<string name="Hull" value="Zara_ADeck"/>
				<string name="Name" value="Middle1_LowerDeck"/>
				<string name="TypHL" value="Hull"/>
				<string name="UnitName" value="Zara"/>
			</object>
			<object name="Zara5864">
				<integer name="Country" value="5"/>
				<float name="ER" value="350."/>
				<string name="Hull" value="Std_Boiler"/>
				<string name="Name" value="Boiler1"/>
				<string name="TypHL" value="Boiler"/>
				<string name="UnitName" value="Zara"/>
			</object>
			<object name="Zara5865">
				<integer name="Country" value="5"/>
				<float name="ER" value="350."/>
				<string name="Hull" value="Zara_RAMP"/>
				<string name="Name" value="Middle1_RAMP"/>
				<string name="TypHL" value="Hull"/>
				<string name="UnitName" value="Zara"/>
			</object>
			<object name="Zara5866">
				<integer name="Country" value="5"/>
				<float name="ER" value="350."/>
				<string name="Hull" value="Zara_LAMP"/>
				<string name="Name" value="Middle1_LAMP"/>
				<string name="TypHL" value="Hull"/>
				<string name="UnitName" value="Zara"/>
			</object>
			<object name="Zara5867">
				<integer name="Country" value="5"/>
				<float name="ER" value="350."/>
				<string name="Hull" value="Zara_RBelt"/>
				<string name="Name" value="Middle1_RBelt"/>
				<string name="TypHL" value="Hull"/>
				<string name="UnitName" value="Zara"/>
			</object>
			<object name="Zara5868">
				<integer name="Country" value="5"/>
				<float name="ER" value="350."/>
				<string name="Hull" value="Zara_LBelt"/>
				<string name="Name" value="Middle1_LBelt"/>
				<string name="TypHL" value="Hull"/>
				<string name="UnitName" value="Zara"/>
			</object>
			<object name="Zara5869">
				<integer name="Country" value="5"/>
				<float name="ER" value="350."/>
				<string name="Hull" value="Zara_Bottom"/>
				<string name="Name" value="Middle2_Bottom"/>
				<string name="TypHL" value="FuelTank"/>
				<string name="UnitName" value="Zara"/>
			</object>
			<object name="Zara5870">
				<integer name="Country" value="5"/>
				<float name="ER" value="350."/>
				<string name="Hull" value="Zara_UpperHull"/>
				<string name="Name" value="Middle2_UpperDeck"/>
				<string name="TypHL" value="Hull"/>
				<string name="UnitName" value="Zara"/>
			</object>
			<object name="Zara5871">
				<integer name="Country" value="5"/>
				<float name="ER" value="350."/>
				<string name="Hull" value="Zara_ADeck"/>
				<string name="Name" value="Middle2_LowerDeck"/>
				<string name="TypHL" value="Hull"/>
				<string name="UnitName" value="Zara"/>
			</object>
			<object name="Zara5872">
				<integer name="Country" value="5"/>
				<float name="ER" value="350."/>
				<string name="Hull" value="Std_Boiler"/>
				<string name="Name" value="Boiler2"/>
				<string name="TypHL" value="Boiler"/>
				<string name="UnitName" value="Zara"/>
			</object>
			<object name="Zara5873">
				<integer name="Country" value="5"/>
				<float name="ER" value="350."/>
				<string name="Hull" value="Zara_RAMP"/>
				<string name="Name" value="Middle2_RAMP"/>
				<string name="TypHL" value="Hull"/>
				<string name="UnitName" value="Zara"/>
			</object>
			<object name="Zara5874">
				<integer name="Country" value="5"/>
				<float name="ER" value="350."/>
				<string name="Hull" value="Zara_LAMP"/>
				<string name="Name" value="Middle2_LAMP"/>
				<string name="TypHL" value="Hull"/>
				<string name="UnitName" value="Zara"/>
			</object>
			<object name="Zara5875">
				<integer name="Country" value="5"/>
				<float name="ER" value="350."/>
				<string name="Hull" value="Zara_RBelt"/>
				<string name="Name" value="Middle2_RBelt"/>
				<string name="TypHL" value="Hull"/>
				<string name="UnitName" value="Zara"/>
			</object>
			<object name="Zara5876">
				<integer name="Country" value="5"/>
				<float name="ER" value="350."/>
				<string name="Hull" value="Zara_LBelt"/>
				<string name="Name" value="Middle2_LBelt"/>
				<string name="TypHL" value="Hull"/>
				<string name="UnitName" value="Zara"/>
			</object>
			<object name="Zara5877">
				<integer name="Country" value="5"/>
				<float name="ER" value="350."/>
				<string name="Hull" value="Zara_UpperHull"/>
				<string name="Name" value="Middle3_UpperDeck"/>
				<string name="TypHL" value="Hull"/>
				<string name="UnitName" value="Zara"/>
			</object>
			<object name="Zara5878">
				<integer name="Country" value="5"/>
				<float name="ER" value="350."/>
				<string name="Hull" value="Zara_Bottom"/>
				<string name="Name" value="Middle3_Bottom"/>
				<string name="TypHL" value="FuelTank"/>
				<string name="UnitName" value="Zara"/>
			</object>
			<object name="Zara5879">
				<integer name="Country" value="5"/>
				<float name="ER" value="350."/>
				<string name="Hull" value="Zara_ADeck"/>
				<string name="Name" value="Middle3_LowerDeck"/>
				<string name="TypHL" value="Hull"/>
				<string name="UnitName" value="Zara"/>
			</object>
			<object name="Zara5880">
				<integer name="Country" value="5"/>
				<float name="ER" value="350."/>
				<string name="Hull" value="Std_Boiler"/>
				<string name="Name" value="Boiler3"/>
				<string name="TypHL" value="Boiler"/>
				<string name="UnitName" value="Zara"/>
			</object>
			<object name="Zara5881">
				<integer name="Country" value="5"/>
				<float name="ER" value="350."/>
				<string name="Hull" value="Zara_RAMP"/>
				<string name="Name" value="Middle3_RAMP"/>
				<string name="TypHL" value="Hull"/>
				<string name="UnitName" value="Zara"/>
			</object>
			<object name="Zara5882">
				<integer name="Country" value="5"/>
				<float name="ER" value="350."/>
				<string name="Hull" value="Zara_LAMP"/>
				<string name="Name" value="Middle3_LAMP"/>
				<string name="TypHL" value="Hull"/>
				<string name="UnitName" value="Zara"/>
			</object>
			<object name="Zara5883">
				<integer name="Country" value="5"/>
				<float name="ER" value="350."/>
				<string name="Hull" value="Zara_RBelt"/>
				<string name="Name" value="Middle3_RBelt"/>
				<string name="TypHL" value="Hull"/>
				<string name="UnitName" value="Zara"/>
			</object>
			<object name="Zara5884">
				<integer name="Country" value="5"/>
				<float name="ER" value="350."/>
				<string name="Hull" value="Zara_LBelt"/>
				<string name="Name" value="Middle3_LBelt"/>
				<string name="TypHL" value="Hull"/>
				<string name="UnitName" value="Zara"/>
			</object>
			<object name="Zara5885">
				<integer name="Country" value="5"/>
				<float name="ER" value="350."/>
				<string name="Hull" value="Zara_UpperHull"/>
				<string name="Name" value="Middle5_UpperDeck"/>
				<string name="TypHL" value="Hull"/>
				<string name="UnitName" value="Zara"/>
			</object>
			<object name="Zara5886">
				<integer name="Country" value="5"/>
				<float name="ER" value="350."/>
				<string name="Hull" value="Zara_ABDeck"/>
				<string name="Name" value="Middle5_LowerDeck"/>
				<string name="TypHL" value="Hull"/>
				<string name="UnitName" value="Zara"/>
			</object>
			<object name="Zara5887">
				<integer name="Country" value="5"/>
				<float name="ER" value="350."/>
				<string name="Hull" value="Std_Boiler"/>
				<string name="Name" value="Boiler4"/>
				<string name="TypHL" value="Boiler"/>
				<string name="UnitName" value="Zara"/>
			</object>
			<object name="Zara5888">
				<integer name="Country" value="5"/>
				<float name="ER" value="350."/>
				<string name="Hull" value="Zara_Bottom"/>
				<string name="Name" value="Middle5_Bottom"/>
				<string name="TypHL" value="FuelTank"/>
				<string name="UnitName" value="Zara"/>
			</object>
			<object name="Zara5889">
				<integer name="Country" value="5"/>
				<float name="ER" value="350."/>
				<string name="Hull" value="Zara_RAMP"/>
				<string name="Name" value="Middle5_RAMP"/>
				<string name="TypHL" value="Hull"/>
				<string name="UnitName" value="Zara"/>
			</object>
			<object name="Zara5890">
				<integer name="Country" value="5"/>
				<float name="ER" value="350."/>
				<string name="Hull" value="Zara_LAMP"/>
				<string name="Name" value="Middle5_LAMP"/>
				<string name="TypHL" value="Hull"/>
				<string name="UnitName" value="Zara"/>
			</object>
			<object name="Zara5891">
				<integer name="Country" value="5"/>
				<float name="ER" value="350."/>
				<string name="Hull" value="Zara_RBelt"/>
				<string name="Name" value="Middle5_RBelt"/>
				<string name="TypHL" value="Hull"/>
				<string name="UnitName" value="Zara"/>
			</object>
			<object name="Zara5892">
				<integer name="Country" value="5"/>
				<float name="ER" value="350."/>
				<string name="Hull" value="Zara_LBelt"/>
				<string name="Name" value="Middle5_LBelt"/>
				<string name="TypHL" value="Hull"/>
				<string name="UnitName" value="Zara"/>
			</object>
			<object name="Zara5893">
				<integer name="Country" value="5"/>
				<float name="ER" value="350."/>
				<string name="Hull" value="Zara_Bottom"/>
				<string name="Name" value="Middle6_Bottom"/>
				<string name="TypHL" value="FuelTank"/>
				<string name="UnitName" value="Zara"/>
			</object>
			<object name="Zara5894">
				<integer name="Country" value="5"/>
				<float name="ER" value="350."/>
				<string name="Hull" value="Zara_UpperHull"/>
				<string name="Name" value="Middle6_UpperDeck"/>
				<string name="TypHL" value="Hull"/>
				<string name="UnitName" value="Zara"/>
			</object>
			<object name="Zara5895">
				<integer name="Country" value="5"/>
				<float name="ER" value="350."/>
				<string name="Hull" value="Zara_ADeck"/>
				<string name="Name" value="Middle6_LowerDeck"/>
				<string name="TypHL" value="Hull"/>
				<string name="UnitName" value="Zara"/>
			</object>
			<object name="Zara5896">
				<integer name="Country" value="5"/>
				<float name="ER" value="350."/>
				<string name="Hull" value="Std_Boiler"/>
				<string name="Name" value="Boiler5"/>
				<string name="TypHL" value="Boiler"/>
				<string name="UnitName" value="Zara"/>
			</object>
			<object name="Zara5897">
				<integer name="Country" value="5"/>
				<float name="ER" value="350."/>
				<string name="Hull" value="Zara_RAMP"/>
				<string name="Name" value="Middle6_RAMP"/>
				<string name="TypHL" value="Hull"/>
				<string name="UnitName" value="Zara"/>
			</object>
			<object name="Zara5898">
				<integer name="Country" value="5"/>
				<float name="ER" value="350."/>
				<string name="Hull" value="Zara_LAMP"/>
				<string name="Name" value="Middle6_LAMP"/>
				<string name="TypHL" value="Hull"/>
				<string name="UnitName" value="Zara"/>
			</object>
			<object name="Zara5899">
				<integer name="Country" value="5"/>
				<float name="ER" value="350."/>
				<string name="Hull" value="Zara_RBelt"/>
				<string name="Name" value="Middle6_RBelt"/>
				<string name="TypHL" value="Hull"/>
				<string name="UnitName" value="Zara"/>
			</object>
			<object name="Zara5900">
				<integer name="Country" value="5"/>
				<float name="ER" value="350."/>
				<string name="Hull" value="Zara_LBelt"/>
				<string name="Name" value="Middle6_LBelt"/>
				<string name="TypHL" value="Hull"/>
				<string name="UnitName" value="Zara"/>
			</object>
			<object name="Zara5901">
				<integer name="Country" value="5"/>
				<float name="ER" value="350."/>
				<string name="Hull" value="Zara_ADeck"/>
				<string name="Name" value="Middle7_LowerDeck"/>
				<string name="TypHL" value="Hull"/>
				<string name="UnitName" value="Zara"/>
			</object>
			<object name="Zara5902">
				<integer name="Country" value="5"/>
				<float name="ER" value="350."/>
				<string name="Hull" value="Std_Boiler"/>
				<string name="Name" value="Boiler6"/>
				<string name="TypHL" value="Boiler"/>
				<string name="UnitName" value="Zara"/>
			</object>
			<object name="Zara5903">
				<integer name="Country" value="5"/>
				<float name="ER" value="350."/>
				<string name="Hull" value="Zara_Bottom"/>
				<string name="Name" value="Middle7_Bottom"/>
				<string name="TypHL" value="FuelTank"/>
				<string name="UnitName" value="Zara"/>
			</object>
			<object name="Zara5904">
				<integer name="Country" value="5"/>
				<float name="ER" value="350."/>
				<string name="Hull" value="Zara_RAMP"/>
				<string name="Name" value="Middle7_RAMP"/>
				<string name="TypHL" value="Hull"/>
				<string name="UnitName" value="Zara"/>
			</object>
			<object name="Zara5905">
				<integer name="Country" value="5"/>
				<float name="ER" value="350."/>
				<string name="Hull" value="Zara_LAMP"/>
				<string name="Name" value="Middle7_LAMP"/>
				<string name="TypHL" value="Hull"/>
				<string name="UnitName" value="Zara"/>
			</object>
			<object name="Zara5906">
				<integer name="Country" value="5"/>
				<float name="ER" value="350."/>
				<string name="Hull" value="Zara_RBelt"/>
				<string name="Name" value="Middle7_RBelt"/>
				<string name="TypHL" value="Hull"/>
				<string name="UnitName" value="Zara"/>
			</object>
			<object name="Zara5907">
				<integer name="Country" value="5"/>
				<float name="ER" value="350."/>
				<string name="Hull" value="Zara_LBelt"/>
				<string name="Name" value="Middle7_LBelt"/>
				<string name="TypHL" value="Hull"/>
				<string name="UnitName" value="Zara"/>
			</object>
			<object name="Zara5908">
				<integer name="Country" value="5"/>
				<float name="ER" value="350."/>
				<string name="Hull" value="Zara_UpperHull"/>
				<string name="Name" value="Middle7_UpperDeck"/>
				<string name="TypHL" value="Hull"/>
				<string name="UnitName" value="Zara"/>
			</object>
			<object name="Zara5909">
				<integer name="Country" value="5"/>
				<float name="ER" value="350."/>
				<string name="Hull" value="Zara_Bottom"/>
				<string name="Name" value="Middle4_Bottom"/>
				<string name="TypHL" value="FuelTank"/>
				<string name="UnitName" value="Zara"/>
			</object>
			<object name="Zara5910">
				<integer name="Country" value="5"/>
				<float name="ER" value="350."/>
				<string name="Hull" value="Zara_UpperHull"/>
				<string name="Name" value="Middle4_UpperDeck"/>
				<string name="TypHL" value="Hull"/>
				<string name="UnitName" value="Zara"/>
			</object>
			<object name="Zara5911">
				<integer name="Country" value="5"/>
				<float name="ER" value="350."/>
				<string name="Hull" value="Zara_ADeck"/>
				<string name="Name" value="Middle4_LowerDeck"/>
				<string name="TypHL" value="Hull"/>
				<string name="UnitName" value="Zara"/>
			</object>
			<object name="Zara5912">
				<string name="ConnectName" value="Boiler1;Boiler2;Boiler3;"/>
				<integer name="Country" value="5"/>
				<float name="ER" value="350."/>
				<string name="Hull" value="Std_Engine"/>
				<string name="Name" value="REngine"/>
				<string name="TypHL" value="Engine"/>
				<string name="UnitName" value="Zara"/>
			</object>
			<object name="Zara5913">
				<integer name="Country" value="5"/>
				<float name="ER" value="350."/>
				<string name="Hull" value="Zara_RAMP"/>
				<string name="Name" value="Middle4_RAMP"/>
				<string name="TypHL" value="Hull"/>
				<string name="UnitName" value="Zara"/>
			</object>
			<object name="Zara5914">
				<integer name="Country" value="5"/>
				<float name="ER" value="350."/>
				<string name="Hull" value="Zara_LAMP"/>
				<string name="Name" value="Middle4_LAMP"/>
				<string name="TypHL" value="Hull"/>
				<string name="UnitName" value="Zara"/>
			</object>
			<object name="Zara5915">
				<integer name="Country" value="5"/>
				<float name="ER" value="350."/>
				<string name="Hull" value="Zara_RBelt"/>
				<string name="Name" value="Middle4_RBelt"/>
				<string name="TypHL" value="Hull"/>
				<string name="UnitName" value="Zara"/>
			</object>
			<object name="Zara5916">
				<integer name="Country" value="5"/>
				<float name="ER" value="350."/>
				<string name="Hull" value="Zara_LBelt"/>
				<string name="Name" value="Middle4_LBelt"/>
				<string name="TypHL" value="Hull"/>
				<string name="UnitName" value="Zara"/>
			</object>
			<object name="Zara5917">
				<integer name="Country" value="5"/>
				<float name="ER" value="350."/>
				<string name="Hull" value="Zara_Bottom"/>
				<string name="Name" value="Middle8_Bottom"/>
				<string name="TypHL" value="FuelTank"/>
				<string name="UnitName" value="Zara"/>
			</object>
			<object name="Zara5918">
				<integer name="Country" value="5"/>
				<float name="ER" value="350."/>
				<string name="Hull" value="Zara_UpperHull"/>
				<string name="Name" value="Middle8_UpperDeck"/>
				<string name="TypHL" value="Hull"/>
				<string name="UnitName" value="Zara"/>
			</object>
			<object name="Zara5919">
				<integer name="Country" value="5"/>
				<float name="ER" value="350."/>
				<string name="Hull" value="Zara_ADeck"/>
				<string name="Name" value="Middle8_LowerDeck"/>
				<string name="TypHL" value="Hull"/>
				<string name="UnitName" value="Zara"/>
			</object>
			<object name="Zara5920">
				<string name="ConnectName" value="Boiler4;Boiler5;Boiler6;"/>
				<integer name="Country" value="5"/>
				<float name="ER" value="350."/>
				<string name="Hull" value="Std_Engine"/>
				<string name="Name" value="LEngine"/>
				<string name="TypHL" value="Engine"/>
				<string name="UnitName" value="Zara"/>
			</object>
			<object name="Zara5921">
				<integer name="Country" value="5"/>
				<float name="ER" value="350."/>
				<string name="Hull" value="Zara_RAMP"/>
				<string name="Name" value="Middle8_RAMP"/>
				<string name="TypHL" value="Hull"/>
				<string name="UnitName" value="Zara"/>
			</object>
			<object name="Zara5922">
				<integer name="Country" value="5"/>
				<float name="ER" value="350."/>
				<string name="Hull" value="Zara_LAMP"/>
				<string name="Name" value="Middle8_LAMP"/>
				<string name="TypHL" value="Hull"/>
				<string name="UnitName" value="Zara"/>
			</object>
			<object name="Zara5923">
				<integer name="Country" value="5"/>
				<float name="ER" value="350."/>
				<string name="Hull" value="Zara_RBelt"/>
				<string name="Name" value="Middle8_RBelt"/>
				<string name="TypHL" value="Hull"/>
				<string name="UnitName" value="Zara"/>
			</object>
			<object name="Zara5924">
				<integer name="Country" value="5"/>
				<float name="ER" value="350."/>
				<string name="Hull" value="Zara_LBelt"/>
				<string name="Name" value="Middle8_LBelt"/>
				<string name="TypHL" value="Hull"/>
				<string name="UnitName" value="Zara"/>
			</object>
			<object name="Zara5925">
				<integer name="Country" value="5"/>
				<float name="ER" value="350."/>
				<string name="Hull" value="Zara_UpperHull"/>
				<string name="Name" value="Stern1_UpperDeck"/>
				<string name="TypHL" value="Hull"/>
				<string name="UnitName" value="Zara"/>
			</object>
			<object name="Zara5926">
				<integer name="Country" value="5"/>
				<float name="ER" value="350."/>
				<string name="Hull" value="Zara_ASDeck"/>
				<string name="Name" value="Stern1_LowerDeck"/>
				<string name="TypHL" value="Hull"/>
				<string name="UnitName" value="Zara"/>
			</object>
			<object name="Zara5927">
				<integer name="Country" value="5"/>
				<float name="ER" value="350."/>
				<string name="Hull" value="Zara_AS_T2"/>
				<string name="Name" value="AmmoStore3_2"/>
				<string name="TypHL" value="AmmoStore"/>
				<string name="UnitName" value="Zara"/>
			</object>
			<object name="Zara5928">
				<integer name="Country" value="5"/>
				<float name="ER" value="350."/>
				<string name="Hull" value="Zara_AS_T1"/>
				<string name="Name" value="AmmoStore3_1"/>
				<string name="TypHL" value="AmmoStore"/>
				<string name="UnitName" value="Zara"/>
			</object>
			<object name="Zara5929">
				<integer name="Country" value="5"/>
				<float name="ER" value="350."/>
				<string name="Hull" value="Zara_RAMP"/>
				<string name="Name" value="Stern1_RAMP"/>
				<string name="TypHL" value="Hull"/>
				<string name="UnitName" value="Zara"/>
			</object>
			<object name="Zara5930">
				<integer name="Country" value="5"/>
				<float name="ER" value="350."/>
				<string name="Hull" value="Zara_LAMP"/>
				<string name="Name" value="Stern1_LAMP"/>
				<string name="TypHL" value="Hull"/>
				<string name="UnitName" value="Zara"/>
			</object>
			<object name="Zara5931">
				<integer name="Country" value="5"/>
				<float name="ER" value="350."/>
				<string name="Hull" value="Zara_RSBelt"/>
				<string name="Name" value="Stern1_RBelt"/>
				<string name="TypHL" value="Hull"/>
				<string name="UnitName" value="Zara"/>
			</object>
			<object name="Zara5932">
				<integer name="Country" value="5"/>
				<float name="ER" value="350."/>
				<string name="Hull" value="Zara_LSBelt"/>
				<string name="Name" value="Stern1_LBelt"/>
				<string name="TypHL" value="Hull"/>
				<string name="UnitName" value="Zara"/>
			</object>
			<object name="Zara5933">
				<integer name="Country" value="5"/>
				<float name="ER" value="350."/>
				<string name="Hull" value="Zara_Bottom"/>
				<string name="Name" value="Bow1_Bottom"/>
				<string name="TypHL" value="Hull"/>
				<string name="UnitName" value="Zara"/>
			</object>
			<object name="Zara5934">
				<integer name="Country" value="5"/>
				<float name="ER" value="350."/>
				<string name="Hull" value="Zara_ADeck"/>
				<string name="Name" value="Bow1_LowerDeck"/>
				<string name="TypHL" value="Hull"/>
				<string name="UnitName" value="Zara"/>
			</object>
			<object name="Zara5935">
				<integer name="Country" value="5"/>
				<float name="ER" value="350."/>
				<string name="Hull" value="Zara_UpperHull"/>
				<string name="Name" value="Bow1_UpperDeck"/>
				<string name="TypHL" value="Hull"/>
				<string name="UnitName" value="Zara"/>
			</object>
			<object name="Zara5936">
				<integer name="Country" value="5"/>
				<float name="ER" value="350."/>
				<string name="Hull" value="Zara_UpperHull"/>
				<string name="Name" value="Stern2_UpperDeck"/>
				<string name="TypHL" value="Hull"/>
				<string name="UnitName" value="Zara"/>
			</object>
			<object name="Zara5937">
				<integer name="Country" value="5"/>
				<float name="ER" value="350."/>
				<string name="Hull" value="Zara_Bottom"/>
				<string name="Name" value="Stern2_LowerDeck"/>
				<string name="TypHL" value="Hull"/>
				<string name="UnitName" value="Zara"/>
			</object>
			<object name="Zara5938">
				<integer name="Country" value="5"/>
				<float name="ER" value="350."/>
				<string name="Hull" value="Zara_Tiller"/>
				<string name="Name" value="Tiller"/>
				<string name="TypHL" value="Hull"/>
				<string name="UnitName" value="Zara"/>
			</object>
			<object name="Zara5939">
				<integer name="Country" value="5"/>
				<float name="ER" value="350."/>
				<string name="Hull" value="Zara_SmokeStack"/>
				<string name="Name" value="SmokeStack_Bow"/>
				<string name="TypHL" value="Hull"/>
				<string name="UnitName" value="Zara"/>
			</object>
			<object name="Zara5940">
				<integer name="Country" value="5"/>
				<float name="ER" value="350."/>
				<string name="Hull" value="Zara_UpperHull"/>
				<string name="Name" value="ConingBridge"/>
				<string name="TypHL" value="Hull"/>
				<string name="UnitName" value="Zara"/>
			</object>
			<object name="Zara5941">
				<integer name="Country" value="5"/>
				<float name="ER" value="350."/>
				<string name="Hull" value="Zara_SmokeStack"/>
				<string name="Name" value="SmokeStack_Stern"/>
				<string name="TypHL" value="Hull"/>
				<string name="UnitName" value="Zara"/>
			</object>
			<object name="Zara5942">
				<integer name="Country" value="5"/>
				<integer name="Crew" value="140"/>
				<float name="ER" value="350."/>
				<string name="Hull" value="Zara_UpperHull"/>
				<string name="Name" value="Stern_Superstructure1"/>
				<string name="TypHL" value="Crew"/>
				<string name="UnitName" value="Zara"/>
			</object>
			<object name="Zara5943">
				<integer name="Country" value="5"/>
				<integer name="Crew" value="140"/>
				<float name="ER" value="350."/>
				<string name="Hull" value="Zara_UpperHull"/>
				<string name="Name" value="Middle_Superstructure"/>
				<string name="TypHL" value="Crew"/>
				<string name="UnitName" value="Zara"/>
			</object>
			<object name="Zara5944">
				<integer name="Country" value="5"/>
				<integer name="Crew" value="140"/>
				<float name="ER" value="350."/>
				<string name="Hull" value="Zara_UpperHull"/>
				<string name="Name" value="Stern_Superstructure2"/>
				<string name="TypHL" value="Crew"/>
				<string name="UnitName" value="Zara"/>
			</object>
		</object>
		<object name="Hulls">	  
			<object name="Zara_UpperHull">
				<integer name="Back" value="30"/>
				<integer name="Bottom" value="30"/>
				<integer name="Country" value="5"/>
				<float name="ExplProb" value="0."/>
				<float name="FireProb" value="10."/>
				<integer name="Front" value="30"/>
				<integer name="Left" value="30"/>
				<string name="Material" value="Armored"/>
				<integer name="Right" value="30"/>
				<integer name="Top" value="30"/>
				<integer name="UnitName" value="0"/>
				<string name="UnitTyp" value="Ship"/>
			</object>
			<object name="Zara_BattleCabine">
				<integer name="Back" value="150"/>
				<integer name="Bottom" value="10"/>
				<integer name="Country" value="5"/>
				<float name="ExplProb" value="0."/>
				<float name="FireProb" value="0."/>
				<integer name="Front" value="150"/>
				<integer name="Left" value="150"/>
				<string name="Material" value="Armored"/>
				<integer name="Right" value="150"/>
				<integer name="Top" value="70"/>
				<integer name="UnitName" value="0"/>
				<string name="UnitTyp" value="Ship"/>
			</object>
			<object name="Zara_ABDeck">
				<integer name="Back" value="10"/>
				<integer name="Bottom" value="20"/>
				<integer name="Country" value="5"/>
				<float name="ExplProb" value="0."/>
				<float name="FireProb" value="0."/>
				<integer name="Front" value="10"/>
				<integer name="Left" value="10"/>
				<string name="Material" value="Armored"/>
				<integer name="Right" value="10"/>
				<integer name="Top" value="70"/>
				<integer name="UnitName" value="0"/>
				<string name="UnitTyp" value="Ship"/>
			</object>
			<object name="Zara_ADeck">
				<integer name="Back" value="10"/>
				<integer name="Bottom" value="20"/>
				<integer name="Country" value="5"/>
				<float name="ExplProb" value="0."/>
				<float name="FireProb" value="0."/>
				<integer name="Front" value="10"/>
				<integer name="Left" value="10"/>
				<string name="Material" value="Armored"/>
				<integer name="Right" value="10"/>
				<integer name="Top" value="70"/>
				<integer name="UnitName" value="0"/>
				<string name="UnitTyp" value="Ship"/>
			</object>
			<object name="Zara_ASDeck">
				<integer name="Back" value="10"/>
				<integer name="Bottom" value="20"/>
				<integer name="Country" value="5"/>
				<float name="ExplProb" value="0."/>
				<float name="FireProb" value="0."/>
				<integer name="Front" value="10"/>
				<integer name="Left" value="10"/>
				<string name="Material" value="Armored"/>
				<integer name="Right" value="10"/>
				<integer name="Top" value="70"/>
				<integer name="UnitName" value="0"/>
				<string name="UnitTyp" value="Ship"/>
			</object>
			<object name="Zara_Barbet">
				<integer name="Back" value="150"/>
				<integer name="Bottom" value="10"/>
				<integer name="Country" value="5"/>
				<float name="ExplProb" value="10."/>
				<float name="FireProb" value="20."/>
				<integer name="Front" value="150"/>
				<integer name="Left" value="150"/>
				<string name="Material" value="Armored"/>
				<integer name="Right" value="150"/>
				<integer name="Top" value="150"/>
				<integer name="UnitName" value="0"/>
				<string name="UnitTyp" value="Ship"/>
			</object>
			<object name="Zara_LBBelt">
				<integer name="Back" value="10"/>
				<integer name="Bottom" value="20"/>
				<integer name="Country" value="5"/>
				<float name="ExplProb" value="0."/>
				<float name="FireProb" value="0."/>
				<integer name="Front" value="70"/>
				<integer name="Left" value="150"/>
				<string name="Material" value="Armored"/>
				<integer name="Right" value="20"/>
				<integer name="Top" value="70"/>
				<integer name="UnitName" value="0"/>
				<string name="UnitTyp" value="Ship"/>
			</object>
			<object name="Zara_LBelt">
				<integer name="Back" value="10"/>
				<integer name="Bottom" value="20"/>
				<integer name="Country" value="5"/>
				<float name="ExplProb" value="0."/>
				<float name="FireProb" value="0."/>
				<integer name="Front" value="70"/>
				<integer name="Left" value="150"/>
				<string name="Material" value="Armored"/>
				<integer name="Right" value="20"/>
				<integer name="Top" value="70"/>
				<integer name="UnitName" value="0"/>
				<string name="UnitTyp" value="Ship"/>
			</object>
			<object name="Zara_LSBelt">
				<integer name="Back" value="10"/>
				<integer name="Bottom" value="20"/>
				<integer name="Country" value="5"/>
				<float name="ExplProb" value="0."/>
				<float name="FireProb" value="0."/>
				<integer name="Front" value="70"/>
				<integer name="Left" value="150"/>
				<string name="Material" value="Armored"/>
				<integer name="Right" value="20"/>
				<integer name="Top" value="70"/>
				<integer name="UnitName" value="0"/>
				<string name="UnitTyp" value="Ship"/>
			</object>
			<object name="Zara_RBBelt">
				<integer name="Back" value="10"/>
				<integer name="Bottom" value="20"/>
				<integer name="Country" value="5"/>
				<float name="ExplProb" value="0."/>
				<float name="FireProb" value="0."/>
				<integer name="Front" value="70"/>
				<integer name="Left" value="20"/>
				<string name="Material" value="Armored"/>
				<integer name="Right" value="150"/>
				<integer name="Top" value="70"/>
				<integer name="UnitName" value="0"/>
				<string name="UnitTyp" value="Ship"/>
			</object>
			<object name="Zara_RBelt">
				<integer name="Back" value="10"/>
				<integer name="Bottom" value="20"/>
				<integer name="Country" value="5"/>
				<float name="ExplProb" value="0."/>
				<float name="FireProb" value="0."/>
				<integer name="Front" value="70"/>
				<integer name="Left" value="20"/>
				<string name="Material" value="Armored"/>
				<integer name="Right" value="150"/>
				<integer name="Top" value="70"/>
				<integer name="UnitName" value="0"/>
				<string name="UnitTyp" value="Ship"/>
			</object>
			<object name="Zara_RSBelt">
				<integer name="Back" value="10"/>
				<integer name="Bottom" value="20"/>
				<integer name="Country" value="5"/>
				<float name="ExplProb" value="0."/>
				<float name="FireProb" value="0."/>
				<integer name="Front" value="70"/>
				<integer name="Left" value="20"/>
				<string name="Material" value="Armored"/>
				<integer name="Right" value="150"/>
				<integer name="Top" value="70"/>
				<integer name="UnitName" value="0"/>
				<string name="UnitTyp" value="Ship"/>
			</object>
			<object name="Zara_Tiller">
				<integer name="Back" value="30"/>
				<integer name="Bottom" value="30"/>
				<integer name="Country" value="5"/>
				<float name="ExplProb" value="0."/>
				<float name="FireProb" value="0."/>
				<integer name="Front" value="30"/>
				<integer name="Left" value="30"/>
				<string name="Material" value="Armored"/>
				<integer name="Right" value="30"/>
				<integer name="Top" value="30"/>
				<integer name="UnitName" value="0"/>
				<string name="UnitTyp" value="Ship"/>
			</object>
			<object name="Zara_AS_T1">
				<integer name="Back" value="40"/>
				<integer name="Bottom" value="20"/>
				<integer name="Country" value="5"/>
				<float name="ExplProb" value="20."/>
				<float name="FireProb" value="10."/>
				<integer name="Front" value="40"/>
				<integer name="Left" value="40"/>
				<string name="Material" value="Armored"/>
				<integer name="Right" value="40"/>
				<integer name="Top" value="40"/>  
				<integer name="UnitName" value="0"/>
				<string name="UnitTyp" value="Ship"/>
			</object>
			<object name="Zara_AS_T2">
				<integer name="Back" value="40"/>
				<integer name="Bottom" value="20"/>
				<integer name="Country" value="5"/>
				<float name="ExplProb" value="20."/>
				<float name="FireProb" value="10."/>
				<integer name="Front" value="10"/>
				<integer name="Left" value="40"/>
				<string name="Material" value="Armored"/>
				<integer name="Right" value="40"/>
				<integer name="Top" value="40"/>
				<integer name="UnitName" value="0"/>
				<string name="UnitTyp" value="Ship"/>
			</object>	
			<object name="Zara_Bottom">
				<integer name="Back" value="25"/>
				<integer name="Bottom" value="25"/>
				<integer name="Country" value="5"/>
				<float name="ExplProb" value="0."/>
				<float name="FireProb" value="0."/>
				<integer name="Front" value="25"/>
				<integer name="Left" value="25"/>
				<string name="Material" value="Steel"/>
				<integer name="Right" value="25"/>
				<integer name="Top" value="25"/>
				<integer name="UnitName" value="0"/>
				<string name="UnitTyp" value="Ship"/>
			</object>
			<object name="Zara_LAMP">
				<integer name="Back" value="20"/>
				<integer name="Bottom" value="10"/>
				<integer name="Country" value="5"/>
				<float name="ExplProb" value="0."/>
				<float name="FireProb" value="0."/>
				<integer name="Front" value="20"/>
				<integer name="Left" value="40"/>
				<string name="Material" value="Armored"/>
				<integer name="Right" value="40"/>
				<integer name="Top" value="20"/>
				<integer name="UnitName" value="0"/>
				<string name="UnitTyp" value="Ship"/>
			</object> 
			<object name="Zara_RAMP">
				<integer name="Back" value="20"/>
				<integer name="Bottom" value="10"/>
				<integer name="Country" value="5"/>
				<float name="ExplProb" value="0."/>
				<float name="FireProb" value="0."/>
				<integer name="Front" value="20"/>
				<integer name="Left" value="40"/>
				<string name="Material" value="Armored"/>
				<integer name="Right" value="40"/>
				<integer name="Top" value="20"/>
				<integer name="UnitName" value="0"/>
				<string name="UnitTyp" value="Ship"/>
			</object> 
			<object name="Zara_SmokeStack">
				<integer name="Back" value="25"/>
				<integer name="Bottom" value="25"/>
				<integer name="Country" value="5"/>
				<float name="ExplProb" value="0."/>
				<float name="FireProb" value="0."/>
				<integer name="Front" value="25"/>
				<integer name="Left" value="25"/>
				<string name="Material" value="Steel"/>
				<integer name="Right" value="25"/>
				<integer name="Top" value="25"/>
				<integer name="UnitName" value="0"/>
				<string name="UnitTyp" value="Ship"/>
			</object>
        	</object>
		<object name="Engins">
			<object name="MPP_Zara">
				<float name="Consumption" value="3.3e-004"/>
				<integer name="Country" value="5"/>
				<float name="Money" value="12000."/>
				<integer name="Power_Max" value="95000"/>
				<integer name="RPM_Max" value="0"/>
				<integer name="Type" value="8"/>
				<integer name="Unreliability" value="10"/>
				<string name="Usage" value="Ships"/>
				<float name="Weight" value="1100."/>
			</object>
		</object>
		<object name="ShipsNames">
			<object name="Zara">
				<string name="1" value="Zara"/>
			</object>
		</object>
		<object name="UnitsByType">
			<object name="2">
				<object name="Zara">
					<string name="ChildTable" value="Ships"/>
				</object>
			</object>
		</object>
	</object>
</root>
