﻿<?xml version="1.0" standalone="yes" ?>
<root>
	<object name="Modifications">
		<object name="Ships">
			<object name="Zara">
				<object name="Prototype">
					<string name="AAGunControl" value="Mark0_AA"/>
					<float name="AAVolleyWeight" value="6.52959967"/>
					<float name="Aluminium" value="0."/>
					<float name="AmmoWeight" value="274.415955"/>
					<float name="Armour" value="0."/>
					<float name="FuelConsumption" value="3.91875005"/>
					<float name="FuelProtect" value="0."/>
					<string name="FullModName" value="Ships.Zara.Prototype"/>
					<float name="Iron" value="19719.1133"/>
					<boolean name="IsAvailable" value="false"/>
					<boolean name="IsJammer" value="false"/>
					<string name="MainGunControl" value="Mk_7_M"/>
					<float name="MaxFuel" value="2400."/>
					<float name="MaxSpeed" value="32."/>
					<float name="MinSpeed" value="0."/>
					<float name="Money" value="35730."/>
					<widestring name="Name" value="SQBuAGMAcgBvAGMAaQBhAHQAbwByAGkAIABwAGUAcwBhAG4AdAAgAFoAYQByAGEA"/>
					<float name="RadarRange" value="0."/>
					<float name="RadioGain" value="32258.0645"/>
					<float name="RadioPowerHF" value="100."/>
					<float name="RadioPowerVHF" value="0."/>
					<float name="RadioSensitivityHF" value="3.10000009e-003"/>
					<float name="RadioSensitivityVHF" value="0."/>
					<object name="Slots">
						<object name="TPort_MG01">
							<string name="Device" value="Zara_203mm_TurretA"/>
							<string name="Table" value="Turrets"/>
						</object>
						<object name="TPort_MG02">
							<string name="Device" value="Zara_203mm_TurretB"/>
							<string name="Table" value="Turrets"/>
						</object>
						<object name="TPort_MG03">
							<string name="Device" value="Zara_203mm_TurretX"/>
							<string name="Table" value="Turrets"/>
						</object>
						<object name="TPort_MG04">
							<string name="Device" value="Zara_203mm_TurretY"/>
							<string name="Table" value="Turrets"/>
						</object>
						<object name="TPort_SecFR">
							<string name="Device" value="Zara_2x100mm_Turret"/>
							<string name="Table" value="Turrets"/>
						</object>
						<object name="TPort_SecFL">
							<string name="Device" value="Zara_2x100mm_Turret"/>
							<string name="Table" value="Turrets"/>
						</object>
						<object name="TPort_SecFMR">
							<string name="Device" value="Zara_2x100mm_Turret"/>
							<string name="Table" value="Turrets"/>
						</object>
						<object name="TPort_SecFML">
							<string name="Device" value="Zara_2x100mm_Turret"/>
							<string name="Table" value="Turrets"/>
						</object>
						<object name="TPort_SecBMR">
							<string name="Device" value="Zara_2x100mm_Turret"/>
							<string name="Table" value="Turrets"/>
						</object>
						<object name="TPort_SecBML">
							<string name="Device" value="Zara_2x100mm_Turret"/>
							<string name="Table" value="Turrets"/>
						</object>
						<object name="TPort_SecBR">
							<string name="Device" value="Zara_2x100mm_Turret"/>
							<string name="Table" value="Turrets"/>
						</object>
						<object name="TPort_SecBL">
							<string name="Device" value="Zara_2x100mm_Turret"/>
							<string name="Table" value="Turrets"/>
						</object>
						<object name="TPort_AA37FR">
							<string name="Device" value="Bismark_FLAK3_37mm_SK_C30_Turret"/>
							<string name="Table" value="Turrets"/>
						</object>

						<object name="TPort_AA37FL">
							<string name="Device" value="Bismark_FLAK3_37mm_SK_C30_Turret"/>
							<string name="Table" value="Turrets"/>
						</object>
						<object name="TPort_AA37FMR">
							<string name="Device" value="Bismark_FLAK3_37mm_SK_C30_Turret"/>
							<string name="Table" value="Turrets"/>
						</object>
						<object name="TPort_AA37FML">
							<string name="Device" value="Bismark_FLAK3_37mm_SK_C30_Turret"/>
							<string name="Table" value="Turrets"/>
						</object>
						<object name="TPort_AA37BMR">
							<string name="Device" value="Bismark_FLAK3_37mm_SK_C30_Turret"/>
							<string name="Table" value="Turrets"/>
						</object>
						<object name="TPort_AA37BML">
							<string name="Device" value="Bismark_FLAK3_37mm_SK_C30_Turret"/>
							<string name="Table" value="Turrets"/>
						</object>
						<object name="TPort_AA37BR">
							<string name="Device" value="Bismark_FLAK3_37mm_SK_C30_Turret"/>
							<string name="Table" value="Turrets"/>
						</object>
						<object name="TPort_AA37BL">
							<string name="Device" value="Bismark_FLAK3_37mm_SK_C30_Turret"/>
							<string name="Table" value="Turrets"/>
						</object>
						<object name="TPort_AA20mmFR">
							<string name="Device" value="Bismark_FLAK5_20mm_MG_C30_3V_Turret"/>
							<string name="Table" value="Turrets"/>
						</object>
						<object name="TPort_AA20mmFL">
							<string name="Device" value="Bismark_FLAK5_20mm_MG_C30_3V_Turret"/>
							<string name="Table" value="Turrets"/>
						</object>
						<object name="TPort_AA20mmBR">
							<string name="Device" value="Bismark_FLAK5_20mm_MG_C30_3V_Turret"/>
							<string name="Table" value="Turrets"/>
						</object>
						<object name="TPort_AA20mmBL">
							<string name="Device" value="Bismark_FLAK5_20mm_MG_C30_3V_Turret"/>
							<string name="Table" value="Turrets"/>
						</object>
						<object name="TPort_ProjBR">
							<string name="Device" value="Bismark_Projector_Turret"/>
							<string name="Table" value="Turrets"/>
						</object>
						<object name="TPort_ProjBL">
							<string name="Device" value="Bismark_Projector_Turret"/>
							<string name="Table" value="Turrets"/>
						</object>
						<object name="TPort_RFSFR">
							<string name="Device" value="Bismark_RangefinderSmall"/>
							<string name="Table" value="Turrets"/>
						</object>
						<object name="TPort_RFSBR">
							<string name="Device" value="Bismark_RangefinderSmall"/>
							<string name="Table" value="Turrets"/>
						</object>
						<object name="TPort_RFSBL">
							<string name="Device" value="Bismark_RangefinderSmall"/>
							<string name="Table" value="Turrets"/>
						</object>


						<object name="TPort_RF01BR">
							<string name="Device" value="Zara2_Rangefinder4m"/>
							<string name="Table" value="Turrets"/>
						</object>
						<object name="TPort_RF02BL">
							<string name="Device" value="Zara2_Rangefinder4m"/>
							<string name="Table" value="Turrets"/>
						</object>
						<object name="TPort_RF03B">
							<string name="Device" value="Zara2_Rangefinder4m"/>
							<string name="Table" value="Turrets"/>
						</object>
						<object name="TPort_RF3mF">
							<string name="Device" value="Bismark_Rangefinder3m"/>
							<string name="Table" value="Turrets"/>
						</object>
						<object name="TPort_RF3mB">
							<string name="Device" value="Bismark_Rangefinder3m"/>
							<string name="Table" value="Turrets"/>
						</object>
						<object name="TPort_RF4mR">
							<string name="Device" value="Zara2_Rangefinder4mType_SL"/>
							<string name="Table" value="Turrets"/>
						</object>
						<object name="TPort_RF4mL">
							<string name="Device" value="Zara2_Rangefinder4mType_SL"/>
							<string name="Table" value="Turrets"/>
						</object>
						<object name="TPort_RADAR1">
							<string name="Device" value="Zara2_Radar_Front"/>
							<string name="Table" value="Turrets"/>
						</object>
						<object name="TPort_RADAR2">
							<string name="Device" value="Zara2_Radar_Top"/>
							<string name="Table" value="Turrets"/>
						</object>


						<object name="TPort_VINTR">
							<string name="Device" value="Vint_Fletcher"/>
							<string name="Table" value="Turrets"/>
						</object>
						<object name="TPort_VINTL">
							<string name="Device" value="Vint_Fletcher"/>
							<string name="Table" value="Turrets"/>
						</object>
						<object name="TPort_KATAPULT">
							<string name="Device" value="Zara_Katapult"/>
							<string name="Table" value="Turrets"/>
						</object>
						<object name="ZPort_AAGunContr1">
							<string name="Device" value="Mark0_AA"/>
							<string name="Table" value="AimSystems"/>
						</object>
						<object name="ZPort_Jammer_US_A1">
							<string name="Device" value=""/>
							<string name="Table" value="Probes"/>
						</object>
						<object name="ZPort_MainGunContr">
							<string name="Device" value="Mk_7_M"/>
							<string name="Table" value="AimSystems"/>
						</object>
						<object name="ZPort_Radio">
							<string name="Device" value="TBL7"/>
							<string name="Table" value="Probes"/>
						</object>
						<object name="ZPort_Sonar">
							<string name="Device" value=""/>
							<string name="Table" value="Probes"/>
						</object>
						<object name="ZPort_SteamTurbine_01">
							<string name="Device" value="MPP_Zara"/>
							<string name="Table" value="Engins"/>
						</object>
					</object>
					<string name="Sonar" value=""/>
					<float name="Speed" value="16."/>
					<string name="SuperRifles" value=""/>
					<float name="VolleyWeight" value="5.57732773"/>
					<float name="Weight" value="13862.7783"/>
				</object>
		   </object>
		</object>
	</object>
</root>