﻿xml version="1.0" standalone="yes" ?>
<root>
	<object name="Modifications">
		<object name="SubUnits">
			<object name="Main_Turret_150_Leipzig_Anton">
				<object name="TPort_0">
					<string name="Device" value="150_Main_Gun_Leipzig"/>
					<string name="Table" value="Rifles"/>
				</object>
				<object name="TPort_1">
					<string name="Device" value="150_Main_Gun_Leipzig"/>
					<string name="Table" value="Rifles"/>
				</object>
				<object name="TPort_2">
					<string name="Device" value="150_Main_Gun_Leipzig"/>
					<string name="Table" value="Rifles"/>
				</object>
			</object>
			<object name="Main_Turret_150_Leipzig_Cesar">
				<object name="TPort_0">
					<string name="Device" value="150_Main_Gun_Leipzig"/>
					<string name="Table" value="Rifles"/>
				</object>
				<object name="TPort_1">
					<string name="Device" value="150_Main_Gun_Leipzig"/>
					<string name="Table" value="Rifles"/>
				</object>
				<object name="TPort_2">
					<string name="Device" value="150_Main_Gun_Leipzig"/>
					<string name="Table" value="Rifles"/>
				</object>
			</object>
			<object name="Main_Turret_150_Leipzig_Dora">
				<object name="TPort_0">
					<string name="Device" value="150_Main_Gun_Leipzig"/>
					<string name="Table" value="Rifles"/>
				</object>
				<object name="TPort_1">
					<string name="Device" value="150_Main_Gun_Leipzig"/>
					<string name="Table" value="Rifles"/>
				</object>
				<object name="TPort_2">
					<string name="Device" value="150_Main_Gun_Leipzig"/>
					<string name="Table" value="Rifles"/>
				</object>
			</object>
		</object>
	</object>
</root>
