﻿<?xml version="1.0" standalone="yes" ?>
<root>
	<object name="SteelMonstersParams">
		<object name="Hit_Location">
			<object name="FusoA7793">
				<integer name="Country" value="2"/>
				<float name="ER" value="200."/>
				<string name="Hull" value="Fuso_Turret_RF"/>
				<string name="Name" value="Rangefinder"/>
				<string name="TypHL" value="Probe"/>
				<string name="UnitName" value="2x356mm_Fuso_Turret_RF_A"/>
			</object>
			<object name="FusoA7794">
				<integer name="Country" value="2"/>
				<float name="ER" value="400."/>
				<string name="Hull" value="Fuso_MTurretV1"/>
				<string name="Name" value="Turret"/>
				<string name="TypHL" value="AmmoStore"/>
				<string name="UnitName" value="2x356mm_Fuso_Turret_RF_A"/>
			</object>
			<object name="FusoA7795">
				<integer name="Country" value="2"/>
				<float name="ER" value="400."/>
				<string name="Hull" value="Fuso_MTurretV1_Shakegeban"/>
				<string name="Name" value="Shakegeban"/>
				<string name="TypHL" value="Probe"/>
				<string name="UnitName" value="2x356mm_Fuso_Turret_RF_A"/>
			</object>
			<object name="FusoAA7793">
				<integer name="Country" value="2"/>
				<float name="ER" value="200."/>
				<string name="Hull" value="Fuso_Turret_RF"/>
				<string name="Name" value="Rangefinder"/>
				<string name="TypHL" value="Probe"/>
				<string name="UnitName" value="2x356mm_Fuso_Turret_BezRF_A"/>
			</object>
			<object name="FusoAA7794">
				<integer name="Country" value="2"/>
				<float name="ER" value="400."/>
				<string name="Hull" value="Fuso_MTurretV1"/>
				<string name="Name" value="Turret"/>
				<string name="TypHL" value="AmmoStore"/>
				<string name="UnitName" value="2x356mm_Fuso_Turret_BezRF_A"/>
			</object>
			<object name="FusoAA7795">
				<integer name="Country" value="2"/>
				<float name="ER" value="400."/>
				<string name="Hull" value="Fuso_MTurretV1_Shakegeban"/>
				<string name="Name" value="Shakegeban"/>
				<string name="TypHL" value="Probe"/>
				<string name="UnitName" value="2x356mm_Fuso_Turret_BezRF_A"/>
			</object>
			<object name="FusoB7793">
				<integer name="Country" value="2"/>
				<float name="ER" value="200."/>
				<string name="Hull" value="Fuso_Turret_RF"/>
				<string name="Name" value="Rangefinder"/>
				<string name="TypHL" value="Probe"/>
				<string name="UnitName" value="2x356mm_Fuso_Turret_RF_B"/>
			</object>
			<object name="FusoB7794">
				<integer name="Country" value="2"/>
				<float name="ER" value="400."/>
				<string name="Hull" value="Fuso_MTurretV1"/>
				<string name="Name" value="Turret"/>
				<string name="TypHL" value="AmmoStore"/>
				<string name="UnitName" value="2x356mm_Fuso_Turret_RF_B"/>
			</object>
			<object name="FusoB7795">
				<integer name="Country" value="2"/>
				<float name="ER" value="400."/>
				<string name="Hull" value="Fuso_MTurretV1_Shakegeban"/>
				<string name="Name" value="Shakegeban"/>
				<string name="TypHL" value="Probe"/>
				<string name="UnitName" value="2x356mm_Fuso_Turret_RF_B"/>
			</object>
			<object name="FusoC7793">
				<integer name="Country" value="2"/>
				<float name="ER" value="200."/>
				<string name="Hull" value="Fuso_Turret_RF"/>
				<string name="Name" value="Rangefinder"/>
				<string name="TypHL" value="Probe"/>
				<string name="UnitName" value="2x356mm_Fuso_Turret_RF_C"/>
			</object>
			<object name="FusoC7794">
				<integer name="Country" value="2"/>
				<float name="ER" value="400."/>
				<string name="Hull" value="Fuso_MTurretV1"/>
				<string name="Name" value="Turret"/>
				<string name="TypHL" value="AmmoStore"/>
				<string name="UnitName" value="2x356mm_Fuso_Turret_RF_C"/>
			</object>
			<object name="FusoC7795">
				<integer name="Country" value="2"/>
				<float name="ER" value="400."/>
				<string name="Hull" value="Fuso_MTurretV1_Shakegeban"/>
				<string name="Name" value="Shakegeban"/>
				<string name="TypHL" value="Probe"/>
				<string name="UnitName" value="2x356mm_Fuso_Turret_RF_C"/>
			</object>
			<object name="FusoD7793">
				<integer name="Country" value="2"/>
				<float name="ER" value="200."/>
				<string name="Hull" value="Fuso_Turret_RF"/>
				<string name="Name" value="Rangefinder"/>
				<string name="TypHL" value="Probe"/>
				<string name="UnitName" value="2x356mm_Fuso_Turret_RF_D"/>
			</object>
			<object name="FusoD7794">
				<integer name="Country" value="2"/>
				<float name="ER" value="400."/>
				<string name="Hull" value="Fuso_MTurretV1"/>
				<string name="Name" value="Turret"/>
				<string name="TypHL" value="AmmoStore"/>
				<string name="UnitName" value="2x356mm_Fuso_Turret_RF_D"/>
			</object>
			<object name="FusoD7795">
				<integer name="Country" value="2"/>
				<float name="ER" value="400."/>
				<string name="Hull" value="Fuso_MTurretV1_Shakegeban"/>
				<string name="Name" value="Shakegeban"/>
				<string name="TypHL" value="Probe"/>
				<string name="UnitName" value="2x356mm_Fuso_Turret_RF_D"/>
			</object>
			<object name="FusoX7793">
				<integer name="Country" value="2"/>
				<float name="ER" value="200."/>
				<string name="Hull" value="Fuso_Turret_RF"/>
				<string name="Name" value="Rangefinder"/>
				<string name="TypHL" value="Probe"/>
				<string name="UnitName" value="2x356mm_Fuso_Turret_RF_X"/>
			</object>
			<object name="FusoX7794">
				<integer name="Country" value="2"/>
				<float name="ER" value="400."/>
				<string name="Hull" value="Fuso_MTurretV1"/>
				<string name="Name" value="Turret"/>
				<string name="TypHL" value="AmmoStore"/>
				<string name="UnitName" value="2x356mm_Fuso_Turret_RF_X"/>
			</object>
			<object name="FusoX7795">
				<integer name="Country" value="2"/>
				<float name="ER" value="400."/>
				<string name="Hull" value="Fuso_MTurretV1_Shakegeban"/>
				<string name="Name" value="Shakegeban"/>
				<string name="TypHL" value="Probe"/>
				<string name="UnitName" value="2x356mm_Fuso_Turret_RF_X"/>
			</object>
			<object name="FusoY7793">
				<integer name="Country" value="2"/>
				<float name="ER" value="200."/>
				<string name="Hull" value="Fuso_Turret_RF"/>
				<string name="Name" value="Rangefinder"/>
				<string name="TypHL" value="Probe"/>
				<string name="UnitName" value="2x356mm_Fuso_Turret_BezRF_Y"/>
			</object>
			<object name="FusoY7794">
				<integer name="Country" value="2"/>
				<float name="ER" value="400."/>
				<string name="Hull" value="Fuso_MTurretV1"/>
				<string name="Name" value="Turret"/>
				<string name="TypHL" value="AmmoStore"/>
				<string name="UnitName" value="2x356mm_Fuso_Turret_BezRF_Y"/>
			</object>
			<object name="FusoY7795">
				<integer name="Country" value="2"/>
				<float name="ER" value="400."/>
				<string name="Hull" value="Fuso_MTurretV1_Shakegeban"/>
				<string name="Name" value="Shakegeban"/>
				<string name="TypHL" value="Probe"/>
				<string name="UnitName" value="2x356mm_Fuso_Turret_BezRF_Y"/>
			</object>
			<object name="GFusoAA7793">
				<integer name="Country" value="2"/>
				<float name="ER" value="200."/>
				<string name="Hull" value="Fuso_Turret_RF"/>
				<string name="Name" value="Rangefinder"/>
				<string name="TypHL" value="Probe"/>
				<string name="UnitName" value="2x356mm_FusoGreen_Turret_BezRF_A"/>
			</object>
			<object name="GFusoAA7794">
				<integer name="Country" value="2"/>
				<float name="ER" value="400."/>
				<string name="Hull" value="Fuso_MTurretV1"/>
				<string name="Name" value="Turret"/>
				<string name="TypHL" value="AmmoStore"/>
				<string name="UnitName" value="2x356mm_FusoGreen_Turret_BezRF_A"/>
			</object>
			<object name="GFusoAA7795">
				<integer name="Country" value="2"/>
				<float name="ER" value="400."/>
				<string name="Hull" value="Fuso_MTurretV1_Shakegeban"/>
				<string name="Name" value="Shakegeban"/>
				<string name="TypHL" value="Probe"/>
				<string name="UnitName" value="2x356mm_FusoGreen_Turret_BezRF_A"/>
			</object>
			<object name="GFusoB7793">
				<integer name="Country" value="2"/>
				<float name="ER" value="200."/>
				<string name="Hull" value="Fuso_Turret_RF"/>
				<string name="Name" value="Rangefinder"/>
				<string name="TypHL" value="Probe"/>
				<string name="UnitName" value="2x356mm_FusoGreen_Turret_RF_B"/>
			</object>
			<object name="GFusoB7794">
				<integer name="Country" value="2"/>
				<float name="ER" value="400."/>
				<string name="Hull" value="Fuso_MTurretV1"/>
				<string name="Name" value="Turret"/>
				<string name="TypHL" value="AmmoStore"/>
				<string name="UnitName" value="2x356mm_FusoGreen_Turret_RF_B"/>
			</object>
			<object name="GFusoB7795">
				<integer name="Country" value="2"/>
				<float name="ER" value="400."/>
				<string name="Hull" value="Fuso_MTurretV1_Shakegeban"/>
				<string name="Name" value="Shakegeban"/>
				<string name="TypHL" value="Probe"/>
				<string name="UnitName" value="2x356mm_FusoGreen_Turret_RF_B"/>
			</object>
			<object name="GFusoC7793">
				<integer name="Country" value="2"/>
				<float name="ER" value="200."/>
				<string name="Hull" value="Fuso_Turret_RF"/>
				<string name="Name" value="Rangefinder"/>
				<string name="TypHL" value="Probe"/>
				<string name="UnitName" value="2x356mm_FusoGreen_Turret_RF_C"/>
			</object>
			<object name="GFusoC7794">
				<integer name="Country" value="2"/>
				<float name="ER" value="400."/>
				<string name="Hull" value="Fuso_MTurretV1"/>
				<string name="Name" value="Turret"/>
				<string name="TypHL" value="AmmoStore"/>
				<string name="UnitName" value="2x356mm_FusoGreen_Turret_RF_C"/>
			</object>
			<object name="GFusoC7795">
				<integer name="Country" value="2"/>
				<float name="ER" value="400."/>
				<string name="Hull" value="Fuso_MTurretV1_Shakegeban"/>
				<string name="Name" value="Shakegeban"/>
				<string name="TypHL" value="Probe"/>
				<string name="UnitName" value="2x356mm_FusoGreen_Turret_RF_C"/>
			</object>
			<object name="GFusoD7793">
				<integer name="Country" value="2"/>
				<float name="ER" value="200."/>
				<string name="Hull" value="Fuso_Turret_RF"/>
				<string name="Name" value="Rangefinder"/>
				<string name="TypHL" value="Probe"/>
				<string name="UnitName" value="2x356mm_FusoGreen_Turret_RF_D"/>
			</object>
			<object name="GFusoD7794">
				<integer name="Country" value="2"/>
				<float name="ER" value="400."/>
				<string name="Hull" value="Fuso_MTurretV1"/>
				<string name="Name" value="Turret"/>
				<string name="TypHL" value="AmmoStore"/>
				<string name="UnitName" value="2x356mm_FusoGreen_Turret_RF_D"/>
			</object>
			<object name="GFusoD7795">
				<integer name="Country" value="2"/>
				<float name="ER" value="400."/>
				<string name="Hull" value="Fuso_MTurretV1_Shakegeban"/>
				<string name="Name" value="Shakegeban"/>
				<string name="TypHL" value="Probe"/>
				<string name="UnitName" value="2x356mm_FusoGreen_Turret_RF_D"/>
			</object>
			<object name="GFusoX7793">
				<integer name="Country" value="2"/>
				<float name="ER" value="200."/>
				<string name="Hull" value="Fuso_Turret_RF"/>
				<string name="Name" value="Rangefinder"/>
				<string name="TypHL" value="Probe"/>
				<string name="UnitName" value="2x356mm_FusoGreen_Turret_RF_X"/>
			</object>
			<object name="GFusoX7794">
				<integer name="Country" value="2"/>
				<float name="ER" value="400."/>
				<string name="Hull" value="Fuso_MTurretV1"/>
				<string name="Name" value="Turret"/>
				<string name="TypHL" value="AmmoStore"/>
				<string name="UnitName" value="2x356mm_FusoGreen_Turret_RF_X"/>
			</object>
			<object name="GFusoX7795">
				<integer name="Country" value="2"/>
				<float name="ER" value="400."/>
				<string name="Hull" value="Fuso_MTurretV1_Shakegeban"/>
				<string name="Name" value="Shakegeban"/>
				<string name="TypHL" value="Probe"/>
				<string name="UnitName" value="2x356mm_FusoGreen_Turret_RF_X"/>
			</object>
			<object name="GFusoY7793">
				<integer name="Country" value="2"/>
				<float name="ER" value="200."/>
				<string name="Hull" value="Fuso_Turret_RF"/>
				<string name="Name" value="Rangefinder"/>
				<string name="TypHL" value="Probe"/>
				<string name="UnitName" value="2x356mm_FusoGreen_Turret_BezRF_Y"/>
			</object>
			<object name="GFusoY7794">
				<integer name="Country" value="2"/>
				<float name="ER" value="400."/>
				<string name="Hull" value="Fuso_MTurretV1"/>
				<string name="Name" value="Turret"/>
				<string name="TypHL" value="AmmoStore"/>
				<string name="UnitName" value="2x356mm_FusoGreen_Turret_BezRF_Y"/>
			</object>
			<object name="GFusoY7795">
				<integer name="Country" value="2"/>
				<float name="ER" value="400."/>
				<string name="Hull" value="Fuso_MTurretV1_Shakegeban"/>
				<string name="Name" value="Shakegeban"/>
				<string name="TypHL" value="Probe"/>
				<string name="UnitName" value="2x356mm_FusoGreen_Turret_BezRF_Y"/>
			</object>
			<object name="KongoA7793">
				<integer name="Country" value="2"/>
				<float name="ER" value="200."/>
				<string name="Hull" value="Kongo_Turret_RF"/>
				<string name="Name" value="Rangefinder"/>
				<string name="TypHL" value="Probe"/>
				<string name="UnitName" value="2x356mm_Kongo_Turret_BezRF_A"/>
			</object>
			<object name="KongoA7794">
				<integer name="Country" value="2"/>
				<float name="ER" value="350."/>
				<string name="Hull" value="Kongo_MTurretV1"/>
				<string name="Name" value="Turret"/>
				<string name="TypHL" value="AmmoStore"/>
				<string name="UnitName" value="2x356mm_Kongo_Turret_BezRF_A"/>
			</object>
			<object name="KongoA7795">
				<integer name="Country" value="2"/>
				<float name="ER" value="350."/>
				<string name="Hull" value="Kongo_MTurretV1_Shakegeban"/>
				<string name="Name" value="Shakegeban"/>
				<string name="TypHL" value="Probe"/>
				<string name="UnitName" value="2x356mm_Kongo_Turret_BezRF_A"/>
			</object>
			<object name="KongoB7793">
				<integer name="Country" value="2"/>
				<float name="ER" value="200."/>
				<string name="Hull" value="Kongo_Turret_RF"/>
				<string name="Name" value="Rangefinder"/>
				<string name="TypHL" value="Probe"/>
				<string name="UnitName" value="2x356mm_Kongo_Turret_RF_B"/>
			</object>
			<object name="KongoB7794">
				<integer name="Country" value="2"/>
				<float name="ER" value="350."/>
				<string name="Hull" value="Kongo_MTurretV1"/>
				<string name="Name" value="Turret"/>
				<string name="TypHL" value="AmmoStore"/>
				<string name="UnitName" value="2x356mm_Kongo_Turret_RF_B"/>
			</object>
			<object name="KongoB7795">
				<integer name="Country" value="2"/>
				<float name="ER" value="350."/>
				<string name="Hull" value="Kongo_MTurretV1_Shakegeban"/>
				<string name="Name" value="Shakegeban"/>
				<string name="TypHL" value="Probe"/>
				<string name="UnitName" value="2x356mm_Kongo_Turret_RF_B"/>
			</object>
			<object name="KongoX7793">
				<integer name="Country" value="2"/>
				<float name="ER" value="200."/>
				<string name="Hull" value="Kongo_Turret_RF"/>
				<string name="Name" value="Rangefinder"/>
				<string name="TypHL" value="Probe"/>
				<string name="UnitName" value="2x356mm_Kongo_Turret_RF_X"/>
			</object>
			<object name="KongoX7794">
				<integer name="Country" value="2"/>
				<float name="ER" value="350."/>
				<string name="Hull" value="Kongo_MTurretV1"/>
				<string name="Name" value="Turret"/>
				<string name="TypHL" value="AmmoStore"/>
				<string name="UnitName" value="2x356mm_Kongo_Turret_RF_X"/>
			</object>
			<object name="KongoX7795">
				<integer name="Country" value="2"/>
				<float name="ER" value="350."/>
				<string name="Hull" value="Kongo_MTurretV1_Shakegeban"/>
				<string name="Name" value="Shakegeban"/>
				<string name="TypHL" value="Probe"/>
				<string name="UnitName" value="2x356mm_Kongo_Turret_RF_X"/>
			</object>
			<object name="KongoY7793">
				<integer name="Country" value="2"/>
				<float name="ER" value="200."/>
				<string name="Hull" value="Kongo_Turret_RF"/>
				<string name="Name" value="Rangefinder"/>
				<string name="TypHL" value="Probe"/>
				<string name="UnitName" value="2x356mm_Kongo_Turret_BezRF_Y"/>
			</object>
			<object name="KongoY7794">
				<integer name="Country" value="2"/>
				<float name="ER" value="350."/>
				<string name="Hull" value="Kongo_MTurretV1"/>
				<string name="Name" value="Turret"/>
				<string name="TypHL" value="AmmoStore"/>
				<string name="UnitName" value="2x356mm_Kongo_Turret_BezRF_Y"/>
			</object>
			<object name="KongoY7795">
				<integer name="Country" value="2"/>
				<float name="ER" value="350."/>
				<string name="Hull" value="Kongo_MTurretV1_Shakegeban"/>
				<string name="Name" value="Shakegeban"/>
				<string name="TypHL" value="Probe"/>
				<string name="UnitName" value="2x356mm_Kongo_Turret_BezRF_Y"/>
			</object>
			<object name="HieiA7793">
				<integer name="Country" value="2"/>
				<float name="ER" value="200."/>
				<string name="Hull" value="Kongo_Turret_RF"/>
				<string name="Name" value="Rangefinder"/>
				<string name="TypHL" value="Probe"/>
				<string name="UnitName" value="2x356mm_Hiei_Turret_BezRF_A"/>
			</object>
			<object name="HieiA7794">
				<integer name="Country" value="2"/>
				<float name="ER" value="350."/>
				<string name="Hull" value="Kongo_MTurretV1"/>
				<string name="Name" value="Turret"/>
				<string name="TypHL" value="AmmoStore"/>
				<string name="UnitName" value="2x356mm_Hiei_Turret_BezRF_A"/>
			</object>
			<object name="HieiA7795">
				<integer name="Country" value="2"/>
				<float name="ER" value="350."/>
				<string name="Hull" value="Kongo_MTurretV1_Shakegeban"/>
				<string name="Name" value="Shakegeban"/>
				<string name="TypHL" value="Probe"/>
				<string name="UnitName" value="2x356mm_Hiei_Turret_BezRF_A"/>
			</object>
			<object name="HieiB7793">
				<integer name="Country" value="2"/>
				<float name="ER" value="200."/>
				<string name="Hull" value="Kongo_Turret_RF"/>
				<string name="Name" value="Rangefinder"/>
				<string name="TypHL" value="Probe"/>
				<string name="UnitName" value="2x356mm_Hiei_Turret_RF_B"/>
			</object>
			<object name="HieiB7794">
				<integer name="Country" value="2"/>
				<float name="ER" value="350."/>
				<string name="Hull" value="Kongo_MTurretV1"/>
				<string name="Name" value="Turret"/>
				<string name="TypHL" value="AmmoStore"/>
				<string name="UnitName" value="2x356mm_Hiei_Turret_RF_B"/>
			</object>
			<object name="HieiB7795">
				<integer name="Country" value="2"/>
				<float name="ER" value="350."/>
				<string name="Hull" value="Kongo_MTurretV1_Shakegeban"/>
				<string name="Name" value="Shakegeban"/>
				<string name="TypHL" value="Probe"/>
				<string name="UnitName" value="2x356mm_Hiei_Turret_RF_B"/>
			</object>
			<object name="HieiX7793">
				<integer name="Country" value="2"/>
				<float name="ER" value="200."/>
				<string name="Hull" value="Kongo_Turret_RF"/>
				<string name="Name" value="Rangefinder"/>
				<string name="TypHL" value="Probe"/>
				<string name="UnitName" value="2x356mm_Hiei_Turret_RF_X"/>
			</object>
			<object name="HieiX7794">
				<integer name="Country" value="2"/>
				<float name="ER" value="350."/>
				<string name="Hull" value="Kongo_MTurretV1"/>
				<string name="Name" value="Turret"/>
				<string name="TypHL" value="AmmoStore"/>
				<string name="UnitName" value="2x356mm_Hiei_Turret_RF_X"/>
			</object>
			<object name="HieiX7795">
				<integer name="Country" value="2"/>
				<float name="ER" value="350."/>
				<string name="Hull" value="Kongo_MTurretV1_Shakegeban"/>
				<string name="Name" value="Shakegeban"/>
				<string name="TypHL" value="Probe"/>
				<string name="UnitName" value="2x356mm_Hiei_Turret_RF_X"/>
			</object>
			<object name="HieiY7793">
				<integer name="Country" value="2"/>
				<float name="ER" value="200."/>
				<string name="Hull" value="Kongo_Turret_RF"/>
				<string name="Name" value="Rangefinder"/>
				<string name="TypHL" value="Probe"/>
				<string name="UnitName" value="2x356mm_Hiei_Turret_BezRF_Y"/>
			</object>
			<object name="HieiY7794">
				<integer name="Country" value="2"/>
				<float name="ER" value="350."/>
				<string name="Hull" value="Kongo_MTurretV1"/>
				<string name="Name" value="Turret"/>
				<string name="TypHL" value="AmmoStore"/>
				<string name="UnitName" value="2x356mm_Hiei_Turret_BezRF_Y"/>
			</object>
			<object name="HieiY7795">
				<integer name="Country" value="2"/>
				<float name="ER" value="350."/>
				<string name="Hull" value="Kongo_MTurretV1_Shakegeban"/>
				<string name="Name" value="Shakegeban"/>
				<string name="TypHL" value="Probe"/>
				<string name="UnitName" value="2x356mm_Hiei_Turret_BezRF_Y"/>
			</object>
		</object>
		<object name="Hulls">
			<object name="Fuso_MTurretV1">
				<integer name="Back" value="203"/>
				<integer name="Bottom" value="50"/>
				<integer name="Country" value="2"/>
				<float name="ExplProb" value="10."/>
				<float name="FireProb" value="10."/>
				<integer name="Front" value="305"/>
				<integer name="Left" value="203"/>
				<string name="Material" value="Armored"/>
				<integer name="Right" value="203"/>
				<integer name="Top" value="150"/>
				<integer name="UnitName" value="0"/>
				<string name="UnitTyp" value="Turret"/>
			</object>
			<object name="Fuso_MTurretV1_Shakegeban">
				<integer name="Back" value="150"/>
				<integer name="Bottom" value="50"/>
				<integer name="Country" value="2"/>
				<float name="ExplProb" value="0."/>
				<float name="FireProb" value="15."/>
				<integer name="Front" value="150"/>
				<integer name="Left" value="150"/>
				<string name="Material" value="Armored"/>
				<integer name="Right" value="150"/>
				<integer name="Top" value="150"/>
				<integer name="UnitName" value="0"/>
				<string name="UnitTyp" value="Turret"/>
			</object>
			<object name="Fuso_Turret_RF">
				<integer name="Back" value="20"/>
				<integer name="Bottom" value="20"/>
				<integer name="Country" value="2"/>
				<float name="ExplProb" value="0."/>
				<float name="FireProb" value="0."/>
				<integer name="Front" value="20"/>
				<integer name="Left" value="20"/>
				<string name="Material" value="Armored"/>
				<integer name="Right" value="20"/>
				<integer name="Top" value="20"/> 
				<integer name="UnitName" value="0"/>
				<string name="UnitTyp" value="Turret"/>
			</object>
			<object name="Kongo_MTurretV1">
				<integer name="Back" value="152"/>
				<integer name="Bottom" value="50"/>
				<integer name="Country" value="2"/>
				<float name="ExplProb" value="10."/>
				<float name="FireProb" value="10."/>
				<integer name="Front" value="229"/>
				<integer name="Left" value="152"/>
				<string name="Material" value="Armored"/>
				<integer name="Right" value="152"/>
				<integer name="Top" value="110"/>
				<integer name="UnitName" value="0"/>
				<string name="UnitTyp" value="Turret"/>
			</object>
			<object name="Kongo_MTurretV1_Shakegeban">
				<integer name="Back" value="110"/>
				<integer name="Bottom" value="50"/>
				<integer name="Country" value="2"/>
				<float name="ExplProb" value="0."/>
				<float name="FireProb" value="15."/>
				<integer name="Front" value="110"/>
				<integer name="Left" value="110"/>
				<string name="Material" value="Armored"/>
				<integer name="Right" value="110"/>
				<integer name="Top" value="110"/>
				<integer name="UnitName" value="0"/>
				<string name="UnitTyp" value="Turret"/>
			</object>
			<object name="Kongo_Turret_RF">
				<integer name="Back" value="20"/>
				<integer name="Bottom" value="20"/>
				<integer name="Country" value="2"/>
				<float name="ExplProb" value="0."/>
				<float name="FireProb" value="0."/>
				<integer name="Front" value="20"/>
				<integer name="Left" value="20"/>
				<string name="Material" value="Armored"/>
				<integer name="Right" value="20"/>
				<integer name="Top" value="20"/> 
				<integer name="UnitName" value="0"/>
				<string name="UnitTyp" value="Turret"/>
			</object>
		</object>
		<object name="Rifles">
			<object name="2x356mm_Fuso_Turret_Stvol">
				<float name="AARange" value="0."/>
				<string name="Ammo" value="Proj_356_J"/>
				<integer name="AmmoStorage" value="90"/>
				<float name="AmmoWeight" value="673.5"/>
				<string name="ArmPiercing" value="Proj_356_J_AP"/>
				<float name="Caliber" value="356."/>
				<string name="HighExp" value="Proj_356_J_HE"/>
				<integer name="Country" value="2"/>
				<float name="Dispersion" value="4."/>
				<integer name="FinalSpeed" value="459"/>
				<string name="FireSound" value="Guns\356mm"/>
				<boolean name="IgnoreXMLFile" value="false"/>
				<float name="Money" value="35."/>
				<boolean name="New" value="false"/>
				<float name="Range" value="35.45"/>
				<float name="ROF" value="2."/>
				<boolean name="SLLauncher" value="false"/>
				<string name="SMU_File" value="2x356mm_Fuso_Turret_Stvol"/>
				<integer name="StartSpeed" value="805"/>
				<integer name="Unreliability" value="0"/>
				<string name="Usage" value="Ships"/>
				<float name="Weight" value="86."/>
			</object>
			<object name="2x356mm_Hiei_Turret_Stvol">
				<float name="AARange" value="0."/>
				<string name="Ammo" value="Proj_356_J"/>
				<integer name="AmmoStorage" value="90"/>
				<float name="AmmoWeight" value="673.5"/>
				<string name="ArmPiercing" value="Proj_356_J_AP"/>
				<float name="Caliber" value="356."/>
				<string name="HighExp" value="Proj_356_J_HE"/>
				<integer name="Country" value="2"/>
				<float name="Dispersion" value="4."/>
				<integer name="FinalSpeed" value="459"/>
				<string name="FireSound" value="Guns\356mm"/>
				<boolean name="IgnoreXMLFile" value="false"/>
				<float name="Money" value="35."/>
				<boolean name="New" value="false"/>
				<float name="Range" value="35.45"/>
				<float name="ROF" value="2."/>
				<boolean name="SLLauncher" value="false"/>
				<string name="SMU_File" value="2x356mm_Hiei_Turret_Stvol"/>
				<integer name="StartSpeed" value="805"/>
				<integer name="Unreliability" value="0"/>
				<string name="Usage" value="Ships"/>
				<float name="Weight" value="86."/>
			</object>
		</object>
		<object name="Turrets">
			<object name="2x356mm_Fuso_Turret_BezRF_A">
				<integer name="Amount" value="2"/>
				<integer name="ArmorFront" value="305"/>
				<integer name="ArmorSide" value="203"/>
				<integer name="ArmorTop" value="150"/>
				<string name="Content" value="Rifles.2x356mm_Fuso_Turret_Stvol"/>
				<integer name="Country" value="2"/>
				<integer name="Elevation" value="43"/>
				<integer name="ElevationRate" value="5"/>
				<boolean name="IgnoreXMLFile" value="false"/>
				<float name="Iron" value="750."/>
				<float name="Money" value="200."/>
				<boolean name="New" value="true"/>
				<boolean name="Production" value="false"/>
				<integer name="RotationRate" value="3."/>
				<string name="SMU_File" value="2x356mm_Fuso_Turret_BezRF"/>
				<string name="Type" value="Gun"/>
				<float name="Vitality" value="1600."/>
				<float name="Weight" value="688."/>
			</object>
			<object name="2x356mm_Fuso_Turret_BezRF_Y">
				<integer name="Amount" value="2"/>
				<integer name="ArmorFront" value="305"/>
				<integer name="ArmorSide" value="203"/>
				<integer name="ArmorTop" value="150"/>
				<string name="Content" value="Rifles.2x356mm_Fuso_Turret_Stvol"/>
				<integer name="Country" value="2"/>
				<integer name="Elevation" value="43"/>
				<integer name="ElevationRate" value="5"/>
				<boolean name="IgnoreXMLFile" value="false"/>
				<float name="Iron" value="750."/>
				<float name="Money" value="200."/>
				<boolean name="New" value="true"/>
				<boolean name="Production" value="false"/>
				<integer name="RotationRate" value="3."/>
				<string name="SMU_File" value="2x356mm_Fuso_Turret_BezRF"/>
				<string name="Type" value="Gun"/>
				<float name="Vitality" value="1600."/>
				<float name="Weight" value="688."/>
			</object>
			<object name="2x356mm_Fuso_Turret_RF_A">
				<integer name="Amount" value="2"/>
				<integer name="ArmorFront" value="305"/>
				<integer name="ArmorSide" value="203"/>
				<integer name="ArmorTop" value="150"/>
				<string name="Content" value="Rifles.2x356mm_Fuso_Turret_Stvol"/>
				<integer name="Country" value="2"/>
				<integer name="Elevation" value="43"/>
				<integer name="ElevationRate" value="5"/>
				<boolean name="IgnoreXMLFile" value="false"/>
				<float name="Iron" value="750."/>
				<float name="Money" value="200."/>
				<boolean name="New" value="true"/>
				<boolean name="Production" value="false"/>
				<integer name="RotationRate" value="3."/>
				<string name="SMU_File" value="2x356mm_Fuso_Turret_RF"/>
				<string name="Type" value="Gun"/>
				<float name="Vitality" value="1600."/>
				<float name="Weight" value="688."/>
			</object>
			<object name="2x356mm_Fuso_Turret_RF_B">
				<integer name="Amount" value="2"/>
				<integer name="ArmorFront" value="305"/>
				<integer name="ArmorSide" value="203"/>
				<integer name="ArmorTop" value="150"/>
				<string name="Content" value="Rifles.2x356mm_Fuso_Turret_Stvol"/>
				<integer name="Country" value="2"/>
				<integer name="Elevation" value="43"/>
				<integer name="ElevationRate" value="5"/>
				<boolean name="IgnoreXMLFile" value="false"/>
				<float name="Iron" value="750."/>
				<float name="Money" value="200."/>
				<boolean name="New" value="true"/>
				<boolean name="Production" value="false"/>
				<integer name="RotationRate" value="3."/>
				<string name="SMU_File" value="2x356mm_Fuso_Turret_RF"/>
				<string name="Type" value="Gun"/>
				<float name="Vitality" value="1600."/>
				<float name="Weight" value="688."/>
			</object>
			<object name="2x356mm_Fuso_Turret_RF_C">
				<integer name="Amount" value="2"/>
				<integer name="ArmorFront" value="305"/>
				<integer name="ArmorSide" value="203"/>
				<integer name="ArmorTop" value="150"/>
				<string name="Content" value="Rifles.2x356mm_Fuso_Turret_Stvol"/>
				<integer name="Country" value="2"/>
				<integer name="Elevation" value="43"/>
				<integer name="ElevationRate" value="5"/>
				<boolean name="IgnoreXMLFile" value="false"/>
				<float name="Iron" value="750."/>
				<float name="Money" value="200."/>
				<boolean name="New" value="true"/>
				<boolean name="Production" value="false"/>
				<integer name="RotationRate" value="3."/>
				<string name="SMU_File" value="2x356mm_Fuso_Turret_RF"/>
				<string name="Type" value="Gun"/>
				<float name="Vitality" value="1600."/>
				<float name="Weight" value="688."/>
			</object>
			<object name="2x356mm_Fuso_Turret_RF_D">
				<integer name="Amount" value="2"/>
				<integer name="ArmorFront" value="305"/>
				<integer name="ArmorSide" value="203"/>
				<integer name="ArmorTop" value="150"/>
				<string name="Content" value="Rifles.2x356mm_Fuso_Turret_Stvol"/>
				<integer name="Country" value="2"/>
				<integer name="Elevation" value="43"/>
				<integer name="ElevationRate" value="5"/>
				<boolean name="IgnoreXMLFile" value="false"/>
				<float name="Iron" value="750."/>
				<float name="Money" value="200."/>
				<boolean name="New" value="true"/>
				<boolean name="Production" value="false"/>
				<integer name="RotationRate" value="3."/>
				<string name="SMU_File" value="2x356mm_Fuso_Turret_RF"/>
				<string name="Type" value="Gun"/>
				<float name="Vitality" value="1600."/>
				<float name="Weight" value="688."/>
			</object>
			<object name="2x356mm_Fuso_Turret_RF_X">
				<integer name="Amount" value="2"/>
				<integer name="ArmorFront" value="305"/>
				<integer name="ArmorSide" value="203"/>
				<integer name="ArmorTop" value="150"/>
				<string name="Content" value="Rifles.2x356mm_Fuso_Turret_Stvol"/>
				<integer name="Country" value="2"/>
				<integer name="Elevation" value="43"/>
				<integer name="ElevationRate" value="5"/>
				<boolean name="IgnoreXMLFile" value="false"/>
				<float name="Iron" value="750."/>
				<float name="Money" value="200."/>
				<boolean name="New" value="true"/>
				<boolean name="Production" value="false"/>
				<integer name="RotationRate" value="3."/>
				<string name="SMU_File" value="2x356mm_Fuso_Turret_RF"/>
				<string name="Type" value="Gun"/>
				<float name="Vitality" value="1600."/>
				<float name="Weight" value="688."/>
			</object>
			<object name="2x356mm_FusoGreen_Turret_BezRF_A">
				<integer name="Amount" value="2"/>
				<integer name="ArmorFront" value="305"/>
				<integer name="ArmorSide" value="203"/>
				<integer name="ArmorTop" value="150"/>
				<string name="Content" value="Rifles.2x356mm_Fuso_Turret_Stvol"/>
				<integer name="Country" value="2"/>
				<integer name="Elevation" value="43"/>
				<integer name="ElevationRate" value="5"/>
				<boolean name="IgnoreXMLFile" value="false"/>
				<float name="Iron" value="750."/>
				<float name="Money" value="200."/>
				<boolean name="New" value="true"/>
				<boolean name="Production" value="false"/>
				<integer name="RotationRate" value="3."/>
				<string name="SMU_File" value="2x356mm_FusoGreen_Turret_BezRF"/>
				<string name="Type" value="Gun"/>
				<float name="Vitality" value="1600."/>
				<float name="Weight" value="688."/>
			</object>
			<object name="2x356mm_FusoGreen_Turret_RF_B">
				<integer name="Amount" value="2"/>
				<integer name="ArmorFront" value="305"/>
				<integer name="ArmorSide" value="203"/>
				<integer name="ArmorTop" value="150"/>
				<string name="Content" value="Rifles.2x356mm_Fuso_Turret_Stvol"/>
				<integer name="Country" value="2"/>
				<integer name="Elevation" value="43"/>
				<integer name="ElevationRate" value="5"/>
				<boolean name="IgnoreXMLFile" value="false"/>
				<float name="Iron" value="750."/>
				<float name="Money" value="200."/>
				<boolean name="New" value="true"/>
				<boolean name="Production" value="false"/>
				<integer name="RotationRate" value="3."/>
				<string name="SMU_File" value="2x356mm_FusoGreen_Turret_RF"/>
				<string name="Type" value="Gun"/>
				<float name="Vitality" value="1600."/>
				<float name="Weight" value="688."/>
			</object>
			<object name="2x356mm_FusoGreen_Turret_RF_C">
				<integer name="Amount" value="2"/>
				<integer name="ArmorFront" value="305"/>
				<integer name="ArmorSide" value="203"/>
				<integer name="ArmorTop" value="150"/>
				<string name="Content" value="Rifles.2x356mm_Fuso_Turret_Stvol"/>
				<integer name="Country" value="2"/>
				<integer name="Elevation" value="43"/>
				<integer name="ElevationRate" value="5"/>
				<boolean name="IgnoreXMLFile" value="false"/>
				<float name="Iron" value="750."/>
				<float name="Money" value="200."/>
				<boolean name="New" value="true"/>
				<boolean name="Production" value="false"/>
				<integer name="RotationRate" value="3."/>
				<string name="SMU_File" value="2x356mm_FusoGreen_Turret_RF"/>
				<string name="Type" value="Gun"/>
				<float name="Vitality" value="1600."/>
				<float name="Weight" value="688."/>
			</object>
			<object name="2x356mm_FusoGreen_Turret_RF_D">
				<integer name="Amount" value="2"/>
				<integer name="ArmorFront" value="305"/>
				<integer name="ArmorSide" value="203"/>
				<integer name="ArmorTop" value="150"/>
				<string name="Content" value="Rifles.2x356mm_Fuso_Turret_Stvol"/>
				<integer name="Country" value="2"/>
				<integer name="Elevation" value="43"/>
				<integer name="ElevationRate" value="5"/>
				<boolean name="IgnoreXMLFile" value="false"/>
				<float name="Iron" value="750."/>
				<float name="Money" value="200."/>
				<boolean name="New" value="true"/>
				<boolean name="Production" value="false"/>
				<integer name="RotationRate" value="3."/>
				<string name="SMU_File" value="2x356mm_FusoGreen_Turret_RF"/>
				<string name="Type" value="Gun"/>
				<float name="Vitality" value="1600."/>
				<float name="Weight" value="688."/>
			</object>
			<object name="2x356mm_FusoGreen_Turret_RF_X">
				<integer name="Amount" value="2"/>
				<integer name="ArmorFront" value="305"/>
				<integer name="ArmorSide" value="203"/>
				<integer name="ArmorTop" value="150"/>
				<string name="Content" value="Rifles.2x356mm_Fuso_Turret_Stvol"/>
				<integer name="Country" value="2"/>
				<integer name="Elevation" value="43"/>
				<integer name="ElevationRate" value="5"/>
				<boolean name="IgnoreXMLFile" value="false"/>
				<float name="Iron" value="750."/>
				<float name="Money" value="200."/>
				<boolean name="New" value="true"/>
				<boolean name="Production" value="false"/>
				<integer name="RotationRate" value="3."/>
				<string name="SMU_File" value="2x356mm_FusoGreen_Turret_RF"/>
				<string name="Type" value="Gun"/>
				<float name="Vitality" value="1600."/>
				<float name="Weight" value="688."/>
			</object>
			<object name="2x356mm_FusoGreen_Turret_BezRF_Y">
				<integer name="Amount" value="2"/>
				<integer name="ArmorFront" value="305"/>
				<integer name="ArmorSide" value="203"/>
				<integer name="ArmorTop" value="150"/>
				<string name="Content" value="Rifles.2x356mm_Fuso_Turret_Stvol"/>
				<integer name="Country" value="2"/>
				<integer name="Elevation" value="43"/>
				<integer name="ElevationRate" value="5"/>
				<boolean name="IgnoreXMLFile" value="false"/>
				<float name="Iron" value="750."/>
				<float name="Money" value="200."/>
				<boolean name="New" value="true"/>
				<boolean name="Production" value="false"/>
				<integer name="RotationRate" value="3."/>
				<string name="SMU_File" value="2x356mm_FusoGreen_Turret_BezRF"/>
				<string name="Type" value="Gun"/>
				<float name="Vitality" value="1600."/>
				<float name="Weight" value="688."/>
			</object>
			<object name="2x356mm_Kongo_Turret_BezRF_A">
				<integer name="Amount" value="2"/>
				<integer name="ArmorFront" value="229"/>
				<integer name="ArmorSide" value="152"/>
				<integer name="ArmorTop" value="110"/>
				<string name="Content" value="Rifles.2x356mm_Fuso_Turret_Stvol"/>
				<integer name="Country" value="2"/>
				<integer name="Elevation" value="43"/>
				<integer name="ElevationRate" value="5"/>
				<boolean name="IgnoreXMLFile" value="false"/>
				<float name="Iron" value="750."/>
				<float name="Money" value="200."/>
				<boolean name="New" value="true"/>
				<boolean name="Production" value="false"/>
				<integer name="RotationRate" value="3."/>
				<string name="SMU_File" value="2x356mm_Kongo_Turret_BezRF"/>
				<string name="Type" value="Gun"/>
				<float name="Vitality" value="1400."/>
				<float name="Weight" value="664."/>
			</object>
			<object name="2x356mm_Kongo_Turret_RF_B">
				<integer name="Amount" value="2"/>
				<integer name="ArmorFront" value="229"/>
				<integer name="ArmorSide" value="152"/>
				<integer name="ArmorTop" value="110"/>
				<string name="Content" value="Rifles.2x356mm_Fuso_Turret_Stvol"/>
				<integer name="Country" value="2"/>
				<integer name="Elevation" value="43"/>
				<integer name="ElevationRate" value="5"/>
				<boolean name="IgnoreXMLFile" value="false"/>
				<float name="Iron" value="750."/>
				<float name="Money" value="200."/>
				<boolean name="New" value="true"/>
				<boolean name="Production" value="false"/>
				<integer name="RotationRate" value="3."/>
				<string name="SMU_File" value="2x356mm_Kongo_Turret_RF"/>
				<string name="Type" value="Gun"/>
				<float name="Vitality" value="1400."/>
				<float name="Weight" value="664."/>
			</object>
			<object name="2x356mm_Kongo_Turret_RF_X">
				<integer name="Amount" value="2"/>
				<integer name="ArmorFront" value="229"/>
				<integer name="ArmorSide" value="152"/>
				<integer name="ArmorTop" value="110"/>
				<string name="Content" value="Rifles.2x356mm_Fuso_Turret_Stvol"/>
				<integer name="Country" value="2"/>
				<integer name="Elevation" value="43"/>
				<integer name="ElevationRate" value="5"/>
				<boolean name="IgnoreXMLFile" value="false"/>
				<float name="Iron" value="750."/>
				<float name="Money" value="200."/>
				<boolean name="New" value="true"/>
				<boolean name="Production" value="false"/>
				<integer name="RotationRate" value="3."/>
				<string name="SMU_File" value="2x356mm_Kongo_Turret_RF"/>
				<string name="Type" value="Gun"/>
				<float name="Vitality" value="1400."/>
				<float name="Weight" value="664."/>
			</object>
			<object name="2x356mm_Kongo_Turret_BezRF_Y">
				<integer name="Amount" value="2"/>
				<integer name="ArmorFront" value="229"/>
				<integer name="ArmorSide" value="152"/>
				<integer name="ArmorTop" value="110"/>
				<string name="Content" value="Rifles.2x356mm_Fuso_Turret_Stvol"/>
				<integer name="Country" value="2"/>
				<integer name="Elevation" value="43"/>
				<integer name="ElevationRate" value="5"/>
				<boolean name="IgnoreXMLFile" value="false"/>
				<float name="Iron" value="750."/>
				<float name="Money" value="200."/>
				<boolean name="New" value="true"/>
				<boolean name="Production" value="false"/>
				<integer name="RotationRate" value="3."/>
				<string name="SMU_File" value="2x356mm_Kongo_Turret_BezRF"/>
				<string name="Type" value="Gun"/>
				<float name="Vitality" value="1400."/>
				<float name="Weight" value="664."/>
			</object>
			<object name="2x356mm_Hiei_Turret_BezRF_A">
				<integer name="Amount" value="2"/>
				<integer name="ArmorFront" value="229"/>
				<integer name="ArmorSide" value="152"/>
				<integer name="ArmorTop" value="110"/>
				<string name="Content" value="Rifles.2x356mm_Hiei_Turret_Stvol"/>
				<integer name="Country" value="2"/>
				<integer name="Elevation" value="43"/>
				<integer name="ElevationRate" value="5"/>
				<boolean name="IgnoreXMLFile" value="false"/>
				<float name="Iron" value="750."/>
				<float name="Money" value="200."/>
				<boolean name="New" value="true"/>
				<boolean name="Production" value="false"/>
				<integer name="RotationRate" value="3."/>
				<string name="SMU_File" value="2x356mm_Hiei_Turret_BezRF"/>
				<string name="Type" value="Gun"/>
				<float name="Vitality" value="1400."/>
				<float name="Weight" value="664."/>
			</object>
			<object name="2x356mm_Hiei_Turret_RF_B">
				<integer name="Amount" value="2"/>
				<integer name="ArmorFront" value="229"/>
				<integer name="ArmorSide" value="152"/>
				<integer name="ArmorTop" value="110"/>
				<string name="Content" value="Rifles.2x356mm_Hiei_Turret_Stvol"/>
				<integer name="Country" value="2"/>
				<integer name="Elevation" value="43"/>
				<integer name="ElevationRate" value="5"/>
				<boolean name="IgnoreXMLFile" value="false"/>
				<float name="Iron" value="750."/>
				<float name="Money" value="200."/>
				<boolean name="New" value="true"/>
				<boolean name="Production" value="false"/>
				<integer name="RotationRate" value="3."/>
				<string name="SMU_File" value="2x356mm_Hiei_Turret_RF"/>
				<string name="Type" value="Gun"/>
				<float name="Vitality" value="1400."/>
				<float name="Weight" value="664."/>
			</object>
			<object name="2x356mm_Hiei_Turret_RF_X">
				<integer name="Amount" value="2"/>
				<integer name="ArmorFront" value="229"/>
				<integer name="ArmorSide" value="152"/>
				<integer name="ArmorTop" value="110"/>
				<string name="Content" value="Rifles.2x356mm_Hiei_Turret_Stvol"/>
				<integer name="Country" value="2"/>
				<integer name="Elevation" value="43"/>
				<integer name="ElevationRate" value="5"/>
				<boolean name="IgnoreXMLFile" value="false"/>
				<float name="Iron" value="750."/>
				<float name="Money" value="200."/>
				<boolean name="New" value="true"/>
				<boolean name="Production" value="false"/>
				<integer name="RotationRate" value="3."/>
				<string name="SMU_File" value="2x356mm_Hiei_Turret_RF"/>
				<string name="Type" value="Gun"/>
				<float name="Vitality" value="1400."/>
				<float name="Weight" value="664."/>
			</object>
			<object name="2x356mm_Hiei_Turret_BezRF_Y">
				<integer name="Amount" value="2"/>
				<integer name="ArmorFront" value="229"/>
				<integer name="ArmorSide" value="152"/>
				<integer name="ArmorTop" value="110"/>
				<string name="Content" value="Rifles.2x356mm_Hiei_Turret_Stvol"/>
				<integer name="Country" value="2"/>
				<integer name="Elevation" value="43"/>
				<integer name="ElevationRate" value="5"/>
				<boolean name="IgnoreXMLFile" value="false"/>
				<float name="Iron" value="750."/>
				<float name="Money" value="200."/>
				<boolean name="New" value="true"/>
				<boolean name="Production" value="false"/>
				<integer name="RotationRate" value="3."/>
				<string name="SMU_File" value="2x356mm_Hiei_Turret_BezRF"/>
				<string name="Type" value="Gun"/>
				<float name="Vitality" value="1400."/>
				<float name="Weight" value="664."/>
			</object>
		</object>
	</object>
</root>
