﻿xml version="1.0" standalone="yes" ?>
<root>
	<object name="Modifications">
		<object name="SubUnits">
			<object name="Japan_AARocket_127x28_Turret">
				<object name="TPort_1">
					<string name="Device" value="Japan_AARocket_127x28_Stvol"/>
					<string name="Table" value="Rifles"/>
				</object>
				<object name="TPort_2">
					<string name="Device" value="Japan_AARocket_127x28_Stvolx"/>
					<string name="Table" value="Rifles"/>
				</object>
				<object name="TPort_3">
					<string name="Device" value="Japan_AARocket_127x28_Stvolx"/>
					<string name="Table" value="Rifles"/>
				</object>
				<object name="TPort_4">
					<string name="Device" value="Japan_AARocket_127x28_Stvolx"/>
					<string name="Table" value="Rifles"/>
				</object>
				<object name="TPort_5">
					<string name="Device" value="Japan_AARocket_127x28_Stvolx"/>
					<string name="Table" value="Rifles"/>
				</object>
				<object name="TPort_6">
					<string name="Device" value="Japan_AARocket_127x28_Stvolx"/>
					<string name="Table" value="Rifles"/>
				</object>
				<object name="TPort_7">
					<string name="Device" value="Japan_AARocket_127x28_Stvolx"/>
					<string name="Table" value="Rifles"/>
				</object>
				<object name="TPort_8">
					<string name="Device" value="Japan_AARocket_127x28_Stvolx"/>
					<string name="Table" value="Rifles"/>
				</object>
				<object name="TPort_9">
					<string name="Device" value="Japan_AARocket_127x28_Stvolx"/>
					<string name="Table" value="Rifles"/>
				</object>
				<object name="TPort_10">
					<string name="Device" value="Japan_AARocket_127x28_Stvolx"/>
					<string name="Table" value="Rifles"/>
				</object>
				<object name="TPort_11">
					<string name="Device" value="Japan_AARocket_127x28_Stvolx"/>
					<string name="Table" value="Rifles"/>
				</object>
				<object name="TPort_12">
					<string name="Device" value="Japan_AARocket_127x28_Stvolx"/>
					<string name="Table" value="Rifles"/>
				</object>
				<object name="TPort_13">
					<string name="Device" value="Japan_AARocket_127x28_Stvolx"/>
					<string name="Table" value="Rifles"/>
				</object>
				<object name="TPort_14">
					<string name="Device" value="Japan_AARocket_127x28_Stvolx"/>
					<string name="Table" value="Rifles"/>
				</object>
				<object name="TPort_15">
					<string name="Device" value="Japan_AARocket_127x28_Stvolx"/>
					<string name="Table" value="Rifles"/>
				</object>
				<object name="TPort_16">
					<string name="Device" value="Japan_AARocket_127x28_Stvolx"/>
					<string name="Table" value="Rifles"/>
				</object>
				<object name="TPort_17">
					<string name="Device" value="Japan_AARocket_127x28_Stvolx"/>
					<string name="Table" value="Rifles"/>
				</object>
				<object name="TPort_18">
					<string name="Device" value="Japan_AARocket_127x28_Stvolx"/>
					<string name="Table" value="Rifles"/>
				</object>
				<object name="TPort_19">
					<string name="Device" value="Japan_AARocket_127x28_Stvolx"/>
					<string name="Table" value="Rifles"/>
				</object>
				<object name="TPort_20">
					<string name="Device" value="Japan_AARocket_127x28_Stvolx"/>
					<string name="Table" value="Rifles"/>
				</object>
			</object>
		</object>
	</object>
</root>
