﻿xml version="1.0" standalone="yes" ?>
<root>
	<object name="Modifications">
		<object name="SubUnits">
			<object name="Littorio_3x152mm_Turret">
				<object name="TPort_0">
					<string name="Device" value="Littorio_3x152mm_Stvol"/>
					<string name="Table" value="Rifles"/>
				</object>
				<object name="TPort_1">
					<string name="Device" value="Littorio_3x152mm_Stvol"/>
					<string name="Table" value="Rifles"/>
				</object>
				<object name="TPort_2">
					<string name="Device" value="Littorio_3x152mm_Stvol"/>
					<string name="Table" value="Rifles"/>
				</object>
			</object>
			<object name="Littorio_3x152mm_TurretA">
				<object name="TPort_0">
					<string name="Device" value="Littorio_3x152mm_Stvol"/>
					<string name="Table" value="Rifles"/>
				</object>
				<object name="TPort_1">
					<string name="Device" value="Littorio_3x152mm_Stvol"/>
					<string name="Table" value="Rifles"/>
				</object>
				<object name="TPort_2">
					<string name="Device" value="Littorio_3x152mm_Stvol"/>
					<string name="Table" value="Rifles"/>
				</object>
			</object>
			<object name="Littorio_3x152mm_TurretY">
				<object name="TPort_0">
					<string name="Device" value="Littorio_3x152mm_Stvol"/>
					<string name="Table" value="Rifles"/>
				</object>
				<object name="TPort_1">
					<string name="Device" value="Littorio_3x152mm_Stvol"/>
					<string name="Table" value="Rifles"/>
				</object>
				<object name="TPort_2">
					<string name="Device" value="Littorio_3x152mm_Stvol"/>
					<string name="Table" value="Rifles"/>
				</object>
			</object>
		</object>
	</object>
</root>
