﻿<?xml version = "1.0" encoding = "UTF-8"?>
<root>
	<object name = "SteelMonstersParams">
		<object name="Ships">
			<object name="Repulse">
				<float name="AccelRate" value="1.e-004"/>
				<string name="Airgroup" value="Scout_ShipWater_Battleship_Battalion_england"/>
				<integer name="AirplanesCount" value="4"/>
				<string name="AmmoLoadingTemplate" value="Ammo 300"/>
				<boolean name="BoatsTransportationAbility" value="false"/>
				<integer name="CabinArmor" value="533"/>
				<boolean name="CanBeChanged" value="true"/>
				<boolean name="CanUseTorpedos" value="true"/>
				<string name="CatapultAirgroupDefaultUnit" value="Walrus"/>
				<integer name="Country" value="3"/>
				<integer name="Crew" value="1300"/>
				<float name="CriticalCareen" value="37."/>
				<float name="CriticalDFT" value="2.8"/>
				<float name="CriticalDifferent" value="2."/>
				<float name="DTimeProd" value="160."/>
				<float name="DisplacementMax" value="37400."/>
				<float name="EPR" value="630."/>
				<float name="FireRisk" value="1667."/>
				<float name="Fuel" value="4613."/>
				<float name="HLShapeCoef" value="0.7"/>
				<integer name="HullArmorSide" value="310"/>
				<integer name="HullArmorTop" value="265"/>
				<float name="Iron" value="48300."/>
				<integer name="Length" value="242"/>
				<float name="MaxSpeed" value="28."/>
				<integer name="MinCrew" value="960"/>
				<float name="Money" value="40000."/>
				<float name="NTimeProd" value="400."/>
				<string name="Name" value="Repulse"/>
				<boolean name="New" value="true"/>
				<integer name="Nuc_Dest_Prob" value="300"/>
				<integer name="Passengers" value="70"/>
				<boolean name="PlanesTransportationAbility" value="false"/>
				<float name="Range" value="11844."/>
				<integer name="Rank" value="2"/>
				<string name="SMU" value="Repulse"/>
				<float name="Speed" value="12."/>
				<float name="StoreCapacity" value="3600."/>
				<boolean name="Transportable" value="false"/>
				<float name="TurnRate" value="1.2e-003"/>
				<integer name="Type" value="1"/>
				<float name="Vitality" value="8400."/>
				<float name="VitalityAA" value="3500."/>
				<float name="Weight" value="30750."/>
				<integer name="Width" value="27.43"/>
				<integer name="Year" value="39"/>
			</object>
		</object> 
		<object name="Engins">	
			<object name="MPP_Repulse">
				<float name="Consumption" value="6.e-004"/>
				<integer name="Country" value="3"/>
				<float name="Money" value="21000."/>
				<integer name="Power_Max" value="120000"/>
				<integer name="RPM_Max" value="0"/>
				<integer name="Type" value="8"/>
				<integer name="Unreliability" value="10"/>
				<string name="Usage" value="Ships"/>
				<float name="Weight" value="3000."/>
			</object>
	    </object>
		<object name="Hit_Location">
			<object name="Rep1457">
				<string name="ConnectName" value="Tiller;"/>
				<integer name="Country" value="3"/>
				<float name="ER" value="500."/>
				<string name="Hull" value="Std_Rudder"/>
				<string name="Name" value="Rudder"/>
				<string name="TypHL" value="Rudder"/>
				<string name="UnitName" value="Repulse"/>
			</object>
			<object name="Rep1458">
				<string name="ConnectName" value="Engine1"/>
				<integer name="Country" value="3"/>
				<float name="ER" value="500."/>
				<string name="Hull" value="Std_Mover"/>
				<string name="Name" value="Mover1"/>
				<string name="TypHL" value="Mover"/>
				<string name="UnitName" value="Repulse"/>
			</object>
			<object name="Rep1459">
				<string name="ConnectName" value="Engine2"/>
				<integer name="Country" value="3"/>
				<float name="ER" value="500."/>
				<string name="Hull" value="Std_Mover"/>
				<string name="Name" value="Mover2"/>
				<string name="TypHL" value="Mover"/>
				<string name="UnitName" value="Repulse"/>
			</object>
			<object name="Rep1460">
				<string name="ConnectName" value="Engine4"/>
				<integer name="Country" value="3"/>
				<float name="ER" value="500."/>
				<string name="Hull" value="Std_Mover"/>
				<string name="Name" value="Mover4"/>
				<string name="TypHL" value="Mover"/>
				<string name="UnitName" value="Repulse"/>
			</object>
			<object name="Rep1461">
				<string name="ConnectName" value="Engine3"/>
				<integer name="Country" value="3"/>
				<float name="ER" value="500."/>
				<string name="Hull" value="Std_Mover"/>
				<string name="Name" value="Mover3"/>
				<string name="TypHL" value="Mover"/>
				<string name="UnitName" value="Repulse"/>
			</object>
			<object name="Rep1462">
				<integer name="Country" value="3"/>
				<float name="ER" value="500."/>
				<string name="Hull" value="Repulse_Barbet"/>
				<string name="Name" value="Barbet4"/>
				<string name="TypHL" value="Hull"/>
				<string name="UnitName" value="Repulse"/>
			</object>
			<object name="Rep1463">
				<integer name="Country" value="3"/>
				<float name="ER" value="500."/>
				<string name="Hull" value="Repulse_Barbet"/>
				<string name="Name" value="Barbet3"/>
				<string name="TypHL" value="Hull"/>
				<string name="UnitName" value="Repulse"/>
			</object>
			<object name="Rep1464">
				<integer name="Country" value="3"/>
				<float name="ER" value="500."/>
				<string name="Hull" value="Repulse_Barbet"/>
				<string name="Name" value="Barbet2"/>
				<string name="TypHL" value="Hull"/>
				<string name="UnitName" value="Repulse"/>
			</object>
			<object name="Rep1465">
				<integer name="Country" value="3"/>
				<float name="ER" value="500."/>
				<string name="Hull" value="Repulse_Barbet"/>
				<string name="Name" value="Barbet1"/>
				<string name="TypHL" value="Hull"/>
				<string name="UnitName" value="Repulse"/>
			</object>
			<object name="Rep1466">
				<integer name="Country" value="3"/>
				<float name="ER" value="500."/>
				<string name="Hull" value="Repulse_SG_Probe"/>
				<string name="Name" value="Probe_SG_Bow"/>
				<string name="TypHL" value="Probe"/>
				<string name="UnitName" value="Repulse"/>
			</object>
			<object name="Rep1467">
				<integer name="Country" value="3"/>
				<float name="ER" value="500."/>
				<string name="Hull" value="Repulse_BattleCabine"/>
				<string name="Name" value="BattleCabine"/>
				<string name="TypHL" value="Hull"/>
				<string name="UnitName" value="Repulse"/>
			</object>
			<object name="Rep1469">
				<integer name="Country" value="3"/>
				<float name="ER" value="500."/>
				<string name="Hull" value="Std_Probe"/>
				<string name="Name" value="Probe_AA"/>
				<string name="TypHL" value="Probe"/>
				<string name="UnitName" value="Repulse"/>
			</object>
			<object name="Rep1470">
				<integer name="Country" value="3"/>
				<float name="ER" value="500."/>
				<string name="Hull" value="Repulse_MG_Probe"/>
				<string name="Name" value="Probe_MG_Bow"/>
				<string name="TypHL" value="Probe"/>
				<string name="UnitName" value="Repulse"/>
			</object>
			<object name="Rep1473">
				<integer name="Country" value="3"/>
				<float name="ER" value="500."/>
				<string name="Hull" value="Std_Hull"/>
				<string name="Name" value="Bow2_RBottom"/>
				<string name="TypHL" value="Hull"/>
				<string name="UnitName" value="Repulse"/>
			</object>
			<object name="Rep1474">
				<integer name="Country" value="3"/>
				<float name="ER" value="500."/>
				<string name="Hull" value="Std_Hull"/>
				<string name="Name" value="Bow2_LBottom"/>
				<string name="TypHL" value="Hull"/>
				<string name="UnitName" value="Repulse"/>
			</object>
			<object name="Rep1475">
				<integer name="Country" value="3"/>
				<float name="ER" value="500."/>
				<string name="Hull" value="Repulse_LMBelt"/>
				<string name="Name" value="Bow2_LowerBelt"/>
				<string name="TypHL" value="Hull"/>
				<string name="UnitName" value="Repulse"/>
			</object>
			<object name="Rep1476">
				<integer name="Country" value="3"/>
				<float name="ER" value="500."/>
				<string name="Hull" value="Std_Lboard"/>
				<string name="Name" value="Bow2_LBoard"/>
				<string name="TypHL" value="Hull"/>
				<string name="UnitName" value="Repulse"/>
			</object>
			<object name="Rep1477">
				<integer name="Country" value="3"/>
				<float name="ER" value="500."/>
				<string name="Hull" value="Std_Rboard"/>
				<string name="Name" value="Bow2_RBoard"/>
				<string name="TypHL" value="Hull"/>
				<string name="UnitName" value="Repulse"/>
			</object>
			<object name="Rep1478">
				<integer name="Country" value="3"/>
				<float name="ER" value="500."/>
				<string name="Hull" value="Repulse_RUBelt_Bow2"/>
				<string name="Name" value="Bow2_RMiddleBelt"/>
				<string name="TypHL" value="Hull"/>
				<string name="UnitName" value="Repulse"/>
			</object>
			<object name="Rep1479">
				<integer name="Country" value="3"/>
				<float name="ER" value="500."/>
				<string name="Hull" value="Repulse_RMBelt"/>
				<string name="Name" value="Bow2_RLowerBelt"/>
				<string name="TypHL" value="Hull"/>
				<string name="UnitName" value="Repulse"/>
			</object>
			<object name="Rep1480">
				<integer name="Country" value="3"/>
				<float name="ER" value="500."/>
				<string name="Hull" value="Repulse_LUBelt_Bow2"/>
				<string name="Name" value="Bow2_LMiddleBelt"/>
				<string name="TypHL" value="Hull"/>
				<string name="UnitName" value="Repulse"/>
			</object>
			<object name="Rep1481">
				<integer name="Country" value="3"/>
				<float name="ER" value="500."/>
				<string name="Hull" value="Repulse_LMBelt"/>
				<string name="Name" value="Bow2_LLowerBelt"/>
				<string name="TypHL" value="Hull"/>
				<string name="UnitName" value="Repulse"/>
			</object>
			<object name="Rep1482">
				<integer name="Country" value="3"/>
				<float name="ER" value="500."/>
				<string name="Hull" value="Std_LAMP"/>
				<string name="Name" value="Bow2_LAMP"/>
				<string name="TypHL" value="Hull"/>
				<string name="UnitName" value="Repulse"/>
			</object>
			<object name="Rep1483">
				<integer name="Country" value="3"/>
				<float name="ER" value="500."/>
				<string name="Hull" value="Repulse_MiddleDeck_Bow2"/>
				<string name="Name" value="Bow2_MiddleDeck"/>
				<string name="TypHL" value="Hull"/>
				<string name="UnitName" value="Repulse"/>
			</object>
			<object name="Rep1484">
				<integer name="Country" value="3"/>
				<float name="ER" value="500."/>
				<string name="Hull" value="Std_AS_T2"/>
				<string name="Name" value="AmmoStore_MG_2"/>
				<string name="TypHL" value="AmmoStore"/>
				<string name="UnitName" value="Repulse"/>
			</object>
			<object name="Rep1485">
				<integer name="Country" value="3"/>
				<float name="ER" value="500."/>
				<string name="Hull" value="Std_AS_T2"/>
				<string name="Name" value="AmmoStore_MG_1"/>
				<string name="TypHL" value="AmmoStore"/>
				<string name="UnitName" value="Repulse"/>
			</object>
			<object name="Rep1486">
				<integer name="Country" value="3"/>
				<float name="ER" value="500."/>
				<string name="Hull" value="Repulse_UpperDeck_Bow2"/>
				<string name="Name" value="Bow2_UpperDeck"/>
				<string name="TypHL" value="Hull"/>
				<string name="UnitName" value="Repulse"/>
			</object>
			<object name="Rep1487">
				<integer name="Country" value="3"/>
				<float name="ER" value="500."/>
				<string name="Hull" value="Std_RAMP"/>
				<string name="Name" value="Bow2_RAMP"/>
				<string name="TypHL" value="Hull"/>
				<string name="UnitName" value="Repulse"/>
			</object>
			<object name="Rep1488">
				<integer name="Country" value="3"/>
				<float name="ER" value="500."/>
				<string name="Hull" value="Repulse_LMBelt_Bow"/>
				<string name="Name" value="Bow2_LMiddleBelt1"/>
				<string name="TypHL" value="Hull"/>
				<string name="UnitName" value="Repulse"/>
			</object>
			<object name="Rep1489">
				<integer name="Country" value="3"/>
				<float name="ER" value="500."/>
				<string name="Hull" value="Repulse_RMBelt_Bow"/>
				<string name="Name" value="Bow2_RMiddleBelt1"/>
				<string name="TypHL" value="Hull"/>
				<string name="UnitName" value="Repulse"/>
			</object>
			<object name="Rep1490">
				<integer name="Country" value="3"/>
				<float name="ER" value="500."/>
				<string name="Hull" value="Repulse_Foredeck_Bow2"/>
				<string name="Name" value="Bow2_ForeDeck"/>
				<string name="TypHL" value="Hull"/>
				<string name="UnitName" value="Repulse"/>
			</object>
			<object name="Rep1492">
				<integer name="Country" value="3"/>
				<float name="ER" value="500."/>
				<string name="Hull" value="Std_Hull"/>
				<string name="Name" value="Middle1_RBottom"/>
				<string name="TypHL" value="FuelTank"/>
				<string name="UnitName" value="Repulse"/>
			</object>
			<object name="Rep1493">
				<integer name="Country" value="3"/>
				<float name="ER" value="500."/>
				<string name="Hull" value="Std_Hull"/>
				<string name="Name" value="Middle1_LBottom"/>
				<string name="TypHL" value="FuelTank"/>
				<string name="UnitName" value="Repulse"/>
			</object>
			<object name="Rep1494">
				<integer name="Country" value="3"/>
				<float name="ER" value="500."/>
				<string name="Hull" value="Std_Hull"/>
				<string name="Name" value="Middle1_LowerDeck"/>
				<string name="TypHL" value="Hull"/>
				<string name="UnitName" value="Repulse"/>
			</object>
			<object name="Rep1495">
				<integer name="Country" value="3"/>
				<float name="ER" value="500."/>
				<string name="Hull" value="Std_Probe"/>
				<string name="Name" value="Radio"/>
				<string name="TypHL" value="Probe"/>
				<string name="UnitName" value="Repulse"/>
			</object>
			<object name="Rep1496">
				<integer name="Country" value="3"/>
				<float name="ER" value="500."/>
				<string name="Hull" value="Std_Probe"/>
				<string name="Name" value="Radar"/>
				<string name="TypHL" value="Probe"/>
				<string name="UnitName" value="Repulse"/>
			</object>
			<object name="Rep1497">
				<integer name="Country" value="3"/>
				<float name="ER" value="500."/>
				<string name="Hull" value="Std_AS_T2"/>
				<string name="Name" value="AmmoStore_SG"/>
				<string name="TypHL" value="AmmoStore"/>
				<string name="UnitName" value="Repulse"/>
			</object>
			<object name="Rep1498">
				<integer name="Country" value="3"/>
				<float name="ER" value="500."/>
				<string name="Hull" value="Std_Lboard"/>
				<string name="Name" value="Middle1_LBoard"/>
				<string name="TypHL" value="Hull"/>
				<string name="UnitName" value="Repulse"/>
			</object>
			<object name="Rep1499">
				<integer name="Country" value="3"/>
				<float name="ER" value="500."/>
				<string name="Hull" value="Repulse_RUBelt"/>
				<string name="Name" value="Middle1_RMiddleBelt"/>
				<string name="TypHL" value="Hull"/>
				<string name="UnitName" value="Repulse"/>
			</object>
			<object name="Rep1500">
				<integer name="Country" value="3"/>
				<float name="ER" value="500."/>
				<string name="Hull" value="Std_Rboard"/>
				<string name="Name" value="Middle1_RBoard"/>
				<string name="TypHL" value="Hull"/>
				<string name="UnitName" value="Repulse"/>
			</object>
			<object name="Rep1501">
				<integer name="Country" value="3"/>
				<float name="ER" value="500."/>
				<string name="Hull" value="Repulse_RMBelt"/>
				<string name="Name" value="Middle1_RLowerBelt"/>
				<string name="TypHL" value="Hull"/>
				<string name="UnitName" value="Repulse"/>
			</object>
			<object name="Rep1502">
				<integer name="Country" value="3"/>
				<float name="ER" value="500."/>
				<string name="Hull" value="Repulse_LUBelt"/>
				<string name="Name" value="Middle1_LMiddleBelt"/>
				<string name="TypHL" value="Hull"/>
				<string name="UnitName" value="Repulse"/>
			</object>
			<object name="Rep1503">
				<integer name="Country" value="3"/>
				<float name="ER" value="500."/>
				<string name="Hull" value="Repulse_LMBelt"/>
				<string name="Name" value="Middle1_LLowerBelt"/>
				<string name="TypHL" value="Hull"/>
				<string name="UnitName" value="Repulse"/>
			</object>
			<object name="Rep1504">
				<integer name="Country" value="3"/>
				<float name="ER" value="500."/>
				<string name="Hull" value="v_MiddleDeck"/>
				<string name="Name" value="Middle1_MiddleDeck"/>
				<string name="TypHL" value="Hull"/>
				<string name="UnitName" value="Repulse"/>
			</object>
			<object name="Rep1505">
				<integer name="Country" value="3"/>
				<float name="ER" value="500."/>
				<string name="Hull" value="Std_Probe"/>
				<string name="Name" value="CentralPost"/>
				<string name="TypHL" value="Probe"/>
				<string name="UnitName" value="Repulse"/>
			</object>
			<object name="Rep1506">
				<integer name="Country" value="3"/>
				<float name="ER" value="500."/>
				<string name="Hull" value="Repulse_UpperDeck"/>
				<string name="Name" value="Middle1_UpperDeck"/>
				<string name="TypHL" value="Hull"/>
				<string name="UnitName" value="Repulse"/>
			</object>
			<object name="Rep1507">
				<integer name="Country" value="3"/>
				<float name="ER" value="500."/>
				<string name="Hull" value="Std_LAMP"/>
				<string name="Name" value="Middle1_LAMP"/>
				<string name="TypHL" value="Hull"/>
				<string name="UnitName" value="Repulse"/>
			</object>
			<object name="Rep1508">
				<integer name="Country" value="3"/>
				<float name="ER" value="500."/>
				<string name="Hull" value="Std_RAMP"/>
				<string name="Name" value="Middle1_RAMP"/>
				<string name="TypHL" value="Hull"/>
				<string name="UnitName" value="Repulse"/>
			</object>
			<object name="Rep1509">
				<integer name="Country" value="3"/>
				<float name="ER" value="500."/>
				<string name="Hull" value="Repulse_Foredeck"/>
				<string name="Name" value="Middle1_ForeDeck"/>
				<string name="TypHL" value="Hull"/>
				<string name="UnitName" value="Repulse"/>
			</object>
			<object name="Rep1511">
				<integer name="Country" value="3"/>
				<float name="ER" value="500."/>
				<string name="Hull" value="Std_Hull"/>
				<string name="Name" value="Middle2_RBottom"/>
				<string name="TypHL" value="FuelTank"/>
				<string name="UnitName" value="Repulse"/>
			</object>
			<object name="Rep1512">
				<integer name="Country" value="3"/>
				<float name="ER" value="500."/>
				<string name="Hull" value="Std_Hull"/>
				<string name="Name" value="Middle2_LBottom"/>
				<string name="TypHL" value="FuelTank"/>
				<string name="UnitName" value="Repulse"/>
			</object>
			<object name="Rep1513">
				<integer name="Country" value="3"/>
				<float name="ER" value="500."/>
				<string name="Hull" value="Std_Lboard"/>
				<string name="Name" value="Middle2_LBoard"/>
				<string name="TypHL" value="Hull"/>
				<string name="UnitName" value="Repulse"/>
			</object>
			<object name="Rep1514">
				<integer name="Country" value="3"/>
				<float name="ER" value="500."/>
				<string name="Hull" value="Std_RAMP"/>
				<string name="Name" value="Middle2_RAMP"/>
				<string name="TypHL" value="Hull"/>
				<string name="UnitName" value="Repulse"/>
			</object>
			<object name="Rep1515">
				<integer name="Country" value="3"/>
				<float name="ER" value="500."/>
				<string name="Hull" value="Std_Rboard"/>
				<string name="Name" value="Middle2_RBoard"/>
				<string name="TypHL" value="Hull"/>
				<string name="UnitName" value="Repulse"/>
			</object>
			<object name="Rep1516">
				<integer name="Country" value="3"/>
				<float name="ER" value="500."/>
				<string name="Hull" value="Repulse_MiddleDeck"/>
				<string name="Name" value="Middle2_FBoilerCover"/>
				<string name="TypHL" value="Hull"/>
				<string name="UnitName" value="Repulse"/>
			</object>
			<object name="Rep1517">
				<integer name="Country" value="3"/>
				<float name="ER" value="500."/>
				<string name="Hull" value="Std_Boiler"/>
				<string name="Name" value="Boiler1"/>
				<string name="TypHL" value="Boiler"/>
				<string name="UnitName" value="Repulse"/>
			</object>
			<object name="Rep1518">
				<integer name="Country" value="3"/>
				<float name="ER" value="500."/>
				<string name="Hull" value="Std_Boiler"/>
				<string name="Name" value="Boiler2"/>
				<string name="TypHL" value="Boiler"/>
				<string name="UnitName" value="Repulse"/>
			</object>
			<object name="Rep1519">
				<integer name="Country" value="3"/>
				<float name="ER" value="500."/>
				<string name="Hull" value="Repulse_RMBelt"/>
				<string name="Name" value="Middle2_RLowerBelt"/>
				<string name="TypHL" value="Hull"/>
				<string name="UnitName" value="Repulse"/>
			</object>
			<object name="Rep1520">
				<integer name="Country" value="3"/>
				<float name="ER" value="500."/>
				<string name="Hull" value="Repulse_RUBelt"/>
				<string name="Name" value="Middle2_RMiddleBelt"/>
				<string name="TypHL" value="Hull"/>
				<string name="UnitName" value="Repulse"/>
			</object>
			<object name="Rep1521">
				<integer name="Country" value="3"/>
				<float name="ER" value="500."/>
				<string name="Hull" value="Repulse_LMBelt"/>
				<string name="Name" value="Middle2_LLowerBelt"/>
				<string name="TypHL" value="Hull"/>
				<string name="UnitName" value="Repulse"/>
			</object>
			<object name="Rep1522">
				<integer name="Country" value="3"/>
				<float name="ER" value="500."/>
				<string name="Hull" value="Repulse_LUBelt"/>
				<string name="Name" value="Middle2_LMiddleBelt"/>
				<string name="TypHL" value="Hull"/>
				<string name="UnitName" value="Repulse"/>
			</object>
			<object name="Rep1523">
				<integer name="Country" value="3"/>
				<float name="ER" value="500."/>
				<string name="Hull" value="Repulse_UpperDeck"/>
				<string name="Name" value="Middle2_UpperDeck"/>
				<string name="TypHL" value="Hull"/>
				<string name="UnitName" value="Repulse"/>
			</object>
			<object name="Rep1524">
				<integer name="Country" value="3"/>
				<float name="ER" value="500."/>
				<string name="Hull" value="Std_LAMP"/>
				<string name="Name" value="Middle2_LAMP"/>
				<string name="TypHL" value="Hull"/>
				<string name="UnitName" value="Repulse"/>
			</object>
			<object name="Rep1525">
				<integer name="Country" value="3"/>
				<float name="ER" value="500."/>
				<string name="Hull" value="Repulse_MiddleDeck"/>
				<string name="Name" value="Middle2_SBoilerCover"/>
				<string name="TypHL" value="Hull"/>
				<string name="UnitName" value="Repulse"/>
			</object>
			<object name="Rep1526">
				<integer name="Country" value="3"/>
				<float name="ER" value="500."/>
				<string name="Hull" value="Std_Boiler"/>
				<string name="Name" value="Boiler4"/>
				<string name="TypHL" value="Boiler"/>
				<string name="UnitName" value="Repulse"/>
			</object>
			<object name="Rep1527">
				<integer name="Country" value="3"/>
				<float name="ER" value="500."/>
				<string name="Hull" value="Std_Boiler"/>
				<string name="Name" value="Boiler3"/>
				<string name="TypHL" value="Boiler"/>
				<string name="UnitName" value="Repulse"/>
			</object>
			<object name="Rep1528">
				<integer name="Country" value="3"/>
				<float name="ER" value="500."/>
				<string name="Hull" value="Repulse_Foredeck"/>
				<string name="Name" value="Middle2_ForeDeck"/>
				<string name="TypHL" value="Hull"/>
				<string name="UnitName" value="Repulse"/>
			</object>
			<object name="Rep1530">
				<integer name="Country" value="3"/>
				<float name="ER" value="500."/>
				<string name="Hull" value="Std_Hull"/>
				<string name="Name" value="Middle3_RBottom"/>
				<string name="TypHL" value="FuelTank"/>
				<string name="UnitName" value="Repulse"/>
			</object>
			<object name="Rep1531">
				<integer name="Country" value="3"/>
				<float name="ER" value="500."/>
				<string name="Hull" value="Std_Hull"/>
				<string name="Name" value="Middle3_LBottom"/>
				<string name="TypHL" value="FuelTank"/>
				<string name="UnitName" value="Repulse"/>
			</object>
			<object name="Rep1532">
				<integer name="Country" value="3"/>
				<float name="ER" value="500."/>
				<string name="Hull" value="Std_LAMP"/>
				<string name="Name" value="Middle3_LAMP"/>
				<string name="TypHL" value="Hull"/>
				<string name="UnitName" value="Repulse"/>
			</object>
			<object name="Rep1533">
				<integer name="Country" value="3"/>
				<float name="ER" value="500."/>
				<string name="Hull" value="Std_Lboard"/>
				<string name="Name" value="Middle3_LBoard"/>
				<string name="TypHL" value="Hull"/>
				<string name="UnitName" value="Repulse"/>
			</object>
			<object name="Rep1534">
				<integer name="Country" value="3"/>
				<float name="ER" value="500."/>
				<string name="Hull" value="Repulse_LMBelt"/>
				<string name="Name" value="Middle3_LLowerBelt"/>
				<string name="TypHL" value="Hull"/>
				<string name="UnitName" value="Repulse"/>
			</object>
			<object name="Rep1535">
				<integer name="Country" value="3"/>
				<float name="ER" value="500."/>
				<string name="Hull" value="Repulse_LUBelt"/>
				<string name="Name" value="Middle3_LMiddleBelt"/>
				<string name="TypHL" value="Hull"/>
				<string name="UnitName" value="Repulse"/>
			</object>
			<object name="Rep1536">
				<integer name="Country" value="3"/>
				<float name="ER" value="500."/>
				<string name="Hull" value="Repulse_UpperDeck"/>
				<string name="Name" value="Middle3_UpperDeck"/>
				<string name="TypHL" value="Hull"/>
				<string name="UnitName" value="Repulse"/>
			</object>
			<object name="Rep1537">
				<integer name="Country" value="3"/>
				<float name="ER" value="500."/>
				<string name="Hull" value="Repulse_MiddleDeck"/>
				<string name="Name" value="Middle3_FBoilerCover"/>
				<string name="TypHL" value="Hull"/>
				<string name="UnitName" value="Repulse"/>
			</object>
			<object name="Rep1538">
				<integer name="Country" value="3"/>
				<float name="ER" value="500."/>
				<string name="Hull" value="Std_Boiler"/>
				<string name="Name" value="Boiler6"/>
				<string name="TypHL" value="Boiler"/>
				<string name="UnitName" value="Repulse"/>
			</object>
			<object name="Rep1539">
				<integer name="Country" value="3"/>
				<float name="ER" value="500."/>
				<string name="Hull" value="Std_Boiler"/>
				<string name="Name" value="Boiler5"/>
				<string name="TypHL" value="Boiler"/>
				<string name="UnitName" value="Repulse"/>
			</object>
			<object name="Rep1540">
				<integer name="Country" value="3"/>
				<float name="ER" value="500."/>
				<string name="Hull" value="Std_RAMP"/>
				<string name="Name" value="Middle3_RAMP"/>
				<string name="TypHL" value="Hull"/>
				<string name="UnitName" value="Repulse"/>
			</object>
			<object name="Rep1541">
				<integer name="Country" value="3"/>
				<float name="ER" value="500."/>
				<string name="Hull" value="Std_Rboard"/>
				<string name="Name" value="Middle3_RBoard"/>
				<string name="TypHL" value="Hull"/>
				<string name="UnitName" value="Repulse"/>
			</object>
			<object name="Rep1542">
				<integer name="Country" value="3"/>
				<float name="ER" value="500."/>
				<string name="Hull" value="Repulse_RMBelt"/>
				<string name="Name" value="Middle3_RLowerBelt"/>
				<string name="TypHL" value="Hull"/>
				<string name="UnitName" value="Repulse"/>
			</object>
			<object name="Rep1543">
				<integer name="Country" value="3"/>
				<float name="ER" value="500."/>
				<string name="Hull" value="Repulse_RUBelt"/>
				<string name="Name" value="Middle3_RMiddleBelt"/>
				<string name="TypHL" value="Hull"/>
				<string name="UnitName" value="Repulse"/>
			</object>
			<object name="Rep1544">
				<integer name="Country" value="3"/>
				<float name="ER" value="500."/>
				<string name="Hull" value="Repulse_MiddleDeck"/>
				<string name="Name" value="Middle3_SBoilerCover"/>
				<string name="TypHL" value="Hull"/>
				<string name="UnitName" value="Repulse"/>
			</object>
			<object name="Rep1545">
				<integer name="Country" value="3"/>
				<float name="ER" value="500."/>
				<string name="Hull" value="Std_Boiler"/>
				<string name="Name" value="Boiler7"/>
				<string name="TypHL" value="Boiler"/>
				<string name="UnitName" value="Repulse"/>
			</object>
			<object name="Rep1546">
				<integer name="Country" value="3"/>
				<float name="ER" value="500."/>
				<string name="Hull" value="Std_Boiler"/>
				<string name="Name" value="Boiler8"/>
				<string name="TypHL" value="Boiler"/>
				<string name="UnitName" value="Repulse"/>
			</object>
			<object name="Rep1547">
				<integer name="Country" value="3"/>
				<float name="ER" value="500."/>
				<string name="Hull" value="Repulse_Foredeck"/>
				<string name="Name" value="Middle3_ForeDeck"/>
				<string name="TypHL" value="Hull"/>
				<string name="UnitName" value="Repulse"/>
			</object>
			<object name="Rep1549">
				<integer name="Country" value="3"/>
				<float name="ER" value="500."/>
				<string name="Hull" value="Std_Hull"/>
				<string name="Name" value="Middle4_RBottom"/>
				<string name="TypHL" value="FuelTank"/>
				<string name="UnitName" value="Repulse"/>
			</object>
			<object name="Rep1550">
				<integer name="Country" value="3"/>
				<float name="ER" value="500."/>
				<string name="Hull" value="Std_Hull"/>
				<string name="Name" value="Middle4_LBottom"/>
				<string name="TypHL" value="FuelTank"/>
				<string name="UnitName" value="Repulse"/>
			</object>
			<object name="Rep1551">
				<integer name="Country" value="3"/>
				<float name="ER" value="500."/>
				<string name="Hull" value="Repulse_LUBelt"/>
				<string name="Name" value="Middle4_LMiddleBelt"/>
				<string name="TypHL" value="Hull"/>
				<string name="UnitName" value="Repulse"/>
			</object>
			<object name="Rep1552">
				<integer name="Country" value="3"/>
				<float name="ER" value="500."/>
				<string name="Hull" value="Std_Lboard"/>
				<string name="Name" value="Middle4_LBoard"/>
				<string name="TypHL" value="Hull"/>
				<string name="UnitName" value="Repulse"/>
			</object>
			<object name="Rep1553">
				<integer name="Country" value="3"/>
				<float name="ER" value="500."/>
				<string name="Hull" value="Std_LAMP"/>
				<string name="Name" value="Middle4_LAMP"/>
				<string name="TypHL" value="Hull"/>
				<string name="UnitName" value="Repulse"/>
			</object>
			<object name="Rep1554">
				<integer name="Country" value="3"/>
				<float name="ER" value="500."/>
				<string name="Hull" value="Std_Rboard"/>
				<string name="Name" value="Middle4_RBoard"/>
				<string name="TypHL" value="Hull"/>
				<string name="UnitName" value="Repulse"/>
			</object>
			<object name="Rep1555">
				<integer name="Country" value="3"/>
				<float name="ER" value="500."/>
				<string name="Hull" value="Repulse_RMBelt"/>
				<string name="Name" value="Middle4_RLowerBelt"/>
				<string name="TypHL" value="Hull"/>
				<string name="UnitName" value="Repulse"/>
			</object>
			<object name="Rep1556">
				<integer name="Country" value="3"/>
				<float name="ER" value="500."/>
				<string name="Hull" value="Repulse_RUBelt"/>
				<string name="Name" value="Middle4_RMiddleBelt"/>
				<string name="TypHL" value="Hull"/>
				<string name="UnitName" value="Repulse"/>
			</object>
			<object name="Rep1557">
				<integer name="Country" value="3"/>
				<float name="ER" value="500."/>
				<string name="Hull" value="Repulse_UpperDeck"/>
				<string name="Name" value="Middler4_UpperDeck"/>
				<string name="TypHL" value="Hull"/>
				<string name="UnitName" value="Repulse"/>
			</object>
			<object name="Rep1558">
				<integer name="Country" value="3"/>
				<float name="ER" value="500."/>
				<string name="Hull" value="Std_RAMP"/>
				<string name="Name" value="Middle4_RAMP"/>
				<string name="TypHL" value="Hull"/>
				<string name="UnitName" value="Repulse"/>
			</object>
			<object name="Rep1559">
				<integer name="Country" value="3"/>
				<float name="ER" value="500."/>
				<string name="Hull" value="Repulse_MiddleDeck"/>
				<string name="Name" value="Middle4_FEngineCover"/>
				<string name="TypHL" value="Hull"/>
				<string name="UnitName" value="Repulse"/>
			</object>
			<object name="Rep1560">
				<string name="ConnectName" value="Boiler1;Boiler3;Boiler5;Boiler7"/>
				<integer name="Country" value="3"/>
				<float name="ER" value="500."/>
				<string name="Hull" value="Std_Engine"/>
				<string name="Name" value="Engine1"/>
				<string name="TypHL" value="Engine"/>
				<string name="UnitName" value="Repulse"/>
			</object>
			<object name="Rep1561">
				<string name="ConnectName" value="Boiler2;Boiler4;Boiler6;Boiler8"/>
				<integer name="Country" value="3"/>
				<float name="ER" value="500."/>
				<string name="Hull" value="Std_Engine"/>
				<string name="Name" value="Engine2"/>
				<string name="TypHL" value="Engine"/>
				<string name="UnitName" value="Repulse"/>
			</object>
			<object name="Rep1562">
				<integer name="Country" value="3"/>
				<float name="ER" value="500."/>
				<string name="Hull" value="Repulse_LMBelt"/>
				<string name="Name" value="Middle4_LLowerBelt"/>
				<string name="TypHL" value="Hull"/>
				<string name="UnitName" value="Repulse"/>
			</object>
			<object name="Rep1563">
				<integer name="Country" value="3"/>
				<float name="ER" value="500."/>
				<string name="Hull" value="Repulse_MiddleDeck"/>
				<string name="Name" value="Middle4_SEngineCover"/>
				<string name="TypHL" value="Hull"/>
				<string name="UnitName" value="Repulse"/>
			</object>
			<object name="Rep1564">
				<string name="ConnectName" value="Boiler1;Boiler3;Boiler5;Boiler7"/>
				<integer name="Country" value="3"/>
				<float name="ER" value="500."/>
				<string name="Hull" value="Std_Engine"/>
				<string name="Name" value="Engine3"/>
				<string name="TypHL" value="Engine"/>
				<string name="UnitName" value="Repulse"/>
			</object>
			<object name="Rep1565">
				<integer name="Country" value="3"/>
				<float name="ER" value="500."/>
				<string name="Hull" value="Repulse_MiddleDeck"/>
				<string name="Name" value="Middle4_TEngineCover"/>
				<string name="TypHL" value="Hull"/>
				<string name="UnitName" value="Repulse"/>
			</object>
			<object name="Rep1566">
				<string name="ConnectName" value="Boiler2;Boiler4;Boiler6;Boiler8"/>
				<integer name="Country" value="3"/>
				<float name="ER" value="500."/>
				<string name="Hull" value="Std_Engine"/>
				<string name="Name" value="Engine4"/>
				<string name="TypHL" value="Engine"/>
				<string name="UnitName" value="Repulse"/>
			</object>
			<object name="Rep1567">
				<integer name="Country" value="3"/>
				<float name="ER" value="500."/>
				<string name="Hull" value="Repulse_Foredeck"/>
				<string name="Name" value="Middle4_ForeDeck"/>
				<string name="TypHL" value="Hull"/>
				<string name="UnitName" value="Repulse"/>
			</object>
			<object name="Rep1569">
				<integer name="Country" value="3"/>
				<float name="ER" value="500."/>
				<string name="Hull" value="Std_Hull"/>
				<string name="Name" value="Stern1_LBottom"/>
				<string name="TypHL" value="Hull"/>
				<string name="UnitName" value="Repulse"/>
			</object>
			<object name="Rep1570">
				<integer name="Country" value="3"/>
				<float name="ER" value="500."/>
				<string name="Hull" value="Std_Hull"/>
				<string name="Name" value="Stern1_RBottom"/>
				<string name="TypHL" value="Hull"/>
				<string name="UnitName" value="Repulse"/>
			</object>
			<object name="Rep1571">
				<integer name="Country" value="3"/>
				<float name="ER" value="500."/>
				<string name="Hull" value="Repulse_LowerDeck_Stern"/>
				<string name="Name" value="Stern1_LowerDeck"/>
				<string name="TypHL" value="Hull"/>
				<string name="UnitName" value="Repulse"/>
			</object>
			<object name="Rep1572">
				<integer name="Country" value="3"/>
				<float name="ER" value="500."/>
				<string name="Hull" value="Std_AS_T2"/>
				<string name="Name" value="AmmoStore_MG_4"/>
				<string name="TypHL" value="AmmoStore"/>
				<string name="UnitName" value="Repulse"/>
			</object>
			<object name="Rep1573">
				<integer name="Country" value="3"/>
				<float name="ER" value="500."/>
				<string name="Hull" value="Repulse_LUBelt"/>
				<string name="Name" value="Stern1_RMiddleBelt"/>
				<string name="TypHL" value="Hull"/>
				<string name="UnitName" value="Repulse"/>
			</object>
			<object name="Rep1574">
				<integer name="Country" value="3"/>
				<float name="ER" value="500."/>
				<string name="Hull" value="Repulse_LUBelt"/>
				<string name="Name" value="Stern1_LMiddleBelt"/>
				<string name="TypHL" value="Hull"/>
				<string name="UnitName" value="Repulse"/>
			</object>
			<object name="Rep1575">
				<integer name="Country" value="3"/>
				<float name="ER" value="500."/>
				<string name="Hull" value="Repulse_RMBelt"/>
				<string name="Name" value="Stern1_RLowerBelt"/>
				<string name="TypHL" value="Hull"/>
				<string name="UnitName" value="Repulse"/>
			</object>
			<object name="Rep1576">
				<integer name="Country" value="3"/>
				<float name="ER" value="500."/>
				<string name="Hull" value="Repulse_LMBelt"/>
				<string name="Name" value="Stern1_LLowerBelt"/>
				<string name="TypHL" value="Hull"/>
				<string name="UnitName" value="Repulse"/>
			</object>
			<object name="Rep1577">
				<integer name="Country" value="3"/>
				<float name="ER" value="500."/>
				<string name="Hull" value="Std_RAMP"/>
				<string name="Name" value="Stern1_RAMP"/>
				<string name="TypHL" value="Hull"/>
				<string name="UnitName" value="Repulse"/>
			</object>
			<object name="Rep1578">
				<integer name="Country" value="3"/>
				<float name="ER" value="500."/>
				<string name="Hull" value="Std_LAMP"/>
				<string name="Name" value="Stern1_LAMP"/>
				<string name="TypHL" value="Hull"/>
				<string name="UnitName" value="Repulse"/>
			</object>
			<object name="Rep1579">
				<integer name="Country" value="3"/>
				<float name="ER" value="500."/>
				<string name="Hull" value="Repulse_RMBelt"/>
				<string name="Name" value="Stern1_RLowerBelt1"/>
				<string name="TypHL" value="Hull"/>
				<string name="UnitName" value="Repulse"/>
			</object>
			<object name="Rep1580">
				<integer name="Country" value="3"/>
				<float name="ER" value="500."/>
				<string name="Hull" value="Repulse_LMBelt"/>
				<string name="Name" value="Stern1_LLowerBelt1"/>
				<string name="TypHL" value="Hull"/>
				<string name="UnitName" value="Repulse"/>
			</object>
			<object name="Rep1581">
				<integer name="Country" value="3"/>
				<float name="ER" value="500."/>
				<string name="Hull" value="Repulse_MiddleDeck_Stern"/>
				<string name="Name" value="Stern1_MiddleDeck"/>
				<string name="TypHL" value="Hull"/>
				<string name="UnitName" value="Repulse"/>
			</object>
			<object name="Rep1582">
				<integer name="Country" value="3"/>
				<float name="ER" value="500."/>
				<string name="Hull" value="Std_AS_T2"/>
				<string name="Name" value="AmmoStore_MG_3"/>
				<string name="TypHL" value="AmmoStore"/>
				<string name="UnitName" value="Repulse"/>
			</object>
			<object name="Rep1583">
				<integer name="Country" value="3"/>
				<float name="ER" value="500."/>
				<string name="Hull" value="Std_Rboard"/>
				<string name="Name" value="Stern1_RMiddleBelt1"/>
				<string name="TypHL" value="Hull"/>
				<string name="UnitName" value="Repulse"/>
			</object>
			<object name="Rep1584">
				<integer name="Country" value="3"/>
				<float name="ER" value="500."/>
				<string name="Hull" value="Std_Lboard"/>
				<string name="Name" value="Stern1_LMiddleBelt1"/>
				<string name="TypHL" value="Hull"/>
				<string name="UnitName" value="Repulse"/>
			</object>
			<object name="Rep1585">
				<integer name="Country" value="3"/>
				<float name="ER" value="500."/>
				<string name="Hull" value="Repulse_Foredeck"/>
				<string name="Name" value="Stern1_ForeDeck"/>
				<string name="TypHL" value="Hull"/>
				<string name="UnitName" value="Repulse"/>
			</object>
			<object name="Rep1586">
				<integer name="Country" value="3"/>
				<float name="ER" value="500."/>
				<string name="Hull" value="Std_Hull"/>
				<string name="Name" value="Bow1_LBottom"/>
				<string name="TypHL" value="Hull"/>
				<string name="UnitName" value="Repulse"/>
			</object>
			<object name="Rep1587">
				<integer name="Country" value="3"/>
				<float name="ER" value="500."/>
				<string name="Hull" value="Std_Hull"/>
				<string name="Name" value="Bow1_RBottom"/>
				<string name="TypHL" value="Hull"/>
				<string name="UnitName" value="Repulse"/>
			</object>
			<object name="Rep1588">
				<integer name="Country" value="3"/>
				<float name="ER" value="500."/>
				<string name="Hull" value="Repulse_UpperDeck_Bow"/>
				<string name="Name" value="Bow1_UpperDeck"/>
				<string name="TypHL" value="Hull"/>
				<string name="UnitName" value="Repulse"/>
			</object>
			<object name="Rep1589">
				<integer name="Country" value="3"/>
				<float name="ER" value="500."/>
				<string name="Hull" value="Std_Rboard"/>
				<string name="Name" value="Bow1_RBoard"/>
				<string name="TypHL" value="Hull"/>
				<string name="UnitName" value="Repulse"/>
			</object>
			<object name="Rep1590">
				<integer name="Country" value="3"/>
				<float name="ER" value="500."/>
				<string name="Hull" value="Std_Rboard"/>
				<string name="Name" value="Stern2_RUpperBelt"/>
				<string name="TypHL" value="Hull"/>
				<string name="UnitName" value="Repulse"/>
			</object>
			<object name="Rep1591">
				<integer name="Country" value="3"/>
				<float name="ER" value="500."/>
				<string name="Hull" value="Repulse_LMBelt_SideBow"/>
				<string name="Name" value="Bow1_LLowerBelt"/>
				<string name="TypHL" value="Hull"/>
				<string name="UnitName" value="Repulse"/>
			</object>
			<object name="Rep1592">
				<integer name="Country" value="3"/>
				<float name="ER" value="500."/>
				<string name="Hull" value="Repulse_MiddleDeck_Bow"/>
				<string name="Name" value="Bow1_Middle"/>
				<string name="TypHL" value="Hull"/>
				<string name="UnitName" value="Repulse"/>
			</object>
			<object name="Rep1593">
				<integer name="Country" value="3"/>
				<float name="ER" value="500."/>
				<string name="Hull" value="Repulse_RMBelt_SideBow"/>
				<string name="Name" value="Bow1_RLowerBelt"/>
				<string name="TypHL" value="Hull"/>
				<string name="UnitName" value="Repulse"/>
			</object>
			<object name="Rep1594">
				<integer name="Country" value="3"/>
				<float name="ER" value="500."/>
				<string name="Hull" value="Std_Lboard"/>
				<string name="Name" value="Bow1_LMiddleBelt"/>
				<string name="TypHL" value="Hull"/>
				<string name="UnitName" value="Repulse"/>
			</object>
			<object name="Rep1595">
				<integer name="Country" value="3"/>
				<float name="ER" value="500."/>
				<string name="Hull" value="Std_Rboard"/>
				<string name="Name" value="Bow1_RMiddleBelt"/>
				<string name="TypHL" value="Hull"/>
				<string name="UnitName" value="Repulse"/>
			</object>
			<object name="Rep1596">
				<integer name="Country" value="3"/>
				<float name="ER" value="500."/>
				<string name="Hull" value="Std_Lboard"/>
				<string name="Name" value="Bow1_LBoard"/>
				<string name="TypHL" value="Hull"/>
				<string name="UnitName" value="Repulse"/>
			</object>
			<object name="Rep1597">
				<integer name="Country" value="3"/>
				<float name="ER" value="500."/>
				<string name="Hull" value="Repulse_RMBelt_Bow"/>
				<string name="Name" value="Bow1_RLowerBelt1"/>
				<string name="TypHL" value="Hull"/>
				<string name="UnitName" value="Repulse"/>
			</object>
			<object name="Rep1598">
				<integer name="Country" value="3"/>
				<float name="ER" value="500."/>
				<string name="Hull" value="Repulse_LMBelt_Bow"/>
				<string name="Name" value="Bow1_LLowerBelt1"/>
				<string name="TypHL" value="Hull"/>
				<string name="UnitName" value="Repulse"/>
			</object>
			<object name="Rep1599">
				<integer name="Country" value="3"/>
				<float name="ER" value="500."/>
				<string name="Hull" value="Std_UpperHull"/>
				<string name="Name" value="Stern2_MiddleDeck"/>
				<string name="TypHL" value="Hull"/>
				<string name="UnitName" value="Repulse"/>
			</object>
			<object name="Rep1600">
				<integer name="Country" value="3"/>
				<float name="ER" value="500."/>
				<string name="Hull" value="Repulse_RMBelt_SideStern"/>
				<string name="Name" value="Stern2_RLowerBelt"/>
				<string name="TypHL" value="Hull"/>
				<string name="UnitName" value="Repulse"/>
			</object>
			<object name="Rep1601">
				<integer name="Country" value="3"/>
				<float name="ER" value="500."/>
				<string name="Hull" value="Repulse_LMBelt_SideStern"/>
				<string name="Name" value="Stern2_LLowerBelt"/>
				<string name="TypHL" value="Hull"/>
				<string name="UnitName" value="Repulse"/>
			</object>
			<object name="Rep1602">
				<integer name="Country" value="3"/>
				<float name="ER" value="500."/>
				<string name="Hull" value="Std_Lboard"/>
				<string name="Name" value="Stern2_LUpperBelt"/>
				<string name="TypHL" value="Hull"/>
				<string name="UnitName" value="Repulse"/>
			</object>
			<object name="Rep1603">
				<integer name="Country" value="3"/>
				<float name="ER" value="500."/>
				<string name="Hull" value="Std_Rboard"/>
				<string name="Name" value="Stern2_UpperDeck"/>
				<string name="TypHL" value="Hull"/>
				<string name="UnitName" value="Repulse"/>
			</object>
			<object name="Rep1604">
				<integer name="Country" value="3"/>
				<float name="ER" value="500."/>
				<string name="Hull" value="Std_Hull"/>
				<string name="Name" value="Stern3"/>
				<string name="TypHL" value="Hull"/>
				<string name="UnitName" value="Repulse"/>
			</object>
			<object name="Rep1605">
				<integer name="Country" value="3"/>
				<float name="ER" value="500."/>
				<string name="Hull" value="Repulse_Tiller"/>
				<string name="Name" value="Tiller"/>
				<string name="TypHL" value="Hull"/>
				<string name="UnitName" value="Repulse"/>
			</object>
			<object name="Rep5609">
				<integer name="Country" value="3"/>
				<float name="ER" value="500."/>
				<string name="Hull" value="Repulse_MG_Probe"/>
				<string name="Name" value="Probe_MG_Stern"/>
				<string name="TypHL" value="Probe"/>
				<string name="UnitName" value="Repulse"/>
			</object>
			<object name="Rep5611">
				<integer name="Country" value="3"/>
				<float name="ER" value="500."/>
				<string name="Hull" value="Repulse_SG_Probe"/>
				<string name="Name" value="Probe_SG_Stern"/>
				<string name="TypHL" value="Probe"/>
				<string name="UnitName" value="Repulse"/>
			</object>
			<object name="Rep8769">
				<integer name="Country" value="3"/>
				<float name="ER" value="500."/>
				<string name="Hull" value="Repulse_UpperDeck_Stern"/>
				<string name="Name" value="Stern1_UpperDeck"/>
				<string name="TypHL" value="Hull"/>
				<string name="UnitName" value="Repulse"/>
			</object>
			<object name="Rep9248">
				<integer name="Country" value="3"/>
				<integer name="Crew" value="285"/>
				<float name="ER" value="500."/>
				<string name="Hull" value="Std_Hull"/>
				<string name="Name" value="BowMSuperstructure"/>
				<string name="TypHL" value="Crew"/>
				<string name="UnitName" value="Repulse"/>
			</object>
			<object name="Rep9249">
				<integer name="Country" value="3"/>
				<integer name="Crew" value="285"/>
				<float name="ER" value="500."/>
				<string name="Hull" value="Std_Hull"/>
				<string name="Name" value="BowLSuperstructure"/>
				<string name="TypHL" value="Crew"/>
				<string name="UnitName" value="Repulse"/>
			</object>
			<object name="Rep9250">
				<integer name="Country" value="3"/>
				<float name="ER" value="500."/>
				<string name="Hull" value="Std_Hull"/>
				<string name="Name" value="BowSmokeStack"/>
				<string name="TypHL" value="Hull"/>
				<string name="UnitName" value="Repulse"/>
			</object>
			<object name="Rep9251">
				<integer name="Country" value="3"/>
				<float name="ER" value="500."/>
				<string name="Hull" value="Std_Hull"/>
				<string name="Name" value="SternSmokeStack"/>
				<string name="TypHL" value="Hull"/>
				<string name="UnitName" value="Repulse"/>
			</object>
			<object name="Rep9252">
				<integer name="Country" value="3"/>
				<integer name="Crew" value="285"/>
				<float name="ER" value="500."/>
				<string name="Hull" value="Std_Hull"/>
				<string name="Name" value="SternSuperstructure"/>
				<string name="TypHL" value="Crew"/>
				<string name="UnitName" value="Repulse"/>
			</object>
			<object name="Rep9253">
				<integer name="Country" value="3"/>
				<integer name="Crew" value="285"/>
				<float name="ER" value="500."/>
				<string name="Hull" value="Std_Hull"/>
				<string name="Name" value="BowUSuperstructure"/>
				<string name="TypHL" value="Crew"/>
				<string name="UnitName" value="Repulse"/>
			</object>
			<object name="Rep9254">
				<integer name="Country" value="3"/>
				<integer name="Crew" value="285"/>
				<float name="ER" value="500."/>
				<string name="Hull" value="Std_Hull"/>
				<string name="Name" value="MiddleSuperstructure"/>
				<string name="TypHL" value="Crew"/>
				<string name="UnitName" value="Repulse"/>
			</object>
		</object>
		<object name="Hulls">
			<object name="Repulse_Barbet">
				<integer name="Back" value="229"/>
				<integer name="Bottom" value="0"/>
				<integer name="Country" value="3"/>
				<float name="ExplProb" value="20."/>
				<float name="FireProb" value="30."/>
				<integer name="Front" value="229"/>
				<integer name="Left" value="305"/>
				<string name="Material" value="Armored"/>
				<integer name="Right" value="305"/>
				<integer name="Top" value="0"/>
				<integer name="UnitName" value="0"/>
				<string name="UnitTyp" value="Ship"/>
			</object>
			<object name="Repulse_BattleCabine">
				<integer name="Back" value="229"/>
				<integer name="Bottom" value="50"/>
				<integer name="Country" value="3"/>
				<float name="ExplProb" value="0."/>
				<float name="FireProb" value="0."/>
				<integer name="Front" value="254"/>
				<integer name="Left" value="280"/>
				<string name="Material" value="Armored"/>
				<integer name="Right" value="280"/>
				<integer name="Top" value="127"/>
				<integer name="UnitName" value="0"/>
				<string name="UnitTyp" value="Ship"/>
			</object>
			<object name="Repulse_Foredeck">
				<integer name="Back" value="5"/>
				<integer name="Bottom" value="5"/>
				<integer name="Country" value="3"/>
				<float name="ExplProb" value="0."/>
				<float name="FireProb" value="10."/>
				<integer name="Front" value="5"/>
				<integer name="Left" value="127"/>
				<string name="Material" value="Armored"/>
				<integer name="Right" value="127"/>
				<integer name="Top" value="25"/>
				<integer name="UnitName" value="0"/>
				<string name="UnitTyp" value="Ship"/>
			</object>
			<object name="Repulse_Foredeck_Bow2">
				<integer name="Back" value="5"/>
				<integer name="Bottom" value="5"/>
				<integer name="Country" value="3"/>
				<float name="ExplProb" value="0."/>
				<float name="FireProb" value="0."/>
				<integer name="Front" value="5"/>
				<integer name="Left" value="127"/>
				<string name="Material" value="Armored"/>
				<integer name="Right" value="127"/>
				<integer name="Top" value="38"/>
				<integer name="UnitName" value="0"/>
				<string name="UnitTyp" value="Ship"/>
			</object>
			<object name="Repulse_LMBelt">
				<integer name="Back" value="5"/>
				<integer name="Bottom" value="5"/>
				<integer name="Country" value="3"/>
				<float name="ExplProb" value="0."/>
				<float name="FireProb" value="0."/>
				<integer name="Front" value="5"/>
				<integer name="Left" value="305"/>
				<string name="Material" value="Armored"/>
				<integer name="Right" value="51"/>
				<integer name="Top" value="30"/>
				<integer name="UnitName" value="0"/>
				<string name="UnitTyp" value="Ship"/>
			</object>
			<object name="Repulse_LMBelt_Bow">
				<integer name="Back" value="127"/>
				<integer name="Bottom" value="5"/>
				<integer name="Country" value="3"/>
				<float name="ExplProb" value="0."/>
				<float name="FireProb" value="0."/>
				<integer name="Front" value="127"/>
				<integer name="Left" value="127"/>
				<string name="Material" value="Armored"/>
				<integer name="Right" value="25"/>
				<integer name="Top" value="25"/>
				<integer name="UnitName" value="0"/>
				<string name="UnitTyp" value="Ship"/>
			</object>
			<object name="Repulse_LMBelt_SideBow">
				<integer name="Back" value="305"/>
				<integer name="Bottom" value="5"/>
				<integer name="Country" value="3"/>
				<float name="ExplProb" value="0."/>
				<float name="FireProb" value="0."/>
				<integer name="Front" value="152"/>
				<integer name="Left" value="152"/>
				<string name="Material" value="Armored"/>
				<integer name="Right" value="38"/>
				<integer name="Top" value="38"/>
				<integer name="UnitName" value="0"/>
				<string name="UnitTyp" value="Ship"/>
			</object>
			<object name="Repulse_LMBelt_SideStern">
				<integer name="Back" value="152"/>
				<integer name="Bottom" value="5"/>
				<integer name="Country" value="3"/>
				<float name="ExplProb" value="0."/>
				<float name="FireProb" value="0."/>
				<integer name="Front" value="5"/>
				<integer name="Left" value="152"/>
				<string name="Material" value="Armored"/>
				<integer name="Right" value="51"/>
				<integer name="Top" value="51"/>
				<integer name="UnitName" value="0"/>
				<string name="UnitTyp" value="Ship"/>
			</object>
			<object name="Repulse_LUBelt">
				<integer name="Back" value="5"/>
				<integer name="Bottom" value="5"/>
				<integer name="Country" value="3"/>
				<float name="ExplProb" value="0."/>
				<float name="FireProb" value="0."/>
				<integer name="Front" value="5"/>
				<integer name="Left" value="178"/>
				<string name="Material" value="Armored"/>
				<integer name="Right" value="5"/>
				<integer name="Top" value="22"/>
				<integer name="UnitName" value="0"/>
				<string name="UnitTyp" value="Ship"/>
			</object>
			<object name="Repulse_LUBelt_Bow">
				<integer name="Back" value="5"/>
				<integer name="Bottom" value="51"/>
				<integer name="Country" value="3"/>
				<float name="ExplProb" value="0."/>
				<float name="FireProb" value="0."/>
				<integer name="Front" value="102"/>
				<integer name="Left" value="127"/>
				<string name="Material" value="Armored"/>
				<integer name="Right" value="5"/>
				<integer name="Top" value="51"/>
				<integer name="UnitName" value="0"/>
				<string name="UnitTyp" value="Ship"/>
			</object>
			<object name="Repulse_LUBelt_Bow2">
				<integer name="Back" value="5"/>
				<integer name="Bottom" value="51"/>
				<integer name="Country" value="3"/>
				<float name="ExplProb" value="0."/>
				<float name="FireProb" value="0."/>
				<integer name="Front" value="51"/>
				<integer name="Left" value="51"/>
				<string name="Material" value="Armored"/>
				<integer name="Right" value="5"/>
				<integer name="Top" value="51"/>
				<integer name="UnitName" value="0"/>
				<string name="UnitTyp" value="Ship"/>
			</object>
			<object name="Repulse_LUBelt_Stern">
				<integer name="Back" value="178"/>
				<integer name="Bottom" value="5"/>
				<integer name="Country" value="3"/>
				<float name="ExplProb" value="0."/>
				<float name="FireProb" value="0."/>
				<integer name="Front" value="19"/>
				<integer name="Left" value="178"/>
				<string name="Material" value="Armored"/>
				<integer name="Right" value="5"/>
				<integer name="Top" value="51"/>
				<integer name="UnitName" value="0"/>
				<string name="UnitTyp" value="Ship"/>
			</object>
			<object name="Repulse_LowerDeck_Bow">
				<integer name="Back" value="102"/>
				<integer name="Bottom" value="10"/>
				<integer name="Country" value="3"/>
				<float name="ExplProb" value="0."/>
				<float name="FireProb" value="0."/>
				<integer name="Front" value="127"/>
				<integer name="Left" value="5"/>
				<string name="Material" value="Armored"/>
				<integer name="Right" value="5"/>
				<integer name="Top" value="5"/>
				<integer name="UnitName" value="0"/>
				<string name="UnitTyp" value="Ship"/>
			</object>
			<object name="Repulse_LowerDeck_Stern">
				<integer name="Back" value="102"/>
				<integer name="Bottom" value="5"/>
				<integer name="Country" value="3"/>
				<float name="ExplProb" value="0."/>
				<float name="FireProb" value="0."/>
				<integer name="Front" value="102"/>
				<integer name="Left" value="5"/>
				<string name="Material" value="Armored"/>
				<integer name="Right" value="5"/>
				<integer name="Top" value="51"/>
				<integer name="UnitName" value="0"/>
				<string name="UnitTyp" value="Ship"/>
			</object>
			<object name="Repulse_MG_Probe">
				<integer name="Back" value="152"/>
				<integer name="Bottom" value="5"/>
				<integer name="Country" value="3"/>
				<float name="ExplProb" value="0."/>
				<float name="FireProb" value="0."/>
				<integer name="Front" value="152"/>
				<integer name="Left" value="152"/>
				<string name="Material" value="Armored"/>
				<integer name="Right" value="152"/>
				<integer name="Top" value="152"/>
				<integer name="UnitName" value="0"/>
				<string name="UnitTyp" value="Ship"/>
			</object>
			<object name="Repulse_MiddleDeck">
				<integer name="Back" value="0"/>
				<integer name="Bottom" value="0"/>
				<integer name="Country" value="3"/>
				<float name="ExplProb" value="0."/>
				<float name="FireProb" value="0."/>
				<integer name="Front" value="0"/>
				<integer name="Left" value="0"/>
				<string name="Material" value="Armored"/>
				<integer name="Right" value="0"/>
				<integer name="Top" value="0"/>
				<integer name="UnitName" value="0"/>
				<string name="UnitTyp" value="Ship"/>
			</object>
			<object name="Repulse_MiddleDeck_Bow">
				<integer name="Back" value="102"/>
				<integer name="Bottom" value="5"/>
				<integer name="Country" value="3"/>
				<float name="ExplProb" value="0."/>
				<float name="FireProb" value="0."/>
				<integer name="Front" value="127"/>
				<integer name="Left" value="5"/>
				<string name="Material" value="Armored"/>
				<integer name="Right" value="5"/>
				<integer name="Top" value="25"/>
				<integer name="UnitName" value="0"/>
				<string name="UnitTyp" value="Ship"/>
			</object>
			<object name="Repulse_MiddleDeck_Bow2">
				<integer name="Back" value="5"/>
				<integer name="Bottom" value="51"/>
				<integer name="Country" value="3"/>
				<float name="ExplProb" value="0."/>
				<float name="FireProb" value="0."/>
				<integer name="Front" value="5"/>
				<integer name="Left" value="5"/>
				<string name="Material" value="Armored"/>
				<integer name="Right" value="5"/>
				<integer name="Top" value="76"/>
				<integer name="UnitName" value="0"/>
				<string name="UnitTyp" value="Ship"/>
			</object>
			<object name="Repulse_MiddleDeck_Stern">
				<integer name="Back" value="102"/>
				<integer name="Bottom" value="51"/>
				<integer name="Country" value="3"/>
				<float name="ExplProb" value="0."/>
				<float name="FireProb" value="0."/>
				<integer name="Front" value="102"/>
				<integer name="Left" value="5"/>
				<string name="Material" value="Armored"/>
				<integer name="Right" value="5"/>
				<integer name="Top" value="76"/>
				<integer name="UnitName" value="0"/>
				<string name="UnitTyp" value="Ship"/>
			</object>
			<object name="Repulse_RMBelt">
				<integer name="Back" value="5"/>
				<integer name="Bottom" value="5"/>
				<integer name="Country" value="3"/>
				<float name="ExplProb" value="0."/>
				<float name="FireProb" value="0."/>
				<integer name="Front" value="5"/>
				<integer name="Left" value="51"/>
				<string name="Material" value="Armored"/>
				<integer name="Right" value="305"/>
				<integer name="Top" value="30"/>
				<integer name="UnitName" value="0"/>
				<string name="UnitTyp" value="Ship"/>
			</object>
			<object name="Repulse_RMBelt_Bow">
				<integer name="Back" value="127"/>
				<integer name="Bottom" value="5"/>
				<integer name="Country" value="3"/>
				<float name="ExplProb" value="0."/>
				<float name="FireProb" value="0."/>
				<integer name="Front" value="127"/>
				<integer name="Left" value="25"/>
				<string name="Material" value="Armored"/>
				<integer name="Right" value="127"/>
				<integer name="Top" value="25"/>
				<integer name="UnitName" value="0"/>
				<string name="UnitTyp" value="Ship"/>
			</object>
			<object name="Repulse_RMBelt_SideBow">
				<integer name="Back" value="305"/>
				<integer name="Bottom" value="5"/>
				<integer name="Country" value="3"/>
				<float name="ExplProb" value="0."/>
				<float name="FireProb" value="0."/>
				<integer name="Front" value="152"/>
				<integer name="Left" value="38"/>
				<string name="Material" value="Armored"/>
				<integer name="Right" value="152"/>
				<integer name="Top" value="38"/>
				<integer name="UnitName" value="0"/>
				<string name="UnitTyp" value="Ship"/>
			</object>
			<object name="Repulse_RMBelt_SideStern">
				<integer name="Back" value="152"/>
				<integer name="Bottom" value="5"/>
				<integer name="Country" value="3"/>
				<float name="ExplProb" value="0."/>
				<float name="FireProb" value="0."/>
				<integer name="Front" value="5"/>
				<integer name="Left" value="51"/>
				<string name="Material" value="Armored"/>
				<integer name="Right" value="152"/>
				<integer name="Top" value="51"/>
				<integer name="UnitName" value="0"/>
				<string name="UnitTyp" value="Ship"/>
			</object>
			<object name="Repulse_RUBelt">
				<integer name="Back" value="5"/>
				<integer name="Bottom" value="5"/>
				<integer name="Country" value="3"/>
				<float name="ExplProb" value="0."/>
				<float name="FireProb" value="0."/>
				<integer name="Front" value="5"/>
				<integer name="Left" value="5"/>
				<string name="Material" value="Armored"/>
				<integer name="Right" value="178"/>
				<integer name="Top" value="22"/>
				<integer name="UnitName" value="0"/>
				<string name="UnitTyp" value="Ship"/>
			</object>
			<object name="Repulse_RUBelt_Bow">
				<integer name="Back" value="5"/>
				<integer name="Bottom" value="51"/>
				<integer name="Country" value="3"/>
				<float name="ExplProb" value="0."/>
				<float name="FireProb" value="0."/>
				<integer name="Front" value="102"/>
				<integer name="Left" value="5"/>
				<string name="Material" value="Armored"/>
				<integer name="Right" value="127"/>
				<integer name="Top" value="51"/>
				<integer name="UnitName" value="0"/>
				<string name="UnitTyp" value="Ship"/>
			</object>
			<object name="Repulse_RUBelt_Bow2">
				<integer name="Back" value="5"/>
				<integer name="Bottom" value="51"/>
				<integer name="Country" value="3"/>
				<float name="ExplProb" value="0."/>
				<float name="FireProb" value="0."/>
				<integer name="Front" value="51"/>
				<integer name="Left" value="5"/>
				<string name="Material" value="Armored"/>
				<integer name="Right" value="51"/>
				<integer name="Top" value="51"/>
				<integer name="UnitName" value="0"/>
				<string name="UnitTyp" value="Ship"/>
			</object>
			<object name="Repulse_RUBelt_Stern">
				<integer name="Back" value="178"/>
				<integer name="Bottom" value="5"/>
				<integer name="Country" value="3"/>
				<float name="ExplProb" value="0."/>
				<float name="FireProb" value="0."/>
				<integer name="Front" value="5"/>
				<integer name="Left" value="5"/>
				<string name="Material" value="Armored"/>
				<integer name="Right" value="178"/>
				<integer name="Top" value="51"/>
				<integer name="UnitName" value="0"/>
				<string name="UnitTyp" value="Ship"/>
			</object>
			<object name="Repulse_SG_Probe">
				<integer name="Back" value="152"/>
				<integer name="Bottom" value="5"/>
				<integer name="Country" value="3"/>
				<float name="ExplProb" value="0."/>
				<float name="FireProb" value="0."/>
				<integer name="Front" value="152"/>
				<integer name="Left" value="152"/>
				<string name="Material" value="Armored"/>
				<integer name="Right" value="152"/>
				<integer name="Top" value="152"/>
				<integer name="UnitName" value="0"/>
				<string name="UnitTyp" value="Ship"/>
			</object>
			<object name="Repulse_Tiller">
				<integer name="Back" value="152"/>
				<integer name="Bottom" value="10"/>
				<integer name="Country" value="3"/>
				<float name="ExplProb" value="0."/>
				<float name="FireProb" value="0."/>
				<integer name="Front" value="152"/>
				<integer name="Left" value="152"/>
				<string name="Material" value="Armored"/>
				<integer name="Right" value="152"/>
				<integer name="Top" value="76"/>
				<integer name="UnitName" value="0"/>
				<string name="UnitTyp" value="Ship"/>
			</object>
			<object name="Repulse_UpperDeck">
				<integer name="Back" value="102"/>
				<integer name="Bottom" value="5"/>
				<integer name="Country" value="3"/>
				<float name="ExplProb" value="0."/>
				<float name="FireProb" value="0."/>
				<integer name="Front" value="127"/>
				<integer name="Left" value="5"/>
				<string name="Material" value="Armored"/>
				<integer name="Right" value="5"/>
				<integer name="Top" value="76"/>
				<integer name="UnitName" value="0"/>
				<string name="UnitTyp" value="Ship"/>
			</object>
			<object name="Repulse_UpperDeck_Bow">
				<integer name="Back" value="102"/>
				<integer name="Bottom" value="5"/>
				<integer name="Country" value="3"/>
				<float name="ExplProb" value="0."/>
				<float name="FireProb" value="0."/>
				<integer name="Front" value="127"/>
				<integer name="Left" value="5"/>
				<string name="Material" value="Armored"/>
				<integer name="Right" value="5"/>
				<integer name="Top" value="76"/>
				<integer name="UnitName" value="0"/>
				<string name="UnitTyp" value="Ship"/>
			</object>
			<object name="Repulse_UpperDeck_Bow2">
				<integer name="Back" value="5"/>
				<integer name="Bottom" value="5"/>
				<integer name="Country" value="3"/>
				<float name="ExplProb" value="0."/>
				<float name="FireProb" value="0."/>
				<integer name="Front" value="5"/>
				<integer name="Left" value="5"/>
				<string name="Material" value="Armored"/>
				<integer name="Right" value="5"/>
				<integer name="Top" value="76"/>
				<integer name="UnitName" value="0"/>
				<string name="UnitTyp" value="Ship"/>
			</object>
			<object name="Repulse_UpperDeck_Stern">
				<integer name="Back" value="102"/>
				<integer name="Bottom" value="5"/>
				<integer name="Country" value="3"/>
				<float name="ExplProb" value="0."/>
				<float name="FireProb" value="15."/>
				<integer name="Front" value="102"/>
				<integer name="Left" value="5"/>
				<string name="Material" value="Armored"/>
				<integer name="Right" value="5"/>
				<integer name="Top" value="76"/>
				<integer name="UnitName" value="0"/>
				<string name="UnitTyp" value="Ship"/>
			</object>
		</object>
		<object name="ShipsNames">
			<object name="Repulse">
				<string name="1" value="Repulse"/>
			</object>
		</object>
		<object name="UnitsByType">
			<object name="1">
				<object name="Repulse">
					<string name="ChildTable" value="Ships"/>
				</object>
			</object>
		</object>
	</object>
</root>
