﻿xml version="1.0" standalone="yes" ?>
<root>
	<object name="Modifications">
		<object name="SubUnits">
			<object name="1x152mmGun_casemate_turret_IJN">
				<object name="TPort_01">
					<string name="Device" value="1x152mmGun_casemate_turret_IJN_Stvol"/>
					<string name="Table" value="Rifles"/>
				</object>
			</object>
			<object name="1x152mmGun_casemate_turret_Hiei">
				<object name="TPort_01">
					<string name="Device" value="1x152mmGun_casemate_turret_Hiei_Stvol"/>
					<string name="Table" value="Rifles"/>
				</object>
			</object>
		</object>
	</object>
</root>
