﻿<?xml version="1.0" standalone="yes" ?>
<root>
	<object name="SteelMonstersParams">
		<object name="Hit_Location">
			<object name="A7793">
				<integer name="Country" value="3"/>
				<float name="ER" value="200."/>
				<string name="Hull" value="Hood_Turret_RF"/>
				<string name="Name" value="Rangefinder"/>
				<string name="TypHL" value="Probe"/>
				<string name="UnitName" value="Hood_MkII_381mm_1V_A"/>
			</object>
			<object name="A7794">
				<integer name="Country" value="3"/>
				<float name="ER" value="500."/>
				<string name="Hull" value="Hood_MTurretV1"/>
				<string name="Name" value="Turret"/>
				<string name="TypHL" value="AmmoStore"/>
				<string name="UnitName" value="Hood_MkII_381mm_1V_A"/>
			</object>
			<object name="A7795">
				<integer name="Country" value="3"/>
				<float name="ER" value="200."/>
				<string name="Hull" value="Hood_MTurretV1_Shakegeban"/>
				<string name="Name" value="Shakegeban"/>
				<string name="TypHL" value="Probe"/>
				<string name="UnitName" value="Hood_MkII_381mm_1V_A"/>
			</object>
			<object name="A7796">
				<integer name="Country" value="3"/>
				<float name="ER" value="200."/>
				<string name="Hull" value="Hood_Turret_RF"/>
				<string name="Name" value="Rangefinder"/>
				<string name="TypHL" value="Probe"/>
				<string name="UnitName" value="Hood_MkII_381mm_2V_A"/>
			</object>
			<object name="A7797">
				<integer name="Country" value="3"/>
				<float name="ER" value="500."/>
				<string name="Hull" value="Hood_MTurretV2"/>
				<string name="Name" value="Turret"/>
				<string name="TypHL" value="Hull"/>
				<string name="UnitName" value="Hood_MkII_381mm_2V_A"/>
			</object>
			<object name="A7798">
				<integer name="Country" value="3"/>
				<float name="ER" value="200."/>
				<string name="Hull" value="Hood_MTurretV2_Shakegeban"/>
				<string name="Name" value="Shakegeban"/>
				<string name="TypHL" value="Probe"/>
				<string name="UnitName" value="Hood_MkII_381mm_2V_A"/>
			</object>
			<object name="B7793">
				<integer name="Country" value="3"/>
				<float name="ER" value="200."/>
				<string name="Hull" value="Hood_Turret_RF"/>
				<string name="Name" value="Rangefinder"/>
				<string name="TypHL" value="Probe"/>
				<string name="UnitName" value="Hood_MkII_381mm_1V_B"/>
			</object>
			<object name="B7794">
				<integer name="Country" value="3"/>
				<float name="ER" value="500."/>
				<string name="Hull" value="Hood_MTurretV1"/>
				<string name="Name" value="Turret"/>
				<string name="TypHL" value="AmmoStore"/>
				<string name="UnitName" value="Hood_MkII_381mm_1V_B"/>
			</object>
			<object name="B7795">
				<integer name="Country" value="3"/>
				<float name="ER" value="200."/>
				<string name="Hull" value="Hood_MTurretV1_Shakegeban"/>
				<string name="Name" value="Shakegeban"/>
				<string name="TypHL" value="Probe"/>
				<string name="UnitName" value="Hood_MkII_381mm_1V_B"/>
			</object>
			<object name="B7796">
				<integer name="Country" value="3"/>
				<float name="ER" value="200."/>
				<string name="Hull" value="Hood_Turret_RF"/>
				<string name="Name" value="Rangefinder"/>
				<string name="TypHL" value="Probe"/>
				<string name="UnitName" value="Hood_MkII_381mm_2V_B"/>
			</object>
			<object name="B7797">
				<integer name="Country" value="3"/>
				<float name="ER" value="500."/>
				<string name="Hull" value="Hood_MTurretV2"/>
				<string name="Name" value="Turret"/>
				<string name="TypHL" value="Hull"/>
				<string name="UnitName" value="Hood_MkII_381mm_2V_B"/>
			</object>
			<object name="B7798">
				<integer name="Country" value="3"/>
				<float name="ER" value="200."/>
				<string name="Hull" value="Hood_MTurretV2_Shakegeban"/>
				<string name="Name" value="Shakegeban"/>
				<string name="TypHL" value="Probe"/>
				<string name="UnitName" value="Hood_MkII_381mm_2V_B"/>
			</object>
			<object name="C7793">
				<integer name="Country" value="3"/>
				<float name="ER" value="200."/>
				<string name="Hull" value="Hood_Turret_RF"/>
				<string name="Name" value="Rangefinder"/>
				<string name="TypHL" value="Probe"/>
				<string name="UnitName" value="Hood_MkII_381mm_1V_C"/>
			</object>
			<object name="C7794">
				<integer name="Country" value="3"/>
				<float name="ER" value="500."/>
				<string name="Hull" value="Hood_MTurretV1"/>
				<string name="Name" value="Turret"/>
				<string name="TypHL" value="AmmoStore"/>
				<string name="UnitName" value="Hood_MkII_381mm_1V_C"/>
			</object>
			<object name="C7795">
				<integer name="Country" value="3"/>
				<float name="ER" value="200."/>
				<string name="Hull" value="Hood_MTurretV1_Shakegeban"/>
				<string name="Name" value="Shakegeban"/>
				<string name="TypHL" value="Probe"/>
				<string name="UnitName" value="Hood_MkII_381mm_1V_C"/>
			</object>
			<object name="C7796">
				<integer name="Country" value="3"/>
				<float name="ER" value="200."/>
				<string name="Hull" value="Hood_Turret_RF"/>
				<string name="Name" value="Rangefinder"/>
				<string name="TypHL" value="Probe"/>
				<string name="UnitName" value="Hood_MkII_381mm_2V_C"/>
			</object>
			<object name="C7797">
				<integer name="Country" value="3"/>
				<float name="ER" value="500."/>
				<string name="Hull" value="Hood_MTurretV2"/>
				<string name="Name" value="Turret"/>
				<string name="TypHL" value="Hull"/>
				<string name="UnitName" value="Hood_MkII_381mm_2V_C"/>
			</object>
			<object name="C7798">
				<integer name="Country" value="3"/>
				<float name="ER" value="200."/>
				<string name="Hull" value="Hood_MTurretV2_Shakegeban"/>
				<string name="Name" value="Shakegeban"/>
				<string name="TypHL" value="Probe"/>
				<string name="UnitName" value="Hood_MkII_381mm_2V_C"/>
			</object>
			<object name="D7793">
				<integer name="Country" value="3"/>
				<float name="ER" value="200."/>
				<string name="Hull" value="Hood_Turret_RF"/>
				<string name="Name" value="Rangefinder"/>
				<string name="TypHL" value="Probe"/>
				<string name="UnitName" value="Hood_MkII_381mm_1V_D"/>
			</object>
			<object name="D7794">
				<integer name="Country" value="3"/>
				<float name="ER" value="500."/>
				<string name="Hull" value="Hood_MTurretV1"/>
				<string name="Name" value="Turret"/>
				<string name="TypHL" value="AmmoStore"/>
				<string name="UnitName" value="Hood_MkII_381mm_1V_D"/>
			</object>
			<object name="D7795">
				<integer name="Country" value="3"/>
				<float name="ER" value="200."/>
				<string name="Hull" value="Hood_MTurretV1_Shakegeban"/>
				<string name="Name" value="Shakegeban"/>
				<string name="TypHL" value="Probe"/>
				<string name="UnitName" value="Hood_MkII_381mm_1V_D"/>
			</object>
			<object name="D7796">
				<integer name="Country" value="3"/>
				<float name="ER" value="200."/>
				<string name="Hull" value="Hood_Turret_RF"/>
				<string name="Name" value="Rangefinder"/>
				<string name="TypHL" value="Probe"/>
				<string name="UnitName" value="Hood_MkII_381mm_2V_D"/>
			</object>
			<object name="D7797">
				<integer name="Country" value="3"/>
				<float name="ER" value="500."/>
				<string name="Hull" value="Hood_MTurretV2"/>
				<string name="Name" value="Turret"/>
				<string name="TypHL" value="Hull"/>
				<string name="UnitName" value="Hood_MkII_381mm_2V_D"/>
			</object>
			<object name="D7798">
				<integer name="Country" value="3"/>
				<float name="ER" value="200."/>
				<string name="Hull" value="Hood_MTurretV2_Shakegeban"/>
				<string name="Name" value="Shakegeban"/>
				<string name="TypHL" value="Probe"/>
				<string name="UnitName" value="Hood_MkII_381mm_2V_D"/>
			</object>
		</object>
		<object name="Hulls">
			<object name="Hood_MTurretV1">
				<integer name="Back" value="280"/>
				<integer name="Bottom" value="50"/>
				<integer name="Country" value="3"/>
				<float name="ExplProb" value="30."/>
				<float name="FireProb" value="30."/>
				<integer name="Front" value="381"/>
				<integer name="Left" value="300"/>
				<string name="Material" value="Armored"/>
				<integer name="Right" value="300"/>
				<integer name="Top" value="127"/>
				<integer name="UnitName" value="875"/>
				<string name="UnitTyp" value="Turret"/>
			</object>
			<object name="Hood_MTurretV1_Shakegeban">
				<integer name="Back" value="280"/>
				<integer name="Bottom" value="50"/>
				<integer name="Country" value="3"/>
				<float name="ExplProb" value="0."/>
				<float name="FireProb" value="15."/>
				<integer name="Front" value="0"/>
				<integer name="Left" value="300"/>
				<string name="Material" value="Armored"/>
				<integer name="Right" value="300"/>
				<integer name="Top" value="127"/>
				<integer name="UnitName" value="875"/>
				<string name="UnitTyp" value="Turret"/>
			</object>
			<object name="Hood_MTurretV2">
				<integer name="Back" value="280"/>
				<integer name="Bottom" value="50"/>
				<integer name="Country" value="3"/>
				<float name="ExplProb" value="30."/>
				<float name="FireProb" value="30."/>
				<integer name="Front" value="381"/>
				<integer name="Left" value="300"/>
				<string name="Material" value="Armored"/>
				<integer name="Right" value="300"/>
				<integer name="Top" value="127"/>
				<integer name="UnitName" value="871"/>
				<string name="UnitTyp" value="Turret"/>
			</object>
			<object name="Hood_MTurretV2_Shakegeban">
				<integer name="Back" value="280"/>
				<integer name="Bottom" value="50"/>
				<integer name="Country" value="3"/>
				<float name="ExplProb" value="0."/>
				<float name="FireProb" value="15."/>
				<integer name="Front" value="0"/>
				<integer name="Left" value="300"/>
				<string name="Material" value="Armored"/>
				<integer name="Right" value="300"/>
				<integer name="Top" value="127"/>
				<integer name="UnitName" value="871"/>
				<string name="UnitTyp" value="Turret"/>
			</object>
			<object name="Hood_Turret_RF">
				<integer name="Back" value="25"/>
				<integer name="Bottom" value="25"/>
				<integer name="Country" value="3"/>
				<float name="ExplProb" value="0."/>
				<float name="FireProb" value="0."/>
				<integer name="Front" value="25"/>
				<integer name="Left" value="25"/>
				<string name="Material" value="Armored"/>
				<integer name="Right" value="25"/>
				<integer name="Top" value="25"/> 
				<integer name="UnitName" value="871"/>
				<string name="UnitTyp" value="Turret"/>
			</object>
		</object>
		<object name="Turrets">
			<object name="Hood_MkII_381mm_1V_A">
				<integer name="Amount" value="2"/>
				<integer name="ArmorFront" value="650"/>
				<integer name="ArmorSide" value="250"/>
				<integer name="ArmorTop" value="270"/>
				<string name="Content" value="Rifles.Hood_MkII_381mm_Stvol"/>
				<integer name="Country" value="3"/>
				<integer name="Elevation" value="45"/>
				<integer name="ElevationRate" value="10"/>
				<boolean name="IgnoreXMLFile" value="false"/>
				<float name="Iron" value="894."/>
				<float name="Money" value="680."/>
				<boolean name="New" value="true"/>
				<boolean name="Production" value="false"/>
				<integer name="RotationRate" value="2"/>
				<string name="SMU_File" value="Hood_MkII_381mm_1V"/>
				<string name="Type" value="Gun"/>
				<float name="Vitality" value="1600."/>
				<float name="Weight" value="894."/>
			</object>
			<object name="Hood_MkII_381mm_1V_B">
				<integer name="Amount" value="2"/>
				<integer name="ArmorFront" value="650"/>
				<integer name="ArmorSide" value="250"/>
				<integer name="ArmorTop" value="270"/>
				<string name="Content" value="Rifles.Hood_MkII_381mm_Stvol"/>
				<integer name="Country" value="3"/>
				<integer name="Elevation" value="45"/>
				<integer name="ElevationRate" value="10"/>
				<boolean name="IgnoreXMLFile" value="false"/>
				<float name="Iron" value="894."/>
				<float name="Money" value="680."/>
				<boolean name="New" value="true"/>
				<boolean name="Production" value="false"/>
				<integer name="RotationRate" value="2"/>
				<string name="SMU_File" value="Hood_MkII_381mm_1V"/>
				<string name="Type" value="Gun"/>
				<float name="Vitality" value="1600."/>
				<float name="Weight" value="894."/>
			</object>
			<object name="Hood_MkII_381mm_1V_C">
				<integer name="Amount" value="2"/>
				<integer name="ArmorFront" value="650"/>
				<integer name="ArmorSide" value="250"/>
				<integer name="ArmorTop" value="270"/>
				<string name="Content" value="Rifles.Hood_MkII_381mm_Stvol"/>
				<integer name="Country" value="3"/>
				<integer name="Elevation" value="45"/>
				<integer name="ElevationRate" value="10"/>
				<boolean name="IgnoreXMLFile" value="false"/>
				<float name="Iron" value="894."/>
				<float name="Money" value="680."/>
				<boolean name="New" value="true"/>
				<boolean name="Production" value="false"/>
				<integer name="RotationRate" value="2"/>
				<string name="SMU_File" value="Hood_MkII_381mm_1V"/>
				<string name="Type" value="Gun"/>
				<float name="Vitality" value="1600."/>
				<float name="Weight" value="894."/>
			</object>
			<object name="Hood_MkII_381mm_1V_D">
				<integer name="Amount" value="2"/>
				<integer name="ArmorFront" value="650"/>
				<integer name="ArmorSide" value="250"/>
				<integer name="ArmorTop" value="270"/>
				<string name="Content" value="Rifles.Hood_MkII_381mm_Stvol"/>
				<integer name="Country" value="3"/>
				<integer name="Elevation" value="45"/>
				<integer name="ElevationRate" value="10"/>
				<boolean name="IgnoreXMLFile" value="false"/>
				<float name="Iron" value="894."/>
				<float name="Money" value="680."/>
				<boolean name="New" value="true"/>
				<boolean name="Production" value="false"/>
				<integer name="RotationRate" value="2"/>
				<string name="SMU_File" value="Hood_MkII_381mm_1V"/>
				<string name="Type" value="Gun"/>
				<float name="Vitality" value="1600."/>
				<float name="Weight" value="894."/>
			</object>
			<object name="Hood_MkII_381mm_2V_A">
				<integer name="Amount" value="2"/>
				<integer name="ArmorFront" value="650"/>
				<integer name="ArmorSide" value="250"/>
				<integer name="ArmorTop" value="270"/>
				<string name="Content" value="Rifles.Hood_MkII_381mm_Stvol"/>
				<integer name="Country" value="3"/>
				<integer name="Elevation" value="45"/>
				<integer name="ElevationRate" value="10"/>
				<boolean name="IgnoreXMLFile" value="false"/>
				<float name="Iron" value="894."/>
				<float name="Money" value="680."/>
				<boolean name="New" value="true"/>
				<boolean name="Production" value="false"/>
				<integer name="RotationRate" value="2"/>
				<string name="SMU_File" value="Hood_MkII_381mm_2V"/>
				<string name="Type" value="Gun"/>
				<float name="Vitality" value="1600."/>
				<float name="Weight" value="894."/>
			</object>
			<object name="Hood_MkII_381mm_2V_B">
				<integer name="Amount" value="2"/>
				<integer name="ArmorFront" value="650"/>
				<integer name="ArmorSide" value="250"/>
				<integer name="ArmorTop" value="270"/>
				<string name="Content" value="Rifles.Hood_MkII_381mm_Stvol"/>
				<integer name="Country" value="3"/>
				<integer name="Elevation" value="45"/>
				<integer name="ElevationRate" value="10"/>
				<boolean name="IgnoreXMLFile" value="false"/>
				<float name="Iron" value="894."/>
				<float name="Money" value="680."/>
				<boolean name="New" value="true"/>
				<boolean name="Production" value="false"/>
				<integer name="RotationRate" value="2"/>
				<string name="SMU_File" value="Hood_MkII_381mm_2V"/>
				<string name="Type" value="Gun"/>
				<float name="Vitality" value="1600."/>
				<float name="Weight" value="894."/>
			</object>
			<object name="Hood_MkII_381mm_2V_C">
				<integer name="Amount" value="2"/>
				<integer name="ArmorFront" value="650"/>
				<integer name="ArmorSide" value="250"/>
				<integer name="ArmorTop" value="270"/>
				<string name="Content" value="Rifles.Hood_MkII_381mm_Stvol"/>
				<integer name="Country" value="3"/>
				<integer name="Elevation" value="45"/>
				<integer name="ElevationRate" value="10"/>
				<boolean name="IgnoreXMLFile" value="false"/>
				<float name="Iron" value="894."/>
				<float name="Money" value="680."/>
				<boolean name="New" value="true"/>
				<boolean name="Production" value="false"/>
				<integer name="RotationRate" value="2"/>
				<string name="SMU_File" value="Hood_MkII_381mm_2V"/>
				<string name="Type" value="Gun"/>
				<float name="Vitality" value="1600."/>
				<float name="Weight" value="894."/>
			</object>
			<object name="Hood_MkII_381mm_2V_D">
				<integer name="Amount" value="2"/>
				<integer name="ArmorFront" value="650"/>
				<integer name="ArmorSide" value="250"/>
				<integer name="ArmorTop" value="270"/>
				<string name="Content" value="Rifles.Hood_MkII_381mm_Stvol"/>
				<integer name="Country" value="3"/>
				<integer name="Elevation" value="45"/>
				<integer name="ElevationRate" value="10"/>
				<boolean name="IgnoreXMLFile" value="false"/>
				<float name="Iron" value="894."/>
				<float name="Money" value="680."/>
				<boolean name="New" value="true"/>
				<boolean name="Production" value="false"/>
				<integer name="RotationRate" value="2"/>
				<string name="SMU_File" value="Hood_MkII_381mm_2V"/>
				<string name="Type" value="Gun"/>
				<float name="Vitality" value="1600."/>
				<float name="Weight" value="894."/>
			</object>
		</object>
	</object>
</root>
