﻿xml version="1.0" standalone="yes" ?>
<root>
	<object name="Modifications">
		<object name="SubUnits">
			<object name="Hood_MkII_381mm_1V_A">
				<object name="TPort_0">
					<string name="Device" value="Hood_MkII_381mm_Stvol"/>
					<string name="Table" value="Rifles"/>
				</object>
				<object name="TPort_1">
					<string name="Device" value="Hood_MkII_381mm_Stvol"/>
					<string name="Table" value="Rifles"/>
				</object>
			</object> 
			<object name="Hood_MkII_381mm_1V_B">
				<object name="TPort_0">
					<string name="Device" value="Hood_MkII_381mm_Stvol"/>
					<string name="Table" value="Rifles"/>
				</object>
				<object name="TPort_1">
					<string name="Device" value="Hood_MkII_381mm_Stvol"/>
					<string name="Table" value="Rifles"/>
				</object>
			</object>
			<object name="Hood_MkII_381mm_1V_C">
				<object name="TPort_0">
					<string name="Device" value="Hood_MkII_381mm_Stvol"/>
					<string name="Table" value="Rifles"/>
				</object>
				<object name="TPort_1">
					<string name="Device" value="Hood_MkII_381mm_Stvol"/>
					<string name="Table" value="Rifles"/>
				</object>
			</object>
			<object name="Hood_MkII_381mm_1V_D">
				<object name="TPort_0">
					<string name="Device" value="Hood_MkII_381mm_Stvol"/>
					<string name="Table" value="Rifles"/>
				</object>
				<object name="TPort_1">
					<string name="Device" value="Hood_MkII_381mm_Stvol"/>
					<string name="Table" value="Rifles"/>
				</object>
			</object>
			<object name="Hood_MkII_381mm_2V_A">
				<object name="TPort_0">
					<string name="Device" value="Hood_MkII_381mm_Stvol"/>
					<string name="Table" value="Rifles"/>
				</object>
				<object name="TPort_1">
					<string name="Device" value="Hood_MkII_381mm_Stvol"/>
					<string name="Table" value="Rifles"/>
				</object> 
			</object>
			<object name="Hood_MkII_381mm_2V_B">
				<object name="TPort_0">
					<string name="Device" value="Hood_MkII_381mm_Stvol"/>
					<string name="Table" value="Rifles"/>
				</object>
				<object name="TPort_1">
					<string name="Device" value="Hood_MkII_381mm_Stvol"/>
					<string name="Table" value="Rifles"/>
				</object> 
			</object>
			<object name="Hood_MkII_381mm_2V_C">
				<object name="TPort_0">
					<string name="Device" value="Hood_MkII_381mm_Stvol"/>
					<string name="Table" value="Rifles"/>
				</object>
				<object name="TPort_1">
					<string name="Device" value="Hood_MkII_381mm_Stvol"/>
					<string name="Table" value="Rifles"/>
				</object>
			</object>
			<object name="Hood_MkII_381mm_2V_D">
				<object name="TPort_0">
					<string name="Device" value="Hood_MkII_381mm_Stvol"/>
					<string name="Table" value="Rifles"/>
				</object>
				<object name="TPort_1">
					<string name="Device" value="Hood_MkII_381mm_Stvol"/>
					<string name="Table" value="Rifles"/>
				</object>
			</object>
		</object>
	</object>
</root>
