﻿<?xml version="1.0" standalone="yes" ?>
<root>
	<object name="SteelMonstersParams">
		<object name="Turrets">
			<object name="2x152mm_Condottieri_TurretB">
				<integer name="Amount" value="2"/>
				<integer name="ArmorFront" value="25"/>
				<integer name="ArmorSide" value="25"/>
				<integer name="ArmorTop" value="25"/>
				<string name="Building" value="Artillery"/>
				<string name="Content" value="Rifles.Littorio_3x152mm_Stvol"/>
				<integer name="Country" value="5"/>
				<integer name="Elevation" value="45"/>
				<integer name="ElevationRate" value="12"/>
				<boolean name="IgnoreXMLFile" value="false"/>
				<float name="Iron" value="26."/>
				<float name="Money" value="6.5"/>
				<boolean name="New" value="true"/>
				<boolean name="Production" value="false"/>
				<integer name="RotationRate" value="6"/>
				<string name="SMU_File" value="2x152mm_Condottieri_Turret"/>
				<string name="Type" value="Gun"/>
				<float name="Vitality" value="600."/>
				<float name="Weight" value="95."/>
			</object>
			<object name="2x152mm_Condottieri_TurretX">
				<integer name="Amount" value="2"/>
				<integer name="ArmorFront" value="25"/>
				<integer name="ArmorSide" value="25"/>
				<integer name="ArmorTop" value="25"/>
				<string name="Building" value="Artillery"/>
				<string name="Content" value="Rifles.Littorio_3x152mm_Stvol"/>
				<integer name="Country" value="5"/>
				<integer name="Elevation" value="45"/>
				<integer name="ElevationRate" value="12"/>
				<boolean name="IgnoreXMLFile" value="false"/>
				<float name="Iron" value="26."/>
				<float name="Money" value="6.5"/>
				<boolean name="New" value="true"/>
				<boolean name="Production" value="false"/>
				<integer name="RotationRate" value="6"/>
				<string name="SMU_File" value="2x152mm_Condottieri_Turret"/>
				<string name="Type" value="Gun"/>
				<float name="Vitality" value="600."/>
				<float name="Weight" value="95."/>
			</object>
			<object name="2x152mm_Condottieri_TurretA">
				<integer name="Amount" value="2"/>
				<integer name="ArmorFront" value="25"/>
				<integer name="ArmorSide" value="25"/>
				<integer name="ArmorTop" value="25"/>
				<string name="Building" value="Artillery"/>
				<string name="Content" value="Rifles.Littorio_3x152mm_Stvol"/>
				<integer name="Country" value="5"/>
				<integer name="Elevation" value="45"/>
				<integer name="ElevationRate" value="12"/>
				<boolean name="IgnoreXMLFile" value="false"/>
				<float name="Iron" value="26."/>
				<float name="Money" value="6.5"/>
				<boolean name="New" value="true"/>
				<boolean name="Production" value="false"/>
				<integer name="RotationRate" value="6"/>
				<string name="SMU_File" value="2x152mm_Condottieri_Turret"/>
				<string name="Type" value="Gun"/>
				<float name="Vitality" value="600."/>
				<float name="Weight" value="95."/>
			</object>
			<object name="2x152mm_Condottieri_TurretY">
				<integer name="Amount" value="2"/>
				<integer name="ArmorFront" value="25"/>
				<integer name="ArmorSide" value="25"/>
				<integer name="ArmorTop" value="25"/>
				<string name="Building" value="Artillery"/>
				<string name="Content" value="Rifles.Littorio_3x152mm_Stvol"/>
				<integer name="Country" value="5"/>
				<integer name="Elevation" value="45"/>
				<integer name="ElevationRate" value="12"/>
				<boolean name="IgnoreXMLFile" value="false"/>
				<float name="Iron" value="26."/>
				<float name="Money" value="6.5"/>
				<boolean name="New" value="true"/>
				<boolean name="Production" value="false"/>
				<integer name="RotationRate" value="6"/>
				<string name="SMU_File" value="2x152mm_Condottieri_Turret"/>
				<string name="Type" value="Gun"/>
				<float name="Vitality" value="600."/>
				<float name="Weight" value="95."/>
			</object>
		</object>
		<object name="Hit_Location">
			<object name="ConB7828">
				<integer name="Country" value="5"/>
				<float name="ER" value="100."/>
				<string name="Hull" value="Condottieri_MTurret"/>
				<string name="Name" value="Condottieri_152mm_Turret"/>
				<string name="TypHL" value="AmmoStore"/>
				<string name="UnitName" value="2x152mm_Condottieri_TurretB"/>
			</object>
			<object name="ConX7828">
				<integer name="Country" value="5"/>
				<float name="ER" value="100."/>
				<string name="Hull" value="Condottieri_MTurret"/>
				<string name="Name" value="Condottieri_152mm_Turret"/>
				<string name="TypHL" value="AmmoStore"/>
				<string name="UnitName" value="2x152mm_Condottieri_TurretX"/>
			</object>
			<object name="ConA7828">
				<integer name="Country" value="5"/>
				<float name="ER" value="100."/>
				<string name="Hull" value="Condottieri_MTurret"/>
				<string name="Name" value="Condottieri_152mm_Turret"/>
				<string name="TypHL" value="AmmoStore"/>
				<string name="UnitName" value="2x152mm_Condottieri_TurretA"/>
			</object>
			<object name="ConY7828">
				<integer name="Country" value="5"/>
				<float name="ER" value="100."/>
				<string name="Hull" value="Condottieri_MTurret"/>
				<string name="Name" value="Condottieri_152mm_Turret"/>
				<string name="TypHL" value="AmmoStore"/>
				<string name="UnitName" value="2x152mm_Condottieri_TurretY"/>
			</object>
		</object>
		<object name="Hulls">
			<object name="Condottieri_MTurret">
				<integer name="Back" value="130"/>
				<integer name="Bottom" value="80"/>
				<integer name="Country" value="5"/>
				<float name="ExplProb" value="10."/>
				<float name="FireProb" value="20."/>
				<integer name="Front" value="150"/>
				<integer name="Left" value="130"/>
				<string name="Material" value="Armored"/>
				<integer name="Right" value="130"/>
				<integer name="Top" value="75"/>
				<integer name="UnitName" value="0"/>
				<string name="UnitTyp" value="Turret"/>
			</object>
		</object>
	</object>
</root>
