﻿<?xml version="1.0" standalone="yes" ?>
<root>
	<object name="SteelMonstersParams">
		<object name="Hit_Location">
			<object name="7899">
				<integer name="Country" value="2"/>
				<float name="ER" value="10."/>
				<string name="Hull" value="Std_Guns"/>
				<string name="Name" value="Turret"/>
				<string name="TypHL" value="Hull"/>
				<string name="UnitName" value="AA_Turret_25x3_Yamato"/>
			</object>
			<object name="YS7899">
				<integer name="Country" value="2"/>
				<float name="ER" value="50."/>
				<string name="Hull" value="Std_Guns"/>
				<string name="Name" value="Turret"/>
				<string name="TypHL" value="Hull"/>
				<string name="UnitName" value="AA_Turret_25x3_Shilded_Yamato"/>
			</object>
			<object name="7901">
				<integer name="Country" value="2"/>
				<float name="ER" value="0.5"/>
				<string name="Hull" value="Std_Hull"/>
				<string name="Name" value="Turret"/>
				<string name="TypHL" value="Hull"/>
				<string name="UnitName" value="Jap_Turret_25x1"/>
			</object>
			<object name="7902">
				<integer name="Country" value="2"/>
				<integer name="Crew" value="1"/>
				<float name="ER" value="3.e-002"/>
				<string name="Hull" value="Std_Crew"/>
				<string name="Name" value="Gunner"/>
				<string name="TypHL" value="Crew"/>
				<string name="UnitName" value="Jap_Turret_25x1"/>
			</object>
			<object name="7903">
				<integer name="Country" value="2"/>
				<integer name="Crew" value="1"/>
				<float name="ER" value="3.e-002"/>
				<string name="Hull" value="Std_Crew"/>
				<string name="Name" value="Gunner2"/>
				<string name="TypHL" value="Crew"/>
				<string name="UnitName" value="Jap_Turret_25x2"/>
			</object>
			<object name="7904">
				<integer name="Country" value="2"/>
				<integer name="Crew" value="1"/>
				<float name="ER" value="3.e-002"/>
				<string name="Hull" value="Std_Crew"/>
				<string name="Name" value="Gunner1"/>
				<string name="TypHL" value="Crew"/>
				<string name="UnitName" value="Jap_Turret_25x2"/>
			</object>
			<object name="7905">
				<integer name="Country" value="2"/>
				<float name="ER" value="0.5"/>
				<string name="Hull" value="Std_Hull"/>
				<string name="Name" value="Turret"/>
				<string name="TypHL" value="Hull"/>
				<string name="UnitName" value="Jap_Turret_25x2"/>
			</object>
			<object name="7906">
				<integer name="Country" value="2"/>
				<integer name="Crew" value="1"/>
				<float name="ER" value="3.e-002"/>
				<string name="Hull" value="Std_Crew"/>
				<string name="Name" value="Gunner1"/>
				<string name="TypHL" value="Crew"/>
				<string name="UnitName" value="Jap_Turret_25x3"/>
			</object>
			<object name="7907">
				<integer name="Country" value="2"/>
				<float name="ER" value="0.5"/>
				<string name="Hull" value="Std_Hull"/>
				<string name="Name" value="Turet"/>
				<string name="TypHL" value="Hull"/>
				<string name="UnitName" value="Jap_Turret_25x3"/>
			</object>
			<object name="7908">
				<integer name="Country" value="2"/>
				<integer name="Crew" value="1"/>
				<float name="ER" value="3.e-002"/>
				<string name="Hull" value="Std_Crew"/>
				<string name="Name" value="Gunner2"/>
				<string name="TypHL" value="Crew"/>
				<string name="UnitName" value="Jap_Turret_25x3"/>
			</object>
			<object name="7909">
				<integer name="Country" value="1"/>
				<float name="ER" value="1."/>
				<string name="Hull" value="Std_Stvol"/>
				<string name="Name" value="Turret"/>
				<string name="TypHL" value="Hull"/>
				<string name="UnitName" value="Jap_Turret_40x2"/>
			</object>
			<object name="7910">
				<integer name="Country" value="1"/>
				<integer name="Crew" value="1"/>
				<float name="ER" value="3.e-002"/>
				<string name="Hull" value="Std_Crew"/>
				<string name="Name" value="Gunner2"/>
				<string name="TypHL" value="Crew"/>
				<string name="UnitName" value="Jap_Turret_40x2"/>
			</object>
			<object name="7911">
				<integer name="Country" value="1"/>
				<integer name="Crew" value="1"/>
				<float name="ER" value="3.e-002"/>
				<string name="Hull" value="Std_Crew"/>
				<string name="Name" value="Gunner1"/>
				<string name="TypHL" value="Crew"/>
				<string name="UnitName" value="Jap_Turret_40x2"/>
			</object>
		</object>
		<object name="Rifles">
			<object name="AA_Gun_25x3_Yamato_Stvol">
				<float name="AARange" value="5.5"/>
				<string name="Ammo" value="Proj_25_J"/>
				<integer name="AmmoStorage" value="3000"/>
				<float name="AmmoWeight" value="0.26"/>
				<string name="ArmPiercing" value="Proj_25_J_AP"/>
				<float name="Caliber" value="25."/>
				<integer name="Country" value="2"/>
				<float name="Dispersion" value="14."/>
				<integer name="FinalSpeed" value="300"/>
				<string name="Fire" value="Proj_25_J_Fi"/>
				<string name="FireSound" value="Guns\25mm"/>
				<string name="HighExp" value="Proj_25_J_Com"/>
				<boolean name="IgnoreXMLFile" value="false"/>
				<float name="Money" value="0.9"/>
				<boolean name="New" value="false"/>
				<float name="Range" value="7.5"/>
				<float name="ROF" value="120."/>
				<boolean name="SLLauncher" value="false"/>
				<string name="SMU_File" value="AA_Gun_25x3_Yamato_Stvol"/>
				<integer name="StartSpeed" value="900"/>
				<integer name="Unreliability" value="0"/>
				<string name="Usage" value="Ships"/>
				<float name="Weight" value="0.115"/>
			</object>
			<object name="Jap_Gun_25x1_Stvol">
				<float name="AARange" value="5.5"/>
				<string name="Ammo" value="Proj_25_J"/>
				<integer name="AmmoStorage" value="2000"/>
				<float name="AmmoWeight" value="0.26"/>
				<string name="ArmPiercing" value="Proj_25_J_AP"/>
				<float name="Caliber" value="25."/>
				<string name="Common" value="Proj_25_J_Com"/>
				<integer name="Country" value="2"/>
				<float name="Dispersion" value="16."/>
				<integer name="FinalSpeed" value="300"/>
				<string name="Fire" value="Proj_25_J_Fi"/>
				<string name="FireSound" value="Guns\25mm"/>
				<boolean name="IgnoreXMLFile" value="false"/>
				<float name="Money" value="0.9"/>
				<boolean name="New" value="false"/>
				<float name="Range" value="7.5"/>
				<float name="ROF" value="120."/>
				<boolean name="SLLauncher" value="false"/>
				<string name="SMU_File" value="Jap_Gun_25x1_Stvol"/>
				<integer name="StartSpeed" value="900"/>
				<integer name="Unreliability" value="0"/>
				<string name="Usage" value="Ships"/>
				<float name="Weight" value="0.115"/>
			</object>
			<object name="Jap_Gun_25x2_Stvol">
				<float name="AARange" value="5.5"/>
				<string name="Ammo" value="Proj_25_J"/>
				<integer name="AmmoStorage" value="2000"/>
				<float name="AmmoWeight" value="0.26"/>
				<string name="ArmPiercing" value="Proj_25_J_AP"/>
				<float name="Caliber" value="25."/>
				<string name="Common" value="Proj_25_J_Com"/>
				<integer name="Country" value="2"/>
				<float name="Dispersion" value="16."/>
				<integer name="FinalSpeed" value="300"/>
				<string name="Fire" value="Proj_25_J_Fi"/>
				<string name="FireSound" value="Guns\25mm"/>
				<boolean name="IgnoreXMLFile" value="false"/>
				<float name="Money" value="0.9"/>
				<boolean name="New" value="false"/>
				<float name="Range" value="7.5"/>
				<float name="ROF" value="120."/>
				<boolean name="SLLauncher" value="false"/>
				<string name="SMU_File" value="Jap_Gun_25x2_Stvol"/>
				<integer name="StartSpeed" value="900"/>
				<integer name="Unreliability" value="0"/>
				<string name="Usage" value="Ships"/>
				<float name="Weight" value="0.115"/>
			</object>
			<object name="Jap_Gun_25x2_Stvolx">
				<float name="AARange" value="5.5"/>
				<string name="Ammo" value="Proj_25_J"/>
				<integer name="AmmoStorage" value="2000"/>
				<float name="AmmoWeight" value="0.26"/>
				<string name="ArmPiercing" value="Proj_25_J_AP"/>
				<float name="Caliber" value="25."/>
				<string name="Common" value="Proj_25_J_Com"/>
				<integer name="Country" value="2"/>
				<float name="Dispersion" value="16."/>
				<integer name="FinalSpeed" value="300"/>
				<string name="Fire" value="Proj_25_J_Fi"/>
				<string name="FireSound" value="Guns\25mm"/>
				<boolean name="IgnoreXMLFile" value="false"/>
				<float name="Money" value="0.9"/>
				<boolean name="New" value="false"/>
				<float name="Range" value="7.5"/>
				<float name="ROF" value="120."/>
				<boolean name="SLLauncher" value="false"/>
				<string name="SMU_File" value="Jap_Gun_25x2_Stvolx"/>
				<integer name="StartSpeed" value="900"/>
				<integer name="Unreliability" value="0"/>
				<string name="Usage" value="Ships"/>
				<float name="Weight" value="0.115"/>
			</object>
			<object name="Jap_Gun_25x3_Stvol">
				<float name="AARange" value="5.5"/>
				<string name="Ammo" value="Proj_25_J"/>
				<integer name="AmmoStorage" value="2000"/>
				<float name="AmmoWeight" value="0.26"/>
				<string name="ArmPiercing" value="Proj_25_J_AP"/>
				<float name="Caliber" value="25."/>
				<string name="Common" value="Proj_25_J_Com"/>
				<integer name="Country" value="2"/>
				<float name="Dispersion" value="16."/>
				<integer name="FinalSpeed" value="300"/>
				<string name="Fire" value="Proj_25_J_Fi"/>
				<string name="FireSound" value="Guns\25mm"/>
				<boolean name="IgnoreXMLFile" value="false"/>
				<float name="Money" value="0.9"/>
				<boolean name="New" value="false"/>
				<float name="Range" value="7.5"/>
				<float name="ROF" value="120."/>
				<boolean name="SLLauncher" value="false"/>
				<string name="SMU_File" value="Jap_Gun_25x3_Stvol"/>
				<integer name="StartSpeed" value="900"/>
				<integer name="Unreliability" value="0"/>
				<string name="Usage" value="Ships"/>
				<float name="Weight" value="0.115"/>
			</object>
			<object name="Jap_Gun_25x3_Stvolx">
				<float name="AARange" value="5.5"/>
				<string name="Ammo" value="Proj_25_J"/>
				<integer name="AmmoStorage" value="2000"/>
				<float name="AmmoWeight" value="0.26"/>
				<string name="ArmPiercing" value="Proj_25_J_AP"/>
				<float name="Caliber" value="25."/>
				<string name="Common" value="Proj_25_J_Com"/>
				<integer name="Country" value="2"/>
				<float name="Dispersion" value="16."/>
				<integer name="FinalSpeed" value="300"/>
				<string name="Fire" value="Proj_25_J_Fi"/>
				<string name="FireSound" value="Guns\25mm"/>
				<boolean name="IgnoreXMLFile" value="false"/>
				<float name="Money" value="0.9"/>
				<boolean name="New" value="false"/>
				<float name="Range" value="7.5"/>
				<float name="ROF" value="120."/>
				<boolean name="SLLauncher" value="false"/>
				<string name="SMU_File" value="Jap_Gun_25x3_Stvolx"/>
				<integer name="StartSpeed" value="900"/>
				<integer name="Unreliability" value="0"/>
				<string name="Usage" value="Ships"/>
				<float name="Weight" value="0.115"/>
			</object>
		</object>
		<object name="Turrets">
			<object name="AA_Turret_25x3_Shilded_Yamato">
				<integer name="Amount" value="3"/>
				<integer name="ArmorFront" value="25"/>
				<integer name="ArmorSide" value="25"/>
				<integer name="ArmorTop" value="25"/>
				<string name="Content" value="Rifles.AA_Gun_25x3_Yamato_Stvol"/>
				<integer name="Country" value="2"/>
				<integer name="Elevation" value="90"/>
				<integer name="ElevationRate" value="12"/>
				<boolean name="IgnoreXMLFile" value="false"/>
				<float name="Iron" value="1.8"/>
				<float name="Money" value="0.5"/>
				<boolean name="New" value="false"/>
				<boolean name="Production" value="false"/>
				<integer name="RotationRate" value="18"/>
				<string name="SMU_File" value="AA_Turret_25x3_Shilded_Yamato"/>
				<string name="Type" value="Gun"/>
				<float name="Vitality" value="50."/>
				<float name="Weight" value="1.8"/>
			</object>
			<object name="AA_Turret_25x3_Yamato">
				<integer name="Amount" value="3"/>
				<integer name="ArmorFront" value="25"/>
				<integer name="ArmorSide" value="25"/>
				<integer name="ArmorTop" value="25"/>
				<string name="Content" value="Rifles.AA_Gun_25x3_Yamato_Stvol"/>
				<integer name="Country" value="2"/>
				<integer name="Elevation" value="85"/>
				<integer name="ElevationRate" value="12"/>
				<boolean name="IgnoreXMLFile" value="false"/>
				<float name="Iron" value="1.8"/>
				<float name="Money" value="0.5"/>
				<boolean name="New" value="false"/>
				<boolean name="Production" value="false"/>
				<integer name="RotationRate" value="18"/>
				<string name="SMU_File" value="AA_Gun_25x3_Yamato"/>
				<string name="Type" value="Gun"/>
				<float name="Vitality" value="50."/>
				<float name="Weight" value="1.8"/>
			</object>
			<object name="Jap_Turret_25x1">
				<integer name="Amount" value="1"/>
				<integer name="ArmorFront" value="0"/>
				<integer name="ArmorSide" value="0"/>
				<integer name="ArmorTop" value="0"/>
				<string name="Building" value="AAGun"/>
				<string name="Content" value="Rifles.Jap_Gun_25x1_Stvol"/>
				<integer name="Country" value="2"/>
				<float name="DTimeProd" value="0.2"/>
				<integer name="Elevation" value="85"/>
				<integer name="ElevationRate" value="90"/>
				<string name="Icon" value="AAGun"/>
				<boolean name="IgnoreXMLFile" value="false"/>
				<float name="Iron" value="0.785"/>
				<float name="Money" value="0.2"/>
				<boolean name="New" value="false"/>
				<float name="NTimeProd" value="5."/>
				<boolean name="Production" value="false"/>
				<integer name="QualityRate" value="1"/>
				<integer name="RotationRate" value="50"/>
				<string name="SMU_File" value="Jap_Gun_25x1_Base"/>
				<string name="Type" value="Gun"/>
				<float name="Vitality" value="5."/>
				<float name="Weight" value="0.785"/>
			</object>
			<object name="Jap_Turret_25x2">
				<integer name="Amount" value="2"/>
				<integer name="ArmorFront" value="0"/>
				<integer name="ArmorSide" value="0"/>
				<integer name="ArmorTop" value="0"/>
				<string name="Building" value="AAGun"/>
				<string name="Content" value="Rifles.Jap_Gun_25x2_Stvol"/>
				<integer name="Country" value="2"/>
				<float name="DTimeProd" value="0.2"/>
				<integer name="Elevation" value="85"/>
				<integer name="ElevationRate" value="60"/>
				<string name="Icon" value="AAGun"/>
				<boolean name="IgnoreXMLFile" value="false"/>
				<float name="Iron" value="1.1"/>
				<float name="Money" value="0.3"/>
				<boolean name="New" value="false"/>
				<float name="NTimeProd" value="8."/>
				<boolean name="Production" value="false"/>
				<integer name="QualityRate" value="2"/>
				<integer name="RotationRate" value="30"/>
				<string name="SMU_File" value="Jap_Gun_25x2_Base"/>
				<string name="Type" value="Gun"/>
				<float name="Vitality" value="7."/>
				<float name="Weight" value="1.1"/>
			</object>
			<object name="Jap_Turret_25x3">
				<integer name="Amount" value="3"/>
				<integer name="ArmorFront" value="0"/>
				<integer name="ArmorSide" value="0"/>
				<integer name="ArmorTop" value="0"/>
				<string name="Building" value="AAGun"/>
				<string name="Content" value="Rifles.Jap_Gun_25x3_Stvol"/>
				<integer name="Country" value="2"/>
				<float name="DTimeProd" value="0.2"/>
				<integer name="Elevation" value="85"/>
				<integer name="ElevationRate" value="30"/>
				<string name="Icon" value="AAGun"/>
				<boolean name="IgnoreXMLFile" value="false"/>
				<float name="Iron" value="1.8"/>
				<float name="Money" value="0.5"/>
				<boolean name="New" value="false"/>
				<float name="NTimeProd" value="10."/>
				<boolean name="Production" value="false"/>
				<integer name="QualityRate" value="3"/>
				<integer name="RotationRate" value="30"/>
				<string name="SMU_File" value="Jap_Gun_25x3_Base"/>
				<string name="Type" value="Gun"/>
				<float name="Vitality" value="10."/>
				<float name="Weight" value="1.8"/>
			</object>
			<object name="Jap_Turret_40x2">
				<integer name="Amount" value="2"/>
				<integer name="ArmorFront" value="25"/>
				<integer name="ArmorSide" value="25"/>
				<integer name="ArmorTop" value="0"/>
				<string name="Content" value="Rifles.US_Gun_40x2"/>
				<integer name="Country" value="2"/>
				<integer name="Elevation" value="90"/>
				<integer name="ElevationRate" value="24"/>
				<boolean name="IgnoreXMLFile" value="false"/>
				<float name="Iron" value="10.524"/>
				<float name="Money" value="3."/>
				<boolean name="New" value="false"/>
				<boolean name="Production" value="false"/>
				<integer name="RotationRate" value="26"/>
				<string name="SMU_File" value="Jap_Turret_40x2"/>
				<string name="Type" value="Gun"/>
				<float name="Vitality" value="10."/>
				<float name="Weight" value="10.524"/>
			</object>
		</object>
	</object>
</root>
