xml version="1.0" standalone="yes" ?>
<root>
	<object name="Modifications">
		<object name="SubUnits">
			<object name="AA_Turret_25x3_Yamato">
				<object name="TPort_01">
					<string name="Device" value="AA_Gun_25x3_Yamato_Stvol"/>
					<string name="Table" value="Rifles"/>
				</object>
				<object name="TPort_02">
					<string name="Device" value="AA_Gun_25x3_Yamato_Stvol"/>
					<string name="Table" value="Rifles"/>
				</object>
				<object name="TPort_03">
					<string name="Device" value="AA_Gun_25x3_Yamato_Stvol"/>
					<string name="Table" value="Rifles"/>
				</object>
			</object>
			<object name="AA_Turret_25x3_Shilded_Yamato">
				<object name="TPort_01">
					<string name="Device" value="AA_Gun_25x3_Yamato_Stvol"/>
					<string name="Table" value="Rifles"/>
				</object>
				<object name="TPort_04">
					<string name="Device" value="AA_Gun_25x3_Yamato_Stvol"/>
					<string name="Table" value="Rifles"/>
				</object>
				<object name="TPort_05">
					<string name="Device" value="AA_Gun_25x3_Yamato_Stvol"/>
					<string name="Table" value="Rifles"/>
				</object>
			</object>
			<object name="Jap_Turret_25x1">
				<object name="TPort_01">
					<string name="Device" value="Jap_Gun_25x1"/>
					<string name="Table" value="Rifles"/>
				</object>
			</object>
			<object name="Jap_Turret_25x2">
				<object name="TPort_01">
					<string name="Device" value="Jap_Gun_25x2_Stvol"/>
					<string name="Table" value="Rifles"/>
				</object>
				<object name="TPort_02">
					<string name="Device" value="Jap_Gun_25x2_Stvolx"/>
					<string name="Table" value="Rifles"/>
				</object>
			</object>
			<object name="Jap_Turret_25x3">
				<object name="TPort_01">
					<string name="Device" value="Jap_Gun_25x3_Stvol"/>
					<string name="Table" value="Rifles"/>
				</object>
				<object name="TPort_02">
					<string name="Device" value="Jap_Gun_25x3_Stvolx"/>
					<string name="Table" value="Rifles"/>
				</object>
				<object name="TPort_03">
					<string name="Device" value="Jap_Gun_25x3_Stvolx"/>
					<string name="Table" value="Rifles"/>
				</object>
			</object>
			<object name="Jap_Turret_40x2">
				<object name="TPort_01">
					<string name="Device" value="US_Gun_40x2"/>
					<string name="Table" value="Rifles"/>
				</object>
				<object name="TPort_02">
					<string name="Device" value="US_Gun_40x2x"/>
					<string name="Table" value="Rifles"/>
				</object>
			</object>
		</object>
	</object>
</root>
