﻿<?xml version="1.0" standalone="yes" ?>
<root>
	<object name="SteelMonstersParams">
		<object name="Hit_Location">
			<object name = "KM40_01">
				<integer name = "Country" value = "5"/>
				<float name = "ER" value = "10"/>
				<string name = "Hull" value = "Turret127mk1"/>
				<string name = "Name" value = "Turret"/>
				<string name = "TypHL" value = "Hull"/>
				<string name = "UnitName" value = "Turret_127_KM40"/>
			</object>
			<object name = "KM40_02">
				<integer name = "Country" value = "5"/>
				<integer name = "Crew" value = "1"/>
				<float name = "ER" value = "0.03"/>
				<string name = "Hull" value = "Std_Hull"/>
				<string name = "Name" value = "Crew"/>
				<string name = "TypHL" value = "Crew"/>
				<string name = "UnitName" value = "Turret_127_KM40"/>
			</object>
			<object name = "KM40_03">
				<integer name = "Country" value = "5"/>
				<float name = "ER" value = "1"/>
				<string name = "Name" value = "Std_AmmoStore"/>
				<string name = "TypHL" value = "AmmoStore"/>
				<string name = "Hull" value = "Default"/>
				<string name = "UnitName" value = "Turret_127_KM40"/>
			</object>
		</object>
		<object name="Rifles">
			<object name="127_KM40_Stvol">
				<float name="AARange" value="14.8"/>
				<string name="Ammo" value="Proj_127_G"/>
				<integer name="AmmoStorage" value="200"/>
				<float name="AmmoWeight" value="26."/>
<!--  >				<string name="ArmPiercing" value="Proj_127_G_AP"/></!-->
				<float name="Caliber" value="127."/>
				<integer name="Country" value="5"/>
				<float name="Dispersion" value="8."/>
				<integer name="FinalSpeed" value="188"/>
				<string name="FireSound" value="Guns\127mm"/>
				<string name="HighExp" value="Proj_127_G_HE"/>
				<boolean name="IgnoreXMLFile" value="false"/>
				<float name="Money" value="2.1"/>
				<boolean name="New" value="true"/>
				<float name="ROF" value="18."/>
				<float name="Range" value="20.6"/>
				<boolean name="SLLauncher" value="false"/>
				<string name="SMU_File" value="127_KM40_Stvol"/>
				<integer name="StartSpeed" value="900"/>
				<integer name="Unreliability" value="0"/>
				<string name="Usage" value="Ships"/>
				<float name="Weight" value="4.8"/>
			</object>
		</object>
		<object name="Turrets">
			<object name="Turret_127_KM40">
				<integer name="Amount" value="2"/>
				<integer name="ArmorFront" value="25"/>
				<integer name="ArmorSide" value="25"/>
				<integer name="ArmorTop" value="25"/>
				<string name="Content" value="Rifles.127_KM40_Stvol"/>
				<integer name="Country" value="5"/>
				<integer name="Elevation" value="80"/>
				<integer name="ElevationRate" value="24"/>
				<boolean name="IgnoreXMLFile" value="false"/>
				<float name="Iron" value="32."/>
				<float name="Money" value="8."/>
				<boolean name="New" value="true"/>
				<boolean name="Production" value="true"/>
				<string name="Building" value="AAGun"/>
				<string name="Icon" value="AAGun"/>
				<float name="DTimeProd" value="5."/>
				<float name="NTimeProd" value="25."/>
				<integer name="QualityRate" value="4"/>
				<integer name="RotationRate" value="30"/>
				<string name="SMU_File" value="Turret_127_KM40"/>
				<string name="Type" value="Gun"/>
				<float name="Vitality" value="350."/>
				<float name="Weight" value="32."/>
			</object>
		</object>
	</object>
</root>