﻿<?xml version = "1.0" encoding = "UTF-8"?>
<root>
	<object name = "SteelMonstersParams">
		<object name="Ships">
			<object name="Littorio">
				<float name="AccelRate" value="1.e-004"/>
				<string name="Airgroup" value="Scout_ShipWater_Battleship_Battalion_germany"/>
				<integer name="AirplanesCount" value="3"/>
				<string name="AmmoLoadingTemplate" value="Ammo 626"/>
				<boolean name="BoatsTransportationAbility" value="false"/>
				<integer name="CabinArmor" value="533"/>
				<boolean name="CanBeChanged" value="true"/>
				<boolean name="CanUseTorpedos" value="false"/>
				<string name="CatapultAirgroupDefaultUnit" value="Ar196"/>
				<integer name="Country" value="5"/>
				<integer name="Crew" value="1830"/>
				<float name="CriticalCareen" value="37."/>
				<float name="CriticalDFT" value="4.5"/>
				<float name="CriticalDifferent" value="5."/>
				<float name="DTimeProd" value="160."/>
				<float name="DisplacementMax" value="45963."/>
				<float name="EPR" value="630."/>
				<float name="FireRisk" value="1667."/>
				<float name="Fuel" value="6200."/>
				<float name="HLShapeCoef" value="0.6"/>
				<integer name="HullArmorSide" value="310"/>
				<integer name="HullArmorTop" value="265"/>
				<float name="Iron" value="58300."/>
				<integer name="Length" value="237.8"/>
				<float name="MaxSpeed" value="31.5"/>
				<integer name="MinCrew" value="960"/>
				<float name="Money" value="42000."/>
				<float name="NTimeProd" value="400."/>
				<string name="Name" value="Littorio"/>
				<boolean name="New" value="true"/>
				<integer name="Nuc_Dest_Prob" value="300"/>
				<integer name="Passengers" value="70"/>
				<boolean name="PlanesTransportationAbility" value="false"/>
				<float name="Range" value="7260."/>
				<integer name="Rank" value="2"/>
				<string name="SMU" value="Littorio"/>
				<float name="Speed" value="20."/>
				<float name="StoreCapacity" value="3800."/>
				<boolean name="Transportable" value="false"/>
				<float name="TurnRate" value="1.4e-003"/>
				<integer name="Type" value="1"/>
				<float name="Vitality" value="8400."/>
				<float name="VitalityAA" value="3500."/>
				<float name="Weight" value="43835."/>
				<integer name="Width" value="32.9"/>
				<integer name="Year" value="39"/>
			</object>
		</object>
		<object name="Engins">
			<object name="MPP_Littorio">
				<float name="Consumption" value="6.1e-004"/>
				<integer name="Country" value="5"/>
				<float name="Money" value="22000."/>
				<integer name="Power_Max" value="140000"/>
				<integer name="RPM_Max" value="0"/>
				<integer name="Type" value="8"/>
				<integer name="Unreliability" value="10"/>
				<string name="Usage" value="Ships"/>
				<float name="Weight" value="3000."/>
			</object>
		</object>
		<object name="Hit_Location">
			<object name="Litt1260">
				<integer name="Country" value="5"/>
				<float name="ER" value="400."/>
				<string name="Hull" value="Litt_EUUpperDeck"/>
				<string name="Name" value="Stern3_LowerDeck"/>
				<string name="TypHL" value="Hull"/>
				<string name="UnitName" value="Littorio"/>
			</object>
			<object name="Litt1261">
				<integer name="Country" value="5"/>
				<float name="ER" value="400."/>
				<string name="Hull" value="Litt_Tiller"/>
				<string name="Name" value="Tiller"/>
				<string name="TypHL" value="Hull"/>
				<string name="UnitName" value="Littorio"/>
			</object>
			<object name="Litt1262">
				<integer name="Country" value="5"/>
				<float name="ER" value="500."/>
				<string name="Hull" value="Litt_ArmourDeckEU"/>
				<string name="Name" value="Stern3_UpperDeck"/>
				<string name="TypHL" value="Hull"/>
				<string name="UnitName" value="Littorio"/>
			</object>
			<object name="Litt1263">
				<integer name="Country" value="5"/>
				<float name="ER" value="600."/>
				<string name="Hull" value="Litt_Barbet"/>
				<string name="Name" value="Barbet1"/>
				<string name="TypHL" value="Hull"/>
				<string name="UnitName" value="Littorio"/>
			</object>
			<object name="Litt1264">
				<integer name="Country" value="5"/>
				<float name="ER" value="600."/>
				<string name="Hull" value="Litt_Barbet"/>
				<string name="Name" value="Barbet2"/>
				<string name="TypHL" value="Hull"/>
				<string name="UnitName" value="Littorio"/>
			</object>
			<object name="Litt1265">
				<integer name="Country" value="5"/>
				<float name="ER" value="600."/>
				<string name="Hull" value="Litt_Barbet"/>
				<string name="Name" value="Barbet3"/>
				<string name="TypHL" value="Hull"/>
				<string name="UnitName" value="Littorio"/>
			</object>
			<object name="Litt1266">
				<integer name="Country" value="5"/>
				<float name="ER" value="450."/>
				<string name="Hull" value="Litt_BattleCabine"/>
				<string name="Name" value="BattleCabin"/>
				<string name="TypHL" value="Probe"/>
				<string name="UnitName" value="Littorio"/>
			</object>
			<object name="Litt1267">
				<integer name="Country" value="5"/>
				<float name="ER" value="400."/>
				<string name="Hull" value="Std_Probe"/>
				<string name="Name" value="Probe_AA_Bow"/>
				<string name="TypHL" value="Probe"/>
				<string name="UnitName" value="Littorio"/>
			</object>
			<object name="Litt1268">
				<integer name="Country" value="5"/>
				<float name="ER" value="400."/>
				<string name="Hull" value="Std_Probe"/>
				<string name="Name" value="Probe_AA_Stern"/>
				<string name="TypHL" value="Probe"/>
				<string name="UnitName" value="Littorio"/>
			</object>
			<object name="Litt1269">
				<string name="ConnectName" value="Middle4_Engine"/>
				<integer name="Country" value="5"/>
				<float name="ER" value="400."/>
				<string name="Hull" value="Std_Mover"/>
				<string name="Name" value="Mover3"/>
				<string name="TypHL" value="Mover"/>
				<string name="UnitName" value="Littorio"/>
			</object>
			<object name="Litt1270">
				<string name="ConnectName" value="Middle5_Engine"/>
				<integer name="Country" value="5"/>
				<float name="ER" value="400."/>
				<string name="Hull" value="Std_Mover"/>
				<string name="Name" value="Mover4"/>
				<string name="TypHL" value="Mover"/>
				<string name="UnitName" value="Littorio"/>
			</object>
			<object name="Litt1271">
				<string name="ConnectName" value="Middle3_Engine"/>
				<integer name="Country" value="5"/>
				<float name="ER" value="400."/>
				<string name="Hull" value="Std_Mover"/>
				<string name="Name" value="Mover2"/>
				<string name="TypHL" value="Mover"/>
				<string name="UnitName" value="Littorio"/>
			</object>
			<object name="Litt1272">
				<string name="ConnectName" value="Middle2_Engine"/>
				<integer name="Country" value="5"/>
				<float name="ER" value="400."/>
				<string name="Hull" value="Std_Mover"/>
				<string name="Name" value="Mover1"/>
				<string name="TypHL" value="Mover"/>
				<string name="UnitName" value="Littorio"/>
			</object>
			<object name="Litt1273">
				<string name="ConnectName" value="Tiller;"/>
				<integer name="Country" value="5"/>
				<float name="ER" value="400."/>
				<string name="Hull" value="Std_Rudder"/>
				<string name="Name" value="Rudder"/>
				<string name="TypHL" value="Rudder"/>
				<string name="UnitName" value="Littorio"/>
			</object>
			<object name="Litt1275">
				<integer name="Country" value="5"/>
				<float name="ER" value="400."/>
				<string name="Hull" value="Litt_LAMP"/>
				<string name="Name" value="Bow3_LAMP"/>
				<string name="TypHL" value="Hull"/>
				<string name="UnitName" value="Littorio"/>
			</object>
			<object name="Litt1276">
				<integer name="Country" value="5"/>
				<float name="ER" value="600."/>
				<string name="Hull" value="Litt_LASBelt_Lower"/>
				<string name="Name" value="Bow3_LLowerBelt"/>
				<string name="TypHL" value="Hull"/>
				<string name="UnitName" value="Littorio"/>
			</object>
			<object name="Litt1277">
				<integer name="Country" value="5"/>
				<float name="ER" value="600."/>
				<string name="Hull" value="Litt_LASBelt_Upper"/>
				<string name="Name" value="Bow3_LUpperBelt"/>
				<string name="TypHL" value="Hull"/>
				<string name="UnitName" value="Littorio"/>
			</object>
			<object name="Litt1278">
				<integer name="Country" value="5"/>
				<float name="ER" value="400."/>
				<string name="Hull" value="Litt_RAMP"/>
				<string name="Name" value="Bow3_RAMP"/>
				<string name="TypHL" value="Hull"/>
				<string name="UnitName" value="Littorio"/>
			</object>
			<object name="Litt1279">
				<integer name="Country" value="5"/>
				<float name="ER" value="600."/>
				<string name="Hull" value="Litt_RASBelt_Lower"/>
				<string name="Name" value="Bow3_RLowerBelt"/>
				<string name="TypHL" value="Hull"/>
				<string name="UnitName" value="Littorio"/>
			</object>
			<object name="Litt1280">
				<integer name="Country" value="5"/>
				<float name="ER" value="600."/>
				<string name="Hull" value="Litt_RASBelt_Upper"/>
				<string name="Name" value="Bow3_RUpperBelt"/>
				<string name="TypHL" value="Hull"/>
				<string name="UnitName" value="Littorio"/>
			</object>
			<object name="Litt1281">
				<integer name="Country" value="5"/>
				<float name="ER" value="400."/>
				<string name="Hull" value="Litt_Bottom"/>
				<string name="Name" value="Bow3_RBottom"/>
				<string name="TypHL" value="Hull"/>
				<string name="UnitName" value="Littorio"/>
			</object>
			<object name="Litt1282">
				<integer name="Country" value="5"/>
				<float name="ER" value="400."/>
				<string name="Hull" value="Litt_Bottom"/>
				<string name="Name" value="Bow3_LBottom"/>
				<string name="TypHL" value="Hull"/>
				<string name="UnitName" value="Littorio"/>
			</object>
			<object name="Litt1283">
				<integer name="Country" value="5"/>
				<float name="ER" value="500."/>
				<string name="Hull" value="Litt_ArmourDeckEU"/>
				<string name="Name" value="Bow3_UpperDeck"/>
				<string name="TypHL" value="Hull"/>
				<string name="UnitName" value="Littorio"/>
			</object>
			<object name="Litt1284">
				<integer name="Country" value="5"/>
				<float name="ER" value="500."/>
				<string name="Hull" value="Litt_ArmourDeckAS"/>
				<string name="Name" value="Bow3_MiddleDeck"/>
				<string name="TypHL" value="Hull"/>
				<string name="UnitName" value="Littorio"/>
			</object>
			<object name="Litt1285">
				<integer name="Country" value="5"/>
				<float name="ER" value="400."/>
				<string name="Hull" value="Litt_EUUpperDeck"/>
				<string name="Name" value="Bow3_LowerDeck1"/>
				<string name="TypHL" value="Hull"/>
				<string name="UnitName" value="Littorio"/>
			</object>
			<object name="Litt1286">
				<integer name="Country" value="5"/>
				<float name="ER" value="400."/>
				<string name="Hull" value="Litt_AS_T2"/>
				<string name="Name" value="AmmoStore_2_2"/>
				<float name="Param_1" value="0."/>
				<string name="TypHL" value="AmmoStore"/>
				<string name="UnitName" value="Littorio"/>
			</object>
			<object name="Litt1287">
				<integer name="Country" value="5"/>
				<float name="ER" value="400."/>
				<string name="Hull" value="Litt_AS_T1"/>
				<string name="Name" value="AmmoStore_2_1"/>
				<float name="Param_1" value="0."/>
				<string name="TypHL" value="AmmoStore"/>
				<string name="UnitName" value="Littorio"/>
			</object>
			<object name="Litt1288">
				<integer name="Country" value="5"/>
				<float name="ER" value="400."/>
				<string name="Hull" value="Litt_AS_T2"/>
				<string name="Name" value="AmmoStore_1_2"/>
				<float name="Param_1" value="0."/>
				<string name="TypHL" value="AmmoStore"/>
				<string name="UnitName" value="Littorio"/>
			</object>
			<object name="Litt1289">
				<integer name="Country" value="5"/>
				<float name="ER" value="400."/>
				<string name="Hull" value="Litt_AS_T1"/>
				<string name="Name" value="AmmoStore_1_1"/>
				<float name="Param_1" value="0."/>
				<string name="TypHL" value="AmmoStore"/>
				<string name="UnitName" value="Littorio"/>
			</object>
			<object name="Litt1291">
				<integer name="Country" value="5"/>
				<float name="ER" value="500."/>
				<string name="Hull" value="Litt_ArmourDeckEU"/>
				<string name="Name" value="Stern2_UpperDeck"/>
				<string name="TypHL" value="Hull"/>
				<string name="UnitName" value="Littorio"/>
			</object>
			<object name="Litt1292">
				<integer name="Country" value="5"/>
				<float name="ER" value="400."/>
				<string name="Hull" value="Litt_Bottom"/>
				<string name="Name" value="Stern1_RBottom"/>
				<string name="TypHL" value="Hull"/>
				<string name="UnitName" value="Littorio"/>
			</object>
			<object name="Litt1293">
				<integer name="Country" value="5"/>
				<float name="ER" value="400."/>
				<string name="Hull" value="Litt_Bottom"/>
				<string name="Name" value="Stern1_LBottom"/>
				<string name="TypHL" value="Hull"/>
				<string name="UnitName" value="Littorio"/>
			</object>
			<object name="Litt1294">
				<integer name="Country" value="5"/>
				<float name="ER" value="400."/>
				<string name="Hull" value="Litt_RAMP"/>
				<string name="Name" value="Stern1_RAMP"/>
				<string name="TypHL" value="Hull"/>
				<string name="UnitName" value="Littorio"/>
			</object>
			<object name="Litt1295">
				<integer name="Country" value="5"/>
				<float name="ER" value="400."/>
				<string name="Hull" value="Litt_LAMP"/>
				<string name="Name" value="Stern1_LAMP"/>
				<string name="TypHL" value="Hull"/>
				<string name="UnitName" value="Littorio"/>
			</object>
			<object name="Litt1296">
				<integer name="Country" value="5"/>
				<float name="ER" value="600."/>
				<string name="Hull" value="Litt_LASBelt_Upper"/>
				<string name="Name" value="Stern1_LUpperBelt"/>
				<string name="TypHL" value="Hull"/>
				<string name="UnitName" value="Littorio"/>
			</object>
			<object name="Litt1297">
				<integer name="Country" value="5"/>
				<float name="ER" value="500."/>
				<string name="Hull" value="Litt_EUUpperDeck"/>
				<string name="Name" value="Stern1_LowerDeck"/>
				<string name="TypHL" value="Hull"/>
				<string name="UnitName" value="Littorio"/>
			</object>
			<object name="Litt1298">
				<integer name="Country" value="5"/>
				<float name="ER" value="400."/>
				<string name="Hull" value="Litt_AS_T1"/>
				<string name="Name" value="AmmoStore_3_1"/>
				<float name="Param_1" value="0."/>
				<string name="TypHL" value="AmmoStore"/>
				<string name="UnitName" value="Littorio"/>
			</object>
			<object name="Litt1299">
				<integer name="Country" value="5"/>
				<float name="ER" value="400."/>
				<string name="Hull" value="Litt_AS_T2"/>
				<string name="Name" value="AmmoStore_3_2"/>
				<float name="Param_1" value="0."/>
				<string name="TypHL" value="AmmoStore"/>
				<string name="UnitName" value="Littorio"/>
			</object>
			<object name="Litt1300">
				<integer name="Country" value="5"/>
				<float name="ER" value="600."/>
				<string name="Hull" value="Litt_RASBelt_Lower"/>
				<string name="Name" value="Stern1_RLowerBelt"/>
				<string name="TypHL" value="Hull"/>
				<string name="UnitName" value="Littorio"/>
			</object>
			<object name="Litt1301">
				<integer name="Country" value="5"/>
				<float name="ER" value="600."/>
				<string name="Hull" value="Litt_RASBelt_Upper"/>
				<string name="Name" value="Stern1_RUpperBelt"/>
				<string name="TypHL" value="Hull"/>
				<string name="UnitName" value="Littorio"/>
			</object>
			<object name="Litt1302">
				<integer name="Country" value="5"/>
				<float name="ER" value="500."/>
				<string name="Hull" value="Litt_ArmourDeckEU"/>
				<string name="Name" value="Stern1_UpperDeck"/>
				<string name="TypHL" value="Hull"/>
				<string name="UnitName" value="Littorio"/>
			</object>
			<object name="Litt1303">
				<integer name="Country" value="5"/>
				<float name="ER" value="500."/>
				<string name="Hull" value="Litt_ArmourDeckAS"/>
				<string name="Name" value="Stern1_MiddleDeck"/>
				<string name="TypHL" value="Hull"/>
				<string name="UnitName" value="Littorio"/>
			</object>
			<object name="Litt1304">
				<integer name="Country" value="5"/>
				<float name="ER" value="400."/>
				<string name="Hull" value="Std_Probe"/>
				<string name="Name" value="Probe_MG_Stern"/>
				<string name="TypHL" value="Probe"/>
				<string name="UnitName" value="Littorio"/>
			</object>
			<object name="Litt1306">
				<integer name="Country" value="5"/>
				<float name="ER" value="400."/>
				<string name="Hull" value="Litt_EUUpperDeck"/>
				<string name="Name" value="Middle5_LLowerDeck"/>
				<string name="TypHL" value="Hull"/>
				<string name="UnitName" value="Littorio"/>
			</object>
			<object name="Litt1307">
				<integer name="Country" value="5"/>
				<float name="ER" value="600."/>
				<string name="Hull" value="Litt_ArmourDeckEU"/>
				<string name="Name" value="Middle5_REngineDeck"/>
				<string name="TypHL" value="Hull"/>
				<string name="UnitName" value="Littorio"/>
			</object>
			<object name="Litt1308">
				<string name="ConnectName" value="Middle2_Boiler;Middle3_Boiler;Middle4_Boiler;Middle5_Boiler"/>
				<integer name="Country" value="5"/>
				<float name="ER" value="400."/>
				<string name="Hull" value="Std_Engine"/>
				<string name="Name" value="Middle5_Engine"/>
				<string name="TypHL" value="Engine"/>
				<string name="UnitName" value="Littorio"/>
			</object>
			<object name="Litt1309">
				<integer name="Country" value="5"/>
				<float name="ER" value="400."/>
				<string name="Hull" value="Litt_EUUpperDeck"/>
				<string name="Name" value="Middle5_RLowerDeck"/>
				<string name="TypHL" value="Hull"/>
				<string name="UnitName" value="Littorio"/>
			</object>
			<object name="Litt1310">
				<integer name="Country" value="5"/>
				<float name="ER" value="500."/>
				<string name="Hull" value="Litt_ArmourDeckEU"/>
				<string name="Name" value="Middle5_RMiddleDeck"/>
				<string name="TypHL" value="Hull"/>
				<string name="UnitName" value="Littorio"/>
			</object>
			<object name="Litt1311">
				<integer name="Country" value="5"/>
				<float name="ER" value="400."/>
				<string name="Hull" value="Litt_EUUpperDeck"/>
				<string name="Name" value="Middle5_UpperDeck"/>
				<string name="TypHL" value="Hull"/>
				<string name="UnitName" value="Littorio"/>
			</object>
			<object name="Litt1312">
				<integer name="Country" value="5"/>
				<float name="ER" value="500."/>
				<string name="Hull" value="Litt_ArmourDeckEU"/>
				<string name="Name" value="Middle5_LEngineDeck"/>
				<string name="TypHL" value="Hull"/>
				<string name="UnitName" value="Littorio"/>
			</object>
			<object name="Litt1313">
				<integer name="Country" value="5"/>
				<float name="ER" value="400."/>
				<string name="Hull" value="Std_Boiler"/>
				<string name="Name" value="Middle5_Boiler"/>
				<string name="TypHL" value="Boiler"/>
				<string name="UnitName" value="Littorio"/>
			</object>
			<object name="Litt1314">
				<integer name="Country" value="5"/>
				<float name="ER" value="500."/>
				<string name="Hull" value="Litt_ArmourDeckEU"/>
				<string name="Name" value="Middle5_Middle2Deck"/>
				<string name="TypHL" value="Hull"/>
				<string name="UnitName" value="Littorio"/>
			</object>
			<object name="Litt1315">
				<integer name="Country" value="5"/>
				<float name="ER" value="500."/>
				<string name="Hull" value="Litt_ArmourDeckEU"/>
				<string name="Name" value="Middle5_LMiddleDeck"/>
				<string name="TypHL" value="Hull"/>
				<string name="UnitName" value="Littorio"/>
			</object>
			<object name="Litt1316">
				<integer name="Country" value="5"/>
				<float name="ER" value="400."/>
				<string name="Hull" value="Litt_Bottom"/>
				<string name="Name" value="Middle5_RBottom"/>
				<string name="TypHL" value="FuelTank"/>
				<string name="UnitName" value="Littorio"/>
			</object>
			<object name="Litt1317">
				<integer name="Country" value="5"/>
				<float name="ER" value="400."/>
				<string name="Hull" value="Litt_LAMP"/>
				<string name="Name" value="Middle5_LAMP"/>
				<string name="TypHL" value="Hull"/>
				<string name="UnitName" value="Littorio"/>
			</object>
			<object name="Litt1318">
				<integer name="Country" value="5"/>
				<float name="ER" value="400."/>
				<string name="Hull" value="Litt_Bottom"/>
				<string name="Name" value="Middle5_LBottom"/>
				<string name="TypHL" value="FuelTank"/>
				<string name="UnitName" value="Littorio"/>
			</object>
			<object name="Litt1319">
				<integer name="Country" value="5"/>
				<float name="ER" value="400."/>
				<string name="Hull" value="Litt_RAMP"/>
				<string name="Name" value="Middle5_RAMP"/>
				<string name="TypHL" value="Hull"/>
				<string name="UnitName" value="Littorio"/>
			</object>
			<object name="Litt1320">
				<integer name="Country" value="5"/>
				<float name="ER" value="600."/>
				<string name="Hull" value="Litt_LEUBelt_Lower"/>
				<string name="Name" value="Middle5_LLowerBelt"/>
				<string name="TypHL" value="Hull"/>
				<string name="UnitName" value="Littorio"/>
			</object>
			<object name="Litt1321">
				<integer name="Country" value="5"/>
				<float name="ER" value="600."/>
				<string name="Hull" value="Litt_REUBelt_Lower"/>
				<string name="Name" value="Middle5_RLowerBelt"/>
				<string name="TypHL" value="Hull"/>
				<string name="UnitName" value="Littorio"/>
			</object>
			<object name="Litt1322">
				<integer name="Country" value="5"/>
				<float name="ER" value="600."/>
				<string name="Hull" value="Litt_REUBelt_Upper"/>
				<string name="Name" value="Middle5_RUpperBelt"/>
				<string name="TypHL" value="Hull"/>
				<string name="UnitName" value="Littorio"/>
			</object>
			<object name="Litt1323">
				<integer name="Country" value="5"/>
				<float name="ER" value="600."/>
				<string name="Hull" value="Litt_LEUBelt_Upper"/>
				<string name="Name" value="Middle5_LUpperBelt"/>
				<string name="TypHL" value="Hull"/>
				<string name="UnitName" value="Littorio"/>
			</object>
			<object name="Litt1325">
				<integer name="Country" value="5"/>
				<float name="ER" value="400."/>
				<string name="Hull" value="Litt_EUUpperDeck"/>
				<string name="Name" value="Middle4_LLowerDeck"/>
				<string name="TypHL" value="Hull"/>
				<string name="UnitName" value="Littorio"/>
			</object>
			<object name="Litt1326">
				<integer name="Country" value="5"/>
				<float name="ER" value="500."/>
				<string name="Hull" value="Litt_ArmourDeckEU"/>
				<string name="Name" value="Middle4_LEngineDeck"/>
				<string name="TypHL" value="Hull"/>
				<string name="UnitName" value="Littorio"/>
			</object>
			<object name="Litt1327">
				<string name="ConnectName" value="Middle2_Boiler;Middle3_Boiler;Middle4_Boiler;Middle5_Boiler"/>
				<integer name="Country" value="5"/>
				<float name="ER" value="400."/>
				<string name="Hull" value="Std_Engine"/>
				<string name="Name" value="Middle4_Engine"/>
				<string name="TypHL" value="Engine"/>
				<string name="UnitName" value="Littorio"/>
			</object>
			<object name="Litt1328">
				<integer name="Country" value="5"/>
				<float name="ER" value="500."/>
				<string name="Hull" value="Litt_ArmourDeckEU"/>
				<string name="Name" value="Middle4_REngineDeck"/>
				<string name="TypHL" value="Hull"/>
				<string name="UnitName" value="Littorio"/>
			</object>
			<object name="Litt1329">
				<integer name="Country" value="5"/>
				<float name="ER" value="400."/>
				<string name="Hull" value="Std_Boiler"/>
				<string name="Name" value="Middle4_Boiler"/>
				<string name="TypHL" value="Boiler"/>
				<string name="UnitName" value="Littorio"/>
			</object>
			<object name="Litt1330">
				<integer name="Country" value="5"/>
				<float name="ER" value="400."/>
				<string name="Hull" value="Litt_EUUpperDeck"/>
				<string name="Name" value="Middle4_RLowerDeck"/>
				<string name="TypHL" value="Hull"/>
				<string name="UnitName" value="Littorio"/>
			</object>
			<object name="Litt1331">
				<integer name="Country" value="5"/>
				<float name="ER" value="500."/>
				<string name="Hull" value="Litt_ArmourDeckEU"/>
				<string name="Name" value="Middle4_Middle2Deck"/>
				<string name="TypHL" value="Hull"/>
				<string name="UnitName" value="Littorio"/>
			</object>
			<object name="Litt1332">
				<integer name="Country" value="5"/>
				<float name="ER" value="400."/>
				<string name="Hull" value="Litt_EUUpperDeck"/>
				<string name="Name" value="Middle4_UpperDeck"/>
				<string name="TypHL" value="Hull"/>
				<string name="UnitName" value="Littorio"/>
			</object>
			<object name="Litt1333">
				<integer name="Country" value="5"/>
				<float name="ER" value="500."/>
				<string name="Hull" value="Litt_ArmourDeckEU"/>
				<string name="Name" value="Middle4_LMiddleDeck"/>
				<string name="TypHL" value="Hull"/>
				<string name="UnitName" value="Littorio"/>
			</object>
			<object name="Litt1334">
				<integer name="Country" value="5"/>
				<float name="ER" value="500."/>
				<string name="Hull" value="Litt_ArmourDeckEU"/>
				<string name="Name" value="Middle4_RMiddleDeck"/>
				<string name="TypHL" value="Hull"/>
				<string name="UnitName" value="Littorio"/>
			</object>
			<object name="Litt1335">
				<integer name="Country" value="5"/>
				<float name="ER" value="400."/>
				<string name="Hull" value="Litt_Bottom"/>
				<string name="Name" value="Middle4_RBottom"/>
				<string name="TypHL" value="FuelTank"/>
				<string name="UnitName" value="Littorio"/>
			</object>
			<object name="Litt1336">
				<integer name="Country" value="5"/>
				<float name="ER" value="400."/>
				<string name="Hull" value="Litt_Bottom"/>
				<string name="Name" value="Middle4_LBottom"/>
				<string name="TypHL" value="FuelTank"/>
				<string name="UnitName" value="Littorio"/>
			</object>
			<object name="Litt1337">
				<integer name="Country" value="5"/>
				<float name="ER" value="400."/>
				<string name="Hull" value="Litt_RAMP"/>
				<string name="Name" value="Middle4_RAMP"/>
				<string name="TypHL" value="Hull"/>
				<string name="UnitName" value="Littorio"/>
			</object>
			<object name="Litt1338">
				<integer name="Country" value="5"/>
				<float name="ER" value="400."/>
				<string name="Hull" value="Litt_LAMP"/>
				<string name="Name" value="Middle4_LAMP"/>
				<string name="TypHL" value="Hull"/>
				<string name="UnitName" value="Littorio"/>
			</object>
			<object name="Litt1339">
				<integer name="Country" value="5"/>
				<float name="ER" value="600."/>
				<string name="Hull" value="Litt_LEUBelt_Lower"/>
				<string name="Name" value="Middle4_LLowerBelt"/>
				<string name="TypHL" value="Hull"/>
				<string name="UnitName" value="Littorio"/>
			</object>
			<object name="Litt1340">
				<integer name="Country" value="5"/>
				<float name="ER" value="600."/>
				<string name="Hull" value="Litt_REUBelt_Upper"/>
				<string name="Name" value="Middle4_RUpperBelt"/>
				<string name="TypHL" value="Hull"/>
				<string name="UnitName" value="Littorio"/>
			</object>
			<object name="Litt1341">
				<integer name="Country" value="5"/>
				<float name="ER" value="600."/>
				<string name="Hull" value="Litt_REUBelt_Lower"/>
				<string name="Name" value="Middle4_RLowerBelt"/>
				<string name="TypHL" value="Hull"/>
				<string name="UnitName" value="Littorio"/>
			</object>
			<object name="Litt1342">
				<integer name="Country" value="5"/>
				<float name="ER" value="600."/>
				<string name="Hull" value="Litt_LEUBelt_Upper"/>
				<string name="Name" value="Middle4_LUpperBelt"/>
				<string name="TypHL" value="Hull"/>
				<string name="UnitName" value="Littorio"/>
			</object>
			<object name="Litt1344">
				<integer name="Country" value="5"/>
				<float name="ER" value="500."/>
				<string name="Hull" value="Litt_ArmourDeckEU"/>
				<string name="Name" value="Middle3_LEngineDeck"/>
				<string name="TypHL" value="Hull"/>
				<string name="UnitName" value="Littorio"/>
			</object>
			<object name="Litt1345">
				<integer name="Country" value="5"/>
				<float name="ER" value="400."/>
				<string name="Hull" value="Std_Boiler"/>
				<string name="Name" value="Middle3_Boiler"/>
				<string name="TypHL" value="Boiler"/>
				<string name="UnitName" value="Littorio"/>
			</object>
			<object name="Litt1346">
				<integer name="Country" value="5"/>
				<float name="ER" value="500."/>
				<string name="Hull" value="Litt_ArmourDeckEU"/>
				<string name="Name" value="Middle3_REngineDeck"/>
				<string name="TypHL" value="Hull"/>
				<string name="UnitName" value="Littorio"/>
			</object>
			<object name="Litt1347">
				<string name="ConnectName" value="Middle2_Boiler;Middle3_Boiler;Middle4_Boiler;Middle5_Boiler;"/>
				<integer name="Country" value="5"/>
				<float name="ER" value="400."/>
				<string name="Hull" value="Std_Engine"/>
				<string name="Name" value="Middle3_Engine"/>
				<string name="TypHL" value="Engine"/>
				<string name="UnitName" value="Littorio"/>
			</object>
			<object name="Litt1348">
				<integer name="Country" value="5"/>
				<float name="ER" value="400."/>
				<string name="Hull" value="Litt_EUUpperDeck"/>
				<string name="Name" value="Middle3_LLowerDeck"/>
				<string name="TypHL" value="Hull"/>
				<string name="UnitName" value="Littorio"/>
			</object>
			<object name="Litt1349">
				<integer name="Country" value="5"/>
				<float name="ER" value="400."/>
				<string name="Hull" value="Litt_EUUpperDeck"/>
				<string name="Name" value="Middle3_RLowerDeck"/>
				<string name="TypHL" value="Hull"/>
				<string name="UnitName" value="Littorio"/>
			</object>
			<object name="Litt1350">
				<integer name="Country" value="5"/>
				<float name="ER" value="500."/>
				<string name="Hull" value="Litt_ArmourDeckEU"/>
				<string name="Name" value="Middle3_RMiddleDeck"/>
				<string name="TypHL" value="Hull"/>
				<string name="UnitName" value="Littorio"/>
			</object>
			<object name="Litt1351">
				<integer name="Country" value="5"/>
				<float name="ER" value="500."/>
				<string name="Hull" value="Litt_ArmourDeckEU"/>
				<string name="Name" value="Middle3_LMiddleDeck"/>
				<string name="TypHL" value="Hull"/>
				<string name="UnitName" value="Littorio"/>
			</object>
			<object name="Litt1352">
				<integer name="Country" value="5"/>
				<float name="ER" value="500."/>
				<string name="Hull" value="Litt_ArmourDeckEU"/>
				<string name="Name" value="Middle3_Middle2Deck"/>
				<string name="TypHL" value="Hull"/>
				<string name="UnitName" value="Littorio"/>
			</object>
			<object name="Litt1353">
				<integer name="Country" value="5"/>
				<float name="ER" value="400."/>
				<string name="Hull" value="Litt_EUUpperDeck"/>
				<string name="Name" value="Middle3_UpperDeck"/>
				<string name="TypHL" value="Hull"/>
				<string name="UnitName" value="Littorio"/>
			</object>
			<object name="Litt1354">
				<integer name="Country" value="5"/>
				<float name="ER" value="400."/>
				<string name="Hull" value="Litt_Bottom"/>
				<string name="Name" value="Middle3_LBottom"/>
				<string name="TypHL" value="FuelTank"/>
				<string name="UnitName" value="Littorio"/>
			</object>
			<object name="Litt1355">
				<integer name="Country" value="5"/>
				<float name="ER" value="400."/>
				<string name="Hull" value="Litt_Bottom"/>
				<string name="Name" value="Middle3_RBottom"/>
				<string name="TypHL" value="FuelTank"/>
				<string name="UnitName" value="Littorio"/>
			</object>
			<object name="Litt1356">
				<integer name="Country" value="5"/>
				<float name="ER" value="400."/>
				<string name="Hull" value="Litt_RAMP"/>
				<string name="Name" value="Middle3_RAMP"/>
				<string name="TypHL" value="Hull"/>
				<string name="UnitName" value="Littorio"/>
			</object>
			<object name="Litt1357">
				<integer name="Country" value="5"/>
				<float name="ER" value="600."/>
				<string name="Hull" value="Litt_LEUBelt_Upper"/>
				<string name="Name" value="Middle3_LUpperBelt"/>
				<string name="TypHL" value="Hull"/>
				<string name="UnitName" value="Littorio"/>
			</object>
			<object name="Litt1358">
				<integer name="Country" value="5"/>
				<float name="ER" value="400."/>
				<string name="Hull" value="Litt_RAMP"/>
				<string name="Name" value="Middle3_LAMP"/>
				<string name="TypHL" value="Hull"/>
				<string name="UnitName" value="Littorio"/>
			</object>
			<object name="Litt1359">
				<integer name="Country" value="5"/>
				<float name="ER" value="600."/>
				<string name="Hull" value="Litt_LEUBelt_Lower"/>
				<string name="Name" value="Middle3_LLowerBelt"/>
				<string name="TypHL" value="Hull"/>
				<string name="UnitName" value="Littorio"/>
			</object>
			<object name="Litt1360">
				<integer name="Country" value="5"/>
				<float name="ER" value="600."/>
				<string name="Hull" value="Litt_REUBelt_Lower"/>
				<string name="Name" value="Middle3_RLowerBelt"/>
				<string name="TypHL" value="Hull"/>
				<string name="UnitName" value="Littorio"/>
			</object>
			<object name="Litt1361">
				<integer name="Country" value="5"/>
				<float name="ER" value="600."/>
				<string name="Hull" value="Litt_REUBelt_Upper"/>
				<string name="Name" value="Middle3_RUpperBelt"/>
				<string name="TypHL" value="Hull"/>
				<string name="UnitName" value="Littorio"/>
			</object>
			<object name="Litt1363">
				<integer name="Country" value="5"/>
				<float name="ER" value="500."/>
				<string name="Hull" value="Litt_ArmourDeckEU"/>
				<string name="Name" value="Middle2_LMiddleDeck"/>
				<string name="TypHL" value="Hull"/>
				<string name="UnitName" value="Littorio"/>
			</object>
			<object name="Litt1364">
				<integer name="Country" value="5"/>
				<float name="ER" value="500."/>
				<string name="Hull" value="Litt_ArmourDeckEU"/>
				<string name="Name" value="Middle2_Middle2Deck"/>
				<string name="TypHL" value="Hull"/>
				<string name="UnitName" value="Littorio"/>
			</object>
			<object name="Litt1365">
				<integer name="Country" value="5"/>
				<float name="ER" value="400."/>
				<string name="Hull" value="Litt_EUUpperDeck"/>
				<string name="Name" value="Middle2_UpperDeck"/>
				<string name="TypHL" value="Hull"/>
				<string name="UnitName" value="Littorio"/>
			</object>
			<object name="Litt1366">
				<integer name="Country" value="5"/>
				<float name="ER" value="500."/>
				<string name="Hull" value="Litt_ArmourDeckEU"/>
				<string name="Name" value="Middle2_RMiddleDeck"/>
				<string name="TypHL" value="Hull"/>
				<string name="UnitName" value="Littorio"/>
			</object>
			<object name="Litt1367">
				<integer name="Country" value="5"/>
				<float name="ER" value="400."/>
				<string name="Hull" value="Litt_EUUpperDeck"/>
				<string name="Name" value="Middle2_LLowerDeck"/>
				<string name="TypHL" value="Hull"/>
				<string name="UnitName" value="Littorio"/>
			</object>
			<object name="Litt1368">
				<integer name="Country" value="5"/>
				<float name="ER" value="500."/>
				<string name="Hull" value="Litt_ArmourDeckEU"/>
				<string name="Name" value="Middle2_REngineDeck"/>
				<string name="TypHL" value="Hull"/>
				<string name="UnitName" value="Littorio"/>
			</object>
			<object name="Litt1369">
				<integer name="Country" value="5"/>
				<float name="ER" value="400."/>
				<string name="Hull" value="Std_Boiler"/>
				<string name="Name" value="Middle2_Boiler"/>
				<string name="TypHL" value="Boiler"/>
				<string name="UnitName" value="Littorio"/>
			</object>
			<object name="Litt1370">
				<integer name="Country" value="5"/>
				<float name="ER" value="500."/>
				<string name="Hull" value="Litt_ArmourDeckEU"/>
				<string name="Name" value="Middle2_LEngineDeck"/>
				<string name="TypHL" value="Hull"/>
				<string name="UnitName" value="Littorio"/>
			</object>
			<object name="Litt1371">
				<string name="ConnectName" value="Middle2_Boiler;Middle3_Boiler;Middle4_Boiler;Middle5_Boiler"/>
				<integer name="Country" value="5"/>
				<float name="ER" value="400."/>
				<string name="Hull" value="Std_Engine"/>
				<string name="Name" value="Middle2_Engine"/>
				<string name="TypHL" value="Engine"/>
				<string name="UnitName" value="Littorio"/>
			</object>
			<object name="Litt1372">
				<integer name="Country" value="5"/>
				<float name="ER" value="400."/>
				<string name="Hull" value="Litt_EUUpperDeck"/>
				<string name="Name" value="Middle2_RLowerDeck"/>
				<string name="TypHL" value="Hull"/>
				<string name="UnitName" value="Littorio"/>
			</object>
			<object name="Litt1373">
				<integer name="Country" value="5"/>
				<float name="ER" value="600."/>
				<string name="Hull" value="Litt_LEUBelt_Upper"/>
				<string name="Name" value="Middle2_LUpperBelt"/>
				<string name="TypHL" value="Hull"/>
				<string name="UnitName" value="Littorio"/>
			</object>
			<object name="Litt1374">
				<integer name="Country" value="5"/>
				<float name="ER" value="400."/>
				<string name="Hull" value="Litt_LAMP"/>
				<string name="Name" value="Middle2_LAMP"/>
				<string name="TypHL" value="Hull"/>
				<string name="UnitName" value="Littorio"/>
			</object>
			<object name="Litt1375">
				<integer name="Country" value="5"/>
				<float name="ER" value="600."/>
				<string name="Hull" value="Litt_LEUBelt_Lower"/>
				<string name="Name" value="Middle2_LLowerBelt"/>
				<string name="TypHL" value="Hull"/>
				<string name="UnitName" value="Littorio"/>
			</object>
			<object name="Litt1376">
				<integer name="Country" value="5"/>
				<float name="ER" value="600."/>
				<string name="Hull" value="Litt_REUBelt_Upper"/>
				<string name="Name" value="Middle2_RUpperBelt"/>
				<string name="TypHL" value="Hull"/>
				<string name="UnitName" value="Littorio"/>
			</object>
			<object name="Litt1377">
				<integer name="Country" value="5"/>
				<float name="ER" value="600."/>
				<string name="Hull" value="Litt_REUBelt_Lower"/>
				<string name="Name" value="Middle2_RLowerBelt"/>
				<string name="TypHL" value="Hull"/>
				<string name="UnitName" value="Littorio"/>
			</object>
			<object name="Litt1378">
				<integer name="Country" value="5"/>
				<float name="ER" value="400."/>
				<string name="Hull" value="Litt_RAMP"/>
				<string name="Name" value="Middle2_RAMP"/>
				<string name="TypHL" value="Hull"/>
				<string name="UnitName" value="Littorio"/>
			</object>
			<object name="Litt1379">
				<integer name="Country" value="5"/>
				<float name="ER" value="400."/>
				<string name="Hull" value="Litt_Bottom"/>
				<string name="Name" value="Middle2_LBottom"/>
				<string name="TypHL" value="FuelTank"/>
				<string name="UnitName" value="Littorio"/>
			</object>
			<object name="Litt1380">
				<integer name="Country" value="5"/>
				<float name="ER" value="400."/>
				<string name="Hull" value="Litt_Bottom"/>
				<string name="Name" value="Middle2_RBottom"/>
				<string name="TypHL" value="FuelTank"/>
				<string name="UnitName" value="Littorio"/>
			</object>
			<object name="Litt1382">
				<integer name="Country" value="5"/>
				<float name="ER" value="400."/>
				<string name="Hull" value="Litt_EUUpperDeck"/>
				<string name="Name" value="Middle1_LCLowerDeck"/>
				<string name="TypHL" value="Hull"/>
				<string name="UnitName" value="Littorio"/>
			</object>
			<object name="Litt1383">
				<integer name="Country" value="5"/>
				<float name="ER" value="400."/>
				<string name="Hull" value="Litt_AS_T1"/>
				<string name="Name" value="AmmoStore_LSG"/>
				<string name="TypHL" value="AmmoStore"/>
				<string name="UnitName" value="Littorio"/>
			</object>
			<object name="Litt1384">
				<integer name="Country" value="5"/>
				<float name="ER" value="400."/>
				<string name="Hull" value="Std_Probe"/>
				<string name="Name" value="Probe_MG_Bow"/>
				<string name="TypHL" value="Probe"/>
				<string name="UnitName" value="Littorio"/>
			</object>
			<object name="Litt1385">
				<integer name="Country" value="5"/>
				<float name="ER" value="400."/>
				<string name="Hull" value="Litt_EUUpperDeck"/>
				<string name="Name" value="Middle1_RCLowerDeck"/>
				<string name="TypHL" value="Hull"/>
				<string name="UnitName" value="Littorio"/>
			</object>
			<object name="Litt1386">
				<integer name="Country" value="5"/>
				<float name="ER" value="400."/>
				<string name="Hull" value="Litt_AS_T1"/>
				<string name="Name" value="AmmoStore_RSG"/>
				<string name="TypHL" value="AmmoStore"/>
				<string name="UnitName" value="Littorio"/>
			</object>
			<object name="Litt1387">
				<integer name="Country" value="5"/>
				<float name="ER" value="400."/>
				<string name="Hull" value="Std_Probe"/>
				<string name="Name" value="CentralPost"/>
				<string name="TypHL" value="Probe"/>
				<string name="UnitName" value="Littorio"/>
			</object>
			<object name="Litt1388">
				<integer name="Country" value="5"/>
				<float name="ER" value="400."/>
				<string name="Hull" value="Litt_EUUpperDeck"/>
				<string name="Name" value="Middle1_RLowerDeck"/>
				<string name="TypHL" value="Hull"/>
				<string name="UnitName" value="Littorio"/>
			</object>
			<object name="Litt1389">
				<integer name="Country" value="5"/>
				<float name="ER" value="400."/>
				<string name="Hull" value="Litt_EUUpperDeck"/>
				<string name="Name" value="Middle1_LLowerDeck"/>
				<string name="TypHL" value="Hull"/>
				<string name="UnitName" value="Littorio"/>
			</object>
			<object name="Litt1390">
				<integer name="Country" value="5"/>
				<float name="ER" value="500."/>
				<string name="Hull" value="Litt_ArmourDeckEU"/>
				<string name="Name" value="Middle1_RMiddleDeck"/>
				<string name="TypHL" value="Hull"/>
				<string name="UnitName" value="Littorio"/>
			</object>
			<object name="Litt1391">
				<integer name="Country" value="5"/>
				<float name="ER" value="500."/>
				<string name="Hull" value="Litt_ArmourDeckEU"/>
				<string name="Name" value="Middle1_LMiddleDeck"/>
				<string name="TypHL" value="Hull"/>
				<string name="UnitName" value="Littorio"/>
			</object>
			<object name="Litt1392">
				<integer name="Country" value="5"/>
				<float name="ER" value="500."/>
				<string name="Hull" value="Litt_ArmourDeckEU"/>
				<string name="Name" value="Middle1_Middle2Deck"/>
				<string name="TypHL" value="Hull"/>
				<string name="UnitName" value="Littorio"/>
			</object>
			<object name="Litt1393">
				<integer name="Country" value="5"/>
				<float name="ER" value="500."/>
				<string name="Hull" value="Litt_ArmourDeckEU"/>
				<string name="Name" value="Middle1_UpperDeck"/>
				<string name="TypHL" value="Hull"/>
				<string name="UnitName" value="Littorio"/>
			</object>
			<object name="Litt1394">
				<integer name="Country" value="5"/>
				<float name="ER" value="500."/>
				<string name="Hull" value="Litt_ArmourDeckEU"/>
				<string name="Name" value="Middle1_MiddleDeck"/>
				<string name="TypHL" value="Hull"/>
				<string name="UnitName" value="Littorio"/>
			</object>
			<object name="Litt1395">
				<integer name="Country" value="5"/>
				<float name="ER" value="400."/>
				<string name="Hull" value="Std_Probe"/>
				<string name="Name" value="Radar"/>
				<string name="TypHL" value="Probe"/>
				<string name="UnitName" value="Littorio"/>
			</object>
			<object name="Litt1396">
				<integer name="Country" value="5"/>
				<float name="ER" value="400."/>
				<string name="Hull" value="Std_Probe"/>
				<string name="Name" value="Radio"/>
				<string name="TypHL" value="Probe"/>
				<string name="UnitName" value="Littorio"/>
			</object>
			<object name="Litt1397">
				<integer name="Country" value="5"/>
				<float name="ER" value="400."/>
				<string name="Hull" value="Litt_Bottom"/>
				<string name="Name" value="Middle1_RBottom"/>
				<string name="TypHL" value="FuelTank"/>
				<string name="UnitName" value="Littorio"/>
			</object>
			<object name="Litt1398">
				<integer name="Country" value="5"/>
				<float name="ER" value="400."/>
				<string name="Hull" value="Litt_Bottom"/>
				<string name="Name" value="Middle1_LBottom"/>
				<string name="TypHL" value="FuelTank"/>
				<string name="UnitName" value="Littorio"/>
			</object>
			<object name="Litt1399">
				<integer name="Country" value="5"/>
				<float name="ER" value="400."/>
				<string name="Hull" value="Litt_RAMP"/>
				<string name="Name" value="Middle1_RAMP"/>
				<string name="TypHL" value="Hull"/>
				<string name="UnitName" value="Littorio"/>
			</object>
			<object name="Litt1400">
				<integer name="Country" value="5"/>
				<float name="ER" value="400."/>
				<string name="Hull" value="Litt_LAMP"/>
				<string name="Name" value="Middle1_LAMP"/>
				<string name="TypHL" value="Hull"/>
				<string name="UnitName" value="Littorio"/>
			</object>
			<object name="Litt1401">
				<integer name="Country" value="5"/>
				<float name="ER" value="600."/>
				<string name="Hull" value="Litt_LEUBelt_Upper"/>
				<string name="Name" value="Middle1_LUpperBelt"/>
				<string name="TypHL" value="Hull"/>
				<string name="UnitName" value="Littorio"/>
			</object>
			<object name="Litt1402">
				<integer name="Country" value="5"/>
				<float name="ER" value="600."/>
				<string name="Hull" value="Litt_LEUBelt_Lower"/>
				<string name="Name" value="Middle1_LLowerBelt"/>
				<string name="TypHL" value="Hull"/>
				<string name="UnitName" value="Littorio"/>
			</object>
			<object name="Litt1403">
				<integer name="Country" value="5"/>
				<float name="ER" value="600."/>
				<string name="Hull" value="Litt_REUBelt_Upper"/>
				<string name="Name" value="Middle1_RUpperBelt"/>
				<string name="TypHL" value="Hull"/>
				<string name="UnitName" value="Littorio"/>
			</object>
			<object name="Litt1404">
				<integer name="Country" value="5"/>
				<float name="ER" value="600."/>
				<string name="Hull" value="Litt_REUBelt_Lower"/>
				<string name="Name" value="Middle1_RLowerBelt"/>
				<string name="TypHL" value="Hull"/>
				<string name="UnitName" value="Littorio"/>
			</object>
			<object name="Litt1405">
				<integer name="Country" value="5"/>
				<float name="ER" value="400."/>
				<string name="Hull" value="Litt_Bottom"/>
				<string name="Name" value="Bow2_RBottom"/>
				<string name="TypHL" value="Hull"/>
				<string name="UnitName" value="Littorio"/>
			</object>
			<object name="Litt1406">
				<integer name="Country" value="5"/>
				<float name="ER" value="400."/>
				<string name="Hull" value="Litt_Bottom"/>
				<string name="Name" value="Bow2_LBottom"/>
				<string name="TypHL" value="Hull"/>
				<string name="UnitName" value="Littorio"/>
			</object>
			<object name="Litt1407">
				<integer name="Country" value="5"/>
				<float name="ER" value="500."/>
				<string name="Hull" value="Litt_ArmourDeckEU"/>
				<string name="Name" value="Bow1_MiddleDeck"/>
				<string name="TypHL" value="Hull"/>
				<string name="UnitName" value="Littorio"/>
			</object>
			<object name="Litt1408">
				<integer name="Country" value="5"/>
				<float name="ER" value="600."/>
				<string name="Hull" value="Litt_LASBelt_Lower"/>
				<string name="Name" value="Stern1_LLowerBelt"/>
				<string name="TypHL" value="Hull"/>
				<string name="UnitName" value="Littorio"/>
			</object>
			<object name="Litt1409">
				<integer name="Country" value="5"/>
				<float name="ER" value="400."/>
				<string name="Hull" value="Litt_RAMP"/>
				<string name="Name" value="Bow2_RAMP"/>
				<string name="TypHL" value="Hull"/>
				<string name="UnitName" value="Littorio"/>
			</object>
			<object name="Litt1410">
				<integer name="Country" value="5"/>
				<float name="ER" value="600."/>
				<string name="Hull" value="Litt_LBelt_Sides"/>
				<string name="Name" value="Bow2_LBelt"/>
				<string name="TypHL" value="Hull"/>
				<string name="UnitName" value="Littorio"/>
			</object>
			<object name="Litt1411">
				<integer name="Country" value="5"/>
				<float name="ER" value="400."/>
				<string name="Hull" value="Litt_LAMP"/>
				<string name="Name" value="Bow2_LAMP"/>
				<string name="TypHL" value="Hull"/>
				<string name="UnitName" value="Littorio"/>
			</object>
			<object name="Litt1412">
				<integer name="Country" value="5"/>
				<float name="ER" value="600."/>
				<string name="Hull" value="Litt_RBelt_Sides"/>
				<string name="Name" value="Bow2_RBelt"/>
				<string name="TypHL" value="Hull"/>
				<string name="UnitName" value="Littorio"/>
			</object>
			<object name="Litt1413">
				<integer name="Country" value="5"/>
				<float name="ER" value="600."/>
				<string name="Hull" value="Litt_LBelt_Sides"/>
				<string name="Name" value="Stern2_LBelt"/>
				<string name="TypHL" value="Hull"/>
				<string name="UnitName" value="Littorio"/>
			</object>
			<object name="Litt1414">
				<integer name="Country" value="5"/>
				<float name="ER" value="600."/>
				<string name="Hull" value="Litt_RBelt_Sides"/>
				<string name="Name" value="Stern2_RBelt"/>
				<string name="TypHL" value="Hull"/>
				<string name="UnitName" value="Littorio"/>
			</object>
			<object name="Litt1415">
				<integer name="Country" value="5"/>
				<float name="ER" value="500."/>
				<string name="Hull" value="Litt_ArmourDeckEU"/>
				<string name="Name" value="Bow2_RUpperDeck"/>
				<string name="TypHL" value="Hull"/>
				<string name="UnitName" value="Littorio"/>
			</object>
			<object name="Litt1416">
				<integer name="Country" value="5"/>
				<float name="ER" value="500."/>
				<string name="Hull" value="Litt_ArmourDeckEU"/>
				<string name="Name" value="Bow2_LUpperDeck"/>
				<string name="TypHL" value="Hull"/>
				<string name="UnitName" value="Littorio"/>
			</object>
			<object name="Litt1417">
				<integer name="Country" value="5"/>
				<float name="ER" value="500."/>
				<string name="Hull" value="Litt_ArmourDeckEU"/>
				<string name="Name" value="Bow2_LMiddleDeck"/>
				<string name="TypHL" value="Hull"/>
				<string name="UnitName" value="Littorio"/>
			</object>
			<object name="Litt1418">
				<integer name="Country" value="5"/>
				<float name="ER" value="500."/>
				<string name="Hull" value="Litt_ArmourDeckEU"/>
				<string name="Name" value="Bow2_RMiddleDeck"/>
				<string name="TypHL" value="Hull"/>
				<string name="UnitName" value="Littorio"/>
			</object>
			<object name="Litt1419">
				<integer name="Country" value="5"/>
				<float name="ER" value="500."/>
				<string name="Hull" value="Litt_ArmourDeckEU"/>
				<string name="Name" value="Bow1_UpperDeck"/>
				<string name="TypHL" value="Hull"/>
				<string name="UnitName" value="Littorio"/>
			</object>
			<object name="Litt1420">
				<integer name="Country" value="5"/>
				<float name="ER" value="500."/>
				<string name="Hull" value="Litt_ArmourDeckEU"/>
				<string name="Name" value="Stern2_LMiddleDeck"/>
				<string name="TypHL" value="Hull"/>
				<string name="UnitName" value="Littorio"/>
			</object>
			<object name="Litt1421">
				<integer name="Country" value="5"/>
				<float name="ER" value="500."/>
				<string name="Hull" value="Litt_ArmourDeckEU"/>
				<string name="Name" value="Stern2_RMiddleDeck"/>
				<string name="TypHL" value="Hull"/>
				<string name="UnitName" value="Littorio"/>
			</object>
			<object name="Litt1422">
				<integer name="Country" value="5"/>
				<float name="ER" value="400."/>
				<string name="Hull" value="Litt_EUUpperDeck"/>
				<string name="Name" value="Bow2_lowerDeck"/>
				<string name="TypHL" value="Hull"/>
				<string name="UnitName" value="Littorio"/>
			</object>
			<object name="Litt1423">
				<integer name="Country" value="5"/>
				<float name="ER" value="400."/>
				<string name="Hull" value="Litt_EUUpperDeck"/>
				<string name="Name" value="Stern2_LowerDeck"/>
				<string name="TypHL" value="Hull"/>
				<string name="UnitName" value="Littorio"/>
			</object>
			<object name="Litt9239">
				<integer name="Country" value="5"/>
				<integer name="Crew" value="300"/>
				<float name="ER" value="400."/>
				<string name="Hull" value="Litt_Hull"/>
				<string name="Name" value="SternStuperstructure2"/>
				<string name="TypHL" value="Crew"/>
				<string name="UnitName" value="Littorio"/>
			</object>
			<object name="Litt9240">
				<integer name="Country" value="5"/>
				<integer name="Crew" value="300"/>
				<float name="ER" value="400."/>
				<string name="Hull" value="Litt_Hull"/>
				<string name="Name" value="SternStuperstructure1"/>
				<string name="TypHL" value="Crew"/>
				<string name="UnitName" value="Littorio"/>
			</object>
			<object name="Litt9241">
				<integer name="Country" value="5"/>
				<float name="ER" value="400."/>
				<string name="Hull" value="Litt_SmokeStack"/>
				<string name="Name" value="SternSmokeStack"/>
				<string name="TypHL" value="Hull"/>
				<string name="UnitName" value="Littorio"/>
			</object>
			<object name="Litt9242">
				<integer name="Country" value="5"/>
				<float name="ER" value="400."/>
				<string name="Hull" value="Litt_SmokeStack"/>
				<string name="Name" value="BowSmokeStack"/>
				<string name="TypHL" value="Hull"/>
				<string name="UnitName" value="Littorio"/>
			</object>
			<object name="Litt9243">
				<integer name="Country" value="5"/>
				<float name="ER" value="400."/>
				<string name="Hull" value="Litt_Hull"/>
				<string name="Name" value="MiddleUSuperstructure"/>
				<string name="TypHL" value="Hull"/>
				<string name="UnitName" value="Littorio"/>
			</object>
			<object name="Litt9244">
				<integer name="Country" value="5"/>
				<float name="ER" value="400."/>
				<string name="Hull" value="Litt_Hull"/>
				<string name="Name" value="MiddleLSuperstructure"/>
				<string name="TypHL" value="Hull"/>
				<string name="UnitName" value="Littorio"/>
			</object>
			<object name="Litt9245">
				<integer name="Country" value="5"/>
				<integer name="Crew" value="300"/>
				<float name="ER" value="400."/>
				<string name="Hull" value="Litt_Hull"/>
				<string name="Name" value="BowUSuperstructure"/>
				<string name="TypHL" value="Crew"/>
				<string name="UnitName" value="Littorio"/>
			</object>
			<object name="Litt9246">
				<integer name="Country" value="5"/>
				<integer name="Crew" value="300"/>
				<float name="ER" value="400."/>
				<string name="Hull" value="Litt_Hull"/>
				<string name="Name" value="BowMSuperstructure"/>
				<string name="TypHL" value="Crew"/>
				<string name="UnitName" value="Littorio"/>
			</object>
			<object name="Litt9247">
				<integer name="Country" value="5"/>
				<integer name="Crew" value="300"/>
				<float name="ER" value="400."/>
				<string name="Hull" value="Litt_Hull"/>
				<string name="Name" value="BowLSuperstructure"/>
				<string name="TypHL" value="Crew"/>
				<string name="UnitName" value="Littorio"/>
			</object>
			<object name="Litt9340">
				<integer name="Country" value="5"/>
				<integer name="Crew" value="300"/>
				<float name="ER" value="400."/>
				<string name="Hull" value="Litt_Hull"/>
				<string name="Name" value="SternSuperstructure1"/>
				<string name="TypHL" value="Crew"/>
				<string name="UnitName" value="Littorio"/>
			</object>
			<object name="Litt9341">
				<integer name="Country" value="5"/>
				<float name="ER" value="400."/>
				<string name="Hull" value="Litt_Bottom"/>
				<string name="Name" value="Bow1_LBottom"/>
				<string name="TypHL" value="Hull"/>
				<string name="UnitName" value="Littorio"/>
			</object>
			<object name="Litt9342">
				<integer name="Country" value="5"/>
				<float name="ER" value="400."/>
				<string name="Hull" value="Litt_Bottom"/>
				<string name="Name" value="Bow1_RBottom"/>
				<string name="TypHL" value="Hull"/>
				<string name="UnitName" value="Littorio"/>
			</object>
		</object>
		<object name = "Hulls">
			<object name="Litt_ArmourDeckAS">
				<integer name="Back" value="50"/>
				<integer name="Bottom" value="40"/>
				<integer name="Country" value="5"/>
				<float name="ExplProb" value="0."/>
				<float name="FireProb" value="10."/>
				<integer name="Front" value="50"/>
				<integer name="Left" value="50"/>
				<string name="Material" value="Armored"/>
				<integer name="Right" value="50"/>
				<integer name="Top" value="0"/>
				<integer name="UnitName" value="0"/>
				<string name="UnitTyp" value="Ship"/>
			</object>
			<object name="Litt_ArmourDeckEU">
				<integer name="Back" value="50"/>
				<integer name="Bottom" value="50"/>
				<integer name="Country" value="5"/>
				<float name="ExplProb" value="0."/>
				<float name="FireProb" value="20."/>
				<integer name="Front" value="50"/>
				<integer name="Left" value="50"/>
				<string name="Material" value="Armored"/>
				<integer name="Right" value="50"/>
				<integer name="Top" value="0"/>
				<integer name="UnitName" value="0"/>
				<string name="UnitTyp" value="Ship"/>
			</object>
			<object name="Litt_Barbet">
				<integer name="Back" value="280"/>
				<integer name="Country" value="5"/>
				<float name="ExplProb" value="5."/>
				<float name="FireProb" value="25."/>
				<integer name="Front" value="280"/>
				<integer name="Left" value="280"/>
				<string name="Material" value="Armored"/>
				<integer name="Right" value="280"/>
				<integer name="Top" value="0"/>
				<integer name="UnitName" value="0"/>
				<string name="UnitTyp" value="Ship"/>
			</object>
			<object name="Litt_BattleCabine">
				<integer name="Back" value="259"/>
				<integer name="Bottom" value="259"/>
				<integer name="Country" value="5"/>
				<float name="ExplProb" value="0."/>
				<float name="FireProb" value="0."/>
				<integer name="Front" value="259"/>
				<integer name="Left" value="259"/>
				<string name="Material" value="Armored"/>
				<integer name="Right" value="259"/>
				<integer name="Top" value="200"/>
				<integer name="UnitName" value="0"/>
				<string name="UnitTyp" value="Ship"/>
			</object>
			<object name="Litt_EUUpperDeck">
				<integer name="Back" value="50"/>
				<integer name="Bottom" value="50"/>
				<integer name="Country" value="5"/>
				<float name="ExplProb" value="0."/>
				<float name="FireProb" value="10."/>
				<integer name="Front" value="50"/>
				<integer name="Left" value="50"/>
				<string name="Material" value="Armored"/>
				<integer name="Right" value="50"/>
				<integer name="Top" value="100"/>
				<integer name="UnitName" value="0"/>
				<string name="UnitTyp" value="Ship"/>
			</object>
			<object name="Litt_LASBelt_Lower">
				<integer name="Back" value="50"/>
				<integer name="Bottom" value="50"/>
				<integer name="Country" value="5"/>
				<float name="ExplProb" value="0."/>
				<float name="FireProb" value="0."/>
				<integer name="Front" value="50"/>
				<integer name="Left" value="130"/>
				<string name="Material" value="Armored"/>
				<integer name="Right" value="25"/>
				<integer name="Top" value="50"/>
				<integer name="UnitName" value="0"/>
				<string name="UnitTyp" value="Ship"/>
			</object>
			<object name="Litt_LASBelt_Upper">
				<integer name="Back" value="50"/>
				<integer name="Bottom" value="50"/>
				<integer name="Country" value="5"/>
				<float name="ExplProb" value="0."/>
				<float name="FireProb" value="0."/>
				<integer name="Front" value="50"/>
				<integer name="Left" value="249"/>
				<string name="Material" value="Armored"/>
				<integer name="Right" value="25"/>
				<integer name="Top" value="50"/>
				<integer name="UnitName" value="0"/>
				<string name="UnitTyp" value="Ship"/>
			</object>
			<object name="Litt_LBelt_Sides">
				<integer name="Back" value="100"/>
				<integer name="Bottom" value="50"/>
				<integer name="Country" value="5"/>
				<float name="ExplProb" value="0."/>
				<float name="FireProb" value="0."/>
				<integer name="Front" value="100"/>
				<integer name="Left" value="351"/>
				<string name="Material" value="Armored"/>
				<integer name="Right" value="25"/>
				<integer name="Top" value="100"/>
				<integer name="UnitName" value="0"/>
				<string name="UnitTyp" value="Ship"/>
			</object>
			<object name="Litt_LEUBelt_Lower">
				<integer name="Back" value="50"/>
				<integer name="Bottom" value="50"/>
				<integer name="Country" value="5"/>
				<float name="ExplProb" value="0."/>
				<float name="FireProb" value="0."/>
				<integer name="Front" value="50"/>
				<integer name="Left" value="130"/>
				<string name="Material" value="Armored"/>
				<integer name="Right" value="25"/>
				<integer name="Top" value="50"/>
				<integer name="UnitName" value="0"/>
				<string name="UnitTyp" value="Ship"/>
			</object>
			<object name="Litt_LEUBelt_Upper">
				<integer name="Back" value="50"/>
				<integer name="Bottom" value="50"/>
				<integer name="Country" value="5"/>
				<float name="ExplProb" value="0."/>
				<float name="FireProb" value="0."/>
				<integer name="Front" value="50"/>
				<integer name="Left" value="249"/>
				<string name="Material" value="Armored"/>
				<integer name="Right" value="25"/>
				<integer name="Top" value="100"/>
				<integer name="UnitName" value="0"/>
				<string name="UnitTyp" value="Ship"/>
			</object>
			<object name="Litt_RASBelt_Lower">
				<integer name="Back" value="50"/>
				<integer name="Bottom" value="50"/>
				<integer name="Country" value="5"/>
				<float name="ExplProb" value="0."/>
				<float name="FireProb" value="0."/>
				<integer name="Front" value="50"/>
				<integer name="Left" value="25"/>
				<string name="Material" value="Armored"/>
				<integer name="Right" value="61"/>
				<integer name="Top" value="50"/>
				<integer name="UnitName" value="0"/>
				<string name="UnitTyp" value="Ship"/>
			</object>
			<object name="Litt_RASBelt_Upper">
				<integer name="Back" value="50"/>
				<integer name="Bottom" value="50"/>
				<integer name="Country" value="5"/>
				<float name="ExplProb" value="0."/>
				<float name="FireProb" value="0."/>
				<integer name="Front" value="50"/>
				<integer name="Left" value="25"/>
				<string name="Material" value="Armored"/>
				<integer name="Right" value="100"/>
				<integer name="Top" value="100"/>
				<integer name="UnitName" value="0"/>
				<string name="UnitTyp" value="Ship"/>
			</object>
			<object name="Litt_RBelt_Sides">
				<integer name="Back" value="50"/>
				<integer name="Bottom" value="50"/>
				<integer name="Country" value="5"/>
				<float name="ExplProb" value="0."/>
				<float name="FireProb" value="0."/>
				<integer name="Front" value="50"/>
				<integer name="Left" value="25"/>
				<string name="Material" value="Armored"/>
				<integer name="Right" value="351"/>
				<integer name="Top" value="100"/>
				<integer name="UnitName" value="0"/>
				<string name="UnitTyp" value="Ship"/>
			</object>
			<object name="Litt_REUBelt_Lower">
				<integer name="Back" value="50"/>
				<integer name="Bottom" value="50"/>
				<integer name="Country" value="5"/>
				<float name="ExplProb" value="0."/>
				<float name="FireProb" value="0."/>
				<integer name="Front" value="50"/>
				<integer name="Left" value="25"/>
				<string name="Material" value="Armored"/>
				<integer name="Right" value="130"/>
				<integer name="Top" value="50"/>
				<integer name="UnitName" value="0"/>
				<string name="UnitTyp" value="Ship"/>
			</object>
			<object name="Litt_REUBelt_Upper">
				<integer name="Back" value="50"/>
				<integer name="Bottom" value="50"/>
				<integer name="Country" value="5"/>
				<float name="ExplProb" value="0."/>
				<float name="FireProb" value="0."/>
				<integer name="Front" value="50"/>
				<integer name="Left" value="25"/>
				<string name="Material" value="Armored"/>
				<integer name="Right" value="249"/>
				<integer name="Top" value="100"/>
				<integer name="UnitName" value="0"/>
				<string name="UnitTyp" value="Ship"/>
			</object>
			<object name="Litt_Tiller">
				<integer name="Back" value="152"/>
				<integer name="Bottom" value="150"/>
				<integer name="Country" value="5"/>
				<float name="ExplProb" value="0."/>
				<float name="FireProb" value="0."/>
				<integer name="Front" value="50"/>
				<integer name="Left" value="50"/>
				<string name="Material" value="Armored"/>
				<integer name="Right" value="50"/>
				<integer name="Top" value="150"/>
				<integer name="UnitName" value="0"/>
				<string name="UnitTyp" value="Ship"/>
			</object> 
			<object name="Litt_Hull">
				<integer name="Back" value="50"/>
				<integer name="Bottom" value="50"/>
				<integer name="Country" value="5"/>
				<float name="ExplProb" value="0."/>
				<float name="FireProb" value="10."/>
				<integer name="Front" value="50"/>
				<integer name="Left" value="50"/>
				<string name="Material" value="Steel"/>
				<integer name="Right" value="50"/>
				<integer name="Top" value="50"/>
				<integer name="UnitName" value="0"/>
				<string name="UnitTyp" value="Ship"/>
			</object>  
			<object name="Litt_UpperHull">
				<integer name="Back" value="5"/>
				<integer name="Bottom" value="5"/>
				<integer name="Country" value="5"/>
				<float name="ExplProb" value="0."/>
				<float name="FireProb" value="10."/>
				<integer name="Front" value="5"/>
				<integer name="Left" value="5"/>
				<string name="Material" value="Armored"/>
				<integer name="Right" value="5"/>
				<integer name="Top" value="5"/>
				<integer name="UnitName" value="0"/>
				<string name="UnitTyp" value="Ship"/>
			</object> 
			<object name="Litt_RAMP">
				<integer name="Back" value="50"/>
				<integer name="Bottom" value="50"/>
				<integer name="Country" value="5"/>
				<float name="ExplProb" value="0."/>
				<float name="FireProb" value="0."/>
				<integer name="Front" value="50"/>
				<integer name="Left" value="50"/>
				<string name="Material" value="Steel"/>
				<integer name="Right" value="55"/>
				<integer name="Top" value="50"/>
				<integer name="UnitName" value="0"/>
				<string name="UnitTyp" value="Ship"/>
			</object> 
			<object name="Litt_AS_T2">
				<integer name="Back" value="50"/>
				<integer name="Bottom" value="50"/>
				<integer name="Country" value="5"/>
				<float name="ExplProb" value="10."/>
				<float name="FireProb" value="10."/>
				<integer name="Front" value="50"/>
				<integer name="Left" value="50"/>
				<string name="Material" value="Steel"/>
				<integer name="Right" value="50"/>
				<integer name="Top" value="50"/>
				<integer name="UnitName" value="0"/>
				<string name="UnitTyp" value="Ship"/>
			</object>
			<object name="Litt_AS_T1">
				<integer name="Back" value="50"/>
				<integer name="Bottom" value="50"/>	
				<integer name="Country" value="5"/>
				<float name="ExplProb" value="10."/>
				<float name="FireProb" value="0."/>
				<integer name="Front" value="50"/>
				<integer name="Left" value="50"/>
				<string name="Material" value="Steel"/>
				<integer name="Right" value="50"/>
				<integer name="Top" value="50"/>
				<integer name="UnitName" value="0"/>
				<string name="UnitTyp" value="Ship"/>
			</object>	  
			<object name="Litt_LAMP">
				<integer name="Back" value="50"/>
				<integer name="Bottom" value="50"/>
				<integer name="Country" value="5"/>
				<float name="ExplProb" value="0."/>
				<float name="FireProb" value="0."/>
				<integer name="Front" value="50"/>
				<integer name="Left" value="55"/>
				<string name="Material" value="Steel"/>
				<integer name="Right" value="50"/>
				<integer name="Top" value="50"/>
				<integer name="UnitName" value="0"/>
				<string name="UnitTyp" value="Ship"/>
			</object>  
			<object name="Litt_Lboard">
				<integer name="Back" value="5"/>
				<integer name="Bottom" value="5"/>
				<integer name="Country" value="5"/>
				<float name="ExplProb" value="0."/>
				<float name="FireProb" value="10."/>
				<integer name="Front" value="5"/>
				<integer name="Left" value="10"/>
				<string name="Material" value="Steel"/>
				<integer name="Right" value="5"/>
				<integer name="Top" value="5"/>
				<integer name="UnitName" value="0"/>
				<string name="UnitTyp" value="Ship"/>
			</object>
			<object name="Litt_Rboard">
				<integer name="Back" value="5"/>
				<integer name="Bottom" value="5"/>
				<integer name="Country" value="5"/>
				<float name="ExplProb" value="0."/>
				<float name="FireProb" value="10."/>
				<integer name="Front" value="5"/>
				<integer name="Left" value="5"/>
				<string name="Material" value="Steel"/>
				<integer name="Right" value="10"/>
				<integer name="Top" value="5"/>
				<integer name="UnitName" value="0"/>
				<string name="UnitTyp" value="Ship"/>
			</object>	  
			<object name="Litt_Bottom">
				<integer name="Back" value="25"/>
				<integer name="Bottom" value="25"/>
				<integer name="Country" value="5"/>
				<float name="ExplProb" value="0."/>
				<float name="FireProb" value="0."/>
				<integer name="Front" value="25"/>
				<integer name="Left" value="25"/>
				<string name="Material" value="Steel"/>
				<integer name="Right" value="25"/>
				<integer name="Top" value="25"/>
				<integer name="UnitName" value="0"/>
				<string name="UnitTyp" value="Ship"/>
			</object>
			<object name="Litt_SmokeStack">
				<integer name="Back" value="20"/>
				<integer name="Bottom" value="20"/>
				<integer name="Country" value="5"/>
				<float name="ExplProb" value="0."/>
				<float name="FireProb" value="0."/>
				<integer name="Front" value="20"/>
				<integer name="Left" value="20"/>
				<string name="Material" value="Steel"/>
				<integer name="Right" value="20"/>
				<integer name="Top" value="20"/>
				<integer name="UnitName" value="0"/>
				<string name="UnitTyp" value="Ship"/>
			</object>
		</object>			
		<object name="ShipsNames">
			<object name="Littorio">
				<string name="1" value="Littorio1"/>
			</object>
		</object>
		<object name="UnitsByType">
			<object name="1">
				<object name="Littorio">
					<string name="ChildTable" value="Ships"/>
				</object>
			</object>
		</object>
	</object>
</root>
