﻿<?xml version="1.0" standalone="yes" ?>
<root>
	<object name="SteelMonstersParams">
		<object name="Hit_Location">
			<object name="A7912">
				<integer name="Country" value="2"/>
				<float name="ER" value="10."/>
				<string name="Hull" value="IJN_RF"/>
				<string name="Name" value="Rangefinder"/>
				<string name="TypHL" value="Probe"/>
				<string name="UnitName" value="Main_Turret_203x2_Takao_A"/>
			</object>
			<object name="A7913">
				<integer name="Country" value="2"/>
				<float name="ER" value="50."/>
				<string name="Hull" value="Takao_Shakegeban"/>
				<string name="Name" value="Shakegeban"/>
				<string name="TypHL" value="Probe"/>
				<string name="UnitName" value="Main_Turret_203x2_Takao_A"/>
			</object>
			<object name="A7914">
				<integer name="Country" value="2"/>
				<float name="ER" value="100."/>
				<string name="Hull" value="Takao_Turret"/>
				<string name="Name" value="Turret"/>
				<string name="TypHL" value="AmmoStore"/>
				<string name="UnitName" value="Main_Turret_203x2_Takao_A"/>
			</object>
			<object name="B7912">
				<integer name="Country" value="2"/>
				<float name="ER" value="10."/>
				<string name="Hull" value="IJN_RF"/>
				<string name="Name" value="Rangefinder"/>
				<string name="TypHL" value="Probe"/>
				<string name="UnitName" value="Main_Turret_203x2_Takao_B"/>
			</object>
			<object name="B7913">
				<integer name="Country" value="2"/>
				<float name="ER" value="50."/>
				<string name="Hull" value="Takao_Shakegeban"/>
				<string name="Name" value="Shakegeban"/>
				<string name="TypHL" value="Probe"/>
				<string name="UnitName" value="Main_Turret_203x2_Takao_B"/>
			</object>
			<object name="B7914">
				<integer name="Country" value="2"/>
				<float name="ER" value="100."/>
				<string name="Hull" value="Takao_Turret"/>
				<string name="Name" value="Turret"/>
				<string name="TypHL" value="AmmoStore"/>
				<string name="UnitName" value="Main_Turret_203x2_Takao_B"/>
			</object>
			<object name="C7912">
				<integer name="Country" value="2"/>
				<float name="ER" value="10."/>
				<string name="Hull" value="IJN_RF"/>
				<string name="Name" value="Rangefinder"/>
				<string name="TypHL" value="Probe"/>
				<string name="UnitName" value="Main_Turret_203x2_Takao_C"/>
			</object>
			<object name="C7913">
				<integer name="Country" value="2"/>
				<float name="ER" value="50."/>
				<string name="Hull" value="Takao_Shakegeban"/>
				<string name="Name" value="Shakegeban"/>
				<string name="TypHL" value="Probe"/>
				<string name="UnitName" value="Main_Turret_203x2_Takao_C"/>
			</object>
			<object name="C7914">
				<integer name="Country" value="2"/>
				<float name="ER" value="100."/>
				<string name="Hull" value="Takao_Turret"/>
				<string name="Name" value="Turret"/>
				<string name="TypHL" value="AmmoStore"/>
				<string name="UnitName" value="Main_Turret_203x2_Takao_C"/>
			</object>
			<object name="D7912">
				<integer name="Country" value="2"/>
				<float name="ER" value="10."/>
				<string name="Hull" value="IJN_RF"/>
				<string name="Name" value="Rangefinder"/>
				<string name="TypHL" value="Probe"/>
				<string name="UnitName" value="Main_Turret_203x2_Takao_D"/>
			</object>
			<object name="D7913">
				<integer name="Country" value="2"/>
				<float name="ER" value="50."/>
				<string name="Hull" value="Takao_Shakegeban"/>
				<string name="Name" value="Shakegeban"/>
				<string name="TypHL" value="Probe"/>
				<string name="UnitName" value="Main_Turret_203x2_Takao_D"/>
			</object>
			<object name="D7914">
				<integer name="Country" value="2"/>
				<float name="ER" value="100."/>
				<string name="Hull" value="Takao_Turret"/>
				<string name="Name" value="Turret"/>
				<string name="TypHL" value="AmmoStore"/>
				<string name="UnitName" value="Main_Turret_203x2_Takao_D"/>
			</object>
			<object name="X7912">
				<integer name="Country" value="2"/>
				<float name="ER" value="10."/>
				<string name="Hull" value="IJN_RF"/>
				<string name="Name" value="Rangefinder"/>
				<string name="TypHL" value="Probe"/>
				<string name="UnitName" value="Main_Turret_203x2_Takao_X"/>
			</object>
			<object name="X7913">
				<integer name="Country" value="2"/>
				<float name="ER" value="50."/>
				<string name="Hull" value="Takao_Shakegeban"/>
				<string name="Name" value="Shakegeban"/>
				<string name="TypHL" value="Probe"/>
				<string name="UnitName" value="Main_Turret_203x2_Takao_X"/>
			</object>
			<object name="X7914">
				<integer name="Country" value="2"/>
				<float name="ER" value="100."/>
				<string name="Hull" value="Takao_Turret"/>
				<string name="Name" value="Turret"/>
				<string name="TypHL" value="AmmoStore"/>
				<string name="UnitName" value="Main_Turret_203x2_Takao_X"/>
			</object>
			<object name="Y7912">
				<integer name="Country" value="2"/>
				<float name="ER" value="10."/>
				<string name="Hull" value="IJN_RF"/>
				<string name="Name" value="Rangefinder"/>
				<string name="TypHL" value="Probe"/>
				<string name="UnitName" value="Main_Turret_203x2_Takao_Y"/>
			</object>
			<object name="Y7913">
				<integer name="Country" value="2"/>
				<float name="ER" value="50."/>
				<string name="Hull" value="Takao_Shakegeban"/>
				<string name="Name" value="Shakegeban"/>
				<string name="TypHL" value="Probe"/>
				<string name="UnitName" value="Main_Turret_203x2_Takao_Y"/>
			</object>
			<object name="Y7914">
				<integer name="Country" value="2"/>
				<float name="ER" value="100."/>
				<string name="Hull" value="Takao_Turret"/>
				<string name="Name" value="Turret"/>
				<string name="TypHL" value="AmmoStore"/>
				<string name="UnitName" value="Main_Turret_203x2_Takao_Y"/>
			</object>
			<object name="MA7912">
				<integer name="Country" value="2"/>
				<float name="ER" value="10."/>
				<string name="Hull" value="IJN_RF"/>
				<string name="Name" value="Rangefinder"/>
				<string name="TypHL" value="Probe"/>
				<string name="UnitName" value="Main_Turret_203x2_Mogami_A"/>
			</object>
			<object name="MA7913">
				<integer name="Country" value="2"/>
				<float name="ER" value="50."/>
				<string name="Hull" value="Takao_Shakegeban"/>
				<string name="Name" value="Shakegeban"/>
				<string name="TypHL" value="Probe"/>
				<string name="UnitName" value="Main_Turret_203x2_Mogami_A"/>
			</object>
			<object name="MA7914">
				<integer name="Country" value="2"/>
				<float name="ER" value="100."/>
				<string name="Hull" value="Takao_Turret"/>
				<string name="Name" value="Turret"/>
				<string name="TypHL" value="AmmoStore"/>
				<string name="UnitName" value="Main_Turret_203x2_Mogami_A"/>
			</object>
			<object name="MB7912">
				<integer name="Country" value="2"/>
				<float name="ER" value="10."/>
				<string name="Hull" value="IJN_RF"/>
				<string name="Name" value="Rangefinder"/>
				<string name="TypHL" value="Probe"/>
				<string name="UnitName" value="Main_Turret_203x2_Mogami_B"/>
			</object>
			<object name="MB7913">
				<integer name="Country" value="2"/>
				<float name="ER" value="50."/>
				<string name="Hull" value="Takao_Shakegeban"/>
				<string name="Name" value="Shakegeban"/>
				<string name="TypHL" value="Probe"/>
				<string name="UnitName" value="Main_Turret_203x2_Mogami_B"/>
			</object>
			<object name="MB7914">
				<integer name="Country" value="2"/>
				<float name="ER" value="100."/>
				<string name="Hull" value="Takao_Turret"/>
				<string name="Name" value="Turret"/>
				<string name="TypHL" value="AmmoStore"/>
				<string name="UnitName" value="Main_Turret_203x2_Mogami_B"/>
			</object>
			<object name="MC7912">
				<integer name="Country" value="2"/>
				<float name="ER" value="10."/>
				<string name="Hull" value="IJN_RF"/>
				<string name="Name" value="Rangefinder"/>
				<string name="TypHL" value="Probe"/>
				<string name="UnitName" value="Main_Turret_203x2_Mogami_C"/>
			</object>
			<object name="MC7913">
				<integer name="Country" value="2"/>
				<float name="ER" value="50."/>
				<string name="Hull" value="Takao_Shakegeban"/>
				<string name="Name" value="Shakegeban"/>
				<string name="TypHL" value="Probe"/>
				<string name="UnitName" value="Main_Turret_203x2_Mogami_C"/>
			</object>
			<object name="MC7914">
				<integer name="Country" value="2"/>
				<float name="ER" value="100."/>
				<string name="Hull" value="Takao_Turret"/>
				<string name="Name" value="Turret"/>
				<string name="TypHL" value="AmmoStore"/>
				<string name="UnitName" value="Main_Turret_203x2_Mogami_C"/>
			</object>
			<object name="MD7912">
				<integer name="Country" value="2"/>
				<float name="ER" value="10."/>
				<string name="Hull" value="IJN_RF"/>
				<string name="Name" value="Rangefinder"/>
				<string name="TypHL" value="Probe"/>
				<string name="UnitName" value="Main_Turret_203x2_Mogami_D"/>
			</object>
			<object name="MD7913">
				<integer name="Country" value="2"/>
				<float name="ER" value="50."/>
				<string name="Hull" value="Takao_Shakegeban"/>
				<string name="Name" value="Shakegeban"/>
				<string name="TypHL" value="Probe"/>
				<string name="UnitName" value="Main_Turret_203x2_Mogami_D"/>
			</object>
			<object name="MD7914">
				<integer name="Country" value="2"/>
				<float name="ER" value="100."/>
				<string name="Hull" value="Takao_Turret"/>
				<string name="Name" value="Turret"/>
				<string name="TypHL" value="AmmoStore"/>
				<string name="UnitName" value="Main_Turret_203x2_Mogami_D"/>
			</object>
			<object name="MX7912">
				<integer name="Country" value="2"/>
				<float name="ER" value="10."/>
				<string name="Hull" value="IJN_RF"/>
				<string name="Name" value="Rangefinder"/>
				<string name="TypHL" value="Probe"/>
				<string name="UnitName" value="Main_Turret_203x2_Mogami_X"/>
			</object>
			<object name="MX7913">
				<integer name="Country" value="2"/>
				<float name="ER" value="50."/>
				<string name="Hull" value="Takao_Shakegeban"/>
				<string name="Name" value="Shakegeban"/>
				<string name="TypHL" value="Probe"/>
				<string name="UnitName" value="Main_Turret_203x2_Mogami_X"/>
			</object>
			<object name="MX7914">
				<integer name="Country" value="2"/>
				<float name="ER" value="100."/>
				<string name="Hull" value="Takao_Turret"/>
				<string name="Name" value="Turret"/>
				<string name="TypHL" value="AmmoStore"/>
				<string name="UnitName" value="Main_Turret_203x2_Mogami_X"/>
			</object>
			<object name="MY7912">
				<integer name="Country" value="2"/>
				<float name="ER" value="10."/>
				<string name="Hull" value="IJN_RF"/>
				<string name="Name" value="Rangefinder"/>
				<string name="TypHL" value="Probe"/>
				<string name="UnitName" value="Main_Turret_203x2_Mogami_Y"/>
			</object>
			<object name="MY7913">
				<integer name="Country" value="2"/>
				<float name="ER" value="50."/>
				<string name="Hull" value="Takao_Shakegeban"/>
				<string name="Name" value="Shakegeban"/>
				<string name="TypHL" value="Probe"/>
				<string name="UnitName" value="Main_Turret_203x2_Mogami_Y"/>
			</object>
			<object name="MY7914">
				<integer name="Country" value="2"/>
				<float name="ER" value="100."/>
				<string name="Hull" value="Takao_Turret"/>
				<string name="Name" value="Turret"/>
				<string name="TypHL" value="AmmoStore"/>
				<string name="UnitName" value="Main_Turret_203x2_Mogami_Y"/>
			</object>
		</object>
		<object name="Hulls">
			<object name="IJN_RF">
				<integer name="Back" value="25"/>
				<integer name="Bottom" value="25"/>
				<integer name="Country" value="2"/>
				<float name="ExplProb" value="0."/>
				<float name="FireProb" value="0."/>
				<integer name="Front" value="25"/>
				<integer name="Left" value="25"/>
				<string name="Material" value="Armored"/>
				<integer name="Right" value="25"/>
				<integer name="Top" value="25"/>
				<integer name="UnitName" value="0"/>
				<string name="UnitTyp" value="Turret"/>
			</object>
			<object name="Takao_Shakegeban">
				<integer name="Back" value="25"/>
				<integer name="Bottom" value="25"/>
				<integer name="Country" value="2"/>
				<float name="ExplProb" value="0."/>
				<float name="FireProb" value="0."/>
				<integer name="Front" value="25"/>
				<integer name="Left" value="25"/>
				<string name="Material" value="Armored"/>
				<integer name="Right" value="25"/>
				<integer name="Top" value="25"/>
				<integer name="UnitName" value="0"/>
				<string name="UnitTyp" value="Turret"/>
			</object>
			<object name="Takao_Turret">
				<integer name="Back" value="25"/>
				<integer name="Bottom" value="25"/>
				<integer name="Country" value="2"/>
				<float name="ExplProb" value="30."/>
				<float name="FireProb" value="20."/>
				<integer name="Front" value="25"/>
				<integer name="Left" value="25"/>
				<string name="Material" value="Armored"/>
				<integer name="Right" value="25"/>
				<integer name="Top" value="25"/>
				<integer name="UnitName" value="0"/>
				<string name="UnitTyp" value="Turret"/>
			</object>
		</object>
		<object name="Turrets">
			<object name="Main_Turret_203x2_Takao_A">
				<integer name="Amount" value="2"/>
				<integer name="ArmorFront" value="25"/>
				<integer name="ArmorSide" value="25"/>
				<integer name="ArmorTop" value="25"/>
				<string name="Building" value="Artillery"/>
				<string name="Content" value="Rifles.Main_Gun_203x2_Mogami"/>
				<integer name="Country" value="2"/>
				<float name="DTimeProd" value="10."/>
				<integer name="Elevation" value="55"/>
				<integer name="ElevationRate" value="6"/>
				<string name="Icon" value="Artillery"/>
				<boolean name="IgnoreXMLFile" value="false"/>
				<float name="Iron" value="220."/>
				<float name="Money" value="55."/>
				<float name="NTimeProd" value="60."/>
				<boolean name="New" value="false"/>
				<boolean name="Production" value="false"/>
				<integer name="QualityRate" value="6"/>
				<integer name="RotationRate" value="4"/>
				<string name="SMU_File" value="Main_Gun_203x2_Takao"/>
				<string name="Type" value="Gun"/>
				<float name="Vitality" value="950."/>
				<float name="Weight" value="170."/>
			</object>
			<object name="Main_Turret_203x2_Takao_B">
				<integer name="Amount" value="2"/>
				<integer name="ArmorFront" value="25"/>
				<integer name="ArmorSide" value="25"/>
				<integer name="ArmorTop" value="25"/>
				<string name="Building" value="Artillery"/>
				<string name="Content" value="Rifles.Main_Gun_203x2_Mogami"/>
				<integer name="Country" value="2"/>
				<float name="DTimeProd" value="10."/>
				<integer name="Elevation" value="55"/>
				<integer name="ElevationRate" value="6"/>
				<string name="Icon" value="Artillery"/>
				<boolean name="IgnoreXMLFile" value="false"/>
				<float name="Iron" value="220."/>
				<float name="Money" value="55."/>
				<float name="NTimeProd" value="60."/>
				<boolean name="New" value="false"/>
				<boolean name="Production" value="false"/>
				<integer name="QualityRate" value="6"/>
				<integer name="RotationRate" value="4"/>
				<string name="SMU_File" value="Main_Gun_203x2_Takao"/>
				<string name="Type" value="Gun"/>
				<float name="Vitality" value="950."/>
				<float name="Weight" value="170."/>
			</object>
			<object name="Main_Turret_203x2_Takao_C">
				<integer name="Amount" value="2"/>
				<integer name="ArmorFront" value="25"/>
				<integer name="ArmorSide" value="25"/>
				<integer name="ArmorTop" value="25"/>
				<string name="Building" value="Artillery"/>
				<string name="Content" value="Rifles.Main_Gun_203x2_Mogami"/>
				<integer name="Country" value="2"/>
				<float name="DTimeProd" value="10."/>
				<integer name="Elevation" value="55"/>
				<integer name="ElevationRate" value="6"/>
				<string name="Icon" value="Artillery"/>
				<boolean name="IgnoreXMLFile" value="false"/>
				<float name="Iron" value="220."/>
				<float name="Money" value="55."/>
				<float name="NTimeProd" value="60."/>
				<boolean name="New" value="false"/>
				<boolean name="Production" value="false"/>
				<integer name="QualityRate" value="6"/>
				<integer name="RotationRate" value="4"/>
				<string name="SMU_File" value="Main_Gun_203x2_Takao"/>
				<string name="Type" value="Gun"/>
				<float name="Vitality" value="950."/>
				<float name="Weight" value="170."/>
			</object>
			<object name="Main_Turret_203x2_Takao_D">
				<integer name="Amount" value="2"/>
				<integer name="ArmorFront" value="25"/>
				<integer name="ArmorSide" value="25"/>
				<integer name="ArmorTop" value="25"/>
				<string name="Building" value="Artillery"/>
				<string name="Content" value="Rifles.Main_Gun_203x2_Mogami"/>
				<integer name="Country" value="2"/>
				<float name="DTimeProd" value="10."/>
				<integer name="Elevation" value="55"/>
				<integer name="ElevationRate" value="6"/>
				<string name="Icon" value="Artillery"/>
				<boolean name="IgnoreXMLFile" value="false"/>
				<float name="Iron" value="220."/>
				<float name="Money" value="55."/>
				<float name="NTimeProd" value="60."/>
				<boolean name="New" value="false"/>
				<boolean name="Production" value="false"/>
				<integer name="QualityRate" value="6"/>
				<integer name="RotationRate" value="4"/>
				<string name="SMU_File" value="Main_Gun_203x2_Takao"/>
				<string name="Type" value="Gun"/>
				<float name="Vitality" value="950."/>
				<float name="Weight" value="170."/>
			</object>
			<object name="Main_Turret_203x2_Takao_X">
				<integer name="Amount" value="2"/>
				<integer name="ArmorFront" value="25"/>
				<integer name="ArmorSide" value="25"/>
				<integer name="ArmorTop" value="25"/>
				<string name="Building" value="Artillery"/>
				<string name="Content" value="Rifles.Main_Gun_203x2_Mogami"/>
				<integer name="Country" value="2"/>
				<float name="DTimeProd" value="10."/>
				<integer name="Elevation" value="55"/>
				<integer name="ElevationRate" value="6"/>
				<string name="Icon" value="Artillery"/>
				<boolean name="IgnoreXMLFile" value="false"/>
				<float name="Iron" value="220."/>
				<float name="Money" value="55."/>
				<float name="NTimeProd" value="60."/>
				<boolean name="New" value="false"/>
				<boolean name="Production" value="false"/>
				<integer name="QualityRate" value="6"/>
				<integer name="RotationRate" value="4"/>
				<string name="SMU_File" value="Main_Gun_203x2_Takao"/>
				<string name="Type" value="Gun"/>
				<float name="Vitality" value="950."/>
				<float name="Weight" value="170."/>
			</object>
			<object name="Main_Turret_203x2_Takao_Y">
				<integer name="Amount" value="2"/>
				<integer name="ArmorFront" value="25"/>
				<integer name="ArmorSide" value="25"/>
				<integer name="ArmorTop" value="25"/>
				<string name="Building" value="Artillery"/>
				<string name="Content" value="Rifles.Main_Gun_203x2_Mogami"/>
				<integer name="Country" value="2"/>
				<float name="DTimeProd" value="10."/>
				<integer name="Elevation" value="55"/>
				<integer name="ElevationRate" value="6"/>
				<string name="Icon" value="Artillery"/>
				<boolean name="IgnoreXMLFile" value="false"/>
				<float name="Iron" value="220."/>
				<float name="Money" value="55."/>
				<float name="NTimeProd" value="60."/>
				<boolean name="New" value="false"/>
				<boolean name="Production" value="false"/>
				<integer name="QualityRate" value="6"/>
				<integer name="RotationRate" value="4"/>
				<string name="SMU_File" value="Main_Gun_203x2_Takao"/>
				<string name="Type" value="Gun"/>
				<float name="Vitality" value="950."/>
				<float name="Weight" value="170."/>
			</object>
			<object name="Main_Turret_203x2_Mogami_A">
				<integer name="Amount" value="2"/>
				<integer name="ArmorFront" value="205"/>
				<integer name="ArmorSide" value="76"/>
				<integer name="ArmorTop" value="140"/>
				<string name="Building" value="Artillery"/>
				<string name="Content" value="Rifles.Main_Gun_203x2_Mogami"/>
				<integer name="Country" value="2"/>
				<float name="DTimeProd" value="10."/>
				<integer name="Elevation" value="55"/>
				<integer name="ElevationRate" value="6"/>
				<string name="Icon" value="Artillery"/>
				<boolean name="IgnoreXMLFile" value="false"/>
				<float name="Iron" value="220."/>
				<float name="Money" value="55."/>
				<float name="NTimeProd" value="60."/>
				<boolean name="New" value="false"/>
				<boolean name="Production" value="false"/>
				<integer name="QualityRate" value="6"/>
				<integer name="RotationRate" value="4"/>
				<string name="SMU_File" value="Main_Gun_203x2_Mogami"/>
				<string name="Type" value="Gun"/>
				<float name="Vitality" value="950."/>
				<float name="Weight" value="220."/>
			</object>
			<object name="Main_Turret_203x2_Mogami_B">
				<integer name="Amount" value="2"/>
				<integer name="ArmorFront" value="205"/>
				<integer name="ArmorSide" value="76"/>
				<integer name="ArmorTop" value="140"/>
				<string name="Building" value="Artillery"/>
				<string name="Content" value="Rifles.Main_Gun_203x2_Mogami"/>
				<integer name="Country" value="2"/>
				<float name="DTimeProd" value="10."/>
				<integer name="Elevation" value="55"/>
				<integer name="ElevationRate" value="6"/>
				<string name="Icon" value="Artillery"/>
				<boolean name="IgnoreXMLFile" value="false"/>
				<float name="Iron" value="220."/>
				<float name="Money" value="55."/>
				<float name="NTimeProd" value="60."/>
				<boolean name="New" value="false"/>
				<boolean name="Production" value="false"/>
				<integer name="QualityRate" value="6"/>
				<integer name="RotationRate" value="4"/>
				<string name="SMU_File" value="Main_Gun_203x2_Mogami"/>
				<string name="Type" value="Gun"/>
				<float name="Vitality" value="950."/>
				<float name="Weight" value="220."/>
			</object>
			<object name="Main_Turret_203x2_Mogami_C">
				<integer name="Amount" value="2"/>
				<integer name="ArmorFront" value="205"/>
				<integer name="ArmorSide" value="76"/>
				<integer name="ArmorTop" value="140"/>
				<string name="Building" value="Artillery"/>
				<string name="Content" value="Rifles.Main_Gun_203x2_Mogami"/>
				<integer name="Country" value="2"/>
				<float name="DTimeProd" value="10."/>
				<integer name="Elevation" value="55"/>
				<integer name="ElevationRate" value="6"/>
				<string name="Icon" value="Artillery"/>
				<boolean name="IgnoreXMLFile" value="false"/>
				<float name="Iron" value="220."/>
				<float name="Money" value="55."/>
				<float name="NTimeProd" value="60."/>
				<boolean name="New" value="false"/>
				<boolean name="Production" value="false"/>
				<integer name="QualityRate" value="6"/>
				<integer name="RotationRate" value="4"/>
				<string name="SMU_File" value="Main_Gun_203x2_Mogami"/>
				<string name="Type" value="Gun"/>
				<float name="Vitality" value="950."/>
				<float name="Weight" value="220."/>
			</object>
			<object name="Main_Turret_203x2_Mogami_X">
				<integer name="Amount" value="2"/>
				<integer name="ArmorFront" value="205"/>
				<integer name="ArmorSide" value="76"/>
				<integer name="ArmorTop" value="140"/>
				<string name="Building" value="Artillery"/>
				<string name="Content" value="Rifles.Main_Gun_203x2_Mogami"/>
				<integer name="Country" value="2"/>
				<float name="DTimeProd" value="10."/>
				<integer name="Elevation" value="55"/>
				<integer name="ElevationRate" value="6"/>
				<string name="Icon" value="Artillery"/>
				<boolean name="IgnoreXMLFile" value="false"/>
				<float name="Iron" value="220."/>
				<float name="Money" value="55."/>
				<float name="NTimeProd" value="60."/>
				<boolean name="New" value="false"/>
				<boolean name="Production" value="false"/>
				<integer name="QualityRate" value="6"/>
				<integer name="RotationRate" value="4"/>
				<string name="SMU_File" value="Main_Gun_203x2_Mogami"/>
				<string name="Type" value="Gun"/>
				<float name="Vitality" value="950."/>
				<float name="Weight" value="220."/>
			</object>
			<object name="Main_Turret_203x2_Mogami_Y">
				<integer name="Amount" value="2"/>
				<integer name="ArmorFront" value="205"/>
				<integer name="ArmorSide" value="76"/>
				<integer name="ArmorTop" value="140"/>
				<string name="Building" value="Artillery"/>
				<string name="Content" value="Rifles.Main_Gun_203x2_Mogami"/>
				<integer name="Country" value="2"/>
				<float name="DTimeProd" value="10."/>
				<integer name="Elevation" value="55"/>
				<integer name="ElevationRate" value="6"/>
				<string name="Icon" value="Artillery"/>
				<boolean name="IgnoreXMLFile" value="false"/>
				<float name="Iron" value="220."/>
				<float name="Money" value="55."/>
				<float name="NTimeProd" value="60."/>
				<boolean name="New" value="false"/>
				<boolean name="Production" value="false"/>
				<integer name="QualityRate" value="6"/>
				<integer name="RotationRate" value="4"/>
				<string name="SMU_File" value="Main_Gun_203x2_Mogami"/>
				<string name="Type" value="Gun"/>
				<float name="Vitality" value="950."/>
				<float name="Weight" value="220."/>
			</object>
		</object>
	</object>
</root>
