﻿<?xml version = "1.0" encoding = "UTF-8"?>
<root>
	<object name = "SteelMonstersParams">
		<object name="Ships">
			<object name="Kuma">
				<float name="AccelRate" value="3.e-004"/>
				<string name="Airgroup" value="Scout_ShipWater_Battalion_F1M_japan"/>
				<integer name="AirplanesCount" value="1"/>
				<string name="AmmoLoadingTemplate" value="Ammo 15"/>
				<boolean name="BoatsTransportationAbility" value="false"/>
				<integer name="CabinArmor" value="52"/>
				<boolean name="CanBeChanged" value="true"/>
				<boolean name="CanUseTorpedos" value="true"/>
				<string name="CatapultAirgroupDefaultUnit" value="F1M"/>
				<integer name="Country" value="2"/>
				<integer name="Crew" value="600"/>
				<float name="CriticalCareen" value="37."/>
				<float name="CriticalDFT" value="1.1"/>
				<float name="CriticalDifferent" value="2.5"/>
				<float name="DisplacementMax" value="5925."/>
				<float name="DTimeProd" value="90."/>
				<float name="EPR" value="200."/>
				<float name="FireRisk" value="227."/>
				<float name="Fuel" value="1050."/>
				<float name="HLShapeCoef" value="0.7"/>
				<integer name="HullArmorSide" value="56"/>
				<integer name="HullArmorTop" value="19"/>
				<float name="Iron" value="6652."/>
				<integer name="Length" value="162.15"/>
				<float name="MaxSpeed" value="36."/>
				<integer name="MinCrew" value="360"/>
				<float name="Money" value="8000."/>
				<string name="Name" value="Kuma"/>
				<boolean name="New" value="false"/>
				<float name="NTimeProd" value="225."/>
				<integer name="Nuc_Dest_Prob" value="500"/>
				<integer name="Passengers" value="40"/>
				<boolean name="PlanesTransportationAbility" value="false"/>
				<float name="Range" value="14400."/>
				<integer name="Rank" value="4"/>
				<string name="SMU" value="Kuma"/>
				<float name="Speed" value="10."/>
				<float name="StoreCapacity" value="230."/>
				<boolean name="Transportable" value="false"/>
				<float name="TurnRate" value="1.5e-003"/>
				<integer name="Type" value="3"/>
				<float name="Vitality" value="3500."/>
				<float name="VitalityAA" value="700."/>
				<float name="Weight" value="5100."/>
				<integer name="Width" value="12.34"/>
				<integer name="Year" value="39"/>
			</object>
		</object>
		<object name="Engins">
			<object name="MPP_Kuma">
				<float name="Consumption" value="3.1316e-004"/>
				<integer name="Country" value="2"/>
				<float name="Money" value="5000."/>
				<integer name="Power_Max" value="90000"/>
				<integer name="RPM_Max" value="0"/>
				<integer name="Type" value="8"/>
				<integer name="Unreliability" value="10"/>
				<string name="Usage" value="Ships"/>
				<float name="Weight" value="1150."/>
			</object>
		</object>
		<object name="Hit_Location">
			<object name="Kuma9828">
				<integer name="Country" value="2"/>
				<integer name="Crew" value="115"/>
				<float name="ER" value="100."/>
				<string name="Hull" value="Std_CLUpperHull"/>
				<string name="Name" value="LSuperStructure"/>
				<string name="TypHL" value="Crew"/>
				<string name="UnitName" value="Kuma"/>
			</object>
			<object name="Kuma9829">
				<string name="ConnectName" value="Engine1"/>
				<integer name="Country" value="2"/>
				<float name="ER" value="150."/>
				<string name="Hull" value="Std_Mover"/>
				<string name="Name" value="Mover1"/>
				<string name="TypHL" value="Mover"/>
				<string name="UnitName" value="Kuma"/>
			</object>
			<object name="Kuma9830">
				<string name="ConnectName" value="Engine2"/>
				<integer name="Country" value="2"/>
				<float name="ER" value="150."/>
				<string name="Hull" value="Std_Mover"/>
				<string name="Name" value="Mover2"/>
				<string name="TypHL" value="Mover"/>
				<string name="UnitName" value="Kuma"/>
			</object>
			<object name="Kuma9831">
				<string name="ConnectName" value="Engine3"/>
				<integer name="Country" value="2"/>
				<float name="ER" value="150."/>
				<string name="Hull" value="Std_Mover"/>
				<string name="Name" value="Mover3"/>
				<string name="TypHL" value="Mover"/>
				<string name="UnitName" value="Kuma"/>
			</object>
			<object name="Kuma9832">
				<string name="ConnectName" value="Engine4"/>
				<integer name="Country" value="2"/>
				<float name="ER" value="150."/>
				<string name="Hull" value="Std_Mover"/>
				<string name="Name" value="Mover4"/>
				<string name="TypHL" value="Mover"/>
				<string name="UnitName" value="Kuma"/>
			</object>
			<object name="Kuma9833">
				<integer name="Country" value="2"/>
				<float name="ER" value="200."/>
				<string name="Hull" value="Kuma_Barbet"/>
				<string name="Name" value="Barbet1"/>
				<string name="TypHL" value="AmmoStore"/>
				<string name="UnitName" value="Kuma"/>
			</object>
			<object name="Kuma9834">
				<integer name="Country" value="2"/>
				<float name="ER" value="200."/>
				<string name="Hull" value="Kuma_Barbet"/>
				<string name="Name" value="Barbet2"/>
				<string name="TypHL" value="AmmoStore"/>
				<string name="UnitName" value="Kuma"/>
			</object>
			<object name="Kuma9835">
				<integer name="Country" value="2"/>
				<float name="ER" value="200."/>
				<string name="Hull" value="Kuma_Barbet"/>
				<string name="Name" value="Barbet3"/>
				<string name="TypHL" value="AmmoStore"/>
				<string name="UnitName" value="Kuma"/>
			</object>
			<object name="Kuma9836">
				<integer name="Country" value="2"/>
				<float name="ER" value="150."/>
				<string name="Hull" value="Kuma_UpperDeck"/>
				<string name="Name" value="Bow1_UpperDeck"/>
				<string name="TypHL" value="Hull"/>
				<string name="UnitName" value="Kuma"/>
			</object>
			<object name="Kuma9837">
				<integer name="Country" value="2"/>
				<float name="ER" value="200."/>
				<string name="Hull" value="Kuma_LowerDeck"/>
				<string name="Name" value="Bow1_LowerDeck"/>
				<string name="TypHL" value="Hull"/>
				<string name="UnitName" value="Kuma"/>
			</object>
			<object name="Kuma9838">
				<integer name="Country" value="2"/>
				<float name="ER" value="150."/>
				<string name="Hull" value="Kuma_UpperDeck"/>
				<string name="Name" value="Bow2_UpperDeck"/>
				<string name="TypHL" value="Hull"/>
				<string name="UnitName" value="Kuma"/>
			</object>
			<object name="Kuma9839">
				<integer name="Country" value="2"/>
				<float name="ER" value="200."/>
				<string name="Hull" value="Kuma_LowerDeck"/>
				<string name="Name" value="Bow2_LowerDeck"/>
				<string name="TypHL" value="Hull"/>
				<string name="UnitName" value="Kuma"/>
			</object>

			<object name="Kuma9840">
				<integer name="Country" value="2"/>
				<float name="ER" value="250."/>
				<string name="Hull" value="Kuma_Bow_AmmoStoreCover"/>
				<string name="Name" value="Bow_AmmoStoreCover"/>
				<string name="TypHL" value="Hull"/>
				<string name="UnitName" value="Kuma"/>
			</object>
			<object name="Kuma9841">
				<integer name="Country" value="2"/>
				<float name="ER" value="100."/>
				<string name="Hull" value="Kuma_AmmoStore"/>
				<string name="Name" value="AmmoStore1"/>
				<string name="TypHL" value="AmmoStore"/>
				<string name="UnitName" value="Kuma"/>
			</object>
			<object name="Kuma9842">
				<integer name="Country" value="2"/>
				<float name="ER" value="100."/>
				<string name="Hull" value="Kuma_AmmoStore"/>
				<string name="Name" value="AmmoStore2"/>
				<string name="TypHL" value="AmmoStore"/>
				<string name="UnitName" value="Kuma"/>
			</object>
			<object name="Kuma9843">
				<integer name="Country" value="2"/>
				<float name="ER" value="150."/>
				<string name="Hull" value="Kuma_UpperDeck"/>
				<string name="Name" value="Middle1_UpperDeck"/>
				<string name="TypHL" value="Hull"/>
				<string name="UnitName" value="Kuma"/>
			</object>
			<object name="Kuma9844">
				<integer name="Country" value="2"/>
				<float name="ER" value="200."/>
				<string name="Hull" value="Kuma_LowerDeck"/>
				<string name="Name" value="Middle1_LowerDeck"/>
				<string name="TypHL" value="Hull"/>
				<string name="UnitName" value="Kuma"/>
			</object>
			<object name="Kuma9845">
				<integer name="Country" value="2"/>
				<float name="ER" value="50."/>
				<string name="Hull" value="Std_Probe"/>
				<string name="Name" value="FireControl"/>
				<string name="TypHL" value="Probe"/>
				<string name="UnitName" value="Kuma"/>
			</object>
			<object name="Kuma9846">
				<integer name="Country" value="2"/>
				<float name="ER" value="50."/>
				<string name="Hull" value="Std_Probe"/>
				<string name="Name" value="Radar"/>
				<string name="TypHL" value="Probe"/>
				<string name="UnitName" value="Kuma"/>
			</object>
			<object name="Kuma9847">
				<integer name="Country" value="2"/>
				<float name="ER" value="50."/>
				<string name="Hull" value="Std_Probe"/>
				<string name="Name" value="Radio"/>
				<string name="TypHL" value="Probe"/>
				<string name="UnitName" value="Kuma"/>
			</object>
			<object name="Kuma9848">
				<integer name="Country" value="2"/>
				<float name="ER" value="200."/>
				<string name="Hull" value="Kuma_LBelt"/>
				<string name="Name" value="Middle1_LBelt"/>
				<string name="TypHL" value="Hull"/>
				<string name="UnitName" value="Kuma"/>
			</object>
			<object name="Kuma9849">
				<integer name="Country" value="2"/>
				<float name="ER" value="150."/>
				<string name="Hull" value="Kuma_LBoard"/>
				<string name="Name" value="Middle1_LBoard"/>
				<string name="TypHL" value="Hull"/>
				<string name="UnitName" value="Kuma"/>
			</object>

			<object name="Kuma9850">
				<integer name="Country" value="2"/>
				<float name="ER" value="200."/>
				<string name="Hull" value="Kuma_RBelt"/>
				<string name="Name" value="Middle1_RBelt"/>
				<string name="TypHL" value="Hull"/>
				<string name="UnitName" value="Kuma"/>
			</object>
			<object name="Kuma9851">
				<integer name="Country" value="2"/>
				<float name="ER" value="150."/>
				<string name="Hull" value="Kuma_RBoard"/>
				<string name="Name" value="Middle1_RBoard"/>
				<string name="TypHL" value="Hull"/>
				<string name="UnitName" value="Kuma"/>
			</object>
			<object name="Kuma9852">
				<integer name="Country" value="2"/>
				<float name="ER" value="150."/>
				<string name="Hull" value="Kuma_UpperDeck"/>
				<string name="Name" value="Middle2_UpperDeck"/>
				<string name="TypHL" value="Hull"/>
				<string name="UnitName" value="Kuma"/>
			</object>
			<object name="Kuma9853">
				<integer name="Country" value="2"/>
				<integer name="Crew" value="115"/>
				<float name="ER" value="50."/>
				<string name="Hull" value="Std_Hull"/>
				<string name="Name" value="Crew1"/>
				<string name="TypHL" value="Crew"/>
				<string name="UnitName" value="Kuma"/>
			</object>
			<object name="Kuma9854">
				<integer name="Country" value="2"/>
				<float name="ER" value="200."/>
				<string name="Hull" value="Kuma_LowerDeck"/>
				<string name="Name" value="Middle2_LowerDeck"/>
				<string name="TypHL" value="Hull"/>
				<string name="UnitName" value="Kuma"/>
			</object>
			<object name="Kuma9855">
				<integer name="Country" value="2"/>
				<float name="ER" value="100."/>
				<string name="Hull" value="Std_Boiler"/>
				<string name="Name" value="Boiler5"/>
				<string name="TypHL" value="Boiler"/>
				<string name="UnitName" value="Kuma"/>
			</object>
			<object name="Kuma9856">
				<integer name="Country" value="2"/>
				<float name="ER" value="200."/>
				<string name="Hull" value="Kuma_LBelt"/>
				<string name="Name" value="Middle2_LBelt"/>
				<string name="TypHL" value="Hull"/>
				<string name="UnitName" value="Kuma"/>
			</object>
			<object name="Kuma9857">
				<integer name="Country" value="2"/>
				<float name="ER" value="150."/>
				<string name="Hull" value="Kuma_LBoard"/>
				<string name="Name" value="Middle2_LBoard"/>
				<string name="TypHL" value="Hull"/>
				<string name="UnitName" value="Kuma"/>
			</object>
			<object name="Kuma9858">
				<integer name="Country" value="2"/>
				<float name="ER" value="200."/>
				<string name="Hull" value="Kuma_RBelt"/>
				<string name="Name" value="Middle2_RBelt"/>
				<string name="TypHL" value="Hull"/>
				<string name="UnitName" value="Kuma"/>
			</object>
			<object name="Kuma9859">
				<integer name="Country" value="2"/>
				<float name="ER" value="150."/>
				<string name="Hull" value="Kuma_RBoard"/>
				<string name="Name" value="Middle2_RBoard"/>
				<string name="TypHL" value="Hull"/>
				<string name="UnitName" value="Kuma"/>
			</object>

			<object name="Kuma9860">
				<integer name="Country" value="2"/>
				<float name="ER" value="200."/>
				<string name="Hull" value="Kuma_UpperDeck"/>
				<string name="Name" value="Middle3_UpperDeck"/>
				<string name="TypHL" value="Hull"/>
				<string name="UnitName" value="Kuma"/>
			</object>
			<object name="Kuma9861">
				<integer name="Country" value="2"/>
				<integer name="Crew" value="150"/>
				<float name="ER" value="50."/>
				<string name="Hull" value="Std_Hull"/>
				<string name="Name" value="Crew2"/>
				<string name="TypHL" value="Crew"/>
				<string name="UnitName" value="Kuma"/>
			</object>
			<object name="Kuma9862">
				<integer name="Country" value="2"/>
				<float name="ER" value="200."/>
				<string name="Hull" value="Kuma_LowerDeck"/>
				<string name="Name" value="Middle3_LLowerDeck"/>
				<string name="TypHL" value="Hull"/>
				<string name="UnitName" value="Kuma"/>
			</object>
			<object name="Kuma9863">
				<integer name="Country" value="2"/>
				<float name="ER" value="100."/>
				<string name="Hull" value="Std_Boiler"/>
				<string name="Name" value="Boiler1"/>
				<string name="TypHL" value="Boiler"/>
				<string name="UnitName" value="Kuma"/>
			</object>
			<object name="Kuma9864">
				<integer name="Country" value="2"/>
				<float name="ER" value="200."/>
				<string name="Hull" value="Kuma_LBelt"/>
				<string name="Name" value="Middle3_LBelt"/>
				<string name="TypHL" value="Hull"/>
				<string name="UnitName" value="Kuma"/>
			</object>
			<object name="Kuma9865">
				<integer name="Country" value="2"/>
				<float name="ER" value="150."/>
				<string name="Hull" value="Kuma_LBoard"/>
				<string name="Name" value="Middle3_LBoard"/>
				<string name="TypHL" value="Hull"/>
				<string name="UnitName" value="Kuma"/>
			</object>
			<object name="Kuma9866">
				<integer name="Country" value="2"/>
				<float name="ER" value="200."/>
				<string name="Hull" value="Kuma_LowerDeck"/>
				<string name="Name" value="Middle3_RLowerDeck"/>
				<string name="TypHL" value="Hull"/>
				<string name="UnitName" value="Kuma"/>
			</object>
			<object name="Kuma9867">
				<integer name="Country" value="2"/>
				<float name="ER" value="100."/>
				<string name="Hull" value="Std_Boiler"/>
				<string name="Name" value="Boiler2"/>
				<string name="TypHL" value="Boiler"/>
				<string name="UnitName" value="Kuma"/>
			</object>
			<object name="Kuma9868">
				<integer name="Country" value="2"/>
				<float name="ER" value="200."/>
				<string name="Hull" value="Kuma_RBelt"/>
				<string name="Name" value="Middle3_RBelt"/>
				<string name="TypHL" value="Hull"/>
				<string name="UnitName" value="Kuma"/>
			</object>
			<object name="Kuma9869">
				<integer name="Country" value="2"/>
				<float name="ER" value="150."/>
				<string name="Hull" value="Kuma_RBoard"/>
				<string name="Name" value="Middle3_RBoard"/>
				<string name="TypHL" value="Hull"/>
				<string name="UnitName" value="Kuma"/>
			</object>

			<object name="Kuma9870">
				<integer name="Country" value="2"/>
				<float name="ER" value="200."/>
				<string name="Hull" value="Kuma_UpperDeck"/>
				<string name="Name" value="Middle4_UpperDeck"/>
				<string name="TypHL" value="Hull"/>
				<string name="UnitName" value="Kuma"/>
			</object>
			<object name="Kuma9871">
				<integer name="Country" value="2"/>
				<integer name="Crew" value="115"/>
				<float name="ER" value="50."/>
				<string name="Hull" value="Std_Hull"/>
				<string name="Name" value="Crew3"/>
				<string name="TypHL" value="Crew"/>
				<string name="UnitName" value="Kuma"/>
			</object>
			<object name="Kuma9872">
				<integer name="Country" value="2"/>
				<float name="ER" value="200."/>
				<string name="Hull" value="Kuma_LowerDeck"/>
				<string name="Name" value="Middle4_LLowerDeck"/>
				<string name="TypHL" value="Hull"/>
				<string name="UnitName" value="Kuma"/>
			</object>
			<object name="Kuma9873">
				<integer name="Country" value="2"/>
				<float name="ER" value="100."/>
				<string name="Hull" value="Std_Boiler"/>
				<string name="Name" value="Boiler3"/>
				<string name="TypHL" value="Boiler"/>
				<string name="UnitName" value="Kuma"/>
			</object>
			<object name="Kuma9874">
				<integer name="Country" value="2"/>
				<float name="ER" value="200."/>
				<string name="Hull" value="Kuma_LBelt"/>
				<string name="Name" value="Middle4_LBelt"/>
				<string name="TypHL" value="Hull"/>
				<string name="UnitName" value="Kuma"/>
			</object>
			<object name="Kuma9875">
				<integer name="Country" value="2"/>
				<float name="ER" value="150."/>
				<string name="Hull" value="Kuma_LBoard"/>
				<string name="Name" value="Middle4_LBoard"/>
				<string name="TypHL" value="Hull"/>
				<string name="UnitName" value="Kuma"/>
			</object>
			<object name="Kuma9876">
				<integer name="Country" value="2"/>
				<float name="ER" value="200."/>
				<string name="Hull" value="Kuma_LowerDeck"/>
				<string name="Name" value="Middle4_RLowerDeck"/>
				<string name="TypHL" value="Hull"/>
				<string name="UnitName" value="Kuma"/>
			</object>
			<object name="Kuma9877">
				<integer name="Country" value="2"/>
				<float name="ER" value="100."/>
				<string name="Hull" value="Std_Boiler"/>
				<string name="Name" value="Boiler4"/>
				<string name="TypHL" value="Boiler"/>
				<string name="UnitName" value="Kuma"/>
			</object>
			<object name="Kuma9878">
				<integer name="Country" value="2"/>
				<float name="ER" value="200."/>
				<string name="Hull" value="Kuma_RBelt"/>
				<string name="Name" value="Middle4_RBelt"/>
				<string name="TypHL" value="Hull"/>
				<string name="UnitName" value="Kuma"/>
			</object>
			<object name="Kuma9879">
				<integer name="Country" value="2"/>
				<float name="ER" value="150."/>
				<string name="Hull" value="Kuma_RBoard"/>
				<string name="Name" value="Middle4_RBoard"/>
				<string name="TypHL" value="Hull"/>
				<string name="UnitName" value="Kuma"/>
			</object>

			<object name="Kuma9880">
				<integer name="Country" value="2"/>
				<float name="ER" value="200."/>
				<string name="Hull" value="Kuma_UpperDeck"/>
				<string name="Name" value="Middle5_UpperDeck"/>
				<string name="TypHL" value="Hull"/>
				<string name="UnitName" value="Kuma"/>
			</object>
			<object name="Kuma9881">
				<integer name="Country" value="2"/>
				<integer name="Crew" value="115"/>
				<float name="ER" value="50."/>
				<string name="Hull" value="Std_Hull"/>
				<string name="Name" value="Crew4"/>
				<string name="TypHL" value="Crew"/>
				<string name="UnitName" value="Kuma"/>
			</object>
			<object name="Kuma9882">
				<integer name="Country" value="2"/>
				<float name="ER" value="200."/>
				<string name="Hull" value="Kuma_LowerDeck"/>
				<string name="Name" value="Middle5_LLowerDeck"/>
				<string name="TypHL" value="Hull"/>
				<string name="UnitName" value="Kuma"/>
			</object>
			<object name="Kuma9883">
				<string name="ConnectName" value="Boiler5;Boiler1"/>
				<integer name="Country" value="2"/>
				<float name="ER" value="150."/>
				<string name="Hull" value="Std_Engine"/>
				<string name="Name" value="Engine1"/>
				<string name="TypHL" value="Engine"/>
				<string name="UnitName" value="Kuma"/>
			</object>
			<object name="Kuma9884">
				<integer name="Country" value="2"/>
				<float name="ER" value="200."/>
				<string name="Hull" value="Kuma_LBelt"/>
				<string name="Name" value="Middle5_LBelt"/>
				<string name="TypHL" value="Hull"/>
				<string name="UnitName" value="Kuma"/>
			</object>
			<object name="Kuma9885">
				<integer name="Country" value="2"/>
				<float name="ER" value="150."/>
				<string name="Hull" value="Kuma_LBoard"/>
				<string name="Name" value="Middle5_LBoard"/>
				<string name="TypHL" value="Hull"/>
				<string name="UnitName" value="Kuma"/>
			</object>
			<object name="Kuma9886">
				<integer name="Country" value="2"/>
				<float name="ER" value="200."/>
				<string name="Hull" value="Kuma_LowerDeck"/>
				<string name="Name" value="Middle5_RLowerDeck"/>
				<string name="TypHL" value="Hull"/>
				<string name="UnitName" value="Kuma"/>
			</object>
			<object name="Kuma9887">
				<string name="ConnectName" value="Boiler5;Boiler2"/>
				<integer name="Country" value="2"/>
				<float name="ER" value="150."/>
				<string name="Hull" value="Std_Engine"/>
				<string name="Name" value="Engine2"/>
				<string name="TypHL" value="Engine"/>
				<string name="UnitName" value="Kuma"/>
			</object>
			<object name="Kuma9888">
				<integer name="Country" value="2"/>
				<float name="ER" value="200."/>
				<string name="Hull" value="Kuma_RBelt"/>
				<string name="Name" value="Middle5_RBelt"/>
				<string name="TypHL" value="Hull"/>
				<string name="UnitName" value="Kuma"/>
			</object>
			<object name="Kuma9889">
				<integer name="Country" value="2"/>
				<float name="ER" value="150."/>
				<string name="Hull" value="Kuma_RBoard"/>
				<string name="Name" value="Middle5_RBoard"/>
				<string name="TypHL" value="Hull"/>
				<string name="UnitName" value="Kuma"/>
			</object>

			<object name="Kuma9890">
				<integer name="Country" value="2"/>
				<float name="ER" value="200."/>
				<string name="Hull" value="Kuma_UpperDeck"/>
				<string name="Name" value="Middle6_UpperDeck"/>
				<string name="TypHL" value="Hull"/>
				<string name="UnitName" value="Kuma"/>
			</object>
			<object name="Kuma9891">
				<integer name="Country" value="2"/>
				<integer name="Crew" value="115"/>
				<float name="ER" value="50."/>
				<string name="Hull" value="Std_Hull"/>
				<string name="Name" value="Crew5"/>
				<string name="TypHL" value="Crew"/>
				<string name="UnitName" value="Kuma"/>
			</object>
			<object name="Kuma9892">
				<integer name="Country" value="2"/>
				<float name="ER" value="200."/>
				<string name="Hull" value="Kuma_LowerDeck"/>
				<string name="Name" value="Middle6_LowerDeck"/>
				<string name="TypHL" value="Hull"/>
				<string name="UnitName" value="Kuma"/>
			</object>
			<object name="Kuma9893">
				<string name="ConnectName" value="Boiler5;Boiler3"/>
				<integer name="Country" value="2"/>
				<float name="ER" value="150."/>
				<string name="Hull" value="Std_Engine"/>
				<string name="Name" value="Engine3"/>
				<string name="TypHL" value="Engine"/>
				<string name="UnitName" value="Kuma"/>
			</object>
			<object name="Kuma9894">
				<string name="ConnectName" value="Boiler5;Boiler4"/>
				<integer name="Country" value="2"/>
				<float name="ER" value="150."/>
				<string name="Hull" value="Std_Engine"/>
				<string name="Name" value="Engine4"/>
				<string name="TypHL" value="Engine"/>
				<string name="UnitName" value="Kuma"/>
			</object>
			<object name="Kuma9895">
				<integer name="Country" value="2"/>
				<float name="ER" value="200."/>
				<string name="Hull" value="Kuma_LBelt"/>
				<string name="Name" value="Middle6_LBelt"/>
				<string name="TypHL" value="Hull"/>
				<string name="UnitName" value="Kuma"/>
			</object>
			<object name="Kuma9896">
				<integer name="Country" value="2"/>
				<float name="ER" value="150."/>
				<string name="Hull" value="Kuma_LBoard"/>
				<string name="Name" value="Middle6_LBoard"/>
				<string name="TypHL" value="Hull"/>
				<string name="UnitName" value="Kuma"/>
			</object>
			<object name="Kuma9897">
				<integer name="Country" value="2"/>
				<float name="ER" value="200."/>
				<string name="Hull" value="Kuma_RBelt"/>
				<string name="Name" value="Middle6_RBelt"/>
				<string name="TypHL" value="Hull"/>
				<string name="UnitName" value="Kuma"/>
			</object>
			<object name="Kuma9898">
				<integer name="Country" value="2"/>
				<float name="ER" value="150."/>
				<string name="Hull" value="Kuma_RBoard"/>
				<string name="Name" value="Middle6_RBoard"/>
				<string name="TypHL" value="Hull"/>
				<string name="UnitName" value="Kuma"/>
			</object>
			<object name="Kuma9899">
				<integer name="Country" value="2"/>
				<float name="ER" value="150."/>
				<string name="Hull" value="Kuma_UpperDeck"/>
				<string name="Name" value="Stern1_UpperDeck"/>
				<string name="TypHL" value="Hull"/>
				<string name="UnitName" value="Kuma"/>
			</object>
			<object name="Kuma9900">
				<integer name="Country" value="2"/>
				<float name="ER" value="200."/>
				<string name="Hull" value="Kuma_LowerDeck"/>
				<string name="Name" value="Stern1_LowerDeck"/>
				<string name="TypHL" value="Hull"/>
				<string name="UnitName" value="Kuma"/>
			</object>
			<object name="Kuma9901">
				<integer name="Country" value="2"/>
				<float name="ER" value="250."/>
				<string name="Hull" value="Kuma_Stern_AmmoStoreCover"/>
				<string name="Name" value="Stern_AmmoStoreCover"/>
				<string name="TypHL" value="Hull"/>
				<string name="UnitName" value="Kuma"/>
			</object>
			<object name="Kuma9902">
				<integer name="Country" value="2"/>
				<float name="ER" value="100."/>
				<string name="Hull" value="Kuma_AmmoStore"/>
				<string name="Name" value="AmmoStore3"/>
				<string name="TypHL" value="AmmoStore"/>
				<string name="UnitName" value="Kuma"/>
			</object>
			<object name="Kuma9903">
				<integer name="Country" value="2"/>
				<float name="ER" value="150."/>
				<string name="Hull" value="Kuma_UpperDeck"/>
				<string name="Name" value="Stern2_Deck"/>
				<string name="TypHL" value="Hull"/>
				<string name="UnitName" value="Kuma"/>
			</object>
			<object name="Kuma9904">
				<integer name="Country" value="2"/>
				<float name="ER" value="100."/>
				<string name="Hull" value="Std_Hull"/>
				<string name="Name" value="Tiller"/>
				<string name="TypHL" value="Hull"/>
				<string name="UnitName" value="Kuma"/>
			</object>
			<object name="Kuma9905">
				<integer name="Country" value="2"/>
				<float name="ER" value="150."/>
				<string name="Hull" value="Kuma_Bottom"/>
				<string name="Name" value="Bow1_Bottom"/>
				<string name="TypHL" value="FuelTank"/>
				<string name="UnitName" value="Kuma"/>
			</object>
			<object name="Kuma9906">
				<integer name="Country" value="2"/>
				<float name="ER" value="150."/>
				<string name="Hull" value="Kuma_Bottom"/>
				<string name="Name" value="Bow2_Bottom"/>
				<string name="TypHL" value="FuelTank"/>
				<string name="UnitName" value="Kuma"/>
			</object>
			<object name="Kuma9907">
				<integer name="Country" value="2"/>
				<float name="ER" value="150."/>
				<string name="Hull" value="Kuma_Bottom"/>
				<string name="Name" value="Middle1_Bottom"/>
				<string name="TypHL" value="FuelTank"/>
				<string name="UnitName" value="Kuma"/>
			</object>
			<object name="Kuma9908">
				<integer name="Country" value="2"/>
				<float name="ER" value="150."/>
				<string name="Hull" value="Kuma_Bottom"/>
				<string name="Name" value="Middle2_Bottom"/>
				<string name="TypHL" value="FuelTank"/>
				<string name="UnitName" value="Kuma"/>
			</object>
			<object name="Kuma9909">
				<integer name="Country" value="2"/>
				<float name="ER" value="150."/>
				<string name="Hull" value="Kuma_Bottom"/>
				<string name="Name" value="Middle3_Bottom"/>
				<string name="TypHL" value="FuelTank"/>
				<string name="UnitName" value="Kuma"/>
			</object>

			<object name="Kuma9910">
				<integer name="Country" value="2"/>
				<float name="ER" value="150."/>
				<string name="Hull" value="Kuma_Bottom"/>
				<string name="Name" value="Middle4_Bottom"/>
				<string name="TypHL" value="FuelTank"/>
				<string name="UnitName" value="Kuma"/>
			</object>
			<object name="Kuma9911">
				<integer name="Country" value="2"/>
				<float name="ER" value="150."/>
				<string name="Hull" value="Kuma_Bottom"/>
				<string name="Name" value="Middle5_Bottom"/>
				<string name="TypHL" value="FuelTank"/>
				<string name="UnitName" value="Kuma"/>
			</object>
			<object name="Kuma9912">
				<integer name="Country" value="2"/>
				<float name="ER" value="150."/>
				<string name="Hull" value="Kuma_Bottom"/>
				<string name="Name" value="Middle6_Bottom"/>
				<string name="TypHL" value="FuelTank"/>
				<string name="UnitName" value="Kuma"/>
			</object>
			<object name="Kuma9913">
				<integer name="Country" value="2"/>
				<float name="ER" value="150."/>
				<string name="Hull" value="Kuma_Bottom"/>
				<string name="Name" value="Stern1_Bottom"/>
				<string name="TypHL" value="FuelTank"/>
				<string name="UnitName" value="Kuma"/>
			</object>
			<object name="Kuma9914">
				<integer name="Country" value="2"/>
				<integer name="Crew" value="115"/>
				<float name="ER" value="100."/>
				<string name="Hull" value="Std_CLUpperHull"/>
				<string name="Name" value="USuperStructure"/>
				<string name="TypHL" value="Crew"/>
				<string name="UnitName" value="Kuma"/>
			</object>
			<object name="Kuma9915">
				<integer name="Country" value="2"/>
				<float name="ER" value="150."/>
				<string name="Hull" value="Std_Rudder"/>
				<string name="Name" value="Rudder"/>
				<string name="TypHL" value="Rudder"/>
				<string name="UnitName" value="Kuma"/>
			</object>
			<object name="Kuma9916">
				<integer name="Country" value="2"/>
				<float name="ER" value="100."/>
				<string name="Hull" value="Std_SmokeStack"/>
				<string name="Name" value="SmokeStack"/>
				<string name="TypHL" value="Hull"/>
				<string name="UnitName" value="Kuma"/>
			</object> 
		</object>
		<object name="Hulls">
			<object name="Kuma_Barbet">
				<integer name="Back" value="25"/>
				<integer name="Bottom" value="15"/>
				<integer name="Country" value="2"/>
				<float name="ExplProb" value="15."/>
				<float name="FireProb" value="20."/>
				<integer name="Front" value="25"/>
				<integer name="Left" value="25"/>
				<string name="Material" value="Armored"/>
				<integer name="Right" value="25"/>
				<integer name="Top" value="25"/>
				<integer name="UnitName" value="0"/>
				<string name="UnitTyp" value="Ship"/>
			</object>
			<object name="Kuma_Bow_AmmoStoreCover">
				<integer name="Back" value="50"/>
				<integer name="Bottom" value="50"/>
				<integer name="Country" value="2"/>
				<float name="ExplProb" value="0."/>
				<float name="FireProb" value="5."/>
				<integer name="Front" value="50"/>
				<integer name="Left" value="50"/>
				<string name="Material" value="Armored"/>
				<integer name="Right" value="50"/>
				<integer name="Top" value="50"/>
				<integer name="UnitName" value="0"/>
				<string name="UnitTyp" value="Ship"/>
			</object>
			<object name="Kuma_LBelt">
				<integer name="Back" value="25"/>
				<integer name="Bottom" value="25"/>
				<integer name="Country" value="2"/>
				<float name="ExplProb" value="0."/>
				<float name="FireProb" value="5."/>
				<integer name="Front" value="25"/>
				<integer name="Left" value="57"/>
				<string name="Material" value="Armored"/>
				<integer name="Right" value="25"/>
				<integer name="Top" value="25"/>
				<integer name="UnitName" value="0"/>
				<string name="UnitTyp" value="Ship"/>
			</object>
			<object name="Kuma_RBelt">
				<integer name="Back" value="25"/>
				<integer name="Bottom" value="25"/>
				<integer name="Country" value="2"/>
				<float name="ExplProb" value="0."/>
				<float name="FireProb" value="5."/>
				<integer name="Front" value="25"/>
				<integer name="Left" value="25"/>
				<string name="Material" value="Armored"/>
				<integer name="Right" value="57"/>
				<integer name="Top" value="25"/>
				<integer name="UnitName" value="0"/>
				<string name="UnitTyp" value="Ship"/>
			</object> 
			<object name="Kuma_LBoard">
				<integer name="Back" value="25"/>
				<integer name="Bottom" value="25"/>
				<integer name="Country" value="2"/>
				<float name="ExplProb" value="0."/>
				<float name="FireProb" value="5."/>
				<integer name="Front" value="25"/>
				<integer name="Left" value="25"/>
				<string name="Material" value="Armored"/>
				<integer name="Right" value="25"/>
				<integer name="Top" value="25"/>
				<integer name="UnitName" value="0"/>
				<string name="UnitTyp" value="Ship"/>
			</object>
			<object name="Kuma_RBoard">
				<integer name="Back" value="25"/>
				<integer name="Bottom" value="25"/>
				<integer name="Country" value="2"/>
				<float name="ExplProb" value="0."/>
				<float name="FireProb" value="5."/>
				<integer name="Front" value="25"/>
				<integer name="Left" value="25"/>
				<string name="Material" value="Armored"/>
				<integer name="Right" value="25"/>
				<integer name="Top" value="25"/>
				<integer name="UnitName" value="0"/>
				<string name="UnitTyp" value="Ship"/>
			</object>
			<object name="Kuma_Stern_AmmoStoreCover">
				<integer name="Back" value="50"/>
				<integer name="Bottom" value="50"/>
				<integer name="Country" value="2"/>
				<float name="ExplProb" value="0."/>
				<float name="FireProb" value="5."/>
				<integer name="Front" value="50"/>
				<integer name="Left" value="50"/>
				<string name="Material" value="Armored"/>
				<integer name="Right" value="50"/>
				<integer name="Top" value="50"/>
				<integer name="UnitName" value="0"/>
				<string name="UnitTyp" value="Ship"/>
			</object>
			<object name="Kuma_LowerDeck">
				<integer name="Back" value="25"/>
				<integer name="Bottom" value="10"/>
				<integer name="Country" value="2"/>
				<float name="ExplProb" value="0."/>
				<float name="FireProb" value="5."/>
				<integer name="Front" value="25"/>
				<integer name="Left" value="25"/>
				<string name="Material" value="Armored"/>
				<integer name="Right" value="25"/>
				<integer name="Top" value="20"/>
				<integer name="UnitName" value="0"/>
				<string name="UnitTyp" value="Ship"/>
			</object>  		 
			<object name="Kuma_UpperDeck">
				<integer name="Back" value="25"/>
				<integer name="Bottom" value="25"/>
				<integer name="Country" value="2"/>
				<float name="ExplProb" value="0."/>
				<float name="FireProb" value="5."/>
				<integer name="Front" value="25"/>
				<integer name="Left" value="25"/>
				<string name="Material" value="Steel"/>
				<integer name="Right" value="25"/>
				<integer name="Top" value="20"/>
				<integer name="UnitName" value="0"/>
				<string name="UnitTyp" value="Ship"/>
			</object>  	 
			<object name="Kuma_AmmoStore">
				<integer name="Back" value="10"/>
				<integer name="Bottom" value="10"/>
				<integer name="Country" value="2"/>
				<float name="ExplProb" value="20."/>
				<float name="FireProb" value="20."/>
				<integer name="Front" value="10"/>
				<integer name="Left" value="10"/>
				<string name="Material" value="Armored"/>
				<integer name="Right" value="10"/>
				<integer name="Top" value="10"/>
				<integer name="UnitName" value="0"/>
				<string name="UnitTyp" value="Ship"/>
			</object> 
			<object name="Kuma_Bottom">
				<integer name="Back" value="25"/>
				<integer name="Bottom" value="20"/>
				<integer name="Country" value="2"/>
				<float name="ExplProb" value="0."/>
				<float name="FireProb" value="0."/>
				<integer name="Front" value="25"/>
				<integer name="Left" value="25"/>
				<string name="Material" value="Steel"/>
				<integer name="Right" value="25"/>
				<integer name="Top" value="25"/>
				<integer name="UnitName" value="0"/>
				<string name="UnitTyp" value="Ship"/>
			</object>
		</object>
		<object name="ShipsNames">
			<object name="Kuma">
				<string name="1" value="Kuma1"/>
				<string name="2" value="Kuma2"/>
				<string name="3" value="Kuma3"/>
			</object>
		</object>
		<object name="UnitsByType">
			<object name="3">
				<object name="Kuma">
					<string name="ChildTable" value="Ships"/>
				</object>
			</object>
		</object>
	</object>
</root>
