﻿<?xml version = "1.0" encoding = "UTF-8"?>
<root>
	<object name = "SteelMonstersParams">
		<object name="Ships">
			<object name="Barham">
				<float name="AccelRate" value="1.e-004"/>
				<string name="Airgroup" value="Scout_ShipWater_Battleship_Battalion_england"/>
				<integer name="AirplanesCount" value="2"/>
				<string name="AmmoLoadingTemplate" value="Ammo 300"/>
				<boolean name="BoatsTransportationAbility" value="false"/>
				<integer name="CabinArmor" value="533"/>
				<boolean name="CanBeChanged" value="true"/>
				<boolean name="CanUseTorpedos" value="false"/>
				<string name="CatapultAirgroupDefaultUnit" value="Walrus"/>
				<integer name="Country" value="3"/>
				<integer name="Crew" value="1200"/>
				<float name="CriticalCareen" value="37."/>
				<float name="CriticalDFT" value="2.4"/>
				<float name="CriticalDifferent" value="5."/>
				<float name="DTimeProd" value="160."/>
				<float name="DisplacementMax" value="33528."/>
				<float name="EPR" value="630."/>
				<float name="FireRisk" value="1667."/>
				<float name="Fuel" value="3400."/>
				<float name="HLShapeCoef" value="0.7"/>
				<integer name="HullArmorSide" value="310"/>
				<integer name="HullArmorTop" value="265"/>
				<float name="Iron" value="48300."/>
				<integer name="Length" value="196.8"/>
				<float name="MaxSpeed" value="24"/>
				<integer name="MinCrew" value="900"/>
				<float name="Money" value="32000."/>
				<float name="NTimeProd" value="400."/>
				<string name="Name" value="Barham"/>
				<boolean name="New" value="true"/>
				<integer name="Nuc_Dest_Prob" value="300"/>
				<integer name="Passengers" value="70"/>
				<boolean name="PlanesTransportationAbility" value="false"/>
				<float name="Range" value="9000."/>
				<integer name="Rank" value="2"/>
				<string name="SMU" value="Barham"/>
				<float name="Speed" value="12."/>
				<float name="StoreCapacity" value="3400."/>
				<boolean name="Transportable" value="false"/>
				<float name="TurnRate" value="1.4e-003"/>
				<integer name="Type" value="1"/>
				<float name="Vitality" value="8400."/>
				<float name="VitalityAA" value="3500."/>
				<float name="Weight" value="27940."/>
				<integer name="Width" value="31.7"/>
				<integer name="Year" value="39"/>
			</object>
		</object>
		<object name="Hit_Location">
			<object name="QB1000">
				<string name="ConnectName" value="Tiller;"/>
				<integer name="Country" value="3"/>
				<float name="ER" value="500."/>
				<string name="Hull" value="Std_Rudder"/>
				<string name="Name" value="Rudder"/>
				<string name="TypHL" value="Rudder"/>
				<string name="UnitName" value="Barham"/>
			</object>
			<object name="QB1001">
				<integer name="Country" value="3"/>
				<float name="ER" value="500."/>
				<string name="Hull" value="Std_Bottom"/>
				<string name="Name" value="Bow1_LBottom"/>
				<string name="TypHL" value="Hull"/>
				<string name="UnitName" value="Barham"/>
			</object>
			<object name="QB1002">
				<integer name="Country" value="3"/>
				<float name="ER" value="500."/>
				<string name="Hull" value="Std_Hull"/>
				<string name="Name" value="Bow1_LowerDeck"/>
				<string name="TypHL" value="Hull"/>
				<string name="UnitName" value="Barham"/>
			</object>
			<object name="QB1003">
				<integer name="Country" value="3"/>
				<float name="ER" value="500."/>
				<string name="Hull" value="Queen_AmmoStore_Type2"/>
				<string name="Name" value="AmmoStore1_2"/>
				<string name="TypHL" value="AmmoStore"/>
				<string name="UnitName" value="Barham"/>
			</object>
			<object name="QB1004">
				<integer name="Country" value="3"/>
				<float name="ER" value="500."/>
				<string name="Hull" value="Std_Bottom"/>
				<string name="Name" value="Bow1_RBottom"/>
				<string name="TypHL" value="Hull"/>
				<string name="UnitName" value="Barham"/>
			</object>
			<object name="QB1006">
				<integer name="Country" value="3"/>
				<float name="ER" value="500."/>
				<string name="Hull" value="Std_UpperHull"/>
				<string name="Name" value="Bow1_UpperDeck"/>
				<string name="TypHL" value="Hull"/>
				<string name="UnitName" value="Barham"/>
			</object>
			<object name="QB1007">
				<integer name="Country" value="3"/>
				<float name="ER" value="500."/>
				<string name="Hull" value="Queen_Stern2"/>
				<string name="Name" value="Stern2"/>
				<string name="TypHL" value="Hull"/>
				<string name="UnitName" value="Barham"/>
			</object>
			<object name="QB1008">
				<integer name="Country" value="3"/>
				<float name="ER" value="500."/>
				<string name="Hull" value="Queen_Tiller"/>
				<string name="Name" value="Tiller"/>
				<string name="TypHL" value="Hull"/>
				<string name="UnitName" value="Barham"/>
			</object>
			<object name="QB1014">
				<integer name="Country" value="3"/>
				<float name="ER" value="500."/>
				<string name="Hull" value="Std_Bottom"/>
				<string name="Name" value="Bow2_RBottom"/>
				<string name="TypHL" value="Hull"/>
				<string name="UnitName" value="Barham"/>
			</object>
			<object name="QB874">
				<integer name="Country" value="3"/>
				<float name="ER" value="500."/>
				<string name="Hull" value="Queen_BattleCabin"/>
				<string name="Name" value="BattleCabin"/>
				<string name="TypHL" value="Hull"/>
				<string name="UnitName" value="Barham"/>
			</object>
			<object name="QB875">
				<integer name="Country" value="3"/>
				<float name="ER" value="500."/>
				<string name="Hull" value="Std_Probe"/>
				<string name="Name" value="Probe_Radar"/>
				<string name="TypHL" value="Probe"/>
				<string name="UnitName" value="Barham"/>
			</object>
			<object name="QB876">
				<integer name="Country" value="3"/>
				<float name="ER" value="500."/>
				<string name="Hull" value="Std_Probe"/>
				<string name="Name" value="Probe_Radio"/>
				<string name="TypHL" value="Probe"/>
				<string name="UnitName" value="Barham"/>
			</object>
			<object name="QB877">
				<integer name="Country" value="3"/>
				<integer name="Crew" value="1000"/>
				<float name="ER" value="500."/>
				<string name="Hull" value="Std_UpperHull"/>
				<string name="Name" value="ConingBridge"/>
				<string name="TypHL" value="Crew"/>
				<string name="UnitName" value="Barham"/>
			</object>
			<object name="QB878">
				<integer name="Country" value="3"/>
				<float name="ER" value="500."/>
				<string name="Hull" value="Queen_Barbet"/>
				<string name="Name" value="Barbet_1"/>
				<string name="TypHL" value="AmmoStore"/>
				<string name="UnitName" value="Barham"/>
			</object>
			<object name="QB880">
				<integer name="Country" value="3"/>
				<float name="ER" value="500."/>
				<string name="Hull" value="Queen_Barbet"/>
				<string name="Name" value="Barbet_2"/>
				<string name="TypHL" value="AmmoStore"/>
				<string name="UnitName" value="Barham"/>
			</object>
			<object name="QB882">
				<integer name="Country" value="3"/>
				<float name="ER" value="500."/>
				<string name="Hull" value="Std_UpperHull"/>
				<string name="Name" value="Bow2_UpperDeck"/>
				<string name="TypHL" value="Hull"/>
				<string name="UnitName" value="Barham"/>
			</object>
			<object name="QB883">
				<integer name="Country" value="3"/>
				<float name="ER" value="500."/>
				<string name="Hull" value="Std_Rboard"/>
				<string name="Name" value="Bow2_RBoard"/>
				<string name="TypHL" value="Hull"/>
				<string name="UnitName" value="Barham"/>
			</object>
			<object name="QB884">
				<integer name="Country" value="3"/>
				<float name="ER" value="500."/>
				<string name="Hull" value="Queen_Rbelt_Upper"/>
				<string name="Name" value="Bow2_RBelt_Upper"/>
				<string name="TypHL" value="Hull"/>
				<string name="UnitName" value="Barham"/>
			</object>
			<object name="QB885">
				<integer name="Country" value="3"/>
				<float name="ER" value="500."/>
				<string name="Hull" value="Queen_Rbelt_Lower"/>
				<string name="Name" value="Bow2_RBelt_Lower"/>
				<string name="TypHL" value="Hull"/>
				<string name="UnitName" value="Barham"/>
			</object>
			<object name="QB886">
				<integer name="Country" value="3"/>
				<float name="ER" value="500."/>
				<string name="Hull" value="Std_RAMP"/>
				<string name="Name" value="Bow2_RAMP"/>
				<string name="TypHL" value="Hull"/>
				<string name="UnitName" value="Barham"/>
			</object>
			<object name="QB887">
				<integer name="Country" value="3"/>
				<float name="ER" value="500."/>
				<string name="Hull" value="Queen_MiddleDeck"/>
				<string name="Name" value="Bow2_MiddleDeck"/>
				<string name="TypHL" value="Hull"/>
				<string name="UnitName" value="Barham"/>
			</object>
			<object name="QB888">
				<integer name="Country" value="3"/>
				<float name="ER" value="500."/>
				<string name="Hull" value="Std_Hull"/>
				<string name="Name" value="Bow2_LowerDeck"/>
				<string name="TypHL" value="Hull"/>
				<string name="UnitName" value="Barham"/>
			</object>
			<object name="QB889">
				<integer name="Country" value="3"/>
				<float name="ER" value="500."/>
				<string name="Hull" value="Std_AFuelTank"/>
				<string name="Name" value="Bow2_FuelTank1"/>
				<string name="TypHL" value="FuelTank"/>
				<string name="UnitName" value="Barham"/>
			</object>
			<object name="QB890">
				<integer name="Country" value="3"/>
				<float name="ER" value="500."/>
				<string name="Hull" value="Std_FuelTank"/>
				<string name="Name" value="Bow2_FuelTank2"/>
				<string name="TypHL" value="FuelTank"/>
				<string name="UnitName" value="Barham"/>
			</object>
			<object name="QB891">
				<integer name="Country" value="3"/>
				<float name="ER" value="500."/>
				<string name="Hull" value="Std_FuelTank"/>
				<string name="Name" value="Bow2_FuelTank3"/>
				<string name="TypHL" value="FuelTank"/>
				<string name="UnitName" value="Barham"/>
			</object>
			<object name="QB892">
				<integer name="Country" value="3"/>
				<float name="ER" value="500."/>
				<string name="Hull" value="Queen_AmmoStore_Type2"/>
				<string name="Name" value="AmmoStore2_2"/>
				<string name="TypHL" value="AmmoStore"/>
				<string name="UnitName" value="Barham"/>
			</object>
			<object name="QB893">
				<integer name="Country" value="3"/>
				<float name="ER" value="500."/>
				<string name="Hull" value="Queen_AmmoStore_Type1"/>
				<string name="Name" value="AmmoStore1_3"/>
				<string name="TypHL" value="AmmoStore"/>
				<string name="UnitName" value="Barham"/>
			</object>
			<object name="QB894">
				<integer name="Country" value="3"/>
				<float name="ER" value="500."/>
				<string name="Hull" value="Std_Bottom"/>
				<string name="Name" value="Bow2_LBottom"/>
				<string name="TypHL" value="Hull"/>
				<string name="UnitName" value="Barham"/>
			</object>
			<object name="QB895">
				<integer name="Country" value="3"/>
				<float name="ER" value="500."/>
				<string name="Hull" value="Queen_Lbelt_Upper"/>
				<string name="Name" value="Bow2_LBelt_Upper"/>
				<string name="TypHL" value="Hull"/>
				<string name="UnitName" value="Barham"/>
			</object>
			<object name="QB896">
				<integer name="Country" value="3"/>
				<float name="ER" value="500."/>
				<string name="Hull" value="Queen_LBelt_Lower"/>
				<string name="Name" value="Bow2_LBelt_Lower"/>
				<string name="TypHL" value="Hull"/>
				<string name="UnitName" value="Barham"/>
			</object>
			<object name="QB897">
				<integer name="Country" value="3"/>
				<float name="ER" value="500."/>
				<string name="Hull" value="Std_LAMP"/>
				<string name="Name" value="Bow2_LAMP"/>
				<string name="TypHL" value="Hull"/>
				<string name="UnitName" value="Barham"/>
			</object>
			<object name="QB898">
				<integer name="Country" value="3"/>
				<float name="ER" value="500."/>
				<string name="Hull" value="Std_Lboard"/>
				<string name="Name" value="Bow2_LBoard"/>
				<string name="TypHL" value="Hull"/>
				<string name="UnitName" value="Barham"/>
			</object>
			<object name="QB900">
				<integer name="Country" value="3"/>
				<float name="ER" value="500."/>
				<string name="Hull" value="Std_Hull"/>
				<string name="Name" value="Middle2_LowerDeck"/>
				<string name="TypHL" value="Hull"/>
				<string name="UnitName" value="Barham"/>
			</object>
			<object name="QB901">
				<integer name="Country" value="3"/>
				<float name="ER" value="500."/>
				<string name="Hull" value="Std_Hull"/>
				<string name="Name" value="Middle2_MiddleDeck1_Left"/>
				<string name="TypHL" value="Hull"/>
				<string name="UnitName" value="Barham"/>
			</object>
			<object name="QB902">
				<integer name="Country" value="3"/>
				<float name="ER" value="500."/>
				<string name="Hull" value="Std_Boiler"/>
				<string name="Name" value="Boiler1"/>
				<string name="TypHL" value="Boiler"/>
				<string name="UnitName" value="Barham"/>
			</object>
			<object name="QB903">
				<integer name="Country" value="3"/>
				<float name="ER" value="500."/>
				<string name="Hull" value="Std_Hull"/>
				<string name="Name" value="Middle2_MiddleDeck1_Middle"/>
				<string name="TypHL" value="Hull"/>
				<string name="UnitName" value="Barham"/>
			</object>
			<object name="QB904">
				<string name="ConnectName" value="Boiler1;Boiler2;Boiler3;Boiler4;"/>
				<integer name="Country" value="3"/>
				<float name="ER" value="500."/>
				<string name="Hull" value="Std_Engine"/>
				<string name="Name" value="Turbine2"/>
				<string name="TypHL" value="Engine"/>
				<string name="UnitName" value="Barham"/>
			</object>
			<object name="QB905">
				<string name="ConnectName" value="Boiler1;Boiler2;Boiler3;Boiler4;"/>
				<integer name="Country" value="3"/>
				<float name="ER" value="500."/>
				<string name="Hull" value="Std_Engine"/>
				<string name="Name" value="Turbine3"/>
				<string name="TypHL" value="Engine"/>
				<string name="UnitName" value="Barham"/>
			</object>
			<object name="QB906">
				<integer name="Country" value="3"/>
				<float name="ER" value="500."/>
				<string name="Hull" value="Std_Hull"/>
				<string name="Name" value="Middle2_MiddleDeck1_Right"/>
				<string name="TypHL" value="Hull"/>
				<string name="UnitName" value="Barham"/>
			</object>
			<object name="QB907">
				<integer name="Country" value="3"/>
				<float name="ER" value="500."/>
				<string name="Hull" value="Std_Boiler"/>
				<string name="Name" value="Boiler2"/>
				<string name="TypHL" value="Boiler"/>
				<string name="UnitName" value="Barham"/>
			</object>
			<object name="QB908">
				<integer name="Country" value="3"/>
				<float name="ER" value="500."/>
				<string name="Hull" value="Queen_MiddleDeck"/>
				<string name="Name" value="Middle2_MiddleDeck2_Left"/>
				<string name="TypHL" value="Hull"/>
				<string name="UnitName" value="Barham"/>
			</object>
			<object name="QB909">
				<integer name="Country" value="3"/>
				<float name="ER" value="500."/>
				<string name="Hull" value="Queen_MiddleDeck"/>
				<string name="Name" value="Middle2_MiddleDeck2_Middle"/>
				<string name="TypHL" value="Hull"/>
				<string name="UnitName" value="Barham"/>
			</object>
			<object name="QB910">
				<integer name="Country" value="3"/>
				<float name="ER" value="500."/>
				<string name="Hull" value="Queen_MiddleDeck"/>
				<string name="Name" value="Middle2_MiddleDeck2_Right"/>
				<string name="TypHL" value="Hull"/>
				<string name="UnitName" value="Barham"/>
			</object>
			<object name="QB911">
				<integer name="Country" value="3"/>
				<float name="ER" value="500."/>
				<string name="Hull" value="Std_UpperHull"/>
				<string name="Name" value="Middle2_Deck"/>
				<string name="TypHL" value="Hull"/>
				<string name="UnitName" value="Barham"/>
			</object>
			<object name="QB912">
				<integer name="Country" value="3"/>
				<float name="ER" value="500."/>
				<string name="Hull" value="Queen_LBelt_Lower"/>
				<string name="Name" value="Middle2_LBelt_Lower"/>
				<string name="TypHL" value="Hull"/>
				<string name="UnitName" value="Barham"/>
			</object>
			<object name="QB913">
				<integer name="Country" value="3"/>
				<float name="ER" value="500."/>
				<string name="Hull" value="Std_LAMP"/>
				<string name="Name" value="Middle2_LAMP"/>
				<string name="TypHL" value="Hull"/>
				<string name="UnitName" value="Barham"/>
			</object>
			<object name="QB914">
				<integer name="Country" value="3"/>
				<float name="ER" value="500."/>
				<string name="Hull" value="Queen_Lbelt_Upper"/>
				<string name="Name" value="Middle2_LBelt_Upper"/>
				<string name="TypHL" value="Hull"/>
				<string name="UnitName" value="Barham"/>
			</object>
			<object name="QB915">
				<integer name="Country" value="3"/>
				<float name="ER" value="500."/>
				<string name="Hull" value="Std_Lboard"/>
				<string name="Name" value="Middle2_LBoard"/>
				<string name="TypHL" value="Hull"/>
				<string name="UnitName" value="Barham"/>
			</object>
			<object name="QB916">
				<integer name="Country" value="3"/>
				<float name="ER" value="500."/>
				<string name="Hull" value="Std_RAMP"/>
				<string name="Name" value="Middle2_RAMP"/>
				<string name="TypHL" value="Hull"/>
				<string name="UnitName" value="Barham"/>
			</object>
			<object name="QB917">
				<integer name="Country" value="3"/>
				<float name="ER" value="500."/>
				<string name="Hull" value="Std_Bottom"/>
				<string name="Name" value="Middle2_LBottom"/>
				<string name="TypHL" value="Hull"/>
				<string name="UnitName" value="Barham"/>
			</object>
			<object name="QB918">
				<integer name="Country" value="3"/>
				<float name="ER" value="500."/>
				<string name="Hull" value="Queen_Rbelt_Lower"/>
				<string name="Name" value="Middle2_RBelt_Lower"/>
				<string name="TypHL" value="Hull"/>
				<string name="UnitName" value="Barham"/>
			</object>
			<object name="QB919">
				<integer name="Country" value="3"/>
				<float name="ER" value="500."/>
				<string name="Hull" value="Queen_Rbelt_Upper"/>
				<string name="Name" value="Middle2_RBelt_Upper"/>
				<string name="TypHL" value="Hull"/>
				<string name="UnitName" value="Barham"/>
			</object>
			<object name="QB920">
				<integer name="Country" value="3"/>
				<float name="ER" value="500."/>
				<string name="Hull" value="Std_Rboard"/>
				<string name="Name" value="Middle2_RBoard"/>
				<string name="TypHL" value="Hull"/>
				<string name="UnitName" value="Barham"/>
			</object>
			<object name="QB921">
				<integer name="Country" value="3"/>
				<float name="ER" value="500."/>
				<string name="Hull" value="Std_Bottom"/>
				<string name="Name" value="Middle2_RBottom"/>
				<string name="TypHL" value="Hull"/>
				<string name="UnitName" value="Barham"/>
			</object>
			<object name="QB922">
				<integer name="Country" value="3"/>
				<float name="ER" value="500."/>
				<string name="Hull" value="Std_UpperHull"/>
				<string name="Name" value="Middle2_UpperDeck"/>
				<string name="TypHL" value="Hull"/>
				<string name="UnitName" value="Barham"/>
			</object>
			<object name="QB923">
				<integer name="Country" value="3"/>
				<float name="ER" value="500."/>
				<string name="Hull" value="Std_UpperHull"/>
				<string name="Name" value="Middle1_Deck"/>
				<string name="TypHL" value="Hull"/>
				<string name="UnitName" value="Barham"/>
			</object>
			<object name="QB924">
				<integer name="Country" value="3"/>
				<float name="ER" value="500."/>
				<string name="Hull" value="Std_LAMP"/>
				<string name="Name" value="Middle1_LAMP"/>
				<string name="TypHL" value="Hull"/>
				<string name="UnitName" value="Barham"/>
			</object>
			<object name="QB925">
				<integer name="Country" value="3"/>
				<float name="ER" value="500."/>
				<string name="Hull" value="Queen_LBelt_Lower"/>
				<string name="Name" value="Middle1_LBelt_Lower"/>
				<string name="TypHL" value="Hull"/>
				<string name="UnitName" value="Barham"/>
			</object>
			<object name="QB926">
				<integer name="Country" value="3"/>
				<float name="ER" value="500."/>
				<string name="Hull" value="Queen_Lbelt_Upper"/>
				<string name="Name" value="Middle1_LBelt_Upper"/>
				<string name="TypHL" value="Hull"/>
				<string name="UnitName" value="Barham"/>
			</object>
			<object name="QB9266">
				<integer name="Country" value="3"/>
				<float name="ER" value="500."/>
				<string name="Hull" value="Std_Hull"/>
				<string name="Name" value="BowTower"/>
				<string name="TypHL" value="Hull"/>
				<string name="UnitName" value="Barham"/>
			</object>
			<object name="QB9267">
				<integer name="Country" value="3"/>
				<float name="ER" value="500."/>
				<string name="Hull" value="Std_Hull"/>
				<string name="Name" value="BowTowerCabine"/>
				<string name="TypHL" value="Hull"/>
				<string name="UnitName" value="Barham"/>
			</object>
			<object name="QB9268">
				<integer name="Country" value="3"/>
				<float name="ER" value="500."/>
				<string name="Hull" value="Std_Hull"/>
				<string name="Name" value="BowSmokeStack"/>
				<string name="TypHL" value="Hull"/>
				<string name="UnitName" value="Barham"/>
			</object>
			<object name="QB9269">
				<integer name="Country" value="3"/>
				<float name="ER" value="500."/>
				<string name="Hull" value="Std_Hull"/>
				<string name="Name" value="SternSmokeStack"/>
				<string name="TypHL" value="Hull"/>
				<string name="UnitName" value="Barham"/>
			</object>
			<object name="QB927">
				<integer name="Country" value="3"/>
				<float name="ER" value="500."/>
				<string name="Hull" value="Std_Lboard"/>
				<string name="Name" value="Middle1_LBoard"/>
				<string name="TypHL" value="Hull"/>
				<string name="UnitName" value="Barham"/>
			</object>
			<object name="QB9270">
				<integer name="Country" value="3"/>
				<float name="ER" value="500."/>
				<string name="Hull" value="Std_Hull"/>
				<string name="Name" value="SternTower"/>
				<string name="TypHL" value="Hull"/>
				<string name="UnitName" value="Barham"/>
			</object>
			<object name="QB9271">
				<integer name="Country" value="3"/>
				<float name="ER" value="500."/>
				<string name="Hull" value="Std_Hull"/>
				<string name="Name" value="SternTurretCabine"/>
				<string name="TypHL" value="Hull"/>
				<string name="UnitName" value="Barham"/>
			</object>
			<object name="QB928">
				<integer name="Country" value="3"/>
				<float name="ER" value="500."/>
				<string name="Hull" value="Std_Bottom"/>
				<string name="Name" value="Middle1_LBottom"/>
				<string name="TypHL" value="Hull"/>
				<string name="UnitName" value="Barham"/>
			</object>
			<object name="QB929">
				<integer name="Country" value="3"/>
				<float name="ER" value="500."/>
				<string name="Hull" value="Std_Hull"/>
				<string name="Name" value="Middle1_LowerDeck"/>
				<string name="TypHL" value="Hull"/>
				<string name="UnitName" value="Barham"/>
			</object>
			<object name="QB930">
				<integer name="Country" value="3"/>
				<float name="ER" value="500."/>
				<string name="Hull" value="Std_FuelTank"/>
				<string name="Name" value="Middle1_FuelTank"/>
				<string name="TypHL" value="FuelTank"/>
				<string name="UnitName" value="Barham"/>
			</object>
			<object name="QB931">
				<integer name="Country" value="3"/>
				<float name="ER" value="500."/>
				<string name="Hull" value="Std_Hull"/>
				<string name="Name" value="Middle1_MiddleDeck1"/>
				<string name="TypHL" value="Hull"/>
				<string name="UnitName" value="Barham"/>
			</object>
			<object name="QB932">
				<integer name="Country" value="3"/>
				<float name="ER" value="500."/>
				<string name="Hull" value="Std_Probe"/>
				<string name="Name" value="Middle1_ProbeMainGun"/>
				<string name="TypHL" value="Probe"/>
				<string name="UnitName" value="Barham"/>
			</object>
			<object name="QB933">
				<integer name="Country" value="3"/>
				<float name="ER" value="500."/>
				<string name="Hull" value="Queen_MiddleDeck"/>
				<string name="Name" value="Middle1_MiddleDeck2"/>
				<string name="TypHL" value="Hull"/>
				<string name="UnitName" value="Barham"/>
			</object>
			<object name="QB934">
				<integer name="Country" value="3"/>
				<float name="ER" value="500."/>
				<string name="Hull" value="Std_RAMP"/>
				<string name="Name" value="Middle1_RAMP"/>
				<string name="TypHL" value="Hull"/>
				<string name="UnitName" value="Barham"/>
			</object>
			<object name="QB935">
				<integer name="Country" value="3"/>
				<float name="ER" value="500."/>
				<string name="Hull" value="Queen_Rbelt_Lower"/>
				<string name="Name" value="Middle1_RBelt_Lower"/>
				<string name="TypHL" value="Hull"/>
				<string name="UnitName" value="Barham"/>
			</object>
			<object name="QB936">
				<integer name="Country" value="3"/>
				<float name="ER" value="500."/>
				<string name="Hull" value="Queen_Rbelt_Upper"/>
				<string name="Name" value="Middle1_RBelt_Upper"/>
				<string name="TypHL" value="Hull"/>
				<string name="UnitName" value="Barham"/>
			</object>
			<object name="QB937">
				<integer name="Country" value="3"/>
				<float name="ER" value="500."/>
				<string name="Hull" value="Std_Rboard"/>
				<string name="Name" value="Middle1_RBoard"/>
				<string name="TypHL" value="Hull"/>
				<string name="UnitName" value="Barham"/>
			</object>
			<object name="QB938">
				<integer name="Country" value="3"/>
				<float name="ER" value="500."/>
				<string name="Hull" value="Std_Bottom"/>
				<string name="Name" value="Middle1_RBottom"/>
				<string name="TypHL" value="Hull"/>
				<string name="UnitName" value="Barham"/>
			</object>
			<object name="QB939">
				<integer name="Country" value="3"/>
				<float name="ER" value="500."/>
				<string name="Hull" value="Std_UpperHull"/>
				<string name="Name" value="Middle1_UpperDeck"/>
				<string name="TypHL" value="Hull"/>
				<string name="UnitName" value="Barham"/>
			</object>
			<object name="QB940">
				<integer name="Country" value="3"/>
				<float name="ER" value="500."/>
				<string name="Hull" value="Std_Hull"/>
				<string name="Name" value="Middle3_LoweDeck"/>
				<string name="TypHL" value="Hull"/>
				<string name="UnitName" value="Barham"/>
			</object>
			<object name="QB941">
				<integer name="Country" value="3"/>
				<float name="ER" value="500."/>
				<string name="Hull" value="Std_Hull"/>
				<string name="Name" value="Middle3_MiddleDeck1_left"/>
				<string name="TypHL" value="Hull"/>
				<string name="UnitName" value="Barham"/>
			</object>
			<object name="QB942">
				<integer name="Country" value="3"/>
				<float name="ER" value="500."/>
				<string name="Hull" value="Std_Boiler"/>
				<string name="Name" value="Boiler3"/>
				<string name="TypHL" value="Boiler"/>
				<string name="UnitName" value="Barham"/>
			</object>
			<object name="QB943">
				<integer name="Country" value="3"/>
				<float name="ER" value="500."/>
				<string name="Hull" value="Std_Hull"/>
				<string name="Name" value="Middle3_MiddleDeck1_Middle"/>
				<string name="TypHL" value="Hull"/>
				<string name="UnitName" value="Barham"/>
			</object>
			<object name="QB944">
				<string name="ConnectName" value="Boiler1;Boiler2;Boiler3;Boiler4;"/>
				<integer name="Country" value="3"/>
				<float name="ER" value="500."/>
				<string name="Hull" value="Std_Engine"/>
				<string name="Name" value="Turbine1"/>
				<string name="TypHL" value="Engine"/>
				<string name="UnitName" value="Barham"/>
			</object>
			<object name="QB945">
				<integer name="Country" value="3"/>
				<float name="ER" value="500."/>
				<string name="Hull" value="Std_Hull"/>
				<string name="Name" value="Middle3_MiddleDeck1_Right"/>
				<string name="TypHL" value="Hull"/>
				<string name="UnitName" value="Barham"/>
			</object>
			<object name="QB946">
				<integer name="Country" value="3"/>
				<float name="ER" value="500."/>
				<string name="Hull" value="Std_Boiler"/>
				<string name="Name" value="Boiler4"/>
				<string name="TypHL" value="Boiler"/>
				<string name="UnitName" value="Barham"/>
			</object>
			<object name="QB947">
				<integer name="Country" value="3"/>
				<float name="ER" value="500."/>
				<string name="Hull" value="Queen_MiddleDeck"/>
				<string name="Name" value="Middle3_MiddleDeck2_Left"/>
				<string name="TypHL" value="Hull"/>
				<string name="UnitName" value="Barham"/>
			</object>
			<object name="QB948">
				<integer name="Country" value="3"/>
				<float name="ER" value="500."/>
				<string name="Hull" value="Queen_MiddleDeck"/>
				<string name="Name" value="Middle3_MiddleDeck2_Middle"/>
				<string name="TypHL" value="Hull"/>
				<string name="UnitName" value="Barham"/>
			</object>
			<object name="QB949">
				<integer name="Country" value="3"/>
				<float name="ER" value="500."/>
				<string name="Hull" value="Queen_MiddleDeck"/>
				<string name="Name" value="Middle3_MiddleDeck2_Right"/>
				<string name="TypHL" value="Hull"/>
				<string name="UnitName" value="Barham"/>
			</object>
			<object name="QB950">
				<integer name="Country" value="3"/>
				<float name="ER" value="500."/>
				<string name="Hull" value="Std_UpperHull"/>
				<string name="Name" value="Middle3_Deck"/>
				<string name="TypHL" value="Hull"/>
				<string name="UnitName" value="Barham"/>
			</object>
			<object name="QB951">
				<integer name="Country" value="3"/>
				<float name="ER" value="500."/>
				<string name="Hull" value="Std_LAMP"/>
				<string name="Name" value="Middle3_LAMP"/>
				<string name="TypHL" value="Hull"/>
				<string name="UnitName" value="Barham"/>
			</object>
			<object name="QB952">
				<integer name="Country" value="3"/>
				<float name="ER" value="500."/>
				<string name="Hull" value="Queen_LBelt_Lower"/>
				<string name="Name" value="Middle3_LBelt_Lower"/>
				<string name="TypHL" value="Hull"/>
				<string name="UnitName" value="Barham"/>
			</object>
			<object name="QB953">
				<integer name="Country" value="3"/>
				<float name="ER" value="500."/>
				<string name="Hull" value="Queen_Lbelt_Upper"/>
				<string name="Name" value="Middle3_LBelt_Upper"/>
				<string name="TypHL" value="Hull"/>
				<string name="UnitName" value="Barham"/>
			</object>
			<object name="QB954">
				<integer name="Country" value="3"/>
				<float name="ER" value="500."/>
				<string name="Hull" value="Std_Lboard"/>
				<string name="Name" value="Middle3_LBoard"/>
				<string name="TypHL" value="Hull"/>
				<string name="UnitName" value="Barham"/>
			</object>
			<object name="QB955">
				<integer name="Country" value="3"/>
				<float name="ER" value="500."/>
				<string name="Hull" value="Std_Bottom"/>
				<string name="Name" value="Middle3_LBottom"/>
				<string name="TypHL" value="Hull"/>
				<string name="UnitName" value="Barham"/>
			</object>
			<object name="QB956">
				<integer name="Country" value="3"/>
				<float name="ER" value="500."/>
				<string name="Hull" value="Std_RAMP"/>
				<string name="Name" value="Middle3_RAMP"/>
				<string name="TypHL" value="Hull"/>
				<string name="UnitName" value="Barham"/>
			</object>
			<object name="QB957">
				<integer name="Country" value="3"/>
				<float name="ER" value="500."/>
				<string name="Hull" value="Queen_LBelt_Lower"/>
				<string name="Name" value="Middle3_RBelt_Lower"/>
				<string name="TypHL" value="Hull"/>
				<string name="UnitName" value="Barham"/>
			</object>
			<object name="QB958">
				<integer name="Country" value="3"/>
				<float name="ER" value="500."/>
				<string name="Hull" value="Queen_Lbelt_Upper"/>
				<string name="Name" value="Middle3_RBelt_Upper"/>
				<string name="TypHL" value="Hull"/>
				<string name="UnitName" value="Barham"/>
			</object>
			<object name="QB960">
				<integer name="Country" value="3"/>
				<float name="ER" value="500."/>
				<string name="Hull" value="Std_Rboard"/>
				<string name="Name" value="Middle3_RBoard"/>
				<string name="TypHL" value="Hull"/>
				<string name="UnitName" value="Barham"/>
			</object>
			<object name="QB961">
				<integer name="Country" value="3"/>
				<float name="ER" value="500."/>
				<string name="Hull" value="Std_Bottom"/>
				<string name="Name" value="Middle3_RBottom"/>
				<string name="TypHL" value="Hull"/>
				<string name="UnitName" value="Barham"/>
			</object>
			<object name="QB962">
				<integer name="Country" value="3"/>
				<float name="ER" value="500."/>
				<string name="Hull" value="Std_UpperHull"/>
				<string name="Name" value="Middle3_UpperDeck"/>
				<string name="TypHL" value="Hull"/>
				<string name="UnitName" value="Barham"/>
			</object>
			<object name="QB963">
				<integer name="Country" value="3"/>
				<float name="ER" value="500."/>
				<string name="Hull" value="Queen_Barbet"/>
				<string name="Name" value="Barbet_4"/>
				<string name="TypHL" value="AmmoStore"/>
				<string name="UnitName" value="Barham"/>
			</object>
			<object name="QB965">
				<integer name="Country" value="3"/>
				<float name="ER" value="500."/>
				<string name="Hull" value="Queen_Barbet"/>
				<string name="Name" value="Barbet_3"/>
				<string name="TypHL" value="AmmoStore"/>
				<string name="UnitName" value="Barham"/>
			</object>
			<object name="QB967">
				<integer name="Country" value="3"/>
				<float name="ER" value="500."/>
				<string name="Hull" value="Std_LAMP"/>
				<string name="Name" value="Stern1_LAMP"/>
				<string name="TypHL" value="Hull"/>
				<string name="UnitName" value="Barham"/>
			</object>
			<object name="QB968">
				<integer name="Country" value="3"/>
				<float name="ER" value="500."/>
				<string name="Hull" value="Queen_LBelt_Lower"/>
				<string name="Name" value="Stern1_LBelt_Lower"/>
				<string name="TypHL" value="Hull"/>
				<string name="UnitName" value="Barham"/>
			</object>
			<object name="QB969">
				<integer name="Country" value="3"/>
				<float name="ER" value="500."/>
				<string name="Hull" value="Queen_Lbelt_Upper"/>
				<string name="Name" value="Stern1_LBelt_Upper"/>
				<string name="TypHL" value="Hull"/>
				<string name="UnitName" value="Barham"/>
			</object>
			<object name="QB970">
				<integer name="Country" value="3"/>
				<float name="ER" value="500."/>
				<string name="Hull" value="Std_Boiler"/>
				<string name="Name" value="Stern1_LBottom"/>
				<string name="TypHL" value="Hull"/>
				<string name="UnitName" value="Barham"/>
			</object>
			<object name="QB971">
				<integer name="Country" value="3"/>
				<float name="ER" value="500."/>
				<string name="Hull" value="Std_Hull"/>
				<string name="Name" value="Stern1_LowerDeck"/>
				<string name="TypHL" value="Hull"/>
				<string name="UnitName" value="Barham"/>
			</object>
			<object name="QB972">
				<integer name="Country" value="3"/>
				<float name="ER" value="500."/>
				<string name="Hull" value="Std_FuelTank"/>
				<string name="Name" value="Stern1_FuelTank1"/>
				<string name="TypHL" value="FuelTank"/>
				<string name="UnitName" value="Barham"/>
			</object>
			<object name="QB973">
				<integer name="Country" value="3"/>
				<float name="ER" value="500."/>
				<string name="Hull" value="Std_FuelTank"/>
				<string name="Name" value="Stern1_Fueltank2"/>
				<string name="TypHL" value="FuelTank"/>
				<string name="UnitName" value="Barham"/>
			</object>
			<object name="QB974">
				<integer name="Country" value="3"/>
				<float name="ER" value="500."/>
				<string name="Hull" value="Std_FuelTank"/>
				<string name="Name" value="Stern1_Fueltank3"/>
				<string name="TypHL" value="FuelTank"/>
				<string name="UnitName" value="Barham"/>
			</object>
			<object name="QB975">
				<integer name="Country" value="3"/>
				<float name="ER" value="500."/>
				<string name="Hull" value="Queen_AmmoStore_Type2"/>
				<string name="Name" value="AmmoStore3_2"/>
				<string name="TypHL" value="AmmoStore"/>
				<string name="UnitName" value="Barham"/>
			</object>
			<object name="QB976">
				<integer name="Country" value="3"/>
				<float name="ER" value="500."/>
				<string name="Hull" value="Queen_AmmoStore_Type2"/>
				<string name="Name" value="AmmStore4_2"/>
				<string name="TypHL" value="AmmoStore"/>
				<string name="UnitName" value="Barham"/>
			</object>
			<object name="QB977">
				<integer name="Country" value="3"/>
				<float name="ER" value="500."/>
				<string name="Hull" value="Std_RAMP"/>
				<string name="Name" value="Stern1_RAMP"/>
				<string name="TypHL" value="Hull"/>
				<string name="UnitName" value="Barham"/>
			</object>
			<object name="QB978">
				<integer name="Country" value="3"/>
				<float name="ER" value="500."/>
				<string name="Hull" value="Queen_Rbelt_Lower"/>
				<string name="Name" value="Stern1_RBelt_Lower"/>
				<string name="TypHL" value="Hull"/>
				<string name="UnitName" value="Barham"/>
			</object>
			<object name="QB979">
				<integer name="Country" value="3"/>
				<float name="ER" value="500."/>
				<string name="Hull" value="Queen_Rbelt_Upper"/>
				<string name="Name" value="Stern1_RBelt_Upper"/>
				<string name="TypHL" value="Hull"/>
				<string name="UnitName" value="Barham"/>
			</object>
			<object name="QB980">
				<integer name="Country" value="3"/>
				<float name="ER" value="500."/>
				<string name="Hull" value="Std_Bottom"/>
				<string name="Name" value="Stern1_RBottom"/>
				<string name="TypHL" value="Hull"/>
				<string name="UnitName" value="Barham"/>
			</object>
			<object name="QB981">
				<integer name="Country" value="3"/>
				<float name="ER" value="500."/>
				<string name="Hull" value="Queen_MiddleDeck"/>
				<string name="Name" value="Stern1_UpperDeck"/>
				<string name="TypHL" value="Hull"/>
				<string name="UnitName" value="Barham"/>
			</object>
			<object name="QB982">
				<integer name="Country" value="3"/>
				<float name="ER" value="500."/>
				<string name="Hull" value="Std_LAMP"/>
				<string name="Name" value="Middle4_LAMP"/>
				<string name="TypHL" value="Hull"/>
				<string name="UnitName" value="Barham"/>
			</object>
			<object name="QB983">
				<integer name="Country" value="3"/>
				<float name="ER" value="500."/>
				<string name="Hull" value="Queen_LBelt_Lower"/>
				<string name="Name" value="Middle4_LBelt_Lower"/>
				<string name="TypHL" value="Hull"/>
				<string name="UnitName" value="Barham"/>
			</object>
			<object name="QB984">
				<integer name="Country" value="3"/>
				<float name="ER" value="500."/>
				<string name="Hull" value="Queen_Lbelt_Upper"/>
				<string name="Name" value="Middle4_LBelt_Upper"/>
				<string name="TypHL" value="Hull"/>
				<string name="UnitName" value="Barham"/>
			</object>
			<object name="QB985">
				<integer name="Country" value="3"/>
				<float name="ER" value="500."/>
				<string name="Hull" value="Std_Bottom"/>
				<string name="Name" value="Middle4_LBottom"/>
				<string name="TypHL" value="Hull"/>
				<string name="UnitName" value="Barham"/>
			</object>
			<object name="QB986">
				<integer name="Country" value="3"/>
				<float name="ER" value="500."/>
				<string name="Hull" value="Std_Hull"/>
				<string name="Name" value="Middle4_LowerDeck"/>
				<string name="TypHL" value="Hull"/>
				<string name="UnitName" value="Barham"/>
			</object>
			<object name="QB987">
				<string name="ConnectName" value="Turbine1;Turbine2;Turbine3;"/>
				<integer name="Country" value="3"/>
				<float name="ER" value="500."/>
				<string name="Hull" value="Std_Engine"/>
				<string name="Name" value="Middle4_Engine2"/>
				<string name="TypHL" value="Engine"/>
				<string name="UnitName" value="Barham"/>
			</object>
			<object name="QB988">
				<string name="ConnectName" value="Turbine1;Turbine2;Turbine3;"/>
				<integer name="Country" value="3"/>
				<float name="ER" value="500."/>
				<string name="Hull" value="Std_Engine"/>
				<string name="Name" value="Middle4_Engine4"/>
				<string name="TypHL" value="Engine"/>
				<string name="UnitName" value="Barham"/>
			</object>
			<object name="QB989">
				<string name="ConnectName" value="Turbine1;Turbine2;Turbine3"/>
				<integer name="Country" value="3"/>
				<float name="ER" value="500."/>
				<string name="Hull" value="Std_Engine"/>
				<string name="Name" value="Middle4_Engine3"/>
				<string name="TypHL" value="Engine"/>
				<string name="UnitName" value="Barham"/>
			</object>
			<object name="QB990">
				<string name="ConnectName" value="Turbine1;Turbine2;Turbine3;"/>
				<integer name="Country" value="3"/>
				<float name="ER" value="500."/>
				<string name="Hull" value="Std_Engine"/>
				<string name="Name" value="Middle4_Engine1"/>
				<string name="TypHL" value="Engine"/>
				<string name="UnitName" value="Barham"/>
			</object>
			<object name="QB991">
				<integer name="Country" value="3"/>
				<float name="ER" value="500."/>
				<string name="Hull" value="Std_RAMP"/>
				<string name="Name" value="Middle4_RAMP"/>
				<string name="TypHL" value="Hull"/>
				<string name="UnitName" value="Barham"/>
			</object>
			<object name="QB992">
				<integer name="Country" value="3"/>
				<float name="ER" value="500."/>
				<string name="Hull" value="Queen_Rbelt_Lower"/>
				<string name="Name" value="Middle4_RBelt_Lower"/>
				<string name="TypHL" value="Hull"/>
				<string name="UnitName" value="Barham"/>
			</object>
			<object name="QB993">
				<integer name="Country" value="3"/>
				<float name="ER" value="500."/>
				<string name="Hull" value="Queen_Rbelt_Upper"/>
				<string name="Name" value="Middle4_RBelt_Upper"/>
				<string name="TypHL" value="Hull"/>
				<string name="UnitName" value="Barham"/>
			</object>
			<object name="QB994">
				<integer name="Country" value="3"/>
				<float name="ER" value="500."/>
				<string name="Hull" value="Std_Bottom"/>
				<string name="Name" value="Middle4_RBottom"/>
				<string name="TypHL" value="Hull"/>
				<string name="UnitName" value="Barham"/>
			</object>
			<object name="QB995">
				<integer name="Country" value="3"/>
				<float name="ER" value="500."/>
				<string name="Hull" value="Std_UpperHull"/>
				<string name="Name" value="Middle4_UpperDeck"/>
				<string name="TypHL" value="Hull"/>
				<string name="UnitName" value="Barham"/>
			</object>
			<object name="QB996">
				<string name="ConnectName" value="Middle4_Engine1"/>
				<integer name="Country" value="3"/>
				<float name="ER" value="500."/>
				<string name="Hull" value="Std_Mover"/>
				<string name="Name" value="Mover1"/>
				<string name="TypHL" value="Mover"/>
				<string name="UnitName" value="Barham"/>
			</object>
			<object name="QB997">
				<string name="ConnectName" value="Middle4_Engine2"/>
				<integer name="Country" value="3"/>
				<float name="ER" value="500."/>
				<string name="Hull" value="Std_Mover"/>
				<string name="Name" value="Mover2"/>
				<string name="TypHL" value="Mover"/>
				<string name="UnitName" value="Barham"/>
			</object>
			<object name="QB998">
				<string name="ConnectName" value="Middle4_Engine3"/>
				<integer name="Country" value="3"/>
				<float name="ER" value="500."/>
				<string name="Hull" value="Std_Mover"/>
				<string name="Name" value="Mover3"/>
				<string name="TypHL" value="Mover"/>
				<string name="UnitName" value="Barham"/>
			</object>
			<object name="QB999">
				<string name="ConnectName" value="Middle4_Engine4"/>
				<integer name="Country" value="3"/>
				<float name="ER" value="500."/>
				<string name="Hull" value="Std_Mover"/>
				<string name="Name" value="Mover4"/>
				<string name="TypHL" value="Mover"/>
				<string name="UnitName" value="Barham"/>
			</object>
		</object>
		<object name="ShipsNames">
			<object name="Barham">
				<string name="1" value="Barham"/>
			</object>
		</object>
		<object name="UnitsByType">
			<object name="1">
				<object name="Barham">
					<string name="ChildTable" value="Ships"/>
				</object>
			</object>
		</object>
	</object>
</root>
