﻿<?xml version = "1.0" encoding = "UTF-8"?>
<root>
	<object name = "SteelMonstersParams">
		<object name="Ships">
			<object name="Hyuga">
				<float name="AccelRate" value="1.e-004"/>
				<string name="Airgroup" value="Scout_Floatplane_Battleship_Division_Hyuga_japan"/>
				<integer name="AirplanesCount" value="22"/>
				<string name="AmmoLoadingTemplate" value="Ammo 300"/>
				<boolean name="BoatsTransportationAbility" value="false"/>
				<integer name="CabinArmor" value="370"/>
				<boolean name="CanBeChanged" value="true"/>
				<boolean name="CanUseTorpedos" value="false"/>
				<string name="CatapultAirgroupDefaultUnit" value="F1M"/>
				<integer name="Country" value="2"/>
				<integer name="Crew" value="1800"/>
				<float name="CriticalCareen" value="37."/>
				<float name="CriticalDFT" value="2.9"/>
				<float name="CriticalDifferent" value="5."/>
				<float name="DTimeProd" value="140."/>
				<float name="DisplacementMax" value="38670."/>
				<float name="EPR" value="745."/>
				<float name="FireRisk" value="1500."/>
				<float name="Fuel" value="5113."/>
				<float name="HLShapeCoef" value="0.8"/>
				<integer name="HullArmorSide" value="305"/>
				<integer name="HullArmorTop" value="145"/>
				<float name="Iron" value="42000."/>
				<integer name="Length" value="215.8"/>
				<float name="MaxSpeed" value="25.3"/>
				<integer name="MinCrew" value="950"/>
				<float name="Money" value="30000."/>
				<float name="NTimeProd" value="350."/>
				<string name="Name" value="Hyuga"/>
				<boolean name="New" value="false"/>
				<integer name="Nuc_Dest_Prob" value="350"/>
				<integer name="Passengers" value="70"/>
				<boolean name="PlanesTransportationAbility" value="false"/>
				<float name="Range" value="17500."/>
				<integer name="Rank" value="2"/>
				<string name="SMU" value="Hyuga"/>
				<float name="Speed" value="16."/>
				<float name="StoreCapacity" value="2600."/>
				<boolean name="Transportable" value="false"/>
				<float name="TurnRate" value="7.e-004"/>
				<integer name="Type" value="1"/>
				<float name="Vitality" value="9000."/>
				<float name="VitalityAA" value="3000."/>
				<float name="Weight" value="36372."/>
				<integer name="Width" value="31.75"/>
				<integer name="Year" value="39"/>
			</object>
		</object>
		<object name="ShipsNames">
			<object name="Hyuga">
				<string name="1" value="Hyuga1"/>
			</object>
		</object>
		<object name="UnitsByType">
			<object name="1">
				<object name="Hyuga">
					<string name="ChildTable" value="Ships"/>
				</object>
			</object>
		</object>
	</object>
</root>
