﻿<?xml version="1.0" standalone="yes" ?>
<root>
	<object name="Prototypes">
		<object name="Ships">
			<object name="Scheer">
				<object name="Slots">
					<object name="TPort_Anton">
						<object name="SubSlots">
							<object name="TPort_Bruno">
								<integer name="icon_x" value="480"/>
								<integer name="icon_y" value="21"/>
							</object>
							<object name="TPort_Dora">
								<integer name="icon_x" value="249"/>
								<integer name="icon_y" value="85"/>
							</object>
						</object>
						<integer name="icon_x" value="161"/>
						<integer name="icon_y" value="15"/>
					</object>
					<object name="TPort_TORPR">
						<object name="SubSlots">
							<object name="TPort_TORPL">
								<integer name="icon_x" value="272"/>
								<integer name="icon_y" value="16"/>
							</object>
						</object>
						<integer name="icon_x" value="498"/>
						<integer name="icon_y" value="15"/>
					</object>
					<object name="TPort_150mmSingleFR">
						<object name="SubSlots">
							<object name="TPort_150mmSingleFL">
								<integer name="icon_x" value="330"/>
								<integer name="icon_y" value="167"/>
							</object>
							<object name="TPort_150mmSingleF2R">
								<integer name="icon_x" value="340"/>
								<integer name="icon_y" value="167"/>
							</object>
							<object name="TPort_150mmSingleF2L">
								<integer name="icon_x" value="350"/>
								<integer name="icon_y" value="167"/>
							</object>
							<object name="TPort_150mmSingleBR">
								<integer name="icon_x" value="340"/>
								<integer name="icon_y" value="167"/>
							</object>
							<object name="TPort_150mmSingleBL">
								<integer name="icon_x" value="350"/>
								<integer name="icon_y" value="167"/>
							</object>
							<object name="TPort_150mmSingleB2R">
								<integer name="icon_x" value="340"/>
								<integer name="icon_y" value="167"/>
							</object>
							<object name="TPort_150mmSingleB2L">
								<integer name="icon_x" value="350"/>
								<integer name="icon_y" value="167"/>
							</object>
						</object>
						<integer name="icon_x" value="400"/>
						<integer name="icon_y" value="16"/>
					</object>
					<object name="TPort_AAQFR">
						<object name="SubSlots">
							<object name="TPort_AAQFL">
								<integer name="icon_x" value="420"/>
								<integer name="icon_y" value="191"/>
							</object>
							<object name="TPort_AAQBR">
								<integer name="icon_x" value="420"/>
								<integer name="icon_y" value="191"/>
							</object>
							<object name="TPort_AAQBL">
								<integer name="icon_x" value="420"/>
								<integer name="icon_y" value="191"/>
							</object>
						</object>
						<integer name="icon_x" value="22"/>
						<integer name="icon_y" value="91"/>
					</object>
					<object name="TPort_105mmFR">
						<object name="SubSlots">
							<object name="TPort_105mmFL">
								<integer name="icon_x" value="539"/>
								<integer name="icon_y" value="16"/>
							</object>
							<object name="TPort_105mmB">
								<integer name="icon_x" value="3"/>
								<integer name="icon_y" value="126"/>
							</object>
						</object>
						<integer name="icon_x" value="161"/>
						<integer name="icon_y" value="91"/>
					</object>
					<object name="TPort_AA20mmFR">
						<object name="SubSlots">
							<object name="TPort_AA20mmFL">
								<integer name="icon_x" value="225"/>
								<integer name="icon_y" value="119"/>
							</object>
							<object name="TPort_AA20mmBR">
								<integer name="icon_x" value="378"/>
								<integer name="icon_y" value="337"/>
							</object>
							<object name="TPort_AA20mmBL">
								<integer name="icon_x" value="110"/>
								<integer name="icon_y" value="22"/>
							</object> 
							<object name="TPort_AA20mmFFR">
								<integer name="icon_x" value="378"/>
								<integer name="icon_y" value="337"/>
							</object>
							<object name="TPort_AA20mmFFL">
								<integer name="icon_x" value="110"/>
								<integer name="icon_y" value="22"/>
							</object>
						</object>
						<integer name="icon_x" value="275"/>
						<integer name="icon_y" value="91"/>
					</object>
					<object name="TPort_AA37FR">
						<object name="SubSlots">
							<object name="TPort_AA37FL">
								<integer name="icon_x" value="58"/>
								<integer name="icon_y" value="190"/>
							</object>
							<object name="TPort_AA37BR">
								<integer name="icon_x" value="95"/>
								<integer name="icon_y" value="3"/>
							</object>
							<object name="TPort_AA37BL">
								<integer name="icon_x" value="136"/>
								<integer name="icon_y" value="3"/>
							</object>
						</object>
						<integer name="icon_x" value="395"/>
						<integer name="icon_y" value="91"/>
					</object>
					<object name="TPort_RFSFR">
						<object name="SubSlots">
							<object name="TPort_RFSFL">
								<integer name="icon_x" value="333"/>
								<integer name="icon_y" value="146"/>
							</object>
							<object name="TPort_RFSBR">
								<integer name="icon_x" value="335"/>
								<integer name="icon_y" value="146"/>
							</object>
							<object name="TPort_RFSBL">
								<integer name="icon_x" value="337"/>
								<integer name="icon_y" value="146"/>
							</object>
						</object>
						<integer name="icon_x" value="50"/>
						<integer name="icon_y" value="195"/>
					</object>

					<object name="TPort_RF01F">
						<object name="SubSlots">
							<object name="TPort_RF03BR">
								<integer name="icon_x" value="335"/>
								<integer name="icon_y" value="126"/>
							</object>
							<object name="TPort_RF04BL">
								<integer name="icon_x" value="337"/>
								<integer name="icon_y" value="126"/>
							</object>
						</object>
						<integer name="icon_x" value="190"/>
						<integer name="icon_y" value="185"/>
					</object>
					<object name="TPort_RF4mF">
						<integer name="icon_x" value="300"/>
						<integer name="icon_y" value="185"/>
					</object>
					<object name="TPort_RF4mB">
						<integer name="icon_x" value="400"/>
						<integer name="icon_y" value="185"/>
					</object>
					<object name="TPort_RF3mR">
						<object name="SubSlots">
							<object name="TPort_RF3mL">
								<integer name="icon_x" value="495"/>
								<integer name="icon_y" value="126"/>
							</object>
						</object>
						<integer name="icon_x" value="500"/>
						<integer name="icon_y" value="185"/>
					</object>
					<object name="TPort_RADAR1">
						<integer name="icon_x" value="250"/>
						<integer name="icon_y" value="260"/>
					</object>
					<object name="TPort_RADAR2">
						<integer name="icon_x" value="400"/>
						<integer name="icon_y" value="262"/>
					</object>
					<object name="TPort_KATAPULT">
						<integer name="icon_x" value="372"/>
						<integer name="icon_y" value="258"/>
					</object>
					<object name="TPort_KRANR">
						<object name="SubSlots">
							<object name="TPort_KRANL">
								<integer name="icon_x" value="331"/>
								<integer name="icon_y" value="126"/>
							</object>
							<object name="TPort_KRANMR">
								<integer name="icon_x" value="361"/>
								<integer name="icon_y" value="126"/>
							</object>
							<object name="TPort_KRANML">
								<integer name="icon_x" value="391"/>
								<integer name="icon_y" value="126"/>
							</object>
						</object>
						<integer name="icon_x" value="512"/>
						<integer name="icon_y" value="258"/>
					</object>
					<object name="ZPort_AAGunContr1">
						<integer name="icon_x" value="150"/>
						<integer name="icon_y" value="220"/>
					</object>
					<object name="ZPort_Bridge">
						<integer name="icon_x" value="44"/>
						<integer name="icon_y" value="3"/>
					</object>
					<object name="ZPort_FuelTank">
						<integer name="icon_x" value="85"/>
						<integer name="icon_y" value="3"/>
					</object>
					<object name="ZPort_Jammer_JS_A">
						<integer name="icon_x" value="126"/>
						<integer name="icon_y" value="275"/>
					</object>
					<object name="ZPort_Jammer_US_A1">
						<integer name="icon_x" value="554"/>
						<integer name="icon_y" value="277"/>
					</object>
					<object name="ZPort_MainGunContr">
						<integer name="icon_x" value="14"/>
						<integer name="icon_y" value="275"/>
					</object>
					<object name="ZPort_Radio">
						<integer name="icon_x" value="130"/>
						<integer name="icon_y" value="275"/>
					</object>
					<object name="ZPort_Rudder">
						<integer name="icon_x" value="290"/>
						<integer name="icon_y" value="3"/>
					</object>
					<object name="ZPort_Sonar">
						<integer name="icon_x" value="555"/>
						<integer name="icon_y" value="340"/>
					</object>
					<object name="ZPort_Sonar1">
						<integer name="icon_x" value="500"/>
						<integer name="icon_y" value="340"/>
					</object>
					<object name="ZPort_SteamTurbine_01">
						<integer name="icon_x" value="279"/>
						<integer name="icon_y" value="348"/>
					</object>
				</object>
			</object>
		</object>
	</object>
</root>