﻿<?xml version="1.0" standalone="yes" ?>
<root>
	<object name="SteelMonstersParams">
		<object name="Hit_Location">
			<object name="1x138mmTurret_LeFantasque_01">
				<integer name="Country" value="4"/>
				<float name="ER" value="70"/>
				<string name="Hull" value="Default"/>
				<string name="Name" value="Turret"/>
				<string name="TypHL" value="Hull"/>
				<string name="UnitName" value="1x138mmTurret_LeFantasque"/>
			</object>
			<object name="1x138mmTurret_LeFantasque_02">
				<integer name="Country" value="4"/>
				<integer name="Crew" value="1"/>
				<float name="ER" value="0.03"/>
				<string name="Hull" value="Default"/>
				<string name="Name" value="Crew"/>
				<string name="TypHL" value="Crew"/>
				<string name="UnitName" value="1x138mmTurret_LeFantasque"/>
			</object>
			<object name="1x138mmTurret_LeFantasque_03">
				<integer name="Country" value="4"/>
				<float name="ER" value="10"/>
				<string name="Name" value="AmmoStore"/>
				<string name="TypHL" value="AmmoStore"/>
				<string name="Hull" value="Default"/>
				<string name="UnitName" value="1x138mmTurret_LeFantasque"/>
			</object>
		</object>
		<object name="Rifles">
			<object name="1x138mmTurret_LeFantasque_Stvol">
				<float name="AARange" value="0."/>
				<string name="Ammo" value="Proj_138_F"/>
				<integer name="AmmoStorage" value="240"/>
				<float name="AmmoWeight" value="40.6"/>
				<string name="Common" value="Proj_138_F_Com"/>
				<float name="Caliber" value="138."/>
				<integer name="Country" value="4"/>
				<float name="Dispersion" value="7."/>
				<integer name="FinalSpeed" value="360"/>
				<string name="FireSound" value="Guns\152mm"/>
				<boolean name="IgnoreXMLFile" value="false"/>
				<float name="Money" value="7.8"/>
				<boolean name="New" value="false"/>
				<float name="ROF" value="7."/>
				<float name="Range" value="20.0"/>
				<boolean name="SLLauncher" value="false"/>
				<string name="SMU_File" value="1x138mmTurret_LeFantasque_Stvol"/>
				<integer name="StartSpeed" value="840"/>
				<integer name="Unreliability" value="0"/>
				<string name="Usage" value="Ships"/>
				<float name="Weight" value="4.21"/>
			</object>
		</object>
		<object name="Turrets">
			<object name="1x138mmTurret_LeFantasque">
				<integer name="Amount" value="1"/>
				<integer name="ArmorFront" value="25"/>
				<integer name="ArmorSide" value="25"/>
				<integer name="ArmorTop" value="25"/>
				<string name="Content" value="Rifles.1x138mmTurret_LeFantasque_Stvol"/>
				<integer name="Country" value="4"/>
				<integer name="Elevation" value="35"/>
				<integer name="ElevationRate" value="14"/>
				<boolean name="IgnoreXMLFile" value="false"/>
				<float name="Iron" value="27."/>
				<float name="Money" value="6."/>
				<boolean name="New" value="true"/>
				<boolean name="Production" value="true"/>
				<string name="Building" value="Artillery"/>
				<string name="Icon" value="Artillery"/>
				<float name="DTimeProd" value="7."/>
				<float name="NTimeProd" value="50."/>
				<integer name="QualityRate" value="4"/>
				<integer name="RotationRate" value="10"/>
				<string name="SMU_File" value="1x138mmTurret_LeFantasque"/>
				<string name="Type" value="Gun"/>
				<float name="Vitality" value="350."/>
				<float name="Weight" value="11.39"/>
			</object>
		</object>
	</object>
</root>