﻿<?xml version="1.0" standalone="yes" ?>
<root>
	<object name="Modifications">
		<object name="Ships">
			<object name="Illustrious2">
				<object name="Prototype">
					<string name="AAGunControl" value="Mark1R_AA"/>
					<float name="AAVolleyWeight" value="9.81359959"/>
					<float name="Aluminium" value="0."/>
					<float name="AmmoWeight" value="247.039948"/>
					<float name="Armour" value="0."/>
					<float name="FuelConsumption" value="6.1587472"/>
					<float name="FuelProtect" value="0."/>
					<string name="FullModName" value="Ships.Illustrious2.Prototype"/>
					<float name="Iron" value="27931.7227"/>
					<boolean name="IsJammer" value="false"/>
					<string name="MainGunControl" value="Mk_8_M"/>
					<float name="MaxFuel" value="4840."/>
					<float name="MaxSpeed" value="30.5"/>
					<float name="MinSpeed" value="0."/>
					<float name="Money" value="46578."/>
					<widestring name="Name" value="IIQ7BDsEMARBBEIEQAQ4BDAEQQQ="/>
					<float name="RadarRange" value="0."/>
					<float name="RadioGain" value="32258.0645"/>
					<float name="RadioPowerHF" value="100."/>
					<float name="RadioPowerVHF" value="0."/>
					<float name="RadioSensitivityHF" value="3.10000009e-003"/>
					<float name="RadioSensitivityVHF" value="0."/>
					<object name="Slots">
						<object name="TPort_0">
							<string name="Device" value="Britain_Projector"/>
							<string name="Table" value="Turrets"/>
						</object>
						<object name="TPort_1">
							<string name="Device" value="Britain_Projector"/>
							<string name="Table" value="Turrets"/>
						</object>
						<object name="TPort_10">
							<string name="Device" value=""/>
							<string name="Table" value="Turrets"/>
						</object>
						<object name="TPort_11">
							<string name="Device" value=""/>
							<string name="Table" value="Turrets"/>
						</object>
						<object name="TPort_12">
							<string name="Device" value=""/>
							<string name="Table" value="Turrets"/>
						</object>
						<object name="TPort_13">
							<string name="Device" value=""/>
							<string name="Table" value="Turrets"/>
						</object>
						<object name="TPort_14">
							<string name="Device" value=""/>
							<string name="Table" value="Turrets"/>
						</object>
						<object name="TPort_15">
							<string name="Device" value=""/>
							<string name="Table" value="Turrets"/>
						</object>
						<object name="TPort_16">
							<string name="Device" value=""/>
							<string name="Table" value="Turrets"/>
						</object>
						<object name="TPort_17">
							<string name="Device" value=""/>
							<string name="Table" value="Turrets"/>
						</object>
						<object name="TPort_18">
							<string name="Device" value=""/>
							<string name="Table" value="Turrets"/>
						</object>
						<object name="TPort_19">
							<string name="Device" value=""/>
							<string name="Table" value="Turrets"/>
						</object>
						<object name="TPort_2">
							<string name="Device" value="Britain_Projector"/>
							<string name="Table" value="Turrets"/>
						</object>
						<object name="TPort_20">
							<string name="Device" value="Hood_Gun_40x8_Turret"/>
							<string name="Table" value="Turrets"/>
						</object>
						<object name="TPort_21">
							<string name="Device" value="Hood_Gun_40x8_Turret"/>
							<string name="Table" value="Turrets"/>
						</object>
						<object name="TPort_22">
							<string name="Device" value="Hood_Gun_40x8_Turret"/>
							<string name="Table" value="Turrets"/>
						</object>
						<object name="TPort_23">
							<string name="Device" value="Hood_Gun_40x8_Turret"/>
							<string name="Table" value="Turrets"/>
						</object>
						<object name="TPort_24">
							<string name="Device" value="Hood_Gun_40x8_Turret"/>
							<string name="Table" value="Turrets"/>
						</object>
						<object name="TPort_25">
							<string name="Device" value="Hood_Gun_40x8_Turret"/>
							<string name="Table" value="Turrets"/>
						</object>
						<object name="TPort_26">
							<string name="Device" value="Illustrias_Gun_114_Turret"/>
							<string name="Table" value="Turrets"/>
						</object>
						<object name="TPort_27">
							<string name="Device" value="Illustrias_Gun_114_Turret"/>
							<string name="Table" value="Turrets"/>
						</object>
						<object name="TPort_28">
							<string name="Device" value="Illustrias_Gun_114_Turret"/>
							<string name="Table" value="Turrets"/>
						</object>
						<object name="TPort_29">
							<string name="Device" value="Illustrias_Gun_114_Turret"/>
							<string name="Table" value="Turrets"/>
						</object>
						<object name="TPort_3">
							<string name="Device" value="Britain_Projector"/>
							<string name="Table" value="Turrets"/>
						</object>
						<object name="TPort_30">
							<string name="Device" value="Illustrias_Gun_114_Turret"/>
							<string name="Table" value="Turrets"/>
						</object>
						<object name="TPort_31">
							<string name="Device" value="Illustrias_Gun_114_Turret"/>
							<string name="Table" value="Turrets"/>
						</object>
						<object name="TPort_32">
							<string name="Device" value="Illustrias_Gun_114_Turret"/>
							<string name="Table" value="Turrets"/>
						</object>
						<object name="TPort_33">
							<string name="Device" value="Illustrias_Gun_114_Turret"/>
							<string name="Table" value="Turrets"/>
						</object>
						<object name="TPort_34">
							<string name="Device" value="Hood_RF_9feet_1V"/>
							<string name="Table" value="Turrets"/>
						</object>
						<object name="TPort_35">
							<string name="Device" value="Hood_RF_9feet_1V"/>
							<string name="Table" value="Turrets"/>
						</object>
						<object name="TPort_36">
							<string name="Device" value="Hood_RF_9feet_1V"/>
							<string name="Table" value="Turrets"/>
						</object>
						<object name="TPort_37">
							<string name="Device" value="Hood_RF_9feet_1V"/>
							<string name="Table" value="Turrets"/>
						</object>
						<object name="TPort_38">
							<string name="Device" value="RangeFinder_Mk52"/>
							<string name="Table" value="Turrets"/>
						</object>
						<object name="TPort_39">
							<string name="Device" value="RangeFinder_Mk52"/>
							<string name="Table" value="Turrets"/>
						</object>
						<object name="TPort_4">
							<string name="Device" value="Britain_Projector"/>
							<string name="Table" value="Turrets"/>
						</object>
						<object name="TPort_40">
							<string name="Device" value="RangeFinder_Mk52"/>
							<string name="Table" value="Turrets"/>
						</object>
						<object name="TPort_41">
							<string name="Device" value="RangeFinder_Mk52"/>
							<string name="Table" value="Turrets"/>
						</object>
						<object name="TPort_42">
							<string name="Device" value="RangeFinder_Mk52"/>
							<string name="Table" value="Turrets"/>
						</object>
						<object name="TPort_43">
							<string name="Device" value="Vint_Fletcher"/>
							<string name="Table" value="Radars"/>
						</object>
						<object name="TPort_44">
							<string name="Device" value="Vint_Fletcher"/>
							<string name="Table" value="Radars"/>
						</object>
						<object name="TPort_45">
							<string name="Device" value="Vint_Fletcher"/>
							<string name="Table" value="Radars"/>
						</object>
						<object name="TPort_5">
							<string name="Device" value="Britain_Projector"/>
							<string name="Table" value="Turrets"/>
						</object>
						<object name="TPort_6">
							<string name="Device" value="Britain_Projector"/>
							<string name="Table" value="Turrets"/>
						</object>
						<object name="TPort_7">
							<string name="Device" value="Britain_Projector"/>
							<string name="Table" value="Turrets"/>
						</object>
						<object name="TPort_8">
							<string name="Device" value="Britain_Projector"/>
							<string name="Table" value="Turrets"/>
						</object>
						<object name="TPort_9">
							<string name="Device" value=""/>
							<string name="Table" value="Turrets"/>
						</object>
						<object name="TPort_Airstrip">
							<string name="Device" value="airstrip_illustrias"/>
							<string name="Table" value="Airstrip"/>
						</object>
						<object name="ZPort_AAGunContr1">
							<string name="Device" value="Mark1R_AA"/>
							<string name="Table" value="AimSystems"/>
						</object>
						<object name="ZPort_Jammer_US_A1">
							<string name="Device" value=""/>
							<string name="Table" value=""/>
						</object>
						<object name="ZPort_MainGunContr">
							<string name="Device" value="Mk_8_M"/>
							<string name="Table" value="AimSystems"/>
						</object>
						<object name="ZPort_Radio">
							<string name="Device" value="TBL7"/>
							<string name="Table" value="Probes"/>
						</object>
						<object name="ZPort_Sonar">
							<string name="Device" value="SearchLight_E"/>
							<string name="Table" value="Probes"/>
						</object>
						<object name="ZPort_SteamTurbine_01">
							<string name="Device" value="MPP_Illustrious"/>
							<string name="Table" value="Engins"/>
						</object>
					</object>
					<string name="Sonar" value="SearchLight_E"/>
					<float name="Speed" value="14."/>
					<string name="SuperRifles" value=""/>
					<float name="VolleyWeight" value="4.79040003"/>
					<float name="Weight" value="30153.2227"/>
				</object>
			</object>
		</object>
	</object>
</root>