﻿<?xml version="1.0" standalone="yes" ?>
<root>
	<object name="Prototypes">
		<object name="Ships">
			<object name="Illustrious2">
				<object name="Slots">
					<object name="TPort_25">
						<integer name="icon_x" value="165"/>
						<integer name="icon_y" value="19"/>
						<object name="SubSlots">
							<object name="TPort_20">
								<integer name="icon_x" value="3"/>
								<integer name="icon_y" value="44"/>
							</object>
							<object name="TPort_21">
								<integer name="icon_x" value="44"/>
								<integer name="icon_y" value="44"/>
							</object>
							<object name="TPort_22">
								<integer name="icon_x" value="85"/>
								<integer name="icon_y" value="44"/>
							</object>
							<object name="TPort_23">
								<integer name="icon_x" value="126"/>
								<integer name="icon_y" value="44"/>
							</object>
							<object name="TPort_24">
								<integer name="icon_x" value="167"/>
								<integer name="icon_y" value="44"/>
							</object>
						</object>
					</object>
					<object name="TPort_33">
						<integer name="icon_x" value="16"/>
						<integer name="icon_y" value="18"/>
						<object name="SubSlots">
							<object name="TPort_26">
								<integer name="icon_x" value="249"/>
								<integer name="icon_y" value="44"/>
							</object>
							<object name="TPort_27">
								<integer name="icon_x" value="290"/>
								<integer name="icon_y" value="44"/>
							</object>
							<object name="TPort_28">
								<integer name="icon_x" value="331"/>
								<integer name="icon_y" value="44"/>
							</object>
							<object name="TPort_29">
								<integer name="icon_x" value="372"/>
								<integer name="icon_y" value="44"/>
							</object>
							<object name="TPort_30">
								<integer name="icon_x" value="454"/>
								<integer name="icon_y" value="44"/>
							</object>
							<object name="TPort_31">
								<integer name="icon_x" value="495"/>
								<integer name="icon_y" value="44"/>
							</object>
							<object name="TPort_32">
								<integer name="icon_x" value="3"/>
								<integer name="icon_y" value="85"/>
							</object>
						</object>
					</object>
					<object name="TPort_37">
						<integer name="icon_x" value="10"/>
						<integer name="icon_y" value="201"/>
						<object name="SubSlots">
							<object name="TPort_34">
								<integer name="icon_x" value="85"/>
								<integer name="icon_y" value="85"/>
							</object>
							<object name="TPort_35">
								<integer name="icon_x" value="126"/>
								<integer name="icon_y" value="85"/>
							</object>
							<object name="TPort_36">
								<integer name="icon_x" value="167"/>
								<integer name="icon_y" value="85"/>
							</object>
						</object>
					</object>
					<object name="TPort_42">
						<integer name="icon_x" value="496"/>
						<integer name="icon_y" value="201"/>
						<object name="SubSlots">
							<object name="TPort_38">
								<integer name="icon_x" value="249"/>
								<integer name="icon_y" value="85"/>
							</object>
							<object name="TPort_39">
								<integer name="icon_x" value="290"/>
								<integer name="icon_y" value="85"/>
							</object>
							<object name="TPort_40">
								<integer name="icon_x" value="167"/>
								<integer name="icon_y" value="120"/>
								<object name="SubSlots"/>
							</object>
							<object name="TPort_41">
								<integer name="icon_x" value="392"/>
								<integer name="icon_y" value="122"/>
								<object name="SubSlots"/>
							</object>
						</object>
					</object>
					<object name="TPort_43">
						<integer name="icon_x" value="495"/>
						<integer name="icon_y" value="85"/>
					</object>
					<object name="TPort_44">
						<integer name="icon_x" value="3"/>
						<integer name="icon_y" value="126"/>
					</object>
					<object name="TPort_45">
						<integer name="icon_x" value="44"/>
						<integer name="icon_y" value="126"/>
					</object>
					<object name="TPort_8">
						<integer name="icon_x" value="480"/>
						<integer name="icon_y" value="21"/>
						<object name="SubSlots">
							<object name="TPort_0">
								<integer name="icon_x" value="3"/>
								<integer name="icon_y" value="3"/>
							</object>
							<object name="TPort_1">
								<integer name="icon_x" value="44"/>
								<integer name="icon_y" value="3"/>
							</object>
							<object name="TPort_2">
								<integer name="icon_x" value="495"/>
								<integer name="icon_y" value="3"/>
							</object>
							<object name="TPort_3">
								<integer name="icon_x" value="413"/>
								<integer name="icon_y" value="44"/>
							</object>
							<object name="TPort_4">
								<integer name="icon_x" value="331"/>
								<integer name="icon_y" value="85"/>
							</object>
							<object name="TPort_5">
								<integer name="icon_x" value="85"/>
								<integer name="icon_y" value="126"/>
							</object>
							<object name="TPort_6">
								<integer name="icon_x" value="126"/>
								<integer name="icon_y" value="126"/>
							</object>
							<object name="TPort_7">
								<integer name="icon_x" value="167"/>
								<integer name="icon_y" value="126"/>
							</object>
						</object>
					</object>
					<object name="TPort_9">
						<integer name="icon_x" value="326"/>
						<integer name="icon_y" value="20"/>
						<object name="SubSlots">
							<object name="TPort_10">
								<integer name="icon_x" value="85"/>
								<integer name="icon_y" value="3"/>
							</object>
							<object name="TPort_11">
								<integer name="icon_x" value="126"/>
								<integer name="icon_y" value="3"/>
							</object>
							<object name="TPort_12">
								<integer name="icon_x" value="321"/>
								<integer name="icon_y" value="21"/>
							</object>
							<object name="TPort_13">
								<integer name="icon_x" value="208"/>
								<integer name="icon_y" value="3"/>
							</object>
							<object name="TPort_14">
								<integer name="icon_x" value="249"/>
								<integer name="icon_y" value="3"/>
							</object>
							<object name="TPort_15">
								<integer name="icon_x" value="290"/>
								<integer name="icon_y" value="3"/>
							</object>
							<object name="TPort_16">
								<integer name="icon_x" value="331"/>
								<integer name="icon_y" value="3"/>
							</object>
							<object name="TPort_17">
								<integer name="icon_x" value="372"/>
								<integer name="icon_y" value="3"/>
							</object>
							<object name="TPort_18">
								<integer name="icon_x" value="413"/>
								<integer name="icon_y" value="3"/>
							</object>
							<object name="TPort_19">
								<integer name="icon_x" value="454"/>
								<integer name="icon_y" value="3"/>
							</object>
						</object>
					</object>
					<object name="TPort_Airstrip">
						<integer name="icon_x" value="290"/>
						<integer name="icon_y" value="126"/>
					</object>
					<object name="TPort_Airstrip1">
						<integer name="icon_x" value="331"/>
						<integer name="icon_y" value="126"/>
					</object>
					<object name="ZPort_AAGunContr1">
						<integer name="icon_x" value="390"/>
						<integer name="icon_y" value="202"/>
					</object>
					<object name="ZPort_Bridge">
						<integer name="icon_x" value="44"/>
						<integer name="icon_y" value="3"/>
					</object>
					<object name="ZPort_FuelTank">
						<integer name="icon_x" value="85"/>
						<integer name="icon_y" value="3"/>
					</object>
					<object name="ZPort_Jammer_JS_A">
						<integer name="icon_x" value="126"/>
						<integer name="icon_y" value="3"/>
					</object>
					<object name="ZPort_Jammer_US_A1">
						<integer name="icon_x" value="510"/>
						<integer name="icon_y" value="334"/>
					</object>
					<object name="ZPort_MainGunContr">
						<integer name="icon_x" value="186"/>
						<integer name="icon_y" value="201"/>
					</object>
					<object name="ZPort_Radio">
						<integer name="icon_x" value="301"/>
						<integer name="icon_y" value="201"/>
					</object>
					<object name="ZPort_Rudder">
						<integer name="icon_x" value="290"/>
						<integer name="icon_y" value="3"/>
					</object>
					<object name="ZPort_Sonar">
						<integer name="icon_x" value="16"/>
						<integer name="icon_y" value="330"/>
					</object>
					<object name="ZPort_Sonar1">
						<integer name="icon_x" value="372"/>
						<integer name="icon_y" value="3"/>
					</object>
					<object name="ZPort_SteamTurbine_01">
						<integer name="icon_x" value="251"/>
						<integer name="icon_y" value="335"/>
					</object>
				</object>
			</object>
		</object>
	</object>
</root>