﻿<?xml version="1.0" standalone="yes" ?>
<root>
	<object name="Modifications">
		<object name="Ships">
			<object name="Myoko">
				<object name="Prototype">
					<string name="AAGunControl" value="Aim_AA"/>
					<float name="AAVolleyWeight" value="4.29520082"/>
					<float name="Aluminium" value="0."/>
					<float name="AmmoWeight" value="235.991028"/>
					<float name="Armour" value="0."/>
					<float name="FuelConsumption" value="4.57165384"/>
					<float name="FuelProtect" value="0."/>
					<string name="FullModName" value="Ships.Myoko.Prototype"/>
					<float name="Iron" value="12672.8613"/>
 			        <boolean name="IsAvailable" value="false"/>
					<boolean name="IsJammer" value="false"/>
					<string name="MainGunControl" value="Typ94_M"/>
					<float name="MaxFuel" value="2214."/>
					<float name="MaxSpeed" value="33.8800011"/>
					<float name="MinSpeed" value="0."/>
					<float name="Money" value="28281.0938"/>
					<widestring name="Name" value="TQB5AG8AawBvAAA="/>
					<float name="RadarRange" value="100."/>
					<float name="RadioGain" value="32000."/>
					<float name="RadioPowerHF" value="160."/>
					<float name="RadioPowerVHF" value="0."/>
					<float name="RadioSensitivityHF" value="4.99999989e-003"/>
					<float name="RadioSensitivityVHF" value="0."/>
					<object name="Slots">
						<object name="TPort_K1">
							<string name="Device" value="K_Gun"/>
							<string name="Table" value="Rifles"/>
						</object>
						<object name="TPort_K2">
							<string name="Device" value="K_Gun"/>
							<string name="Table" value="Rifles"/>
						</object>
						<object name="TPort_01">
							<string name="Device" value="Myoko_Turret_203x2_1Var"/>
							<string name="Table" value="Turrets"/>
						</object>
						<object name="TPort_010">
							<string name="Device" value="Jap_Turret_25x1"/>
							<string name="Table" value="Turrets"/>
						</object>
						<object name="TPort_011">
							<string name="Device" value="Jap_Turret_25x1"/>
							<string name="Table" value="Turrets"/>
						</object>
						<object name="TPort_012">
							<string name="Device" value="Jap_Turret_25x1"/>
							<string name="Table" value="Turrets"/>
						</object>
						<object name="TPort_013">
							<string name="Device" value="Jap_Turret_25x1"/>
							<string name="Table" value="Turrets"/>
						</object>
						<object name="TPort_014">
							<string name="Device" value="Jap_Turret_25x1"/>
							<string name="Table" value="Turrets"/>
						</object>
						<object name="TPort_015">
							<string name="Device" value="Jap_Turret_25x1"/>
							<string name="Table" value="Turrets"/>
						</object>
						<object name="TPort_016">
							<string name="Device" value="Jap_Turret_25x1"/>
							<string name="Table" value="Turrets"/>
						</object>
						<object name="TPort_017">
							<string name="Device" value="Jap_Turret_25x1"/>
							<string name="Table" value="Turrets"/>
						</object>
						<object name="TPort_018">
							<string name="Device" value="Jap_Turret_25x1"/>
							<string name="Table" value="Turrets"/>
						</object>
						<object name="TPort_019">
							<string name="Device" value="Jap_Turret_25x1"/>
							<string name="Table" value="Turrets"/>
						</object>
						<object name="TPort_02">
							<string name="Device" value="Myoko_Turret_203x2_2Var"/>
							<string name="Table" value="Turrets"/>
						</object>
						<object name="TPort_020">
							<string name="Device" value="Jap_Turret_25x1"/>
							<string name="Table" value="Turrets"/>
						</object>
						<object name="TPort_021">
							<string name="Device" value="Jap_Turret_25x1"/>
							<string name="Table" value="Turrets"/>
						</object>
						<object name="TPort_022">
							<string name="Device" value="Jap_Turret_25x3"/>
							<string name="Table" value="Turrets"/>
						</object>
						<object name="TPort_023">
							<string name="Device" value="Jap_Turret_25x3"/>
							<string name="Table" value="Turrets"/>
						</object>
						<object name="TPort_024">
							<string name="Device" value="Jap_Turret_25x1"/>
							<string name="Table" value="Turrets"/>
						</object>
						<object name="TPort_025">
							<string name="Device" value="Jap_Turret_25x1"/>
							<string name="Table" value="Turrets"/>
						</object>
						<object name="TPort_026">
							<string name="Device" value="Jap_Turret_25x1"/>
							<string name="Table" value="Turrets"/>
						</object>
						<object name="TPort_027">
							<string name="Device" value="Jap_Turret_25x1"/>
							<string name="Table" value="Turrets"/>
						</object>
						<object name="TPort_028">
							<string name="Device" value="Jap_Turret_25x2"/>
							<string name="Table" value="Turrets"/>
						</object>
						<object name="TPort_029">
							<string name="Device" value="Jap_Turret_25x2"/>
							<string name="Table" value="Turrets"/>
						</object>
						<object name="TPort_03">
							<string name="Device" value="Myoko_Turret_203x2_3Var"/>
							<string name="Table" value="Turrets"/>
						</object>
						<object name="TPort_030">
							<string name="Device" value="Jap_Turret_25x2"/>
							<string name="Table" value="Turrets"/>
						</object>
						<object name="TPort_031">
							<string name="Device" value="Jap_Turret_25x2"/>
							<string name="Table" value="Turrets"/>
						</object>
						<object name="TPort_032">
							<string name="Device" value="Jap_Turret_25x2"/>
							<string name="Table" value="Turrets"/>
						</object>
						<object name="TPort_033">
							<string name="Device" value="Jap_Turret_25x2"/>
							<string name="Table" value="Turrets"/>
						</object>
						<object name="TPort_034">
							<string name="Device" value="Jap_Turret_25x3"/>
							<string name="Table" value="Turrets"/>
						</object>
						<object name="TPort_035">
							<string name="Device" value="Jap_Turret_25x3"/>
							<string name="Table" value="Turrets"/>
						</object>
						<object name="TPort_036">
							<string name="Device" value="Jap_Turret_25x2"/>
							<string name="Table" value="Turrets"/>
						</object>
						<object name="TPort_037">
							<string name="Device" value="Jap_Turret_25x2"/>
							<string name="Table" value="Turrets"/>
						</object>
				<object name="TPort_RF_Typ95_02_F1R">
							<string name="Device" value="Director_Typ95_Yamato_02"/>
							<string name="Table" value="Turrets"/>
						</object> 
						<object name="TPort_RF_Typ95_02_F1L">
							<string name="Device" value="Director_Typ95_Yamato_02"/>
							<string name="Table" value="Turrets"/>
						</object>
						<object name="TPort_RF_Typ95_02_B1R">
							<string name="Device" value="Director_Typ95_Yamato_02"/>
							<string name="Table" value="Turrets"/>
						</object> 
						<object name="TPort_RF_Typ95_02_B1L">
							<string name="Device" value="Director_Typ95_Yamato_02"/>
							<string name="Table" value="Turrets"/>
						</object>
						<object name="TPort_RF_Typ95_02_B2F">
							<string name="Device" value="Director_Typ95_Yamato_02"/>
							<string name="Table" value="Turrets"/>
						</object> 
						<object name="TPort_RF_Typ95_02_B2B">
							<string name="Device" value="Director_Typ95_Yamato_02"/>
							<string name="Table" value="Turrets"/>
						</object>
						<object name="TPort_038">
							<string name="Device" value="610mm_Jap_Torp_App_4x_Turret"/>
							<string name="Table" value="Turrets"/>
						</object>
						<object name="TPort_039">
							<string name="Device" value="610mm_Jap_Torp_App_4x_Turret"/>
							<string name="Table" value="Turrets"/>
						</object>
						<object name="TPort_04">
							<string name="Device" value="Myoko_Turret_203x2_1Var"/>
							<string name="Table" value="Turrets"/>
						</object>
						<object name="TPort_040">
							<string name="Device" value="610mm_Jap_Torp_App_4x_Turret"/>
							<string name="Table" value="Turrets"/>
						</object>
						<object name="TPort_041">
							<string name="Device" value="610mm_Jap_Torp_App_4x_Turret"/>
							<string name="Table" value="Turrets"/>
						</object>
						<object name="TPort_042">
							<string name="Device" value="Myoko_Optical_RF_1Var"/>
							<string name="Table" value="Turrets"/>
						</object>
						<object name="TPort_043">
							<string name="Device" value="Myoko_Optical_RF_1Var"/>
							<string name="Table" value="Turrets"/>
						</object>
						<object name="TPort_044">
							<string name="Device" value="Myoko_Optical_MG"/>
							<string name="Table" value="Turrets"/>
						</object>
						<object name="TPort_045">
							<string name="Device" value="Myoko_Director_2Var"/>
							<string name="Table" value="Turrets"/>
						</object>
						<object name="TPort_046">
							<string name="Device" value="Myoko_Director_2Var"/>
							<string name="Table" value="Turrets"/>
						</object>
						<object name="TPort_047">
							<string name="Device" value="Myoko_Director_3Var"/>
							<string name="Table" value="Turrets"/>
						</object>
						<object name="TPort_048">
							<string name="Device" value="Myoko_Director_3Var"/>
							<string name="Table" value="Turrets"/>
						</object>
						<object name="TPort_049">
							<string name="Device" value="Myoko_Director_1Var"/>
							<string name="Table" value="Turrets"/>
						</object>
						<object name="TPort_05">
							<string name="Device" value="Myoko_Turret_203x2_2Var"/>
							<string name="Table" value="Turrets"/>
						</object>
						<object name="TPort_050">
							<string name="Device" value="Myoko_Optical_RF_2Var"/>
							<string name="Table" value="Turrets"/>
						</object>
						<object name="TPort_051">
							<string name="Device" value="Myoko_Optical_RF_2Var"/>
							<string name="Table" value="Turrets"/>
						</object>
						<object name="TPort_Radar1">
							<string name="Device" value="Radar_Typ21"/>
							<string name="Table" value="Turrets"/>
						</object>
						<object name="TPort_Radar2">
							<string name="Device" value="Radar_Typ13"/>
							<string name="Table" value="Turrets"/>
						</object>
						<object name="TPort_Radar3">
							<string name="Device" value="Radar_Typ13_2"/>
							<string name="Table" value="Turrets"/>
						</object>
						<object name="TPort_RADAR4">
							<string name="Device" value="Radar_Typ_22"/>
							<string name="Table" value="Turrets"/>
						</object>
						<object name="TPort_RADAR5">
							<string name="Device" value="Radar_Typ_22"/>
							<string name="Table" value="Turrets"/>
						</object>
						<object name="TPort_052">
							<string name="Device" value="Jap_Projector"/>
							<string name="Table" value="Turrets"/>
						</object>
						<object name="TPort_053">
							<string name="Device" value="Jap_Projector"/>
							<string name="Table" value="Turrets"/>
						</object>
						<object name="TPort_054">
							<string name="Device" value="Jap_Projector"/>
							<string name="Table" value="Turrets"/>
						</object>
						<object name="TPort_055">
							<string name="Device" value="Jap_Projector"/>
							<string name="Table" value="Turrets"/>
						</object>
						<object name="TPort_056">
							<string name="Device" value="Jap_Projector"/>
							<string name="Table" value="Turrets"/>
						</object>
						<object name="TPort_057">
							<string name="Device" value="Jap_Projector"/>
							<string name="Table" value="Turrets"/>
						</object>
						<object name="TPort_058">
							<string name="Device" value="Katapulta"/>
							<string name="Table" value="Turrets"/>
						</object>
						<object name="TPort_059">
							<string name="Device" value="Katapulta"/>
							<string name="Table" value="Turrets"/>
						</object>
						<object name="TPort_06">
							<string name="Device" value="Myoko_Turret_127x2"/>
							<string name="Table" value="Turrets"/>
						</object>
						<object name="TPort_060">
							<string name="Device" value="Vint_Fletcher"/>
							<string name="Table" value="Radars"/>
						</object>
						<object name="TPort_061">
							<string name="Device" value="Vint_Fletcher"/>
							<string name="Table" value="Radars"/>
						</object>
						<object name="TPort_062">
							<string name="Device" value="Vint_Fletcher"/>
							<string name="Table" value="Radars"/>
						</object>
						<object name="TPort_063">
							<string name="Device" value="Vint_Fletcher"/>
							<string name="Table" value="Radars"/>
						</object>
						<object name="TPort_07">
							<string name="Device" value="Myoko_Turret_127x2"/>
							<string name="Table" value="Turrets"/>
						</object>
						<object name="TPort_08">
							<string name="Device" value="Myoko_Turret_127x2"/>
							<string name="Table" value="Turrets"/>
						</object>
						<object name="TPort_09">
							<string name="Device" value="Myoko_Turret_127x2"/>
							<string name="Table" value="Turrets"/>
						</object>
						<object name="ZPort_AAGunContr1">
							<string name="Device" value="Aim_AA"/>
							<string name="Table" value="AimSystems"/>
						</object>
						<object name="ZPort_Jammer_JS_A">
							<string name="Device" value="Narrowband_J"/>
							<string name="Table" value=""/>
						</object>
						<object name="ZPort_MainGunContr">
							<string name="Device" value="Typ94_M"/>
							<string name="Table" value="AimSystems"/>
						</object>
						<object name="ZPort_Radio">
							<string name="Device" value="J_ShipRadioHF"/>
							<string name="Table" value="Probes"/>
						</object>
						<object name="ZPort_SteamTurbine">
							<string name="Device" value="MPP_Myoko"/>
							<string name="Table" value="Engins"/>
						</object>
					</object>
					<string name="Sonar" value="Narrowband_J"/>
					<float name="Speed" value="14."/>
					<string name="SuperRifles" value="Jap_Torp_App_4x.12."/>
					<float name="VolleyWeight" value="6.90999985"/>
					<float name="Weight" value="15136.6602"/>
				</object>
				<object name="ai_43">
					<string name="AAGunControl" value="Aim_AA"/>
					<float name="AAVolleyWeight" value="3.68239999"/>
					<float name="Aluminium" value="0."/>
					<float name="AmmoWeight" value="198.940018"/>
					<float name="Armour" value="0."/>
					<float name="FuelConsumption" value="4.15323877"/>
					<float name="FuelProtect" value="0."/>
					<string name="FullModName" value="Ships.Myoko.ai_43"/>
					<float name="Iron" value="12638.9961"/>
					<boolean name="IsJammer" value="false"/>
					<string name="MainGunControl" value="Typ13_M"/>
					<float name="MaxFuel" value="2214."/>
					<float name="MaxSpeed" value="33.8800011"/>
					<float name="MinSpeed" value="0."/>
					<float name="Money" value="28116.5078"/>
					<widestring name="Name" value="HAQ4BD4EOgQ+BF8AYQBpADQAMwA="/>
					<float name="RadarRange" value="0."/>
					<float name="RadioGain" value="32000."/>
					<float name="RadioPowerHF" value="160."/>
					<float name="RadioPowerVHF" value="0."/>
					<float name="RadioSensitivityHF" value="4.99999989e-003"/>
					<float name="RadioSensitivityVHF" value="0."/>
					<object name="Slots">
						<object name="TPort_01">
							<string name="Device" value="Myoko_Turret_203x2_1Var"/>
							<string name="Table" value="Turrets"/>
						</object>
						<object name="TPort_010">
							<string name="Device" value=""/>
							<string name="Table" value="Turrets"/>
						</object>
						<object name="TPort_011">
							<string name="Device" value=""/>
							<string name="Table" value="Turrets"/>
						</object>
						<object name="TPort_012">
							<string name="Device" value=""/>
							<string name="Table" value="Turrets"/>
						</object>
						<object name="TPort_013">
							<string name="Device" value=""/>
							<string name="Table" value="Turrets"/>
						</object>
						<object name="TPort_014">
							<string name="Device" value=""/>
							<string name="Table" value="Turrets"/>
						</object>
						<object name="TPort_015">
							<string name="Device" value=""/>
							<string name="Table" value="Turrets"/>
						</object>
						<object name="TPort_016">
							<string name="Device" value=""/>
							<string name="Table" value="Turrets"/>
						</object>
						<object name="TPort_017">
							<string name="Device" value=""/>
							<string name="Table" value="Turrets"/>
						</object>
						<object name="TPort_018">
							<string name="Device" value=""/>
							<string name="Table" value="Turrets"/>
						</object>
						<object name="TPort_019">
							<string name="Device" value=""/>
							<string name="Table" value="Turrets"/>
						</object>
						<object name="TPort_02">
							<string name="Device" value="Myoko_Turret_203x2_2Var"/>
							<string name="Table" value="Turrets"/>
						</object>
						<object name="TPort_020">
							<string name="Device" value=""/>
							<string name="Table" value="Turrets"/>
						</object>
						<object name="TPort_021">
							<string name="Device" value=""/>
							<string name="Table" value="Turrets"/>
						</object>
						<object name="TPort_022">
							<string name="Device" value=""/>
							<string name="Table" value="Turrets"/>
						</object>
						<object name="TPort_023">
							<string name="Device" value=""/>
							<string name="Table" value="Turrets"/>
						</object>
						<object name="TPort_024">
							<string name="Device" value=""/>
							<string name="Table" value="Turrets"/>
						</object>
						<object name="TPort_025">
							<string name="Device" value=""/>
							<string name="Table" value="Turrets"/>
						</object>
						<object name="TPort_026">
							<string name="Device" value=""/>
							<string name="Table" value="Turrets"/>
						</object>
						<object name="TPort_027">
							<string name="Device" value=""/>
							<string name="Table" value="Turrets"/>
						</object>
						<object name="TPort_028">
							<string name="Device" value="Jap_Turret_25x2"/>
							<string name="Table" value="Turrets"/>
						</object>
						<object name="TPort_029">
							<string name="Device" value="Jap_Turret_25x2"/>
							<string name="Table" value="Turrets"/>
						</object>
						<object name="TPort_03">
							<string name="Device" value="Myoko_Turret_203x2_3Var"/>
							<string name="Table" value="Turrets"/>
						</object>
						<object name="TPort_030">
							<string name="Device" value="Jap_Turret_25x2"/>
							<string name="Table" value="Turrets"/>
						</object>
						<object name="TPort_031">
							<string name="Device" value="Jap_Turret_25x2"/>
							<string name="Table" value="Turrets"/>
						</object>
						<object name="TPort_032">
							<string name="Device" value="Jap_Turret_25x2"/>
							<string name="Table" value="Turrets"/>
						</object>
						<object name="TPort_033">
							<string name="Device" value="Jap_Turret_25x2"/>
							<string name="Table" value="Turrets"/>
						</object>
						<object name="TPort_034">
							<string name="Device" value="Jap_Turret_25x2"/>
							<string name="Table" value="Turrets"/>
						</object>
						<object name="TPort_035">
							<string name="Device" value="Jap_Turret_25x2"/>
							<string name="Table" value="Turrets"/>
						</object>
						<object name="TPort_036">
							<string name="Device" value="Jap_Turret_25x2"/>
							<string name="Table" value="Turrets"/>
						</object>
						<object name="TPort_037">
							<string name="Device" value="Jap_Turret_25x2"/>
							<string name="Table" value="Turrets"/>
						</object>
						<object name="TPort_038">
							<string name="Device" value="Jap_Torp_App_4x_Turret"/>
							<string name="Table" value="Turrets"/>
						</object>
						<object name="TPort_039">
							<string name="Device" value="Jap_Torp_App_4x_Turret"/>
							<string name="Table" value="Turrets"/>
						</object>
						<object name="TPort_04">
							<string name="Device" value="Myoko_Turret_203x2_1Var"/>
							<string name="Table" value="Turrets"/>
						</object>
						<object name="TPort_040">
							<string name="Device" value="Jap_Torp_App_4x_Turret"/>
							<string name="Table" value="Turrets"/>
						</object>
						<object name="TPort_041">
							<string name="Device" value="Jap_Torp_App_4x_Turret"/>
							<string name="Table" value="Turrets"/>
						</object>
						<object name="TPort_042">
							<string name="Device" value="Myoko_Optical_RF_1Var"/>
							<string name="Table" value="Turrets"/>
						</object>
						<object name="TPort_043">
							<string name="Device" value="Myoko_Optical_RF_1Var"/>
							<string name="Table" value="Turrets"/>
						</object>
						<object name="TPort_044">
							<string name="Device" value="Myoko_Optical_MG"/>
							<string name="Table" value="Turrets"/>
						</object>
						<object name="TPort_045">
							<string name="Device" value="Myoko_Director_2Var"/>
							<string name="Table" value="Turrets"/>
						</object>
						<object name="TPort_046">
							<string name="Device" value="Myoko_Director_2Var"/>
							<string name="Table" value="Turrets"/>
						</object>
						<object name="TPort_047">
							<string name="Device" value="Myoko_Director_3Var"/>
							<string name="Table" value="Turrets"/>
						</object>
						<object name="TPort_048">
							<string name="Device" value="Myoko_Director_3Var"/>
							<string name="Table" value="Turrets"/>
						</object>
						<object name="TPort_049">
							<string name="Device" value="Myoko_Director_1Var"/>
							<string name="Table" value="Turrets"/>
						</object>
						<object name="TPort_05">
							<string name="Device" value="Myoko_Turret_203x2_2Var"/>
							<string name="Table" value="Turrets"/>
						</object>
						<object name="TPort_050">
							<string name="Device" value="Myoko_Optical_RF_2Var"/>
							<string name="Table" value="Turrets"/>
						</object>
						<object name="TPort_051">
							<string name="Device" value="Myoko_Optical_RF_2Var"/>
							<string name="Table" value="Turrets"/>
						</object>
						<object name="TPort_052">
							<string name="Device" value="Jap_Projector"/>
							<string name="Table" value="Turrets"/>
						</object>
						<object name="TPort_053">
							<string name="Device" value="Jap_Projector"/>
							<string name="Table" value="Turrets"/>
						</object>
						<object name="TPort_054">
							<string name="Device" value="Jap_Projector"/>
							<string name="Table" value="Turrets"/>
						</object>
						<object name="TPort_055">
							<string name="Device" value="Jap_Projector"/>
							<string name="Table" value="Turrets"/>
						</object>
						<object name="TPort_056">
							<string name="Device" value="Jap_Projector"/>
							<string name="Table" value="Turrets"/>
						</object>
						<object name="TPort_057">
							<string name="Device" value="Jap_Projector"/>
							<string name="Table" value="Turrets"/>
						</object>
						<object name="TPort_058">
							<string name="Device" value="Katapulta"/>
							<string name="Table" value="Turrets"/>
						</object>
						<object name="TPort_059">
							<string name="Device" value="Katapulta"/>
							<string name="Table" value="Turrets"/>
						</object>
						<object name="TPort_06">
							<string name="Device" value="Myoko_Turret_127x2"/>
							<string name="Table" value="Turrets"/>
						</object>
						<object name="TPort_060">
							<string name="Device" value="Vint_Fletcher"/>
							<string name="Table" value="Radars"/>
						</object>
						<object name="TPort_061">
							<string name="Device" value="Vint_Fletcher"/>
							<string name="Table" value="Radars"/>
						</object>
						<object name="TPort_062">
							<string name="Device" value="Vint_Fletcher"/>
							<string name="Table" value="Radars"/>
						</object>
						<object name="TPort_063">
							<string name="Device" value="Vint_Fletcher"/>
							<string name="Table" value="Radars"/>
						</object>
						<object name="TPort_07">
							<string name="Device" value="Myoko_Turret_127x2"/>
							<string name="Table" value="Turrets"/>
						</object>
						<object name="TPort_08">
							<string name="Device" value="Myoko_Turret_127x2"/>
							<string name="Table" value="Turrets"/>
						</object>
						<object name="TPort_09">
							<string name="Device" value="Myoko_Turret_127x2"/>
							<string name="Table" value="Turrets"/>
						</object>
						<object name="ZPort_AAGunContr1">
							<string name="Device" value="Aim_AA"/>
							<string name="Table" value="AimSystems"/>
						</object>
						<object name="ZPort_Jammer_JS_A">
							<string name="Device" value=""/>
							<string name="Table" value=""/>
						</object>
						<object name="ZPort_MainGunContr">
							<string name="Device" value="Typ13_M"/>
							<string name="Table" value="AimSystems"/>
						</object>
						<object name="ZPort_Radio">
							<string name="Device" value="J_ShipRadioHF"/>
							<string name="Table" value="Probes"/>
						</object>
						<object name="ZPort_SteamTurbine">
							<string name="Device" value="MPP_Myoko"/>
							<string name="Table" value="Engins"/>
						</object>
					</object>
					<string name="Sonar" value=""/>
					<float name="Speed" value="14."/>
					<string name="SuperRifles" value="Jap_Torp_App_4x.16."/>
					<float name="VolleyWeight" value="7.66040039"/>
					<float name="Weight" value="15084.3965"/>
				</object>
				<object name="ai_45">
					<string name="AAGunControl" value="Aim_AA"/>
					<float name="AAVolleyWeight" value="4.84399986"/>
					<float name="Aluminium" value="0."/>
					<float name="AmmoWeight" value="210.37999"/>
					<float name="Armour" value="0."/>
					<float name="FuelConsumption" value="4.15323877"/>
					<float name="FuelProtect" value="0."/>
					<string name="FullModName" value="Ships.Myoko.ai_45"/>
					<float name="Iron" value="12655.9297"/>
					<boolean name="IsJammer" value="false"/>
					<string name="MainGunControl" value="Typ13_M"/>
					<float name="MaxFuel" value="2214."/>
					<float name="MaxSpeed" value="33.8800011"/>
					<float name="MinSpeed" value="0."/>
					<float name="Money" value="28120.8906"/>
					<widestring name="Name" value="HAQ4BD4EOgQ+BF8AYQBpADQANQA="/>
					<float name="RadarRange" value="0."/>
					<float name="RadioGain" value="32000."/>
					<float name="RadioPowerHF" value="160."/>
					<float name="RadioPowerVHF" value="0."/>
					<float name="RadioSensitivityHF" value="4.99999989e-003"/>
					<float name="RadioSensitivityVHF" value="0."/>
					<object name="Slots">
						<object name="TPort_01">
							<string name="Device" value="Myoko_Turret_203x2_1Var"/>
							<string name="Table" value="Turrets"/>
						</object>
						<object name="TPort_010">
							<string name="Device" value="Jap_Turret_25x1"/>
							<string name="Table" value="Turrets"/>
						</object>
						<object name="TPort_011">
							<string name="Device" value="Jap_Turret_25x1"/>
							<string name="Table" value="Turrets"/>
						</object>
						<object name="TPort_012">
							<string name="Device" value="Jap_Turret_25x1"/>
							<string name="Table" value="Turrets"/>
						</object>
						<object name="TPort_013">
							<string name="Device" value="Jap_Turret_25x1"/>
							<string name="Table" value="Turrets"/>
						</object>
						<object name="TPort_014">
							<string name="Device" value="Jap_Turret_25x1"/>
							<string name="Table" value="Turrets"/>
						</object>
						<object name="TPort_015">
							<string name="Device" value="Jap_Turret_25x1"/>
							<string name="Table" value="Turrets"/>
						</object>
						<object name="TPort_016">
							<string name="Device" value="Jap_Turret_25x1"/>
							<string name="Table" value="Turrets"/>
						</object>
						<object name="TPort_017">
							<string name="Device" value="Jap_Turret_25x1"/>
							<string name="Table" value="Turrets"/>
						</object>
						<object name="TPort_018">
							<string name="Device" value="Jap_Turret_25x1"/>
							<string name="Table" value="Turrets"/>
						</object>
						<object name="TPort_019">
							<string name="Device" value="Jap_Turret_25x1"/>
							<string name="Table" value="Turrets"/>
						</object>
						<object name="TPort_02">
							<string name="Device" value="Myoko_Turret_203x2_2Var"/>
							<string name="Table" value="Turrets"/>
						</object>
						<object name="TPort_020">
							<string name="Device" value="Jap_Turret_25x1"/>
							<string name="Table" value="Turrets"/>
						</object>
						<object name="TPort_021">
							<string name="Device" value="Jap_Turret_25x1"/>
							<string name="Table" value="Turrets"/>
						</object>
						<object name="TPort_022">
							<string name="Device" value="Jap_Turret_25x1"/>
							<string name="Table" value="Turrets"/>
						</object>
						<object name="TPort_023">
							<string name="Device" value="Jap_Turret_25x1"/>
							<string name="Table" value="Turrets"/>
						</object>
						<object name="TPort_024">
							<string name="Device" value="Jap_Turret_25x1"/>
							<string name="Table" value="Turrets"/>
						</object>
						<object name="TPort_025">
							<string name="Device" value="Jap_Turret_25x1"/>
							<string name="Table" value="Turrets"/>
						</object>
						<object name="TPort_026">
							<string name="Device" value="Jap_Turret_25x1"/>
							<string name="Table" value="Turrets"/>
						</object>
						<object name="TPort_027">
							<string name="Device" value="Jap_Turret_25x1"/>
							<string name="Table" value="Turrets"/>
						</object>
						<object name="TPort_028">
							<string name="Device" value="Jap_Turret_25x2"/>
							<string name="Table" value="Turrets"/>
						</object>
						<object name="TPort_029">
							<string name="Device" value="Jap_Turret_25x2"/>
							<string name="Table" value="Turrets"/>
						</object>
						<object name="TPort_03">
							<string name="Device" value="Myoko_Turret_203x2_3Var"/>
							<string name="Table" value="Turrets"/>
						</object>
						<object name="TPort_030">
							<string name="Device" value="Jap_Turret_25x2"/>
							<string name="Table" value="Turrets"/>
						</object>
						<object name="TPort_031">
							<string name="Device" value="Jap_Turret_25x2"/>
							<string name="Table" value="Turrets"/>
						</object>
						<object name="TPort_032">
							<string name="Device" value="Jap_Turret_25x2"/>
							<string name="Table" value="Turrets"/>
						</object>
						<object name="TPort_033">
							<string name="Device" value="Jap_Turret_25x2"/>
							<string name="Table" value="Turrets"/>
						</object>
						<object name="TPort_034">
							<string name="Device" value="Jap_Turret_25x3"/>
							<string name="Table" value="Turrets"/>
						</object>
						<object name="TPort_035">
							<string name="Device" value="Jap_Turret_25x3"/>
							<string name="Table" value="Turrets"/>
						</object>
						<object name="TPort_036">
							<string name="Device" value="Jap_Turret_25x3"/>
							<string name="Table" value="Turrets"/>
						</object>
						<object name="TPort_037">
							<string name="Device" value="Jap_Turret_25x3"/>
							<string name="Table" value="Turrets"/>
						</object>
						<object name="TPort_038">
							<string name="Device" value="Jap_Torp_App_4x_Turret"/>
							<string name="Table" value="Turrets"/>
						</object>
						<object name="TPort_039">
							<string name="Device" value="Jap_Torp_App_4x_Turret"/>
							<string name="Table" value="Turrets"/>
						</object>
						<object name="TPort_04">
							<string name="Device" value="Myoko_Turret_203x2_1Var"/>
							<string name="Table" value="Turrets"/>
						</object>
						<object name="TPort_040">
							<string name="Device" value="Jap_Torp_App_4x_Turret"/>
							<string name="Table" value="Turrets"/>
						</object>
						<object name="TPort_041">
							<string name="Device" value="Jap_Torp_App_4x_Turret"/>
							<string name="Table" value="Turrets"/>
						</object>
						<object name="TPort_042">
							<string name="Device" value="Myoko_Optical_RF_1Var"/>
							<string name="Table" value="Turrets"/>
						</object>
						<object name="TPort_043">
							<string name="Device" value="Myoko_Optical_RF_1Var"/>
							<string name="Table" value="Turrets"/>
						</object>
						<object name="TPort_044">
							<string name="Device" value="Myoko_Optical_MG"/>
							<string name="Table" value="Turrets"/>
						</object>
						<object name="TPort_045">
							<string name="Device" value="Myoko_Director_2Var"/>
							<string name="Table" value="Turrets"/>
						</object>
						<object name="TPort_046">
							<string name="Device" value="Myoko_Director_2Var"/>
							<string name="Table" value="Turrets"/>
						</object>
						<object name="TPort_047">
							<string name="Device" value="Myoko_Director_3Var"/>
							<string name="Table" value="Turrets"/>
						</object>
						<object name="TPort_048">
							<string name="Device" value="Myoko_Director_3Var"/>
							<string name="Table" value="Turrets"/>
						</object>
						<object name="TPort_049">
							<string name="Device" value="Myoko_Director_1Var"/>
							<string name="Table" value="Turrets"/>
						</object>
						<object name="TPort_05">
							<string name="Device" value="Myoko_Turret_203x2_2Var"/>
							<string name="Table" value="Turrets"/>
						</object>
						<object name="TPort_050">
							<string name="Device" value="Myoko_Optical_RF_2Var"/>
							<string name="Table" value="Turrets"/>
						</object>
						<object name="TPort_051">
							<string name="Device" value="Myoko_Optical_RF_2Var"/>
							<string name="Table" value="Turrets"/>
						</object>
						<object name="TPort_052">
							<string name="Device" value="Jap_Projector"/>
							<string name="Table" value="Turrets"/>
						</object>
						<object name="TPort_053">
							<string name="Device" value="Jap_Projector"/>
							<string name="Table" value="Turrets"/>
						</object>
						<object name="TPort_054">
							<string name="Device" value="Jap_Projector"/>
							<string name="Table" value="Turrets"/>
						</object>
						<object name="TPort_055">
							<string name="Device" value="Jap_Projector"/>
							<string name="Table" value="Turrets"/>
						</object>
						<object name="TPort_056">
							<string name="Device" value="Jap_Projector"/>
							<string name="Table" value="Turrets"/>
						</object>
						<object name="TPort_057">
							<string name="Device" value="Jap_Projector"/>
							<string name="Table" value="Turrets"/>
						</object>
						<object name="TPort_058">
							<string name="Device" value="Katapulta"/>
							<string name="Table" value="Turrets"/>
						</object>
						<object name="TPort_059">
							<string name="Device" value="Katapulta"/>
							<string name="Table" value="Turrets"/>
						</object>
						<object name="TPort_06">
							<string name="Device" value="Myoko_Turret_127x2"/>
							<string name="Table" value="Turrets"/>
						</object>
						<object name="TPort_060">
							<string name="Device" value="Vint_Fletcher"/>
							<string name="Table" value="Radars"/>
						</object>
						<object name="TPort_061">
							<string name="Device" value="Vint_Fletcher"/>
							<string name="Table" value="Radars"/>
						</object>
						<object name="TPort_062">
							<string name="Device" value="Vint_Fletcher"/>
							<string name="Table" value="Radars"/>
						</object>
						<object name="TPort_063">
							<string name="Device" value="Vint_Fletcher"/>
							<string name="Table" value="Radars"/>
						</object>
						<object name="TPort_07">
							<string name="Device" value="Myoko_Turret_127x2"/>
							<string name="Table" value="Turrets"/>
						</object>
						<object name="TPort_08">
							<string name="Device" value="Myoko_Turret_127x2"/>
							<string name="Table" value="Turrets"/>
						</object>
						<object name="TPort_09">
							<string name="Device" value="Myoko_Turret_127x2"/>
							<string name="Table" value="Turrets"/>
						</object>
						<object name="ZPort_AAGunContr1">
							<string name="Device" value="Aim_AA"/>
							<string name="Table" value="AimSystems"/>
						</object>
						<object name="ZPort_Jammer_JS_A">
							<string name="Device" value=""/>
							<string name="Table" value=""/>
						</object>
						<object name="ZPort_MainGunContr">
							<string name="Device" value="Typ94_M"/>
							<string name="Table" value="AimSystems"/>
						</object>
						<object name="ZPort_Radio">
							<string name="Device" value="J_ShipRadioHF"/>
							<string name="Table" value="Probes"/>
						</object>
						<object name="ZPort_SteamTurbine">
							<string name="Device" value="MPP_Myoko"/>
							<string name="Table" value="Engins"/>
						</object>
					</object>
					<string name="Sonar" value=""/>
					<float name="Speed" value="14."/>
					<string name="SuperRifles" value="Jap_Torp_App_4x.12."/>
					<float name="VolleyWeight" value="7.66040039"/>
					<float name="Weight" value="15101.3301"/>
				</object>
			</object>
		</object>
	</object>
</root>