<?xml version="1.0" standalone="yes" ?>
<root>
	<object name="SteelMonstersParams">
		<object name="Hit_Location">
			<object name="QWcasemate">
				<integer name="Country" value="3"/>
				<float name="ER" value="50."/>
				<string name="Hull" value="Std_Guns"/>
				<string name="Name" value="Turret"/>
				<string name="TypHL" value="Hull"/>
				<string name="UnitName" value="152mm_RoyalNavy_casemate_Turret"/>
			</object>
		</object>
		<object name="Rifles">
			<object name="152mm_RoyalNavy_casemate_Turret_Stvol">
				<float name="AARange" value="0."/>
				<string name="Ammo" value="Proj_152_UK"/>
				<integer name="AmmoStorage" value="130"/>
				<float name="AmmoWeight" value="45.3"/>
				<float name="Caliber" value="152."/>
				<string name="Common" value="Proj_152_UK_Com"/>
				<integer name="Country" value="3"/>
				<float name="Dispersion" value="9."/>
				<integer name="FinalSpeed" value="320"/>
				<string name="FireSound" value="Guns\152mm"/>
				<boolean name="IgnoreXMLFile" value="false"/>
				<float name="Money" value="4.5"/>
				<boolean name="New" value="false"/>
				<float name="ROF" value="7."/>
				<float name="Range" value="19.66"/>
				<boolean name="SLLauncher" value="false"/>
				<string name="SMU_File" value="152mm_RoyalNavy_casemate_Turret_Stvol"/>
				<integer name="StartSpeed" value="861"/>
				<integer name="Unreliability" value="0"/>
				<string name="Usage" value="Ships"/>
				<float name="Weight" value="6.998"/>
			</object>
		</object>
		<object name="Turrets">
			<object name="152mm_RoyalNavy_casemate_Turret">
				<integer name="Amount" value="1"/>
				<integer name="ArmorFront" value="50"/>
				<integer name="ArmorSide" value="25"/>
				<integer name="ArmorTop" value="25"/>
				<string name="Content" value="Rifles.152mm_RoyalNavy_casemate_Turret_Stvol"/>
				<integer name="Country" value="3"/>
				<integer name="Elevation" value="30"/>
				<integer name="ElevationRate" value="8"/>
				<boolean name="IgnoreXMLFile" value="false"/>
				<float name="Iron" value="19."/>
				<float name="Money" value="20."/>
				<boolean name="New" value="true"/>
				<boolean name="Production" value="false"/>
				<integer name="RotationRate" value="4"/>
				<string name="SMU_File" value="152mm_RoyalNavy_casemate_Turret"/>
				<string name="Type" value="Gun"/>
				<float name="Vitality" value="500."/>
				<float name="Weight" value="13.375"/>
			</object>
		</object>
	</object>
</root>
