<?xml version="1.0" standalone="yes" ?>
<root>
	<object name="SteelMonstersParams">
		<object name="Ships">
			<object name="Courageous">
				<float name="AccelRate" value="1.5e-003"/>
				<string name="Airgroup" value="AircraftCarrier_Group_Courageous_england"/>
				<integer name="AirplanesCount" value="48"/>
				<string name="AmmoLoadingTemplate" value="Ammo 550, uk_torp_avia 50, Torp_UK_Mk13 15, UK_Bat_ASM2_SAR 10, UK_Gargoyle_R 5, UK_Gargoyle_P 5, UK_Gargoyle_SAR 5"/>
				<integer name="Avia" value="2"/>
				<boolean name="BoatsTransportationAbility" value="false"/>
				<integer name="CabinArmor" value="51"/>
				<boolean name="CanBeChanged" value="true"/>
				<boolean name="CanUseTorpedos" value="false"/>
				<integer name="Country" value="3"/>
				<integer name="Crew" value="1216"/>
				<float name="CriticalCareen" value="34."/>
				<float name="CriticalDFT" value="1.2"/>
				<float name="CriticalDifferent" value="2.5"/>
				<float name="DTimeProd" value="130."/>
				<float name="DisplacementMax" value="27560."/>
				<float name="EPR" value="705."/>
				<float name="FireRisk" value="1600."/>
				<float name="Fuel" value="3685."/>
				<float name="HLShapeCoef" value="1."/>
				<integer name="HullArmorSide" value="102"/>
				<integer name="HullArmorTop" value="120"/>
				<float name="Iron" value="30000."/>
				<integer name="Length" value="239.8"/>
				<float name="MaxSpeed" value="30."/>
				<integer name="MinCrew" value="800"/>
				<float name="Money" value="35000."/>
				<float name="NTimeProd" value="325."/>
				<string name="Name" value="Courageous"/>
				<boolean name="New" value="true"/>
				<integer name="Nuc_Dest_Prob" value="400"/>
				<integer name="Passengers" value="100"/>
				<boolean name="PlanesTransportationAbility" value="true"/>
				<float name="Range" value="9260."/>
				<integer name="Rank" value="1"/>
				<string name="SMU" value="Courageous"/>
				<float name="Speed" value="15."/>
				<float name="StoreCapacity" value="3600."/>
				<boolean name="Transportable" value="false"/>
				<float name="TurnRate" value="1.5e-003"/>
				<integer name="Type" value="0"/>
				<float name="Vitality" value="4500."/>
				<float name="VitalityAA" value="1500."/>
				<float name="Weight" value="22500."/>
				<integer name="Width" value="27.6"/>
				<integer name="Year" value="36"/>
			</object>
		</object>
		<object name="Engins">
			<object name="MPP_Courageous">
				<float name="Consumption" value="8.e-004"/>
				<integer name="Country" value="3"/>
				<float name="Money" value="11000."/>
				<integer name="Power_Max" value="90000"/>
				<integer name="RPM_Max" value="0"/>
				<integer name="Type" value="8"/>
				<integer name="Unreliability" value="10"/>
				<string name="Usage" value="Ships"/>
				<float name="Weight" value="2200."/>
			</object>
		</object>
		<object name="Hit_Location">
			<object name="Cour5289">
				<string name="ConnectName" value="Engine1"/>
				<integer name="Country" value="3"/>
				<float name="ER" value="400."/>
				<string name="Hull" value="Std_AFuelTank"/>
				<string name="Name" value="Mover1"/>
				<string name="TypHL" value="Mover"/>
				<string name="UnitName" value="Courageous"/>
			</object>
			<object name="Cour5290">
				<string name="ConnectName" value="Engine2"/>
				<integer name="Country" value="3"/>
				<float name="ER" value="400."/>
				<string name="Hull" value="Std_Mover"/>
				<string name="Name" value="Mover2"/>
				<string name="TypHL" value="Mover"/>
				<string name="UnitName" value="Courageous"/>
			</object>
			<object name="Cour5291">
				<string name="ConnectName" value="Engine3"/>
				<integer name="Country" value="3"/>
				<float name="ER" value="400."/>
				<string name="Hull" value="Std_Mover"/>
				<string name="Name" value="Mover3"/>
				<string name="TypHL" value="Mover"/>
				<string name="UnitName" value="Courageous"/>
			</object>
			<object name="Cour5292">
				<string name="ConnectName" value="Tiller;"/>
				<integer name="Country" value="3"/>
				<float name="ER" value="400."/>
				<string name="Hull" value="Std_Rudder"/>
				<string name="Name" value="Rudder"/>
				<string name="TypHL" value="Rudder"/>
				<string name="UnitName" value="Courageous"/>
			</object>
			<object name="Cour5293">
				<integer name="Country" value="3"/>
				<float name="ER" value="400."/>
				<string name="Hull" value="Courageous_Hungur"/>
				<string name="Name" value="Middle1_MiddleDeck"/>
				<string name="TypHL" value="Hull"/>
				<string name="UnitName" value="Courageous"/>
			</object>
			<object name="Cour5294">
				<integer name="Country" value="3"/>
				<float name="ER" value="400."/>
				<string name="Hull" value="Courageous_FlightDeck"/>
				<string name="Name" value="Bow1_FlightDeck"/>
				<string name="TypHL" value="Hull"/>
				<string name="UnitName" value="Courageous"/>
			</object>
			<object name="Cour5295">
				<integer name="Country" value="3"/>
				<float name="ER" value="400."/>
				<string name="Hull" value="Courageous_FlightDeck"/>
				<string name="Name" value="Stern2_FlightDeck"/>
				<string name="TypHL" value="Hull"/>
				<string name="UnitName" value="Courageous"/>
			</object>
			<object name="Cour5296">
				<integer name="Country" value="3"/>
				<integer name="Crew" value="420"/>
				<float name="ER" value="400."/>
				<string name="Hull" value="Std_Hull"/>
				<string name="Name" value="Bow_Superstructure"/>
				<string name="TypHL" value="Crew"/>
				<string name="UnitName" value="Courageous"/>
			</object>
			<object name="Cour5297">
				<integer name="Country" value="3"/>
				<float name="ER" value="400."/>
				<string name="Hull" value="Std_Probe"/>
				<string name="Name" value="Radar"/>
				<string name="TypHL" value="Probe"/>
				<string name="UnitName" value="Courageous"/>
			</object>
			<object name="Cour5298">
				<integer name="Country" value="3"/>
				<float name="ER" value="400."/>
				<string name="Hull" value="Std_Probe"/>
				<string name="Name" value="Radio"/>
				<string name="TypHL" value="Probe"/>
				<string name="UnitName" value="Courageous"/>
			</object>
			<object name="Cour5299">
				<integer name="Country" value="3"/>
				<integer name="Crew" value="420"/>
				<float name="ER" value="400."/>
				<string name="Hull" value="Std_Probe"/>
				<string name="Name" value="OperationControl"/>
				<string name="TypHL" value="Crew"/>
				<string name="UnitName" value="Courageous"/>
			</object>
			<object name="Cour5300">
				<integer name="Country" value="3"/>
				<integer name="Crew" value="420"/>
				<float name="ER" value="400."/>
				<string name="Hull" value="Std_UpperHull"/>
				<string name="Name" value="BattleCabine"/>
				<string name="TypHL" value="Crew"/>
				<string name="UnitName" value="Courageous"/>
			</object>
			<object name="Cour5301">
				<integer name="Country" value="3"/>
				<float name="ER" value="400."/>
				<string name="Hull" value="Std_Probe"/>
				<string name="Name" value="Stern_Probe_AA"/>
				<string name="TypHL" value="Hull"/>
				<string name="UnitName" value="Courageous"/>
			</object>
			<object name="Cour5302">
				<integer name="Country" value="3"/>
				<float name="ER" value="400."/>
				<string name="Hull" value="Courageous_FlightDeck"/>
				<string name="Name" value="Elevator_Bow"/>
				<string name="TypHL" value="Hull"/>
				<string name="UnitName" value="Courageous"/>
			</object>
			<object name="Cour5303">
				<integer name="Country" value="3"/>
				<float name="ER" value="400."/>
				<string name="Hull" value="Courageous_FlightDeck"/>
				<string name="Name" value="Elevator_Stern"/>
				<string name="TypHL" value="Hull"/>
				<string name="UnitName" value="Courageous"/>
			</object>
			<object name="Cour5304">
				<integer name="Country" value="3"/>
				<float name="ER" value="400."/>
				<string name="Hull" value="Courageous_FlightDeck"/>
				<string name="Name" value="Bow2_FlightDeck"/>
				<string name="TypHL" value="Hull"/>
				<string name="UnitName" value="Courageous"/>
			</object>
			<object name="Cour5305">
				<integer name="Country" value="3"/>
				<float name="ER" value="400."/>
				<string name="Hull" value="Std_Hull"/>
				<string name="Name" value="Bow2_LowerDeck"/>
				<string name="TypHL" value="Hull"/>
				<string name="UnitName" value="Courageous"/>
			</object>
			<object name="Cour5306">
				<integer name="Country" value="3"/>
				<float name="ER" value="400."/>
				<string name="Hull" value="Std_AFuelTank"/>
				<string name="Name" value="Bow2_FuelTank2"/>
				<string name="TypHL" value="FuelTank"/>
				<string name="UnitName" value="Courageous"/>
			</object>
			<object name="Cour5307">
				<integer name="Country" value="3"/>
				<float name="ER" value="400."/>
				<string name="Hull" value="Std_FuelTank"/>
				<string name="Name" value="Bow_FuelTank"/>
				<string name="TypHL" value="FuelTank"/>
				<string name="UnitName" value="Courageous"/>
			</object>
			<object name="Cour5308">
				<integer name="Country" value="3"/>
				<float name="ER" value="400."/>
				<string name="Hull" value="Std_FuelTank"/>
				<string name="Name" value="Bow2_FuelTank1"/>
				<string name="TypHL" value="FuelTank"/>
				<string name="UnitName" value="Courageous"/>
			</object>
			<object name="Cour5309">
				<integer name="Country" value="3"/>
				<float name="ER" value="400."/>
				<string name="Hull" value="Std_RAMP"/>
				<string name="Name" value="Bow2_RAMP"/>
				<string name="TypHL" value="Hull"/>
				<string name="UnitName" value="Courageous"/>
			</object>
			<object name="Cour5310">
				<integer name="Country" value="3"/>
				<float name="ER" value="400."/>
				<string name="Hull" value="Std_LAMP"/>
				<string name="Name" value="Bow2_LAMP"/>
				<string name="TypHL" value="Hull"/>
				<string name="UnitName" value="Courageous"/>
			</object>
			<object name="Cour5311">
				<integer name="Country" value="3"/>
				<float name="ER" value="400."/>
				<string name="Hull" value="Courageous_Hungur"/>
				<string name="Name" value="Bow2_MiddleDeck"/>
				<string name="TypHL" value="Hull"/>
				<string name="UnitName" value="Courageous"/>
			</object>
			<object name="Cour5312">
				<integer name="Country" value="3"/>
				<float name="ER" value="400."/>
				<string name="Hull" value="Std_AS_T1"/>
				<string name="Name" value="AmmoStore_Bow"/>
				<string name="TypHL" value="AmmoStore"/>
				<string name="UnitName" value="Courageous"/>
			</object>
			<object name="Cour5313">
				<integer name="Country" value="3"/>
				<float name="ER" value="400."/>
				<string name="Hull" value="Std_Bottom"/>
				<string name="Name" value="Bow2_RBottom"/>
				<string name="TypHL" value="Hull"/>
				<string name="UnitName" value="Courageous"/>
			</object>
			<object name="Cour5314">
				<integer name="Country" value="3"/>
				<float name="ER" value="400."/>
				<string name="Hull" value="Std_Bottom"/>
				<string name="Name" value="Bow2_LBottom"/>
				<string name="TypHL" value="Hull"/>
				<string name="UnitName" value="Courageous"/>
			</object>
			<object name="Cour5315">
				<integer name="Country" value="3"/>
				<float name="ER" value="400."/>
				<string name="Hull" value="Std_BoilerHull"/>
				<string name="Name" value="Middle1_LowerDeck"/>
				<string name="TypHL" value="Hull"/>
				<string name="UnitName" value="Courageous"/>
			</object>
			<object name="Cour5316">
				<integer name="Country" value="3"/>
				<float name="ER" value="400."/>
				<string name="Hull" value="Std_Boiler"/>
				<string name="Name" value="Boiler3"/>
				<string name="TypHL" value="Boiler"/>
				<string name="UnitName" value="Courageous"/>
			</object>
			<object name="Cour5317">
				<integer name="Country" value="3"/>
				<float name="ER" value="400."/>
				<string name="Hull" value="Std_Boiler"/>
				<string name="Name" value="Boiler2"/>
				<string name="TypHL" value="Boiler"/>
				<string name="UnitName" value="Courageous"/>
			</object>
			<object name="Cour5318">
				<integer name="Country" value="3"/>
				<float name="ER" value="400."/>
				<string name="Hull" value="Std_Boiler"/>
				<string name="Name" value="Boiler1"/>
				<string name="TypHL" value="Boiler"/>
				<string name="UnitName" value="Courageous"/>
			</object>
			<object name="Cour5319">
				<integer name="Country" value="3"/>
				<float name="ER" value="400."/>
				<string name="Hull" value="Courageous_FlightDeck"/>
				<string name="Name" value="Middle1_FlightDeck"/>
				<string name="TypHL" value="Hull"/>
				<string name="UnitName" value="Courageous"/>
			</object>
			<object name="Cour5320">
				<integer name="Country" value="3"/>
				<float name="ER" value="400."/>
				<string name="Hull" value="Courageous_LBelt"/>
				<string name="Name" value="Middle1_LBelt"/>
				<string name="TypHL" value="Hull"/>
				<string name="UnitName" value="Courageous"/>
			</object>
			<object name="Cour5321">
				<integer name="Country" value="3"/>
				<float name="ER" value="400."/>
				<string name="Hull" value="Std_Rboard"/>
				<string name="Name" value="Middle1_RBoard"/>
				<string name="TypHL" value="Hull"/>
				<string name="UnitName" value="Courageous"/>
			</object>
			<object name="Cour5322">
				<integer name="Country" value="3"/>
				<float name="ER" value="400."/>
				<string name="Hull" value="Std_Lboard"/>
				<string name="Name" value="Middle1_LBoard"/>
				<string name="TypHL" value="Hull"/>
				<string name="UnitName" value="Courageous"/>
			</object>
			<object name="Cour5323">
				<integer name="Country" value="3"/>
				<float name="ER" value="400."/>
				<string name="Hull" value="Courageous_RBelt"/>
				<string name="Name" value="Middle1_RBelt"/>
				<string name="TypHL" value="Hull"/>
				<string name="UnitName" value="Courageous"/>
			</object>
			<object name="Cour5324">
				<integer name="Country" value="3"/>
				<float name="ER" value="400."/>
				<string name="Hull" value="Std_LAMP"/>
				<string name="Name" value="Middle1_LAMP"/>
				<string name="TypHL" value="Hull"/>
				<string name="UnitName" value="Courageous"/>
			</object>
			<object name="Cour5325">
				<integer name="Country" value="3"/>
				<float name="ER" value="400."/>
				<string name="Hull" value="Std_RAMP"/>
				<string name="Name" value="Middle1_RAMP"/>
				<string name="TypHL" value="Hull"/>
				<string name="UnitName" value="Courageous"/>
			</object>
			<object name="Cour5326">
				<integer name="Country" value="3"/>
				<float name="ER" value="400."/>
				<string name="Hull" value="Std_Bottom"/>
				<string name="Name" value="Middle1_RBottom"/>
				<string name="TypHL" value="Hull"/>
				<string name="UnitName" value="Courageous"/>
			</object>
			<object name="Cour5327">
				<integer name="Country" value="3"/>
				<float name="ER" value="400."/>
				<string name="Hull" value="Std_Bottom"/>
				<string name="Name" value="Middle1_LBottom"/>
				<string name="TypHL" value="Hull"/>
				<string name="UnitName" value="Courageous"/>
			</object>
			<object name="Cour5328">
				<integer name="Country" value="3"/>
				<float name="ER" value="400."/>
				<string name="Hull" value="Std_BoilerHull"/>
				<string name="Name" value="Middle2_LowerDeck"/>
				<string name="TypHL" value="Hull"/>
				<string name="UnitName" value="Courageous"/>
			</object>
			<object name="Cour5329">
				<integer name="Country" value="3"/>
				<float name="ER" value="400."/>
				<string name="Hull" value="Std_Boiler"/>
				<string name="Name" value="Boiler5"/>
				<string name="TypHL" value="Boiler"/>
				<string name="UnitName" value="Courageous"/>
			</object>
			<object name="Cour5330">
				<integer name="Country" value="3"/>
				<float name="ER" value="400."/>
				<string name="Hull" value="Std_Boiler"/>
				<string name="Name" value="Boiler4"/>
				<string name="TypHL" value="Boiler"/>
				<string name="UnitName" value="Courageous"/>
			</object>
			<object name="Cour5331">
				<integer name="Country" value="3"/>
				<float name="ER" value="400."/>
				<string name="Hull" value="Std_Boiler"/>
				<string name="Name" value="Boiler6"/>
				<string name="TypHL" value="Boiler"/>
				<string name="UnitName" value="Courageous"/>
			</object>
			<object name="Cour5332">
				<integer name="Country" value="3"/>
				<float name="ER" value="400."/>
				<string name="Hull" value="Courageous_Hungur"/>
				<string name="Name" value="Middle2_MiddleDeck"/>
				<string name="TypHL" value="Hull"/>
				<string name="UnitName" value="Courageous"/>
			</object>
			<object name="Cour5333">
				<integer name="Country" value="3"/>
				<float name="ER" value="400."/>
				<string name="Hull" value="Std_AS_T1"/>
				<string name="Name" value="AmmoStore_Middle"/>
				<string name="TypHL" value="AmmoStore"/>
				<string name="UnitName" value="Courageous"/>
			</object>
			<object name="Cour5334">
				<integer name="Country" value="3"/>
				<float name="ER" value="400."/>
				<string name="Hull" value="Courageous_FlightDeck"/>
				<string name="Name" value="Middle2_FlightDeck"/>
				<string name="TypHL" value="Hull"/>
				<string name="UnitName" value="Courageous"/>
			</object>
			<object name="Cour5335">
				<integer name="Country" value="3"/>
				<float name="ER" value="400."/>
				<string name="Hull" value="Std_RAMP"/>
				<string name="Name" value="Middle2_RAMP"/>
				<string name="TypHL" value="Hull"/>
				<string name="UnitName" value="Courageous"/>
			</object>
			<object name="Cour5336">
				<integer name="Country" value="3"/>
				<float name="ER" value="400."/>
				<string name="Hull" value="Std_Rboard"/>
				<string name="Name" value="Middle2_RBoard"/>
				<string name="TypHL" value="Hull"/>
				<string name="UnitName" value="Courageous"/>
			</object>
			<object name="Cour5337">
				<integer name="Country" value="3"/>
				<float name="ER" value="400."/>
				<string name="Hull" value="Courageous_RBelt"/>
				<string name="Name" value="Middle2_RBelt"/>
				<string name="TypHL" value="Hull"/>
				<string name="UnitName" value="Courageous"/>
			</object>
			<object name="Cour5338">
				<integer name="Country" value="3"/>
				<float name="ER" value="400."/>
				<string name="Hull" value="Std_LAMP"/>
				<string name="Name" value="Middle2_LAMP"/>
				<string name="TypHL" value="Hull"/>
				<string name="UnitName" value="Courageous"/>
			</object>
			<object name="Cour5339">
				<integer name="Country" value="3"/>
				<float name="ER" value="400."/>
				<string name="Hull" value="Courageous_LBelt"/>
				<string name="Name" value="Middle2_LBelt"/>
				<string name="TypHL" value="Hull"/>
				<string name="UnitName" value="Courageous"/>
			</object>
			<object name="Cour5340">
				<integer name="Country" value="3"/>
				<float name="ER" value="400."/>
				<string name="Hull" value="Std_Lboard"/>
				<string name="Name" value="Middle2_LBoard"/>
				<string name="TypHL" value="Hull"/>
				<string name="UnitName" value="Courageous"/>
			</object>
			<object name="Cour5341">
				<integer name="Country" value="3"/>
				<float name="ER" value="400."/>
				<string name="Hull" value="Std_Bottom"/>
				<string name="Name" value="Middle2_LBottom"/>
				<string name="TypHL" value="Hull"/>
				<string name="UnitName" value="Courageous"/>
			</object>
			<object name="Cour5342">
				<integer name="Country" value="3"/>
				<float name="ER" value="400."/>
				<string name="Hull" value="Std_Bottom"/>
				<string name="Name" value="Middle2_RBottom"/>
				<string name="TypHL" value="Hull"/>
				<string name="UnitName" value="Courageous"/>
			</object>
			<object name="Cour5343">
				<integer name="Country" value="3"/>
				<float name="ER" value="400."/>
				<string name="Hull" value="Std_EngineHull"/>
				<string name="Name" value="Middle3_LowerDeck"/>
				<string name="TypHL" value="Hull"/>
				<string name="UnitName" value="Courageous"/>
			</object>
			<object name="Cour5344">
				<string name="ConnectName" value="Boiler1;Boiler2;Boiler3;Boiler4;Boiler5;Boiler6"/>
				<integer name="Country" value="3"/>
				<float name="ER" value="400."/>
				<string name="Hull" value="Std_Engine"/>
				<string name="Name" value="Engine2"/>
				<string name="TypHL" value="Engine"/>
				<string name="UnitName" value="Courageous"/>
			</object>
			<object name="Cour5345">
				<string name="ConnectName" value="Boiler1;Boiler2;Boiler3;Boiler4;Boiler5;Boiler6"/>
				<integer name="Country" value="3"/>
				<float name="ER" value="400."/>
				<string name="Hull" value="Std_Engine"/>
				<string name="Name" value="Engine1"/>
				<string name="TypHL" value="Engine"/>
				<string name="UnitName" value="Courageous"/>
			</object>
			<object name="Cour5346">
				<integer name="Country" value="3"/>
				<float name="ER" value="400."/>
				<string name="Hull" value="Courageous_Hungur"/>
				<string name="Name" value="Middle3_MiddleDeck"/>
				<string name="TypHL" value="Hull"/>
				<string name="UnitName" value="Courageous"/>
			</object>
			<object name="Cour5347">
				<integer name="Country" value="3"/>
				<float name="ER" value="400."/>
				<string name="Hull" value="Courageous_FlightDeck"/>
				<string name="Name" value="Middle3_FlightDeck"/>
				<string name="TypHL" value="Hull"/>
				<string name="UnitName" value="Courageous"/>
			</object>
			<object name="Cour5348">
				<integer name="Country" value="3"/>
				<float name="ER" value="400."/>
				<string name="Hull" value="Std_Rboard"/>
				<string name="Name" value="Middle3_RBoard"/>
				<string name="TypHL" value="Hull"/>
				<string name="UnitName" value="Courageous"/>
			</object>
			<object name="Cour5349">
				<integer name="Country" value="3"/>
				<float name="ER" value="400."/>
				<string name="Hull" value="Courageous_RBelt"/>
				<string name="Name" value="Middle3_RBelt"/>
				<string name="TypHL" value="Hull"/>
				<string name="UnitName" value="Courageous"/>
			</object>
			<object name="Cour5350">
				<integer name="Country" value="3"/>
				<float name="ER" value="400."/>
				<string name="Hull" value="Std_RAMP"/>
				<string name="Name" value="Middle3_RAMP"/>
				<string name="TypHL" value="Hull"/>
				<string name="UnitName" value="Courageous"/>
			</object>
			<object name="Cour5351">
				<integer name="Country" value="3"/>
				<float name="ER" value="400."/>
				<string name="Hull" value="Std_LAMP"/>
				<string name="Name" value="Middle3_LAMP"/>
				<string name="TypHL" value="Hull"/>
				<string name="UnitName" value="Courageous"/>
			</object>
			<object name="Cour5352">
				<integer name="Country" value="3"/>
				<float name="ER" value="400."/>
				<string name="Hull" value="Courageous_LBelt"/>
				<string name="Name" value="Middle3_LBelt"/>
				<string name="TypHL" value="Hull"/>
				<string name="UnitName" value="Courageous"/>
			</object>
			<object name="Cour5353">
				<integer name="Country" value="3"/>
				<float name="ER" value="400."/>
				<string name="Hull" value="Std_Lboard"/>
				<string name="Name" value="Middle3_LBoard"/>
				<string name="TypHL" value="Hull"/>
				<string name="UnitName" value="Courageous"/>
			</object>
			<object name="Cour5354">
				<integer name="Country" value="3"/>
				<float name="ER" value="400."/>
				<string name="Hull" value="Std_Bottom"/>
				<string name="Name" value="Middle3_RBottom"/>
				<string name="TypHL" value="Hull"/>
				<string name="UnitName" value="Courageous"/>
			</object>
			<object name="Cour5355">
				<integer name="Country" value="3"/>
				<float name="ER" value="400."/>
				<string name="Hull" value="Std_Bottom"/>
				<string name="Name" value="Middle3_LBottom"/>
				<string name="TypHL" value="Hull"/>
				<string name="UnitName" value="Courageous"/>
			</object>
			<object name="Cour5356">
				<integer name="Country" value="3"/>
				<float name="ER" value="400."/>
				<string name="Hull" value="Courageous_FlightDeck"/>
				<string name="Name" value="Stern1_FlightDeck"/>
				<string name="TypHL" value="Hull"/>
				<string name="UnitName" value="Courageous"/>
			</object>
			<object name="Cour5357">
				<integer name="Country" value="3"/>
				<float name="ER" value="400."/>
				<string name="Hull" value="Courageous_Hungur"/>
				<string name="Name" value="Stern1_MiddleDeck"/>
				<string name="TypHL" value="Hull"/>
				<string name="UnitName" value="Courageous"/>
			</object>
			<object name="Cour5358">
				<integer name="Country" value="3"/>
				<float name="ER" value="400."/>
				<string name="Hull" value="Std_AS_T1"/>
				<string name="Name" value="AmmoStore_Stern"/>
				<string name="TypHL" value="Hull"/>
				<string name="UnitName" value="Courageous"/>
			</object>
			<object name="Cour5359">
				<integer name="Country" value="3"/>
				<float name="ER" value="400."/>
				<string name="Hull" value="Std_EngineHull"/>
				<string name="Name" value="Stern1_LowerDeck"/>
				<string name="TypHL" value="Hull"/>
				<string name="UnitName" value="Courageous"/>
			</object>
			<object name="Cour5360">
				<integer name="Country" value="3"/>
				<float name="ER" value="400."/>
				<string name="Hull" value="Std_FuelTank"/>
				<string name="Name" value="Stern1_FuelTank"/>
				<string name="TypHL" value="FuelTank"/>
				<string name="UnitName" value="Courageous"/>
			</object>
			<object name="Cour5361">
				<integer name="Country" value="3"/>
				<float name="ER" value="400."/>
				<string name="Hull" value="Std_AFuelTank"/>
				<string name="Name" value="Stern1_AFuelTank"/>
				<string name="TypHL" value="FuelTank"/>
				<string name="UnitName" value="Courageous"/>
			</object>
			<object name="Cour5362">
				<string name="ConnectName" value="Boiler1;Boiler2;Boiler3;Boiler4;Boiler5;Boiler6"/>
				<integer name="Country" value="3"/>
				<float name="ER" value="400."/>
				<string name="Hull" value="Std_Engine"/>
				<string name="Name" value="Engine3"/>
				<string name="TypHL" value="Engine"/>
				<string name="UnitName" value="Courageous"/>
			</object>
			<object name="Cour5363">
				<integer name="Country" value="3"/>
				<float name="ER" value="400."/>
				<string name="Hull" value="Std_RAMP"/>
				<string name="Name" value="Stern1_RAMP"/>
				<string name="TypHL" value="Hull"/>
				<string name="UnitName" value="Courageous"/>
			</object>
			<object name="Cour5364">
				<integer name="Country" value="3"/>
				<float name="ER" value="400."/>
				<string name="Hull" value="Std_LAMP"/>
				<string name="Name" value="Stern1_LAMP"/>
				<string name="TypHL" value="Hull"/>
				<string name="UnitName" value="Courageous"/>
			</object>
			<object name="Cour5365">
				<integer name="Country" value="3"/>
				<float name="ER" value="400."/>
				<string name="Hull" value="Std_Bottom"/>
				<string name="Name" value="Stern1_Bottom"/>
				<string name="TypHL" value="Hull"/>
				<string name="UnitName" value="Courageous"/>
			</object>
			<object name="Cour5366">
				<integer name="Country" value="3"/>
				<float name="ER" value="400."/>
				<string name="Hull" value="Std_Rudder"/>
				<string name="Name" value="SmokeStack"/>
				<string name="TypHL" value="Hull"/>
				<string name="UnitName" value="Courageous"/>
			</object>
			<object name="Cour5367">
				<integer name="Country" value="3"/>
				<float name="ER" value="400."/>
				<string name="Hull" value="Std_Probe"/>
				<string name="Name" value="Bow_Probe_AA"/>
				<string name="TypHL" value="Hull"/>
				<string name="UnitName" value="Courageous"/>
			</object>
			<object name="Cour5368">
				<integer name="Country" value="3"/>
				<float name="ER" value="400."/>
				<string name="Hull" value="Std_UpperHull"/>
				<string name="Name" value="Stern_Superstructure"/>
				<string name="TypHL" value="Hull"/>
				<string name="UnitName" value="Courageous"/>
			</object>
			<object name="Cour5369">
				<integer name="Country" value="3"/>
				<float name="ER" value="400."/>
				<string name="Hull" value="Std_Bottom"/>
				<string name="Name" value="Bow1_Bottom"/>
				<string name="TypHL" value="Hull"/>
				<string name="UnitName" value="Courageous"/>
			</object>
			<object name="Cour5370">
				<integer name="Country" value="3"/>
				<float name="ER" value="400."/>
				<string name="Hull" value="Std_Hull"/>
				<string name="Name" value="Bow1_LowerDeck"/>
				<string name="TypHL" value="Hull"/>
				<string name="UnitName" value="Courageous"/>
			</object>
			<object name="Cour5371">
				<integer name="Country" value="3"/>
				<float name="ER" value="400."/>
				<string name="Hull" value="Std_Hull"/>
				<string name="Name" value="Stern2_LowerDeck"/>
				<string name="TypHL" value="Hull"/>
				<string name="UnitName" value="Courageous"/>
			</object>
			<object name="Cour5372">
				<integer name="Country" value="3"/>
				<float name="ER" value="400."/>
				<string name="Hull" value="Courageous_Tiller"/>
				<string name="Name" value="Tiller"/>
				<string name="TypHL" value="Hull"/>
				<string name="UnitName" value="Courageous"/>
			</object>
			<object name="Cour5373">
				<integer name="Country" value="3"/>
				<float name="ER" value="400."/>
				<string name="Hull" value="Std_Hull"/>
				<string name="Name" value="Bow1_MiddleDeck"/>
				<string name="TypHL" value="Hull"/>
				<string name="UnitName" value="Courageous"/>
			</object>
			<object name="Cour5374">
				<integer name="Country" value="3"/>
				<float name="ER" value="400."/>
				<string name="Hull" value="Std_Hull"/>
				<string name="Name" value="Stern2_MiddleDeck"/>
				<string name="TypHL" value="Hull"/>
				<string name="UnitName" value="Courageous"/>
			</object>
		</object>			
		<object name="Hulls">
			<object name="Courageous_FlightDeck">
				<integer name="Back" value="10"/>
				<integer name="Bottom" value="10"/>
				<integer name="Country" value="3"/>
				<float name="ExplProb" value="0."/>
				<float name="FireProb" value="0."/>
				<integer name="Front" value="10"/>
				<integer name="Left" value="10"/>
				<string name="Material" value="Armored"/>
				<integer name="Right" value="10"/>
				<integer name="Top" value="76"/>
				<integer name="UnitName" value="0"/>
				<string name="UnitTyp" value="Ship"/>
			</object>
			<object name="Courageous_Hungur">
				<integer name="Back" value="10"/>
				<integer name="Bottom" value="2"/>
				<integer name="Country" value="3"/>
				<float name="ExplProb" value="0."/>
				<float name="FireProb" value="30."/>
				<integer name="Front" value="10"/>
				<integer name="Left" value="114"/>
				<string name="Material" value="Armored"/>
				<integer name="Right" value="114"/>
				<integer name="Top" value="76"/>
				<integer name="UnitName" value="0"/>
				<string name="UnitTyp" value="Ship"/>
			</object>
			<object name="Courageous_LBelt">
				<integer name="Back" value="2"/>
				<integer name="Bottom" value="2"/>
				<integer name="Country" value="3"/>
				<float name="ExplProb" value="0."/>
				<float name="FireProb" value="0."/>
				<integer name="Front" value="2"/>
				<integer name="Left" value="114"/>
				<string name="Material" value="Armored"/>
				<integer name="Right" value="2"/>
				<integer name="Top" value="2"/>
				<integer name="UnitName" value="0"/>
				<string name="UnitTyp" value="Ship"/>
			</object>
			<object name="Courageous_RBelt">
				<integer name="Back" value="2"/>
				<integer name="Bottom" value="2"/>
				<integer name="Country" value="3"/>
				<float name="ExplProb" value="0."/>
				<float name="FireProb" value="0."/>
				<integer name="Front" value="2"/>
				<integer name="Left" value="2"/>
				<string name="Material" value="Armored"/>
				<integer name="Right" value="114"/>
				<integer name="Top" value="2"/>
				<integer name="UnitName" value="0"/>
				<string name="UnitTyp" value="Ship"/>
			</object>
			<object name="Courageous_Tiller">
				<integer name="Back" value="114"/>
				<integer name="Bottom" value="76"/>
				<integer name="Country" value="3"/>
				<float name="ExplProb" value="0."/>
				<float name="FireProb" value="0."/>
				<integer name="Front" value="76"/>
				<integer name="Left" value="114"/>
				<string name="Material" value="Armored"/>
				<integer name="Right" value="144"/>
				<integer name="Top" value="76"/>
				<integer name="UnitName" value="0"/>
				<string name="UnitTyp" value="Ship"/>
			</object>
		</object>
		<object name="ShipsNames">
			<object name="Courageous">
				<string name="1" value="Courageous1"/>
			</object>
		</object>
		<object name="UnitsByType">
			<object name="0">
				<object name="Courageous">
					<string name="ChildTable" value="Ships"/>
				</object>
			</object>
		</object>
	</object>
</root>
