﻿<?xml version="1.0" standalone="yes" ?>
<root>
	<object name="SteelMonstersParams">
		<object name="Hit_Location">
			<object name="NelsonA7952">
				<integer name="Country" value="3"/>
				<float name="ER" value="100."/>
				<string name="Hull" value="Std_Turret_RF"/>
				<string name="Name" value="RRandefinder"/>
				<string name="TypHL" value="Probe"/>
				<string name="UnitName" value="3x406mm_Nelson_TurretA"/>
			</object>
			<object name="NelsonA7953">
				<integer name="Country" value="3"/>
				<float name="ER" value="100."/>
				<string name="Hull" value="Std_Turret_RF"/>
				<string name="Name" value="LRangefinder"/>
				<string name="TypHL" value="Probe"/>
				<string name="UnitName" value="3x406mm_Nelson_TurretA"/>
			</object>
			<object name="NelsonA7954">
				<integer name="Country" value="3"/>
				<float name="ER" value="250."/>
				<string name="Hull" value="Nelson_MTShakegeban"/>
				<string name="Name" value="Shakegeban"/>
				<string name="TypHL" value="Probe"/>
				<string name="UnitName" value="3x406mm_Nelson_TurretA"/>
			</object>
			<object name="NelsonA7955">
				<integer name="Country" value="3"/>
				<float name="ER" value="500."/>
				<string name="Hull" value="Nelson_MTurret"/>
				<string name="Name" value="Turret"/>
				<string name="TypHL" value="AmmoStore"/>
				<string name="UnitName" value="3x406mm_Nelson_TurretA"/>
			</object>
			<object name="NelsonB7952">
				<integer name="Country" value="3"/>
				<float name="ER" value="100."/>
				<string name="Hull" value="Std_Turret_RF"/>
				<string name="Name" value="RRandefinder"/>
				<string name="TypHL" value="Probe"/>
				<string name="UnitName" value="3x406mm_Nelson_TurretB"/>
			</object>
			<object name="NelsonB7953">
				<integer name="Country" value="3"/>
				<float name="ER" value="100."/>
				<string name="Hull" value="Std_Turret_RF"/>
				<string name="Name" value="LRangefinder"/>
				<string name="TypHL" value="Probe"/>
				<string name="UnitName" value="3x406mm_Nelson_TurretB"/>
			</object>
			<object name="NelsonB7954">
				<integer name="Country" value="3"/>
				<float name="ER" value="250."/>
				<string name="Hull" value="Nelson_MTShakegeban"/>
				<string name="Name" value="Shakegeban"/>
				<string name="TypHL" value="Probe"/>
				<string name="UnitName" value="3x406mm_Nelson_TurretB"/>
			</object>
			<object name="NelsonB7955">
				<integer name="Country" value="3"/>
				<float name="ER" value="500."/>
				<string name="Hull" value="Nelson_MTurret"/>
				<string name="Name" value="Turret"/>
				<string name="TypHL" value="AmmoStore"/>
				<string name="UnitName" value="3x406mm_Nelson_TurretB"/>
			</object>  
			<object name="NelsonC7952">
				<integer name="Country" value="3"/>
				<float name="ER" value="100."/>
				<string name="Hull" value="Std_Turret_RF"/>
				<string name="Name" value="RRandefinder"/>
				<string name="TypHL" value="Probe"/>
				<string name="UnitName" value="3x406mm_Nelson_TurretC"/>
			</object>
			<object name="NelsonC7953">
				<integer name="Country" value="3"/>
				<float name="ER" value="100."/>
				<string name="Hull" value="Std_Turret_RF"/>
				<string name="Name" value="LRangefinder"/>
				<string name="TypHL" value="Probe"/>
				<string name="UnitName" value="3x406mm_Nelson_TurretC"/>
			</object>
			<object name="NelsonC7954">
				<integer name="Country" value="3"/>
				<float name="ER" value="250."/>
				<string name="Hull" value="Nelson_MTShakegeban"/>
				<string name="Name" value="Shakegeban"/>
				<string name="TypHL" value="Probe"/>
				<string name="UnitName" value="3x406mm_Nelson_TurretC"/>
			</object>
			<object name="NelsonC7955">
				<integer name="Country" value="3"/>
				<float name="ER" value="500."/>
				<string name="Hull" value="Nelson_MTurret"/>
				<string name="Name" value="Turret"/>
				<string name="TypHL" value="AmmoStore"/>
				<string name="UnitName" value="3x406mm_Nelson_TurretC"/>
			</object>
		</object>
		<object name="Hulls">
			<object name="Nelson_MTShakegeban">
				<integer name="Back" value="50"/>
				<integer name="Bottom" value="50"/>
				<integer name="Country" value="3"/>
				<float name="ExplProb" value="0."/>
				<float name="FireProb" value="15."/>
				<integer name="Front" value="100"/>
				<integer name="Left" value="50"/>
				<string name="Material" value="Armored"/>
				<integer name="Right" value="50"/>
				<integer name="Top" value="50"/>
				<integer name="UnitName" value="0"/>
				<string name="UnitTyp" value="Turret"/>
			</object>
			<object name="Nelson_MTurret">
				<integer name="Back" value="228"/>
				<integer name="Bottom" value="50"/>
				<integer name="Country" value="3"/>
				<float name="ExplProb" value="30."/>
				<float name="FireProb" value="10."/>
				<integer name="Front" value="413"/>
				<integer name="Left" value="280"/>
				<string name="Material" value="Armored"/>
				<integer name="Right" value="280"/>
				<integer name="Top" value="228"/>
				<integer name="UnitName" value="0"/>
				<string name="UnitTyp" value="Turret"/>
			</object>
		</object>
		<object name="Rifles">
			<object name="3x406mm_Nelson_Turret_Stvol">
				<float name="AARange" value="0."/>
				<string name="Ammo" value="Proj_406_UK"/>
				<integer name="AmmoStorage" value="95"/>
				<float name="AmmoWeight" value="929."/>
				<string name="ArmPiercing" value="Proj_406_UK_AP"/>
				<float name="Caliber" value="406."/>
				<integer name="Country" value="3"/>
				<float name="Dispersion" value="3."/>
				<integer name="FinalSpeed" value="453"/>
				<string name="FireSound" value="Guns\406mm"/>
				<string name="HighExp" value="Proj_406_UK_HE"/>
				<boolean name="IgnoreXMLFile" value="false"/>
				<float name="Money" value="140."/>
				<boolean name="New" value="false"/>
				<float name="Range" value="34.75"/>
				<float name="ROF" value="1.5"/>
				<boolean name="SLLauncher" value="false"/>
				<string name="SMU_File" value="3x406mm_Nelson_Turret_Stvol"/>
				<integer name="StartSpeed" value="797"/>
				<integer name="Unreliability" value="0"/>
				<string name="Usage" value="Ships"/>
				<float name="Weight" value="108."/>
			</object>
		</object>
		<object name="Turrets">
			<object name="3x406mm_Nelson_TurretA">
				<integer name="Amount" value="3"/>
				<integer name="ArmorFront" value="413"/>
				<integer name="ArmorSide" value="280"/>
				<integer name="ArmorTop" value="228"/>
				<string name="Building" value="Artillery"/>
				<string name="Content" value="Rifles.3x406mm_Nelson_Turret_Stvol"/>
				<integer name="Country" value="3"/>
				<integer name="Elevation" value="40"/>
				<integer name="ElevationRate" value="10"/>
				<boolean name="IgnoreXMLFile" value="false"/>
				<float name="Iron" value="750."/>
				<float name="Money" value="40."/>
				<boolean name="New" value="false"/>
				<boolean name="Production" value="false"/>
				<integer name="RotationRate" value="4"/>
				<string name="SMU_File" value="3x406mm_Nelson_TurretA"/>
				<string name="Type" value="Gun"/>
				<float name="Vitality" value="1700."/>
				<float name="Weight" value="1480."/>
			</object>
			<object name="3x406mm_Nelson_TurretB">
				<integer name="Amount" value="3"/>
				<integer name="ArmorFront" value="413"/>
				<integer name="ArmorSide" value="280"/>
				<integer name="ArmorTop" value="228"/>
				<string name="Building" value="Artillery"/>
				<string name="Content" value="Rifles.3x406mm_Nelson_Turret_Stvol"/>
				<integer name="Country" value="3"/>
				<integer name="Elevation" value="40"/>
				<integer name="ElevationRate" value="10"/>
				<boolean name="IgnoreXMLFile" value="false"/>
				<float name="Iron" value="750."/>
				<float name="Money" value="40."/>
				<boolean name="New" value="false"/>
				<boolean name="Production" value="false"/>
				<integer name="RotationRate" value="4"/>
				<string name="SMU_File" value="3x406mm_Nelson_TurretB"/>
				<string name="Type" value="Gun"/>
				<float name="Vitality" value="1700."/>
				<float name="Weight" value="1480."/>
			</object>
			<object name="3x406mm_Nelson_TurretC">
				<integer name="Amount" value="3"/>
				<integer name="ArmorFront" value="413"/>
				<integer name="ArmorSide" value="280"/>
				<integer name="ArmorTop" value="228"/>
				<string name="Building" value="Artillery"/>
				<string name="Content" value="Rifles.3x406mm_Nelson_Turret_Stvol"/>
				<integer name="Country" value="3"/>
				<integer name="Elevation" value="40"/>
				<integer name="ElevationRate" value="10"/>
				<boolean name="IgnoreXMLFile" value="false"/>
				<float name="Iron" value="750."/>
				<float name="Money" value="40."/>
				<boolean name="New" value="false"/>
				<boolean name="Production" value="false"/>
				<integer name="RotationRate" value="4"/>
				<string name="SMU_File" value="3x406mm_Nelson_TurretC"/>
				<string name="Type" value="Gun"/>
				<float name="Vitality" value="1700."/>
				<float name="Weight" value="1480."/>
			</object>
		</object>
	</object>
</root>
