﻿xml version="1.0" standalone="yes" ?>
<root>
	<object name="Modifications">
		<object name="SubUnits">
			<object name="3x406mm_Nelson_TurretA">
				<object name="TPort_01">
					<string name="Device" value="3x406mm_Nelson_Turret_Stvol"/>
					<string name="Table" value="Rifles"/>
				</object>
				<object name="TPort_02">
					<string name="Device" value="3x406mm_Nelson_Turret_Stvol"/>
					<string name="Table" value="Rifles"/>
				</object>
				<object name="TPort_03">
					<string name="Device" value="3x406mm_Nelson_Turret_Stvol"/>
					<string name="Table" value="Rifles"/>
				</object>
			</object>
			<object name="3x406mm_Nelson_TurretB">
				<object name="TPort_01">
					<string name="Device" value="3x406mm_Nelson_Turret_Stvol"/>
					<string name="Table" value="Rifles"/>
				</object>
				<object name="TPort_02">
					<string name="Device" value="3x406mm_Nelson_Turret_Stvol"/>
					<string name="Table" value="Rifles"/>
				</object>
				<object name="TPort_03">
					<string name="Device" value="3x406mm_Nelson_Turret_Stvol"/>
					<string name="Table" value="Rifles"/>
				</object>
			</object>
			<object name="3x406mm_Nelson_TurretC">
				<object name="TPort_01">
					<string name="Device" value="3x406mm_Nelson_Turret_Stvol"/>
					<string name="Table" value="Rifles"/>
				</object>
				<object name="TPort_02">
					<string name="Device" value="3x406mm_Nelson_Turret_Stvol"/>
					<string name="Table" value="Rifles"/>
				</object>
				<object name="TPort_03">
					<string name="Device" value="3x406mm_Nelson_Turret_Stvol"/>
					<string name="Table" value="Rifles"/>
				</object>
			</object>
		</object>
	</object>
</root>
