﻿<?xml version = "1.0" encoding = "UTF-8"?>
<root>
	<object name = "SteelMonstersParams">
		<object name="Ships">
			<object name="AndreaDoria">
				<float name="AccelRate" value="1.e-004"/>
				<string name="Airgroup" value="Scout_ShipWater_Battleship_Battalion_germany"/>
				<integer name="AirplanesCount" value="2"/>
				<string name="AmmoLoadingTemplate" value="Ammo 600"/>
				<boolean name="BoatsTransportationAbility" value="false"/>
				<integer name="CabinArmor" value="533"/>
				<boolean name="CanBeChanged" value="true"/>
				<boolean name="CanUseTorpedos" value="false"/>
				<string name="CatapultAirgroupDefaultUnit" value="Ar196"/>
				<integer name="Country" value="5"/>
				<integer name="Crew" value="1485"/>
				<float name="CriticalCareen" value="37."/>
				<float name="CriticalDFT" value="4.5"/>
				<float name="CriticalDifferent" value="5."/>
				<float name="DTimeProd" value="160."/>
				<float name="DisplacementMax" value="29391."/>
				<float name="EPR" value="630."/>
				<float name="FireRisk" value="1667."/>
				<float name="Fuel" value="5200."/>
				<float name="HLShapeCoef" value="0.8"/>
				<integer name="HullArmorSide" value="310"/>
				<integer name="HullArmorTop" value="265"/>
				<float name="Iron" value="40300."/>
				<integer name="Length" value="186.9"/>
				<float name="MaxSpeed" value="27."/>
				<integer name="MinCrew" value="680"/>
				<float name="Money" value="22000."/>
				<float name="NTimeProd" value="400."/>
				<string name="Name" value="AndreaDoria"/>
				<boolean name="New" value="true"/>
				<integer name="Nuc_Dest_Prob" value="300"/>
				<integer name="Passengers" value="70"/>
				<boolean name="PlanesTransportationAbility" value="false"/>
				<float name="Range" value="4260."/>
				<integer name="Rank" value="2"/>
				<string name="SMU" value="AndreaDoria"/>
				<float name="Speed" value="15."/>
				<float name="StoreCapacity" value="2600."/>
				<boolean name="Transportable" value="false"/>
				<float name="TurnRate" value="1.4e-003"/>
				<integer name="Type" value="1"/>
				<float name="Vitality" value="8400."/>
				<float name="VitalityAA" value="3500."/>
				<float name="Weight" value="26434."/>
				<integer name="Width" value="32.9"/>
				<integer name="Year" value="39"/>
			</object>
		</object>		
		<object name="ShipsNames">
			<object name="AndreaDoria">
				<string name="1" value="Andrea Doria"/>
			</object>
		</object>
		<object name="UnitsByType">
			<object name="1">
				<object name="AndreaDoria">
					<string name="ChildTable" value="Ships"/>
				</object>
			</object>
		</object>
	</object>
</root>
