﻿<?xml version="1.0" standalone="yes" ?>
<root>
	<object name="SteelMonstersParams">
		<object name="Hit_Location">
			<object name="G7922">
				<integer name="Country" value="2"/>
				<float name="ER" value="30."/>
				<string name="Hull" value="IJN_RF_Green"/>
				<string name="Name" value="Rangefinder"/>
				<string name="TypHL" value="Probe"/>
				<string name="UnitName" value="Green_Myoko_Gun_203mm_Turret_1Var"/>
			</object>
			<object name="G7923">
				<integer name="Country" value="2"/>
				<float name="ER" value="30."/>
				<string name="Hull" value="IJN_RF_Green"/>
				<string name="Name" value="Shakegeban"/>
				<string name="TypHL" value="Probe"/>
				<string name="UnitName" value="Green_Myoko_Gun_203mm_Turret_1Var"/>
			</object>
			<object name="G7924">
				<integer name="Country" value="2"/>
				<float name="ER" value="100."/>
				<string name="Hull" value="Myoko_Turret"/>
				<string name="Name" value="Turret"/>
				<string name="TypHL" value="AmmoStore"/>
				<string name="UnitName" value="Green_Myoko_Gun_203mm_Turret_1Var"/>
			</object>
			<object name="G7925">
				<integer name="Country" value="2"/>
				<float name="ER" value="30."/>
				<string name="Hull" value="IJN_RF_Green"/>
				<string name="Name" value="Rangefinder"/>
				<string name="TypHL" value="Probe"/>
				<string name="UnitName" value="Green_Myoko_Gun_203mm_Turret_2Var"/>
			</object>
			<object name="G7926">
				<integer name="Country" value="2"/>
				<float name="ER" value="30."/>
				<string name="Hull" value="IJN_RF_Green"/>
				<string name="Name" value="Shakegeban"/>
				<string name="TypHL" value="Probe"/>
				<string name="UnitName" value="Green_Myoko_Gun_203mm_Turret_2Var"/>
			</object>
			<object name="G7927">
				<integer name="Country" value="2"/>
				<float name="ER" value="100."/>
				<string name="Hull" value="Myoko_Turret"/>
				<string name="Name" value="Turret"/>
				<string name="TypHL" value="AmmoStore"/>
				<string name="UnitName" value="Green_Myoko_Gun_203mm_Turret_2Var"/>
			</object>
			<object name="G7928">
				<integer name="Country" value="2"/>
				<float name="ER" value="100."/>
				<string name="Hull" value="Myoko_Turret"/>
				<string name="Name" value="Turret"/>
				<string name="TypHL" value="AmmoStore"/>
				<string name="UnitName" value="Green_Myoko_Gun_203mm_Turret_3Var"/>
			</object>
			<object name="GX7922">
				<integer name="Country" value="2"/>
				<float name="ER" value="30."/>
				<string name="Hull" value="IJN_RF_Green"/>
				<string name="Name" value="Rangefinder"/>
				<string name="TypHL" value="Probe"/>
				<string name="UnitName" value="Green_Myoko_Gun_203mm_Turret_1Var_X"/>
			</object>
			<object name="GX7923">
				<integer name="Country" value="2"/>
				<float name="ER" value="30."/>
				<string name="Hull" value="IJN_RF_Green"/>
				<string name="Name" value="Shakegeban"/>
				<string name="TypHL" value="Probe"/>
				<string name="UnitName" value="Green_Myoko_Gun_203mm_Turret_1Var_X"/>
			</object>
			<object name="GX7924">
				<integer name="Country" value="2"/>
				<float name="ER" value="100."/>
				<string name="Hull" value="Myoko_Turret"/>
				<string name="Name" value="Turret"/>
				<string name="TypHL" value="AmmoStore"/>
				<string name="UnitName" value="Green_Myoko_Gun_203mm_Turret_1Var_X"/>
			</object>
			<object name="GY7925">
				<integer name="Country" value="2"/>
				<float name="ER" value="30."/>
				<string name="Hull" value="IJN_RF_Green"/>
				<string name="Name" value="Rangefinder"/>
				<string name="TypHL" value="Probe"/>
				<string name="UnitName" value="Green_Myoko_Gun_203mm_Turret_2Var_Y"/>
			</object>
			<object name="GY7926">
				<integer name="Country" value="2"/>
				<float name="ER" value="30."/>
				<string name="Hull" value="IJN_RF_Green"/>
				<string name="Name" value="Shakegeban"/>
				<string name="TypHL" value="Probe"/>
				<string name="UnitName" value="Green_Myoko_Gun_203mm_Turret_2Var_Y"/>
			</object>
			<object name="GY7927">
				<integer name="Country" value="2"/>
				<float name="ER" value="100."/>
				<string name="Hull" value="Myoko_Turret"/>
				<string name="Name" value="Turret"/>
				<string name="TypHL" value="AmmoStore"/>
				<string name="UnitName" value="Green_Myoko_Gun_203mm_Turret_2Var_Y"/>
			</object>
			<object name="G7929">
				<integer name="Country" value="2"/>
				<float name="ER" value="30."/>
				<string name="Hull" value="Std_Guns_SO"/>
				<string name="Name" value="Turret"/>
				<string name="TypHL" value="Hull"/>
				<string name="UnitName" value="Green_Myoko_Gun_127x2_Base"/>
			</object>
			<object name="G7930">
				<integer name="Country" value="2"/>
				<integer name="Crew" value="1"/>
				<float name="ER" value="3.e-002"/>
				<string name="Hull" value="Std_Crew"/>
				<string name="Name" value="Gunner1"/>
				<string name="TypHL" value="Crew"/>
				<string name="UnitName" value="Green_Myoko_Gun_127x2_Base"/>
			</object>
			<object name="G7931">
				<integer name="Country" value="2"/>
				<integer name="Crew" value="1"/>
				<float name="ER" value="3.e-002"/>
				<string name="Hull" value="Std_Crew"/>
				<string name="Name" value="Gunner2"/>
				<string name="TypHL" value="Crew"/>
				<string name="UnitName" value="Green_Myoko_Gun_127x2_Base"/>
			</object>
		</object>
		<object name="Hulls">
			<object name="IJN_RF_Green">
				<integer name="Back" value="25"/>
				<integer name="Bottom" value="25"/>
				<integer name="Country" value="2"/>
				<float name="ExplProb" value="0."/>
				<float name="FireProb" value="0."/>
				<integer name="Front" value="25"/>
				<integer name="Left" value="25"/>
				<string name="Material" value="Armored"/>
				<integer name="Right" value="25"/>
				<integer name="Top" value="25"/>
				<integer name="UnitName" value="0"/>
				<string name="UnitTyp" value="Turret"/>
			</object>
			<object name="Myoko_Turret">
				<integer name="Back" value="25"/>
				<integer name="Bottom" value="25"/>
				<integer name="Country" value="2"/>
				<float name="ExplProb" value="25."/>
				<float name="FireProb" value="30."/>
				<integer name="Front" value="25"/>
				<integer name="Left" value="25"/>
				<string name="Material" value="Armored"/>
				<integer name="Right" value="25"/>
				<integer name="Top" value="20"/>
				<integer name="UnitName" value="0"/>
				<string name="UnitTyp" value="Turret"/>
			</object>
		</object>
		<object name="Rifles">
			<object name="Green_Myoko_Gun_203mm_Stvol">
				<float name="AARange" value="0."/>
				<string name="Ammo" value="Proj_203_J"/>
				<integer name="AmmoStorage" value="126"/>
				<float name="AmmoWeight" value="125.85"/>
				<string name="ArmPiercing" value="Proj_203_J_AP"/>
				<float name="Caliber" value="203."/>
				<string name="Common" value="Proj_203_J_Com"/>
				<integer name="Country" value="2"/>
				<float name="Dispersion" value="8."/>
				<integer name="FinalSpeed" value="396"/>
				<string name="FireSound" value="Guns\203mm"/>
				<string name="HighExp" value="Proj_203_J_HE"/>
				<boolean name="IgnoreXMLFile" value="false"/>
				<float name="Money" value="9.2"/>
				<boolean name="New" value="false"/>
				<float name="ROF" value="4."/>
				<float name="Range" value="29.4"/>
				<boolean name="SLLauncher" value="false"/>
				<string name="SMU_File" value="Green_Myoko_Gun_203mm_Stvol"/>
				<integer name="StartSpeed" value="840"/>
				<integer name="Unreliability" value="0"/>
				<string name="Usage" value="Ships"/>
				<float name="Weight" value="18.7"/>
			</object>
			<object name="Green_Myoko_Gun_127x2">
				<float name="AARange" value="9.4"/>
				<string name="Ammo" value="Proj_127_J"/>
				<integer name="AmmoStorage" value="250"/>
				<float name="AmmoWeight" value="23.45"/>
				<float name="Caliber" value="127."/>
				<integer name="Country" value="2"/>
				<float name="Dispersion" value="7."/>
				<integer name="FinalSpeed" value="159"/>
				<string name="FireSound" value="Guns\127mm"/>
				<string name="Frag" value="Proj_127_J_Fr"/>
				<string name="HighExp" value="Proj_127_J_HE"/>
				<boolean name="IgnoreXMLFile" value="false"/>
				<float name="Money" value="3."/>
				<boolean name="New" value="false"/>
				<float name="ROF" value="10."/>
				<float name="Range" value="14.8"/>
				<boolean name="SLLauncher" value="false"/>
				<string name="SMU_File" value="Green_Myoko_Gun_127x2_Stvol"/>
				<integer name="StartSpeed" value="725"/>
				<integer name="Unreliability" value="0"/>
				<string name="Usage" value="Ships"/>
				<float name="Weight" value="3.05"/>
			</object>
			<object name="Green_Myoko_Gun_127x2_Stvolx">
				<float name="AARange" value="9.4"/>
				<string name="Ammo" value="Proj_127_J"/>
				<integer name="AmmoStorage" value="250"/>
				<float name="AmmoWeight" value="23.45"/>
				<float name="Caliber" value="127."/>
				<string name="Common" value="Proj_127_J_Com"/>
				<integer name="Country" value="2"/>
				<float name="Dispersion" value="9."/>
				<integer name="FinalSpeed" value="159"/>
				<string name="FireSound" value="Guns\127mm"/>
				<string name="Frag" value="Proj_127_J_Fr"/>
				<string name="HighExp" value="Proj_127_J_HE"/>
				<boolean name="IgnoreXMLFile" value="false"/>
				<float name="Money" value="3."/>
				<boolean name="New" value="false"/>
				<float name="ROF" value="14."/>
				<float name="Range" value="14.8"/>
				<boolean name="SLLauncher" value="false"/>
				<string name="SMU_File" value="Dummy_Gun_Stvol"/>
				<integer name="StartSpeed" value="725"/>
				<integer name="Unreliability" value="0"/>
				<string name="Usage" value="Ships"/>
				<float name="Weight" value="3.05"/>
			</object>
		</object>
		<object name="Turrets">
			<object name="Green_Myoko_Gun_203mm_Turret_1Var">
				<integer name="Amount" value="2"/>
				<integer name="ArmorFront" value="152"/>
				<integer name="ArmorSide" value="76"/>
				<integer name="ArmorTop" value="25"/>
				<string name="Building" value="Artillery"/>
				<string name="Content" value="Rifles.Green_Myoko_Gun_203mm_Stvol"/>
				<integer name="Country" value="2"/>
				<float name="DTimeProd" value="10."/>
				<integer name="Elevation" value="55"/>
				<integer name="ElevationRate" value="6"/>
				<string name="Icon" value="Artillery"/>
				<boolean name="IgnoreXMLFile" value="false"/>
				<float name="Iron" value="160."/>
				<float name="Money" value="40."/>
				<float name="NTimeProd" value="60."/>
				<boolean name="New" value="false"/>
				<boolean name="Production" value="false"/>
				<integer name="QualityRate" value="5"/>
				<integer name="RotationRate" value="4"/>
				<string name="SMU_File" value="Green_Myoko_Gun_203mm_Turret_1Var"/>
				<string name="Type" value="Gun"/>
				<float name="Vitality" value="800."/>
				<float name="Weight" value="163."/>
			</object>
			<object name="Green_Myoko_Gun_203mm_Turret_1Var_X">
				<integer name="Amount" value="2"/>
				<integer name="ArmorFront" value="152"/>
				<integer name="ArmorSide" value="76"/>
				<integer name="ArmorTop" value="25"/>
				<string name="Building" value="Artillery"/>
				<string name="Content" value="Rifles.Green_Myoko_Gun_203mm_Stvol"/>
				<integer name="Country" value="2"/>
				<float name="DTimeProd" value="10."/>
				<integer name="Elevation" value="55"/>
				<integer name="ElevationRate" value="6"/>
				<string name="Icon" value="Artillery"/>
				<boolean name="IgnoreXMLFile" value="false"/>
				<float name="Iron" value="160."/>
				<float name="Money" value="40."/>
				<float name="NTimeProd" value="60."/>
				<boolean name="New" value="false"/>
				<boolean name="Production" value="false"/>
				<integer name="QualityRate" value="5"/>
				<integer name="RotationRate" value="4"/>
				<string name="SMU_File" value="Green_Myoko_Gun_203mm_Turret_1Var"/>
				<string name="Type" value="Gun"/>
				<float name="Vitality" value="800."/>
				<float name="Weight" value="163."/>
			</object>
			<object name="Green_Myoko_Gun_203mm_Turret_2Var">
				<integer name="Amount" value="2"/>
				<integer name="ArmorFront" value="152"/>
				<integer name="ArmorSide" value="76"/>
				<integer name="ArmorTop" value="25"/>
				<string name="Building" value="Artillery"/>
				<string name="Content" value="Rifles.Green_Myoko_Gun_203mm_Stvol"/>
				<integer name="Country" value="2"/>
				<float name="DTimeProd" value="10."/>
				<integer name="Elevation" value="55"/>
				<integer name="ElevationRate" value="6"/>
				<string name="Icon" value="Artillery"/>
				<boolean name="IgnoreXMLFile" value="false"/>
				<float name="Iron" value="160."/>
				<float name="Money" value="40."/>
				<float name="NTimeProd" value="60."/>
				<boolean name="New" value="false"/>
				<boolean name="Production" value="false"/>
				<integer name="QualityRate" value="5"/>
				<integer name="RotationRate" value="4"/>
				<string name="SMU_File" value="Green_Myoko_Gun_203mm_Turret_2Var"/>
				<string name="Type" value="Gun"/>
				<float name="Vitality" value="800."/>
				<float name="Weight" value="163."/>
			</object>
			<object name="Green_Myoko_Gun_203mm_Turret_2Var_Y">
				<integer name="Amount" value="2"/>
				<integer name="ArmorFront" value="152"/>
				<integer name="ArmorSide" value="76"/>
				<integer name="ArmorTop" value="25"/>
				<string name="Building" value="Artillery"/>
				<string name="Content" value="Rifles.Green_Myoko_Gun_203mm_Stvol"/>
				<integer name="Country" value="2"/>
				<float name="DTimeProd" value="10."/>
				<integer name="Elevation" value="55"/>
				<integer name="ElevationRate" value="6"/>
				<string name="Icon" value="Artillery"/>
				<boolean name="IgnoreXMLFile" value="false"/>
				<float name="Iron" value="160."/>
				<float name="Money" value="40."/>
				<float name="NTimeProd" value="60."/>
				<boolean name="New" value="false"/>
				<boolean name="Production" value="false"/>
				<integer name="QualityRate" value="5"/>
				<integer name="RotationRate" value="4"/>
				<string name="SMU_File" value="Green_Myoko_Gun_203mm_Turret_2Var"/>
				<string name="Type" value="Gun"/>
				<float name="Vitality" value="800."/>
				<float name="Weight" value="163."/>
			</object>
			<object name="Green_Myoko_Gun_203mm_Turret_3Var">
				<integer name="Amount" value="2"/>
				<integer name="ArmorFront" value="152"/>
				<integer name="ArmorSide" value="76"/>
				<integer name="ArmorTop" value="25"/>
				<string name="Building" value="Artillery"/>
				<string name="Content" value="Rifles.Green_Myoko_Gun_203mm_Stvol"/>
				<integer name="Country" value="2"/>
				<float name="DTimeProd" value="10."/>
				<integer name="Elevation" value="55"/>
				<integer name="ElevationRate" value="6"/>
				<string name="Icon" value="Artillery"/>
				<boolean name="IgnoreXMLFile" value="false"/>
				<float name="Iron" value="160."/>
				<float name="Money" value="40."/>
				<float name="NTimeProd" value="60."/>
				<boolean name="New" value="false"/>
				<boolean name="Production" value="false"/>
				<integer name="QualityRate" value="5"/>
				<integer name="RotationRate" value="4"/>
				<string name="SMU_File" value="Green_Myoko_Gun_203mm_Turret_3Var"/>
				<string name="Type" value="Gun"/>
				<float name="Vitality" value="800."/>
				<float name="Weight" value="163."/>
			</object>
			<object name="Green_Myoko_Gun_127x2_Base">
				<integer name="Amount" value="2"/>
				<integer name="ArmorFront" value="25"/>
				<integer name="ArmorSide" value="25"/>
				<integer name="ArmorTop" value="25"/>
				<string name="Building" value="Artillery"/>
				<string name="Content" value="Rifles.Green_Myoko_Gun_127x2"/>
				<integer name="Country" value="2"/>
				<float name="DTimeProd" value="5."/>
				<integer name="Elevation" value="90"/>
				<integer name="ElevationRate" value="12"/>
				<string name="Icon" value="Artillery"/>
				<boolean name="IgnoreXMLFile" value="false"/>
				<float name="Iron" value="26."/>
				<float name="Money" value="6.5"/>
				<float name="NTimeProd" value="30."/>
				<boolean name="New" value="false"/>
				<boolean name="Production" value="false"/>
				<integer name="QualityRate" value="4"/>
				<integer name="RotationRate" value="6"/>
				<string name="SMU_File" value="Green_Myoko_Gun_127x2_Base"/>
				<string name="Type" value="Gun"/>
				<float name="Vitality" value="350."/>
				<float name="Weight" value="26."/>
			</object>
		</object>
	</object>
</root>
