﻿xml version="1.0" standalone="yes" ?>
<root>
	<object name="Modifications">
		<object name="SubUnits">
			<object name="Green_Myoko_Gun_203mm_Turret_1Var">
				<object name="TPort_01">
					<string name="Device" value="Green_Myoko_Gun_203mm_Stvol"/>
					<string name="Table" value="Rifles"/>
				</object>
				<object name="TPort_02">
					<string name="Device" value="Green_Myoko_Gun_203mm_Stvol"/>
					<string name="Table" value="Rifles"/>
				</object>
			</object>
			<object name="Green_Myoko_Gun_203mm_Turret_2Var">
				<object name="TPort_01">
					<string name="Device" value="Green_Myoko_Gun_203mm_Stvol"/>
					<string name="Table" value="Rifles"/>
				</object>
				<object name="TPort_02">
					<string name="Device" value="Green_Myoko_Gun_203mm_Stvol"/>
					<string name="Table" value="Rifles"/>
				</object>
			</object>
			<object name="Green_Myoko_Gun_203mm_Turret_3Var">
				<object name="TPort_01">
					<string name="Device" value="Green_Myoko_Gun_203mm_Stvol"/>
					<string name="Table" value="Rifles"/>
				</object>
				<object name="TPort_02">
					<string name="Device" value="Green_Myoko_Gun_203mm_Stvol"/>
					<string name="Table" value="Rifles"/>
				</object>
			</object>
			<object name="Green_Myoko_Gun_203mm_Turret_1Var_X">
				<object name="TPort_01">
					<string name="Device" value="Green_Myoko_Gun_203mm_Stvol"/>
					<string name="Table" value="Rifles"/>
				</object>
				<object name="TPort_02">
					<string name="Device" value="Green_Myoko_Gun_203mm_Stvol"/>
					<string name="Table" value="Rifles"/>
				</object>
			</object>
			<object name="Green_Myoko_Gun_203mm_Turret_2Var_Y">
				<object name="TPort_01">
					<string name="Device" value="Green_Myoko_Gun_203mm_Stvol"/>
					<string name="Table" value="Rifles"/>
				</object>
				<object name="TPort_02">
					<string name="Device" value="Green_Myoko_Gun_203mm_Stvol"/>
					<string name="Table" value="Rifles"/>
				</object>
			</object>
			<object name="Green_Myoko_Gun_127x2_Base">
				<object name="TPort_01">
					<string name="Device" value="Green_Myoko_Gun_127x2"/>
					<string name="Table" value="Rifles"/>
				</object>
				<object name="TPort_02">
					<string name="Device" value="Green_Myoko_Gun_127x2_Stvolx"/>
					<string name="Table" value="Rifles"/>
				</object>
			</object>
		</object>
	</object>
</root>

