﻿<?xml version = "1.0" encoding = "UTF-8"?>
<root>
	<object name = "SteelMonstersParams">
		<object name="Ships">
			<object name="Wisconsin">
				<float name="AccelRate" value="1.e-004"/>
				<string name="Airgroup" value="Scout_ShipWater_Battleship_Battaliom_usa"/>
				<integer name="AirplanesCount" value="4"/>
				<string name="AmmoLoadingTemplate" value="Ammo 300"/>
				<boolean name="BoatsTransportationAbility" value="false"/>
				<integer name="CabinArmor" value="533"/>
				<boolean name="CanBeChanged" value="true"/>
				<boolean name="CanUseTorpedos" value="false"/>
				<string name="CatapultAirgroupDefaultUnit" value="OS2U"/>
				<integer name="Country" value="1"/>
				<integer name="Crew" value="1921"/>
				<float name="CriticalCareen" value="31."/>
				<float name="CriticalDFT" value="2.7"/>
				<float name="CriticalDifferent" value="2.3"/>
				<float name="DisplacementMax" value="57540."/>
				<float name="DTimeProd" value="160."/>
				<float name="EPR" value="630."/>
				<float name="FireRisk" value="1667."/>
				<float name="Fuel" value="7621."/>
				<float name="HLShapeCoef" value="0.55"/>
				<integer name="HullArmorSide" value="310"/>
				<integer name="HullArmorTop" value="265"/>
				<float name="Iron" value="60000."/>
				<integer name="Length" value="270.4"/>
				<float name="MaxSpeed" value="32.5"/>
				<integer name="MinCrew" value="960"/>
				<float name="Money" value="42000."/>
				<string name="Name" value="Wisconsin"/>
				<boolean name="New" value="false"/>
				<float name="NTimeProd" value="400."/>
				<integer name="Nuc_Dest_Prob" value="300"/>
				<integer name="Passengers" value="70"/>
				<boolean name="PlanesTransportationAbility" value="false"/>
				<float name="Range" value="29447."/>
				<integer name="Rank" value="2"/>
				<string name="SMU" value="Wisconsin"/>
				<float name="Speed" value="15."/>
				<float name="StoreCapacity" value="2500."/>
				<boolean name="Transportable" value="false"/>
				<float name="TurnRate" value="7.e-004"/>
				<integer name="Type" value="1"/>
				<float name="Vitality" value="8400."/>
				<float name="VitalityAA" value="3500."/>
				<float name="Weight" value="48100."/>
				<integer name="Width" value="33"/>
				<integer name="Year" value="43"/>
			</object>
		</object>
		<object name="ShipsNames">
			<object name="Wisconsin">
				<string name="1" value="Wisconsin"/>
			</object>
		</object>
		<object name="UnitsByType">
			<object name="1">
				<object name="Wisconsin">
					<string name="ChildTable" value="Ships"/>
				</object>
			</object>
		</object>
	</object>
</root>
