﻿<?xml version="1.0" standalone="yes" ?>
<root>
	<object name="Prototypes">
		<object name="Ships">
			<object name="Haguro">
				<object name="Slots">
					<object name="TPort_027">
						<integer name="icon_x" value="270"/>
						<integer name="icon_y" value="108"/>
						<object name="SubSlots">
							<object name="TPort_010">
								<integer name="icon_x" value="44"/>
								<integer name="icon_y" value="3"/>
							</object>
							<object name="TPort_011">
								<integer name="icon_x" value="85"/>
								<integer name="icon_y" value="3"/>
							</object>
							<object name="TPort_012">
								<integer name="icon_x" value="126"/>
								<integer name="icon_y" value="3"/>
							</object>
							<object name="TPort_013">
								<integer name="icon_x" value="167"/>
								<integer name="icon_y" value="3"/>
							</object>
							<object name="TPort_014">
								<integer name="icon_x" value="208"/>
								<integer name="icon_y" value="3"/>
							</object>
							<object name="TPort_015">
								<integer name="icon_x" value="249"/>
								<integer name="icon_y" value="3"/>
							</object>
							<object name="TPort_016">
								<integer name="icon_x" value="290"/>
								<integer name="icon_y" value="3"/>
							</object>
							<object name="TPort_017">
								<integer name="icon_x" value="331"/>
								<integer name="icon_y" value="3"/>
							</object>
							<object name="TPort_018">
								<integer name="icon_x" value="372"/>
								<integer name="icon_y" value="3"/>
							</object>
							<object name="TPort_019">
								<integer name="icon_x" value="413"/>
								<integer name="icon_y" value="3"/>
							</object>
							<object name="TPort_020">
								<integer name="icon_x" value="495"/>
								<integer name="icon_y" value="3"/>
							</object>
							<object name="TPort_021">
								<integer name="icon_x" value="3"/>
								<integer name="icon_y" value="44"/>
							</object>
							<object name="TPort_024">
								<integer name="icon_x" value="126"/>
								<integer name="icon_y" value="44"/>
							</object>
							<object name="TPort_025">
								<integer name="icon_x" value="167"/>
								<integer name="icon_y" value="44"/>
							</object>
							<object name="TPort_026">
								<integer name="icon_x" value="208"/>
								<integer name="icon_y" value="44"/>
							</object>
						</object>
					</object>
					<object name="TPort_03">
						<integer name="icon_x" value="270"/>
						<integer name="icon_y" value="17"/>
					</object>
					<object name="TPort_033">
						<integer name="icon_x" value="137"/>
						<integer name="icon_y" value="108"/>
						<object name="SubSlots">
							<object name="TPort_028">
								<integer name="icon_x" value="290"/>
								<integer name="icon_y" value="44"/>
							</object>
							<object name="TPort_029">
								<integer name="icon_x" value="331"/>
								<integer name="icon_y" value="44"/>
							</object>
							<object name="TPort_030">
								<integer name="icon_x" value="413"/>
								<integer name="icon_y" value="44"/>
							</object>
							<object name="TPort_031">
								<integer name="icon_x" value="454"/>
								<integer name="icon_y" value="44"/>
							</object>
							<object name="TPort_032">
								<integer name="icon_x" value="495"/>
								<integer name="icon_y" value="44"/>
							</object>
						</object>
					</object>
					<object name="TPort_037">
						<integer name="icon_x" value="11"/>
						<integer name="icon_y" value="107"/>
						<object name="SubSlots">
							<object name="TPort_034">
								<integer name="icon_x" value="44"/>
								<integer name="icon_y" value="85"/>
							</object>
							<object name="TPort_035">
								<integer name="icon_x" value="85"/>
								<integer name="icon_y" value="85"/>
							</object>
							<object name="TPort_022">
								<integer name="icon_x" value="44"/>
								<integer name="icon_y" value="44"/>
							</object>
							<object name="TPort_023">
								<integer name="icon_x" value="85"/>
								<integer name="icon_y" value="44"/>
							</object>
							<object name="TPort_036">
								<integer name="icon_x" value="126"/>
								<integer name="icon_y" value="85"/>
							</object>
						</object>
					</object>
					<object name="TPort_04">
						<integer name="icon_x" value="12"/>
						<integer name="icon_y" value="17"/>
						<object name="SubSlots">
							<object name="TPort_01">
								<integer name="icon_x" value="3"/>
								<integer name="icon_y" value="3"/>
							</object>
						</object>
					</object>
					<object name="TPort_RF_Typ95_02_F1R">
						<object name="SubSlots">
							<object name="TPort_RF_Typ95_02_F1L">
								<integer name="icon_x" value="333"/>
								<integer name="icon_y" value="126"/>
							</object>
							<object name="TPort_RF_Typ95_02_B1R">
								<integer name="icon_x" value="335"/>
								<integer name="icon_y" value="126"/>
							</object>
							<object name="TPort_RF_Typ95_02_B1L">
								<integer name="icon_x" value="335"/>
								<integer name="icon_y" value="126"/>
							</object>
							<object name="TPort_RF_Typ95_02_B2F">
								<integer name="icon_x" value="335"/>
								<integer name="icon_y" value="126"/>
							</object>
							<object name="TPort_RF_Typ95_02_B2B">
								<integer name="icon_x" value="335"/>
								<integer name="icon_y" value="126"/>
							</object>
						</object>
						<integer name="icon_x" value="100"/>
						<integer name="icon_y" value="185"/>
					</object>
					<object name="TPort_041">
						<integer name="icon_x" value="511"/>
						<integer name="icon_y" value="16"/>
						<object name="SubSlots">
							<object name="TPort_038">
								<integer name="icon_x" value="208"/>
								<integer name="icon_y" value="85"/>
							</object>
							<object name="TPort_039">
								<integer name="icon_x" value="249"/>
								<integer name="icon_y" value="85"/>
							</object>
							<object name="TPort_040">
								<integer name="icon_x" value="331"/>
								<integer name="icon_y" value="85"/>
							</object>
						</object>
					</object>
					<object name="TPort_043">
						<integer name="icon_x" value="81"/>
						<integer name="icon_y" value="275"/>
						<object name="SubSlots">
							<object name="TPort_042">
								<integer name="icon_x" value="413"/>
								<integer name="icon_y" value="85"/>
							</object>
						</object>
					</object>
					<object name="TPort_044">
						<integer name="icon_x" value="264"/>
						<integer name="icon_y" value="211"/>
					</object>
					<object name="TPort_046">
						<integer name="icon_x" value="390"/>
						<integer name="icon_y" value="210"/>
						<object name="SubSlots">
							<object name="TPort_045">
								<integer name="icon_x" value="3"/>
								<integer name="icon_y" value="126"/>
							</object>
						</object>
					</object>
					<object name="TPort_048">
						<integer name="icon_x" value="137"/>
						<integer name="icon_y" value="211"/>
						<object name="SubSlots">
							<object name="TPort_047">
								<integer name="icon_x" value="85"/>
								<integer name="icon_y" value="126"/>
							</object>
						</object>
					</object>
					<object name="TPort_049">
						<integer name="icon_x" value="505"/>
						<integer name="icon_y" value="211"/>
					</object>
					<object name="TPort_05">
						<integer name="icon_x" value="142"/>
						<integer name="icon_y" value="16"/>
						<object name="SubSlots">
							<object name="TPort_02">
								<integer name="icon_x" value="454"/>
								<integer name="icon_y" value="3"/>
							</object>
						</object>
					</object>
					<object name="TPort_051">
						<integer name="icon_x" value="11"/>
						<integer name="icon_y" value="210"/>
						<object name="SubSlots">
							<object name="TPort_050">
								<integer name="icon_x" value="249"/>
								<integer name="icon_y" value="126"/>
							</object>
						</object>
					</object>
					<object name="TPort_057">
						<integer name="icon_x" value="392"/>
						<integer name="icon_y" value="109"/>
						<object name="SubSlots">
							<object name="TPort_052">
								<integer name="icon_x" value="331"/>
								<integer name="icon_y" value="126"/>
							</object>
							<object name="TPort_053">
								<integer name="icon_x" value="372"/>
								<integer name="icon_y" value="126"/>
							</object>
							<object name="TPort_054">
								<integer name="icon_x" value="413"/>
								<integer name="icon_y" value="126"/>
							</object>
							<object name="TPort_055">
								<integer name="icon_x" value="454"/>
								<integer name="icon_y" value="126"/>
							</object>
							<object name="TPort_056">
								<integer name="icon_x" value="495"/>
								<integer name="icon_y" value="126"/>
							</object>
						</object>
					</object>
					<object name="TPort_059">
						<integer name="icon_x" value="385"/>
						<integer name="icon_y" value="339"/>
						<object name="SubSlots">
							<object name="TPort_058">
								<integer name="icon_x" value="44"/>
								<integer name="icon_y" value="167"/>
							</object>
						</object>
					</object>
					<object name="TPort_060">
						<integer name="icon_x" value="167"/>
						<integer name="icon_y" value="167"/>
					</object>
					<object name="TPort_061">
						<integer name="icon_x" value="208"/>
						<integer name="icon_y" value="167"/>
					</object>
					<object name="TPort_062">
						<integer name="icon_x" value="249"/>
						<integer name="icon_y" value="167"/>
					</object>
					<object name="TPort_063">
						<integer name="icon_x" value="290"/>
						<integer name="icon_y" value="167"/>
					</object>
					<object name="TPort_09">
						<integer name="icon_x" value="401"/>
						<integer name="icon_y" value="16"/>
						<object name="SubSlots">
							<object name="TPort_06">
								<integer name="icon_x" value="126"/>
								<integer name="icon_y" value="167"/>
							</object>
							<object name="TPort_07">
								<integer name="icon_x" value="331"/>
								<integer name="icon_y" value="167"/>
							</object>
							<object name="TPort_08">
								<integer name="icon_x" value="372"/>
								<integer name="icon_y" value="167"/>
							</object>
						</object>
					</object>
					<object name="TPort_Radar3">
						<integer name="icon_x" value="200"/>
						<integer name="icon_y" value="260"/>
					</object>
					<object name="TPort_Radar1">
						<integer name="icon_x" value="350"/>
						<integer name="icon_y" value="260"/>
					</object>
					<object name="TPort_Radar2">
						<integer name="icon_x" value="500"/>
						<integer name="icon_y" value="220"/>
					</object>
					<object name="TPort_RADAR4">
						<object name="SubSlots">
							<object name="TPort_RADAR5">
								<integer name="icon_x" value="400"/>
								<integer name="icon_y" value="126"/>
							</object>
						</object>
						<integer name="icon_x" value="400"/>
						<integer name="icon_y" value="220"/>
					</object>
					<object name="ZPort_AAGunContr1">
						<integer name="icon_x" value="14"/>
						<integer name="icon_y" value="339"/>
					</object>
					<object name="ZPort_Bridge">
						<integer name="icon_x" value="495"/>
						<integer name="icon_y" value="167"/>
					</object>
					<object name="ZPort_FuelTank">
						<integer name="icon_x" value="3"/>
						<integer name="icon_y" value="208"/>
					</object>
					<object name="ZPort_Jammer_JS_A">
						<integer name="icon_x" value="502"/>
						<integer name="icon_y" value="341"/>
					</object>
					<object name="ZPort_Jammer_US_A1">
						<integer name="icon_x" value="85"/>
						<integer name="icon_y" value="208"/>
					</object>
					<object name="ZPort_MainGunContr">
						<integer name="icon_x" value="151"/>
						<integer name="icon_y" value="340"/>
					</object>
					<object name="ZPort_Radio">
						<integer name="icon_x" value="522"/>
						<integer name="icon_y" value="108"/>
					</object>
					<object name="ZPort_Rudder">
						<integer name="icon_x" value="208"/>
						<integer name="icon_y" value="208"/>
					</object>
					<object name="ZPort_Sonar">
						<integer name="icon_x" value="249"/>
						<integer name="icon_y" value="208"/>
					</object>
					<object name="ZPort_Sonar1">
						<integer name="icon_x" value="290"/>
						<integer name="icon_y" value="208"/>
					</object>
					<object name="ZPort_SteamTurbine">
						<integer name="icon_x" value="274"/>
						<integer name="icon_y" value="340"/>
					</object>
				</object>
			</object>
		</object>
	</object>
</root>