﻿<?xml version="1.0" standalone="yes" ?>
<root>
	<object name="SteelMonstersParams">
		<object name="Hit_Location">
			<object name="8832">
				<integer name="Country" value="1"/>
				<float name="ER" value="80."/>
				<string name="Hull" value="Std_Boiler"/>
				<string name="Name" value="Middle3_Boiler"/>
				<string name="TypHL" value="Boiler"/>
				<string name="UnitName" value="Hunt"/>
			</object>
			<object name="8833">
				<string name="ConnectName" value="Engine2"/>
				<integer name="Country" value="1"/>
				<float name="ER" value="80."/>
				<string name="Hull" value="Std_Mover"/>
				<string name="Name" value="Mover2"/>
				<string name="TypHL" value="Mover"/>
				<string name="UnitName" value="Hunt"/>
			</object>
			<object name="8834">
				<string name="ConnectName" value="Tiller;"/>
				<integer name="Country" value="1"/>
				<float name="ER" value="80."/>
				<string name="Hull" value="Std_Rudder"/>
				<string name="Name" value="Rudder"/>
				<string name="TypHL" value="Rudder"/>
				<string name="UnitName" value="Hunt"/>
			</object>
			<object name="8835">
				<integer name="Country" value="1"/>
				<float name="ER" value="100."/>
				<string name="Hull" value="Std_AS_T1"/>
				<string name="Name" value="AmmoStore_3"/>
				<float name="Param_1" value="0."/>
				<string name="TypHL" value="AmmoStore"/>
				<string name="UnitName" value="Hunt"/>
			</object>
			<object name="8836">
				<integer name="Country" value="1"/>
				<float name="ER" value="100."/>
				<string name="Hull" value="Std_AS_T1"/>
				<string name="Name" value="AmmoStore_2"/>
				<float name="Param_1" value="0."/>
				<string name="TypHL" value="AmmoStore"/>
				<string name="UnitName" value="Hunt"/>
			</object>
			<object name="8837">
				<integer name="Country" value="1"/>
				<float name="ER" value="100."/>
				<string name="Hull" value="Hunt_Ordinary"/>
				<string name="Name" value="BattleCabine"/>
				<string name="TypHL" value="Hull"/>
				<string name="UnitName" value="Hunt"/>
			</object>
			<object name="8838">
				<integer name="Country" value="1"/>
				<float name="ER" value="30."/>
				<string name="Hull" value="Std_Probe"/>
				<string name="Name" value="Radar"/>
				<string name="TypHL" value="Probe"/>
				<string name="UnitName" value="Hunt"/>
			</object>
			<object name="8839">
				<integer name="Country" value="1"/>
				<float name="ER" value="30."/>
				<string name="Hull" value="Std_Probe"/>
				<string name="Name" value="Radio"/>
				<string name="TypHL" value="Probe"/>
				<string name="UnitName" value="Hunt"/>
			</object>
			<object name="8840">
				<integer name="Country" value="1"/>
				<float name="ER" value="30."/>
				<string name="Hull" value="Std_Probe"/>
				<string name="Name" value="Probe_MG"/>
				<string name="TypHL" value="Probe"/>
				<string name="UnitName" value="Hunt"/>
			</object>
			<object name="8841">
				<integer name="Country" value="1"/>
				<float name="ER" value="30."/>
				<string name="Hull" value="Std_Probe"/>
				<string name="Name" value="Probe_AA"/>
				<string name="TypHL" value="Probe"/>
				<string name="UnitName" value="Hunt"/>
			</object>
			<object name="8842">
				<integer name="Country" value="1"/>
				<float name="ER" value="80."/>
				<string name="Hull" value="Hunt_Ordinary"/>
				<string name="Name" value="Middle1_Deck"/>
				<string name="TypHL" value="Hull"/>
				<string name="UnitName" value="Hunt"/>
			</object>
			<object name="8843">
				<integer name="Country" value="1"/>
				<float name="ER" value="80."/>
				<string name="Hull" value="Std_Bottom"/>
				<string name="Name" value="Middle2_Bottom"/>
				<string name="TypHL" value="FuelTank"/>
				<string name="UnitName" value="Hunt"/>
			</object>
			<object name="8844">
				<string name="ConnectName" value="Engine1"/>
				<integer name="Country" value="1"/>
				<float name="ER" value="80."/>
				<string name="Hull" value="Std_Mover"/>
				<string name="Name" value="Mover1"/>
				<string name="TypHL" value="Mover"/>
				<string name="UnitName" value="Hunt"/>
			</object>
			<object name="8845">
				<integer name="Country" value="1"/>
				<float name="ER" value="80."/>
				<string name="Hull" value="Std_Boiler"/>
				<string name="Name" value="Middle2_Boiler"/>
				<string name="TypHL" value="Boiler"/>
				<string name="UnitName" value="Hunt"/>
			</object>
			<object name="8846">
				<integer name="Country" value="1"/>
				<float name="ER" value="80."/>
				<string name="Hull" value="Std_Bottom"/>
				<string name="Name" value="Middle1_Bottom"/>
				<string name="TypHL" value="Hull"/>
				<string name="UnitName" value="Hunt"/>
			</object>
			<object name="8847">
				<integer name="Country" value="1"/>
				<float name="ER" value="80."/>
				<string name="Hull" value="Hunt_Ordinary"/>
				<string name="Name" value="Middle3_Deck"/>
				<string name="TypHL" value="Hull"/>
				<string name="UnitName" value="Hunt"/>
			</object>
			<object name="8848">
				<integer name="Country" value="1"/>
				<float name="ER" value="80."/>
				<string name="Hull" value="Std_Bottom"/>
				<string name="Name" value="Middle3_Bottom"/>
				<string name="TypHL" value="FuelTank"/>
				<string name="UnitName" value="Hunt"/>
			</object>
			<object name="8849">
				<integer name="Country" value="1"/>
				<float name="ER" value="80."/>
				<string name="Hull" value="Hunt_Ordinary"/>
				<string name="Name" value="Middle4_Deck"/>
				<string name="TypHL" value="Hull"/>
				<string name="UnitName" value="Hunt"/>
			</object>
			<object name="8850">
				<string name="ConnectName" value="Middle2_Boiler;Middle3_Boiler"/>
				<integer name="Country" value="1"/>
				<float name="ER" value="80."/>
				<string name="Hull" value="Std_Engine"/>
				<string name="Name" value="Engine1"/>
				<string name="TypHL" value="Engine"/>
				<string name="UnitName" value="Hunt"/>
			</object>
			<object name="8851">
				<string name="ConnectName" value="Middle2_Boiler;Middle3_Boiler"/>
				<integer name="Country" value="1"/>
				<float name="ER" value="80."/>
				<string name="Hull" value="Std_Engine"/>
				<string name="Name" value="Engine2"/>
				<string name="TypHL" value="Engine"/>
				<string name="UnitName" value="Hunt"/>
			</object>
			<object name="8852">
				<integer name="Country" value="1"/>
				<float name="ER" value="80."/>
				<string name="Hull" value="Std_Bottom"/>
				<string name="Name" value="Middle4_Bottom"/>
				<string name="TypHL" value="FuelTank"/>
				<string name="UnitName" value="Hunt"/>
			</object>
			<object name="8853">
				<integer name="Country" value="1"/>
				<float name="ER" value="80."/>
				<string name="Hull" value="Std_Bottom"/>
				<string name="Name" value="Bow1_Bottom"/>
				<string name="TypHL" value="Hull"/>
				<string name="UnitName" value="Hunt"/>
			</object>
			<object name="8854">
				<integer name="Country" value="1"/>
				<float name="ER" value="80."/>
				<string name="Hull" value="Hunt_Ordinary"/>
				<string name="Name" value="Bow1_Deck"/>
				<string name="TypHL" value="Hull"/>
				<string name="UnitName" value="Hunt"/>
			</object>
			<object name="8855">
				<integer name="Country" value="1"/>
				<float name="ER" value="100."/>
				<string name="Hull" value="Std_AS_T1"/>
				<string name="Name" value="AmmoStore_1"/>
				<float name="Param_1" value="0."/>
				<string name="TypHL" value="AmmoStore"/>
				<string name="UnitName" value="Hunt"/>
			</object>
			<object name="8856">
				<integer name="Country" value="1"/>
				<float name="ER" value="80."/>
				<string name="Hull" value="Hunt_Ordinary"/>
				<string name="Name" value="Stern1_Deck"/>
				<string name="TypHL" value="Hull"/>
				<string name="UnitName" value="Hunt"/>
			</object>
			<object name="8857">
				<integer name="Country" value="1"/>
				<float name="ER" value="100."/>
				<string name="Hull" value="Std_AS_T1"/>
				<string name="Name" value="AmmoStore_4"/>
				<float name="Param_1" value="0."/>
				<string name="TypHL" value="AmmoStore"/>
				<string name="UnitName" value="Hunt"/>
			</object>
			<object name="8858">
				<integer name="Country" value="1"/>
				<float name="ER" value="80."/>
				<string name="Hull" value="Hunt_Ordinary"/>
				<string name="Name" value="Stern2_Deck"/>
				<string name="TypHL" value="Hull"/>
				<string name="UnitName" value="Hunt"/>
			</object>
			<object name="8859">
				<integer name="Country" value="1"/>
				<float name="ER" value="50."/>
				<string name="Hull" value="Std_Hull"/>
				<string name="Name" value="Tiller"/>
				<string name="TypHL" value="Hull"/>
				<string name="UnitName" value="Hunt"/>
			</object>
			<object name="8860">
				<integer name="Country" value="1"/>
				<float name="ER" value="80."/>
				<string name="Hull" value="Hunt_Ordinary"/>
				<string name="Name" value="Middle2_Deck"/>
				<string name="TypHL" value="Hull"/>
				<string name="UnitName" value="Hunt"/>
			</object>
			<object name="8861">
				<integer name="Country" value="1"/>
				<float name="ER" value="30."/>
				<string name="Hull" value="Std_Probe"/>
				<string name="Name" value="Sonar"/>
				<string name="TypHL" value="Probe"/>
				<string name="UnitName" value="Hunt"/>
			</object>
			<object name="9299">
				<integer name="Country" value="3"/>
				<integer name="Crew" value="50"/>
				<float name="ER" value="60."/>
				<string name="Hull" value="Hunt_Ordinary"/>
				<string name="Name" value="ConingBridje"/>
				<string name="TypHL" value="Crew"/>
				<string name="UnitName" value="Hunt"/>
			</object>
			<object name="9300">
				<integer name="Country" value="3"/>
				<integer name="Crew" value="40"/>
				<float name="ER" value="60."/>
				<string name="Hull" value="Std_Hull"/>
				<string name="Name" value="BowSuperstructure"/>
				<string name="TypHL" value="Crew"/>
				<string name="UnitName" value="Hunt"/>
			</object>
			<object name="9301">
				<integer name="Country" value="3"/>
				<integer name="Crew" value="40"/>
				<float name="ER" value="60."/>
				<string name="Hull" value="Std_Hull"/>
				<string name="Name" value="SternSuperstructure"/>
				<string name="TypHL" value="Crew"/>
				<string name="UnitName" value="Hunt"/>
			</object>
			<object name="9302">
				<integer name="Country" value="3"/>
				<float name="ER" value="50."/>
				<string name="Hull" value="Std_SmokeStack"/>
				<string name="Name" value="SmokeStack"/>
				<string name="TypHL" value="Hull"/>
				<string name="UnitName" value="Hunt"/>
			</object>
			<object name="Hunt7802">
				<integer name="Country" value="3"/>
				<integer name="Crew" value="1"/>
				<float name="ER" value="3.e-002"/>
				<string name="Hull" value="Std_Crew"/>
				<string name="Name" value="Gunner3"/>
				<string name="TypHL" value="Crew"/>
				<string name="UnitName" value="Hunt_Gun_20x4_Turret"/>
			</object>
			<object name="Hunt7803">
				<integer name="Country" value="3"/>
				<integer name="Crew" value="1"/>
				<float name="ER" value="3.e-002"/>
				<string name="Hull" value="Std_Crew"/>
				<string name="Name" value="Gunner2"/>
				<string name="TypHL" value="Crew"/>
				<string name="UnitName" value="Hunt_Gun_20x4_Turret"/>
			</object>
			<object name="Hunt7804">
				<integer name="Country" value="3"/>
				<integer name="Crew" value="1"/>
				<float name="ER" value="3.e-002"/>
				<string name="Hull" value="Std_Crew"/>
				<string name="Name" value="Gunner1"/>
				<string name="TypHL" value="Crew"/>
				<string name="UnitName" value="Hunt_Gun_20x4_Turret"/>
			</object>
			<object name="Hunt7805">
				<integer name="Country" value="3"/>
				<float name="ER" value="5."/>
				<string name="Hull" value="Std_Stvol"/>
				<string name="Name" value="Turret"/>
				<string name="TypHL" value="Hull"/>
				<string name="UnitName" value="Hunt_Gun_20x4_Turret"/>
			</object>
		</object>
		<object name="Hulls">	
			<object name="Hunt_Ordinary">
				<integer name="Back" value="20"/>
				<integer name="Bottom" value="10"/>
				<integer name="Country" value="3"/>
				<float name="ExplProb" value="0."/>
				<float name="FireProb" value="15."/>
				<integer name="Front" value="20"/>
				<integer name="Left" value="20"/>
				<string name="Material" value="Steel"/>
				<integer name="Right" value="20"/>
				<integer name="Top" value="15"/>
				<integer name="UnitName" value="0"/>
				<string name="UnitTyp" value="Ship"/>
			</object>
		</object>
	</object>
</root>
