﻿<?xml version="1.0" standalone="yes" ?>
<root>
	<object name="SteelMonstersParams">
		<object name="Hit_Location">
			<object name="5095">
				<integer name="Country" value="3"/>
				<integer name="Crew" value="280"/>
				<float name="ER" value="150."/>
				<string name="Hull" value="Std_CLUpperHull"/>
				<string name="Name" value="Bow_USuperstructure"/>
				<string name="TypHL" value="Crew"/>
				<string name="UnitName" value="Fiji"/>
			</object>
			<object name="5096">
				<integer name="Country" value="3"/>
				<float name="ER" value="100."/>
				<string name="Hull" value="Std_SmokeStack"/>
				<string name="Name" value="Bow_SmokeStack"/>
				<string name="TypHL" value="Hull"/>
				<string name="UnitName" value="Fiji"/>
			</object>
			<object name="5097">
				<integer name="Country" value="3"/>
				<float name="ER" value="100."/>
				<string name="Hull" value="Std_SmokeStack"/>
				<string name="Name" value="Stern_SmokeStack"/>
				<string name="TypHL" value="Hull"/>
				<string name="UnitName" value="Fiji"/>
			</object>
			<object name="5098">
				<integer name="Country" value="3"/>
				<integer name="Crew" value="280"/>
				<float name="ER" value="150."/>
				<string name="Hull" value="Std_CLUpperHull"/>
				<string name="Name" value="Stern_LSuperstructure"/>
				<string name="TypHL" value="Crew"/>
				<string name="UnitName" value="Fiji"/>
			</object>
			<object name="5099">
				<integer name="Country" value="3"/>
				<float name="ER" value="240."/>
				<string name="Hull" value="Fiji_Barbet"/>
				<string name="Name" value="Barbet3"/>
				<string name="TypHL" value="Hull"/>
				<string name="UnitName" value="Fiji"/>
			</object>
			<object name="5100">
				<integer name="Country" value="3"/>
				<float name="ER" value="200."/>
				<string name="Hull" value="Fiji_Bottom2"/>
				<string name="Name" value="Bow2_Bottom"/>
				<string name="TypHL" value="Hull"/>
				<string name="UnitName" value="Fiji"/>
			</object>
			<object name="5101">
				<integer name="Country" value="3"/>
				<float name="ER" value="240."/>
				<string name="Hull" value="Fiji_ALowerDeck"/>
				<string name="Name" value="Bow2_LowerDeck"/>
				<string name="TypHL" value="Hull"/>
				<string name="UnitName" value="Fiji"/>
			</object>
			<object name="5102">
				<integer name="Country" value="3"/>
				<float name="ER" value="200."/>
				<string name="Hull" value="Fiji_AmmoStore"/>
				<string name="Name" value="AmmoStore_1"/>
				<string name="TypHL" value="AmmoStore"/>
				<string name="UnitName" value="Fiji"/>
			</object>
			<object name="5103">
				<integer name="Country" value="3"/>
				<float name="ER" value="200."/>
				<string name="Hull" value="Fiji_AmmoStore"/>
				<string name="Name" value="AmmoStore_2"/>
				<string name="TypHL" value="AmmoStore"/>
				<string name="UnitName" value="Fiji"/>
			</object>
			<object name="5104">
				<integer name="Country" value="3"/>
				<float name="ER" value="200."/>
				<string name="Hull" value="Fiji_UpperDeck"/>
				<string name="Name" value="Bow2_UpperDeck"/>
				<string name="TypHL" value="Hull"/>
				<string name="UnitName" value="Fiji"/>
			</object>
			<object name="5105">
				<integer name="Country" value="3"/>
				<float name="ER" value="200."/>
				<string name="Hull" value="Fiji_Rboard"/>
				<string name="Name" value="Bow2_RBoard"/>
				<string name="TypHL" value="Hull"/>
				<string name="UnitName" value="Fiji"/>
			</object>
			<object name="5106">
				<integer name="Country" value="3"/>
				<float name="ER" value="200."/>
				<string name="Hull" value="Fiji_Lboard"/>
				<string name="Name" value="Bow2_LBoard"/>
				<string name="TypHL" value="Hull"/>
				<string name="UnitName" value="Fiji"/>
			</object>
			<object name="5107">
				<integer name="Country" value="3"/>
				<float name="ER" value="240."/>
				<string name="Hull" value="Fiji_LAMP"/>
				<string name="Name" value="Bow2_LAMP"/>
				<string name="TypHL" value="Hull"/>
				<string name="UnitName" value="Fiji"/>
			</object>
			<object name="5108">
				<integer name="Country" value="3"/>
				<float name="ER" value="240."/>
				<string name="Hull" value="Fiji_RAMP"/>
				<string name="Name" value="Bow2_RAMP"/>
				<string name="TypHL" value="Hull"/>
				<string name="UnitName" value="Fiji"/>
			</object>
			<object name="5109">
				<integer name="Country" value="3"/>
				<float name="ER" value="240."/>
				<string name="Hull" value="Fiji_LBelt"/>
				<string name="Name" value="Bow2_LBelt"/>
				<string name="TypHL" value="Hull"/>
				<string name="UnitName" value="Fiji"/>
			</object>
			<object name="5110">
				<integer name="Country" value="3"/>
				<float name="ER" value="240."/>
				<string name="Hull" value="Fiji_RBelt"/>
				<string name="Name" value="Bow2_RBelt"/>
				<string name="TypHL" value="Hull"/>
				<string name="UnitName" value="Fiji"/>
			</object>
			<object name="5111">
				<integer name="Country" value="3"/>
				<float name="ER" value="200."/>
				<string name="Hull" value="Fiji_Bottom2"/>
				<string name="Name" value="Middle1_LBottom"/>
				<string name="TypHL" value="FuelTank"/>
				<string name="UnitName" value="Fiji"/>
			</object>
			<object name="5112">
				<integer name="Country" value="3"/>
				<float name="ER" value="200."/>
				<string name="Hull" value="Fiji_Bottom2"/>
				<string name="Name" value="Middle1_RBottom"/>
				<string name="TypHL" value="FuelTank"/>
				<string name="UnitName" value="Fiji"/>
			</object>
			<object name="5113">
				<integer name="Country" value="3"/>
				<float name="ER" value="240."/>
				<string name="Hull" value="Fiji_ALowerDeck"/>
				<string name="Name" value="Middle1_LowerDeck"/>
				<string name="TypHL" value="Hull"/>
				<string name="UnitName" value="Fiji"/>
			</object>
			<object name="5114">
				<integer name="Country" value="3"/>
				<float name="ER" value="200."/>
				<string name="Hull" value="Fiji_AmmoStore"/>
				<string name="Name" value="AmmoStore_SG"/>
				<string name="TypHL" value="AmmoStore"/>
				<string name="UnitName" value="Fiji"/>
			</object>
			<object name="5115">
				<integer name="Country" value="3"/>
				<float name="ER" value="200."/>
				<string name="Hull" value="Fiji_UpperDeck"/>
				<string name="Name" value="Middle1_UpperDeck"/>
				<string name="TypHL" value="Hull"/>
				<string name="UnitName" value="Fiji"/>
			</object>
			<object name="5116">
				<integer name="Country" value="3"/>
				<float name="ER" value="240."/>
				<string name="Hull" value="Fiji_LAMP"/>
				<string name="Name" value="Middle1_LAMP"/>
				<string name="TypHL" value="Hull"/>
				<string name="UnitName" value="Fiji"/>
			</object>
			<object name="5117">
				<integer name="Country" value="3"/>
				<float name="ER" value="240."/>
				<string name="Hull" value="Fiji_RAMP"/>
				<string name="Name" value="Middle1_RAMP"/>
				<string name="TypHL" value="Hull"/>
				<string name="UnitName" value="Fiji"/>
			</object>
			<object name="5118">
				<integer name="Country" value="3"/>
				<float name="ER" value="200."/>
				<string name="Hull" value="Fiji_Rboard"/>
				<string name="Name" value="Middle1_RBoard"/>
				<string name="TypHL" value="Hull"/>
				<string name="UnitName" value="Fiji"/>
			</object>
			<object name="5119">
				<integer name="Country" value="3"/>
				<float name="ER" value="200."/>
				<string name="Hull" value="Fiji_Lboard"/>
				<string name="Name" value="Middle1_LBoard"/>
				<string name="TypHL" value="Hull"/>
				<string name="UnitName" value="Fiji"/>
			</object>
			<object name="5120">
				<integer name="Country" value="3"/>
				<float name="ER" value="240."/>
				<string name="Hull" value="Fiji_RBelt"/>
				<string name="Name" value="Middle1_RBelt"/>
				<string name="TypHL" value="Hull"/>
				<string name="UnitName" value="Fiji"/>
			</object>
			<object name="5121">
				<integer name="Country" value="3"/>
				<float name="ER" value="240."/>
				<string name="Hull" value="Fiji_LBelt"/>
				<string name="Name" value="Middle1_LBelt"/>
				<string name="TypHL" value="Hull"/>
				<string name="UnitName" value="Fiji"/>
			</object>
			<object name="5122">
				<integer name="Country" value="3"/>
				<float name="ER" value="200."/>
				<string name="Hull" value="Fiji_Bottom2"/>
				<string name="Name" value="Middle2_LBottom"/>
				<string name="TypHL" value="FuelTank"/>
				<string name="UnitName" value="Fiji"/>
			</object>
			<object name="5123">
				<integer name="Country" value="3"/>
				<float name="ER" value="200."/>
				<string name="Hull" value="Fiji_Bottom2"/>
				<string name="Name" value="Middle2_RBottom"/>
				<string name="TypHL" value="FuelTank"/>
				<string name="UnitName" value="Fiji"/>
			</object>
			<object name="5124">
				<integer name="Country" value="3"/>
				<float name="ER" value="240."/>
				<string name="Hull" value="Fiji_ALowerDeck"/>
				<string name="Name" value="Middle2_LowerDeck"/>
				<string name="TypHL" value="Hull"/>
				<string name="UnitName" value="Fiji"/>
			</object>
			<object name="5125">
				<integer name="Country" value="3"/>
				<float name="ER" value="100."/>
				<string name="Hull" value="Std_Boiler"/>
				<string name="Name" value="Boiler2"/>
				<string name="TypHL" value="Boiler"/>
				<string name="UnitName" value="Fiji"/>
			</object>
			<object name="5126">
				<integer name="Country" value="3"/>
				<float name="ER" value="100."/>
				<string name="Hull" value="Std_Boiler"/>
				<string name="Name" value="Boiler1"/>
				<string name="TypHL" value="Boiler"/>
				<string name="UnitName" value="Fiji"/>
			</object>
			<object name="5127">
				<integer name="Country" value="3"/>
				<float name="ER" value="200."/>
				<string name="Hull" value="Fiji_UpperDeck"/>
				<string name="Name" value="Middle2_UpperDeck"/>
				<string name="TypHL" value="Hull"/>
				<string name="UnitName" value="Fiji"/>
			</object>
			<object name="5128">
				<integer name="Country" value="3"/>
				<float name="ER" value="240."/>
				<string name="Hull" value="Fiji_LAMP"/>
				<string name="Name" value="Middle2_LAMP"/>
				<string name="TypHL" value="Hull"/>
				<string name="UnitName" value="Fiji"/>
			</object>
			<object name="5129">
				<integer name="Country" value="3"/>
				<float name="ER" value="240."/>
				<string name="Hull" value="Fiji_RAMP"/>
				<string name="Name" value="Middle2_RAMP"/>
				<string name="TypHL" value="Hull"/>
				<string name="UnitName" value="Fiji"/>
			</object>
			<object name="5130">
				<integer name="Country" value="3"/>
				<float name="ER" value="240."/>
				<string name="Hull" value="Fiji_RBelt"/>
				<string name="Name" value="Middle2_RBelt"/>
				<string name="TypHL" value="Hull"/>
				<string name="UnitName" value="Fiji"/>
			</object>
			<object name="5131">
				<integer name="Country" value="3"/>
				<float name="ER" value="240."/>
				<string name="Hull" value="Fiji_LBelt"/>
				<string name="Name" value="Middle2_LBelt"/>
				<string name="TypHL" value="Hull"/>
				<string name="UnitName" value="Fiji"/>
			</object>
			<object name="5132">
				<integer name="Country" value="3"/>
				<float name="ER" value="200."/>
				<string name="Hull" value="Fiji_Bottom2"/>
				<string name="Name" value="Middle3_LBottom"/>
				<string name="TypHL" value="FuelTank"/>
				<string name="UnitName" value="Fiji"/>
			</object>
			<object name="5133">
				<integer name="Country" value="3"/>
				<float name="ER" value="200."/>
				<string name="Hull" value="Fiji_Bottom2"/>
				<string name="Name" value="Middle3_RBottom"/>
				<string name="TypHL" value="FuelTank"/>
				<string name="UnitName" value="Fiji"/>
			</object>
			<object name="5134">
				<integer name="Country" value="3"/>
				<float name="ER" value="240."/>
				<string name="Hull" value="Fiji_ALowerDeck"/>
				<string name="Name" value="Middle3_LowerDeck"/>
				<string name="TypHL" value="Hull"/>
				<string name="UnitName" value="Fiji"/>
			</object>
			<object name="5135">
				<integer name="Country" value="3"/>
				<float name="ER" value="100."/>
				<string name="Hull" value="Std_Boiler"/>
				<string name="Name" value="Boiler4"/>
				<string name="TypHL" value="Boiler"/>
				<string name="UnitName" value="Fiji"/>
			</object>
			<object name="5136">
				<integer name="Country" value="3"/>
				<float name="ER" value="100."/>
				<string name="Hull" value="Std_Boiler"/>
				<string name="Name" value="Boiler3"/>
				<string name="TypHL" value="Boiler"/>
				<string name="UnitName" value="Fiji"/>
			</object>
			<object name="5137">
				<integer name="Country" value="3"/>
				<float name="ER" value="200."/>
				<string name="Hull" value="Fiji_UpperDeck"/>
				<string name="Name" value="Middle3_UpperDeck"/>
				<string name="TypHL" value="Hull"/>
				<string name="UnitName" value="Fiji"/>
			</object>
			<object name="5138">
				<integer name="Country" value="3"/>
				<float name="ER" value="240."/>
				<string name="Hull" value="Fiji_LAMP"/>
				<string name="Name" value="Middle3_LAMP"/>
				<string name="TypHL" value="Hull"/>
				<string name="UnitName" value="Fiji"/>
			</object>
			<object name="5139">
				<integer name="Country" value="3"/>
				<float name="ER" value="240."/>
				<string name="Hull" value="Fiji_LBelt"/>
				<string name="Name" value="Middle3_LBelt"/>
				<string name="TypHL" value="Hull"/>
				<string name="UnitName" value="Fiji"/>
			</object>
			<object name="5140">
				<integer name="Country" value="3"/>
				<float name="ER" value="240."/>
				<string name="Hull" value="Fiji_RBelt"/>
				<string name="Name" value="Middle3_RBelt"/>
				<string name="TypHL" value="Hull"/>
				<string name="UnitName" value="Fiji"/>
			</object>
			<object name="5141">
				<integer name="Country" value="3"/>
				<float name="ER" value="240."/>
				<string name="Hull" value="Fiji_RAMP"/>
				<string name="Name" value="Middle3_RAMP"/>
				<string name="TypHL" value="Hull"/>
				<string name="UnitName" value="Fiji"/>
			</object>
			<object name="5142">
				<integer name="Country" value="3"/>
				<float name="ER" value="200."/>
				<string name="Hull" value="Fiji_Bottom2"/>
				<string name="Name" value="Middle4_LBottom"/>
				<string name="TypHL" value="FuelTank"/>
				<string name="UnitName" value="Fiji"/>
			</object>
			<object name="5143">
				<integer name="Country" value="3"/>
				<float name="ER" value="200."/>
				<string name="Hull" value="Fiji_Bottom2"/>
				<string name="Name" value="Middle4_RBottom"/>
				<string name="TypHL" value="FuelTank"/>
				<string name="UnitName" value="Fiji"/>
			</object>
			<object name="5144">
				<integer name="Country" value="3"/>
				<float name="ER" value="240."/>
				<string name="Hull" value="Fiji_ALowerDeck"/>
				<string name="Name" value="Middle4_LowerDeck2"/>
				<string name="TypHL" value="Hull"/>
				<string name="UnitName" value="Fiji"/>
			</object>
			<object name="5145">
				<string name="ConnectName" value="Boiler1;Boiler2;Boiler3;Boiler4"/>
				<integer name="Country" value="3"/>
				<float name="ER" value="150."/>
				<string name="Hull" value="Std_Engine"/>
				<string name="Name" value="Engine2"/>
				<string name="TypHL" value="Engine"/>
				<string name="UnitName" value="Fiji"/>
			</object>
			<object name="5146">
				<string name="ConnectName" value="Boiler1;Boiler2;Boiler3;Boiler4;"/>
				<integer name="Country" value="3"/>
				<float name="ER" value="150."/>
				<string name="Hull" value="Std_Engine"/>
				<string name="Name" value="Engine1"/>
				<string name="TypHL" value="Engine"/>
				<string name="UnitName" value="Fiji"/>
			</object>
			<object name="5147">
				<integer name="Country" value="3"/>
				<float name="ER" value="200."/>
				<string name="Hull" value="Fiji_UpperDeck"/>
				<string name="Name" value="Middle4_UpperDeck"/>
				<string name="TypHL" value="Hull"/>
				<string name="UnitName" value="Fiji"/>
			</object>
			<object name="5148">
				<integer name="Country" value="3"/>
				<float name="ER" value="240."/>
				<string name="Hull" value="Fiji_LAMP"/>
				<string name="Name" value="Middle4_LAMP"/>
				<string name="TypHL" value="Hull"/>
				<string name="UnitName" value="Fiji"/>
			</object>
			<object name="5149">
				<integer name="Country" value="3"/>
				<float name="ER" value="240."/>
				<string name="Hull" value="Fiji_RAMP"/>
				<string name="Name" value="Middle4_RAMP"/>
				<string name="TypHL" value="Hull"/>
				<string name="UnitName" value="Fiji"/>
			</object>
			<object name="5150">
				<integer name="Country" value="3"/>
				<float name="ER" value="200."/>
				<string name="Hull" value="Fiji_Rboard"/>
				<string name="Name" value="Middle4_RBoard"/>
				<string name="TypHL" value="Hull"/>
				<string name="UnitName" value="Fiji"/>
			</object>
			<object name="5151">
				<integer name="Country" value="3"/>
				<float name="ER" value="200."/>
				<string name="Hull" value="Fiji_Lboard"/>
				<string name="Name" value="Middle4_LBoard"/>
				<string name="TypHL" value="Hull"/>
				<string name="UnitName" value="Fiji"/>
			</object>
			<object name="5152">
				<integer name="Country" value="3"/>
				<float name="ER" value="240."/>
				<string name="Hull" value="Fiji_RBelt"/>
				<string name="Name" value="Middle4_RBelt"/>
				<string name="TypHL" value="Hull"/>
				<string name="UnitName" value="Fiji"/>
			</object>
			<object name="5153">
				<integer name="Country" value="3"/>
				<float name="ER" value="240."/>
				<string name="Hull" value="Fiji_LBelt"/>
				<string name="Name" value="Middle4_LBelt"/>
				<string name="TypHL" value="Hull"/>
				<string name="UnitName" value="Fiji"/>
			</object>
			<object name="5154">
				<integer name="Country" value="3"/>
				<float name="ER" value="240."/>
				<string name="Hull" value="Fiji_ALowerDeck"/>
				<string name="Name" value="Middle4_LowerDeck1"/>
				<string name="TypHL" value="Hull"/>
				<string name="UnitName" value="Fiji"/>
			</object>
			<object name="5155">
				<string name="ConnectName" value="Boiler1;Boiler2;Boiler3;Boiler4"/>
				<integer name="Country" value="3"/>
				<float name="ER" value="150."/>
				<string name="Hull" value="Std_Engine"/>
				<string name="Name" value="Engine4"/>
				<string name="TypHL" value="Engine"/>
				<string name="UnitName" value="Fiji"/>
			</object>
			<object name="5156">
				<string name="ConnectName" value="Boiler1;Boiler2;Boiler3;Boiler4"/>
				<integer name="Country" value="3"/>
				<float name="ER" value="150."/>
				<string name="Hull" value="Std_Engine"/>
				<string name="Name" value="Engine3"/>
				<string name="TypHL" value="Engine"/>
				<string name="UnitName" value="Fiji"/>
			</object>
			<object name="5157">
				<integer name="Country" value="3"/>
				<float name="ER" value="200."/>
				<string name="Hull" value="Fiji_Bottom2"/>
				<string name="Name" value="Stern1_Bottom"/>
				<string name="TypHL" value="Hull"/>
				<string name="UnitName" value="Fiji"/>
			</object>
			<object name="5158">
				<integer name="Country" value="3"/>
				<float name="ER" value="240."/>
				<string name="Hull" value="Fiji_ALowerDeck"/>
				<string name="Name" value="Stern1_LowerDeck"/>
				<string name="TypHL" value="Hull"/>
				<string name="UnitName" value="Fiji"/>
			</object>
			<object name="5159">
				<integer name="Country" value="3"/>
				<float name="ER" value="200."/>
				<string name="Hull" value="Fiji_AmmoStore"/>
				<string name="Name" value="AmmoStore_4"/>
				<string name="TypHL" value="AmmoStore"/>
				<string name="UnitName" value="Fiji"/>
			</object>
			<object name="5160">
				<integer name="Country" value="3"/>
				<float name="ER" value="200."/>
				<string name="Hull" value="Fiji_AmmoStore"/>
				<string name="Name" value="AmmoStore_3"/>
				<string name="TypHL" value="AmmoStore"/>
				<string name="UnitName" value="Fiji"/>
			</object>
			<object name="5161">
				<integer name="Country" value="3"/>
				<float name="ER" value="200."/>
				<string name="Hull" value="Fiji_UpperDeck"/>
				<string name="Name" value="Stern1_UpperDeck"/>
				<string name="TypHL" value="Hull"/>
				<string name="UnitName" value="Fiji"/>
			</object>
			<object name="5162">
				<integer name="Country" value="3"/>
				<float name="ER" value="240."/>
				<string name="Hull" value="Fiji_LAMP"/>
				<string name="Name" value="Stern1_LAMP"/>
				<string name="TypHL" value="Hull"/>
				<string name="UnitName" value="Fiji"/>
			</object>
			<object name="5163">
				<integer name="Country" value="3"/>
				<float name="ER" value="240."/>
				<string name="Hull" value="Fiji_RAMP"/>
				<string name="Name" value="Stern1_RAMP"/>
				<string name="TypHL" value="Hull"/>
				<string name="UnitName" value="Fiji"/>
			</object>
			<object name="5164">
				<integer name="Country" value="3"/>
				<float name="ER" value="200."/>
				<string name="Hull" value="Fiji_Rboard"/>
				<string name="Name" value="Stern1_RBoard"/>
				<string name="TypHL" value="Hull"/>
				<string name="UnitName" value="Fiji"/>
			</object>
			<object name="5165">
				<integer name="Country" value="3"/>
				<float name="ER" value="200."/>
				<string name="Hull" value="Fiji_Lboard"/>
				<string name="Name" value="Stern1_LBoard"/>
				<string name="TypHL" value="Hull"/>
				<string name="UnitName" value="Fiji"/>
			</object>
			<object name="5166">
				<integer name="Country" value="3"/>
				<float name="ER" value="240."/>
				<string name="Hull" value="Fiji_RBelt"/>
				<string name="Name" value="Stern1_RBelt"/>
				<string name="TypHL" value="Hull"/>
				<string name="UnitName" value="Fiji"/>
			</object>
			<object name="5167">
				<integer name="Country" value="3"/>
				<float name="ER" value="240."/>
				<string name="Hull" value="Fiji_LBelt"/>
				<string name="Name" value="Stern1_LBelt"/>
				<string name="TypHL" value="Hull"/>
				<string name="UnitName" value="Fiji"/>
			</object>
			<object name="5168">
				<integer name="Country" value="3"/>
				<float name="ER" value="200."/>
				<string name="Hull" value="Std_CLUpperHull"/>
				<string name="Name" value="BattleCabine"/>
				<string name="TypHL" value="Hull"/>
				<string name="UnitName" value="Fiji"/>
			</object>
			<object name="5169">
				<integer name="Country" value="3"/>
				<float name="ER" value="50."/>
				<string name="Hull" value="Std_Radar"/>
				<string name="Name" value="Radar"/>
				<string name="TypHL" value="Probe"/>
				<string name="UnitName" value="Fiji"/>
			</object>
			<object name="5170">
				<integer name="Country" value="3"/>
				<float name="ER" value="50."/>
				<string name="Hull" value="Std_Probe"/>
				<string name="Name" value="Radio"/>
				<string name="TypHL" value="Probe"/>
				<string name="UnitName" value="Fiji"/>
			</object>
			<object name="5171">
				<string name="ConnectName" value="Tiller;"/>
				<integer name="Country" value="3"/>
				<float name="ER" value="100."/>
				<string name="Hull" value="Std_Rudder"/>
				<string name="Name" value="Rudder"/>
				<string name="TypHL" value="Rudder"/>
				<string name="UnitName" value="Fiji"/>
			</object>
			<object name="5172">
				<string name="ConnectName" value="Engine3"/>
				<integer name="Country" value="3"/>
				<float name="ER" value="100."/>
				<string name="Hull" value="Std_Mover"/>
				<string name="Name" value="Mover4"/>
				<string name="TypHL" value="Mover"/>
				<string name="UnitName" value="Fiji"/>
			</object>
			<object name="5173">
				<string name="ConnectName" value="Engine3"/>
				<integer name="Country" value="3"/>
				<float name="ER" value="100."/>
				<string name="Hull" value="Std_Mover"/>
				<string name="Name" value="Mover3"/>
				<string name="TypHL" value="Mover"/>
				<string name="UnitName" value="Fiji"/>
			</object>
			<object name="5174">
				<string name="ConnectName" value="Engine2"/>
				<integer name="Country" value="3"/>
				<float name="ER" value="100."/>
				<string name="Hull" value="Std_Mover"/>
				<string name="Name" value="Mover2"/>
				<string name="TypHL" value="Mover"/>
				<string name="UnitName" value="Fiji"/>
			</object>
			<object name="5175">
				<string name="ConnectName" value="Engine1"/>
				<integer name="Country" value="3"/>
				<float name="ER" value="100."/>
				<string name="Hull" value="Std_Mover"/>
				<string name="Name" value="Mover1"/>
				<string name="TypHL" value="Mover"/>
				<string name="UnitName" value="Fiji"/>
			</object>
			<object name="5176">
				<integer name="Country" value="3"/>
				<float name="ER" value="240."/>
				<string name="Hull" value="Fiji_Barbet"/>
				<string name="Name" value="Barbet4"/>
				<string name="TypHL" value="Hull"/>
				<string name="UnitName" value="Fiji"/>
			</object>
			<object name="5177">
				<integer name="Country" value="3"/>
				<float name="ER" value="240."/>
				<string name="Hull" value="Fiji_Barbet"/>
				<string name="Name" value="Barbet2"/>
				<string name="TypHL" value="Hull"/>
				<string name="UnitName" value="Fiji"/>
			</object>
			<object name="5178">
				<integer name="Country" value="3"/>
				<float name="ER" value="240."/>
				<string name="Hull" value="Fiji_Barbet"/>
				<string name="Name" value="Barbet1"/>
				<string name="TypHL" value="Hull"/>
				<string name="UnitName" value="Fiji"/>
			</object>
			<object name="5179">
				<integer name="Country" value="3"/>
				<float name="ER" value="50."/>
				<string name="Hull" value="Std_Probe"/>
				<string name="Name" value="Probe_AA"/>
				<string name="TypHL" value="Probe"/>
				<string name="UnitName" value="Fiji"/>
			</object>
			<object name="5180">
				<integer name="Country" value="3"/>
				<float name="ER" value="50."/>
				<string name="Hull" value="Std_Probe"/>
				<string name="Name" value="Probe_MG"/>
				<string name="TypHL" value="Probe"/>
				<string name="UnitName" value="Fiji"/>
			</object>
			<object name="5181">
				<integer name="Country" value="3"/>
				<integer name="Crew" value="280"/>
				<float name="ER" value="150."/>
				<string name="Hull" value="Std_CLUpperHull"/>
				<string name="Name" value="Bow_LSuperstructure"/>
				<string name="TypHL" value="Crew"/>
				<string name="UnitName" value="Fiji"/>
			</object>
			<object name="5182">
				<integer name="Country" value="3"/>
				<float name="ER" value="200."/>
				<string name="Hull" value="Fiji_Bottom1"/>
				<string name="Name" value="Bow1_Bottom"/>
				<string name="TypHL" value="Hull"/>
				<string name="UnitName" value="Fiji"/>
			</object>
			<object name="5183">
				<integer name="Country" value="3"/>
				<float name="ER" value="240."/>
				<string name="Hull" value="Fiji_BowLowerDeck"/>
				<string name="Name" value="Bow1_LowerDeck"/>
				<string name="TypHL" value="Hull"/>
				<string name="UnitName" value="Fiji"/>
			</object>
			<object name="5184">
				<integer name="Country" value="3"/>
				<float name="ER" value="50."/>
				<string name="Hull" value="Std_Probe"/>
				<string name="Name" value="Sonar"/>
				<string name="TypHL" value="Probe"/>
				<string name="UnitName" value="Fiji"/>
			</object>
			<object name="5185">
				<integer name="Country" value="3"/>
				<float name="ER" value="200."/>
				<string name="Hull" value="Fiji_BowUpperDeck"/>
				<string name="Name" value="Bow1_UpperDeck"/>
				<string name="TypHL" value="Hull"/>
				<string name="UnitName" value="Fiji"/>
			</object>
			<object name="5186">
				<integer name="Country" value="3"/>
				<float name="ER" value="200."/>
				<string name="Hull" value="Fiji_Stern"/>
				<string name="Name" value="Stern2"/>
				<string name="TypHL" value="Hull"/>
				<string name="UnitName" value="Fiji"/>
			</object>
			<object name="5187">
				<integer name="Country" value="3"/>
				<float name="ER" value="150."/>
				<string name="Hull" value="Std_Hull"/>
				<string name="Name" value="Tiller"/>
				<string name="TypHL" value="Hull"/>
				<string name="UnitName" value="Fiji"/>
			</object>
			<object name="7828">
				<integer name="Country" value="3"/>
				<float name="ER" value="100."/>
				<string name="Hull" value="Fiji_MTurret"/>
				<string name="Name" value="Fiji_152mm_Turret"/>
				<string name="TypHL" value="AmmoStore"/>
				<string name="UnitName" value="Fiji_Gun_152_Turret"/>
			</object>
			<object name="8100">
				<integer name="Country" value="3"/>
				<float name="ER" value="3.e-002"/>
				<string name="Hull" value="Std_Radar"/>
				<string name="Name" value="Base"/>
				<string name="TypHL" value="Hull"/>
				<string name="UnitName" value="Fiji_Radar"/>
			</object>
			<object name="8101">
				<integer name="Country" value="3"/>
				<float name="ER" value="3"/>
				<string name="Hull" value="Std_Probe"/>
				<string name="Name" value="Radar"/>
				<string name="TypHL" value="Probe"/>
				<string name="UnitName" value="Fiji_Radar"/>
			</object>
			<object name="8102">
				<integer name="Country" value="3"/>
				<float name="ER" value="1.e-002"/>
				<string name="Hull" value="Std_RF"/>
				<string name="Name" value="Rangefinder"/>
				<string name="TypHL" value="Probe"/>
				<string name="UnitName" value="Fiji_RF"/>
			</object>
			<object name="8103">
				<integer name="Country" value="3"/>
				<float name="ER" value="3.e-002"/>
				<string name="Hull" value="Std_Radar"/>
				<string name="Name" value="Radar"/>
				<string name="TypHL" value="Probe"/>
				<string name="UnitName" value="Fiji_RF"/>
			</object>
			<object name="8104">
				<integer name="Country" value="3"/>
				<float name="ER" value="1."/>
				<string name="Hull" value="Std_Guns"/>
				<string name="Name" value="Base"/>
				<string name="TypHL" value="Hull"/>
				<string name="UnitName" value="Fiji_RF"/>
			</object>
			<object name="Fiji7802">
				<integer name="Country" value="3"/>
				<integer name="Crew" value="1"/>
				<float name="ER" value="3.e-002"/>
				<string name="Hull" value="Std_Crew"/>
				<string name="Name" value="Gunner3"/>
				<string name="TypHL" value="Crew"/>
				<string name="UnitName" value="Fiji_Gun_40x4_Turret"/>
			</object>
			<object name="Fiji7803">
				<integer name="Country" value="3"/>
				<integer name="Crew" value="1"/>
				<float name="ER" value="3.e-002"/>
				<string name="Hull" value="Std_Crew"/>
				<string name="Name" value="Gunner2"/>
				<string name="TypHL" value="Crew"/>
				<string name="UnitName" value="Fiji_Gun_40x4_Turret"/>
			</object>
			<object name="Fiji7804">
				<integer name="Country" value="3"/>
				<integer name="Crew" value="1"/>
				<float name="ER" value="3.e-002"/>
				<string name="Hull" value="Std_Crew"/>
				<string name="Name" value="Gunner1"/>
				<string name="TypHL" value="Crew"/>
				<string name="UnitName" value="Fiji_Gun_40x4_Turret"/>
			</object>
			<object name="Fiji7805">
				<integer name="Country" value="3"/>
				<float name="ER" value="1."/>
				<string name="Hull" value="Fiji_40mmTurret"/>
				<string name="Name" value="Turret"/>
				<string name="TypHL" value="Hull"/>
				<string name="UnitName" value="Fiji_Gun_40x4_Turret"/>
			</object>
		</object>
		<object name="Hulls">  
			<object name="Fiji_40mmTurret">
				<integer name="Back" value="25"/>
				<integer name="Bottom" value="25"/>
				<integer name="Country" value="3"/>
				<float name="ExplProb" value="0."/>
				<float name="FireProb" value="20."/>
				<integer name="Front" value="25"/>
				<integer name="Left" value="25"/>
				<string name="Material" value="Steel"/>
				<integer name="Right" value="25"/>
				<integer name="Top" value="25"/>
				<integer name="UnitName" value="0"/>
				<string name="UnitTyp" value="Turret"/>
			</object>
			<object name="Fiji_ALowerDeck">
				<integer name="Back" value="51"/>
				<integer name="Bottom" value="10"/>
				<integer name="Country" value="3"/>
				<float name="ExplProb" value="0."/>
				<float name="FireProb" value="5."/>
				<integer name="Front" value="51"/>
				<integer name="Left" value="38"/>
				<string name="Material" value="Armored"/>
				<integer name="Right" value="38"/>
				<integer name="Top" value="51"/>
				<integer name="UnitName" value="748"/>
				<string name="UnitTyp" value="Ship"/>
			</object>	 
			<object name="Fiji_AmmoStore">
				<integer name="Back" value="51"/>
				<integer name="Bottom" value="10"/>
				<integer name="Country" value="3"/>
				<float name="ExplProb" value="20."/>
				<float name="FireProb" value="15."/>
				<integer name="Front" value="51"/>
				<integer name="Left" value="51"/>
				<string name="Material" value="Armored"/>
				<integer name="Right" value="51"/>
				<integer name="Top" value="51"/>
				<integer name="UnitName" value="748"/>
				<string name="UnitTyp" value="Ship"/>
			</object>
			<object name="Fiji_Barbet">
				<integer name="Back" value="51"/>
				<integer name="Bottom" value="10"/>
				<integer name="Country" value="3"/>
				<float name="ExplProb" value="10."/>
				<float name="FireProb" value="15."/>
				<integer name="Front" value="51"/>
				<integer name="Left" value="51"/>
				<string name="Material" value="Armored"/>
				<integer name="Right" value="51"/>
				<integer name="Top" value="51"/>
				<integer name="UnitName" value="748"/>
				<string name="UnitTyp" value="Ship"/>
			</object> 
			<object name="Fiji_Bottom1">
				<integer name="Back" value="38"/>
				<integer name="Bottom" value="20"/>
				<integer name="Country" value="3"/>
				<float name="ExplProb" value="0."/>
				<float name="FireProb" value="0."/>
				<integer name="Front" value="51"/>
				<integer name="Left" value="20"/>
				<string name="Material" value="Steel"/>
				<integer name="Right" value="20"/>
				<integer name="Top" value="51"/>
				<integer name="UnitName" value="748"/>
				<string name="UnitTyp" value="Ship"/>
			</object>  	
			<object name="Fiji_Bottom2">
				<integer name="Back" value="51"/>
				<integer name="Bottom" value="20"/>
				<integer name="Country" value="3"/>
				<float name="ExplProb" value="0."/>
				<float name="FireProb" value="0."/>
				<integer name="Front" value="51"/>
				<integer name="Left" value="20"/>
				<string name="Material" value="Steel"/>
				<integer name="Right" value="20"/>
				<integer name="Top" value="51"/>
				<integer name="UnitName" value="748"/>
				<string name="UnitTyp" value="Ship"/>
			</object>  
			<object name="Fiji_Bottom3">
				<integer name="Back" value="51"/>
				<integer name="Bottom" value="20"/>
				<integer name="Country" value="3"/>
				<float name="ExplProb" value="0."/>
				<float name="FireProb" value="0."/>
				<integer name="Front" value="38"/>
				<integer name="Left" value="20"/>
				<string name="Material" value="Steel"/>
				<integer name="Right" value="20"/>
				<integer name="Top" value="51"/>
				<integer name="UnitName" value="748"/>
				<string name="UnitTyp" value="Ship"/>
			</object>
			<object name="Fiji_BowLowerDeck">
				<integer name="Back" value="38"/>
				<integer name="Bottom" value="10"/>
				<integer name="Country" value="3"/>
				<float name="ExplProb" value="0."/>
				<float name="FireProb" value="5."/>
				<integer name="Front" value="51"/>
				<integer name="Left" value="51"/>
				<string name="Material" value="Armored"/>
				<integer name="Right" value="51"/>
				<integer name="Top" value="51"/>
				<integer name="UnitName" value="748"/>
				<string name="UnitTyp" value="Ship"/>
			</object>	
			<object name="Fiji_BowUpperDeck">
				<integer name="Back" value="38"/>
				<integer name="Bottom" value="10"/>
				<integer name="Country" value="3"/>
				<float name="ExplProb" value="0."/>
				<float name="FireProb" value="5."/>
				<integer name="Front" value="51"/>
				<integer name="Left" value="51"/>
				<string name="Material" value="Steel"/>
				<integer name="Right" value="51"/>
				<integer name="Top" value="38"/>
				<integer name="UnitName" value="748"/>
				<string name="UnitTyp" value="Ship"/>
			</object>
			<object name="Fiji_LAMP">
				<integer name="Back" value="51"/>
				<integer name="Bottom" value="10"/>
				<integer name="Country" value="3"/>
				<float name="ExplProb" value="0."/>
				<float name="FireProb" value="0."/>
				<integer name="Front" value="51"/>
				<integer name="Left" value="83"/>
				<string name="Material" value="Armored"/>
				<integer name="Right" value="38"/>
				<integer name="Top" value="51"/>
				<integer name="UnitName" value="748"/>
				<string name="UnitTyp" value="Ship"/>
			</object>
			<object name="Fiji_LBelt">
				<integer name="Back" value="51"/>
				<integer name="Bottom" value="10"/>
				<integer name="Country" value="3"/>
				<float name="ExplProb" value="0."/>
				<float name="FireProb" value="0."/>
				<integer name="Front" value="51"/>
				<integer name="Left" value="89"/>
				<string name="Material" value="Armored"/>
				<integer name="Right" value="38"/>
				<integer name="Top" value="51"/>
				<integer name="UnitName" value="748"/>
				<string name="UnitTyp" value="Ship"/>
			</object>
			<object name="Fiji_LBoard">
				<integer name="Back" value="51"/>
				<integer name="Bottom" value="10"/>
				<integer name="Country" value="3"/>
				<float name="ExplProb" value="0."/>
				<float name="FireProb" value="0."/>
				<integer name="Front" value="51"/>
				<integer name="Left" value="51"/>
				<string name="Material" value="Steel"/>
				<integer name="Right" value="38"/>
				<integer name="Top" value="51"/>
				<integer name="UnitName" value="748"/>
				<string name="UnitTyp" value="Ship"/>
			</object>
			<object name="Fiji_LBottom">
				<integer name="Back" value="51"/>
				<integer name="Bottom" value="20"/>
				<integer name="Country" value="3"/>
				<float name="ExplProb" value="0."/>
				<float name="FireProb" value="0."/>
				<integer name="Front" value="51"/>
				<integer name="Left" value="20"/>
				<string name="Material" value="Steel"/>
				<integer name="Right" value="15"/>
				<integer name="Top" value="25"/>
				<integer name="UnitName" value="748"/>
				<string name="UnitTyp" value="Ship"/>
			</object> 
			<object name="Fiji_MTurret">
				<integer name="Back" value="25"/>
				<integer name="Bottom" value="10"/>
				<integer name="Country" value="3"/>
				<float name="ExplProb" value="20."/>
				<float name="FireProb" value="20."/>
				<integer name="Front" value="51"/>
				<integer name="Left" value="25"/>
				<string name="Material" value="Armored"/>
				<integer name="Right" value="25"/>
				<integer name="Top" value="25"/>
				<integer name="UnitName" value="898"/>
				<string name="UnitTyp" value="Turret"/>
			</object>
			<object name="Fiji_RAMP">
				<integer name="Back" value="51"/>
				<integer name="Bottom" value="10"/>
				<integer name="Country" value="3"/>
				<float name="ExplProb" value="0."/>
				<float name="FireProb" value="0."/>
				<integer name="Front" value="51"/>
				<integer name="Left" value="38"/>
				<string name="Material" value="Armored"/>
				<integer name="Right" value="83"/>
				<integer name="Top" value="51"/>
				<integer name="UnitName" value="748"/>
				<string name="UnitTyp" value="Ship"/>
			</object>
			<object name="Fiji_RBelt">
				<integer name="Back" value="51"/>
				<integer name="Bottom" value="10"/>
				<integer name="Country" value="3"/>
				<float name="ExplProb" value="0."/>
				<float name="FireProb" value="0."/>
				<integer name="Front" value="51"/>
				<integer name="Left" value="38"/>
				<string name="Material" value="Armored"/>
				<integer name="Right" value="89"/>
				<integer name="Top" value="51"/>
				<integer name="UnitName" value="748"/>
				<string name="UnitTyp" value="Ship"/>
			</object> 
			<object name="Fiji_RBoard">
				<integer name="Back" value="51"/>
				<integer name="Bottom" value="10"/>
				<integer name="Country" value="3"/>
				<float name="ExplProb" value="0."/>
				<float name="FireProb" value="0."/>
				<integer name="Front" value="51"/>
				<integer name="Left" value="38"/>
				<string name="Material" value="Steel"/>
				<integer name="Right" value="51"/>
				<integer name="Top" value="51"/>
				<integer name="UnitName" value="748"/>
				<string name="UnitTyp" value="Ship"/>
			</object>
			<object name="Fiji_RBottom">
				<integer name="Back" value="51"/>
				<integer name="Bottom" value="20"/>
				<integer name="Country" value="3"/>
				<float name="ExplProb" value="0."/>
				<float name="FireProb" value="0."/>
				<integer name="Front" value="51"/>
				<integer name="Left" value="10"/>
				<string name="Material" value="Steel"/>
				<integer name="Right" value="20"/>
				<integer name="Top" value="25"/>
				<integer name="UnitName" value="748"/>
				<string name="UnitTyp" value="Ship"/>
			</object>  
			<object name="Fiji_Stern">
				<integer name="Back" value="51"/>
				<integer name="Bottom" value="25"/>
				<integer name="Country" value="3"/>
				<float name="ExplProb" value="0."/>
				<float name="FireProb" value="0."/>
				<integer name="Front" value="38"/>
				<integer name="Left" value="51"/>
				<string name="Material" value="Steel"/>
				<integer name="Right" value="51"/>
				<integer name="Top" value="51"/>
				<integer name="UnitName" value="748"/>
				<string name="UnitTyp" value="Ship"/>
			</object> 
			<object name="Fiji_UpperDeck">
				<integer name="Back" value="51"/>
				<integer name="Bottom" value="10"/>
				<integer name="Country" value="3"/>
				<float name="ExplProb" value="0."/>
				<float name="FireProb" value="15."/>
				<integer name="Front" value="51"/>
				<integer name="Left" value="38"/>
				<string name="Material" value="Steel"/>
				<integer name="Right" value="38"/>
				<integer name="Top" value="51"/>
				<integer name="UnitName" value="748"/>
				<string name="UnitTyp" value="Ship"/>
			</object>
		</object>
	</object>
</root>
