﻿<?xml version="1.0" standalone="yes" ?>
<root>
	<object name="Prototypes">
		<object name="Ships">
			<object name="Fiji">
				<object name="Slots">
					<object name="TPort_0">
						<integer name="icon_x" value="150"/>
						<integer name="icon_y" value="16"/>
					</object>
					<object name="TPort_12">
						<object name="SubSlots">
							<object name="TPort_10">
								<object name="SubSlots"/>
								<integer name="icon_x" value="223"/>
								<integer name="icon_y" value="112"/>
							</object>
						</object>
						<integer name="icon_x" value="254"/>
						<integer name="icon_y" value="171"/>
					</object>
					<object name="TPort_AA20mmF1R">
						<object name="SubSlots">
							<object name="TPort_AA20mmF1L">
								<integer name="icon_x" value="126"/>
								<integer name="icon_y" value="3"/>
							</object>
							<object name="TPort_AA20mmF2R">
								<integer name="icon_x" value="208"/>
								<integer name="icon_y" value="3"/>
							</object>
							<object name="TPort_AA20mmF2L">
								<integer name="icon_x" value="249"/>
								<integer name="icon_y" value="3"/>
							</object>
							<object name="TPort_AA20mmM1R">
								<integer name="icon_x" value="290"/>
								<integer name="icon_y" value="3"/>
							</object>
							<object name="TPort_AA20mmM1L">
								<object name="SubSlots"/>
								<integer name="icon_x" value="338"/>
								<integer name="icon_y" value="85"/>
							</object>
							<object name="TPort_AA20mmM2R">
								<integer name="icon_x" value="290"/>
								<integer name="icon_y" value="3"/>
							</object>
							<object name="TPort_AA20mmM2L">
								<object name="SubSlots"/>
								<integer name="icon_x" value="338"/>
								<integer name="icon_y" value="85"/>
							</object>
							<object name="TPort_AA20mmB1R">
								<integer name="icon_x" value="290"/>
								<integer name="icon_y" value="3"/>
							</object>
							<object name="TPort_AA20mmB1L">
								<object name="SubSlots"/>
								<integer name="icon_x" value="338"/>
								<integer name="icon_y" value="85"/>
							</object>
							<object name="TPort_AA20mmB2R">
								<integer name="icon_x" value="290"/>
								<integer name="icon_y" value="3"/>
							</object>
							<object name="TPort_AA20mmB2L">
								<object name="SubSlots"/>
								<integer name="icon_x" value="338"/>
								<integer name="icon_y" value="85"/>
							</object>
						</object>
						<integer name="icon_x" value="72"/>
						<integer name="icon_y" value="250"/>
					</object>
					<object name="TPort_16">
						<object name="SubSlots">
							<object name="TPort_11">
								<integer name="icon_x" value="126"/>
								<integer name="icon_y" value="3"/>
							</object>
							<object name="TPort_14">
								<integer name="icon_x" value="249"/>
								<integer name="icon_y" value="3"/>
							</object>
							<object name="TPort_15">
								<integer name="icon_x" value="290"/>
								<integer name="icon_y" value="3"/>
							</object>
						</object>
						<integer name="icon_x" value="72"/>
						<integer name="icon_y" value="169"/>
					</object>
					<object name="TPort_18">
						<object name="SubSlots">
							<object name="TPort_19">
								<integer name="icon_x" value="454"/>
								<integer name="icon_y" value="3"/>
							</object>
						</object>
						<integer name="icon_x" value="513"/>
						<integer name="icon_y" value="16"/>
					</object>
					<object name="TPort_2">
						<object name="SubSlots">
							<object name="TPort_1">
								<integer name="icon_x" value="44"/>
								<integer name="icon_y" value="3"/>
							</object>
							<object name="TPort_3">
								<object name="SubSlots"/>
								<integer name="icon_x" value="56"/>
								<integer name="icon_y" value="16"/>
							</object>
						</object>
						<integer name="icon_x" value="18"/>
						<integer name="icon_y" value="16"/>
					</object>
					<object name="TPort_20">
						<object name="SubSlots">
							<object name="TPort_21">
								<integer name="icon_x" value="44"/>
								<integer name="icon_y" value="44"/>
							</object>
							<object name="TPort_22">
								<integer name="icon_x" value="85"/>
								<integer name="icon_y" value="44"/>
							</object>
						</object>
						<integer name="icon_x" value="523"/>
						<integer name="icon_y" value="241"/>
					</object>
					<object name="TPort_23">
						<integer name="icon_x" value="143"/>
						<integer name="icon_y" value="243"/>
					</object>
					<object name="TPort_24">
						<integer name="icon_x" value="396"/>
						<integer name="icon_y" value="242"/>
					</object>
					<object name="TPort_25">
						<object name="SubSlots"/>
						<integer name="icon_x" value="457"/>
						<integer name="icon_y" value="104"/>
					</object>
					<object name="TPort_27">
						<object name="SubSlots">
							<object name="TPort_26">
								<integer name="icon_x" value="27"/>
								<integer name="icon_y" value="260"/>
							</object>
						</object>
						<integer name="icon_x" value="17"/>
						<integer name="icon_y" value="241"/>
					</object>
					<object name="TPort_28">
						<object name="SubSlots">
							<object name="TPort_29">
								<integer name="icon_x" value="12"/>
								<integer name="icon_y" value="283"/>
							</object>
						</object>
						<integer name="icon_x" value="291"/>
						<integer name="icon_y" value="105"/>
					</object>
					<object name="TPort_30">
						<object name="SubSlots"/>
						<integer name="icon_x" value="127"/>
						<integer name="icon_y" value="105"/>
					</object>
					<object name="TPort_32">
						<object name="SubSlots">
							<object name="TPort_31">
								<integer name="icon_x" value="495"/>
								<integer name="icon_y" value="44"/>
							</object>
						</object>
						<integer name="icon_x" value="14"/>
						<integer name="icon_y" value="104"/>
					</object>
					<object name="TPort_33">
						<integer name="icon_x" value="44"/>
						<integer name="icon_y" value="85"/>
					</object>
					<object name="TPort_34">
						<integer name="icon_x" value="85"/>
						<integer name="icon_y" value="85"/>
					</object>
					<object name="TPort_35">
						<integer name="icon_x" value="126"/>
						<integer name="icon_y" value="85"/>
					</object>
					<object name="TPort_36">
						<integer name="icon_x" value="167"/>
						<integer name="icon_y" value="85"/>
					</object>
					<object name="TPort_7">
						<object name="SubSlots">
							<object name="TPort_4">
								<integer name="icon_x" value="208"/>
								<integer name="icon_y" value="85"/>
							</object>
							<object name="TPort_5">
								<integer name="icon_x" value="249"/>
								<integer name="icon_y" value="85"/>
							</object>
							<object name="TPort_6">
								<integer name="icon_x" value="290"/>
								<integer name="icon_y" value="85"/>
							</object>
						</object>
						<integer name="icon_x" value="278"/>
						<integer name="icon_y" value="16"/>
					</object>
					<object name="TPort_9">
						<object name="SubSlots">
							<object name="TPort_8">
								<integer name="icon_x" value="372"/>
								<integer name="icon_y" value="85"/>
							</object>
						</object>
						<integer name="icon_x" value="384"/>
						<integer name="icon_y" value="16"/>
					</object>
					<object name="TPort_Catapulta">
						<integer name="icon_x" value="401"/>
						<integer name="icon_y" value="176"/>
					</object>
					<object name="ZPort_AAGunContr1">
						<integer name="icon_x" value="371"/>
						<integer name="icon_y" value="335"/>
					</object>
					<object name="ZPort_Bridge">
						<integer name="icon_x" value="44"/>
						<integer name="icon_y" value="3"/>
					</object>
					<object name="ZPort_FuelTank">
						<integer name="icon_x" value="85"/>
						<integer name="icon_y" value="3"/>
					</object>
					<object name="ZPort_Jammer_JS_A">
						<integer name="icon_x" value="126"/>
						<integer name="icon_y" value="3"/>
					</object>
					<object name="ZPort_Jammer_US_A1">
						<integer name="icon_x" value="523"/>
						<integer name="icon_y" value="336"/>
					</object>
					<object name="ZPort_MainGunContr">
						<integer name="icon_x" value="146"/>
						<integer name="icon_y" value="330"/>
					</object>
					<object name="ZPort_Radio">
						<integer name="icon_x" value="264"/>
						<integer name="icon_y" value="240"/>
					</object>
					<object name="ZPort_Rudder">
						<integer name="icon_x" value="290"/>
						<integer name="icon_y" value="3"/>
					</object>
					<object name="ZPort_Sonar">
						<integer name="icon_x" value="17"/>
						<integer name="icon_y" value="327"/>
					</object>
					<object name="ZPort_Sonar1">
						<integer name="icon_x" value="372"/>
						<integer name="icon_y" value="3"/>
					</object>
					<object name="ZPort_SteamTurbine_01">
						<integer name="icon_x" value="267"/>
						<integer name="icon_y" value="330"/>
					</object>
				</object>
			</object>
		</object>
	</object>
</root>