﻿<?xml version = "1.0" encoding = "UTF-8"?>
<root>
	<object name = "SteelMonstersParams">
		<object name="Ships">
			<object name="RoyalOak">
				<float name="AccelRate" value="1.e-004"/>
				<string name="Airgroup" value=""/>
				<integer name="AirplanesCount" value="0"/>
				<string name="AmmoLoadingTemplate" value="Ammo 300"/>
				<boolean name="BoatsTransportationAbility" value="false"/>
				<integer name="CabinArmor" value="533"/>
				<boolean name="CanBeChanged" value="true"/>
				<boolean name="CanUseTorpedos" value="false"/>
				<string name="CatapultAirgroupDefaultUnit" value=""/>
				<integer name="Country" value="3"/>
				<integer name="Crew" value="1150"/>
				<float name="CriticalCareen" value="37."/>
				<float name="CriticalDFT" value="2.4"/>
				<float name="CriticalDifferent" value="5."/>
				<float name="DTimeProd" value="160."/>
				<float name="DisplacementMax" value="31000."/>
				<float name="EPR" value="630."/>
				<float name="FireRisk" value="1667."/>
				<float name="Fuel" value="3400."/>
				<float name="HLShapeCoef" value="0.75"/>
				<integer name="HullArmorSide" value="310"/>
				<integer name="HullArmorTop" value="265"/>
				<float name="Iron" value="48000."/>
				<integer name="Length" value="190."/>
				<float name="MaxSpeed" value="23"/>
				<integer name="MinCrew" value="900"/>
				<float name="Money" value="32000."/>
				<float name="NTimeProd" value="400."/>
				<string name="Name" value="RoyalOak"/>
				<boolean name="New" value="true"/>
				<integer name="Nuc_Dest_Prob" value="300"/>
				<integer name="Passengers" value="70"/>
				<boolean name="PlanesTransportationAbility" value="false"/>
				<float name="Range" value="9000."/>
				<integer name="Rank" value="2"/>
				<string name="SMU" value="RoyalOak"/>
				<float name="Speed" value="12."/>
				<float name="StoreCapacity" value="3400."/>
				<boolean name="Transportable" value="false"/>
				<float name="TurnRate" value="1.4e-003"/>
				<integer name="Type" value="1"/>
				<float name="Vitality" value="8400."/>
				<float name="VitalityAA" value="3500."/>
				<float name="Weight" value="28000."/>
				<integer name="Width" value="27."/>
				<integer name="Year" value="39"/>
			</object>
		</object> 
		<object name="ShipsNames">
			<object name="RoyalOak">
				<string name="1" value="RoyalOak"/>
			</object>
		</object>
		<object name="UnitsByType">
			<object name="1">
				<object name="RoyalOak">
					<string name="ChildTable" value="Ships"/>
				</object>
			</object>
		</object>
	</object>
</root>
