﻿<?xml version = "1.0" encoding = "UTF-8"?>
<root>
	<object name = "SteelMonstersParams">
		<object name="Ships">
			<object name="Gloucester">
				<float name="AccelRate" value="3.e-004"/>
				<string name="Airgroup" value="Scout_ShipWater_Battleship_Battalion_england"/>
				<integer name="AirplanesCount" value="2"/>
				<string name="AmmoLoadingTemplate" value="Ammo 12"/>
				<boolean name="BoatsTransportationAbility" value="false"/>
				<integer name="CabinArmor" value="127"/>
				<boolean name="CanBeChanged" value="true"/>
				<boolean name="CanUseTorpedos" value="true"/>
				<string name="CatapultAirgroupDefaultUnit" value="Walrus"/>
				<integer name="Country" value="3"/>
				<integer name="Crew" value="800"/>
				<float name="CriticalCareen" value="37."/>
				<float name="CriticalDFT" value="2.2"/>
				<float name="CriticalDifferent" value="2.5"/>
				<float name="DTimeProd" value="70."/>
				<float name="DisplacementMax" value="11650."/>
				<float name="EPR" value="315."/>
				<float name="FireRisk" value="267."/>
				<float name="Fuel" value="1850."/>
				<float name="HLShapeCoef" value="0.5"/>
				<integer name="HullArmorSide" value="127"/>
				<integer name="HullArmorTop" value="52"/>
				<float name="Iron" value="15000."/>
				<integer name="Length" value="180.3"/>
				<float name="MaxSpeed" value="32.25"/>
				<integer name="MinCrew" value="446"/>
				<float name="Money" value="10500."/>
				<float name="NTimeProd" value="175."/>
				<string name="Name" value="Gloucester"/>
				<boolean name="New" value="true"/>
				<integer name="Nuc_Dest_Prob" value="500"/>
				<integer name="Passengers" value="40"/>
				<boolean name="PlanesTransportationAbility" value="false"/>
				<float name="Range" value="20372."/>
				<integer name="Rank" value="4"/>
				<string name="SMU" value="Gloucester"/>
				<float name="Speed" value="12."/>
				<float name="StoreCapacity" value="740."/>
				<boolean name="Transportable" value="false"/>
				<float name="TurnRate" value="1.5e-003"/>
				<integer name="Type" value="3"/>
				<float name="Vitality" value="4500."/>
				<float name="VitalityAA" value="900."/>
				<float name="Weight" value="9400."/>
				<integer name="Width" value="19.0"/>
				<integer name="Year" value="39"/>
			</object>
		</object>
		<object name="Engins">
			<object name="MPP_Gloucester">
				<float name="Consumption" value="6.1e-004"/>
				<integer name="Country" value="3"/>
				<float name="Money" value="10000."/>
				<integer name="Power_Max" value="82500"/>
				<integer name="RPM_Max" value="0"/>
				<integer name="Type" value="8"/>
				<integer name="Unreliability" value="10"/>
				<string name="Usage" value="Ships"/>
				<float name="Weight" value="1300."/>
			</object>
		</object>
		<object name="Hit_Location">
  			<object name="Glou5095">
				<integer name="Country" value="3"/>
				<integer name="Crew" value="280"/>
				<float name="ER" value="150."/>
				<string name="Hull" value="Std_CLUpperHull"/>
				<string name="Name" value="Bow_USuperstructure"/>
				<string name="TypHL" value="Crew"/>
				<string name="UnitName" value="Gloucester"/>
			</object>
			<object name="Glou5096">
				<integer name="Country" value="3"/>
				<float name="ER" value="100."/>
				<string name="Hull" value="Std_SmokeStack"/>
				<string name="Name" value="Bow_SmokeStack"/>
				<string name="TypHL" value="Hull"/>
				<string name="UnitName" value="Gloucester"/>
			</object>
			<object name="Glou5097">
				<integer name="Country" value="3"/>
				<float name="ER" value="100."/>
				<string name="Hull" value="Std_SmokeStack"/>
				<string name="Name" value="Stern_SmokeStack"/>
				<string name="TypHL" value="Hull"/>
				<string name="UnitName" value="Gloucester"/>
			</object>
			<object name="Glou5098">
				<integer name="Country" value="3"/>
				<integer name="Crew" value="280"/>
				<float name="ER" value="150."/>
				<string name="Hull" value="Std_CLUpperHull"/>
				<string name="Name" value="Stern_LSuperstructure"/>
				<string name="TypHL" value="Crew"/>
				<string name="UnitName" value="Gloucester"/>
			</object>
			<object name="Glou5099">
				<integer name="Country" value="3"/>
				<float name="ER" value="240."/>
				<string name="Hull" value="Gloucester_Barbet"/>
				<string name="Name" value="Barbet3"/>
				<string name="TypHL" value="Hull"/>
				<string name="UnitName" value="Gloucester"/>
			</object>
			<object name="Glou5100">
				<integer name="Country" value="3"/>
				<float name="ER" value="200."/>
				<string name="Hull" value="Gloucester_Bottom2"/>
				<string name="Name" value="Bow2_Bottom"/>
				<string name="TypHL" value="Hull"/>
				<string name="UnitName" value="Gloucester"/>
			</object>
			<object name="Glou5101">
				<integer name="Country" value="3"/>
				<float name="ER" value="240."/>
				<string name="Hull" value="Gloucester_ALowerDeck"/>
				<string name="Name" value="Bow2_LowerDeck"/>
				<string name="TypHL" value="Hull"/>
				<string name="UnitName" value="Gloucester"/>
			</object>
			<object name="Glou5102">
				<integer name="Country" value="3"/>
				<float name="ER" value="200."/>
				<string name="Hull" value="Gloucester_AmmoStore"/>
				<string name="Name" value="AmmoStore_1"/>
				<string name="TypHL" value="AmmoStore"/>
				<string name="UnitName" value="Gloucester"/>
			</object>
			<object name="Glou5103">
				<integer name="Country" value="3"/>
				<float name="ER" value="200."/>
				<string name="Hull" value="Gloucester_AmmoStore"/>
				<string name="Name" value="AmmoStore_2"/>
				<string name="TypHL" value="AmmoStore"/>
				<string name="UnitName" value="Gloucester"/>
			</object>
			<object name="Glou5104">
				<integer name="Country" value="3"/>
				<float name="ER" value="200."/>
				<string name="Hull" value="Gloucester_UpperDeck"/>
				<string name="Name" value="Bow2_UpperDeck"/>
				<string name="TypHL" value="Hull"/>
				<string name="UnitName" value="Gloucester"/>
			</object>
			<object name="Glou5105">
				<integer name="Country" value="3"/>
				<float name="ER" value="200."/>
				<string name="Hull" value="Gloucester_Rboard"/>
				<string name="Name" value="Bow2_RBoard"/>
				<string name="TypHL" value="Hull"/>
				<string name="UnitName" value="Gloucester"/>
			</object>
			<object name="Glou5106">
				<integer name="Country" value="3"/>
				<float name="ER" value="200."/>
				<string name="Hull" value="Gloucester_Lboard"/>
				<string name="Name" value="Bow2_LBoard"/>
				<string name="TypHL" value="Hull"/>
				<string name="UnitName" value="Gloucester"/>
			</object>
			<object name="Glou5107">
				<integer name="Country" value="3"/>
				<float name="ER" value="240."/>
				<string name="Hull" value="Gloucester_LAMP"/>
				<string name="Name" value="Bow2_LAMP"/>
				<string name="TypHL" value="Hull"/>
				<string name="UnitName" value="Gloucester"/>
			</object>
			<object name="Glou5108">
				<integer name="Country" value="3"/>
				<float name="ER" value="240."/>
				<string name="Hull" value="Gloucester_RAMP"/>
				<string name="Name" value="Bow2_RAMP"/>
				<string name="TypHL" value="Hull"/>
				<string name="UnitName" value="Gloucester"/>
			</object>
			<object name="Glou5109">
				<integer name="Country" value="3"/>
				<float name="ER" value="240."/>
				<string name="Hull" value="Gloucester_LBelt"/>
				<string name="Name" value="Bow2_LBelt"/>
				<string name="TypHL" value="Hull"/>
				<string name="UnitName" value="Gloucester"/>
			</object>
			<object name="Glou5110">
				<integer name="Country" value="3"/>
				<float name="ER" value="240."/>
				<string name="Hull" value="Gloucester_RBelt"/>
				<string name="Name" value="Bow2_RBelt"/>
				<string name="TypHL" value="Hull"/>
				<string name="UnitName" value="Gloucester"/>
			</object>
			<object name="Glou5111">
				<integer name="Country" value="3"/>
				<float name="ER" value="200."/>
				<string name="Hull" value="Gloucester_Bottom2"/>
				<string name="Name" value="Middle1_LBottom"/>
				<string name="TypHL" value="FuelTank"/>
				<string name="UnitName" value="Gloucester"/>
			</object>
			<object name="Glou5112">
				<integer name="Country" value="3"/>
				<float name="ER" value="200."/>
				<string name="Hull" value="Gloucester_Bottom2"/>
				<string name="Name" value="Middle1_RBottom"/>
				<string name="TypHL" value="FuelTank"/>
				<string name="UnitName" value="Gloucester"/>
			</object>
			<object name="Glou5113">
				<integer name="Country" value="3"/>
				<float name="ER" value="240."/>
				<string name="Hull" value="Gloucester_ALowerDeck"/>
				<string name="Name" value="Middle1_LowerDeck"/>
				<string name="TypHL" value="Hull"/>
				<string name="UnitName" value="Gloucester"/>
			</object>
			<object name="Glou5114">
				<integer name="Country" value="3"/>
				<float name="ER" value="200."/>
				<string name="Hull" value="Gloucester_AmmoStore"/>
				<string name="Name" value="AmmoStore_SG"/>
				<string name="TypHL" value="AmmoStore"/>
				<string name="UnitName" value="Gloucester"/>
			</object>
			<object name="Glou5115">
				<integer name="Country" value="3"/>
				<float name="ER" value="200."/>
				<string name="Hull" value="Gloucester_UpperDeck"/>
				<string name="Name" value="Middle1_UpperDeck"/>
				<string name="TypHL" value="Hull"/>
				<string name="UnitName" value="Gloucester"/>
			</object>
			<object name="Glou5116">
				<integer name="Country" value="3"/>
				<float name="ER" value="240."/>
				<string name="Hull" value="Gloucester_LAMP"/>
				<string name="Name" value="Middle1_LAMP"/>
				<string name="TypHL" value="Hull"/>
				<string name="UnitName" value="Gloucester"/>
			</object>
			<object name="Glou5117">
				<integer name="Country" value="3"/>
				<float name="ER" value="240."/>
				<string name="Hull" value="Gloucester_RAMP"/>
				<string name="Name" value="Middle1_RAMP"/>
				<string name="TypHL" value="Hull"/>
				<string name="UnitName" value="Gloucester"/>
			</object>
			<object name="Glou5118">
				<integer name="Country" value="3"/>
				<float name="ER" value="200."/>
				<string name="Hull" value="Gloucester_Rboard"/>
				<string name="Name" value="Middle1_RBoard"/>
				<string name="TypHL" value="Hull"/>
				<string name="UnitName" value="Gloucester"/>
			</object>
			<object name="Glou5119">
				<integer name="Country" value="3"/>
				<float name="ER" value="200."/>
				<string name="Hull" value="Gloucester_Lboard"/>
				<string name="Name" value="Middle1_LBoard"/>
				<string name="TypHL" value="Hull"/>
				<string name="UnitName" value="Gloucester"/>
			</object>
			<object name="Glou5120">
				<integer name="Country" value="3"/>
				<float name="ER" value="240."/>
				<string name="Hull" value="Gloucester_RBelt"/>
				<string name="Name" value="Middle1_RBelt"/>
				<string name="TypHL" value="Hull"/>
				<string name="UnitName" value="Gloucester"/>
			</object>
			<object name="Glou5121">
				<integer name="Country" value="3"/>
				<float name="ER" value="240."/>
				<string name="Hull" value="Gloucester_LBelt"/>
				<string name="Name" value="Middle1_LBelt"/>
				<string name="TypHL" value="Hull"/>
				<string name="UnitName" value="Gloucester"/>
			</object>
			<object name="Glou5122">
				<integer name="Country" value="3"/>
				<float name="ER" value="200."/>
				<string name="Hull" value="Gloucester_Bottom2"/>
				<string name="Name" value="Middle2_LBottom"/>
				<string name="TypHL" value="FuelTank"/>
				<string name="UnitName" value="Gloucester"/>
			</object>
			<object name="Glou5123">
				<integer name="Country" value="3"/>
				<float name="ER" value="200."/>
				<string name="Hull" value="Gloucester_Bottom2"/>
				<string name="Name" value="Middle2_RBottom"/>
				<string name="TypHL" value="FuelTank"/>
				<string name="UnitName" value="Gloucester"/>
			</object>
			<object name="Glou5124">
				<integer name="Country" value="3"/>
				<float name="ER" value="240."/>
				<string name="Hull" value="Gloucester_ALowerDeck"/>
				<string name="Name" value="Middle2_LowerDeck"/>
				<string name="TypHL" value="Hull"/>
				<string name="UnitName" value="Gloucester"/>
			</object>
			<object name="Glou5125">
				<integer name="Country" value="3"/>
				<float name="ER" value="100."/>
				<string name="Hull" value="Std_Boiler"/>
				<string name="Name" value="Boiler2"/>
				<string name="TypHL" value="Boiler"/>
				<string name="UnitName" value="Gloucester"/>
			</object>
			<object name="Glou5126">
				<integer name="Country" value="3"/>
				<float name="ER" value="100."/>
				<string name="Hull" value="Std_Boiler"/>
				<string name="Name" value="Boiler1"/>
				<string name="TypHL" value="Boiler"/>
				<string name="UnitName" value="Gloucester"/>
			</object>
			<object name="Glou5127">
				<integer name="Country" value="3"/>
				<float name="ER" value="200."/>
				<string name="Hull" value="Gloucester_UpperDeck"/>
				<string name="Name" value="Middle2_UpperDeck"/>
				<string name="TypHL" value="Hull"/>
				<string name="UnitName" value="Gloucester"/>
			</object>
			<object name="Glou5128">
				<integer name="Country" value="3"/>
				<float name="ER" value="240."/>
				<string name="Hull" value="Gloucester_LAMP"/>
				<string name="Name" value="Middle2_LAMP"/>
				<string name="TypHL" value="Hull"/>
				<string name="UnitName" value="Gloucester"/>
			</object>
			<object name="Glou5129">
				<integer name="Country" value="3"/>
				<float name="ER" value="240."/>
				<string name="Hull" value="Gloucester_RAMP"/>
				<string name="Name" value="Middle2_RAMP"/>
				<string name="TypHL" value="Hull"/>
				<string name="UnitName" value="Gloucester"/>
			</object>
			<object name="Glou5130">
				<integer name="Country" value="3"/>
				<float name="ER" value="240."/>
				<string name="Hull" value="Gloucester_RBelt"/>
				<string name="Name" value="Middle2_RBelt"/>
				<string name="TypHL" value="Hull"/>
				<string name="UnitName" value="Gloucester"/>
			</object>
			<object name="Glou5131">
				<integer name="Country" value="3"/>
				<float name="ER" value="240."/>
				<string name="Hull" value="Gloucester_LBelt"/>
				<string name="Name" value="Middle2_LBelt"/>
				<string name="TypHL" value="Hull"/>
				<string name="UnitName" value="Gloucester"/>
			</object>
			<object name="Glou5132">
				<integer name="Country" value="3"/>
				<float name="ER" value="200."/>
				<string name="Hull" value="Gloucester_Bottom2"/>
				<string name="Name" value="Middle3_LBottom"/>
				<string name="TypHL" value="FuelTank"/>
				<string name="UnitName" value="Gloucester"/>
			</object>
			<object name="Glou5133">
				<integer name="Country" value="3"/>
				<float name="ER" value="200."/>
				<string name="Hull" value="Gloucester_Bottom2"/>
				<string name="Name" value="Middle3_RBottom"/>
				<string name="TypHL" value="FuelTank"/>
				<string name="UnitName" value="Gloucester"/>
			</object>
			<object name="Glou5134">
				<integer name="Country" value="3"/>
				<float name="ER" value="240."/>
				<string name="Hull" value="Gloucester_ALowerDeck"/>
				<string name="Name" value="Middle3_LowerDeck"/>
				<string name="TypHL" value="Hull"/>
				<string name="UnitName" value="Gloucester"/>
			</object>
			<object name="Glou5135">
				<integer name="Country" value="3"/>
				<float name="ER" value="100."/>
				<string name="Hull" value="Std_Boiler"/>
				<string name="Name" value="Boiler4"/>
				<string name="TypHL" value="Boiler"/>
				<string name="UnitName" value="Gloucester"/>
			</object>
			<object name="Glou5136">
				<integer name="Country" value="3"/>
				<float name="ER" value="100."/>
				<string name="Hull" value="Std_Boiler"/>
				<string name="Name" value="Boiler3"/>
				<string name="TypHL" value="Boiler"/>
				<string name="UnitName" value="Gloucester"/>
			</object>
			<object name="Glou5137">
				<integer name="Country" value="3"/>
				<float name="ER" value="200."/>
				<string name="Hull" value="Gloucester_UpperDeck"/>
				<string name="Name" value="Middle3_UpperDeck"/>
				<string name="TypHL" value="Hull"/>
				<string name="UnitName" value="Gloucester"/>
			</object>
			<object name="Glou5138">
				<integer name="Country" value="3"/>
				<float name="ER" value="240."/>
				<string name="Hull" value="Gloucester_LAMP"/>
				<string name="Name" value="Middle3_LAMP"/>
				<string name="TypHL" value="Hull"/>
				<string name="UnitName" value="Gloucester"/>
			</object>
			<object name="Glou5139">
				<integer name="Country" value="3"/>
				<float name="ER" value="240."/>
				<string name="Hull" value="Gloucester_LBelt"/>
				<string name="Name" value="Middle3_LBelt"/>
				<string name="TypHL" value="Hull"/>
				<string name="UnitName" value="Gloucester"/>
			</object>
			<object name="Glou5140">
				<integer name="Country" value="3"/>
				<float name="ER" value="240."/>
				<string name="Hull" value="Gloucester_RBelt"/>
				<string name="Name" value="Middle3_RBelt"/>
				<string name="TypHL" value="Hull"/>
				<string name="UnitName" value="Gloucester"/>
			</object>
			<object name="Glou5141">
				<integer name="Country" value="3"/>
				<float name="ER" value="240."/>
				<string name="Hull" value="Gloucester_RAMP"/>
				<string name="Name" value="Middle3_RAMP"/>
				<string name="TypHL" value="Hull"/>
				<string name="UnitName" value="Gloucester"/>
			</object>
			<object name="Glou5142">
				<integer name="Country" value="3"/>
				<float name="ER" value="200."/>
				<string name="Hull" value="Gloucester_Bottom2"/>
				<string name="Name" value="Middle4_LBottom"/>
				<string name="TypHL" value="FuelTank"/>
				<string name="UnitName" value="Gloucester"/>
			</object>
			<object name="Glou5143">
				<integer name="Country" value="3"/>
				<float name="ER" value="200."/>
				<string name="Hull" value="Gloucester_Bottom2"/>
				<string name="Name" value="Middle4_RBottom"/>
				<string name="TypHL" value="FuelTank"/>
				<string name="UnitName" value="Gloucester"/>
			</object>
			<object name="Glou5144">
				<integer name="Country" value="3"/>
				<float name="ER" value="240."/>
				<string name="Hull" value="Gloucester_ALowerDeck"/>
				<string name="Name" value="Middle4_LowerDeck2"/>
				<string name="TypHL" value="Hull"/>
				<string name="UnitName" value="Gloucester"/>
			</object>
			<object name="Glou5145">
				<string name="ConnectName" value="Boiler1;Boiler2;Boiler3;Boiler4"/>
				<integer name="Country" value="3"/>
				<float name="ER" value="150."/>
				<string name="Hull" value="Std_Engine"/>
				<string name="Name" value="Engine2"/>
				<string name="TypHL" value="Engine"/>
				<string name="UnitName" value="Gloucester"/>
			</object>
			<object name="Glou5146">
				<string name="ConnectName" value="Boiler1;Boiler2;Boiler3;Boiler4;"/>
				<integer name="Country" value="3"/>
				<float name="ER" value="150."/>
				<string name="Hull" value="Std_Engine"/>
				<string name="Name" value="Engine1"/>
				<string name="TypHL" value="Engine"/>
				<string name="UnitName" value="Gloucester"/>
			</object>
			<object name="Glou5147">
				<integer name="Country" value="3"/>
				<float name="ER" value="200."/>
				<string name="Hull" value="Gloucester_UpperDeck"/>
				<string name="Name" value="Middle4_UpperDeck"/>
				<string name="TypHL" value="Hull"/>
				<string name="UnitName" value="Gloucester"/>
			</object>
			<object name="Glou5148">
				<integer name="Country" value="3"/>
				<float name="ER" value="240."/>
				<string name="Hull" value="Gloucester_LAMP"/>
				<string name="Name" value="Middle4_LAMP"/>
				<string name="TypHL" value="Hull"/>
				<string name="UnitName" value="Gloucester"/>
			</object>
			<object name="Glou5149">
				<integer name="Country" value="3"/>
				<float name="ER" value="240."/>
				<string name="Hull" value="Gloucester_RAMP"/>
				<string name="Name" value="Middle4_RAMP"/>
				<string name="TypHL" value="Hull"/>
				<string name="UnitName" value="Gloucester"/>
			</object>
			<object name="Glou5150">
				<integer name="Country" value="3"/>
				<float name="ER" value="200."/>
				<string name="Hull" value="Gloucester_Rboard"/>
				<string name="Name" value="Middle4_RBoard"/>
				<string name="TypHL" value="Hull"/>
				<string name="UnitName" value="Gloucester"/>
			</object>
			<object name="Glou5151">
				<integer name="Country" value="3"/>
				<float name="ER" value="200."/>
				<string name="Hull" value="Gloucester_Lboard"/>
				<string name="Name" value="Middle4_LBoard"/>
				<string name="TypHL" value="Hull"/>
				<string name="UnitName" value="Gloucester"/>
			</object>
			<object name="Glou5152">
				<integer name="Country" value="3"/>
				<float name="ER" value="240."/>
				<string name="Hull" value="Gloucester_RBelt"/>
				<string name="Name" value="Middle4_RBelt"/>
				<string name="TypHL" value="Hull"/>
				<string name="UnitName" value="Gloucester"/>
			</object>
			<object name="Glou5153">
				<integer name="Country" value="3"/>
				<float name="ER" value="240."/>
				<string name="Hull" value="Gloucester_LBelt"/>
				<string name="Name" value="Middle4_LBelt"/>
				<string name="TypHL" value="Hull"/>
				<string name="UnitName" value="Gloucester"/>
			</object>
			<object name="Glou5154">
				<integer name="Country" value="3"/>
				<float name="ER" value="240."/>
				<string name="Hull" value="Gloucester_ALowerDeck"/>
				<string name="Name" value="Middle4_LowerDeck1"/>
				<string name="TypHL" value="Hull"/>
				<string name="UnitName" value="Gloucester"/>
			</object>
			<object name="Glou5155">
				<string name="ConnectName" value="Boiler1;Boiler2;Boiler3;Boiler4"/>
				<integer name="Country" value="3"/>
				<float name="ER" value="150."/>
				<string name="Hull" value="Std_Engine"/>
				<string name="Name" value="Engine4"/>
				<string name="TypHL" value="Engine"/>
				<string name="UnitName" value="Gloucester"/>
			</object>
			<object name="Glou5156">
				<string name="ConnectName" value="Boiler1;Boiler2;Boiler3;Boiler4"/>
				<integer name="Country" value="3"/>
				<float name="ER" value="150."/>
				<string name="Hull" value="Std_Engine"/>
				<string name="Name" value="Engine3"/>
				<string name="TypHL" value="Engine"/>
				<string name="UnitName" value="Gloucester"/>
			</object>
			<object name="Glou5157">
				<integer name="Country" value="3"/>
				<float name="ER" value="200."/>
				<string name="Hull" value="Gloucester_Bottom2"/>
				<string name="Name" value="Stern1_Bottom"/>
				<string name="TypHL" value="Hull"/>
				<string name="UnitName" value="Gloucester"/>
			</object>
			<object name="Glou5158">
				<integer name="Country" value="3"/>
				<float name="ER" value="240."/>
				<string name="Hull" value="Gloucester_ALowerDeck"/>
				<string name="Name" value="Stern1_LowerDeck"/>
				<string name="TypHL" value="Hull"/>
				<string name="UnitName" value="Gloucester"/>
			</object>
			<object name="Glou5159">
				<integer name="Country" value="3"/>
				<float name="ER" value="200."/>
				<string name="Hull" value="Gloucester_AmmoStore"/>
				<string name="Name" value="AmmoStore_4"/>
				<string name="TypHL" value="AmmoStore"/>
				<string name="UnitName" value="Gloucester"/>
			</object>
			<object name="Glou5160">
				<integer name="Country" value="3"/>
				<float name="ER" value="200."/>
				<string name="Hull" value="Gloucester_AmmoStore"/>
				<string name="Name" value="AmmoStore_3"/>
				<string name="TypHL" value="AmmoStore"/>
				<string name="UnitName" value="Gloucester"/>
			</object>
			<object name="Glou5161">
				<integer name="Country" value="3"/>
				<float name="ER" value="200."/>
				<string name="Hull" value="Gloucester_UpperDeck"/>
				<string name="Name" value="Stern1_UpperDeck"/>
				<string name="TypHL" value="Hull"/>
				<string name="UnitName" value="Gloucester"/>
			</object>
			<object name="Glou5162">
				<integer name="Country" value="3"/>
				<float name="ER" value="240."/>
				<string name="Hull" value="Gloucester_LAMP"/>
				<string name="Name" value="Stern1_LAMP"/>
				<string name="TypHL" value="Hull"/>
				<string name="UnitName" value="Gloucester"/>
			</object>
			<object name="Glou5163">
				<integer name="Country" value="3"/>
				<float name="ER" value="240."/>
				<string name="Hull" value="Gloucester_RAMP"/>
				<string name="Name" value="Stern1_RAMP"/>
				<string name="TypHL" value="Hull"/>
				<string name="UnitName" value="Gloucester"/>
			</object>
			<object name="Glou5164">
				<integer name="Country" value="3"/>
				<float name="ER" value="200."/>
				<string name="Hull" value="Gloucester_Rboard"/>
				<string name="Name" value="Stern1_RBoard"/>
				<string name="TypHL" value="Hull"/>
				<string name="UnitName" value="Gloucester"/>
			</object>
			<object name="Glou5165">
				<integer name="Country" value="3"/>
				<float name="ER" value="200."/>
				<string name="Hull" value="Gloucester_Lboard"/>
				<string name="Name" value="Stern1_LBoard"/>
				<string name="TypHL" value="Hull"/>
				<string name="UnitName" value="Gloucester"/>
			</object>
			<object name="Glou5166">
				<integer name="Country" value="3"/>
				<float name="ER" value="240."/>
				<string name="Hull" value="Gloucester_RBelt"/>
				<string name="Name" value="Stern1_RBelt"/>
				<string name="TypHL" value="Hull"/>
				<string name="UnitName" value="Gloucester"/>
			</object>
			<object name="Glou5167">
				<integer name="Country" value="3"/>
				<float name="ER" value="240."/>
				<string name="Hull" value="Gloucester_LBelt"/>
				<string name="Name" value="Stern1_LBelt"/>
				<string name="TypHL" value="Hull"/>
				<string name="UnitName" value="Gloucester"/>
			</object>
			<object name="Glou5168">
				<integer name="Country" value="3"/>
				<float name="ER" value="200."/>
				<string name="Hull" value="Std_CLUpperHull"/>
				<string name="Name" value="BattleCabine"/>
				<string name="TypHL" value="Hull"/>
				<string name="UnitName" value="Gloucester"/>
			</object>
			<object name="Glou5169">
				<integer name="Country" value="3"/>
				<float name="ER" value="50."/>
				<string name="Hull" value="Std_Radar"/>
				<string name="Name" value="Radar"/>
				<string name="TypHL" value="Probe"/>
				<string name="UnitName" value="Gloucester"/>
			</object>
			<object name="Glou5170">
				<integer name="Country" value="3"/>
				<float name="ER" value="50."/>
				<string name="Hull" value="Std_Probe"/>
				<string name="Name" value="Radio"/>
				<string name="TypHL" value="Probe"/>
				<string name="UnitName" value="Gloucester"/>
			</object>
			<object name="Glou5171">
				<string name="ConnectName" value="Tiller;"/>
				<integer name="Country" value="3"/>
				<float name="ER" value="100."/>
				<string name="Hull" value="Std_Rudder"/>
				<string name="Name" value="Rudder"/>
				<string name="TypHL" value="Rudder"/>
				<string name="UnitName" value="Gloucester"/>
			</object>
			<object name="Glou5172">
				<string name="ConnectName" value="Engine3"/>
				<integer name="Country" value="3"/>
				<float name="ER" value="100."/>
				<string name="Hull" value="Std_Mover"/>
				<string name="Name" value="Mover4"/>
				<string name="TypHL" value="Mover"/>
				<string name="UnitName" value="Gloucester"/>
			</object>
			<object name="Glou5173">
				<string name="ConnectName" value="Engine3"/>
				<integer name="Country" value="3"/>
				<float name="ER" value="100."/>
				<string name="Hull" value="Std_Mover"/>
				<string name="Name" value="Mover3"/>
				<string name="TypHL" value="Mover"/>
				<string name="UnitName" value="Gloucester"/>
			</object>
			<object name="Glou5174">
				<string name="ConnectName" value="Engine2"/>
				<integer name="Country" value="3"/>
				<float name="ER" value="100."/>
				<string name="Hull" value="Std_Mover"/>
				<string name="Name" value="Mover2"/>
				<string name="TypHL" value="Mover"/>
				<string name="UnitName" value="Gloucester"/>
			</object>
			<object name="Glou5175">
				<string name="ConnectName" value="Engine1"/>
				<integer name="Country" value="3"/>
				<float name="ER" value="100."/>
				<string name="Hull" value="Std_Mover"/>
				<string name="Name" value="Mover1"/>
				<string name="TypHL" value="Mover"/>
				<string name="UnitName" value="Gloucester"/>
			</object>
			<object name="Glou5176">
				<integer name="Country" value="3"/>
				<float name="ER" value="240."/>
				<string name="Hull" value="Gloucester_Barbet"/>
				<string name="Name" value="Barbet4"/>
				<string name="TypHL" value="Hull"/>
				<string name="UnitName" value="Gloucester"/>
			</object>
			<object name="Glou5177">
				<integer name="Country" value="3"/>
				<float name="ER" value="240."/>
				<string name="Hull" value="Gloucester_Barbet"/>
				<string name="Name" value="Barbet2"/>
				<string name="TypHL" value="Hull"/>
				<string name="UnitName" value="Gloucester"/>
			</object>
			<object name="Glou5178">
				<integer name="Country" value="3"/>
				<float name="ER" value="240."/>
				<string name="Hull" value="Gloucester_Barbet"/>
				<string name="Name" value="Barbet1"/>
				<string name="TypHL" value="Hull"/>
				<string name="UnitName" value="Gloucester"/>
			</object>
			<object name="Glou5179">
				<integer name="Country" value="3"/>
				<float name="ER" value="50."/>
				<string name="Hull" value="Std_Probe"/>
				<string name="Name" value="Probe_AA"/>
				<string name="TypHL" value="Probe"/>
				<string name="UnitName" value="Gloucester"/>
			</object>
			<object name="Glou5180">
				<integer name="Country" value="3"/>
				<float name="ER" value="50."/>
				<string name="Hull" value="Std_Probe"/>
				<string name="Name" value="Probe_MG"/>
				<string name="TypHL" value="Probe"/>
				<string name="UnitName" value="Gloucester"/>
			</object>
			<object name="Glou5181">
				<integer name="Country" value="3"/>
				<integer name="Crew" value="280"/>
				<float name="ER" value="150."/>
				<string name="Hull" value="Std_CLUpperHull"/>
				<string name="Name" value="Bow_LSuperstructure"/>
				<string name="TypHL" value="Crew"/>
				<string name="UnitName" value="Gloucester"/>
			</object>
			<object name="Glou5182">
				<integer name="Country" value="3"/>
				<float name="ER" value="200."/>
				<string name="Hull" value="Gloucester_Bottom1"/>
				<string name="Name" value="Bow1_Bottom"/>
				<string name="TypHL" value="Hull"/>
				<string name="UnitName" value="Gloucester"/>
			</object>
			<object name="Glou5183">
				<integer name="Country" value="3"/>
				<float name="ER" value="240."/>
				<string name="Hull" value="Gloucester_BowLowerDeck"/>
				<string name="Name" value="Bow1_LowerDeck"/>
				<string name="TypHL" value="Hull"/>
				<string name="UnitName" value="Gloucester"/>
			</object>
			<object name="Glou5184">
				<integer name="Country" value="3"/>
				<float name="ER" value="50."/>
				<string name="Hull" value="Std_Probe"/>
				<string name="Name" value="Sonar"/>
				<string name="TypHL" value="Probe"/>
				<string name="UnitName" value="Gloucester"/>
			</object>
			<object name="Glou5185">
				<integer name="Country" value="3"/>
				<float name="ER" value="200."/>
				<string name="Hull" value="Gloucester_BowUpperDeck"/>
				<string name="Name" value="Bow1_UpperDeck"/>
				<string name="TypHL" value="Hull"/>
				<string name="UnitName" value="Gloucester"/>
			</object>
			<object name="Glou5186">
				<integer name="Country" value="3"/>
				<float name="ER" value="200."/>
				<string name="Hull" value="Gloucester_Stern"/>
				<string name="Name" value="Stern2"/>
				<string name="TypHL" value="Hull"/>
				<string name="UnitName" value="Gloucester"/>
			</object>
			<object name="Glou5187">
				<integer name="Country" value="3"/>
				<float name="ER" value="150."/>
				<string name="Hull" value="Std_Hull"/>
				<string name="Name" value="Tiller"/>
				<string name="TypHL" value="Hull"/>
				<string name="UnitName" value="Gloucester"/>
			</object>
		</object>
		<object name="Hulls">  
			<object name="Gloucester_UpperDeck">
				<integer name="Back" value="51"/>
				<integer name="Bottom" value="10"/>
				<integer name="Country" value="3"/>
				<float name="ExplProb" value="0."/>
				<float name="FireProb" value="15."/>
				<integer name="Front" value="51"/>
				<integer name="Left" value="38"/>
				<string name="Material" value="Steel"/>
				<integer name="Right" value="38"/>
				<integer name="Top" value="51"/>
				<integer name="UnitName" value="0"/>
				<string name="UnitTyp" value="Ship"/>
			</object>
			<object name="Gloucester_ALowerDeck">
				<integer name="Back" value="51"/>
				<integer name="Bottom" value="10"/>
				<integer name="Country" value="3"/>
				<float name="ExplProb" value="0."/>
				<float name="FireProb" value="5."/>
				<integer name="Front" value="51"/>
				<integer name="Left" value="38"/>
				<string name="Material" value="Armored"/>
				<integer name="Right" value="38"/>
				<integer name="Top" value="51"/>
				<integer name="UnitName" value="0"/>
				<string name="UnitTyp" value="Ship"/>
			</object>	 
			<object name="Gloucester_BowLowerDeck">
				<integer name="Back" value="38"/>
				<integer name="Bottom" value="10"/>
				<integer name="Country" value="3"/>
				<float name="ExplProb" value="0."/>
				<float name="FireProb" value="5."/>
				<integer name="Front" value="51"/>
				<integer name="Left" value="51"/>
				<string name="Material" value="Armored"/>
				<integer name="Right" value="51"/>
				<integer name="Top" value="51"/>
				<integer name="UnitName" value="0"/>
				<string name="UnitTyp" value="Ship"/>
			</object>	
			<object name="Gloucester_BowUpperDeck">
				<integer name="Back" value="38"/>
				<integer name="Bottom" value="10"/>
				<integer name="Country" value="3"/>
				<float name="ExplProb" value="0."/>
				<float name="FireProb" value="5."/>
				<integer name="Front" value="51"/>
				<integer name="Left" value="51"/>
				<string name="Material" value="Steel"/>
				<integer name="Right" value="51"/>
				<integer name="Top" value="38"/>
				<integer name="UnitName" value="0"/>
				<string name="UnitTyp" value="Ship"/>
			</object>
			<object name="Gloucester_RAMP">
				<integer name="Back" value="51"/>
				<integer name="Bottom" value="10"/>
				<integer name="Country" value="3"/>
				<float name="ExplProb" value="0."/>
				<float name="FireProb" value="0."/>
				<integer name="Front" value="51"/>
				<integer name="Left" value="38"/>
				<string name="Material" value="Armored"/>
				<integer name="Right" value="83"/>
				<integer name="Top" value="51"/>
				<integer name="UnitName" value="0"/>
				<string name="UnitTyp" value="Ship"/>
			</object>
			<object name="Gloucester_LAMP">
				<integer name="Back" value="51"/>
				<integer name="Bottom" value="10"/>
				<integer name="Country" value="3"/>
				<float name="ExplProb" value="0."/>
				<float name="FireProb" value="0."/>
				<integer name="Front" value="51"/>
				<integer name="Left" value="83"/>
				<string name="Material" value="Armored"/>
				<integer name="Right" value="38"/>
				<integer name="Top" value="51"/>
				<integer name="UnitName" value="0"/>
				<string name="UnitTyp" value="Ship"/>
			</object>
			<object name="Gloucester_LBelt">
				<integer name="Back" value="51"/>
				<integer name="Bottom" value="10"/>
				<integer name="Country" value="3"/>
				<float name="ExplProb" value="0."/>
				<float name="FireProb" value="0."/>
				<integer name="Front" value="51"/>
				<integer name="Left" value="89"/>
				<string name="Material" value="Armored"/>
				<integer name="Right" value="38"/>
				<integer name="Top" value="51"/>
				<integer name="UnitName" value="0"/>
				<string name="UnitTyp" value="Ship"/>
			</object>
			<object name="Gloucester_RBelt">
				<integer name="Back" value="51"/>
				<integer name="Bottom" value="10"/>
				<integer name="Country" value="3"/>
				<float name="ExplProb" value="0."/>
				<float name="FireProb" value="0."/>
				<integer name="Front" value="51"/>
				<integer name="Left" value="38"/>
				<string name="Material" value="Armored"/>
				<integer name="Right" value="89"/>
				<integer name="Top" value="51"/>
				<integer name="UnitName" value="0"/>
				<string name="UnitTyp" value="Ship"/>
			</object> 
			<object name="Gloucester_LBoard">
				<integer name="Back" value="51"/>
				<integer name="Bottom" value="10"/>
				<integer name="Country" value="3"/>
				<float name="ExplProb" value="0."/>
				<float name="FireProb" value="0."/>
				<integer name="Front" value="51"/>
				<integer name="Left" value="51"/>
				<string name="Material" value="Steel"/>
				<integer name="Right" value="38"/>
				<integer name="Top" value="51"/>
				<integer name="UnitName" value="0"/>
				<string name="UnitTyp" value="Ship"/>
			</object>
			<object name="Gloucester_RBoard">
				<integer name="Back" value="51"/>
				<integer name="Bottom" value="10"/>
				<integer name="Country" value="3"/>
				<float name="ExplProb" value="0."/>
				<float name="FireProb" value="0."/>
				<integer name="Front" value="51"/>
				<integer name="Left" value="38"/>
				<string name="Material" value="Steel"/>
				<integer name="Right" value="51"/>
				<integer name="Top" value="51"/>
				<integer name="UnitName" value="0"/>
				<string name="UnitTyp" value="Ship"/>
			</object>
			<object name="Gloucester_Bottom1">
				<integer name="Back" value="38"/>
				<integer name="Bottom" value="20"/>
				<integer name="Country" value="3"/>
				<float name="ExplProb" value="0."/>
				<float name="FireProb" value="0."/>
				<integer name="Front" value="51"/>
				<integer name="Left" value="20"/>
				<string name="Material" value="Steel"/>
				<integer name="Right" value="20"/>
				<integer name="Top" value="51"/>
				<integer name="UnitName" value="0"/>
				<string name="UnitTyp" value="Ship"/>
			</object>  	
			<object name="Gloucester_Bottom2">
				<integer name="Back" value="51"/>
				<integer name="Bottom" value="20"/>
				<integer name="Country" value="3"/>
				<float name="ExplProb" value="0."/>
				<float name="FireProb" value="0."/>
				<integer name="Front" value="51"/>
				<integer name="Left" value="20"/>
				<string name="Material" value="Steel"/>
				<integer name="Right" value="20"/>
				<integer name="Top" value="51"/>
				<integer name="UnitName" value="0"/>
				<string name="UnitTyp" value="Ship"/>
			</object>  
			<object name="Gloucester_Bottom3">
				<integer name="Back" value="51"/>
				<integer name="Bottom" value="20"/>
				<integer name="Country" value="3"/>
				<float name="ExplProb" value="0."/>
				<float name="FireProb" value="0."/>
				<integer name="Front" value="38"/>
				<integer name="Left" value="20"/>
				<string name="Material" value="Steel"/>
				<integer name="Right" value="20"/>
				<integer name="Top" value="51"/>
				<integer name="UnitName" value="0"/>
				<string name="UnitTyp" value="Ship"/>
			</object>
			<object name="Gloucester_LBottom">
				<integer name="Back" value="51"/>
				<integer name="Bottom" value="20"/>
				<integer name="Country" value="3"/>
				<float name="ExplProb" value="0."/>
				<float name="FireProb" value="0."/>
				<integer name="Front" value="51"/>
				<integer name="Left" value="20"/>
				<string name="Material" value="Steel"/>
				<integer name="Right" value="15"/>
				<integer name="Top" value="25"/>
				<integer name="UnitName" value="0"/>
				<string name="UnitTyp" value="Ship"/>
			</object> 
			<object name="Gloucester_RBottom">
				<integer name="Back" value="51"/>
				<integer name="Bottom" value="20"/>
				<integer name="Country" value="3"/>
				<float name="ExplProb" value="0."/>
				<float name="FireProb" value="0."/>
				<integer name="Front" value="51"/>
				<integer name="Left" value="10"/>
				<string name="Material" value="Steel"/>
				<integer name="Right" value="20"/>
				<integer name="Top" value="25"/>
				<integer name="UnitName" value="0"/>
				<string name="UnitTyp" value="Ship"/>
			</object>  
			<object name="Gloucester_Stern">
				<integer name="Back" value="51"/>
				<integer name="Bottom" value="25"/>
				<integer name="Country" value="3"/>
				<float name="ExplProb" value="0."/>
				<float name="FireProb" value="0."/>
				<integer name="Front" value="38"/>
				<integer name="Left" value="51"/>
				<string name="Material" value="Steel"/>
				<integer name="Right" value="51"/>
				<integer name="Top" value="51"/>
				<integer name="UnitName" value="0"/>
				<string name="UnitTyp" value="Ship"/>
			</object> 
			<object name="Gloucester_Barbet">
				<integer name="Back" value="51"/>
				<integer name="Bottom" value="10"/>
				<integer name="Country" value="3"/>
				<float name="ExplProb" value="10."/>
				<float name="FireProb" value="15."/>
				<integer name="Front" value="51"/>
				<integer name="Left" value="51"/>
				<string name="Material" value="Armored"/>
				<integer name="Right" value="51"/>
				<integer name="Top" value="51"/>
				<integer name="UnitName" value="0"/>
				<string name="UnitTyp" value="Ship"/>
			</object> 
			<object name="Gloucester_AmmoStore">
				<integer name="Back" value="51"/>
				<integer name="Bottom" value="10"/>
				<integer name="Country" value="3"/>
				<float name="ExplProb" value="20."/>
				<float name="FireProb" value="15."/>
				<integer name="Front" value="51"/>
				<integer name="Left" value="51"/>
				<string name="Material" value="Armored"/>
				<integer name="Right" value="51"/>
				<integer name="Top" value="51"/>
				<integer name="UnitName" value="0"/>
				<string name="UnitTyp" value="Ship"/>
			</object>
		</object>
		<object name="ShipsNames">
			<object name="Gloucester">
				<string name="1" value="Gloucester1"/>
				<string name="2" value="Gloucester2"/>
				<string name="3" value="Gloucester3"/>
			</object>
		</object>
		<object name="UnitsByType">
			<object name="3">
				<object name="Gloucester">
					<string name="ChildTable" value="Ships"/>
				</object>
			</object>
		</object>
	</object>
</root>
