<?xml version = "1.0" encoding = "UTF-8"?>
<root>
  <object name = "CockpitsIcons">	
	<object name = "Zerstorer1936">
		<object name = "8">
			<float name = "X" value = "126"/>
			<float name = "Y" value = "16"/>
		</object>
		<object name = "1">
			<float name = "X" value = "31"/>
			<float name = "Y" value = "91"/>
		</object>
		<object name = "7">
			<float name = "X" value = "31"/>
			<float name = "Y" value = "16"/>
		</object>
		
		<object name = "2">
			<float name = "X" value = "71"/>
			<float name = "Y" value = "91"/>
		</object>	
		<object name = "6">
			<float name = "X" value = "232"/>
			<float name = "Y" value = "53"/>
		</object>	
		<object name = "4">
			<float name = "X" value = "12"/>
			<float name = "Y" value = "53"/>
		</object>
	</object>	
  </object>  
</root>

