﻿<?xml version="1.0" standalone="yes" ?>
<root>
	<object name="SteelMonstersParams">
		<object name="Ships">
			<object name="Zerstorer1936">
				<float name="AccelRate" value="4.e-004"/>
				<integer name="AirplanesCount" value="0"/>
				<boolean name="BoatsTransportationAbility" value="false"/>
				<integer name="CabinArmor" value="20"/>
				<boolean name="CanBeChanged" value="true"/>
				<boolean name="CanUseTorpedos" value="true"/>
				<integer name="Country" value="5"/>
				<integer name="Crew" value="333"/>
				<float name="CriticalCareen" value="25."/>
				<float name="CriticalDFT" value="0.7"/>
				<float name="CriticalDifferent" value="2.5"/>
				<float name="DisplacementMax" value="1839."/>
				<float name="DTimeProd" value="44."/>
				<float name="EPR" value="130."/>
				<float name="FireRisk" value="267."/>
				<float name="Fuel" value="700."/>
				<float name="HLShapeCoef" value="0.9"/>
				<integer name="HullArmorSide" value="20"/>
				<integer name="HullArmorTop" value="13"/>
				<float name="Iron" value="1900."/>
				<integer name="Length" value="127"/>
				<float name="MaxSpeed" value="37."/>
				<integer name="MinCrew" value="150"/>
				<float name="Money" value="5400."/>
				<string name="Name" value="Zerstorer1936"/>
				<boolean name="New" value="true"/>
				<float name="NTimeProd" value="110."/>
				<integer name="Nuc_Dest_Prob" value="700"/>
				<integer name="Passengers" value="30"/>
				<boolean name="PlanesTransportationAbility" value="false"/>
				<float name="Range" value="12038."/>
				<integer name="Rank" value="5"/>
				<string name="SMU" value="Zerstorer1936"/>
				<float name="Speed" value="19."/>
				<float name="StoreCapacity" value="700."/>
				<boolean name="Transportable" value="false"/>
				<float name="TurnRate" value="1.8e-003"/>
				<integer name="Type" value="4"/>
				<float name="Vitality" value="830."/>
				<float name="VitalityAA" value="350."/>
				<float name="Weight" value="1839."/>
				<integer name="Width" value="11"/>
				<integer name="Year" value="39"/>
			</object>
		</object>
		<object name="ShipsNames">
			<object name="Zerstorer1936">
				<string name="1" value="Z-17"/>
			</object>
		</object>
		<object name="UnitsByType">
			<object name="4">
				<object name="Zerstorer1936">
					<string name="ChildTable" value="Ships"/>
				</object>
			</object>
		</object>
	</object>
</root>
