﻿<?xml version="1.0" standalone="yes" ?>
<root>
	<object name="Modifications">
		<object name="Ships">
			<object name="Zerstorer1936">
				<object name="Prototype">
					<string name="AAGunControl" value="Mark1_AA"/>
					<float name="AAVolleyWeight" value="3.40799952"/>
					<float name="Aluminium" value="0."/>
					<float name="AmmoWeight" value="33.5919991"/>
					<float name="Armour" value="0."/>
					<float name="FuelConsumption" value="4.98082924"/>
					<float name="FuelProtect" value="0."/>
					<string name="FullModName" value="Ships.Zerstorer1936.Prototype"/>
					<float name="Iron" value="2053.29004"/>
					<boolean name="IsJammer" value="false"/>
					<string name="MainGunControl" value="Mk_8_M"/>
					<float name="MaxFuel" value="700."/>
					<float name="MaxSpeed" value="37."/>
					<float name="MinSpeed" value="0."/>
					<float name="Money" value="11761."/>
					<widestring name="Name" value="WgBlAHIAcwB0APYAcgBlAHIAIABUAHkAcABlADEAOQAzADYA"/>
					<float name="RadarRange" value="100."/>
					<float name="RadioGain" value="32258.0645"/>
					<float name="RadioPowerHF" value="100."/>
					<float name="RadioPowerVHF" value="0."/>
					<float name="RadioSensitivityHF" value="3.10000009e-003"/>
					<float name="RadioSensitivityVHF" value="0."/>
					<object name="Slots">
						<object name="TPort_0">
							<string name="Device" value="DKM_127_Gun"/>
							<string name="Table" value="Turrets"/>
						</object>
						<object name="TPort_1">
							<string name="Device" value="DKM_127_Gun"/>
							<string name="Table" value="Turrets"/>
						</object>
						<object name="TPort_10">
							<string name="Device" value="Narvik_Torp_App_Turret"/>
							<string name="Table" value="Turrets"/>
						</object>
						<object name="TPort_11">
							<string name="Device" value="Narvik_Torp_App_Turret"/>
							<string name="Table" value="Turrets"/>
						</object>
						<object name="TPort_12">
							<string name="Device" value="Britain_Projector"/>
							<string name="Table" value="Turrets"/>
						</object>
						<object name="TPort_13">
							<string name="Device" value="Britain_Projector"/>
							<string name="Table" value="Turrets"/>
						</object>
						<object name="TPort_14">
							<string name="Device" value="Narvik_Radar_FuMO21"/>
							<string name="Table" value="Turrets"/>
						</object>
						<object name="TPort_15">
							<string name="Device" value="Bismark_Rangefinder3m"/>
							<string name="Table" value="Turrets"/>
						</object>
						<object name="TPort_16">
							<string name="Device" value="Bismark_RangefinderSmall"/>
							<string name="Table" value="Turrets"/>
						</object>
						<object name="TPort_17">
							<string name="Device" value="Vint_Fletcher"/>
							<string name="Table" value="Turrets"/>
						</object>
						<object name="TPort_18">
							<string name="Device" value="Vint_Fletcher"/>
							<string name="Table" value="Turrets"/>
						</object>
						<object name="TPort_19">
							<string name="Device" value="K_Turret"/>
							<string name="Table" value="Rifles"/>
						</object>
						<object name="TPort_2">
							<string name="Device" value="DKM_127_Gun"/>
							<string name="Table" value="Turrets"/>
						</object>
						<object name="TPort_20">
							<string name="Device" value="K_Turret"/>
							<string name="Table" value="Rifles"/>
						</object>
						<object name="TPort_21">
							<string name="Device" value="Bomb_Kletka_Small_4x"/>
							<string name="Table" value="Rifles"/>
						</object>
						<object name="TPort_22">
							<string name="Device" value="Bomb_Kletka_Small_4x"/>
							<string name="Table" value="Rifles"/>
						</object>
						<object name="TPort_3">
							<string name="Device" value="DKM_127_Gun"/>
							<string name="Table" value="Turrets"/>
						</object>
						<object name="TPort_4">
							<string name="Device" value="Bismark_FLAK4_20mm_MG_C38Quad_Turret"/>
							<string name="Table" value="Turrets"/>
						</object>
						<object name="TPort_5">
							<string name="Device" value="DKM_127_Gun"/>
							<string name="Table" value="Turrets"/>
						</object>
						<object name="TPort_6">
							<string name="Device" value="Bismark_FLAK4_20mm_MG_C38Quad_Turret"/>
							<string name="Table" value="Turrets"/>
						</object>
						<object name="TPort_7">
							<string name="Device" value="Bismark_FLAK4_20mm_MG_C38Quad_Turret"/>
							<string name="Table" value="Turrets"/>
						</object>
						<object name="TPort_8">
							<string name="Device" value="37mm_M42_Turret"/>
							<string name="Table" value="Turrets"/>
						</object>
						<object name="TPort_9">
							<string name="Device" value="37mm_M42_Turret"/>
							<string name="Table" value="Turrets"/>
						</object>
						<object name="TPort_A1">
							<string name="Device" value=""/>
							<string name="Table" value="Turrets"/>
						</object>
						<object name="TPort_A2">
							<string name="Device" value=""/>
							<string name="Table" value="Turrets"/>
						</object>
						<object name="TPort_A3">
							<string name="Device" value=""/>
							<string name="Table" value="Turrets"/>
						</object>
						<object name="TPort_A4">
							<string name="Device" value=""/>
							<string name="Table" value="Turrets"/>
						</object>
						<object name="TPort_A5">
							<string name="Device" value=""/>
							<string name="Table" value="Turrets"/>
						</object>
						<object name="TPort_A6">
							<string name="Device" value=""/>
							<string name="Table" value="Turrets"/>
						</object>
						<object name="TPort_A7">
							<string name="Device" value=""/>
							<string name="Table" value="Turrets"/>
						</object>
						<object name="TPort_A8">
							<string name="Device" value=""/>
							<string name="Table" value="Turrets"/>
						</object>
						<object name="TPort_A9">
							<string name="Device" value=""/>
							<string name="Table" value="Turrets"/>
						</object>
						<object name="TPort_AA">
							<string name="Device" value=""/>
							<string name="Table" value="Turrets"/>
						</object>
						<object name="TPort_H1">
							<string name="Device" value=""/>
							<string name="Table" value="Turrets"/>
						</object>
						<object name="TPort_H2">
							<string name="Device" value=""/>
							<string name="Table" value="Turrets"/>
						</object>
						<object name="ZPort_AAGunContr1">
							<string name="Device" value="Mark1_AA"/>
							<string name="Table" value="AimSystems"/>
						</object>
						<object name="ZPort_Jammer_US_A1">
							<string name="Device" value=""/>
							<string name="Table" value=""/>
						</object>
						<object name="ZPort_MainGunContr">
							<string name="Device" value="Mk_8_M"/>
							<string name="Table" value="AimSystems"/>
						</object>
						<object name="ZPort_Radio">
							<string name="Device" value="TBL7"/>
							<string name="Table" value="Probes"/>
						</object>
						<object name="ZPort_Sonar">
							<string name="Device" value=""/>
							<string name="Table" value=""/>
						</object>
						<object name="ZPort_SteamTurbine_01">
							<string name="Device" value="MPP_Narvik"/>
							<string name="Table" value="Engins"/>
						</object>
					</object>
					<string name="Sonar" value=""/>
					<float name="Speed" value="19."/>
					<string name="SuperRifles" value="Narvik_Torp_Tube.10."/>
					<float name="VolleyWeight" value="2.51999998"/>
					<float name="Weight" value="2583.50977"/>
				</object>
				<object name="ai_43">
					<string name="AAGunControl" value="Mark1_AA"/>
					<float name="AAVolleyWeight" value="0.847300112"/>
					<float name="Aluminium" value="0."/>
					<float name="AmmoWeight" value="38.8239937"/>
					<float name="Armour" value="0."/>
					<float name="FuelConsumption" value="6.16122414"/>
					<float name="FuelProtect" value="0."/>
					<string name="FullModName" value="Ships.Zerstorer1936.ai_43"/>
					<float name="Iron" value="2129.59937"/>
					<boolean name="IsJammer" value="true"/>
					<string name="MainGunControl" value="Mk_8R_M"/>
					<float name="MaxFuel" value="700."/>
					<float name="MaxSpeed" value="37."/>
					<float name="MinSpeed" value="0."/>
					<float name="Money" value="11893."/>
					<widestring name="Name" value="OQQcBCAAPwRABD4ENQQ6BEIEMAQgADEAOQAzADYAIAAzBD4ENAQwBF8AYQBpADQAMwA="/>
					<float name="RadarRange" value="100."/>
					<float name="RadioGain" value="32258.0645"/>
					<float name="RadioPowerHF" value="100."/>
					<float name="RadioPowerVHF" value="0."/>
					<float name="RadioSensitivityHF" value="3.10000009e-003"/>
					<float name="RadioSensitivityVHF" value="0."/>
					<object name="Slots">
						<object name="TPort_0">
							<string name="Device" value="DKM_127_Gun"/>
							<string name="Table" value="Turrets"/>
						</object>
						<object name="TPort_1">
							<string name="Device" value="DKM_127_Gun"/>
							<string name="Table" value="Turrets"/>
						</object>
						<object name="TPort_10">
							<string name="Device" value="Narvik_Torp_App_Turret"/>
							<string name="Table" value="Turrets"/>
						</object>
						<object name="TPort_11">
							<string name="Device" value="Narvik_Torp_App_Turret"/>
							<string name="Table" value="Turrets"/>
						</object>
						<object name="TPort_12">
							<string name="Device" value="Britain_Projector"/>
							<string name="Table" value="Turrets"/>
						</object>
						<object name="TPort_13">
							<string name="Device" value="Britain_Projector"/>
							<string name="Table" value="Turrets"/>
						</object>
						<object name="TPort_14">
							<string name="Device" value="Narvik_Radar_FuMO21"/>
							<string name="Table" value="Turrets"/>
						</object>
						<object name="TPort_15">
							<string name="Device" value="Hood_RF_9feet_2V"/>
							<string name="Table" value="Turrets"/>
						</object>
						<object name="TPort_16">
							<string name="Device" value="Hood_RF_9feet_2V"/>
							<string name="Table" value="Turrets"/>
						</object>
						<object name="TPort_17">
							<string name="Device" value="Vint_Fletcher"/>
							<string name="Table" value="Turrets"/>
						</object>
						<object name="TPort_18">
							<string name="Device" value="Vint_Fletcher"/>
							<string name="Table" value="Turrets"/>
						</object>
						<object name="TPort_19">
							<string name="Device" value="K_Turret"/>
							<string name="Table" value="Rifles"/>
						</object>
						<object name="TPort_2">
							<string name="Device" value="DKM_127_Gun"/>
							<string name="Table" value="Turrets"/>
						</object>
						<object name="TPort_20">
							<string name="Device" value="K_Turret"/>
							<string name="Table" value="Rifles"/>
						</object>
						<object name="TPort_21">
							<string name="Device" value="Bomb_Kletka_Small_4x"/>
							<string name="Table" value="Rifles"/>
						</object>
						<object name="TPort_22">
							<string name="Device" value="Bomb_Kletka_Small_4x"/>
							<string name="Table" value="Rifles"/>
						</object>
						<object name="TPort_3">
							<string name="Device" value="DKM_127_Gun"/>
							<string name="Table" value="Turrets"/>
						</object>
						<object name="TPort_4">
							<string name="Device" value="Bismark_FLAK4_20mm_MG_C38Quad_Turret"/>
							<string name="Table" value="Turrets"/>
						</object>
						<object name="TPort_5">
							<string name="Device" value="DKM_127_Gun"/>
							<string name="Table" value="Turrets"/>
						</object>
						<object name="TPort_6">
							<string name="Device" value="Bismark_FLAK4_20mm_MG_C38Quad_Turret"/>
							<string name="Table" value="Turrets"/>
						</object>
						<object name="TPort_7">
							<string name="Device" value="Bismark_FLAK4_20mm_MG_C38Quad_Turret"/>
							<string name="Table" value="Turrets"/>
						</object>
						<object name="TPort_8">
							<string name="Device" value="37mm_M42_Turret"/>
							<string name="Table" value="Turrets"/>
						</object>
						<object name="TPort_9">
							<string name="Device" value="37mm_M42_Turret"/>
							<string name="Table" value="Turrets"/>
						</object>
						<object name="TPort_A1">
							<string name="Device" value="Bismark_FLAK5_20mm_MG_C30_Turret"/>
							<string name="Table" value="Turrets"/>
						</object>
						<object name="TPort_A2">
							<string name="Device" value="Bismark_FLAK5_20mm_MG_C30_Turret"/>
							<string name="Table" value="Turrets"/>
						</object>
						<object name="TPort_A3">
							<string name="Device" value="Bismark_FLAK5_20mm_MG_C30_Turret"/>
							<string name="Table" value="Turrets"/>
						</object>
						<object name="TPort_A4">
							<string name="Device" value="Bismark_FLAK5_20mm_MG_C30_Turret"/>
							<string name="Table" value="Turrets"/>
						</object>
						<object name="TPort_A5">
							<string name="Device" value="Bismark_FLAK5_20mm_MG_C30_Turret"/>
							<string name="Table" value="Turrets"/>
						</object>
						<object name="TPort_A6">
							<string name="Device" value="Bismark_FLAK5_20mm_MG_C30_Turret"/>
							<string name="Table" value="Turrets"/>
						</object>
						<object name="TPort_A7">
							<string name="Device" value="Bismark_FLAK5_20mm_MG_C30_Turret"/>
							<string name="Table" value="Turrets"/>
						</object>
						<object name="TPort_A8">
							<string name="Device" value="Bismark_FLAK5_20mm_MG_C30_Turret"/>
							<string name="Table" value="Turrets"/>
						</object>
						<object name="TPort_A9">
							<string name="Device" value="Bismark_FLAK5_20mm_MG_C30_Turret"/>
							<string name="Table" value="Turrets"/>
						</object>
						<object name="TPort_AA">
							<string name="Device" value="Bismark_FLAK5_20mm_MG_C30_Turret"/>
							<string name="Table" value="Turrets"/>
						</object>
						<object name="TPort_H1">
							<string name="Device" value="37mm_M42_Turret"/>
							<string name="Table" value="Turrets"/>
						</object>
						<object name="TPort_H2">
							<string name="Device" value="37mm_M42_Turret"/>
							<string name="Table" value="Turrets"/>
						</object>
						<object name="ZPort_AAGunContr1">
							<string name="Device" value="Mark1_AA"/>
							<string name="Table" value="AimSystems"/>
						</object>
						<object name="ZPort_Jammer_US_A1">
							<string name="Device" value="Jammer_US_A"/>
							<string name="Table" value="Probes"/>
						</object>
						<object name="ZPort_MainGunContr">
							<string name="Device" value="Mk_8R_M"/>
							<string name="Table" value="AimSystems"/>
						</object>
						<object name="ZPort_Radio">
							<string name="Device" value="TBS"/>
							<string name="Table" value="Probes"/>
						</object>
						<object name="ZPort_Sonar">
							<string name="Device" value="SearchLight_U"/>
							<string name="Table" value="Probes"/>
						</object>
						<object name="ZPort_SteamTurbine_01">
							<string name="Device" value="MPP_Narvik"/>
							<string name="Table" value="Engins"/>
						</object>
					</object>
					<string name="Sonar" value="SearchLight_U"/>
					<float name="Speed" value="19."/>
					<string name="SuperRifles" value="Narvik_Torp_Tube.10."/>
					<float name="VolleyWeight" value="1.01850009"/>
					<float name="Weight" value="2793.08545"/>
				</object>
				<object name="ai_45">
					<string name="AAGunControl" value="Mark12R_AA"/>
					<float name="AAVolleyWeight" value="4.94231987"/>
					<float name="Aluminium" value="0."/>
					<float name="AmmoWeight" value="91.4400024"/>
					<float name="Armour" value="0."/>
					<float name="FuelConsumption" value="6.16122414"/>
					<float name="FuelProtect" value="0."/>
					<string name="FullModName" value="Ships.Zerstorer1936.ai_45"/>
					<float name="Iron" value="2066.0896"/>
					<boolean name="IsJammer" value="true"/>
					<string name="MainGunControl" value="Mk_8R_M"/>
					<float name="MaxFuel" value="700."/>
					<float name="MaxSpeed" value="37."/>
					<float name="MinSpeed" value="0."/>
					<float name="Money" value="12377."/>
					<widestring name="Name" value="OQQcBCAAPwRABD4ENQQ6BEIEMAQgADEAOQAzADYAIAAzBD4ENAQwBF8AYQBpADQANQA="/>
					<float name="RadarRange" value="100."/>
					<float name="RadioGain" value="10000."/>
					<float name="RadioPowerHF" value="0."/>
					<float name="RadioPowerVHF" value="50."/>
					<float name="RadioSensitivityHF" value="0."/>
					<float name="RadioSensitivityVHF" value="4.99999989e-003"/>
					<object name="Slots">
						<object name="TPort_0">
							<string name="Device" value="DKM_127_Gun"/>
							<string name="Table" value="Turrets"/>
						</object>
						<object name="TPort_1">
							<string name="Device" value="DKM_127_Gun"/>
							<string name="Table" value="Turrets"/>
						</object>
						<object name="TPort_10">
							<string name="Device" value="Narvik_Torp_App_Turret"/>
							<string name="Table" value="Turrets"/>
						</object>
						<object name="TPort_11">
							<string name="Device" value="Narvik_Torp_App_Turret"/>
							<string name="Table" value="Turrets"/>
						</object>
						<object name="TPort_12">
							<string name="Device" value="Britain_Projector"/>
							<string name="Table" value="Turrets"/>
						</object>
						<object name="TPort_13">
							<string name="Device" value="Britain_Projector"/>
							<string name="Table" value="Turrets"/>
						</object>
						<object name="TPort_14">
							<string name="Device" value="Narvik_Radar_FuMO21"/>
							<string name="Table" value="Turrets"/>
						</object>
						<object name="TPort_15">
							<string name="Device" value="Narvik_Rangefinder"/>
							<string name="Table" value="Turrets"/>
						</object>
						<object name="TPort_16">
							<string name="Device" value="Narvik_Rangefinder"/>
							<string name="Table" value="Turrets"/>
						</object>
						<object name="TPort_17">
							<string name="Device" value="Vint_Fletcher"/>
							<string name="Table" value="Turrets"/>
						</object>
						<object name="TPort_18">
							<string name="Device" value="Vint_Fletcher"/>
							<string name="Table" value="Turrets"/>
						</object>
						<object name="TPort_19">
							<string name="Device" value="K_Turret"/>
							<string name="Table" value="Rifles"/>
						</object>
						<object name="TPort_2">
							<string name="Device" value="DKM_127_Gun"/>
							<string name="Table" value="Turrets"/>
						</object>
						<object name="TPort_20">
							<string name="Device" value="K_Turret"/>
							<string name="Table" value="Rifles"/>
						</object>
						<object name="TPort_21">
							<string name="Device" value="Bomb_Kletka_Small_4x"/>
							<string name="Table" value="Rifles"/>
						</object>
						<object name="TPort_22">
							<string name="Device" value="Bomb_Kletka_Small_4x"/>
							<string name="Table" value="Rifles"/>
						</object>
						<object name="TPort_3">
							<string name="Device" value="DKM_127_Gun"/>
							<string name="Table" value="Turrets"/>
						</object>
						<object name="TPort_4">
							<string name="Device" value="Bismark_FLAK4_20mm_MG_C38Quad_Turret"/>
							<string name="Table" value="Turrets"/>
						</object>
						<object name="TPort_5">
							<string name="Device" value="DKM_127_Gun"/>
							<string name="Table" value="Turrets"/>
						</object>
						<object name="TPort_6">
							<string name="Device" value="Bismark_FLAK4_20mm_MG_C38Quad_Turret"/>
							<string name="Table" value="Turrets"/>
						</object>
						<object name="TPort_7">
							<string name="Device" value="Bismark_FLAK4_20mm_MG_C38Quad_Turret"/>
							<string name="Table" value="Turrets"/>
						</object>
						<object name="TPort_8">
							<string name="Device" value="37mm_M42_Turret"/>
							<string name="Table" value="Turrets"/>
						</object>
						<object name="TPort_9">
							<string name="Device" value="37mm_M42_Turret"/>
							<string name="Table" value="Turrets"/>
						</object>
						<object name="TPort_A1">
							<string name="Device" value="Bismark_FLAK4_20mm_MG_C38Quad_Turret"/>
							<string name="Table" value="Turrets"/>
						</object>
						<object name="TPort_A2">
							<string name="Device" value="Bismark_FLAK4_20mm_MG_C38Quad_Turret"/>
							<string name="Table" value="Turrets"/>
						</object>
						<object name="TPort_A3">
							<string name="Device" value="Bismark_FLAK4_20mm_MG_C38Quad_Turret"/>
							<string name="Table" value="Turrets"/>
						</object>
						<object name="TPort_A4">
							<string name="Device" value="Bismark_FLAK4_20mm_MG_C38Quad_Turret"/>
							<string name="Table" value="Turrets"/>
						</object>
						<object name="TPort_A5">
							<string name="Device" value="Bismark_FLAK4_20mm_MG_C38Quad_Turret"/>
							<string name="Table" value="Turrets"/>
						</object>
						<object name="TPort_A6">
							<string name="Device" value="Bismark_FLAK4_20mm_MG_C38Quad_Turret"/>
							<string name="Table" value="Turrets"/>
						</object>
						<object name="TPort_A7">
							<string name="Device" value="Bismark_FLAK4_20mm_MG_C38Quad_Turret"/>
							<string name="Table" value="Turrets"/>
						</object>
						<object name="TPort_A8">
							<string name="Device" value="Bismark_FLAK4_20mm_MG_C38Quad_Turret"/>
							<string name="Table" value="Turrets"/>
						</object>
						<object name="TPort_A9">
							<string name="Device" value="Bismark_FLAK4_20mm_MG_C38Quad_Turret"/>
							<string name="Table" value="Turrets"/>
						</object>
						<object name="TPort_AA">
							<string name="Device" value="Bismark_FLAK4_20mm_MG_C38Quad_Turret"/>
							<string name="Table" value="Turrets"/>
						</object>
						<object name="TPort_H1">
							<string name="Device" value="37mm_M42_Turret"/>
							<string name="Table" value="Turrets"/>
						</object>
						<object name="TPort_H2">
							<string name="Device" value="37mm_M42_Turret"/>
							<string name="Table" value="Turrets"/>
						</object>
						<object name="ZPort_AAGunContr1">
							<string name="Device" value="Mark12R_AA"/>
							<string name="Table" value="AimSystems"/>
						</object>
						<object name="ZPort_Jammer_US_A1">
							<string name="Device" value="Jammer_US_A"/>
							<string name="Table" value="Probes"/>
						</object>
						<object name="ZPort_MainGunContr">
							<string name="Device" value="Mk_8R_M"/>
							<string name="Table" value="AimSystems"/>
						</object>
						<object name="ZPort_Radio">
							<string name="Device" value="TBS"/>
							<string name="Table" value="Probes"/>
						</object>
						<object name="ZPort_Sonar">
							<string name="Device" value="SearchLight_U"/>
							<string name="Table" value="Probes"/>
						</object>
						<object name="ZPort_SteamTurbine_01">
							<string name="Device" value="MPP_Narvik"/>
							<string name="Table" value="Engins"/>
						</object>
					</object>
					<string name="Sonar" value="SearchLight_U"/>
					<float name="Speed" value="19."/>
					<string name="SuperRifles" value="Narvik_Torp_Tube.10."/>
					<float name="VolleyWeight" value="4.08599997"/>
					<float name="Weight" value="2699.98975"/>
				</object>
			</object>
            	</object>
	</object>
</root>