﻿<?xml version="1.0" standalone="yes" ?>
<root>
	<object name="Prototypes">
		<object name="Ships">
			<object name="Zerstorer1936">
				<object name="Slots">
					<object name="TPort_0">
						<integer name="icon_x" value="346"/>
						<integer name="icon_y" value="22"/>
					</object>
					<object name="TPort_11">
						<object name="SubSlots">
							<object name="TPort_10">
								<integer name="icon_x" value="85"/>
								<integer name="icon_y" value="3"/>
							</object>
						</object>
						<integer name="icon_x" value="186"/>
						<integer name="icon_y" value="23"/>
					</object>
					<object name="TPort_13">
						<object name="SubSlots">
							<object name="TPort_12">
								<integer name="icon_x" value="167"/>
								<integer name="icon_y" value="3"/>
							</object>
						</object>
						<integer name="icon_x" value="374"/>
						<integer name="icon_y" value="323"/>
					</object>
					<object name="TPort_14">
						<integer name="icon_x" value="188"/>
						<integer name="icon_y" value="213"/>
					</object>
					<object name="TPort_16">
						<object name="SubSlots">
							<object name="TPort_15">
								<integer name="icon_x" value="290"/>
								<integer name="icon_y" value="3"/>
							</object>
						</object>
						<integer name="icon_x" value="480"/>
						<integer name="icon_y" value="214"/>
					</object>
					<object name="TPort_17">
						<integer name="icon_x" value="372"/>
						<integer name="icon_y" value="3"/>
					</object>
					<object name="TPort_18">
						<integer name="icon_x" value="413"/>
						<integer name="icon_y" value="3"/>
					</object>
					<object name="TPort_19">
						<object name="SubSlots">
							<object name="TPort_20">
								<integer name="icon_x" value="44"/>
								<integer name="icon_y" value="3"/>
							</object>
						</object>
						<integer name="icon_x" value="540"/>
						<integer name="icon_y" value="45"/>
					</object>
					<object name="TPort_2">
						<object name="SubSlots">
							<object name="TPort_1">
								<integer name="icon_x" value="282"/>
								<integer name="icon_y" value="23"/>
							</object>
						</object>
						<integer name="icon_x" value="454"/>
						<integer name="icon_y" value="23"/>
					</object>
					<object name="TPort_21">
						<object name="SubSlots">
							<object name="TPort_22">
								<integer name="icon_x" value="126"/>
								<integer name="icon_y" value="3"/>
							</object>
						</object>
						<integer name="icon_x" value="540"/>
						<integer name="icon_y" value="155"/>
					</object>
					<object name="TPort_3">
						<object name="SubSlots"/>
						<integer name="icon_x" value="34"/>
						<integer name="icon_y" value="22"/>
					</object>
					<object name="TPort_4">
						<object name="SubSlots">
							<object name="TPort_6">
								<integer name="icon_x" value="274"/>
								<integer name="icon_y" value="148"/>
							</object>
						</object>
						<integer name="icon_x" value="351"/>
						<integer name="icon_y" value="112"/>
					</object>
					<object name="TPort_5">
						<integer name="icon_x" value="36"/>
						<integer name="icon_y" value="110"/>
					</object>
					<object name="TPort_7">
						<integer name="icon_x" value="480"/>
						<integer name="icon_y" value="112"/>
					</object>
					<object name="TPort_8">
						<object name="SubSlots">
							<object name="TPort_9">
								<object name="SubSlots"/>
								<integer name="icon_x" value="157"/>
								<integer name="icon_y" value="99"/>
							</object>
						</object>
						<integer name="icon_x" value="188"/>
						<integer name="icon_y" value="109"/>
					</object>
					<object name="TPort_H1">
						<integer name="icon_x" value="430"/>
						<integer name="icon_y" value="147"/>
						<object name="SubSlots">
							<object name="TPort_H2">
								<integer name="icon_x" value="85"/>
								<integer name="icon_y" value="44"/>
							</object>
						</object>
					</object>
					<object name="TPort_A1">
						<integer name="icon_x" value="271"/>
						<integer name="icon_y" value="117"/>
						<object name="SubSlots">
							<object name="TPort_A2">
								<integer name="icon_x" value="85"/>
								<integer name="icon_y" value="44"/>
							</object>
							<object name="TPort_A3">
								<integer name="icon_x" value="85"/>
								<integer name="icon_y" value="44"/>
							</object>
							<object name="TPort_A4">
								<integer name="icon_x" value="85"/>
								<integer name="icon_y" value="44"/>
							</object>
							<object name="TPort_A5">
								<integer name="icon_x" value="85"/>
								<integer name="icon_y" value="44"/>
							</object>
							<object name="TPort_A6">
								<integer name="icon_x" value="85"/>
								<integer name="icon_y" value="44"/>
							</object>
							<object name="TPort_A7">
								<integer name="icon_x" value="85"/>
								<integer name="icon_y" value="44"/>
							</object>
							<object name="TPort_A8">
								<integer name="icon_x" value="85"/>
								<integer name="icon_y" value="44"/>
							</object>
							<object name="TPort_A9">
								<integer name="icon_x" value="85"/>
								<integer name="icon_y" value="44"/>
							</object>
							<object name="TPort_AA">
								<integer name="icon_x" value="85"/>
								<integer name="icon_y" value="44"/>
							</object>
						</object>
					</object>
					<object name="ZPort_AAGunContr1">
						<integer name="icon_x" value="352"/>
						<integer name="icon_y" value="214"/>
					</object>
					<object name="ZPort_Bridge">
						<integer name="icon_x" value="44"/>
						<integer name="icon_y" value="3"/>
					</object>
					<object name="ZPort_FuelTank">
						<integer name="icon_x" value="85"/>
						<integer name="icon_y" value="3"/>
					</object>
					<object name="ZPort_Jammer_JS_A">
						<integer name="icon_x" value="126"/>
						<integer name="icon_y" value="3"/>
					</object>
					<object name="ZPort_Jammer_US_A1">
						<integer name="icon_x" value="477"/>
						<integer name="icon_y" value="321"/>
					</object>
					<object name="ZPort_MainGunContr">
						<integer name="icon_x" value="42"/>
						<integer name="icon_y" value="212"/>
					</object>
					<object name="ZPort_Radio">
						<integer name="icon_x" value="167"/>
						<integer name="icon_y" value="318"/>
					</object>
					<object name="ZPort_Rudder">
						<integer name="icon_x" value="290"/>
						<integer name="icon_y" value="3"/>
					</object>
					<object name="ZPort_Sonar">
						<integer name="icon_x" value="41"/>
						<integer name="icon_y" value="318"/>
					</object>
					<object name="ZPort_Sonar1">
						<integer name="icon_x" value="372"/>
						<integer name="icon_y" value="3"/>
					</object>
					<object name="ZPort_SteamTurbine_01">
						<integer name="icon_x" value="271"/>
						<integer name="icon_y" value="321"/>
					</object>
				</object>
			</object>				
       	 </object>
	</object>
</root>
