﻿<?xml version = "1.0" encoding = "UTF-8"?>
<root>
	<object name = "SteelMonstersParams">
		<object name="Ships">
			<object name="Renown">
				<float name="AccelRate" value="1.e-004"/>
				<string name="Airgroup" value="Scout_ShipWater_Battleship_Battalion_england"/>
				<integer name="AirplanesCount" value="4"/>
				<string name="AmmoLoadingTemplate" value="Ammo 300"/>
				<boolean name="BoatsTransportationAbility" value="false"/>
				<integer name="CabinArmor" value="533"/>
				<boolean name="CanBeChanged" value="true"/>
				<boolean name="CanUseTorpedos" value="true"/>
				<string name="CatapultAirgroupDefaultUnit" value="Walrus"/>
				<integer name="Country" value="3"/>
				<integer name="Crew" value="1300"/>
				<float name="CriticalCareen" value="37."/>
				<float name="CriticalDFT" value="2.8"/>
				<float name="CriticalDifferent" value="2."/>
				<float name="DTimeProd" value="160."/>
				<float name="DisplacementMax" value="37000."/>
				<float name="EPR" value="630."/>
				<float name="FireRisk" value="1667."/>
				<float name="Fuel" value="4613."/>
				<float name="HLShapeCoef" value="0.6"/>
				<integer name="HullArmorSide" value="310"/>
				<integer name="HullArmorTop" value="265"/>
				<float name="Iron" value="48300."/>
				<integer name="Length" value="242"/>
				<float name="MaxSpeed" value="31."/>
				<integer name="MinCrew" value="960"/>
				<float name="Money" value="40000."/>
				<float name="NTimeProd" value="400."/>
				<string name="Name" value="Renown"/>
				<boolean name="New" value="true"/>
				<integer name="Nuc_Dest_Prob" value="300"/>
				<integer name="Passengers" value="70"/>
				<boolean name="PlanesTransportationAbility" value="false"/>
				<float name="Range" value="11844."/>
				<integer name="Rank" value="2"/>
				<string name="SMU" value="Renown"/>
				<float name="Speed" value="12."/>
				<float name="StoreCapacity" value="3600."/>
				<boolean name="Transportable" value="false"/>
				<float name="TurnRate" value="1.2e-003"/>
				<integer name="Type" value="1"/>
				<float name="Vitality" value="8400."/>
				<float name="VitalityAA" value="3500."/>
				<float name="Weight" value="30750."/>
				<integer name="Width" value="31.1"/>
				<integer name="Year" value="39"/>
			</object>
		</object> 
		<object name="Engins">	
			<object name="MPP_Renown">
				<float name="Consumption" value="6.e-004"/>
				<integer name="Country" value="3"/>
				<float name="Money" value="21000."/>
				<integer name="Power_Max" value="120000"/>
				<integer name="RPM_Max" value="0"/>
				<integer name="Type" value="8"/>
				<integer name="Unreliability" value="10"/>
				<string name="Usage" value="Ships"/>
				<float name="Weight" value="3000."/>
			</object>
	    </object>
		<object name="Hit_Location">
			<object name="Ren1457">
				<string name="ConnectName" value="Tiller;"/>
				<integer name="Country" value="3"/>
				<float name="ER" value="500."/>
				<string name="Hull" value="Std_Rudder"/>
				<string name="Name" value="Rudder"/>
				<string name="TypHL" value="Rudder"/>
				<string name="UnitName" value="Renown"/>
			</object>
			<object name="Ren1458">
				<string name="ConnectName" value="Engine1"/>
				<integer name="Country" value="3"/>
				<float name="ER" value="500."/>
				<string name="Hull" value="Std_Mover"/>
				<string name="Name" value="Mover1"/>
				<string name="TypHL" value="Mover"/>
				<string name="UnitName" value="Renown"/>
			</object>
			<object name="Ren1459">
				<string name="ConnectName" value="Engine2"/>
				<integer name="Country" value="3"/>
				<float name="ER" value="500."/>
				<string name="Hull" value="Std_Mover"/>
				<string name="Name" value="Mover2"/>
				<string name="TypHL" value="Mover"/>
				<string name="UnitName" value="Renown"/>
			</object>
			<object name="Ren1460">
				<string name="ConnectName" value="Engine4"/>
				<integer name="Country" value="3"/>
				<float name="ER" value="500."/>
				<string name="Hull" value="Std_Mover"/>
				<string name="Name" value="Mover4"/>
				<string name="TypHL" value="Mover"/>
				<string name="UnitName" value="Renown"/>
			</object>
			<object name="Ren1461">
				<string name="ConnectName" value="Engine3"/>
				<integer name="Country" value="3"/>
				<float name="ER" value="500."/>
				<string name="Hull" value="Std_Mover"/>
				<string name="Name" value="Mover3"/>
				<string name="TypHL" value="Mover"/>
				<string name="UnitName" value="Renown"/>
			</object>
			<object name="Ren1462">
				<integer name="Country" value="3"/>
				<float name="ER" value="500."/>
				<string name="Hull" value="Renown_Barbet"/>
				<string name="Name" value="Barbet4"/>
				<string name="TypHL" value="Hull"/>
				<string name="UnitName" value="Renown"/>
			</object>
			<object name="Ren1463">
				<integer name="Country" value="3"/>
				<float name="ER" value="500."/>
				<string name="Hull" value="Renown_Barbet"/>
				<string name="Name" value="Barbet3"/>
				<string name="TypHL" value="Hull"/>
				<string name="UnitName" value="Renown"/>
			</object>
			<object name="Ren1464">
				<integer name="Country" value="3"/>
				<float name="ER" value="500."/>
				<string name="Hull" value="Renown_Barbet"/>
				<string name="Name" value="Barbet2"/>
				<string name="TypHL" value="Hull"/>
				<string name="UnitName" value="Renown"/>
			</object>
			<object name="Ren1465">
				<integer name="Country" value="3"/>
				<float name="ER" value="500."/>
				<string name="Hull" value="Renown_Barbet"/>
				<string name="Name" value="Barbet1"/>
				<string name="TypHL" value="Hull"/>
				<string name="UnitName" value="Renown"/>
			</object>
			<object name="Ren1466">
				<integer name="Country" value="3"/>
				<float name="ER" value="500."/>
				<string name="Hull" value="Renown_SG_Probe"/>
				<string name="Name" value="Probe_SG_Bow"/>
				<string name="TypHL" value="Probe"/>
				<string name="UnitName" value="Renown"/>
			</object>
			<object name="Ren1467">
				<integer name="Country" value="3"/>
				<float name="ER" value="500."/>
				<string name="Hull" value="Renown_BattleCabine"/>
				<string name="Name" value="BattleCabine"/>
				<string name="TypHL" value="Hull"/>
				<string name="UnitName" value="Renown"/>
			</object>
			<object name="Ren1469">
				<integer name="Country" value="3"/>
				<float name="ER" value="500."/>
				<string name="Hull" value="Std_Probe"/>
				<string name="Name" value="Probe_AA"/>
				<string name="TypHL" value="Probe"/>
				<string name="UnitName" value="Renown"/>
			</object>
			<object name="Ren1470">
				<integer name="Country" value="3"/>
				<float name="ER" value="500."/>
				<string name="Hull" value="Renown_MG_Probe"/>
				<string name="Name" value="Probe_MG_Bow"/>
				<string name="TypHL" value="Probe"/>
				<string name="UnitName" value="Renown"/>
			</object>
			<object name="Ren1473">
				<integer name="Country" value="3"/>
				<float name="ER" value="500."/>
				<string name="Hull" value="Std_Hull"/>
				<string name="Name" value="Bow2_RBottom"/>
				<string name="TypHL" value="Hull"/>
				<string name="UnitName" value="Renown"/>
			</object>
			<object name="Ren1474">
				<integer name="Country" value="3"/>
				<float name="ER" value="500."/>
				<string name="Hull" value="Std_Hull"/>
				<string name="Name" value="Bow2_LBottom"/>
				<string name="TypHL" value="Hull"/>
				<string name="UnitName" value="Renown"/>
			</object>
			<object name="Ren1475">
				<integer name="Country" value="3"/>
				<float name="ER" value="500."/>
				<string name="Hull" value="Renown_LMBelt"/>
				<string name="Name" value="Bow2_LowerBelt"/>
				<string name="TypHL" value="Hull"/>
				<string name="UnitName" value="Renown"/>
			</object>
			<object name="Ren1476">
				<integer name="Country" value="3"/>
				<float name="ER" value="500."/>
				<string name="Hull" value="Std_Lboard"/>
				<string name="Name" value="Bow2_LBoard"/>
				<string name="TypHL" value="Hull"/>
				<string name="UnitName" value="Renown"/>
			</object>
			<object name="Ren1477">
				<integer name="Country" value="3"/>
				<float name="ER" value="500."/>
				<string name="Hull" value="Std_Rboard"/>
				<string name="Name" value="Bow2_RBoard"/>
				<string name="TypHL" value="Hull"/>
				<string name="UnitName" value="Renown"/>
			</object>
			<object name="Ren1478">
				<integer name="Country" value="3"/>
				<float name="ER" value="500."/>
				<string name="Hull" value="Renown_RUBelt_Bow2"/>
				<string name="Name" value="Bow2_RMiddleBelt"/>
				<string name="TypHL" value="Hull"/>
				<string name="UnitName" value="Renown"/>
			</object>
			<object name="Ren1479">
				<integer name="Country" value="3"/>
				<float name="ER" value="500."/>
				<string name="Hull" value="Renown_RMBelt"/>
				<string name="Name" value="Bow2_RLowerBelt"/>
				<string name="TypHL" value="Hull"/>
				<string name="UnitName" value="Renown"/>
			</object>
			<object name="Ren1480">
				<integer name="Country" value="3"/>
				<float name="ER" value="500."/>
				<string name="Hull" value="Renown_LUBelt_Bow2"/>
				<string name="Name" value="Bow2_LMiddleBelt"/>
				<string name="TypHL" value="Hull"/>
				<string name="UnitName" value="Renown"/>
			</object>
			<object name="Ren1481">
				<integer name="Country" value="3"/>
				<float name="ER" value="500."/>
				<string name="Hull" value="Renown_LMBelt"/>
				<string name="Name" value="Bow2_LLowerBelt"/>
				<string name="TypHL" value="Hull"/>
				<string name="UnitName" value="Renown"/>
			</object>
			<object name="Ren1482">
				<integer name="Country" value="3"/>
				<float name="ER" value="500."/>
				<string name="Hull" value="Std_LAMP"/>
				<string name="Name" value="Bow2_LAMP"/>
				<string name="TypHL" value="Hull"/>
				<string name="UnitName" value="Renown"/>
			</object>
			<object name="Ren1483">
				<integer name="Country" value="3"/>
				<float name="ER" value="500."/>
				<string name="Hull" value="Renown_MiddleDeck_Bow2"/>
				<string name="Name" value="Bow2_MiddleDeck"/>
				<string name="TypHL" value="Hull"/>
				<string name="UnitName" value="Renown"/>
			</object>
			<object name="Ren1484">
				<integer name="Country" value="3"/>
				<float name="ER" value="500."/>
				<string name="Hull" value="Std_AS_T2"/>
				<string name="Name" value="AmmoStore_MG_2"/>
				<string name="TypHL" value="AmmoStore"/>
				<string name="UnitName" value="Renown"/>
			</object>
			<object name="Ren1485">
				<integer name="Country" value="3"/>
				<float name="ER" value="500."/>
				<string name="Hull" value="Std_AS_T2"/>
				<string name="Name" value="AmmoStore_MG_1"/>
				<string name="TypHL" value="AmmoStore"/>
				<string name="UnitName" value="Renown"/>
			</object>
			<object name="Ren1486">
				<integer name="Country" value="3"/>
				<float name="ER" value="500."/>
				<string name="Hull" value="Renown_UpperDeck_Bow2"/>
				<string name="Name" value="Bow2_UpperDeck"/>
				<string name="TypHL" value="Hull"/>
				<string name="UnitName" value="Renown"/>
			</object>
			<object name="Ren1487">
				<integer name="Country" value="3"/>
				<float name="ER" value="500."/>
				<string name="Hull" value="Std_RAMP"/>
				<string name="Name" value="Bow2_RAMP"/>
				<string name="TypHL" value="Hull"/>
				<string name="UnitName" value="Renown"/>
			</object>
			<object name="Ren1488">
				<integer name="Country" value="3"/>
				<float name="ER" value="500."/>
				<string name="Hull" value="Renown_LMBelt_Bow"/>
				<string name="Name" value="Bow2_LMiddleBelt1"/>
				<string name="TypHL" value="Hull"/>
				<string name="UnitName" value="Renown"/>
			</object>
			<object name="Ren1489">
				<integer name="Country" value="3"/>
				<float name="ER" value="500."/>
				<string name="Hull" value="Renown_RMBelt_Bow"/>
				<string name="Name" value="Bow2_RMiddleBelt1"/>
				<string name="TypHL" value="Hull"/>
				<string name="UnitName" value="Renown"/>
			</object>
			<object name="Ren1490">
				<integer name="Country" value="3"/>
				<float name="ER" value="500."/>
				<string name="Hull" value="Renown_Foredeck_Bow2"/>
				<string name="Name" value="Bow2_ForeDeck"/>
				<string name="TypHL" value="Hull"/>
				<string name="UnitName" value="Renown"/>
			</object>
			<object name="Ren1492">
				<integer name="Country" value="3"/>
				<float name="ER" value="500."/>
				<string name="Hull" value="Std_Hull"/>
				<string name="Name" value="Middle1_RBottom"/>
				<string name="TypHL" value="FuelTank"/>
				<string name="UnitName" value="Renown"/>
			</object>
			<object name="Ren1493">
				<integer name="Country" value="3"/>
				<float name="ER" value="500."/>
				<string name="Hull" value="Std_Hull"/>
				<string name="Name" value="Middle1_LBottom"/>
				<string name="TypHL" value="FuelTank"/>
				<string name="UnitName" value="Renown"/>
			</object>
			<object name="Ren1494">
				<integer name="Country" value="3"/>
				<float name="ER" value="500."/>
				<string name="Hull" value="Std_Hull"/>
				<string name="Name" value="Middle1_LowerDeck"/>
				<string name="TypHL" value="Hull"/>
				<string name="UnitName" value="Renown"/>
			</object>
			<object name="Ren1495">
				<integer name="Country" value="3"/>
				<float name="ER" value="500."/>
				<string name="Hull" value="Std_Probe"/>
				<string name="Name" value="Radio"/>
				<string name="TypHL" value="Probe"/>
				<string name="UnitName" value="Renown"/>
			</object>
			<object name="Ren1496">
				<integer name="Country" value="3"/>
				<float name="ER" value="500."/>
				<string name="Hull" value="Std_Probe"/>
				<string name="Name" value="Radar"/>
				<string name="TypHL" value="Probe"/>
				<string name="UnitName" value="Renown"/>
			</object>
			<object name="Ren1497">
				<integer name="Country" value="3"/>
				<float name="ER" value="500."/>
				<string name="Hull" value="Std_AS_T2"/>
				<string name="Name" value="AmmoStore_SG"/>
				<string name="TypHL" value="AmmoStore"/>
				<string name="UnitName" value="Renown"/>
			</object>
			<object name="Ren1498">
				<integer name="Country" value="3"/>
				<float name="ER" value="500."/>
				<string name="Hull" value="Std_Lboard"/>
				<string name="Name" value="Middle1_LBoard"/>
				<string name="TypHL" value="Hull"/>
				<string name="UnitName" value="Renown"/>
			</object>
			<object name="Ren1499">
				<integer name="Country" value="3"/>
				<float name="ER" value="500."/>
				<string name="Hull" value="Renown_RUBelt"/>
				<string name="Name" value="Middle1_RMiddleBelt"/>
				<string name="TypHL" value="Hull"/>
				<string name="UnitName" value="Renown"/>
			</object>
			<object name="Ren1500">
				<integer name="Country" value="3"/>
				<float name="ER" value="500."/>
				<string name="Hull" value="Std_Rboard"/>
				<string name="Name" value="Middle1_RBoard"/>
				<string name="TypHL" value="Hull"/>
				<string name="UnitName" value="Renown"/>
			</object>
			<object name="Ren1501">
				<integer name="Country" value="3"/>
				<float name="ER" value="500."/>
				<string name="Hull" value="Renown_RMBelt"/>
				<string name="Name" value="Middle1_RLowerBelt"/>
				<string name="TypHL" value="Hull"/>
				<string name="UnitName" value="Renown"/>
			</object>
			<object name="Ren1502">
				<integer name="Country" value="3"/>
				<float name="ER" value="500."/>
				<string name="Hull" value="Renown_LUBelt"/>
				<string name="Name" value="Middle1_LMiddleBelt"/>
				<string name="TypHL" value="Hull"/>
				<string name="UnitName" value="Renown"/>
			</object>
			<object name="Ren1503">
				<integer name="Country" value="3"/>
				<float name="ER" value="500."/>
				<string name="Hull" value="Renown_LMBelt"/>
				<string name="Name" value="Middle1_LLowerBelt"/>
				<string name="TypHL" value="Hull"/>
				<string name="UnitName" value="Renown"/>
			</object>
			<object name="Ren1504">
				<integer name="Country" value="3"/>
				<float name="ER" value="500."/>
				<string name="Hull" value="v_MiddleDeck"/>
				<string name="Name" value="Middle1_MiddleDeck"/>
				<string name="TypHL" value="Hull"/>
				<string name="UnitName" value="Renown"/>
			</object>
			<object name="Ren1505">
				<integer name="Country" value="3"/>
				<float name="ER" value="500."/>
				<string name="Hull" value="Std_Probe"/>
				<string name="Name" value="CentralPost"/>
				<string name="TypHL" value="Probe"/>
				<string name="UnitName" value="Renown"/>
			</object>
			<object name="Ren1506">
				<integer name="Country" value="3"/>
				<float name="ER" value="500."/>
				<string name="Hull" value="Renown_UpperDeck"/>
				<string name="Name" value="Middle1_UpperDeck"/>
				<string name="TypHL" value="Hull"/>
				<string name="UnitName" value="Renown"/>
			</object>
			<object name="Ren1507">
				<integer name="Country" value="3"/>
				<float name="ER" value="500."/>
				<string name="Hull" value="Std_LAMP"/>
				<string name="Name" value="Middle1_LAMP"/>
				<string name="TypHL" value="Hull"/>
				<string name="UnitName" value="Renown"/>
			</object>
			<object name="Ren1508">
				<integer name="Country" value="3"/>
				<float name="ER" value="500."/>
				<string name="Hull" value="Std_RAMP"/>
				<string name="Name" value="Middle1_RAMP"/>
				<string name="TypHL" value="Hull"/>
				<string name="UnitName" value="Renown"/>
			</object>
			<object name="Ren1509">
				<integer name="Country" value="3"/>
				<float name="ER" value="500."/>
				<string name="Hull" value="Renown_Foredeck"/>
				<string name="Name" value="Middle1_ForeDeck"/>
				<string name="TypHL" value="Hull"/>
				<string name="UnitName" value="Renown"/>
			</object>
			<object name="Ren1511">
				<integer name="Country" value="3"/>
				<float name="ER" value="500."/>
				<string name="Hull" value="Std_Hull"/>
				<string name="Name" value="Middle2_RBottom"/>
				<string name="TypHL" value="FuelTank"/>
				<string name="UnitName" value="Renown"/>
			</object>
			<object name="Ren1512">
				<integer name="Country" value="3"/>
				<float name="ER" value="500."/>
				<string name="Hull" value="Std_Hull"/>
				<string name="Name" value="Middle2_LBottom"/>
				<string name="TypHL" value="FuelTank"/>
				<string name="UnitName" value="Renown"/>
			</object>
			<object name="Ren1513">
				<integer name="Country" value="3"/>
				<float name="ER" value="500."/>
				<string name="Hull" value="Std_Lboard"/>
				<string name="Name" value="Middle2_LBoard"/>
				<string name="TypHL" value="Hull"/>
				<string name="UnitName" value="Renown"/>
			</object>
			<object name="Ren1514">
				<integer name="Country" value="3"/>
				<float name="ER" value="500."/>
				<string name="Hull" value="Std_RAMP"/>
				<string name="Name" value="Middle2_RAMP"/>
				<string name="TypHL" value="Hull"/>
				<string name="UnitName" value="Renown"/>
			</object>
			<object name="Ren1515">
				<integer name="Country" value="3"/>
				<float name="ER" value="500."/>
				<string name="Hull" value="Std_Rboard"/>
				<string name="Name" value="Middle2_RBoard"/>
				<string name="TypHL" value="Hull"/>
				<string name="UnitName" value="Renown"/>
			</object>
			<object name="Ren1516">
				<integer name="Country" value="3"/>
				<float name="ER" value="500."/>
				<string name="Hull" value="Renown_MiddleDeck"/>
				<string name="Name" value="Middle2_FBoilerCover"/>
				<string name="TypHL" value="Hull"/>
				<string name="UnitName" value="Renown"/>
			</object>
			<object name="Ren1517">
				<integer name="Country" value="3"/>
				<float name="ER" value="500."/>
				<string name="Hull" value="Std_Boiler"/>
				<string name="Name" value="Boiler1"/>
				<string name="TypHL" value="Boiler"/>
				<string name="UnitName" value="Renown"/>
			</object>
			<object name="Ren1518">
				<integer name="Country" value="3"/>
				<float name="ER" value="500."/>
				<string name="Hull" value="Std_Boiler"/>
				<string name="Name" value="Boiler2"/>
				<string name="TypHL" value="Boiler"/>
				<string name="UnitName" value="Renown"/>
			</object>
			<object name="Ren1519">
				<integer name="Country" value="3"/>
				<float name="ER" value="500."/>
				<string name="Hull" value="Renown_RMBelt"/>
				<string name="Name" value="Middle2_RLowerBelt"/>
				<string name="TypHL" value="Hull"/>
				<string name="UnitName" value="Renown"/>
			</object>
			<object name="Ren1520">
				<integer name="Country" value="3"/>
				<float name="ER" value="500."/>
				<string name="Hull" value="Renown_RUBelt"/>
				<string name="Name" value="Middle2_RMiddleBelt"/>
				<string name="TypHL" value="Hull"/>
				<string name="UnitName" value="Renown"/>
			</object>
			<object name="Ren1521">
				<integer name="Country" value="3"/>
				<float name="ER" value="500."/>
				<string name="Hull" value="Renown_LMBelt"/>
				<string name="Name" value="Middle2_LLowerBelt"/>
				<string name="TypHL" value="Hull"/>
				<string name="UnitName" value="Renown"/>
			</object>
			<object name="Ren1522">
				<integer name="Country" value="3"/>
				<float name="ER" value="500."/>
				<string name="Hull" value="Renown_LUBelt"/>
				<string name="Name" value="Middle2_LMiddleBelt"/>
				<string name="TypHL" value="Hull"/>
				<string name="UnitName" value="Renown"/>
			</object>
			<object name="Ren1523">
				<integer name="Country" value="3"/>
				<float name="ER" value="500."/>
				<string name="Hull" value="Renown_UpperDeck"/>
				<string name="Name" value="Middle2_UpperDeck"/>
				<string name="TypHL" value="Hull"/>
				<string name="UnitName" value="Renown"/>
			</object>
			<object name="Ren1524">
				<integer name="Country" value="3"/>
				<float name="ER" value="500."/>
				<string name="Hull" value="Std_LAMP"/>
				<string name="Name" value="Middle2_LAMP"/>
				<string name="TypHL" value="Hull"/>
				<string name="UnitName" value="Renown"/>
			</object>
			<object name="Ren1525">
				<integer name="Country" value="3"/>
				<float name="ER" value="500."/>
				<string name="Hull" value="Renown_MiddleDeck"/>
				<string name="Name" value="Middle2_SBoilerCover"/>
				<string name="TypHL" value="Hull"/>
				<string name="UnitName" value="Renown"/>
			</object>
			<object name="Ren1526">
				<integer name="Country" value="3"/>
				<float name="ER" value="500."/>
				<string name="Hull" value="Std_Boiler"/>
				<string name="Name" value="Boiler4"/>
				<string name="TypHL" value="Boiler"/>
				<string name="UnitName" value="Renown"/>
			</object>
			<object name="Ren1527">
				<integer name="Country" value="3"/>
				<float name="ER" value="500."/>
				<string name="Hull" value="Std_Boiler"/>
				<string name="Name" value="Boiler3"/>
				<string name="TypHL" value="Boiler"/>
				<string name="UnitName" value="Renown"/>
			</object>
			<object name="Ren1528">
				<integer name="Country" value="3"/>
				<float name="ER" value="500."/>
				<string name="Hull" value="Renown_Foredeck"/>
				<string name="Name" value="Middle2_ForeDeck"/>
				<string name="TypHL" value="Hull"/>
				<string name="UnitName" value="Renown"/>
			</object>
			<object name="Ren1530">
				<integer name="Country" value="3"/>
				<float name="ER" value="500."/>
				<string name="Hull" value="Std_Hull"/>
				<string name="Name" value="Middle3_RBottom"/>
				<string name="TypHL" value="FuelTank"/>
				<string name="UnitName" value="Renown"/>
			</object>
			<object name="Ren1531">
				<integer name="Country" value="3"/>
				<float name="ER" value="500."/>
				<string name="Hull" value="Std_Hull"/>
				<string name="Name" value="Middle3_LBottom"/>
				<string name="TypHL" value="FuelTank"/>
				<string name="UnitName" value="Renown"/>
			</object>
			<object name="Ren1532">
				<integer name="Country" value="3"/>
				<float name="ER" value="500."/>
				<string name="Hull" value="Std_LAMP"/>
				<string name="Name" value="Middle3_LAMP"/>
				<string name="TypHL" value="Hull"/>
				<string name="UnitName" value="Renown"/>
			</object>
			<object name="Ren1533">
				<integer name="Country" value="3"/>
				<float name="ER" value="500."/>
				<string name="Hull" value="Std_Lboard"/>
				<string name="Name" value="Middle3_LBoard"/>
				<string name="TypHL" value="Hull"/>
				<string name="UnitName" value="Renown"/>
			</object>
			<object name="Ren1534">
				<integer name="Country" value="3"/>
				<float name="ER" value="500."/>
				<string name="Hull" value="Renown_LMBelt"/>
				<string name="Name" value="Middle3_LLowerBelt"/>
				<string name="TypHL" value="Hull"/>
				<string name="UnitName" value="Renown"/>
			</object>
			<object name="Ren1535">
				<integer name="Country" value="3"/>
				<float name="ER" value="500."/>
				<string name="Hull" value="Renown_LUBelt"/>
				<string name="Name" value="Middle3_LMiddleBelt"/>
				<string name="TypHL" value="Hull"/>
				<string name="UnitName" value="Renown"/>
			</object>
			<object name="Ren1536">
				<integer name="Country" value="3"/>
				<float name="ER" value="500."/>
				<string name="Hull" value="Renown_UpperDeck"/>
				<string name="Name" value="Middle3_UpperDeck"/>
				<string name="TypHL" value="Hull"/>
				<string name="UnitName" value="Renown"/>
			</object>
			<object name="Ren1537">
				<integer name="Country" value="3"/>
				<float name="ER" value="500."/>
				<string name="Hull" value="Renown_MiddleDeck"/>
				<string name="Name" value="Middle3_FBoilerCover"/>
				<string name="TypHL" value="Hull"/>
				<string name="UnitName" value="Renown"/>
			</object>
			<object name="Ren1538">
				<integer name="Country" value="3"/>
				<float name="ER" value="500."/>
				<string name="Hull" value="Std_Boiler"/>
				<string name="Name" value="Boiler6"/>
				<string name="TypHL" value="Boiler"/>
				<string name="UnitName" value="Renown"/>
			</object>
			<object name="Ren1539">
				<integer name="Country" value="3"/>
				<float name="ER" value="500."/>
				<string name="Hull" value="Std_Boiler"/>
				<string name="Name" value="Boiler5"/>
				<string name="TypHL" value="Boiler"/>
				<string name="UnitName" value="Renown"/>
			</object>
			<object name="Ren1540">
				<integer name="Country" value="3"/>
				<float name="ER" value="500."/>
				<string name="Hull" value="Std_RAMP"/>
				<string name="Name" value="Middle3_RAMP"/>
				<string name="TypHL" value="Hull"/>
				<string name="UnitName" value="Renown"/>
			</object>
			<object name="Ren1541">
				<integer name="Country" value="3"/>
				<float name="ER" value="500."/>
				<string name="Hull" value="Std_Rboard"/>
				<string name="Name" value="Middle3_RBoard"/>
				<string name="TypHL" value="Hull"/>
				<string name="UnitName" value="Renown"/>
			</object>
			<object name="Ren1542">
				<integer name="Country" value="3"/>
				<float name="ER" value="500."/>
				<string name="Hull" value="Renown_RMBelt"/>
				<string name="Name" value="Middle3_RLowerBelt"/>
				<string name="TypHL" value="Hull"/>
				<string name="UnitName" value="Renown"/>
			</object>
			<object name="Ren1543">
				<integer name="Country" value="3"/>
				<float name="ER" value="500."/>
				<string name="Hull" value="Renown_RUBelt"/>
				<string name="Name" value="Middle3_RMiddleBelt"/>
				<string name="TypHL" value="Hull"/>
				<string name="UnitName" value="Renown"/>
			</object>
			<object name="Ren1544">
				<integer name="Country" value="3"/>
				<float name="ER" value="500."/>
				<string name="Hull" value="Renown_MiddleDeck"/>
				<string name="Name" value="Middle3_SBoilerCover"/>
				<string name="TypHL" value="Hull"/>
				<string name="UnitName" value="Renown"/>
			</object>
			<object name="Ren1545">
				<integer name="Country" value="3"/>
				<float name="ER" value="500."/>
				<string name="Hull" value="Std_Boiler"/>
				<string name="Name" value="Boiler7"/>
				<string name="TypHL" value="Boiler"/>
				<string name="UnitName" value="Renown"/>
			</object>
			<object name="Ren1546">
				<integer name="Country" value="3"/>
				<float name="ER" value="500."/>
				<string name="Hull" value="Std_Boiler"/>
				<string name="Name" value="Boiler8"/>
				<string name="TypHL" value="Boiler"/>
				<string name="UnitName" value="Renown"/>
			</object>
			<object name="Ren1547">
				<integer name="Country" value="3"/>
				<float name="ER" value="500."/>
				<string name="Hull" value="Renown_Foredeck"/>
				<string name="Name" value="Middle3_ForeDeck"/>
				<string name="TypHL" value="Hull"/>
				<string name="UnitName" value="Renown"/>
			</object>
			<object name="Ren1549">
				<integer name="Country" value="3"/>
				<float name="ER" value="500."/>
				<string name="Hull" value="Std_Hull"/>
				<string name="Name" value="Middle4_RBottom"/>
				<string name="TypHL" value="FuelTank"/>
				<string name="UnitName" value="Renown"/>
			</object>
			<object name="Ren1550">
				<integer name="Country" value="3"/>
				<float name="ER" value="500."/>
				<string name="Hull" value="Std_Hull"/>
				<string name="Name" value="Middle4_LBottom"/>
				<string name="TypHL" value="FuelTank"/>
				<string name="UnitName" value="Renown"/>
			</object>
			<object name="Ren1551">
				<integer name="Country" value="3"/>
				<float name="ER" value="500."/>
				<string name="Hull" value="Renown_LUBelt"/>
				<string name="Name" value="Middle4_LMiddleBelt"/>
				<string name="TypHL" value="Hull"/>
				<string name="UnitName" value="Renown"/>
			</object>
			<object name="Ren1552">
				<integer name="Country" value="3"/>
				<float name="ER" value="500."/>
				<string name="Hull" value="Std_Lboard"/>
				<string name="Name" value="Middle4_LBoard"/>
				<string name="TypHL" value="Hull"/>
				<string name="UnitName" value="Renown"/>
			</object>
			<object name="Ren1553">
				<integer name="Country" value="3"/>
				<float name="ER" value="500."/>
				<string name="Hull" value="Std_LAMP"/>
				<string name="Name" value="Middle4_LAMP"/>
				<string name="TypHL" value="Hull"/>
				<string name="UnitName" value="Renown"/>
			</object>
			<object name="Ren1554">
				<integer name="Country" value="3"/>
				<float name="ER" value="500."/>
				<string name="Hull" value="Std_Rboard"/>
				<string name="Name" value="Middle4_RBoard"/>
				<string name="TypHL" value="Hull"/>
				<string name="UnitName" value="Renown"/>
			</object>
			<object name="Ren1555">
				<integer name="Country" value="3"/>
				<float name="ER" value="500."/>
				<string name="Hull" value="Renown_RMBelt"/>
				<string name="Name" value="Middle4_RLowerBelt"/>
				<string name="TypHL" value="Hull"/>
				<string name="UnitName" value="Renown"/>
			</object>
			<object name="Ren1556">
				<integer name="Country" value="3"/>
				<float name="ER" value="500."/>
				<string name="Hull" value="Renown_RUBelt"/>
				<string name="Name" value="Middle4_RMiddleBelt"/>
				<string name="TypHL" value="Hull"/>
				<string name="UnitName" value="Renown"/>
			</object>
			<object name="Ren1557">
				<integer name="Country" value="3"/>
				<float name="ER" value="500."/>
				<string name="Hull" value="Renown_UpperDeck"/>
				<string name="Name" value="Middler4_UpperDeck"/>
				<string name="TypHL" value="Hull"/>
				<string name="UnitName" value="Renown"/>
			</object>
			<object name="Ren1558">
				<integer name="Country" value="3"/>
				<float name="ER" value="500."/>
				<string name="Hull" value="Std_RAMP"/>
				<string name="Name" value="Middle4_RAMP"/>
				<string name="TypHL" value="Hull"/>
				<string name="UnitName" value="Renown"/>
			</object>
			<object name="Ren1559">
				<integer name="Country" value="3"/>
				<float name="ER" value="500."/>
				<string name="Hull" value="Renown_MiddleDeck"/>
				<string name="Name" value="Middle4_FEngineCover"/>
				<string name="TypHL" value="Hull"/>
				<string name="UnitName" value="Renown"/>
			</object>
			<object name="Ren1560">
				<string name="ConnectName" value="Boiler1;Boiler3;Boiler5;Boiler7"/>
				<integer name="Country" value="3"/>
				<float name="ER" value="500."/>
				<string name="Hull" value="Std_Engine"/>
				<string name="Name" value="Engine1"/>
				<string name="TypHL" value="Engine"/>
				<string name="UnitName" value="Renown"/>
			</object>
			<object name="Ren1561">
				<string name="ConnectName" value="Boiler2;Boiler4;Boiler6;Boiler8"/>
				<integer name="Country" value="3"/>
				<float name="ER" value="500."/>
				<string name="Hull" value="Std_Engine"/>
				<string name="Name" value="Engine2"/>
				<string name="TypHL" value="Engine"/>
				<string name="UnitName" value="Renown"/>
			</object>
			<object name="Ren1562">
				<integer name="Country" value="3"/>
				<float name="ER" value="500."/>
				<string name="Hull" value="Renown_LMBelt"/>
				<string name="Name" value="Middle4_LLowerBelt"/>
				<string name="TypHL" value="Hull"/>
				<string name="UnitName" value="Renown"/>
			</object>
			<object name="Ren1563">
				<integer name="Country" value="3"/>
				<float name="ER" value="500."/>
				<string name="Hull" value="Renown_MiddleDeck"/>
				<string name="Name" value="Middle4_SEngineCover"/>
				<string name="TypHL" value="Hull"/>
				<string name="UnitName" value="Renown"/>
			</object>
			<object name="Ren1564">
				<string name="ConnectName" value="Boiler1;Boiler3;Boiler5;Boiler7"/>
				<integer name="Country" value="3"/>
				<float name="ER" value="500."/>
				<string name="Hull" value="Std_Engine"/>
				<string name="Name" value="Engine3"/>
				<string name="TypHL" value="Engine"/>
				<string name="UnitName" value="Renown"/>
			</object>
			<object name="Ren1565">
				<integer name="Country" value="3"/>
				<float name="ER" value="500."/>
				<string name="Hull" value="Renown_MiddleDeck"/>
				<string name="Name" value="Middle4_TEngineCover"/>
				<string name="TypHL" value="Hull"/>
				<string name="UnitName" value="Renown"/>
			</object>
			<object name="Ren1566">
				<string name="ConnectName" value="Boiler2;Boiler4;Boiler6;Boiler8"/>
				<integer name="Country" value="3"/>
				<float name="ER" value="500."/>
				<string name="Hull" value="Std_Engine"/>
				<string name="Name" value="Engine4"/>
				<string name="TypHL" value="Engine"/>
				<string name="UnitName" value="Renown"/>
			</object>
			<object name="Ren1567">
				<integer name="Country" value="3"/>
				<float name="ER" value="500."/>
				<string name="Hull" value="Renown_Foredeck"/>
				<string name="Name" value="Middle4_ForeDeck"/>
				<string name="TypHL" value="Hull"/>
				<string name="UnitName" value="Renown"/>
			</object>
			<object name="Ren1569">
				<integer name="Country" value="3"/>
				<float name="ER" value="500."/>
				<string name="Hull" value="Std_Hull"/>
				<string name="Name" value="Stern1_LBottom"/>
				<string name="TypHL" value="Hull"/>
				<string name="UnitName" value="Renown"/>
			</object>
			<object name="Ren1570">
				<integer name="Country" value="3"/>
				<float name="ER" value="500."/>
				<string name="Hull" value="Std_Hull"/>
				<string name="Name" value="Stern1_RBottom"/>
				<string name="TypHL" value="Hull"/>
				<string name="UnitName" value="Renown"/>
			</object>
			<object name="Ren1571">
				<integer name="Country" value="3"/>
				<float name="ER" value="500."/>
				<string name="Hull" value="Renown_LowerDeck_Stern"/>
				<string name="Name" value="Stern1_LowerDeck"/>
				<string name="TypHL" value="Hull"/>
				<string name="UnitName" value="Renown"/>
			</object>
			<object name="Ren1572">
				<integer name="Country" value="3"/>
				<float name="ER" value="500."/>
				<string name="Hull" value="Std_AS_T2"/>
				<string name="Name" value="AmmoStore_MG_4"/>
				<string name="TypHL" value="AmmoStore"/>
				<string name="UnitName" value="Renown"/>
			</object>
			<object name="Ren1573">
				<integer name="Country" value="3"/>
				<float name="ER" value="500."/>
				<string name="Hull" value="Renown_LUBelt"/>
				<string name="Name" value="Stern1_RMiddleBelt"/>
				<string name="TypHL" value="Hull"/>
				<string name="UnitName" value="Renown"/>
			</object>
			<object name="Ren1574">
				<integer name="Country" value="3"/>
				<float name="ER" value="500."/>
				<string name="Hull" value="Renown_LUBelt"/>
				<string name="Name" value="Stern1_LMiddleBelt"/>
				<string name="TypHL" value="Hull"/>
				<string name="UnitName" value="Renown"/>
			</object>
			<object name="Ren1575">
				<integer name="Country" value="3"/>
				<float name="ER" value="500."/>
				<string name="Hull" value="Renown_RMBelt"/>
				<string name="Name" value="Stern1_RLowerBelt"/>
				<string name="TypHL" value="Hull"/>
				<string name="UnitName" value="Renown"/>
			</object>
			<object name="Ren1576">
				<integer name="Country" value="3"/>
				<float name="ER" value="500."/>
				<string name="Hull" value="Renown_LMBelt"/>
				<string name="Name" value="Stern1_LLowerBelt"/>
				<string name="TypHL" value="Hull"/>
				<string name="UnitName" value="Renown"/>
			</object>
			<object name="Ren1577">
				<integer name="Country" value="3"/>
				<float name="ER" value="500."/>
				<string name="Hull" value="Std_RAMP"/>
				<string name="Name" value="Stern1_RAMP"/>
				<string name="TypHL" value="Hull"/>
				<string name="UnitName" value="Renown"/>
			</object>
			<object name="Ren1578">
				<integer name="Country" value="3"/>
				<float name="ER" value="500."/>
				<string name="Hull" value="Std_LAMP"/>
				<string name="Name" value="Stern1_LAMP"/>
				<string name="TypHL" value="Hull"/>
				<string name="UnitName" value="Renown"/>
			</object>
			<object name="Ren1579">
				<integer name="Country" value="3"/>
				<float name="ER" value="500."/>
				<string name="Hull" value="Renown_RMBelt"/>
				<string name="Name" value="Stern1_RLowerBelt1"/>
				<string name="TypHL" value="Hull"/>
				<string name="UnitName" value="Renown"/>
			</object>
			<object name="Ren1580">
				<integer name="Country" value="3"/>
				<float name="ER" value="500."/>
				<string name="Hull" value="Renown_LMBelt"/>
				<string name="Name" value="Stern1_LLowerBelt1"/>
				<string name="TypHL" value="Hull"/>
				<string name="UnitName" value="Renown"/>
			</object>
			<object name="Ren1581">
				<integer name="Country" value="3"/>
				<float name="ER" value="500."/>
				<string name="Hull" value="Renown_MiddleDeck_Stern"/>
				<string name="Name" value="Stern1_MiddleDeck"/>
				<string name="TypHL" value="Hull"/>
				<string name="UnitName" value="Renown"/>
			</object>
			<object name="Ren1582">
				<integer name="Country" value="3"/>
				<float name="ER" value="500."/>
				<string name="Hull" value="Std_AS_T2"/>
				<string name="Name" value="AmmoStore_MG_3"/>
				<string name="TypHL" value="AmmoStore"/>
				<string name="UnitName" value="Renown"/>
			</object>
			<object name="Ren1583">
				<integer name="Country" value="3"/>
				<float name="ER" value="500."/>
				<string name="Hull" value="Std_Rboard"/>
				<string name="Name" value="Stern1_RMiddleBelt1"/>
				<string name="TypHL" value="Hull"/>
				<string name="UnitName" value="Renown"/>
			</object>
			<object name="Ren1584">
				<integer name="Country" value="3"/>
				<float name="ER" value="500."/>
				<string name="Hull" value="Std_Lboard"/>
				<string name="Name" value="Stern1_LMiddleBelt1"/>
				<string name="TypHL" value="Hull"/>
				<string name="UnitName" value="Renown"/>
			</object>
			<object name="Ren1585">
				<integer name="Country" value="3"/>
				<float name="ER" value="500."/>
				<string name="Hull" value="Renown_Foredeck"/>
				<string name="Name" value="Stern1_ForeDeck"/>
				<string name="TypHL" value="Hull"/>
				<string name="UnitName" value="Renown"/>
			</object>
			<object name="Ren1586">
				<integer name="Country" value="3"/>
				<float name="ER" value="500."/>
				<string name="Hull" value="Std_Hull"/>
				<string name="Name" value="Bow1_LBottom"/>
				<string name="TypHL" value="Hull"/>
				<string name="UnitName" value="Renown"/>
			</object>
			<object name="Ren1587">
				<integer name="Country" value="3"/>
				<float name="ER" value="500."/>
				<string name="Hull" value="Std_Hull"/>
				<string name="Name" value="Bow1_RBottom"/>
				<string name="TypHL" value="Hull"/>
				<string name="UnitName" value="Renown"/>
			</object>
			<object name="Ren1588">
				<integer name="Country" value="3"/>
				<float name="ER" value="500."/>
				<string name="Hull" value="Renown_UpperDeck_Bow"/>
				<string name="Name" value="Bow1_UpperDeck"/>
				<string name="TypHL" value="Hull"/>
				<string name="UnitName" value="Renown"/>
			</object>
			<object name="Ren1589">
				<integer name="Country" value="3"/>
				<float name="ER" value="500."/>
				<string name="Hull" value="Std_Rboard"/>
				<string name="Name" value="Bow1_RBoard"/>
				<string name="TypHL" value="Hull"/>
				<string name="UnitName" value="Renown"/>
			</object>
			<object name="Ren1590">
				<integer name="Country" value="3"/>
				<float name="ER" value="500."/>
				<string name="Hull" value="Std_Rboard"/>
				<string name="Name" value="Stern2_RUpperBelt"/>
				<string name="TypHL" value="Hull"/>
				<string name="UnitName" value="Renown"/>
			</object>
			<object name="Ren1591">
				<integer name="Country" value="3"/>
				<float name="ER" value="500."/>
				<string name="Hull" value="Renown_LMBelt_SideBow"/>
				<string name="Name" value="Bow1_LLowerBelt"/>
				<string name="TypHL" value="Hull"/>
				<string name="UnitName" value="Renown"/>
			</object>
			<object name="Ren1592">
				<integer name="Country" value="3"/>
				<float name="ER" value="500."/>
				<string name="Hull" value="Renown_MiddleDeck_Bow"/>
				<string name="Name" value="Bow1_Middle"/>
				<string name="TypHL" value="Hull"/>
				<string name="UnitName" value="Renown"/>
			</object>
			<object name="Ren1593">
				<integer name="Country" value="3"/>
				<float name="ER" value="500."/>
				<string name="Hull" value="Renown_RMBelt_SideBow"/>
				<string name="Name" value="Bow1_RLowerBelt"/>
				<string name="TypHL" value="Hull"/>
				<string name="UnitName" value="Renown"/>
			</object>
			<object name="Ren1594">
				<integer name="Country" value="3"/>
				<float name="ER" value="500."/>
				<string name="Hull" value="Std_Lboard"/>
				<string name="Name" value="Bow1_LMiddleBelt"/>
				<string name="TypHL" value="Hull"/>
				<string name="UnitName" value="Renown"/>
			</object>
			<object name="Ren1595">
				<integer name="Country" value="3"/>
				<float name="ER" value="500."/>
				<string name="Hull" value="Std_Rboard"/>
				<string name="Name" value="Bow1_RMiddleBelt"/>
				<string name="TypHL" value="Hull"/>
				<string name="UnitName" value="Renown"/>
			</object>
			<object name="Ren1596">
				<integer name="Country" value="3"/>
				<float name="ER" value="500."/>
				<string name="Hull" value="Std_Lboard"/>
				<string name="Name" value="Bow1_LBoard"/>
				<string name="TypHL" value="Hull"/>
				<string name="UnitName" value="Renown"/>
			</object>
			<object name="Ren1597">
				<integer name="Country" value="3"/>
				<float name="ER" value="500."/>
				<string name="Hull" value="Renown_RMBelt_Bow"/>
				<string name="Name" value="Bow1_RLowerBelt1"/>
				<string name="TypHL" value="Hull"/>
				<string name="UnitName" value="Renown"/>
			</object>
			<object name="Ren1598">
				<integer name="Country" value="3"/>
				<float name="ER" value="500."/>
				<string name="Hull" value="Renown_LMBelt_Bow"/>
				<string name="Name" value="Bow1_LLowerBelt1"/>
				<string name="TypHL" value="Hull"/>
				<string name="UnitName" value="Renown"/>
			</object>
			<object name="Ren1599">
				<integer name="Country" value="3"/>
				<float name="ER" value="500."/>
				<string name="Hull" value="Std_UpperHull"/>
				<string name="Name" value="Stern2_MiddleDeck"/>
				<string name="TypHL" value="Hull"/>
				<string name="UnitName" value="Renown"/>
			</object>
			<object name="Ren1600">
				<integer name="Country" value="3"/>
				<float name="ER" value="500."/>
				<string name="Hull" value="Renown_RMBelt_SideStern"/>
				<string name="Name" value="Stern2_RLowerBelt"/>
				<string name="TypHL" value="Hull"/>
				<string name="UnitName" value="Renown"/>
			</object>
			<object name="Ren1601">
				<integer name="Country" value="3"/>
				<float name="ER" value="500."/>
				<string name="Hull" value="Renown_LMBelt_SideStern"/>
				<string name="Name" value="Stern2_LLowerBelt"/>
				<string name="TypHL" value="Hull"/>
				<string name="UnitName" value="Renown"/>
			</object>
			<object name="Ren1602">
				<integer name="Country" value="3"/>
				<float name="ER" value="500."/>
				<string name="Hull" value="Std_Lboard"/>
				<string name="Name" value="Stern2_LUpperBelt"/>
				<string name="TypHL" value="Hull"/>
				<string name="UnitName" value="Renown"/>
			</object>
			<object name="Ren1603">
				<integer name="Country" value="3"/>
				<float name="ER" value="500."/>
				<string name="Hull" value="Std_Rboard"/>
				<string name="Name" value="Stern2_UpperDeck"/>
				<string name="TypHL" value="Hull"/>
				<string name="UnitName" value="Renown"/>
			</object>
			<object name="Ren1604">
				<integer name="Country" value="3"/>
				<float name="ER" value="500."/>
				<string name="Hull" value="Std_Hull"/>
				<string name="Name" value="Stern3"/>
				<string name="TypHL" value="Hull"/>
				<string name="UnitName" value="Renown"/>
			</object>
			<object name="Ren1605">
				<integer name="Country" value="3"/>
				<float name="ER" value="500."/>
				<string name="Hull" value="Renown_Tiller"/>
				<string name="Name" value="Tiller"/>
				<string name="TypHL" value="Hull"/>
				<string name="UnitName" value="Renown"/>
			</object>
			<object name="Ren5609">
				<integer name="Country" value="3"/>
				<float name="ER" value="500."/>
				<string name="Hull" value="Renown_MG_Probe"/>
				<string name="Name" value="Probe_MG_Stern"/>
				<string name="TypHL" value="Probe"/>
				<string name="UnitName" value="Renown"/>
			</object>
			<object name="Ren5611">
				<integer name="Country" value="3"/>
				<float name="ER" value="500."/>
				<string name="Hull" value="Renown_SG_Probe"/>
				<string name="Name" value="Probe_SG_Stern"/>
				<string name="TypHL" value="Probe"/>
				<string name="UnitName" value="Renown"/>
			</object>
			<object name="Ren8769">
				<integer name="Country" value="3"/>
				<float name="ER" value="500."/>
				<string name="Hull" value="Renown_UpperDeck_Stern"/>
				<string name="Name" value="Stern1_UpperDeck"/>
				<string name="TypHL" value="Hull"/>
				<string name="UnitName" value="Renown"/>
			</object>
			<object name="Ren9248">
				<integer name="Country" value="3"/>
				<integer name="Crew" value="285"/>
				<float name="ER" value="500."/>
				<string name="Hull" value="Std_Hull"/>
				<string name="Name" value="BowMSuperstructure"/>
				<string name="TypHL" value="Crew"/>
				<string name="UnitName" value="Renown"/>
			</object>
			<object name="Ren9249">
				<integer name="Country" value="3"/>
				<integer name="Crew" value="285"/>
				<float name="ER" value="500."/>
				<string name="Hull" value="Std_Hull"/>
				<string name="Name" value="BowLSuperstructure"/>
				<string name="TypHL" value="Crew"/>
				<string name="UnitName" value="Renown"/>
			</object>
			<object name="Ren9250">
				<integer name="Country" value="3"/>
				<float name="ER" value="500."/>
				<string name="Hull" value="Std_Hull"/>
				<string name="Name" value="BowSmokeStack"/>
				<string name="TypHL" value="Hull"/>
				<string name="UnitName" value="Renown"/>
			</object>
			<object name="Ren9251">
				<integer name="Country" value="3"/>
				<float name="ER" value="500."/>
				<string name="Hull" value="Std_Hull"/>
				<string name="Name" value="SternSmokeStack"/>
				<string name="TypHL" value="Hull"/>
				<string name="UnitName" value="Renown"/>
			</object>
			<object name="Ren9252">
				<integer name="Country" value="3"/>
				<integer name="Crew" value="285"/>
				<float name="ER" value="500."/>
				<string name="Hull" value="Std_Hull"/>
				<string name="Name" value="SternSuperstructure"/>
				<string name="TypHL" value="Crew"/>
				<string name="UnitName" value="Renown"/>
			</object>
			<object name="Ren9253">
				<integer name="Country" value="3"/>
				<integer name="Crew" value="285"/>
				<float name="ER" value="500."/>
				<string name="Hull" value="Std_Hull"/>
				<string name="Name" value="BowUSuperstructure"/>
				<string name="TypHL" value="Crew"/>
				<string name="UnitName" value="Renown"/>
			</object>
			<object name="Ren9254">
				<integer name="Country" value="3"/>
				<integer name="Crew" value="285"/>
				<float name="ER" value="500."/>
				<string name="Hull" value="Std_Hull"/>
				<string name="Name" value="MiddleSuperstructure"/>
				<string name="TypHL" value="Crew"/>
				<string name="UnitName" value="Renown"/>
			</object>
		</object>
		<object name="Hulls">
			<object name="Renown_Barbet">
				<integer name="Back" value="229"/>
				<integer name="Bottom" value="0"/>
				<integer name="Country" value="3"/>
				<float name="ExplProb" value="20."/>
				<float name="FireProb" value="30."/>
				<integer name="Front" value="229"/>
				<integer name="Left" value="305"/>
				<string name="Material" value="Armored"/>
				<integer name="Right" value="305"/>
				<integer name="Top" value="0"/>
				<integer name="UnitName" value="0"/>
				<string name="UnitTyp" value="Ship"/>
			</object>
			<object name="Renown_BattleCabine">
				<integer name="Back" value="229"/>
				<integer name="Bottom" value="50"/>
				<integer name="Country" value="3"/>
				<float name="ExplProb" value="0."/>
				<float name="FireProb" value="0."/>
				<integer name="Front" value="254"/>
				<integer name="Left" value="280"/>
				<string name="Material" value="Armored"/>
				<integer name="Right" value="280"/>
				<integer name="Top" value="127"/>
				<integer name="UnitName" value="0"/>
				<string name="UnitTyp" value="Ship"/>
			</object>
			<object name="Renown_Foredeck">
				<integer name="Back" value="5"/>
				<integer name="Bottom" value="5"/>
				<integer name="Country" value="3"/>
				<float name="ExplProb" value="0."/>
				<float name="FireProb" value="10."/>
				<integer name="Front" value="5"/>
				<integer name="Left" value="127"/>
				<string name="Material" value="Armored"/>
				<integer name="Right" value="127"/>
				<integer name="Top" value="25"/>
				<integer name="UnitName" value="0"/>
				<string name="UnitTyp" value="Ship"/>
			</object>
			<object name="Renown_Foredeck_Bow2">
				<integer name="Back" value="5"/>
				<integer name="Bottom" value="5"/>
				<integer name="Country" value="3"/>
				<float name="ExplProb" value="0."/>
				<float name="FireProb" value="0."/>
				<integer name="Front" value="5"/>
				<integer name="Left" value="127"/>
				<string name="Material" value="Armored"/>
				<integer name="Right" value="127"/>
				<integer name="Top" value="38"/>
				<integer name="UnitName" value="0"/>
				<string name="UnitTyp" value="Ship"/>
			</object>
			<object name="Renown_LMBelt">
				<integer name="Back" value="5"/>
				<integer name="Bottom" value="5"/>
				<integer name="Country" value="3"/>
				<float name="ExplProb" value="0."/>
				<float name="FireProb" value="0."/>
				<integer name="Front" value="5"/>
				<integer name="Left" value="305"/>
				<string name="Material" value="Armored"/>
				<integer name="Right" value="51"/>
				<integer name="Top" value="30"/>
				<integer name="UnitName" value="0"/>
				<string name="UnitTyp" value="Ship"/>
			</object>
			<object name="Renown_LMBelt_Bow">
				<integer name="Back" value="127"/>
				<integer name="Bottom" value="5"/>
				<integer name="Country" value="3"/>
				<float name="ExplProb" value="0."/>
				<float name="FireProb" value="0."/>
				<integer name="Front" value="127"/>
				<integer name="Left" value="127"/>
				<string name="Material" value="Armored"/>
				<integer name="Right" value="25"/>
				<integer name="Top" value="25"/>
				<integer name="UnitName" value="0"/>
				<string name="UnitTyp" value="Ship"/>
			</object>
			<object name="Renown_LMBelt_SideBow">
				<integer name="Back" value="305"/>
				<integer name="Bottom" value="5"/>
				<integer name="Country" value="3"/>
				<float name="ExplProb" value="0."/>
				<float name="FireProb" value="0."/>
				<integer name="Front" value="152"/>
				<integer name="Left" value="152"/>
				<string name="Material" value="Armored"/>
				<integer name="Right" value="38"/>
				<integer name="Top" value="38"/>
				<integer name="UnitName" value="0"/>
				<string name="UnitTyp" value="Ship"/>
			</object>
			<object name="Renown_LMBelt_SideStern">
				<integer name="Back" value="152"/>
				<integer name="Bottom" value="5"/>
				<integer name="Country" value="3"/>
				<float name="ExplProb" value="0."/>
				<float name="FireProb" value="0."/>
				<integer name="Front" value="5"/>
				<integer name="Left" value="152"/>
				<string name="Material" value="Armored"/>
				<integer name="Right" value="51"/>
				<integer name="Top" value="51"/>
				<integer name="UnitName" value="0"/>
				<string name="UnitTyp" value="Ship"/>
			</object>
			<object name="Renown_LUBelt">
				<integer name="Back" value="5"/>
				<integer name="Bottom" value="5"/>
				<integer name="Country" value="3"/>
				<float name="ExplProb" value="0."/>
				<float name="FireProb" value="0."/>
				<integer name="Front" value="5"/>
				<integer name="Left" value="178"/>
				<string name="Material" value="Armored"/>
				<integer name="Right" value="5"/>
				<integer name="Top" value="22"/>
				<integer name="UnitName" value="0"/>
				<string name="UnitTyp" value="Ship"/>
			</object>
			<object name="Renown_LUBelt_Bow">
				<integer name="Back" value="5"/>
				<integer name="Bottom" value="51"/>
				<integer name="Country" value="3"/>
				<float name="ExplProb" value="0."/>
				<float name="FireProb" value="0."/>
				<integer name="Front" value="102"/>
				<integer name="Left" value="127"/>
				<string name="Material" value="Armored"/>
				<integer name="Right" value="5"/>
				<integer name="Top" value="51"/>
				<integer name="UnitName" value="0"/>
				<string name="UnitTyp" value="Ship"/>
			</object>
			<object name="Renown_LUBelt_Bow2">
				<integer name="Back" value="5"/>
				<integer name="Bottom" value="51"/>
				<integer name="Country" value="3"/>
				<float name="ExplProb" value="0."/>
				<float name="FireProb" value="0."/>
				<integer name="Front" value="51"/>
				<integer name="Left" value="51"/>
				<string name="Material" value="Armored"/>
				<integer name="Right" value="5"/>
				<integer name="Top" value="51"/>
				<integer name="UnitName" value="0"/>
				<string name="UnitTyp" value="Ship"/>
			</object>
			<object name="Renown_LUBelt_Stern">
				<integer name="Back" value="178"/>
				<integer name="Bottom" value="5"/>
				<integer name="Country" value="3"/>
				<float name="ExplProb" value="0."/>
				<float name="FireProb" value="0."/>
				<integer name="Front" value="19"/>
				<integer name="Left" value="178"/>
				<string name="Material" value="Armored"/>
				<integer name="Right" value="5"/>
				<integer name="Top" value="51"/>
				<integer name="UnitName" value="0"/>
				<string name="UnitTyp" value="Ship"/>
			</object>
			<object name="Renown_LowerDeck_Bow">
				<integer name="Back" value="102"/>
				<integer name="Bottom" value="10"/>
				<integer name="Country" value="3"/>
				<float name="ExplProb" value="0."/>
				<float name="FireProb" value="0."/>
				<integer name="Front" value="127"/>
				<integer name="Left" value="5"/>
				<string name="Material" value="Armored"/>
				<integer name="Right" value="5"/>
				<integer name="Top" value="5"/>
				<integer name="UnitName" value="0"/>
				<string name="UnitTyp" value="Ship"/>
			</object>
			<object name="Renown_LowerDeck_Stern">
				<integer name="Back" value="102"/>
				<integer name="Bottom" value="5"/>
				<integer name="Country" value="3"/>
				<float name="ExplProb" value="0."/>
				<float name="FireProb" value="0."/>
				<integer name="Front" value="102"/>
				<integer name="Left" value="5"/>
				<string name="Material" value="Armored"/>
				<integer name="Right" value="5"/>
				<integer name="Top" value="51"/>
				<integer name="UnitName" value="0"/>
				<string name="UnitTyp" value="Ship"/>
			</object>
			<object name="Renown_MG_Probe">
				<integer name="Back" value="152"/>
				<integer name="Bottom" value="5"/>
				<integer name="Country" value="3"/>
				<float name="ExplProb" value="0."/>
				<float name="FireProb" value="0."/>
				<integer name="Front" value="152"/>
				<integer name="Left" value="152"/>
				<string name="Material" value="Armored"/>
				<integer name="Right" value="152"/>
				<integer name="Top" value="152"/>
				<integer name="UnitName" value="0"/>
				<string name="UnitTyp" value="Ship"/>
			</object>
			<object name="Renown_MiddleDeck">
				<integer name="Back" value="0"/>
				<integer name="Bottom" value="0"/>
				<integer name="Country" value="3"/>
				<float name="ExplProb" value="0."/>
				<float name="FireProb" value="0."/>
				<integer name="Front" value="0"/>
				<integer name="Left" value="0"/>
				<string name="Material" value="Armored"/>
				<integer name="Right" value="0"/>
				<integer name="Top" value="0"/>
				<integer name="UnitName" value="0"/>
				<string name="UnitTyp" value="Ship"/>
			</object>
			<object name="Renown_MiddleDeck_Bow">
				<integer name="Back" value="102"/>
				<integer name="Bottom" value="5"/>
				<integer name="Country" value="3"/>
				<float name="ExplProb" value="0."/>
				<float name="FireProb" value="0."/>
				<integer name="Front" value="127"/>
				<integer name="Left" value="5"/>
				<string name="Material" value="Armored"/>
				<integer name="Right" value="5"/>
				<integer name="Top" value="25"/>
				<integer name="UnitName" value="0"/>
				<string name="UnitTyp" value="Ship"/>
			</object>
			<object name="Renown_MiddleDeck_Bow2">
				<integer name="Back" value="5"/>
				<integer name="Bottom" value="51"/>
				<integer name="Country" value="3"/>
				<float name="ExplProb" value="0."/>
				<float name="FireProb" value="0."/>
				<integer name="Front" value="5"/>
				<integer name="Left" value="5"/>
				<string name="Material" value="Armored"/>
				<integer name="Right" value="5"/>
				<integer name="Top" value="76"/>
				<integer name="UnitName" value="0"/>
				<string name="UnitTyp" value="Ship"/>
			</object>
			<object name="Renown_MiddleDeck_Stern">
				<integer name="Back" value="102"/>
				<integer name="Bottom" value="51"/>
				<integer name="Country" value="3"/>
				<float name="ExplProb" value="0."/>
				<float name="FireProb" value="0."/>
				<integer name="Front" value="102"/>
				<integer name="Left" value="5"/>
				<string name="Material" value="Armored"/>
				<integer name="Right" value="5"/>
				<integer name="Top" value="76"/>
				<integer name="UnitName" value="0"/>
				<string name="UnitTyp" value="Ship"/>
			</object>
			<object name="Renown_RMBelt">
				<integer name="Back" value="5"/>
				<integer name="Bottom" value="5"/>
				<integer name="Country" value="3"/>
				<float name="ExplProb" value="0."/>
				<float name="FireProb" value="0."/>
				<integer name="Front" value="5"/>
				<integer name="Left" value="51"/>
				<string name="Material" value="Armored"/>
				<integer name="Right" value="305"/>
				<integer name="Top" value="30"/>
				<integer name="UnitName" value="0"/>
				<string name="UnitTyp" value="Ship"/>
			</object>
			<object name="Renown_RMBelt_Bow">
				<integer name="Back" value="127"/>
				<integer name="Bottom" value="5"/>
				<integer name="Country" value="3"/>
				<float name="ExplProb" value="0."/>
				<float name="FireProb" value="0."/>
				<integer name="Front" value="127"/>
				<integer name="Left" value="25"/>
				<string name="Material" value="Armored"/>
				<integer name="Right" value="127"/>
				<integer name="Top" value="25"/>
				<integer name="UnitName" value="0"/>
				<string name="UnitTyp" value="Ship"/>
			</object>
			<object name="Renown_RMBelt_SideBow">
				<integer name="Back" value="305"/>
				<integer name="Bottom" value="5"/>
				<integer name="Country" value="3"/>
				<float name="ExplProb" value="0."/>
				<float name="FireProb" value="0."/>
				<integer name="Front" value="152"/>
				<integer name="Left" value="38"/>
				<string name="Material" value="Armored"/>
				<integer name="Right" value="152"/>
				<integer name="Top" value="38"/>
				<integer name="UnitName" value="0"/>
				<string name="UnitTyp" value="Ship"/>
			</object>
			<object name="Renown_RMBelt_SideStern">
				<integer name="Back" value="152"/>
				<integer name="Bottom" value="5"/>
				<integer name="Country" value="3"/>
				<float name="ExplProb" value="0."/>
				<float name="FireProb" value="0."/>
				<integer name="Front" value="5"/>
				<integer name="Left" value="51"/>
				<string name="Material" value="Armored"/>
				<integer name="Right" value="152"/>
				<integer name="Top" value="51"/>
				<integer name="UnitName" value="0"/>
				<string name="UnitTyp" value="Ship"/>
			</object>
			<object name="Renown_RUBelt">
				<integer name="Back" value="5"/>
				<integer name="Bottom" value="5"/>
				<integer name="Country" value="3"/>
				<float name="ExplProb" value="0."/>
				<float name="FireProb" value="0."/>
				<integer name="Front" value="5"/>
				<integer name="Left" value="5"/>
				<string name="Material" value="Armored"/>
				<integer name="Right" value="178"/>
				<integer name="Top" value="22"/>
				<integer name="UnitName" value="0"/>
				<string name="UnitTyp" value="Ship"/>
			</object>
			<object name="Renown_RUBelt_Bow">
				<integer name="Back" value="5"/>
				<integer name="Bottom" value="51"/>
				<integer name="Country" value="3"/>
				<float name="ExplProb" value="0."/>
				<float name="FireProb" value="0."/>
				<integer name="Front" value="102"/>
				<integer name="Left" value="5"/>
				<string name="Material" value="Armored"/>
				<integer name="Right" value="127"/>
				<integer name="Top" value="51"/>
				<integer name="UnitName" value="0"/>
				<string name="UnitTyp" value="Ship"/>
			</object>
			<object name="Renown_RUBelt_Bow2">
				<integer name="Back" value="5"/>
				<integer name="Bottom" value="51"/>
				<integer name="Country" value="3"/>
				<float name="ExplProb" value="0."/>
				<float name="FireProb" value="0."/>
				<integer name="Front" value="51"/>
				<integer name="Left" value="5"/>
				<string name="Material" value="Armored"/>
				<integer name="Right" value="51"/>
				<integer name="Top" value="51"/>
				<integer name="UnitName" value="0"/>
				<string name="UnitTyp" value="Ship"/>
			</object>
			<object name="Renown_RUBelt_Stern">
				<integer name="Back" value="178"/>
				<integer name="Bottom" value="5"/>
				<integer name="Country" value="3"/>
				<float name="ExplProb" value="0."/>
				<float name="FireProb" value="0."/>
				<integer name="Front" value="5"/>
				<integer name="Left" value="5"/>
				<string name="Material" value="Armored"/>
				<integer name="Right" value="178"/>
				<integer name="Top" value="51"/>
				<integer name="UnitName" value="0"/>
				<string name="UnitTyp" value="Ship"/>
			</object>
			<object name="Renown_SG_Probe">
				<integer name="Back" value="152"/>
				<integer name="Bottom" value="5"/>
				<integer name="Country" value="3"/>
				<float name="ExplProb" value="0."/>
				<float name="FireProb" value="0."/>
				<integer name="Front" value="152"/>
				<integer name="Left" value="152"/>
				<string name="Material" value="Armored"/>
				<integer name="Right" value="152"/>
				<integer name="Top" value="152"/>
				<integer name="UnitName" value="0"/>
				<string name="UnitTyp" value="Ship"/>
			</object>
			<object name="Renown_Tiller">
				<integer name="Back" value="152"/>
				<integer name="Bottom" value="10"/>
				<integer name="Country" value="3"/>
				<float name="ExplProb" value="0."/>
				<float name="FireProb" value="0."/>
				<integer name="Front" value="152"/>
				<integer name="Left" value="152"/>
				<string name="Material" value="Armored"/>
				<integer name="Right" value="152"/>
				<integer name="Top" value="76"/>
				<integer name="UnitName" value="0"/>
				<string name="UnitTyp" value="Ship"/>
			</object>
			<object name="Renown_UpperDeck">
				<integer name="Back" value="102"/>
				<integer name="Bottom" value="5"/>
				<integer name="Country" value="3"/>
				<float name="ExplProb" value="0."/>
				<float name="FireProb" value="0."/>
				<integer name="Front" value="127"/>
				<integer name="Left" value="5"/>
				<string name="Material" value="Armored"/>
				<integer name="Right" value="5"/>
				<integer name="Top" value="76"/>
				<integer name="UnitName" value="0"/>
				<string name="UnitTyp" value="Ship"/>
			</object>
			<object name="Renown_UpperDeck_Bow">
				<integer name="Back" value="102"/>
				<integer name="Bottom" value="5"/>
				<integer name="Country" value="3"/>
				<float name="ExplProb" value="0."/>
				<float name="FireProb" value="0."/>
				<integer name="Front" value="127"/>
				<integer name="Left" value="5"/>
				<string name="Material" value="Armored"/>
				<integer name="Right" value="5"/>
				<integer name="Top" value="76"/>
				<integer name="UnitName" value="0"/>
				<string name="UnitTyp" value="Ship"/>
			</object>
			<object name="Renown_UpperDeck_Bow2">
				<integer name="Back" value="5"/>
				<integer name="Bottom" value="5"/>
				<integer name="Country" value="3"/>
				<float name="ExplProb" value="0."/>
				<float name="FireProb" value="0."/>
				<integer name="Front" value="5"/>
				<integer name="Left" value="5"/>
				<string name="Material" value="Armored"/>
				<integer name="Right" value="5"/>
				<integer name="Top" value="76"/>
				<integer name="UnitName" value="0"/>
				<string name="UnitTyp" value="Ship"/>
			</object>
			<object name="Renown_UpperDeck_Stern">
				<integer name="Back" value="102"/>
				<integer name="Bottom" value="5"/>
				<integer name="Country" value="3"/>
				<float name="ExplProb" value="0."/>
				<float name="FireProb" value="15."/>
				<integer name="Front" value="102"/>
				<integer name="Left" value="5"/>
				<string name="Material" value="Armored"/>
				<integer name="Right" value="5"/>
				<integer name="Top" value="76"/>
				<integer name="UnitName" value="0"/>
				<string name="UnitTyp" value="Ship"/>
			</object>
		</object>
		<object name="ShipsNames">
			<object name="Renown">
				<string name="1" value="Renown"/>
			</object>
		</object>
		<object name="UnitsByType">
			<object name="1">
				<object name="Renown">
					<string name="ChildTable" value="Ships"/>
				</object>
			</object>
		</object>
	</object>
</root>
