﻿<?xml version = "1.0" encoding = "UTF-8"?>
<root>
	<object name = "SteelMonstersParams">
		<object name="Ships">
			<object name="Australia">
				<float name="AccelRate" value="3.e-004"/>
				<string name="Airgroup" value="Scout_ShipWater_Battleship_Battalion_england"/>
				<integer name="AirplanesCount" value="2"/>
				<string name="AmmoLoadingTemplate" value="Ammo 120"/>
				<boolean name="BoatsTransportationAbility" value="false"/>
				<integer name="CabinArmor" value="165"/>
				<boolean name="CanBeChanged" value="true"/>
				<boolean name="CanUseTorpedos" value="true"/>
				<string name="CatapultAirgroupDefaultUnit" value="Walrus"/>
				<integer name="Country" value="4"/>
				<integer name="Crew" value="700"/>
				<float name="CriticalCareen" value="37."/>
				<float name="CriticalDFT" value="2.1"/>
				<float name="CriticalDifferent" value="2.4"/>
				<float name="DTimeProd" value="100."/>
				<float name="DisplacementMax" value="13450."/>
				<float name="EPR" value="405."/>
				<float name="FireRisk" value="1467."/>
				<float name="Fuel" value="3400."/>
				<float name="HLShapeCoef" value="0.8"/>
				<integer name="HullArmorSide" value="152"/>
				<integer name="HullArmorTop" value="130"/>
				<float name="Iron" value="15500."/>
				<integer name="Length" value="201.2"/>
				<float name="MaxSpeed" value="32."/>
				<integer name="MinCrew" value="513"/>
				<float name="Money" value="22000."/>
				<float name="NTimeProd" value="250."/>
				<string name="Name" value="Australia"/>
				<boolean name="New" value="true"/>
				<integer name="Nuc_Dest_Prob" value="400"/>
				<integer name="Passengers" value="50"/>
				<boolean name="PlanesTransportationAbility" value="false"/>
				<float name="Range" value="23940."/>
				<integer name="Rank" value="2"/>
				<string name="SMU" value="Australia"/>
				<float name="Speed" value="12."/>
				<float name="StoreCapacity" value="1000."/>
				<boolean name="Transportable" value="false"/>
				<float name="TurnRate" value="1.5e-003"/>
				<integer name="Type" value="2"/>
				<float name="Vitality" value="7000."/>
				<float name="VitalityAA" value="1000."/>
				<float name="Weight" value="9750."/>
				<integer name="Width" value="20.7"/>
				<integer name="Year" value="39"/>
			</object>
		</object>
		<object name="Hit_Location">
			<object name="Aus1796">
				<string name="ConnectName" value="Tiller"/>
				<integer name="Country" value="4"/>
				<float name="ER" value="150."/>
				<string name="Hull" value="Std_Rudder"/>
				<string name="Name" value="Rudder"/>
				<string name="TypHL" value="Rudder"/>
				<string name="UnitName" value="Australia"/>
			</object>
			<object name="Aus1797">
				<string name="ConnectName" value="Middle5_REngine"/>
				<integer name="Country" value="4"/>
				<float name="ER" value="150."/>
				<string name="Hull" value="Std_Mover"/>
				<string name="Name" value="Mover4"/>
				<string name="TypHL" value="Mover"/>
				<string name="UnitName" value="Australia"/>
			</object>
			<object name="Aus1798">
				<string name="ConnectName" value="Middle5_LEngine"/>
				<integer name="Country" value="4"/>
				<float name="ER" value="150."/>
				<string name="Hull" value="Std_Mover"/>
				<string name="Name" value="Mover3"/>
				<string name="TypHL" value="Mover"/>
				<string name="UnitName" value="Australia"/>
			</object>
			<object name="Aus1799">
				<string name="ConnectName" value="Middle4_LEngine"/>
				<integer name="Country" value="4"/>
				<float name="ER" value="150."/>
				<string name="Hull" value="Std_Mover"/>
				<string name="Name" value="Mover1"/>
				<string name="TypHL" value="Mover"/>
				<string name="UnitName" value="Australia"/>
			</object>
			<object name="Aus1800">
				<string name="ConnectName" value="Middle4_REngine"/>
				<integer name="Country" value="4"/>
				<float name="ER" value="150."/>
				<string name="Hull" value="Std_Mover"/>
				<string name="Name" value="Mover2"/>
				<string name="TypHL" value="Mover"/>
				<string name="UnitName" value="Australia"/>
			</object>
			<object name="Aus1801">
				<integer name="Country" value="4"/>
				<float name="ER" value="245."/>
				<string name="Hull" value="Australia_Barbet"/>
				<string name="Name" value="Barbet2"/>
				<string name="TypHL" value="AmmoStore"/>
				<string name="UnitName" value="Australia"/>
			</object>
			<object name="Aus1802">
				<integer name="Country" value="4"/>
				<float name="ER" value="245."/>
				<string name="Hull" value="Australia_Barbet"/>
				<string name="Name" value="Barbet1"/>
				<string name="TypHL" value="AmmoStore"/>
				<string name="UnitName" value="Australia"/>
			</object>
			<object name="Aus1803">
				<integer name="Country" value="4"/>
				<float name="ER" value="245."/>
				<string name="Hull" value="Australia_Barbet"/>
				<string name="Name" value="Barbet3"/>
				<string name="TypHL" value="AmmoStore"/>
				<string name="UnitName" value="Australia"/>
			</object>
			<object name="Aus1804">
				<integer name="Country" value="4"/>
				<float name="ER" value="245."/>
				<string name="Hull" value="Australia_Barbet"/>
				<string name="Name" value="Barbet4"/>
				<string name="TypHL" value="AmmoStore"/>
				<string name="UnitName" value="Australia"/>
			</object>
			<object name="Aus1805">
				<integer name="Country" value="4"/>
				<float name="ER" value="100."/>
				<string name="Hull" value="Australia_BattleCabine"/>
				<string name="Name" value="BattleCabine"/>
				<string name="TypHL" value="Hull"/>
				<string name="UnitName" value="Australia"/>
			</object>
			<object name="Aus1806">
				<integer name="Country" value="4"/>
				<float name="ER" value="50."/>
				<string name="Hull" value="Std_Probe"/>
				<string name="Name" value="Probe_AA_Bow"/>
				<string name="TypHL" value="Probe"/>
				<string name="UnitName" value="Australia"/>
			</object>
			<object name="Aus1807">
				<integer name="Country" value="4"/>
				<float name="ER" value="50."/>
				<string name="Hull" value="Std_Probe"/>
				<string name="Name" value="Probe_AA_Stern"/>
				<string name="TypHL" value="Probe"/>
				<string name="UnitName" value="Australia"/>
			</object>
			<object name="Aus1809">
				<integer name="Country" value="4"/>
				<float name="ER" value="245."/>
				<string name="Hull" value="Australia_AS_T1"/>
				<string name="Name" value="AmmoStore1_1"/>
				<string name="TypHL" value="AmmoStore"/>
				<string name="UnitName" value="Australia"/>
			</object>
			<object name="Aus1810">
				<integer name="Country" value="4"/>
				<float name="ER" value="245."/>
				<string name="Hull" value="Australia_AS_T1"/>
				<string name="Name" value="AmmoStore1_2"/>
				<string name="TypHL" value="AmmoStore"/>
				<string name="UnitName" value="Australia"/>
			</object>
			<object name="Aus1811">
				<integer name="Country" value="4"/>
				<float name="ER" value="245."/>
				<string name="Hull" value="Australia_AS_T1"/>
				<string name="Name" value="AmmoStore2_1"/>
				<string name="TypHL" value="AmmoStore"/>
				<string name="UnitName" value="Australia"/>
			</object>
			<object name="Aus1812">
				<integer name="Country" value="4"/>
				<float name="ER" value="245."/>
				<string name="Hull" value="Australia_AS_T1"/>
				<string name="Name" value="AmmoStore2_2"/>
				<string name="TypHL" value="AmmoStore"/>
				<string name="UnitName" value="Australia"/>
			</object>
			<object name="Aus1813">
				<integer name="Country" value="4"/>
				<float name="ER" value="200."/>
				<string name="Hull" value="Australia_MiddleDeck"/>
				<string name="Name" value="Bow2_MiddleDeck"/>
				<string name="TypHL" value="Hull"/>
				<string name="UnitName" value="Australia"/>
			</object>
			<object name="Aus1814">
				<integer name="Country" value="4"/>
				<float name="ER" value="150."/>
				<string name="Hull" value="Australia_Bottom"/>
				<string name="Name" value="Bow2_Bottom"/>
				<string name="TypHL" value="Hull"/>
				<string name="UnitName" value="Australia"/>
			</object>
			<object name="Aus1815">
				<integer name="Country" value="4"/>
				<float name="ER" value="200."/>
				<string name="Hull" value="Australia_UpperDeck1"/>
				<string name="Name" value="Bow2_UpperDeck"/>
				<string name="TypHL" value="Hull"/>
				<string name="UnitName" value="Australia"/>
			</object>
			<object name="Aus1817">
				<integer name="Country" value="4"/>
				<float name="ER" value="150."/>
				<string name="Hull" value="Australia_Bottom"/>
				<string name="Name" value="Middle1_RBottom"/>
				<string name="TypHL" value="FuelTank"/>
				<string name="UnitName" value="Australia"/>
			</object>
			<object name="Aus1818">
				<integer name="Country" value="4"/>
				<float name="ER" value="150."/>
				<string name="Hull" value="Australia_Bottom"/>
				<string name="Name" value="Middle1_LBottom"/>
				<string name="TypHL" value="FuelTank"/>
				<string name="UnitName" value="Australia"/>
			</object>
			<object name="Aus1819">
				<integer name="Country" value="4"/>
				<float name="ER" value="200."/>
				<string name="Hull" value="Australia_MiddleDeck"/>
				<string name="Name" value="Middle1_MiddleDeck"/>
				<string name="TypHL" value="Hull"/>
				<string name="UnitName" value="Australia"/>
			</object>
			<object name="Aus1820">
				<integer name="Country" value="4"/>
				<float name="ER" value="245."/>
				<string name="Hull" value="Australia_AS_Cover"/>
				<string name="Name" value="Universal_AmmoStore_Cover"/>
				<string name="TypHL" value="Hull"/>
				<string name="UnitName" value="Australia"/>
			</object>
			<object name="Aus1821">
				<integer name="Country" value="4"/>
				<float name="ER" value="50."/>
				<string name="Hull" value="Std_Probe"/>
				<string name="Name" value="Probe_MainGun"/>
				<string name="TypHL" value="Probe"/>
				<string name="UnitName" value="Australia"/>
			</object>
			<object name="Aus1822">
				<integer name="Country" value="4"/>
				<float name="ER" value="50."/>
				<string name="Hull" value="Std_Probe"/>
				<string name="Name" value="Radar"/>
				<string name="TypHL" value="Probe"/>
				<string name="UnitName" value="Australia"/>
			</object>
			<object name="Aus1823">
				<integer name="Country" value="4"/>
				<float name="ER" value="50."/>
				<string name="Hull" value="Std_Probe"/>
				<string name="Name" value="Radio"/>
				<string name="TypHL" value="Probe"/>
				<string name="UnitName" value="Australia"/>
			</object>
			<object name="Aus1824">
				<integer name="Country" value="4"/>
				<float name="ER" value="245."/>
				<string name="Hull" value="Australia_AS_T1"/>
				<string name="Name" value="Universal_AmmoStore"/>
				<string name="TypHL" value="AmmoStore"/>
				<string name="UnitName" value="Australia"/>
			</object>
			<object name="Aus1825">
				<integer name="Country" value="4"/>
				<float name="ER" value="200."/>
				<string name="Hull" value="Australia_BeltDeck"/>
				<string name="Name" value="Middle1_UpperDeck"/>
				<string name="TypHL" value="Hull"/>
				<string name="UnitName" value="Australia"/>
			</object>
			<object name="Aus1826">
				<integer name="Country" value="4"/>
				<float name="ER" value="200."/>
				<string name="Hull" value="Australia_UpperDeck2"/>
				<string name="Name" value="Middle1_UpperDeck2"/>
				<string name="TypHL" value="Hull"/>
				<string name="UnitName" value="Australia"/>
			</object>
			<object name="Aus1828">
				<integer name="Country" value="4"/>
				<float name="ER" value="200."/>
				<string name="Hull" value="Australia_MiddleDeck"/>
				<string name="Name" value="Middle2_MiddleDeck"/>
				<string name="TypHL" value="Hull"/>
				<string name="UnitName" value="Australia"/>
			</object>
			<object name="Aus1829">
				<integer name="Country" value="4"/>
				<float name="ER" value="100."/>
				<string name="Hull" value="Std_Boiler"/>
				<string name="Name" value="Middle2_Boiler1"/>
				<string name="TypHL" value="Boiler"/>
				<string name="UnitName" value="Australia"/>
			</object>
			<object name="Aus1830">
				<integer name="Country" value="4"/>
				<float name="ER" value="100."/>
				<string name="Hull" value="Std_Boiler"/>
				<string name="Name" value="Middle2_Boiler2"/>
				<string name="TypHL" value="Boiler"/>
				<string name="UnitName" value="Australia"/>
			</object>
			<object name="Aus1831">
				<integer name="Country" value="4"/>
				<float name="ER" value="150."/>
				<string name="Hull" value="Australia_LAMP"/>
				<string name="Name" value="Middle2_LAMP"/>
				<string name="TypHL" value="Hull"/>
				<string name="UnitName" value="Australia"/>
			</object>
			<object name="Aus1832">
				<integer name="Country" value="4"/>
				<float name="ER" value="150."/>
				<string name="Hull" value="Australia_RAMP"/>
				<string name="Name" value="Middle2_RAMP"/>
				<string name="TypHL" value="Hull"/>
				<string name="UnitName" value="Australia"/>
			</object>
			<object name="Aus1833">
				<integer name="Country" value="4"/>
				<float name="ER" value="200."/>
				<string name="Hull" value="Australia_LBelt"/>
				<string name="Name" value="Middle2_LBelt"/>
				<string name="TypHL" value="Hull"/>
				<string name="UnitName" value="Australia"/>
			</object>
			<object name="Aus1834">
				<integer name="Country" value="4"/>
				<float name="ER" value="200."/>
				<string name="Hull" value="Australia_RBelt"/>
				<string name="Name" value="Middle2_RBelt"/>
				<string name="TypHL" value="Hull"/>
				<string name="UnitName" value="Australia"/>
			</object>
			<object name="Aus1835">
				<integer name="Country" value="4"/>
				<float name="ER" value="200."/>
				<string name="Hull" value="Australia_UpperDeck2"/>
				<string name="Name" value="Middle2_UpperDeck"/>
				<string name="TypHL" value="Hull"/>
				<string name="UnitName" value="Australia"/>
			</object>
			<object name="Aus1836">
				<integer name="Country" value="4"/>
				<float name="ER" value="200."/>
				<string name="Hull" value="Australia_UpperDeck2"/>
				<string name="Name" value="Middle2_UpperDeck2"/>
				<string name="TypHL" value="Hull"/>
				<string name="UnitName" value="Australia"/>
			</object>
			<object name="Aus1837">
				<integer name="Country" value="4"/>
				<float name="ER" value="150."/>
				<string name="Hull" value="Australia_Bottom"/>
				<string name="Name" value="Middle2_RBottom"/>
				<string name="TypHL" value="FuelTank"/>
				<string name="UnitName" value="Australia"/>
			</object>
			<object name="Aus1838">
				<integer name="Country" value="4"/>
				<float name="ER" value="150."/>
				<string name="Hull" value="Australia_Bottom"/>
				<string name="Name" value="Middle2_LBottom"/>
				<string name="TypHL" value="FuelTank"/>
				<string name="UnitName" value="Australia"/>
			</object>
			<object name="Aus1840">
				<integer name="Country" value="4"/>
				<float name="ER" value="200."/>
				<string name="Hull" value="Australia_MiddleDeck"/>
				<string name="Name" value="Middle3_MiddleDeck"/>
				<string name="TypHL" value="Hull"/>
				<string name="UnitName" value="Australia"/>
			</object>
			<object name="Aus1841">
				<integer name="Country" value="4"/>
				<float name="ER" value="100."/>
				<string name="Hull" value="Std_Boiler"/>
				<string name="Name" value="Middle3_Boiler1"/>
				<string name="TypHL" value="Boiler"/>
				<string name="UnitName" value="Australia"/>
			</object>
			<object name="Aus1842">
				<integer name="Country" value="4"/>
				<float name="ER" value="100."/>
				<string name="Hull" value="Std_Boiler"/>
				<string name="Name" value="Middle3_Boiler2"/>
				<string name="TypHL" value="Boiler"/>
				<string name="UnitName" value="Australia"/>
			</object>
			<object name="Aus1843">
				<integer name="Country" value="4"/>
				<float name="ER" value="150."/>
				<string name="Hull" value="Australia_Bottom"/>
				<string name="Name" value="Middle3_LBottom"/>
				<string name="TypHL" value="FuelTank"/>
				<string name="UnitName" value="Australia"/>
			</object>
			<object name="Aus1844">
				<integer name="Country" value="4"/>
				<float name="ER" value="150."/>
				<string name="Hull" value="Australia_Bottom"/>
				<string name="Name" value="Middle3_RBottom"/>
				<string name="TypHL" value="FuelTank"/>
				<string name="UnitName" value="Australia"/>
			</object>
			<object name="Aus1845">
				<integer name="Country" value="4"/>
				<float name="ER" value="150."/>
				<string name="Hull" value="Australia_LAMP"/>
				<string name="Name" value="Middle3_LAMP"/>
				<string name="TypHL" value="Hull"/>
				<string name="UnitName" value="Australia"/>
			</object>
			<object name="Aus1846">
				<integer name="Country" value="4"/>
				<float name="ER" value="150."/>
				<string name="Hull" value="Australia_RAMP"/>
				<string name="Name" value="Middle3_RAMP"/>
				<string name="TypHL" value="Hull"/>
				<string name="UnitName" value="Australia"/>
			</object>
			<object name="Aus1847">
				<integer name="Country" value="4"/>
				<float name="ER" value="200."/>
				<string name="Hull" value="Australia_RBelt"/>
				<string name="Name" value="Middle3_RBelt"/>
				<string name="TypHL" value="Hull"/>
				<string name="UnitName" value="Australia"/>
			</object>
			<object name="Aus1848">
				<integer name="Country" value="4"/>
				<float name="ER" value="200."/>
				<string name="Hull" value="Australia_LBelt"/>
				<string name="Name" value="Middle3_LBelt"/>
				<string name="TypHL" value="Hull"/>
				<string name="UnitName" value="Australia"/>
			</object>
			<object name="Aus1849">
				<integer name="Country" value="4"/>
				<float name="ER" value="200."/>
				<string name="Hull" value="Australia_UpperDeck2"/>
				<string name="Name" value="Middle3_UpperDeck"/>
				<string name="TypHL" value="Hull"/>
				<string name="UnitName" value="Australia"/>
			</object>
			<object name="Aus1850">
				<integer name="Country" value="4"/>
				<float name="ER" value="200."/>
				<string name="Hull" value="Australia_UpperDeck2"/>
				<string name="Name" value="Middle3_UpperDeck2"/>
				<string name="TypHL" value="Hull"/>
				<string name="UnitName" value="Australia"/>
			</object>
			<object name="Aus1852">
				<integer name="Country" value="4"/>
				<float name="ER" value="200."/>
				<string name="Hull" value="Australia_LBelt"/>
				<string name="Name" value="Middle4_LBelt"/>
				<string name="TypHL" value="Hull"/>
				<string name="UnitName" value="Australia"/>
			</object>
			<object name="Aus1853">
				<integer name="Country" value="4"/>
				<float name="ER" value="200."/>
				<string name="Hull" value="Australia_MiddleDeck"/>
				<string name="Name" value="Middle4_MiddleDeck"/>
				<string name="TypHL" value="Hull"/>
				<string name="UnitName" value="Australia"/>
			</object>
			<object name="Aus1854">
				<string name="ConnectName" value="Middle2_Boiler1;Middle2_Boiler2;Middle3_Boiler1;Middle3_Boiler2;"/>
				<integer name="Country" value="4"/>
				<float name="ER" value="150."/>
				<string name="Hull" value="Std_Engine"/>
				<string name="Name" value="Middle4_LEngine"/>
				<string name="TypHL" value="Engine"/>
				<string name="UnitName" value="Australia"/>
			</object>
			<object name="Aus1855">
				<string name="ConnectName" value="Middle2_Boiler1;Middle2_Boiler2;Middle3_Boiler1;Middle3_Boiler2"/>
				<integer name="Country" value="4"/>
				<float name="ER" value="150."/>
				<string name="Hull" value="Std_Engine"/>
				<string name="Name" value="Middle4_REngine"/>
				<string name="TypHL" value="Engine"/>
				<string name="UnitName" value="Australia"/>
			</object>
			<object name="Aus1856">
				<integer name="Country" value="4"/>
				<float name="ER" value="150."/>
				<string name="Hull" value="Australia_LAMP"/>
				<string name="Name" value="Middle4_LAMP"/>
				<string name="TypHL" value="Hull"/>
				<string name="UnitName" value="Australia"/>
			</object>
			<object name="Aus1857">
				<integer name="Country" value="4"/>
				<float name="ER" value="150."/>
				<string name="Hull" value="Australia_RAMP"/>
				<string name="Name" value="Middle4_RAMP"/>
				<string name="TypHL" value="Hull"/>
				<string name="UnitName" value="Australia"/>
			</object>
			<object name="Aus1858">
				<integer name="Country" value="4"/>
				<float name="ER" value="200."/>
				<string name="Hull" value="Australia_RBelt"/>
				<string name="Name" value="Middle4_RBelt"/>
				<string name="TypHL" value="Hull"/>
				<string name="UnitName" value="Australia"/>
			</object>
			<object name="Aus1859">
				<integer name="Country" value="4"/>
				<float name="ER" value="200."/>
				<string name="Hull" value="Australia_BeltDeck"/>
				<string name="Name" value="Middle4_UpperDeck"/>
				<string name="TypHL" value="Hull"/>
				<string name="UnitName" value="Australia"/>
			</object>
			<object name="Aus1860">
				<integer name="Country" value="4"/>
				<float name="ER" value="200."/>
				<string name="Hull" value="Australia_UpperDeck2"/>
				<string name="Name" value="Middle4_UpperDeck2"/>
				<string name="TypHL" value="Hull"/>
				<string name="UnitName" value="Australia"/>
			</object>
			<object name="Aus1861">
				<integer name="Country" value="4"/>
				<float name="ER" value="150."/>
				<string name="Hull" value="Australia_Bottom"/>
				<string name="Name" value="Middle4_LBottom"/>
				<string name="TypHL" value="FuelTank"/>
				<string name="UnitName" value="Australia"/>
			</object>
			<object name="Aus1862">
				<integer name="Country" value="4"/>
				<float name="ER" value="150."/>
				<string name="Hull" value="Australia_Bottom"/>
				<string name="Name" value="Middle4_RBottom"/>
				<string name="TypHL" value="FuelTank"/>
				<string name="UnitName" value="Australia"/>
			</object>
			<object name="Aus1864">
				<integer name="Country" value="4"/>
				<float name="ER" value="150."/>
				<string name="Hull" value="Australia_RAMP"/>
				<string name="Name" value="Middle5_RAMP"/>
				<string name="TypHL" value="Hull"/>
				<string name="UnitName" value="Australia"/>
			</object>
			<object name="Aus1865">
				<integer name="Country" value="4"/>
				<float name="ER" value="150."/>
				<string name="Hull" value="Australia_LAMP"/>
				<string name="Name" value="Middle5_LAMP"/>
				<string name="TypHL" value="Hull"/>
				<string name="UnitName" value="Australia"/>
			</object>
			<object name="Aus1866">
				<integer name="Country" value="4"/>
				<float name="ER" value="200."/>
				<string name="Hull" value="Australia_MiddleDeck"/>
				<string name="Name" value="Middle5_MiddleDeck"/>
				<string name="TypHL" value="Hull"/>
				<string name="UnitName" value="Australia"/>
			</object>
			<object name="Aus1867">
				<string name="ConnectName" value="Middle2_Boiler1;Middle2_Boiler2;Middle3_Boiler1;Middle3_Boiler2"/>
				<integer name="Country" value="4"/>
				<float name="ER" value="150."/>
				<string name="Hull" value="Std_Engine"/>
				<string name="Name" value="Middle5_LEngine"/>
				<string name="TypHL" value="Engine"/>
				<string name="UnitName" value="Australia"/>
			</object>
			<object name="Aus1868">
				<string name="ConnectName" value="Middle2_Boiler1;Middle2_Boiler2;Middle3_Boiler1;Middle3_Boiler2;"/>
				<integer name="Country" value="4"/>
				<float name="ER" value="150."/>
				<string name="Hull" value="Std_Engine"/>
				<string name="Name" value="Middle5_REngine"/>
				<string name="TypHL" value="Engine"/>
				<string name="UnitName" value="Australia"/>
			</object>
			<object name="Aus1869">
				<integer name="Country" value="4"/>
				<float name="ER" value="200."/>
				<string name="Hull" value="Australia_RBelt"/>
				<string name="Name" value="Middle5_RBelt"/>
				<string name="TypHL" value="Hull"/>
				<string name="UnitName" value="Australia"/>
			</object>
			<object name="Aus1870">
				<integer name="Country" value="4"/>
				<float name="ER" value="200."/>
				<string name="Hull" value="Australia_LBelt"/>
				<string name="Name" value="Middle5_LBelt"/>
				<string name="TypHL" value="Hull"/>
				<string name="UnitName" value="Australia"/>
			</object>
			<object name="Aus1871">
				<integer name="Country" value="4"/>
				<float name="ER" value="200."/>
				<string name="Hull" value="Australia_UpperDeck2"/>
				<string name="Name" value="Middle5_UpperDeck"/>
				<string name="TypHL" value="Hull"/>
				<string name="UnitName" value="Australia"/>
			</object>
			<object name="Aus1872">
				<integer name="Country" value="4"/>
				<float name="ER" value="200."/>
				<string name="Hull" value="Australia_UpperDeck2"/>
				<string name="Name" value="Middle5_UpperDeck2"/>
				<string name="TypHL" value="Hull"/>
				<string name="UnitName" value="Australia"/>
			</object>
			<object name="Aus1873">
				<integer name="Country" value="4"/>
				<float name="ER" value="150."/>
				<string name="Hull" value="Australia_Bottom"/>
				<string name="Name" value="Middle5_LBottom"/>
				<string name="TypHL" value="FuelTank"/>
				<string name="UnitName" value="Australia"/>
			</object>
			<object name="Aus1874">
				<integer name="Country" value="4"/>
				<float name="ER" value="150."/>
				<string name="Hull" value="Australia_Bottom"/>
				<string name="Name" value="Middle5_RBottom"/>
				<string name="TypHL" value="FuelTank"/>
				<string name="UnitName" value="Australia"/>
			</object>
			<object name="Aus1876">
				<integer name="Country" value="4"/>
				<float name="ER" value="150."/>
				<string name="Hull" value="Australia_Bottom"/>
				<string name="Name" value="Stern1_Bottom"/>
				<string name="TypHL" value="Hull"/>
				<string name="UnitName" value="Australia"/>
			</object>
			<object name="Aus1877">
				<integer name="Country" value="4"/>
				<float name="ER" value="200."/>
				<string name="Hull" value="Australia_MiddleDeck"/>
				<string name="Name" value="Stern1_MiddleDeck"/>
				<string name="TypHL" value="Hull"/>
				<string name="UnitName" value="Australia"/>
			</object>
			<object name="Aus1878">
				<integer name="Country" value="4"/>
				<float name="ER" value="245."/>
				<string name="Hull" value="Australia_AS_T1"/>
				<string name="Name" value="AmmoStore4_1"/>
				<string name="TypHL" value="AmmoStore"/>
				<string name="UnitName" value="Australia"/>
			</object>
			<object name="Aus1879">
				<integer name="Country" value="4"/>
				<float name="ER" value="245."/>
				<string name="Hull" value="Australia_AS_T1"/>
				<string name="Name" value="AmmoStore3_1"/>
				<string name="TypHL" value="AmmoStore"/>
				<string name="UnitName" value="Australia"/>
			</object>
			<object name="Aus1880">
				<integer name="Country" value="4"/>
				<float name="ER" value="245."/>
				<string name="Hull" value="Australia_AS_T1"/>
				<string name="Name" value="AmmoStore3_2"/>
				<string name="TypHL" value="AmmoStore"/>
				<string name="UnitName" value="Australia"/>
			</object>
			<object name="Aus1881">
				<integer name="Country" value="4"/>
				<float name="ER" value="245."/>
				<string name="Hull" value="Australia_AS_T1"/>
				<string name="Name" value="AmmoStore4_2"/>
				<string name="TypHL" value="AmmoStore"/>
				<string name="UnitName" value="Australia"/>
			</object>
			<object name="Aus1882">
				<integer name="Country" value="4"/>
				<float name="ER" value="200."/>
				<string name="Hull" value="Australia_UpperDeck1"/>
				<string name="Name" value="Stern1_UpperDeck"/>
				<string name="TypHL" value="Hull"/>
				<string name="UnitName" value="Australia"/>
			</object>
			<object name="Aus1883">
				<integer name="Country" value="4"/>
				<float name="ER" value="200."/>
				<string name="Hull" value="Australia_UpperDeck1"/>
				<string name="Name" value="Stern2_Deck"/>
				<string name="TypHL" value="Hull"/>
				<string name="UnitName" value="Australia"/>
			</object>
			<object name="Aus1884">
				<integer name="Country" value="4"/>
				<float name="ER" value="150."/>
				<string name="Hull" value="Std_Hull"/>
				<string name="Name" value="Tiller"/>
				<string name="TypHL" value="Hull"/>
				<string name="UnitName" value="Australia"/>
			</object>
			<object name="Aus1885">
				<integer name="Country" value="4"/>
				<float name="ER" value="150."/>
				<string name="Hull" value="Australia_Bottom"/>
				<string name="Name" value="Bow1_Bottom"/>
				<string name="TypHL" value="Hull"/>
				<string name="UnitName" value="Australia"/>
			</object>
			<object name="Aus1886">
				<integer name="Country" value="4"/>
				<float name="ER" value="200."/>
				<string name="Hull" value="Australia_MiddleDeck"/>
				<string name="Name" value="Bow1_MiddleDeck"/>
				<string name="TypHL" value="Hull"/>
				<string name="UnitName" value="Australia"/>
			</object>
			<object name="Aus1887">
				<integer name="Country" value="4"/>
				<float name="ER" value="200."/>
				<string name="Hull" value="Australia_UpperDeck1"/>
				<string name="Name" value="Bow1_UpperDeck"/>
				<string name="TypHL" value="Hull"/>
				<string name="UnitName" value="Australia"/>
			</object>
			<object name="Aus5089">
				<integer name="Country" value="4"/>
				<integer name="Crew" value="200"/>
				<float name="ER" value="100."/>
				<string name="Hull" value="Std_CAUpperHull"/>
				<string name="Name" value="Bow_MSuperstructure"/>
				<string name="TypHL" value="Crew"/>
				<string name="UnitName" value="Australia"/>
			</object>
			<object name="Aus5090">
				<integer name="Country" value="4"/>
				<float name="ER" value="100."/>
				<string name="Hull" value="Std_CAUpperHull"/>
				<string name="Name" value="Bow_TSuperstructure"/>
				<string name="TypHL" value="Hull"/>
				<string name="UnitName" value="Australia"/>
			</object>
			<object name="Aus5091">
				<integer name="Country" value="4"/>
				<integer name="Crew" value="200"/>
				<float name="ER" value="100."/>
				<string name="Hull" value="Std_CAUpperHull"/>
				<string name="Name" value="Bow_LSuperstrukture_1"/>
				<string name="TypHL" value="Crew"/>
				<string name="UnitName" value="Australia"/>
			</object>
			<object name="Aus5092">
				<integer name="Country" value="4"/>
				<integer name="Crew" value="200"/>
				<float name="ER" value="100."/>
				<string name="Hull" value="Std_CAUpperHull"/>
				<string name="Name" value="Bow_LSuperstructure_2"/>
				<string name="TypHL" value="Crew"/>
				<string name="UnitName" value="Australia"/>
			</object>
			<object name="Aus5093">
				<integer name="Country" value="4"/>
				<integer name="Crew" value="200"/>
				<float name="ER" value="100."/>
				<string name="Hull" value="Std_CAUpperHull"/>
				<string name="Name" value="Stern_LSuperstructure"/>
				<string name="TypHL" value="Crew"/>
				<string name="UnitName" value="Australia"/>
			</object>
			<object name="Aus5094">
				<integer name="Country" value="4"/>
				<integer name="Crew" value="200"/>
				<float name="ER" value="100."/>
				<string name="Hull" value="Std_CAUpperHull"/>
				<string name="Name" value="Stern_TSuperstructure"/>
				<string name="TypHL" value="Crew"/>
				<string name="UnitName" value="Australia"/>
			</object>
			<object name="Aus7715">
				<integer name="Country" value="4"/>
				<float name="ER" value="100."/>
				<string name="Hull" value="Std_SmokeStack"/>
				<string name="Name" value="SmokeStack_Bow"/>
				<string name="TypHL" value="Hull"/>
				<string name="UnitName" value="Australia"/>
			</object>
			<object name="Aus7716">
				<integer name="Country" value="4"/>
				<float name="ER" value="100."/>
				<string name="Hull" value="Std_SmokeStack"/>
				<string name="Name" value="SmokeStack_Middle"/>
				<string name="TypHL" value="Hull"/>
				<string name="UnitName" value="Australia"/>
			</object>
			<object name="Aus7717">
				<integer name="Country" value="4"/>
				<float name="ER" value="100."/>
				<string name="Hull" value="Std_SmokeStack"/>
				<string name="Name" value="SmokeStack_Stern"/>
				<string name="TypHL" value="Hull"/>
				<string name="UnitName" value="Australia"/>
			</object>
		</object>
		<object name="Hulls">
			<object name="Australia_AS_Cover">
				<integer name="Back" value="10"/>
				<integer name="Bottom" value="30"/>
				<integer name="Country" value="4"/>
				<float name="ExplProb" value="10."/>
				<float name="FireProb" value="20."/>
				<integer name="Front" value="10"/>
				<integer name="Left" value="10"/>
				<string name="Material" value="Armored"/>
				<integer name="Right" value="10"/>
				<integer name="Top" value="64"/>
				<integer name="UnitName" value="0"/>
				<string name="UnitTyp" value="Ship"/>
			</object>
			<object name="Australia_AS_T1">
				<integer name="Back" value="102"/>
				<integer name="Bottom" value="20"/>
				<integer name="Country" value="4"/>
				<float name="ExplProb" value="10."/>
				<float name="FireProb" value="20."/>
				<integer name="Front" value="102"/>
				<integer name="Left" value="102"/>
				<string name="Material" value="Armored"/>
				<integer name="Right" value="102"/>
				<integer name="Top" value="102"/>
				<integer name="UnitName" value="0"/>
				<string name="UnitTyp" value="Ship"/>
			</object>
			<object name="Australia_Barbet">
				<integer name="Back" value="102"/>
				<integer name="Bottom" value="102"/>
				<integer name="Country" value="4"/>
				<float name="ExplProb" value="30."/>
				<float name="FireProb" value="20."/>
				<integer name="Front" value="102"/>
				<integer name="Left" value="102"/>
				<string name="Material" value="Armored"/>
				<integer name="Right" value="102"/>
				<integer name="Top" value="25"/>
				<integer name="UnitName" value="0"/>
				<string name="UnitTyp" value="Ship"/>
			</object>
			<object name="Australia_BattleCabine">
				<integer name="Back" value="25"/>
				<integer name="Bottom" value="25"/>
				<integer name="Country" value="4"/>
				<float name="ExplProb" value="0."/>
				<float name="FireProb" value="20."/>
				<integer name="Front" value="25"/>
				<integer name="Left" value="25"/>
				<string name="Material" value="Armored"/>
				<integer name="Right" value="25"/>
				<integer name="Top" value="25"/>
				<integer name="UnitName" value="0"/>
				<string name="UnitTyp" value="Ship"/>
			</object>
			<object name="Australia_BeltDeck">
				<integer name="Back" value="25"/>
				<integer name="Bottom" value="10"/>
				<integer name="Country" value="4"/>
				<float name="ExplProb" value="10."/>
				<float name="FireProb" value="20."/>
				<integer name="Front" value="25"/>
				<integer name="Left" value="25"/>
				<string name="Material" value="Armored"/>
				<integer name="Right" value="25"/>
				<integer name="Top" value="35"/>
				<integer name="UnitName" value="0"/>
				<string name="UnitTyp" value="Ship"/>
			</object>
			<object name="Australia_LBelt">
				<integer name="Back" value="25"/>
				<integer name="Bottom" value="25"/>
				<integer name="Country" value="4"/>
				<float name="ExplProb" value="0."/>
				<float name="FireProb" value="0."/>
				<integer name="Front" value="25"/>
				<integer name="Left" value="89"/>
				<string name="Material" value="Armored"/>
				<integer name="Right" value="25"/>
				<integer name="Top" value="35"/>
				<integer name="UnitName" value="0"/>
				<string name="UnitTyp" value="Ship"/>
			</object>
			<object name="Australia_MiddleDeck">
				<integer name="Back" value="25"/>
				<integer name="Bottom" value="10"/>
				<integer name="Country" value="4"/>
				<float name="ExplProb" value="0."/>
				<float name="FireProb" value="0."/>
				<integer name="Front" value="25"/>
				<integer name="Left" value="25"/>
				<string name="Material" value="Steel"/>
				<integer name="Right" value="25"/>
				<integer name="Top" value="35"/>
				<integer name="UnitName" value="0"/>
				<string name="UnitTyp" value="Ship"/>
			</object>
			<object name="Australia_RBelt">
				<integer name="Back" value="25"/>
				<integer name="Bottom" value="25"/>
				<integer name="Country" value="4"/>
				<float name="ExplProb" value="0."/>
				<float name="FireProb" value="0."/>
				<integer name="Front" value="25"/>
				<integer name="Left" value="25"/>
				<string name="Material" value="Armored"/>
				<integer name="Right" value="89"/>
				<integer name="Top" value="35"/>
				<integer name="UnitName" value="0"/>
				<string name="UnitTyp" value="Ship"/>
			</object>  
			<object name="Australia_UpperDeck1">
				<integer name="Back" value="25"/>
				<integer name="Bottom" value="10"/>
				<integer name="Country" value="4"/>
				<float name="ExplProb" value="0."/>
				<float name="FireProb" value="10."/>
				<integer name="Front" value="25"/>
				<integer name="Left" value="25"/>
				<string name="Material" value="Steel"/>
				<integer name="Right" value="25"/>
				<integer name="Top" value="35"/>
				<integer name="UnitName" value="0"/>
				<string name="UnitTyp" value="Ship"/>
			</object>
			<object name="Australia_UpperDeck2">
				<integer name="Back" value="25"/>
				<integer name="Bottom" value="10"/>
				<integer name="Country" value="4"/>
				<float name="ExplProb" value="0."/>
				<float name="FireProb" value="10."/>
				<integer name="Front" value="25"/>
				<integer name="Left" value="25"/>
				<string name="Material" value="Steel"/>
				<integer name="Right" value="25"/>
				<integer name="Top" value="35"/>
				<integer name="UnitName" value="0"/>
				<string name="UnitTyp" value="Ship"/>
			</object> 
			<object name="Australia_LAMP">
				<integer name="Back" value="25"/>
				<integer name="Bottom" value="10"/>
				<integer name="Country" value="4"/>
				<float name="ExplProb" value="0."/>
				<float name="FireProb" value="0."/>
				<integer name="Front" value="25"/>
				<integer name="Left" value="25"/>
				<string name="Material" value="Armored"/>
				<integer name="Right" value="25"/>
				<integer name="Top" value="35"/>
				<integer name="UnitName" value="0"/>
				<string name="UnitTyp" value="Ship"/>
			</object>	
			<object name="Australia_RAMP">
				<integer name="Back" value="25"/>
				<integer name="Bottom" value="10"/>
				<integer name="Country" value="4"/>
				<float name="ExplProb" value="0."/>
				<float name="FireProb" value="0."/>
				<integer name="Front" value="25"/>
				<integer name="Left" value="25"/>
				<string name="Material" value="Armored"/>
				<integer name="Right" value="25"/>
				<integer name="Top" value="35"/>
				<integer name="UnitName" value="0"/>
				<string name="UnitTyp" value="Ship"/>
			</object>  
			<object name="Australia_Bottom">
				<integer name="Back" value="25"/>
				<integer name="Bottom" value="25"/>
				<integer name="Country" value="4"/>
				<float name="ExplProb" value="0."/>
				<float name="FireProb" value="0."/>
				<integer name="Front" value="25"/>
				<integer name="Left" value="25"/>
				<string name="Material" value="Steel"/>
				<integer name="Right" value="25"/>
				<integer name="Top" value="25"/>
				<integer name="UnitName" value="0"/>
				<string name="UnitTyp" value="Ship"/>
			</object> 
		</object>
		<object name="ShipsNames">
			<object name="Australia">
				<string name="1" value="Australia"/>
			</object>
		</object>
		<object name="UnitsByType">
			<object name="2">
				<object name="Australia">
					<string name="ChildTable" value="Ships"/>
				</object>
			</object>
		</object>
	</object>
</root>
