﻿<?xml version = "1.0" encoding = "UTF-8"?>
<root>
	<object name = "SteelMonstersParams">
		<object name="Ships">
			<object name="Oi">
				<float name="AccelRate" value="3.e-004"/>
				<string name="Airgroup" value="Scout_ShipWater_Battalion_F1M_japan"/>
				<integer name="AirplanesCount" value="1"/>
				<string name="AmmoLoadingTemplate" value="Ammo 50"/>
				<boolean name="BoatsTransportationAbility" value="false"/>
				<integer name="CabinArmor" value="52"/>
				<boolean name="CanBeChanged" value="true"/>
				<boolean name="CanUseTorpedos" value="true"/>
				<string name="CatapultAirgroupDefaultUnit" value="F1M"/>
				<integer name="Country" value="2"/>
				<integer name="Crew" value="468"/>
				<float name="CriticalCareen" value="37."/>
				<float name="CriticalDFT" value="1.1"/>
				<float name="CriticalDifferent" value="2.5"/>
				<float name="DisplacementMax" value="6900."/>
				<float name="DTimeProd" value="90."/>
				<float name="EPR" value="200."/>
				<float name="FireRisk" value="227."/>
				<float name="Fuel" value="1260."/>
				<float name="HLShapeCoef" value="0.7"/>
				<integer name="HullArmorSide" value="56"/>
				<integer name="HullArmorTop" value="19"/>
				<float name="Iron" value="6652."/>
				<integer name="Length" value="162.15"/>
				<float name="MaxSpeed" value="31.7"/>
				<integer name="MinCrew" value="360"/>
				<float name="Money" value="8000."/>
				<string name="Name" value="Oi"/>
				<boolean name="New" value="false"/>
				<float name="NTimeProd" value="225."/>
				<integer name="Nuc_Dest_Prob" value="500"/>
				<integer name="Passengers" value="40"/>
				<boolean name="PlanesTransportationAbility" value="false"/>
				<float name="Range" value="7400."/>
				<integer name="Rank" value="4"/>
				<string name="SMU" value="Oi"/>
				<float name="Speed" value="14."/>
				<float name="StoreCapacity" value="230."/>
				<boolean name="Transportable" value="false"/>
				<float name="TurnRate" value="1.5e-003"/>
				<integer name="Type" value="3"/>
				<float name="Vitality" value="3500."/>
				<float name="VitalityAA" value="700."/>
				<float name="Weight" value="5832."/>
				<integer name="Width" value="12.34"/>
				<integer name="Year" value="39"/>
			</object>
		</object>
		<object name="ShipsNames">
			<object name="Oi">
				<string name="1" value="Oi1"/>
			</object>
		</object>
		<object name="UnitsByType">
			<object name="3">
				<object name="Oi">
					<string name="ChildTable" value="Ships"/>
				</object>
			</object>
		</object>
	</object>
</root>
