﻿<?xml version="1.0" standalone="yes" ?>
<root>
	<object name="Modifications">
		<object name="Ships">
			<object name="Oi">
				<object name="Prototype">
					<string name="AAGunControl" value="Aim_AA"/>
					<float name="AAVolleyWeight" value="0.460799992"/>
					<float name="Aluminium" value="0."/>
					<float name="AmmoWeight" value="22.3999977"/>
					<float name="Armour" value="0."/>
					<float name="FuelConsumption" value="2.42781234"/>
					<float name="FuelProtect" value="0."/>
					<string name="FullModName" value="Ships.Oi.Prototype"/>
					<float name="Iron" value="6841.50928"/>
				    <boolean name="IsAvailable" value="true"/>
					<boolean name="IsJammer" value="false"/>
					<string name="MainGunControl" value="Typ13_M"/>
					<float name="MaxFuel" value="1260."/>
					<float name="MaxSpeed" value="31.7000008"/>
					<float name="MinSpeed" value="0."/>
					<float name="Money" value="13126.9492"/>
					<widestring name="Name" value="TABpAGcAaAB0ACAAQwByAHUAaQBzAGUAcgAgAE8AaQA="/>
					<float name="RadarRange" value="28.1170654"/>
					<float name="RadioGain" value="32000."/>
					<float name="RadioPowerHF" value="160."/>
					<float name="RadioPowerVHF" value="0."/>
					<float name="RadioSensitivityHF" value="4.99999989e-003"/>
					<float name="RadioSensitivityVHF" value="0."/>
					<object name="Slots">
						<object name="TPort_MainGun_Turret_F1">
							<string name="Device" value="Nagara_1x140mm_Turret"/>
							<string name="Table" value="Turrets"/>
						</object>
						<object name="TPort_MainGun_Turret_F2">
							<string name="Device" value="Nagara_1x140mm_Turret"/>
							<string name="Table" value="Turrets"/>
						</object> 
						<object name="TPort_MainGun_Turret_F3R">
							<string name="Device" value="Nagara_1x140mm_Turret"/>
							<string name="Table" value="Turrets"/>
						</object>
						<object name="TPort_MainGun_Turret_F3L">
							<string name="Device" value="Nagara_1x140mm_Turret"/>
							<string name="Table" value="Turrets"/>
						</object>
						<object name="TPort_TORPFR">
							<string name="Device" value="Jap_Torp_App_4x_Turret_v2"/>
							<string name="Table" value="Turrets"/>
						</object>
						<object name="TPort_TORPFL">
							<string name="Device" value="Jap_Torp_App_4x_Turret_v2"/>
							<string name="Table" value="Turrets"/>
						</object>
						<object name="TPort_TORPF2R">
							<string name="Device" value="Jap_Torp_App_4x_Turret_v2"/>
							<string name="Table" value="Turrets"/>
						</object>
						<object name="TPort_TORPF2L">
							<string name="Device" value="Jap_Torp_App_4x_Turret_v2"/>
							<string name="Table" value="Turrets"/>
						</object>
						<object name="TPort_TORPMR">
							<string name="Device" value="Jap_Torp_App_4x_Turret_v2"/>
							<string name="Table" value="Turrets"/>
						</object>
						<object name="TPort_TORPML">
							<string name="Device" value="Jap_Torp_App_4x_Turret_v2"/>
							<string name="Table" value="Turrets"/>
						</object>
						<object name="TPort_TORPBR">
							<string name="Device" value="Jap_Torp_App_4x_Turret_v2"/>
							<string name="Table" value="Turrets"/>
						</object>
						<object name="TPort_TORPBL">
							<string name="Device" value="Jap_Torp_App_4x_Turret_v2"/>
							<string name="Table" value="Turrets"/>
						</object>
						<object name="TPort_TORPB2R">
							<string name="Device" value="Jap_Torp_App_4x_Turret_v2"/>
							<string name="Table" value="Turrets"/>
						</object>
						<object name="TPort_TORPB2L">
							<string name="Device" value="Jap_Torp_App_4x_Turret_v2"/>
							<string name="Table" value="Turrets"/>
						</object>

						<object name="TPort_AA2x25mmF1R">
							<string name="Device" value="Jap_Turret_25x2"/>
							<string name="Table" value="Turrets"/>
						</object> 
						<object name="TPort_AA2x25mmF1L">
							<string name="Device" value="Jap_Turret_25x2"/>
							<string name="Table" value="Turrets"/>
						</object>
						<object name="TPort_AA2x25mmB1">
							<string name="Device" value="Jap_Turret_25x2"/>
							<string name="Table" value="Turrets"/>
						</object>
						<object name="TPort_AA2x25mmB2">
							<string name="Device" value="Jap_Turret_25x2"/>
							<string name="Table" value="Turrets"/>
						</object>
						<object name="TPort_ProjFR">
							<string name="Device" value="Jap_Projector"/>
							<string name="Table" value="Turrets"/>
						</object>
						<object name="TPort_ProjFL">
							<string name="Device" value="Jap_Projector"/>
							<string name="Table" value="Turrets"/>
						</object>  
						<object name="TPort_ProjB">
							<string name="Device" value="Jap_Projector"/>
							<string name="Table" value="Turrets"/>
						</object>
						<object name="TPort_RF_Typ95_02_F1R">
							<string name="Device" value="Director_Typ95_Yamato_02"/>
							<string name="Table" value="Turrets"/>
						</object> 
						<object name="TPort_RF_Typ95_02_F1L">
							<string name="Device" value="Director_Typ95_Yamato_02"/>
							<string name="Table" value="Turrets"/>
						</object>
						<object name="TPort_RF_Jap_Mk52_FR">
							<string name="Device" value="Jap_RangeFinder_Mk52"/>
							<string name="Table" value="Turrets"/>
						</object>
						<object name="TPort_RF_Jap_Mk52_FL">
							<string name="Device" value="Jap_RangeFinder_Mk52"/>
							<string name="Table" value="Turrets"/>
						</object>
						<object name="TPort_RF_Jap_Mk52_BR">
							<string name="Device" value="Jap_RangeFinder_Mk52"/>
							<string name="Table" value="Turrets"/>
						</object>
						<object name="TPort_RF_Jap_Mk52_BL">
							<string name="Device" value="Jap_RangeFinder_Mk52"/>
							<string name="Table" value="Turrets"/>
						</object>
						<object name="TPort_Main_Gun_Director1">
							<string name="Device" value="Dalnomer_Kagero"/>
							<string name="Table" value="Turrets"/>
						</object>
						<object name="TPort_Main_Gun_Director2">
							<string name="Device" value="Dalnomer25_Akagi"/>
							<string name="Table" value="Turrets"/>
						</object>
						<object name="TPort_RADAR1">
							<string name="Device" value="Radar_Typ13"/>
							<string name="Table" value="Turrets"/>
						</object>
						<object name="TPort_KATAPULT">
							<string name="Device" value="Green_Katapult"/>
							<string name="Table" value="Turrets"/>
						</object>
						
						<object name="TPort_VINTBR">
							<string name="Device" value="Vint_Fletcher"/>
							<string name="Table" value="Turrets"/>
						</object>
						<object name="TPort_VINTBL">
							<string name="Device" value="Vint_Fletcher"/>
							<string name="Table" value="Turrets"/>
						</object> 
						<object name="TPort_VINTFR">
							<string name="Device" value="Vint_Fletcher"/>
							<string name="Table" value="Turrets"/>
						</object>
						<object name="TPort_VINTFL">
							<string name="Device" value="Vint_Fletcher"/>
							<string name="Table" value="Turrets"/>
						</object>	  
						<object name="ZPort_AAGunContr1">
							<string name="Device" value="Aim_AA"/>
							<string name="Table" value="AimSystems"/>
						</object>
						<object name="ZPort_Jammer_US_A1">
							<string name="Device" value=""/>
							<string name="Table" value="Probes"/>
						</object>
						<object name="ZPort_MainGunContr">
							<string name="Device" value="Typ13_M"/>
							<string name="Table" value="AimSystems"/>
						</object>
						<object name="ZPort_Radio">
							<string name="Device" value="J_ShipRadioHF"/>
							<string name="Table" value="Probes"/>
						</object>
						<object name="ZPort_Sonar">
							<string name="Device" value=""/>
							<string name="Table" value="Probes"/>
						</object>
						<object name="ZPort_SteamTurbine_01">
							<string name="Device" value="MPP_Kuma"/>
							<string name="Table" value="Engins"/>
						</object>
					</object>
					<string name="Sonar" value=""/>
					<float name="Speed" value="14."/>
					<string name="SuperRifles" value="Jap_Torp_App_1x.20."/>
					<float name="VolleyWeight" value="1.21599996"/>
					<float name="Weight" value="7157.80859"/>
				</object>
			</object>
		</object>
	</object>
</root>