﻿<?xml version="1.0" standalone="yes" ?>
<root>
	<object name="SteelMonstersParams">
		<object name="Rifles">
			<object name="280_Main_Gun_Deutchland">
				<float name="AARange" value="0."/>
				<string name="Ammo" value="Proj_L_280_G"/>
				<integer name="AmmoStorage" value="120"/>
				<float name="AmmoWeight" value="300."/>
				<string name="ArmPiercing" value="Proj_L_280_G_AP"/>
				<float name="Caliber" value="280."/>
				<string name="HighExp" value="Proj_L_280_G_HE"/>
				<integer name="Country" value="5"/>
				<float name="Dispersion" value="2."/>
				<integer name="FinalSpeed" value="460"/>
				<string name="FireSound" value="Guns\356mm"/>
				<boolean name="IgnoreXMLFile" value="false"/>
				<float name="Money" value="140."/>
				<boolean name="New" value="false"/>
				<float name="ROF" value="2.5"/>
				<float name="Range" value="35.475"/>
				<boolean name="SLLauncher" value="false"/>
				<string name="SMU_File" value="280_Main_Gun_Scharnhorst_Stvol"/>
				<integer name="StartSpeed" value="910"/>
				<integer name="Unreliability" value="0"/>
				<string name="Usage" value="Ships"/>
				<float name="Weight" value="48.2"/>
			</object>
		</object>
		<object name="Turrets">
			<object name="Main_Turret_280_Deutchland_Anton">
				<integer name="Amount" value="3"/>
				<integer name="ArmorFront" value="170"/>
				<integer name="ArmorSide" value="125"/>
				<integer name="ArmorTop" value="170"/>
				<string name="Building" value="Artillery"/>
				<string name="Content" value="Rifles.280_Main_Gun_Deutchland"/>
				<integer name="Country" value="5"/>
				<integer name="Elevation" value="40"/>
				<integer name="ElevationRate" value="8"/>
				<boolean name="IgnoreXMLFile" value="false"/>
				<float name="Iron" value="750."/>
				<float name="Money" value="40."/>
				<boolean name="New" value="false"/>
				<boolean name="Production" value="false"/>
				<integer name="RotationRate" value="7"/>
				<string name="SMU_File" value="280x3_Main_Gun_Scharnhorst_Anton"/>
				<string name="Type" value="Gun"/>
				<float name="Vitality" value="1400."/>
				<float name="Weight" value="590."/>
			</object>
			<object name="Main_Turret_280_Deutchland_Dora">
				<integer name="Amount" value="3"/>
				<integer name="ArmorFront" value="170"/>
				<integer name="ArmorSide" value="125"/>
				<integer name="ArmorTop" value="170"/>
				<string name="Building" value="Artillery"/>
				<string name="Content" value="Rifles.280_Main_Gun_Deutchland"/>
				<integer name="Country" value="5"/>
				<integer name="Elevation" value="40"/>
				<integer name="ElevationRate" value="8"/>
				<boolean name="IgnoreXMLFile" value="false"/>
				<float name="Iron" value="750."/>
				<float name="Money" value="40."/>
				<boolean name="New" value="false"/>
				<boolean name="Production" value="false"/>
				<integer name="RotationRate" value="7"/>
				<string name="SMU_File" value="280x3_Main_Gun_Scharnhorst_Dora"/>
				<string name="Type" value="Gun"/>
				<float name="Vitality" value="1400."/>
				<float name="Weight" value="590."/>
			</object>
		</object>
		<object name="Hit_Location">
			<object name="Deu7858">
				<integer name="Country" value="5"/>
				<float name="ER" value="250."/>
				<string name="Hull" value="Deutchland_Turret_RF"/>
				<string name="Name" value="LRangefinder"/>
				<string name="TypHL" value="Probe"/>
				<string name="UnitName" value="Main_Turret_280_Deutchland_Anton"/>
			</object>
			<object name="Deu7859">
				<integer name="Country" value="5"/>
				<float name="ER" value="250."/>
				<string name="Hull" value="Deutchland_Turret_RF"/>
				<string name="Name" value="RRangefinder"/>
				<string name="TypHL" value="Probe"/>
				<string name="UnitName" value="Main_Turret_280_Deutchland_Anton"/>
			</object>
			<object name="Deu7860">
				<integer name="Country" value="5"/>
				<float name="ER" value="400."/>
				<string name="Hull" value="Deutchland_MTurretV1"/>
				<string name="Name" value="Turret"/>
				<string name="TypHL" value="AmmoStore"/>
				<string name="UnitName" value="Main_Turret_280_Deutchland_Anton"/>
			</object>
			<object name="Deu7861">
				<integer name="Country" value="5"/>
				<float name="ER" value="200."/>
				<string name="Hull" value="Deutchland_MTurretV1_Shakegeban"/>
				<string name="Name" value="Shakegeban"/>
				<string name="TypHL" value="Probe"/>
				<string name="UnitName" value="Main_Turret_280_Deutchland_Anton"/>
			</object>
			<object name="Deu7862">
				<integer name="Country" value="5"/>
				<float name="ER" value="250."/>
				<string name="Hull" value="Deutchland_Turret_RF"/>
				<string name="Name" value="LRangefinder"/>
				<string name="TypHL" value="Probe"/>
				<string name="UnitName" value="Main_Turret_280_Deutchland_Dora"/>
			</object>
			<object name="Deu7863">
				<integer name="Country" value="5"/>
				<float name="ER" value="250."/>
				<string name="Hull" value="Deutchland_Turret_RF"/>
				<string name="Name" value="RRangefinder"/>
				<string name="TypHL" value="Probe"/>
				<string name="UnitName" value="Main_Turret_280_Deutchland_Dora"/>
			</object>
			<object name="Deu7864">
				<integer name="Country" value="5"/>
				<float name="ER" value="400."/>
				<string name="Hull" value="Deutchland_MTurretV1"/>
				<string name="Name" value="Turret"/>
				<string name="TypHL" value="AmmoStore"/>
				<string name="UnitName" value="Main_Turret_280_Deutchland_Dora"/>
			</object>
			<object name="Deu7865">
				<integer name="Country" value="5"/>
				<float name="ER" value="200."/>
				<string name="Hull" value="Deutchland_MTurretV1_Shakegeban"/>
				<string name="Name" value="Shakegeban"/>
				<string name="TypHL" value="Probe"/>
				<string name="UnitName" value="Main_Turret_280_Deutchland_Dora"/>
			</object>
		</object>
		<object name="Hulls">
			<object name="Deutchland_MTurretV1">
				<integer name="Back" value="152"/>
				<integer name="Bottom" value="125"/>
				<integer name="Country" value="5"/>
				<float name="ExplProb" value="10."/>
				<float name="FireProb" value="10."/>
				<integer name="Front" value="140"/>
				<integer name="Left" value="90"/>
				<string name="Material" value="Armored"/>
				<integer name="Right" value="90"/>
				<integer name="Top" value="105"/>
				<integer name="UnitName" value="0"/>
				<string name="UnitTyp" value="Turret"/>
			</object>
			<object name="Deutchland_MTurretV1_Shakegeban">
				<integer name="Back" value="100"/>
				<integer name="Bottom" value="100"/>
				<integer name="Country" value="5"/>
				<float name="ExplProb" value="0."/>
				<float name="FireProb" value="10."/>
				<integer name="Front" value="100"/>
				<integer name="Left" value="100"/>
				<string name="Material" value="Armored"/>
				<integer name="Right" value="100"/>
				<integer name="Top" value="100"/>
				<integer name="UnitName" value="0"/>
				<string name="UnitTyp" value="Turret"/>
			</object>
			<object name="Deutchland_Turret_RF">
				<integer name="Country" value="5"/>
				<integer name="Back" value="100"/>
				<integer name="Bottom" value="125"/>
				<float name="ExplProb" value="0."/>
				<float name="FireProb" value="10."/>
				<integer name="Front" value="100"/>
				<integer name="Left" value="100"/>
				<string name="Material" value="Armored"/>
				<integer name="Right" value="100"/>
				<integer name="Top" value="100"/>
				<integer name="UnitName" value="0"/>
				<string name="UnitTyp" value="Turret"/>
			</object>
		</object>
	</object>
</root>
