﻿<?xml version="1.0" standalone="yes" ?>
<root>
	<object name="SteelMonstersParams">
		<object name="Ships">
			<object name="Mizuho">
				<float name="AccelRate" value="3.e-004"/>
				<string name="Airgroup" value="Floatplane_Carrier_Airgroup_Chitose_japan"/>
				<integer name="AirplanesCount" value="32"/>
				<string name="AmmoLoadingTemplate" value="Ammo 300"/>
				<integer name="BoatsCount" value="12"/>
				<boolean name="BoatsTransportationAbility" value="true"/>
				<integer name="CabinArmor" value="20"/>
				<boolean name="CanBeChanged" value="true"/>
				<boolean name="CanUseTorpedos" value="false"/>
				<string name="CatapultAirgroupDefaultUnit" value="F1M"/>
				<integer name="Country" value="2"/>
				<integer name="Crew" value="700"/>
				<float name="CriticalCareen" value="34."/>
				<float name="CriticalDFT" value="1.9"/>
				<float name="CriticalDifferent" value="2.2"/>
				<float name="DisplacementMax" value="12150."/>
				<float name="DTimeProd" value="80."/>
				<float name="EPR" value="310."/>
				<float name="FireRisk" value="1333."/>
				<float name="Fuel" value="1000."/>
				<float name="HLShapeCoef" value="1.0"/>
				<integer name="HullArmorSide" value="20"/>
				<integer name="HullArmorTop" value="20"/>
				<float name="Iron" value="13000."/>
				<integer name="Length" value="183.6"/>
				<float name="MaxSpeed" value="22."/>
				<integer name="MinCrew" value="150"/>
				<float name="Money" value="4000."/>
				<string name="Name" value="Mizuho"/>
				<boolean name="New" value="false"/>
				<float name="NTimeProd" value="200."/>
				<integer name="Nuc_Dest_Prob" value="400"/>
				<integer name="Passengers" value="500"/>
				<boolean name="PlanesTransportationAbility" value="true"/>
				<float name="Range" value="15000."/>
				<integer name="Rank" value="2"/>
				<string name="SMU" value="Mizuho"/>
				<float name="Speed" value="16."/>
				<float name="StoreCapacity" value="1500."/>
				<boolean name="Transportable" value="false"/>
				<float name="TurnRate" value="1.5e-003"/>
				<integer name="Type" value="8"/>
				<float name="Vitality" value="4000."/>
				<float name="VitalityAA" value="500."/>
				<float name="Weight" value="10292."/>
				<integer name="Width" value="18.8"/>
				<integer name="Year" value="39"/>
			</object>
		</object>
		<object name="Engins">
			<object name="MPP_Mizuho">
				<float name="Consumption" value="5.5e-004"/>
				<integer name="Country" value="2"/>
				<float name="Iron" value="1000."/>
				<float name="Money" value="800."/>
				<integer name="Power_Max" value="15200"/>
				<integer name="RPM_Max" value="0"/>
				<integer name="Type" value="8"/>
				<integer name="Unreliability" value="10"/>
				<string name="Usage" value="Ships"/>
				<float name="Weight" value="1000."/>
			</object>
		</object>
		<object name="ShipsNames">
			<object name="Mizuho">
				<string name="1" value="Mizuho1"/>
			</object>
		</object>
		<object name="UnitsByType">
			<object name="8">
				<object name="Mizuho">
					<string name="ChildTable" value="Ships"/>
				</object>
			</object>
		</object>
	</object>
</root>
