﻿<?xml version="1.0" standalone="yes" ?>
<root>
	<object name="Prototypes">
		<object name="Ships">
			<object name="Mizuho">
				<object name="Slots">

					<object name="TPort_127mmF1">
						<object name="SubSlots">
							<object name="TPort_127mmF2">
								<integer name="icon_x" value="539"/>
								<integer name="icon_y" value="16"/>
							</object>
							<object name="TPort_127mmF3">
								<integer name="icon_x" value="539"/>
								<integer name="icon_y" value="16"/>
							</object>
						</object>
						<integer name="icon_x" value="161"/>
						<integer name="icon_y" value="91"/>
					</object>
					<object name="TPort_AA2x25mmFR">
						<object name="SubSlots">
							<object name="TPort_AA2x25mmFL">
								<integer name="icon_x" value="420"/>
								<integer name="icon_y" value="191"/>
							</object>
							<object name="TPort_AA2x25mmF1">
								<integer name="icon_x" value="420"/>
								<integer name="icon_y" value="191"/>
							</object> 
							<object name="TPort_AA2x25mmF2">
								<integer name="icon_x" value="420"/>
								<integer name="icon_y" value="191"/>
							</object>
							<object name="TPort_AA2x25mmM">
								<integer name="icon_x" value="420"/>
								<integer name="icon_y" value="191"/>
							</object> 
							<object name="TPort_AA2x25mmMR">
								<integer name="icon_x" value="420"/>
								<integer name="icon_y" value="191"/>
							</object> 
							<object name="TPort_AA2x25mmML">
								<integer name="icon_x" value="420"/>
								<integer name="icon_y" value="191"/>
							</object>
							<object name="TPort_AA2x25mmBR">
								<integer name="icon_x" value="420"/>
								<integer name="icon_y" value="191"/>
							</object> 
							<object name="TPort_AA2x25mmBL">
								<integer name="icon_x" value="420"/>
								<integer name="icon_y" value="191"/>
							</object>
						</object>
						<integer name="icon_x" value="22"/>
						<integer name="icon_y" value="91"/>
					</object>
					<object name="TPort_RF_Typ95_02_F1R">
						<object name="SubSlots">
							<object name="TPort_RF_Typ95_02_F1L">
								<integer name="icon_x" value="333"/>
								<integer name="icon_y" value="126"/>
							</object>
							<object name="TPort_RF_Typ95_02_B">
								<integer name="icon_x" value="335"/>
								<integer name="icon_y" value="126"/>
							</object>
						</object>
						<integer name="icon_x" value="100"/>
						<integer name="icon_y" value="185"/>
					</object>
					<object name="TPort_Main_Gun_Director1">
						<integer name="icon_x" value="180"/>
						<integer name="icon_y" value="250"/>
					</object>
					<object name="TPort_Main_Gun_Director2">
						<integer name="icon_x" value="300"/>
						<integer name="icon_y" value="260"/>
					</object>
					<object name="TPort_RADAR1">
						<integer name="icon_x" value="350"/>
						<integer name="icon_y" value="350"/>
					</object>
					<object name="ZPort_AAGunContr1">
						<integer name="icon_x" value="14"/>
						<integer name="icon_y" value="185"/>
					</object>
					<object name="ZPort_Bridge">
						<integer name="icon_x" value="44"/>
						<integer name="icon_y" value="3"/>
					</object>
					<object name="ZPort_FuelTank">
						<integer name="icon_x" value="85"/>
						<integer name="icon_y" value="3"/>
					</object>
					<object name="ZPort_Jammer_JS_A">
						<integer name="icon_x" value="126"/>
						<integer name="icon_y" value="275"/>
					</object>
					<object name="ZPort_Jammer_US_A1">
						<integer name="icon_x" value="554"/>
						<integer name="icon_y" value="277"/>
					</object>
					<object name="ZPort_MainGunContr">
						<integer name="icon_x" value="14"/>
						<integer name="icon_y" value="275"/>
					</object>
					<object name="ZPort_Radio">
						<integer name="icon_x" value="100"/>
						<integer name="icon_y" value="275"/>
					</object>
					<object name="ZPort_Rudder">
						<integer name="icon_x" value="290"/>
						<integer name="icon_y" value="3"/>
					</object>
					<object name="ZPort_Sonar">
						<integer name="icon_x" value="555"/>
						<integer name="icon_y" value="340"/>
					</object>
					<object name="ZPort_Sonar1">
						<integer name="icon_x" value="500"/>
						<integer name="icon_y" value="340"/>
					</object>
					<object name="ZPort_SteamTurbine_01">
						<integer name="icon_x" value="279"/>
						<integer name="icon_y" value="348"/>
					</object>
				</object>
			</object>
		</object>
	</object>
</root>