﻿<?xml version = "1.0" encoding = "UTF-8"?>
<root>
	<object name = "SteelMonstersParams">
		<object name="Ships">
			<object name="Cumberland">
				<float name="AccelRate" value="3.e-004"/>
				<string name="Airgroup" value="Scout_ShipWater_Battleship_Battalion_england"/>
				<integer name="AirplanesCount" value="2"/>
				<string name="AmmoLoadingTemplate" value="Ammo 120"/>
				<boolean name="BoatsTransportationAbility" value="false"/>
				<integer name="CabinArmor" value="165"/>
				<boolean name="CanBeChanged" value="true"/>
				<boolean name="CanUseTorpedos" value="true"/>
				<string name="CatapultAirgroupDefaultUnit" value="Walrus"/>
				<integer name="Country" value="3"/>
				<integer name="Crew" value="700"/>
				<float name="CriticalCareen" value="37."/>
				<float name="CriticalDFT" value="2.1"/>
				<float name="CriticalDifferent" value="2.4"/>
				<float name="DTimeProd" value="100."/>
				<float name="DisplacementMax" value="13450."/>
				<float name="EPR" value="405."/>
				<float name="FireRisk" value="1467."/>
				<float name="Fuel" value="3400."/>
				<float name="HLShapeCoef" value="0.8"/>
				<integer name="HullArmorSide" value="152"/>
				<integer name="HullArmorTop" value="130"/>
				<float name="Iron" value="15500."/>
				<integer name="Length" value="201.2"/>
				<float name="MaxSpeed" value="32."/>
				<integer name="MinCrew" value="513"/>
				<float name="Money" value="22000."/>
				<float name="NTimeProd" value="250."/>
				<string name="Name" value="Cumberland"/>
				<boolean name="New" value="true"/>
				<integer name="Nuc_Dest_Prob" value="400"/>
				<integer name="Passengers" value="50"/>
				<boolean name="PlanesTransportationAbility" value="false"/>
				<float name="Range" value="23940."/>
				<integer name="Rank" value="2"/>
				<string name="SMU" value="Cumberland"/>
				<float name="Speed" value="12."/>
				<float name="StoreCapacity" value="1000."/>
				<boolean name="Transportable" value="false"/>
				<float name="TurnRate" value="1.5e-003"/>
				<integer name="Type" value="2"/>
				<float name="Vitality" value="7000."/>
				<float name="VitalityAA" value="1000."/>
				<float name="Weight" value="9750."/>
				<integer name="Width" value="20.7"/>
				<integer name="Year" value="39"/>
			</object>
		</object>
		<object name="Engins">
			<object name="MPP_Kent">
				<float name="Consumption" value="7.2e-004"/>
				<integer name="Country" value="3"/>
				<float name="Money" value="12000."/>
				<integer name="Power_Max" value="80000"/>
				<integer name="RPM_Max" value="0"/>
				<integer name="Type" value="8"/>
				<integer name="Unreliability" value="10"/>
				<string name="Usage" value="Ships"/>
				<float name="Weight" value="1300."/>
			</object>
		</object>
		<object name="Hit_Location">
			<object name="Cum1796">
				<string name="ConnectName" value="Tiller"/>
				<integer name="Country" value="3"/>
				<float name="ER" value="150."/>
				<string name="Hull" value="Std_Rudder"/>
				<string name="Name" value="Rudder"/>
				<string name="TypHL" value="Rudder"/>
				<string name="UnitName" value="Cumberland"/>
			</object>
			<object name="Cum1797">
				<string name="ConnectName" value="Middle5_REngine"/>
				<integer name="Country" value="3"/>
				<float name="ER" value="150."/>
				<string name="Hull" value="Std_Mover"/>
				<string name="Name" value="Mover4"/>
				<string name="TypHL" value="Mover"/>
				<string name="UnitName" value="Cumberland"/>
			</object>
			<object name="Cum1798">
				<string name="ConnectName" value="Middle5_LEngine"/>
				<integer name="Country" value="3"/>
				<float name="ER" value="150."/>
				<string name="Hull" value="Std_Mover"/>
				<string name="Name" value="Mover3"/>
				<string name="TypHL" value="Mover"/>
				<string name="UnitName" value="Cumberland"/>
			</object>
			<object name="Cum1799">
				<string name="ConnectName" value="Middle4_LEngine"/>
				<integer name="Country" value="3"/>
				<float name="ER" value="150."/>
				<string name="Hull" value="Std_Mover"/>
				<string name="Name" value="Mover1"/>
				<string name="TypHL" value="Mover"/>
				<string name="UnitName" value="Cumberland"/>
			</object>
			<object name="Cum1800">
				<string name="ConnectName" value="Middle4_REngine"/>
				<integer name="Country" value="3"/>
				<float name="ER" value="150."/>
				<string name="Hull" value="Std_Mover"/>
				<string name="Name" value="Mover2"/>
				<string name="TypHL" value="Mover"/>
				<string name="UnitName" value="Cumberland"/>
			</object>
			<object name="Cum1801">
				<integer name="Country" value="3"/>
				<float name="ER" value="245."/>
				<string name="Hull" value="Cumberland_Barbet"/>
				<string name="Name" value="Barbet2"/>
				<string name="TypHL" value="AmmoStore"/>
				<string name="UnitName" value="Cumberland"/>
			</object>
			<object name="Cum1802">
				<integer name="Country" value="3"/>
				<float name="ER" value="245."/>
				<string name="Hull" value="Cumberland_Barbet"/>
				<string name="Name" value="Barbet1"/>
				<string name="TypHL" value="AmmoStore"/>
				<string name="UnitName" value="Cumberland"/>
			</object>
			<object name="Cum1803">
				<integer name="Country" value="3"/>
				<float name="ER" value="245."/>
				<string name="Hull" value="Cumberland_Barbet"/>
				<string name="Name" value="Barbet3"/>
				<string name="TypHL" value="AmmoStore"/>
				<string name="UnitName" value="Cumberland"/>
			</object>
			<object name="Cum1804">
				<integer name="Country" value="3"/>
				<float name="ER" value="245."/>
				<string name="Hull" value="Cumberland_Barbet"/>
				<string name="Name" value="Barbet4"/>
				<string name="TypHL" value="AmmoStore"/>
				<string name="UnitName" value="Cumberland"/>
			</object>
			<object name="Cum1805">
				<integer name="Country" value="3"/>
				<float name="ER" value="100."/>
				<string name="Hull" value="Cumberland_BattleCabine"/>
				<string name="Name" value="BattleCabine"/>
				<string name="TypHL" value="Hull"/>
				<string name="UnitName" value="Cumberland"/>
			</object>
			<object name="Cum1806">
				<integer name="Country" value="3"/>
				<float name="ER" value="50."/>
				<string name="Hull" value="Std_Probe"/>
				<string name="Name" value="Probe_AA_Bow"/>
				<string name="TypHL" value="Probe"/>
				<string name="UnitName" value="Cumberland"/>
			</object>
			<object name="Cum1807">
				<integer name="Country" value="3"/>
				<float name="ER" value="50."/>
				<string name="Hull" value="Std_Probe"/>
				<string name="Name" value="Probe_AA_Stern"/>
				<string name="TypHL" value="Probe"/>
				<string name="UnitName" value="Cumberland"/>
			</object>
			<object name="Cum1809">
				<integer name="Country" value="3"/>
				<float name="ER" value="245."/>
				<string name="Hull" value="Cumberland_AS_T1"/>
				<string name="Name" value="AmmoStore1_1"/>
				<string name="TypHL" value="AmmoStore"/>
				<string name="UnitName" value="Cumberland"/>
			</object>
			<object name="Cum1810">
				<integer name="Country" value="3"/>
				<float name="ER" value="245."/>
				<string name="Hull" value="Cumberland_AS_T1"/>
				<string name="Name" value="AmmoStore1_2"/>
				<string name="TypHL" value="AmmoStore"/>
				<string name="UnitName" value="Cumberland"/>
			</object>
			<object name="Cum1811">
				<integer name="Country" value="3"/>
				<float name="ER" value="245."/>
				<string name="Hull" value="Cumberland_AS_T1"/>
				<string name="Name" value="AmmoStore2_1"/>
				<string name="TypHL" value="AmmoStore"/>
				<string name="UnitName" value="Cumberland"/>
			</object>
			<object name="Cum1812">
				<integer name="Country" value="3"/>
				<float name="ER" value="245."/>
				<string name="Hull" value="Cumberland_AS_T1"/>
				<string name="Name" value="AmmoStore2_2"/>
				<string name="TypHL" value="AmmoStore"/>
				<string name="UnitName" value="Cumberland"/>
			</object>
			<object name="Cum1813">
				<integer name="Country" value="3"/>
				<float name="ER" value="200."/>
				<string name="Hull" value="Cumberland_MiddleDeck"/>
				<string name="Name" value="Bow2_MiddleDeck"/>
				<string name="TypHL" value="Hull"/>
				<string name="UnitName" value="Cumberland"/>
			</object>
			<object name="Cum1814">
				<integer name="Country" value="3"/>
				<float name="ER" value="150."/>
				<string name="Hull" value="Cumberland_Bottom"/>
				<string name="Name" value="Bow2_Bottom"/>
				<string name="TypHL" value="Hull"/>
				<string name="UnitName" value="Cumberland"/>
			</object>
			<object name="Cum1815">
				<integer name="Country" value="3"/>
				<float name="ER" value="200."/>
				<string name="Hull" value="Cumberland_UpperDeck1"/>
				<string name="Name" value="Bow2_UpperDeck"/>
				<string name="TypHL" value="Hull"/>
				<string name="UnitName" value="Cumberland"/>
			</object>
			<object name="Cum1817">
				<integer name="Country" value="3"/>
				<float name="ER" value="150."/>
				<string name="Hull" value="Cumberland_Bottom"/>
				<string name="Name" value="Middle1_RBottom"/>
				<string name="TypHL" value="FuelTank"/>
				<string name="UnitName" value="Cumberland"/>
			</object>
			<object name="Cum1818">
				<integer name="Country" value="3"/>
				<float name="ER" value="150."/>
				<string name="Hull" value="Cumberland_Bottom"/>
				<string name="Name" value="Middle1_LBottom"/>
				<string name="TypHL" value="FuelTank"/>
				<string name="UnitName" value="Cumberland"/>
			</object>
			<object name="Cum1819">
				<integer name="Country" value="3"/>
				<float name="ER" value="200."/>
				<string name="Hull" value="Cumberland_MiddleDeck"/>
				<string name="Name" value="Middle1_MiddleDeck"/>
				<string name="TypHL" value="Hull"/>
				<string name="UnitName" value="Cumberland"/>
			</object>
			<object name="Cum1820">
				<integer name="Country" value="3"/>
				<float name="ER" value="245."/>
				<string name="Hull" value="Cumberland_AS_Cover"/>
				<string name="Name" value="Universal_AmmoStore_Cover"/>
				<string name="TypHL" value="Hull"/>
				<string name="UnitName" value="Cumberland"/>
			</object>
			<object name="Cum1821">
				<integer name="Country" value="3"/>
				<float name="ER" value="50."/>
				<string name="Hull" value="Std_Probe"/>
				<string name="Name" value="Probe_MainGun"/>
				<string name="TypHL" value="Probe"/>
				<string name="UnitName" value="Cumberland"/>
			</object>
			<object name="Cum1822">
				<integer name="Country" value="3"/>
				<float name="ER" value="50."/>
				<string name="Hull" value="Std_Probe"/>
				<string name="Name" value="Radar"/>
				<string name="TypHL" value="Probe"/>
				<string name="UnitName" value="Cumberland"/>
			</object>
			<object name="Cum1823">
				<integer name="Country" value="3"/>
				<float name="ER" value="50."/>
				<string name="Hull" value="Std_Probe"/>
				<string name="Name" value="Radio"/>
				<string name="TypHL" value="Probe"/>
				<string name="UnitName" value="Cumberland"/>
			</object>
			<object name="Cum1824">
				<integer name="Country" value="3"/>
				<float name="ER" value="245."/>
				<string name="Hull" value="Cumberland_AS_T1"/>
				<string name="Name" value="Universal_AmmoStore"/>
				<string name="TypHL" value="AmmoStore"/>
				<string name="UnitName" value="Cumberland"/>
			</object>
			<object name="Cum1825">
				<integer name="Country" value="3"/>
				<float name="ER" value="200."/>
				<string name="Hull" value="Cumberland_BeltDeck"/>
				<string name="Name" value="Middle1_UpperDeck"/>
				<string name="TypHL" value="Hull"/>
				<string name="UnitName" value="Cumberland"/>
			</object>
			<object name="Cum1826">
				<integer name="Country" value="3"/>
				<float name="ER" value="200."/>
				<string name="Hull" value="Cumberland_UpperDeck2"/>
				<string name="Name" value="Middle1_UpperDeck2"/>
				<string name="TypHL" value="Hull"/>
				<string name="UnitName" value="Cumberland"/>
			</object>
			<object name="Cum1828">
				<integer name="Country" value="3"/>
				<float name="ER" value="200."/>
				<string name="Hull" value="Cumberland_MiddleDeck"/>
				<string name="Name" value="Middle2_MiddleDeck"/>
				<string name="TypHL" value="Hull"/>
				<string name="UnitName" value="Cumberland"/>
			</object>
			<object name="Cum1829">
				<integer name="Country" value="3"/>
				<float name="ER" value="100."/>
				<string name="Hull" value="Std_Boiler"/>
				<string name="Name" value="Middle2_Boiler1"/>
				<string name="TypHL" value="Boiler"/>
				<string name="UnitName" value="Cumberland"/>
			</object>
			<object name="Cum1830">
				<integer name="Country" value="3"/>
				<float name="ER" value="100."/>
				<string name="Hull" value="Std_Boiler"/>
				<string name="Name" value="Middle2_Boiler2"/>
				<string name="TypHL" value="Boiler"/>
				<string name="UnitName" value="Cumberland"/>
			</object>
			<object name="Cum1831">
				<integer name="Country" value="3"/>
				<float name="ER" value="150."/>
				<string name="Hull" value="Cumberland_LAMP"/>
				<string name="Name" value="Middle2_LAMP"/>
				<string name="TypHL" value="Hull"/>
				<string name="UnitName" value="Cumberland"/>
			</object>
			<object name="Cum1832">
				<integer name="Country" value="3"/>
				<float name="ER" value="150."/>
				<string name="Hull" value="Cumberland_RAMP"/>
				<string name="Name" value="Middle2_RAMP"/>
				<string name="TypHL" value="Hull"/>
				<string name="UnitName" value="Cumberland"/>
			</object>
			<object name="Cum1833">
				<integer name="Country" value="3"/>
				<float name="ER" value="200."/>
				<string name="Hull" value="Cumberland_LBelt"/>
				<string name="Name" value="Middle2_LBelt"/>
				<string name="TypHL" value="Hull"/>
				<string name="UnitName" value="Cumberland"/>
			</object>
			<object name="Cum1834">
				<integer name="Country" value="3"/>
				<float name="ER" value="200."/>
				<string name="Hull" value="Cumberland_RBelt"/>
				<string name="Name" value="Middle2_RBelt"/>
				<string name="TypHL" value="Hull"/>
				<string name="UnitName" value="Cumberland"/>
			</object>
			<object name="Cum1835">
				<integer name="Country" value="3"/>
				<float name="ER" value="200."/>
				<string name="Hull" value="Cumberland_UpperDeck2"/>
				<string name="Name" value="Middle2_UpperDeck"/>
				<string name="TypHL" value="Hull"/>
				<string name="UnitName" value="Cumberland"/>
			</object>
			<object name="Cum1836">
				<integer name="Country" value="3"/>
				<float name="ER" value="200."/>
				<string name="Hull" value="Cumberland_UpperDeck2"/>
				<string name="Name" value="Middle2_UpperDeck2"/>
				<string name="TypHL" value="Hull"/>
				<string name="UnitName" value="Cumberland"/>
			</object>
			<object name="Cum1837">
				<integer name="Country" value="3"/>
				<float name="ER" value="150."/>
				<string name="Hull" value="Cumberland_Bottom"/>
				<string name="Name" value="Middle2_RBottom"/>
				<string name="TypHL" value="FuelTank"/>
				<string name="UnitName" value="Cumberland"/>
			</object>
			<object name="Cum1838">
				<integer name="Country" value="3"/>
				<float name="ER" value="150."/>
				<string name="Hull" value="Cumberland_Bottom"/>
				<string name="Name" value="Middle2_LBottom"/>
				<string name="TypHL" value="FuelTank"/>
				<string name="UnitName" value="Cumberland"/>
			</object>
			<object name="Cum1840">
				<integer name="Country" value="3"/>
				<float name="ER" value="200."/>
				<string name="Hull" value="Cumberland_MiddleDeck"/>
				<string name="Name" value="Middle3_MiddleDeck"/>
				<string name="TypHL" value="Hull"/>
				<string name="UnitName" value="Cumberland"/>
			</object>
			<object name="Cum1841">
				<integer name="Country" value="3"/>
				<float name="ER" value="100."/>
				<string name="Hull" value="Std_Boiler"/>
				<string name="Name" value="Middle3_Boiler1"/>
				<string name="TypHL" value="Boiler"/>
				<string name="UnitName" value="Cumberland"/>
			</object>
			<object name="Cum1842">
				<integer name="Country" value="3"/>
				<float name="ER" value="100."/>
				<string name="Hull" value="Std_Boiler"/>
				<string name="Name" value="Middle3_Boiler2"/>
				<string name="TypHL" value="Boiler"/>
				<string name="UnitName" value="Cumberland"/>
			</object>
			<object name="Cum1843">
				<integer name="Country" value="3"/>
				<float name="ER" value="150."/>
				<string name="Hull" value="Cumberland_Bottom"/>
				<string name="Name" value="Middle3_LBottom"/>
				<string name="TypHL" value="FuelTank"/>
				<string name="UnitName" value="Cumberland"/>
			</object>
			<object name="Cum1844">
				<integer name="Country" value="3"/>
				<float name="ER" value="150."/>
				<string name="Hull" value="Cumberland_Bottom"/>
				<string name="Name" value="Middle3_RBottom"/>
				<string name="TypHL" value="FuelTank"/>
				<string name="UnitName" value="Cumberland"/>
			</object>
			<object name="Cum1845">
				<integer name="Country" value="3"/>
				<float name="ER" value="150."/>
				<string name="Hull" value="Cumberland_LAMP"/>
				<string name="Name" value="Middle3_LAMP"/>
				<string name="TypHL" value="Hull"/>
				<string name="UnitName" value="Cumberland"/>
			</object>
			<object name="Cum1846">
				<integer name="Country" value="3"/>
				<float name="ER" value="150."/>
				<string name="Hull" value="Cumberland_RAMP"/>
				<string name="Name" value="Middle3_RAMP"/>
				<string name="TypHL" value="Hull"/>
				<string name="UnitName" value="Cumberland"/>
			</object>
			<object name="Cum1847">
				<integer name="Country" value="3"/>
				<float name="ER" value="200."/>
				<string name="Hull" value="Cumberland_RBelt"/>
				<string name="Name" value="Middle3_RBelt"/>
				<string name="TypHL" value="Hull"/>
				<string name="UnitName" value="Cumberland"/>
			</object>
			<object name="Cum1848">
				<integer name="Country" value="3"/>
				<float name="ER" value="200."/>
				<string name="Hull" value="Cumberland_LBelt"/>
				<string name="Name" value="Middle3_LBelt"/>
				<string name="TypHL" value="Hull"/>
				<string name="UnitName" value="Cumberland"/>
			</object>
			<object name="Cum1849">
				<integer name="Country" value="3"/>
				<float name="ER" value="200."/>
				<string name="Hull" value="Cumberland_UpperDeck2"/>
				<string name="Name" value="Middle3_UpperDeck"/>
				<string name="TypHL" value="Hull"/>
				<string name="UnitName" value="Cumberland"/>
			</object>
			<object name="Cum1850">
				<integer name="Country" value="3"/>
				<float name="ER" value="200."/>
				<string name="Hull" value="Cumberland_UpperDeck2"/>
				<string name="Name" value="Middle3_UpperDeck2"/>
				<string name="TypHL" value="Hull"/>
				<string name="UnitName" value="Cumberland"/>
			</object>
			<object name="Cum1852">
				<integer name="Country" value="3"/>
				<float name="ER" value="200."/>
				<string name="Hull" value="Cumberland_LBelt"/>
				<string name="Name" value="Middle4_LBelt"/>
				<string name="TypHL" value="Hull"/>
				<string name="UnitName" value="Cumberland"/>
			</object>
			<object name="Cum1853">
				<integer name="Country" value="3"/>
				<float name="ER" value="200."/>
				<string name="Hull" value="Cumberland_MiddleDeck"/>
				<string name="Name" value="Middle4_MiddleDeck"/>
				<string name="TypHL" value="Hull"/>
				<string name="UnitName" value="Cumberland"/>
			</object>
			<object name="Cum1854">
				<string name="ConnectName" value="Middle2_Boiler1;Middle2_Boiler2;Middle3_Boiler1;Middle3_Boiler2;"/>
				<integer name="Country" value="3"/>
				<float name="ER" value="150."/>
				<string name="Hull" value="Std_Engine"/>
				<string name="Name" value="Middle4_LEngine"/>
				<string name="TypHL" value="Engine"/>
				<string name="UnitName" value="Cumberland"/>
			</object>
			<object name="Cum1855">
				<string name="ConnectName" value="Middle2_Boiler1;Middle2_Boiler2;Middle3_Boiler1;Middle3_Boiler2"/>
				<integer name="Country" value="3"/>
				<float name="ER" value="150."/>
				<string name="Hull" value="Std_Engine"/>
				<string name="Name" value="Middle4_REngine"/>
				<string name="TypHL" value="Engine"/>
				<string name="UnitName" value="Cumberland"/>
			</object>
			<object name="Cum1856">
				<integer name="Country" value="3"/>
				<float name="ER" value="150."/>
				<string name="Hull" value="Cumberland_LAMP"/>
				<string name="Name" value="Middle4_LAMP"/>
				<string name="TypHL" value="Hull"/>
				<string name="UnitName" value="Cumberland"/>
			</object>
			<object name="Cum1857">
				<integer name="Country" value="3"/>
				<float name="ER" value="150."/>
				<string name="Hull" value="Cumberland_RAMP"/>
				<string name="Name" value="Middle4_RAMP"/>
				<string name="TypHL" value="Hull"/>
				<string name="UnitName" value="Cumberland"/>
			</object>
			<object name="Cum1858">
				<integer name="Country" value="3"/>
				<float name="ER" value="200."/>
				<string name="Hull" value="Cumberland_RBelt"/>
				<string name="Name" value="Middle4_RBelt"/>
				<string name="TypHL" value="Hull"/>
				<string name="UnitName" value="Cumberland"/>
			</object>
			<object name="Cum1859">
				<integer name="Country" value="3"/>
				<float name="ER" value="200."/>
				<string name="Hull" value="Cumberland_BeltDeck"/>
				<string name="Name" value="Middle4_UpperDeck"/>
				<string name="TypHL" value="Hull"/>
				<string name="UnitName" value="Cumberland"/>
			</object>
			<object name="Cum1860">
				<integer name="Country" value="3"/>
				<float name="ER" value="200."/>
				<string name="Hull" value="Cumberland_UpperDeck2"/>
				<string name="Name" value="Middle4_UpperDeck2"/>
				<string name="TypHL" value="Hull"/>
				<string name="UnitName" value="Cumberland"/>
			</object>
			<object name="Cum1861">
				<integer name="Country" value="3"/>
				<float name="ER" value="150."/>
				<string name="Hull" value="Cumberland_Bottom"/>
				<string name="Name" value="Middle4_LBottom"/>
				<string name="TypHL" value="FuelTank"/>
				<string name="UnitName" value="Cumberland"/>
			</object>
			<object name="Cum1862">
				<integer name="Country" value="3"/>
				<float name="ER" value="150."/>
				<string name="Hull" value="Cumberland_Bottom"/>
				<string name="Name" value="Middle4_RBottom"/>
				<string name="TypHL" value="FuelTank"/>
				<string name="UnitName" value="Cumberland"/>
			</object>
			<object name="Cum1864">
				<integer name="Country" value="3"/>
				<float name="ER" value="150."/>
				<string name="Hull" value="Cumberland_RAMP"/>
				<string name="Name" value="Middle5_RAMP"/>
				<string name="TypHL" value="Hull"/>
				<string name="UnitName" value="Cumberland"/>
			</object>
			<object name="Cum1865">
				<integer name="Country" value="3"/>
				<float name="ER" value="150."/>
				<string name="Hull" value="Cumberland_LAMP"/>
				<string name="Name" value="Middle5_LAMP"/>
				<string name="TypHL" value="Hull"/>
				<string name="UnitName" value="Cumberland"/>
			</object>
			<object name="Cum1866">
				<integer name="Country" value="3"/>
				<float name="ER" value="200."/>
				<string name="Hull" value="Cumberland_MiddleDeck"/>
				<string name="Name" value="Middle5_MiddleDeck"/>
				<string name="TypHL" value="Hull"/>
				<string name="UnitName" value="Cumberland"/>
			</object>
			<object name="Cum1867">
				<string name="ConnectName" value="Middle2_Boiler1;Middle2_Boiler2;Middle3_Boiler1;Middle3_Boiler2"/>
				<integer name="Country" value="3"/>
				<float name="ER" value="150."/>
				<string name="Hull" value="Std_Engine"/>
				<string name="Name" value="Middle5_LEngine"/>
				<string name="TypHL" value="Engine"/>
				<string name="UnitName" value="Cumberland"/>
			</object>
			<object name="Cum1868">
				<string name="ConnectName" value="Middle2_Boiler1;Middle2_Boiler2;Middle3_Boiler1;Middle3_Boiler2;"/>
				<integer name="Country" value="3"/>
				<float name="ER" value="150."/>
				<string name="Hull" value="Std_Engine"/>
				<string name="Name" value="Middle5_REngine"/>
				<string name="TypHL" value="Engine"/>
				<string name="UnitName" value="Cumberland"/>
			</object>
			<object name="Cum1869">
				<integer name="Country" value="3"/>
				<float name="ER" value="200."/>
				<string name="Hull" value="Cumberland_RBelt"/>
				<string name="Name" value="Middle5_RBelt"/>
				<string name="TypHL" value="Hull"/>
				<string name="UnitName" value="Cumberland"/>
			</object>
			<object name="Cum1870">
				<integer name="Country" value="3"/>
				<float name="ER" value="200."/>
				<string name="Hull" value="Cumberland_LBelt"/>
				<string name="Name" value="Middle5_LBelt"/>
				<string name="TypHL" value="Hull"/>
				<string name="UnitName" value="Cumberland"/>
			</object>
			<object name="Cum1871">
				<integer name="Country" value="3"/>
				<float name="ER" value="200."/>
				<string name="Hull" value="Cumberland_UpperDeck2"/>
				<string name="Name" value="Middle5_UpperDeck"/>
				<string name="TypHL" value="Hull"/>
				<string name="UnitName" value="Cumberland"/>
			</object>
			<object name="Cum1872">
				<integer name="Country" value="3"/>
				<float name="ER" value="200."/>
				<string name="Hull" value="Cumberland_UpperDeck2"/>
				<string name="Name" value="Middle5_UpperDeck2"/>
				<string name="TypHL" value="Hull"/>
				<string name="UnitName" value="Cumberland"/>
			</object>
			<object name="Cum1873">
				<integer name="Country" value="3"/>
				<float name="ER" value="150."/>
				<string name="Hull" value="Cumberland_Bottom"/>
				<string name="Name" value="Middle5_LBottom"/>
				<string name="TypHL" value="FuelTank"/>
				<string name="UnitName" value="Cumberland"/>
			</object>
			<object name="Cum1874">
				<integer name="Country" value="3"/>
				<float name="ER" value="150."/>
				<string name="Hull" value="Cumberland_Bottom"/>
				<string name="Name" value="Middle5_RBottom"/>
				<string name="TypHL" value="FuelTank"/>
				<string name="UnitName" value="Cumberland"/>
			</object>
			<object name="Cum1876">
				<integer name="Country" value="3"/>
				<float name="ER" value="150."/>
				<string name="Hull" value="Cumberland_Bottom"/>
				<string name="Name" value="Stern1_Bottom"/>
				<string name="TypHL" value="Hull"/>
				<string name="UnitName" value="Cumberland"/>
			</object>
			<object name="Cum1877">
				<integer name="Country" value="3"/>
				<float name="ER" value="200."/>
				<string name="Hull" value="Cumberland_MiddleDeck"/>
				<string name="Name" value="Stern1_MiddleDeck"/>
				<string name="TypHL" value="Hull"/>
				<string name="UnitName" value="Cumberland"/>
			</object>
			<object name="Cum1878">
				<integer name="Country" value="3"/>
				<float name="ER" value="245."/>
				<string name="Hull" value="Cumberland_AS_T1"/>
				<string name="Name" value="AmmoStore4_1"/>
				<string name="TypHL" value="AmmoStore"/>
				<string name="UnitName" value="Cumberland"/>
			</object>
			<object name="Cum1879">
				<integer name="Country" value="3"/>
				<float name="ER" value="245."/>
				<string name="Hull" value="Cumberland_AS_T1"/>
				<string name="Name" value="AmmoStore3_1"/>
				<string name="TypHL" value="AmmoStore"/>
				<string name="UnitName" value="Cumberland"/>
			</object>
			<object name="Cum1880">
				<integer name="Country" value="3"/>
				<float name="ER" value="245."/>
				<string name="Hull" value="Cumberland_AS_T1"/>
				<string name="Name" value="AmmoStore3_2"/>
				<string name="TypHL" value="AmmoStore"/>
				<string name="UnitName" value="Cumberland"/>
			</object>
			<object name="Cum1881">
				<integer name="Country" value="3"/>
				<float name="ER" value="245."/>
				<string name="Hull" value="Cumberland_AS_T1"/>
				<string name="Name" value="AmmoStore4_2"/>
				<string name="TypHL" value="AmmoStore"/>
				<string name="UnitName" value="Cumberland"/>
			</object>
			<object name="Cum1882">
				<integer name="Country" value="3"/>
				<float name="ER" value="200."/>
				<string name="Hull" value="Cumberland_UpperDeck1"/>
				<string name="Name" value="Stern1_UpperDeck"/>
				<string name="TypHL" value="Hull"/>
				<string name="UnitName" value="Cumberland"/>
			</object>
			<object name="Cum1883">
				<integer name="Country" value="3"/>
				<float name="ER" value="200."/>
				<string name="Hull" value="Cumberland_UpperDeck1"/>
				<string name="Name" value="Stern2_Deck"/>
				<string name="TypHL" value="Hull"/>
				<string name="UnitName" value="Cumberland"/>
			</object>
			<object name="Cum1884">
				<integer name="Country" value="3"/>
				<float name="ER" value="150."/>
				<string name="Hull" value="Std_Hull"/>
				<string name="Name" value="Tiller"/>
				<string name="TypHL" value="Hull"/>
				<string name="UnitName" value="Cumberland"/>
			</object>
			<object name="Cum1885">
				<integer name="Country" value="3"/>
				<float name="ER" value="150."/>
				<string name="Hull" value="Cumberland_Bottom"/>
				<string name="Name" value="Bow1_Bottom"/>
				<string name="TypHL" value="Hull"/>
				<string name="UnitName" value="Cumberland"/>
			</object>
			<object name="Cum1886">
				<integer name="Country" value="3"/>
				<float name="ER" value="200."/>
				<string name="Hull" value="Cumberland_MiddleDeck"/>
				<string name="Name" value="Bow1_MiddleDeck"/>
				<string name="TypHL" value="Hull"/>
				<string name="UnitName" value="Cumberland"/>
			</object>
			<object name="Cum1887">
				<integer name="Country" value="3"/>
				<float name="ER" value="200."/>
				<string name="Hull" value="Cumberland_UpperDeck1"/>
				<string name="Name" value="Bow1_UpperDeck"/>
				<string name="TypHL" value="Hull"/>
				<string name="UnitName" value="Cumberland"/>
			</object>
			<object name="Cum5089">
				<integer name="Country" value="3"/>
				<integer name="Crew" value="200"/>
				<float name="ER" value="100."/>
				<string name="Hull" value="Std_CAUpperHull"/>
				<string name="Name" value="Bow_MSuperstructure"/>
				<string name="TypHL" value="Crew"/>
				<string name="UnitName" value="Cumberland"/>
			</object>
			<object name="Cum5090">
				<integer name="Country" value="3"/>
				<float name="ER" value="100."/>
				<string name="Hull" value="Std_CAUpperHull"/>
				<string name="Name" value="Bow_TSuperstructure"/>
				<string name="TypHL" value="Hull"/>
				<string name="UnitName" value="Cumberland"/>
			</object>
			<object name="Cum5091">
				<integer name="Country" value="3"/>
				<integer name="Crew" value="200"/>
				<float name="ER" value="100."/>
				<string name="Hull" value="Std_CAUpperHull"/>
				<string name="Name" value="Bow_LSuperstrukture_1"/>
				<string name="TypHL" value="Crew"/>
				<string name="UnitName" value="Cumberland"/>
			</object>
			<object name="Cum5092">
				<integer name="Country" value="3"/>
				<integer name="Crew" value="200"/>
				<float name="ER" value="100."/>
				<string name="Hull" value="Std_CAUpperHull"/>
				<string name="Name" value="Bow_LSuperstructure_2"/>
				<string name="TypHL" value="Crew"/>
				<string name="UnitName" value="Cumberland"/>
			</object>
			<object name="Cum5093">
				<integer name="Country" value="3"/>
				<integer name="Crew" value="200"/>
				<float name="ER" value="100."/>
				<string name="Hull" value="Std_CAUpperHull"/>
				<string name="Name" value="Stern_LSuperstructure"/>
				<string name="TypHL" value="Crew"/>
				<string name="UnitName" value="Cumberland"/>
			</object>
			<object name="Cum5094">
				<integer name="Country" value="3"/>
				<integer name="Crew" value="200"/>
				<float name="ER" value="100."/>
				<string name="Hull" value="Std_CAUpperHull"/>
				<string name="Name" value="Stern_TSuperstructure"/>
				<string name="TypHL" value="Crew"/>
				<string name="UnitName" value="Cumberland"/>
			</object>
			<object name="Cum7715">
				<integer name="Country" value="3"/>
				<float name="ER" value="100."/>
				<string name="Hull" value="Std_SmokeStack"/>
				<string name="Name" value="SmokeStack_Bow"/>
				<string name="TypHL" value="Hull"/>
				<string name="UnitName" value="Cumberland"/>
			</object>
			<object name="Cum7716">
				<integer name="Country" value="3"/>
				<float name="ER" value="100."/>
				<string name="Hull" value="Std_SmokeStack"/>
				<string name="Name" value="SmokeStack_Middle"/>
				<string name="TypHL" value="Hull"/>
				<string name="UnitName" value="Cumberland"/>
			</object>
			<object name="Cum7717">
				<integer name="Country" value="3"/>
				<float name="ER" value="100."/>
				<string name="Hull" value="Std_SmokeStack"/>
				<string name="Name" value="SmokeStack_Stern"/>
				<string name="TypHL" value="Hull"/>
				<string name="UnitName" value="Cumberland"/>
			</object>
		</object>
		<object name="Hulls">
			<object name="Cumberland_AS_Cover">
				<integer name="Back" value="10"/>
				<integer name="Bottom" value="30"/>
				<integer name="Country" value="3"/>
				<float name="ExplProb" value="10."/>
				<float name="FireProb" value="20."/>
				<integer name="Front" value="10"/>
				<integer name="Left" value="10"/>
				<string name="Material" value="Armored"/>
				<integer name="Right" value="10"/>
				<integer name="Top" value="64"/>
				<integer name="UnitName" value="0"/>
				<string name="UnitTyp" value="Ship"/>
			</object>
			<object name="Cumberland_AS_T1">
				<integer name="Back" value="102"/>
				<integer name="Bottom" value="20"/>
				<integer name="Country" value="3"/>
				<float name="ExplProb" value="10."/>
				<float name="FireProb" value="20."/>
				<integer name="Front" value="102"/>
				<integer name="Left" value="102"/>
				<string name="Material" value="Armored"/>
				<integer name="Right" value="102"/>
				<integer name="Top" value="102"/>
				<integer name="UnitName" value="0"/>
				<string name="UnitTyp" value="Ship"/>
			</object>
			<object name="Cumberland_Barbet">
				<integer name="Back" value="102"/>
				<integer name="Bottom" value="102"/>
				<integer name="Country" value="3"/>
				<float name="ExplProb" value="30."/>
				<float name="FireProb" value="20."/>
				<integer name="Front" value="102"/>
				<integer name="Left" value="102"/>
				<string name="Material" value="Armored"/>
				<integer name="Right" value="102"/>
				<integer name="Top" value="25"/>
				<integer name="UnitName" value="0"/>
				<string name="UnitTyp" value="Ship"/>
			</object>
			<object name="Cumberland_BattleCabine">
				<integer name="Back" value="25"/>
				<integer name="Bottom" value="25"/>
				<integer name="Country" value="3"/>
				<float name="ExplProb" value="0."/>
				<float name="FireProb" value="20."/>
				<integer name="Front" value="25"/>
				<integer name="Left" value="25"/>
				<string name="Material" value="Armored"/>
				<integer name="Right" value="25"/>
				<integer name="Top" value="25"/>
				<integer name="UnitName" value="0"/>
				<string name="UnitTyp" value="Ship"/>
			</object>
			<object name="Cumberland_BeltDeck">
				<integer name="Back" value="25"/>
				<integer name="Bottom" value="10"/>
				<integer name="Country" value="3"/>
				<float name="ExplProb" value="10."/>
				<float name="FireProb" value="20."/>
				<integer name="Front" value="25"/>
				<integer name="Left" value="25"/>
				<string name="Material" value="Armored"/>
				<integer name="Right" value="25"/>
				<integer name="Top" value="35"/>
				<integer name="UnitName" value="0"/>
				<string name="UnitTyp" value="Ship"/>
			</object>
			<object name="Cumberland_LBelt">
				<integer name="Back" value="25"/>
				<integer name="Bottom" value="25"/>
				<integer name="Country" value="3"/>
				<float name="ExplProb" value="0."/>
				<float name="FireProb" value="0."/>
				<integer name="Front" value="25"/>
				<integer name="Left" value="89"/>
				<string name="Material" value="Armored"/>
				<integer name="Right" value="25"/>
				<integer name="Top" value="35"/>
				<integer name="UnitName" value="0"/>
				<string name="UnitTyp" value="Ship"/>
			</object>
			<object name="Cumberland_MiddleDeck">
				<integer name="Back" value="25"/>
				<integer name="Bottom" value="10"/>
				<integer name="Country" value="3"/>
				<float name="ExplProb" value="0."/>
				<float name="FireProb" value="0."/>
				<integer name="Front" value="25"/>
				<integer name="Left" value="25"/>
				<string name="Material" value="Steel"/>
				<integer name="Right" value="25"/>
				<integer name="Top" value="35"/>
				<integer name="UnitName" value="0"/>
				<string name="UnitTyp" value="Ship"/>
			</object>
			<object name="Cumberland_RBelt">
				<integer name="Back" value="25"/>
				<integer name="Bottom" value="25"/>
				<integer name="Country" value="3"/>
				<float name="ExplProb" value="0."/>
				<float name="FireProb" value="0."/>
				<integer name="Front" value="25"/>
				<integer name="Left" value="25"/>
				<string name="Material" value="Armored"/>
				<integer name="Right" value="89"/>
				<integer name="Top" value="35"/>
				<integer name="UnitName" value="0"/>
				<string name="UnitTyp" value="Ship"/>
			</object>  
			<object name="Cumberland_UpperDeck1">
				<integer name="Back" value="25"/>
				<integer name="Bottom" value="10"/>
				<integer name="Country" value="3"/>
				<float name="ExplProb" value="0."/>
				<float name="FireProb" value="10."/>
				<integer name="Front" value="25"/>
				<integer name="Left" value="25"/>
				<string name="Material" value="Steel"/>
				<integer name="Right" value="25"/>
				<integer name="Top" value="35"/>
				<integer name="UnitName" value="0"/>
				<string name="UnitTyp" value="Ship"/>
			</object>
			<object name="Cumberland_UpperDeck2">
				<integer name="Back" value="25"/>
				<integer name="Bottom" value="10"/>
				<integer name="Country" value="3"/>
				<float name="ExplProb" value="0."/>
				<float name="FireProb" value="10."/>
				<integer name="Front" value="25"/>
				<integer name="Left" value="25"/>
				<string name="Material" value="Steel"/>
				<integer name="Right" value="25"/>
				<integer name="Top" value="35"/>
				<integer name="UnitName" value="0"/>
				<string name="UnitTyp" value="Ship"/>
			</object> 
			<object name="Cumberland_LAMP">
				<integer name="Back" value="25"/>
				<integer name="Bottom" value="10"/>
				<integer name="Country" value="3"/>
				<float name="ExplProb" value="0."/>
				<float name="FireProb" value="0."/>
				<integer name="Front" value="25"/>
				<integer name="Left" value="25"/>
				<string name="Material" value="Armored"/>
				<integer name="Right" value="25"/>
				<integer name="Top" value="35"/>
				<integer name="UnitName" value="0"/>
				<string name="UnitTyp" value="Ship"/>
			</object>	
			<object name="Cumberland_RAMP">
				<integer name="Back" value="25"/>
				<integer name="Bottom" value="10"/>
				<integer name="Country" value="3"/>
				<float name="ExplProb" value="0."/>
				<float name="FireProb" value="0."/>
				<integer name="Front" value="25"/>
				<integer name="Left" value="25"/>
				<string name="Material" value="Armored"/>
				<integer name="Right" value="25"/>
				<integer name="Top" value="35"/>
				<integer name="UnitName" value="0"/>
				<string name="UnitTyp" value="Ship"/>
			</object>  
			<object name="Cumberland_Bottom">
				<integer name="Back" value="25"/>
				<integer name="Bottom" value="25"/>
				<integer name="Country" value="3"/>
				<float name="ExplProb" value="0."/>
				<float name="FireProb" value="0."/>
				<integer name="Front" value="25"/>
				<integer name="Left" value="25"/>
				<string name="Material" value="Steel"/>
				<integer name="Right" value="25"/>
				<integer name="Top" value="25"/>
				<integer name="UnitName" value="0"/>
				<string name="UnitTyp" value="Ship"/>
			</object> 
		</object>
		<object name="ShipsNames">
			<object name="Cumberland">
				<string name="1" value="Cumberland"/>
			</object>
		</object>
		<object name="UnitsByType">
			<object name="2">
				<object name="Cumberland">
					<string name="ChildTable" value="Ships"/>
				</object>
			</object>
		</object>
	</object>
</root>
