﻿<?xml version="1.0" standalone="yes" ?>
<root>
	<object name="Modifications">
		<object name="SubUnits">
			<object name="Radar_Typ13_2"/>
			<object name="Dalnomer_C1"/>
			<object name="Dalnomer45_Akagi"/>
			<object name="Dalnomer45_Akagi_V2"/> 
			<object name="Myoko_Director_1Var"/>
			<object name="Radar_Typ_22"/>
			<object name="Fuso_Director_2Var"/>
			<object name="Fuso_Optical_RF_2Var"/>
			<object name="Fuso_DirectorMG_1Var"/>
			<object name="Fuso_DirectorMG_2Var"/>
			<object name="Dalnomer45_Yamato_V3"/>
			<object name="Dalnomer150_Yamato_V3"/>
			<object name="Dalnomer100_Yamato_V3"/>
			<object name="Radar_Taiho"/>
			<object name="Dalnomer30_Fubuki"/>
			<object name="Dalnomer_KageroV3"/>
		</object>
	</object>
</root>
