﻿<?xml version = "1.0" encoding = "UTF-8"?>
<root>
	<object name = "SteelMonstersParams">
		<object name="Ships">
			<object name="Soldati">
				<float name="AccelRate" value="4.e-004"/>
				<integer name="AirplanesCount" value="0"/>
				<boolean name="BoatsTransportationAbility" value="false"/>
				<integer name="CabinArmor" value="20"/>
				<boolean name="CanBeChanged" value="true"/>
				<boolean name="CanUseTorpedos" value="true"/>
				<integer name="Country" value="5"/>
				<integer name="Crew" value="206"/>
				<float name="CriticalCareen" value="24."/>
				<float name="CriticalDFT" value="0.7"/>
				<float name="CriticalDifferent" value="2."/>
				<float name="DTimeProd" value="44."/>
				<float name="DisplacementMax" value="2590."/>
				<float name="EPR" value="130."/>
				<float name="FireRisk" value="267."/>
				<float name="Fuel" value="630."/>
				<float name="HLShapeCoef" value="0.9"/>
				<integer name="HullArmorSide" value="20"/>
				<integer name="HullArmorTop" value="13"/>
				<float name="Iron" value="2600."/>
				<integer name="Length" value="107"/>
				<float name="MaxSpeed" value="38."/>
				<integer name="MinCrew" value="90"/>
				<float name="Money" value="5400."/>
				<float name="NTimeProd" value="110."/>
				<string name="Name" value="Soldati"/>
				<boolean name="New" value="true"/>
				<integer name="Nuc_Dest_Prob" value="700"/>
				<integer name="Passengers" value="30"/>
				<boolean name="PlanesTransportationAbility" value="false"/>
				<float name="Range" value="12038."/>
				<integer name="Rank" value="5"/>
				<string name="SMU" value="Soldati"/>
				<float name="Speed" value="19."/>
				<float name="StoreCapacity" value="300."/>
				<boolean name="Transportable" value="false"/>
				<float name="TurnRate" value="1.8e-003"/>
				<integer name="Type" value="4"/>
				<float name="Vitality" value="830."/>
				<float name="VitalityAA" value="350."/>
				<float name="Weight" value="1645."/>
				<integer name="Width" value="10.15"/>
				<integer name="Year" value="39"/>
			</object>
		</object>
		<object name="Engins">
			<object name="MPP_Soldati">
				<float name="Consumption" value="6.5e-004"/>
				<integer name="Country" value="5"/>
				<float name="Money" value="6000."/>
				<integer name="Power_Max" value="48000"/>
				<integer name="RPM_Max" value="0"/>
				<integer name="Type" value="8"/>
				<integer name="Unreliability" value="20"/>
				<string name="Usage" value="Ships"/>
				<float name="Weight" value="660."/>
			</object>

		</object>
		<object name="ShipsNames">
			<object name="Soldati">
				<string name="1" value="Soldati1"/>
				<string name="2" value="Soldati2"/>
				<string name="3" value="Soldati3"/>
				<string name="4" value="Soldati4"/>
				<string name="5" value="Soldati5"/>
				<string name="6" value="Soldati6"/>
				<string name="7" value="Soldati7"/>
				<string name="8" value="Soldati8"/>
				<string name="9" value="Soldati9"/>
				<string name="10" value="Soldati10"/>
				<string name="11" value="Soldati11"/>
				<string name="12" value="Soldati12"/> 
				<string name="1" value="Soldati13"/>
				<string name="2" value="Soldati14"/>
				<string name="3" value="Soldati15"/>
				<string name="4" value="Soldati16"/>
				<string name="5" value="Soldati17"/>
				<string name="6" value="Soldati18"/>
				<string name="7" value="Soldati19"/>
			</object>
		</object>
		<object name="UnitsByType">
			<object name="4">
				<object name="Soldati">
					<string name="ChildTable" value="Ships"/>
				</object>
			</object>
		</object>
	</object>
</root>
