﻿<?xml version="1.0" standalone="yes" ?>
<root>
	<object name="Modifications">
		<object name="Ships">
			<object name="Soldati">
				<object name="Prototype">
					<string name="AAGunControl" value="Mark0_AA"/>
					<float name="AAVolleyWeight" value="2.04430008"/>
					<float name="Aluminium" value="0."/>
					<float name="AmmoWeight" value="51.6717911"/>
					<float name="Armour" value="0."/>
					<float name="FuelConsumption" value="3.9000001"/>
					<float name="FuelProtect" value="0."/>
					<string name="FullModName" value="Ships.Soldati.Prototype"/>
					<float name="Iron" value="2683.79956"/>
					<boolean name="IsAvailable" value="true"/>
					<boolean name="IsJammer" value="false"/>
					<string name="MainGunControl" value="Mk_7_M"/>
					<float name="MaxFuel" value="630."/>
					<float name="MaxSpeed" value="38."/>
					<float name="MinSpeed" value="0."/>
					<float name="Money" value="11759.5"/>
					<widestring name="Name" value="QwBhAGMAYwBpAGEAdABvAHIAcABlAGQAaQBuAGkAZQByAGUAIABTAG8AbABkAGEAdABpAAA="/>
					<float name="RadarRange" value="0."/>
					<float name="RadioGain" value="32258.0645"/>
					<float name="RadioPowerHF" value="100."/>
					<float name="RadioPowerVHF" value="0."/>
					<float name="RadioSensitivityHF" value="3.10000009e-003"/>
					<float name="RadioSensitivityVHF" value="0."/>
					<object name="Slots">
						<object name="TPort_MG01">
							<string name="Device" value="Navigatori_2x120mm_Turret"/>
							<string name="Table" value="Turrets"/>
						</object>
						<object name="TPort_MG02">
							<string name="Device" value="Navigatori_1x120mm_Turret"/>
							<string name="Table" value="Turrets"/>
						</object>
						<object name="TPort_MG03">
							<string name="Device" value="Navigatori_2x120mm_Turret"/>
							<string name="Table" value="Turrets"/>
						</object>
						<object name="TPort_TORPF">
							<string name="Device" value="Hipper_Torp_App_Turret"/>
							<string name="Table" value="Turrets"/>
						</object>  
						<object name="TPort_TORPB">
							<string name="Device" value="Hipper_Torp_App_Turret"/>
							<string name="Table" value="Turrets"/>
						</object>
						<object name="TPort_AA20mmFR">
							<string name="Device" value="Bismark_FLAK5_20mm_MG_C30_Turret"/>
							<string name="Table" value="Turrets"/>
						</object>

						<object name="TPort_AA20mmFL">
							<string name="Device" value="Bismark_FLAK5_20mm_MG_C30_Turret"/>
							<string name="Table" value="Turrets"/>
						</object>
						<object name="TPort_AA20mmBR">
							<string name="Device" value="Bismark_FLAK5_20mm_MG_C30_Turret"/>
							<string name="Table" value="Turrets"/>
						</object>
						<object name="TPort_AA20mmBL">
							<string name="Device" value="Bismark_FLAK5_20mm_MG_C30_Turret"/>
							<string name="Table" value="Turrets"/>
						</object>
						<object name="TPort_AAQ20mmR">
							<string name="Device" value="Bismark_FLAK4_20mm_MG_C38Quad_Turret"/>
							<string name="Table" value="Turrets"/>
						</object>	  
						<object name="TPort_AAQ20mmL">
							<string name="Device" value="Bismark_FLAK4_20mm_MG_C38Quad_Turret"/>
							<string name="Table" value="Turrets"/>
						</object>
						<object name="TPort_K1">
							<string name="Device" value="Bomb_Kletka_Small_4x"/>
							<string name="Table" value="Rifles"/>
						</object>
						<object name="TPort_K2">
							<string name="Device" value="Bomb_Kletka_Small_4x"/>
							<string name="Table" value="Rifles"/>
						</object>

						<object name="TPort_ProjF">
							<string name="Device" value="Bismark_Projector_Small"/>
							<string name="Table" value="Turrets"/>
						</object>


						<object name="TPort_RF01">
							<string name="Device" value="Soldati_Rangefinder"/>
							<string name="Table" value="Turrets"/>
						</object>
						<object name="TPort_RF02">
							<string name="Device" value="Bismark_RangefinderSmall"/>
							<string name="Table" value="Turrets"/>
						</object>	
						<object name="TPort_RF03">
							<string name="Device" value="Bismark_RangefinderSmall"/>
							<string name="Table" value="Turrets"/>
						</object>
						<object name="TPort_Radar">
							<string name="Device" value="Bismark_Rangefinder3m"/>
							<string name="Table" value="Turrets"/>
						</object>


						<object name="TPort_VINTR">
							<string name="Device" value="Vint_Fletcher"/>
							<string name="Table" value="Turrets"/>
						</object>
						<object name="TPort_VINTL">
							<string name="Device" value="Vint_Fletcher"/>
							<string name="Table" value="Turrets"/>
						</object>
						<object name="ZPort_AAGunContr1">
							<string name="Device" value="Mark0_AA"/>
							<string name="Table" value="AimSystems"/>
						</object>
						<object name="ZPort_Jammer_US_A1">
							<string name="Device" value=""/>
							<string name="Table" value="Probes"/>
						</object>
						<object name="ZPort_MainGunContr">
							<string name="Device" value="Mk_7_M"/>
							<string name="Table" value="AimSystems"/>
						</object>
						<object name="ZPort_Radio">
							<string name="Device" value="TBL7"/>
							<string name="Table" value="Probes"/>
						</object>
						<object name="ZPort_Sonar">
							<string name="Device" value=""/>
							<string name="Table" value="Probes"/>
						</object>
						<object name="ZPort_SteamTurbine_01">
							<string name="Device" value="MPP_Soldati"/>
							<string name="Table" value="Engins"/>
						</object>
					</object>
					<string name="Sonar" value=""/>
					<float name="Speed" value="19."/>
					<string name="SuperRifles" value="Narvik_Torp_Tube.8."/>
					<float name="VolleyWeight" value="0.972300053"/>
					<float name="Weight" value="2370.45435"/>
				</object> 
				<object name="ai_43">
					<string name="AAGunControl" value="Mark0_AA"/>
					<float name="AAVolleyWeight" value="2.43022013"/>
					<float name="Aluminium" value="0."/>
					<float name="AmmoWeight" value="54.0717926"/>
					<float name="Armour" value="0."/>
					<float name="FuelConsumption" value="3.9000001"/>
					<float name="FuelProtect" value="0."/>
					<string name="FullModName" value="Ships.Soldati.ai_43"/>
					<float name="Iron" value="2683.69946"/>
					<boolean name="IsAvailable" value="false"/>
					<boolean name="IsJammer" value="true"/>
					<string name="MainGunControl" value="Mk_7_M"/>
					<float name="MaxFuel" value="630."/>
					<float name="MaxSpeed" value="38."/>
					<float name="MinSpeed" value="0."/>
					<float name="Money" value="11840.5"/>
					<widestring name="Name" value="QwBhAGMAYwBpAGEAdABvAHIAcABlAGQAaQBuAGkAZQByAGUAIABTAG8AbABkAGEAdABpAF8AYQBpADQAMwA="/>
					<float name="RadarRange" value="100."/>
					<float name="RadioGain" value="32258.0645"/>
					<float name="RadioPowerHF" value="100."/>
					<float name="RadioPowerVHF" value="0."/>
					<float name="RadioSensitivityHF" value="3.10000009e-003"/>
					<float name="RadioSensitivityVHF" value="0."/>
					<object name="Slots">
						<object name="TPort_MG01">
							<string name="Device" value="Navigatori_2x120mm_Turret"/>
							<string name="Table" value="Turrets"/>
						</object>
						<object name="TPort_MG02">
							<string name="Device" value="Navigatori_1x120mm_Turret"/>
							<string name="Table" value="Turrets"/>
						</object>
						<object name="TPort_MG03">
							<string name="Device" value="Navigatori_2x120mm_Turret"/>
							<string name="Table" value="Turrets"/>
						</object>
						<object name="TPort_TORPF">
							<string name="Device" value="Narvik_Torp_App_Turret"/>
							<string name="Table" value="Turrets"/>
						</object>  
						<object name="TPort_TORPB">
							<string name="Device" value="Narvik_Torp_App_Turret"/>
							<string name="Table" value="Turrets"/>
						</object>
						<object name="TPort_AA20mmFR">
							<string name="Device" value="Bismark_FLAK5_20mm_MG_C30_3V_Turret"/>
							<string name="Table" value="Turrets"/>
						</object>

						<object name="TPort_AA20mmFL">
							<string name="Device" value="Bismark_FLAK5_20mm_MG_C30_3V_Turret"/>
							<string name="Table" value="Turrets"/>
						</object>
						<object name="TPort_AA20mmBR">
							<string name="Device" value="Bismark_FLAK5_20mm_MG_C30_3V_Turret"/>
							<string name="Table" value="Turrets"/>
						</object>
						<object name="TPort_AA20mmBL">
							<string name="Device" value="Bismark_FLAK5_20mm_MG_C30_3V_Turret"/>
							<string name="Table" value="Turrets"/>
						</object>
						<object name="TPort_AAQ20mmR">
							<string name="Device" value="Bismark_FLAK4_20mm_MG_C38Quad_Turret"/>
							<string name="Table" value="Turrets"/>
						</object>	  
						<object name="TPort_AAQ20mmL">
							<string name="Device" value="Bismark_FLAK4_20mm_MG_C38Quad_Turret"/>
							<string name="Table" value="Turrets"/>
						</object>
						<object name="TPort_K1">
							<string name="Device" value="Bomb_Kletka_Small_4x"/>
							<string name="Table" value="Rifles"/>
						</object>
						<object name="TPort_K2">
							<string name="Device" value="Bomb_Kletka_Small_4x"/>
							<string name="Table" value="Rifles"/>
						</object>
						<object name="TPort_ProjF">
							<string name="Device" value="Bismark_Projector_Small"/>
							<string name="Table" value="Turrets"/>
						</object>


						<object name="TPort_RF01">
							<string name="Device" value="Soldati_Rangefinder"/>
							<string name="Table" value="Turrets"/>
						</object>
						<object name="TPort_RF02">
							<string name="Device" value="Bismark_RangefinderSmall"/>
							<string name="Table" value="Turrets"/>
						</object>	
						<object name="TPort_RF03">
							<string name="Device" value="Bismark_RangefinderSmall"/>
							<string name="Table" value="Turrets"/>
						</object>

						<object name="TPort_Radar">
							<string name="Device" value="Narvik_Radar_FuMO21"/>
							<string name="Table" value="Turrets"/>
						</object>


						<object name="TPort_VINTR">
							<string name="Device" value="Vint_Fletcher"/>
							<string name="Table" value="Turrets"/>
						</object>
						<object name="TPort_VINTL">
							<string name="Device" value="Vint_Fletcher"/>
							<string name="Table" value="Turrets"/>
						</object>
						<object name="ZPort_AAGunContr1">
							<string name="Device" value="Mark0_AA"/>
							<string name="Table" value="AimSystems"/>
						</object>
						<object name="ZPort_Jammer_US_A1">
							<string name="Device" value="Jammer_US_A"/>
							<string name="Table" value="Probes"/>
						</object>
						<object name="ZPort_MainGunContr">
							<string name="Device" value="Mk_7_M"/>
							<string name="Table" value="AimSystems"/>
						</object>
						<object name="ZPort_Radio">
							<string name="Device" value="TBL7"/>
							<string name="Table" value="Probes"/>
						</object>
						<object name="ZPort_Sonar">
							<string name="Device" value="SearchLight_U"/>
							<string name="Table" value="Probes"/>
						</object>
						<object name="ZPort_SteamTurbine_01">
							<string name="Device" value="MPP_Soldati"/>
							<string name="Table" value="Engins"/>
						</object>
					</object>
					<string name="Sonar" value="SearchLight_U"/>
					<float name="Speed" value="19."/>
					<string name="SuperRifles" value="Narvik_Torp_Tube.8."/>
					<float name="VolleyWeight" value="0.972300053"/>
					<float name="Weight" value="2372.95435"/>
				</object>
				<object name="ai_45">
					<string name="AAGunControl" value="Mark12R_AA"/>
					<float name="AAVolleyWeight" value="4.65486002"/>
					<float name="Aluminium" value="0."/>
					<float name="AmmoWeight" value="51.9917984"/>
					<float name="Armour" value="0."/>
					<float name="FuelConsumption" value="3.9000001"/>
					<float name="FuelProtect" value="0."/>
					<string name="FullModName" value="Ships.Soldati.ai_45"/>
					<float name="Iron" value="2683.06958"/>
					<boolean name="IsAvailable" value="false"/>
					<boolean name="IsJammer" value="true"/>
					<string name="MainGunControl" value="Mk_8R_M"/>
					<float name="MaxFuel" value="630."/>
					<float name="MaxSpeed" value="38."/>
					<float name="MinSpeed" value="0."/>
					<float name="Money" value="12377.5"/>
					<widestring name="Name" value="QwBhAGMAYwBpAGEAdABvAHIAcABlAGQAaQBuAGkAZQByAGUAIABTAG8AbABkAGEAdABpAF8AYQBpADQANQA="/>
					<float name="RadarRange" value="100."/>
					<float name="RadioGain" value="10000."/>
					<float name="RadioPowerHF" value="0."/>
					<float name="RadioPowerVHF" value="50."/>
					<float name="RadioSensitivityHF" value="0."/>
					<float name="RadioSensitivityVHF" value="4.99999989e-003"/>
					<object name="Slots">
						<object name="TPort_MG01">
							<string name="Device" value="Navigatori_2x120mm_Turret"/>
							<string name="Table" value="Turrets"/>
						</object>
						<object name="TPort_MG02">
							<string name="Device" value="Navigatori_1x120mm_Turret"/>
							<string name="Table" value="Turrets"/>
						</object>
						<object name="TPort_MG03">
							<string name="Device" value="Navigatori_2x120mm_Turret"/>
							<string name="Table" value="Turrets"/>
						</object>
						<object name="TPort_TORPF">
							<string name="Device" value="Narvik_Torp_App_Turret"/>
							<string name="Table" value="Turrets"/>
						</object>  
						<object name="TPort_TORPB">
							<string name="Device" value="Narvik_Torp_App_Turret"/>
							<string name="Table" value="Turrets"/>
						</object>
						<object name="TPort_AA20mmFR">
							<string name="Device" value="Bismark_FLAK5_20mm_MG_C30_3V_Turret"/>
							<string name="Table" value="Turrets"/>
						</object>

						<object name="TPort_AA20mmFL">
							<string name="Device" value="Bismark_FLAK5_20mm_MG_C30_3V_Turret"/>
							<string name="Table" value="Turrets"/>
						</object>
						<object name="TPort_AA20mmBR">
							<string name="Device" value="Bismark_FLAK5_20mm_MG_C30_3V_Turret"/>
							<string name="Table" value="Turrets"/>
						</object>
						<object name="TPort_AA20mmBL">
							<string name="Device" value="Bismark_FLAK5_20mm_MG_C30_3V_Turret"/>
							<string name="Table" value="Turrets"/>
						</object>
						<object name="TPort_AAQ20mmR">
							<string name="Device" value="G_Bofors_20x8_Turret"/>
							<string name="Table" value="Turrets"/>
						</object>	  
						<object name="TPort_AAQ20mmL">
							<string name="Device" value="G_Bofors_20x8_Turret"/>
							<string name="Table" value="Turrets"/>
						</object> 
						<object name="TPort_K1">
							<string name="Device" value="Bomb_Kletka_Small_4x"/>
							<string name="Table" value="Rifles"/>
						</object>
						<object name="TPort_K2">
							<string name="Device" value="Bomb_Kletka_Small_4x"/>
							<string name="Table" value="Rifles"/>
						</object>
						<object name="TPort_ProjF">
							<string name="Device" value="Bismark_Projector_Small"/>
							<string name="Table" value="Turrets"/>
						</object>


						<object name="TPort_RF01">
							<string name="Device" value="Soldati_Rangefinder"/>
							<string name="Table" value="Turrets"/>
						</object>
						<object name="TPort_RF02">
							<string name="Device" value="Bismark_RangefinderSmall"/>
							<string name="Table" value="Turrets"/>
						</object>	
						<object name="TPort_RF03">
							<string name="Device" value="Bismark_RangefinderSmall"/>
							<string name="Table" value="Turrets"/>
						</object>

						<object name="TPort_Radar">
							<string name="Device" value="Narvik_Radar_FuMO21"/>
							<string name="Table" value="Turrets"/>
						</object>


						<object name="TPort_VINTR">
							<string name="Device" value="Vint_Fletcher"/>
							<string name="Table" value="Turrets"/>
						</object>
						<object name="TPort_VINTL">
							<string name="Device" value="Vint_Fletcher"/>
							<string name="Table" value="Turrets"/>
						</object>
						<object name="ZPort_AAGunContr1">
							<string name="Device" value="Mark12R_AA"/>
							<string name="Table" value="AimSystems"/>
						</object>
						<object name="ZPort_Jammer_US_A1">
							<string name="Device" value="Jammer_US_A"/>
							<string name="Table" value="Probes"/>
						</object>
						<object name="ZPort_MainGunContr">
							<string name="Device" value="Mk_8R_M"/>
							<string name="Table" value="AimSystems"/>
						</object>
						<object name="ZPort_Radio">
							<string name="Device" value="TBS"/>
							<string name="Table" value="Probes"/>
						</object>
						<object name="ZPort_Sonar">
							<string name="Device" value="SearchLight_U"/>
							<string name="Table" value="Probes"/>
						</object>
						<object name="ZPort_SteamTurbine_01">
							<string name="Device" value="MPP_Soldati"/>
							<string name="Table" value="Engins"/>
						</object>
					</object>
					<string name="Sonar" value="SearchLight_U"/>
					<float name="Speed" value="19."/>
					<string name="SuperRifles" value="Narvik_Torp_Tube.10."/>
					<float name="VolleyWeight" value="0.972300053"/>
					<float name="Weight" value="2379.52417"/>
				</object>
			</object>
		</object>
	</object>
</root>