﻿<?xml version = "1.0" encoding = "UTF-8"?>
<root>
	<object name = "SteelMonstersParams">
		<object name="Ships">
			<object name="LeFantasque">
				<float name="AccelRate" value="4.e-004"/>
				<string name="Airgroup" value=""/>
				<integer name="AirplanesCount" value="0"/>
				<string name="AmmoLoadingTemplate" value="Ammo 300"/>
				<boolean name="BoatsTransportationAbility" value="false"/>
				<integer name="CabinArmor" value="127"/>
				<boolean name="CanBeChanged" value="true"/>
				<boolean name="CanUseTorpedos" value="true"/>
				<string name="CatapultAirgroupDefaultUnit" value=""/>
				<integer name="Country" value="4"/>
				<integer name="Crew" value="220"/>
				<float name="CriticalCareen" value="37."/>
				<float name="CriticalDFT" value="2.2"/>
				<float name="CriticalDifferent" value="2.5"/>
				<float name="DTimeProd" value="60."/>
				<float name="DisplacementMax" value="3380."/>
				<float name="EPR" value="150."/>
				<float name="FireRisk" value="267."/>
				<float name="Fuel" value="900."/>
				<integer name="HullArmorSide" value="127"/>
				<integer name="HullArmorTop" value="52"/>
				<float name="HLShapeCoef" value="0.6"/>
				<float name="Iron" value="5000."/>
				<integer name="Length" value="132.4"/>
				<float name="MaxSpeed" value="40."/>
				<integer name="MinCrew" value="180"/>
				<float name="Money" value="6000."/>
				<float name="NTimeProd" value="125."/>
				<string name="Name" value="LeFantasque"/>
				<boolean name="New" value="true"/>
				<integer name="Nuc_Dest_Prob" value="600"/>
				<integer name="Passengers" value="40"/>
				<boolean name="PlanesTransportationAbility" value="false"/>
				<float name="Range" value="12520."/>
				<integer name="Rank" value="5"/>
				<string name="SMU" value="LeFantasque"/>
				<float name="Speed" value="21."/>
				<float name="StoreCapacity" value="700."/>
				<boolean name="Transportable" value="false"/>
				<float name="TurnRate" value="1.8e-003"/>
				<integer name="Type" value="4"/>
				<float name="Vitality" value="4500."/>
				<float name="VitalityAA" value="900."/>
				<float name="Weight" value="2569."/>
				<integer name="Width" value="11.98"/>
				<integer name="Year" value="39"/>
			</object>
		</object>
		<object name="Engins">
			<object name="MPP_LeFantasque">
				<float name="Consumption" value="4.1e-004"/>
				<integer name="Country" value="4"/>
				<float name="Money" value="10000."/>
				<integer name="Power_Max" value="74000"/>
				<integer name="RPM_Max" value="0"/>
				<integer name="Type" value="8"/>
				<integer name="Unreliability" value="10"/>
				<string name="Usage" value="Ships"/>
				<float name="Weight" value="1100."/>
			</object>
		</object>
		<object name="Hit_Location">
			<object name="LeF5549">
				<integer name="Country" value="4"/>
				<float name="ER" value="150."/>
				<string name="Hull" value="Std_DDBarbet"/>
				<string name="Name" value="Barbet2"/>
				<string name="TypHL" value="Hull"/>
				<string name="UnitName" value="LeFantasque"/>
			</object>
			<object name="LeF5550">
				<integer name="Country" value="4"/>
				<float name="ER" value="50."/>
				<string name="Hull" value="Std_Probe"/>
				<string name="Name" value="Probe_AA"/>
				<string name="TypHL" value="Probe"/>
				<string name="UnitName" value="LeFantasque"/>
			</object>
			<object name="LeF5551">
				<string name="ConnectName" value="Tiller"/>
				<integer name="Country" value="4"/>
				<float name="ER" value="80."/>
				<string name="Hull" value="Std_Rudder"/>
				<string name="Name" value="Rudder1"/>
				<string name="TypHL" value="Rudder"/>
				<string name="UnitName" value="LeFantasque"/>
			</object>
			<object name="LeF5552">
				<string name="ConnectName" value="Tiller"/>
				<integer name="Country" value="4"/>
				<float name="ER" value="80."/>
				<string name="Hull" value="Std_Rudder"/>
				<string name="Name" value="Rudder2"/>
				<string name="TypHL" value="Rudder"/>
				<string name="UnitName" value="LeFantasque"/>
			</object>
			<object name="LeF5553">
				<string name="ConnectName" value="Engine2"/>
				<integer name="Country" value="4"/>
				<float name="ER" value="80."/>
				<string name="Hull" value="Std_Mover"/>
				<string name="Name" value="Mover2"/>
				<string name="TypHL" value="Mover"/>
				<string name="UnitName" value="LeFantasque"/>
			</object>
			<object name="LeF5554">
				<string name="ConnectName" value="Engine1"/>
				<integer name="Country" value="4"/>
				<float name="ER" value="80."/>
				<string name="Hull" value="Std_Mover"/>
				<string name="Name" value="Mover1"/>
				<string name="TypHL" value="Mover"/>
				<string name="UnitName" value="LeFantasque"/>
			</object>
			<object name="LeF5555">
				<integer name="Country" value="4"/>
				<float name="ER" value="150."/>
				<string name="Hull" value="Std_DDBarbet"/>
				<string name="Name" value="Barbet1"/>
				<string name="TypHL" value="Hull"/>
				<string name="UnitName" value="LeFantasque"/>
			</object>
			<object name="LeF5556">
				<integer name="Country" value="4"/>
				<float name="ER" value="150."/>
				<string name="Hull" value="Std_DDBarbet"/>
				<string name="Name" value="Barbet3"/>
				<string name="TypHL" value="Hull"/>
				<string name="UnitName" value="LeFantasque"/>
			</object>
			<object name="LeF5557">
				<integer name="Country" value="4"/>
				<integer name="Crew" value="55"/>
				<float name="ER" value="100."/>
				<string name="Hull" value="Std_DDUpperHull"/>
				<string name="Name" value="Stern_LSuperstructure2"/>
				<string name="TypHL" value="Crew"/>
				<string name="UnitName" value="LeFantasque"/>
			</object>
			<object name="LeF5558">
				<integer name="Country" value="4"/>
				<integer name="Crew" value="55"/>
				<float name="ER" value="100."/>
				<string name="Hull" value="Std_DDUpperHull"/>
				<string name="Name" value="Stern_USuperstructure"/>
				<string name="TypHL" value="Crew"/>
				<string name="UnitName" value="LeFantasque"/>
			</object>
			<object name="LeF5559">
				<integer name="Country" value="4"/>
				<integer name="Crew" value="55"/>
				<float name="ER" value="100."/>
				<string name="Hull" value="Std_DDUpperHull"/>
				<string name="Name" value="Stern_LSuperstructure1"/>
				<string name="TypHL" value="Crew"/>
				<string name="UnitName" value="LeFantasque"/>
			</object>
			<object name="LeF5561">
				<integer name="Country" value="4"/>
				<integer name="Crew" value="55"/>
				<float name="ER" value="100."/>
				<string name="Hull" value="Std_DDUpperHull"/>
				<string name="Name" value="Middle_Superstructure"/>
				<string name="TypHL" value="Crew"/>
				<string name="UnitName" value="LeFantasque"/>
			</object>
			<object name="LeF5562">
				<integer name="Country" value="4"/>
				<integer name="Crew" value="55"/>
				<float name="ER" value="100."/>
				<string name="Hull" value="Std_DDUpperHull"/>
				<string name="Name" value="Bow_Superstructure"/>
				<string name="TypHL" value="Crew"/>
				<string name="UnitName" value="LeFantasque"/>
			</object>
			<object name="LeF5563">
				<integer name="Country" value="4"/>
				<float name="ER" value="150."/>
				<string name="Hull" value="LeFantasque_Battlecabin"/>
				<string name="Name" value="BattleCabine"/>
				<string name="TypHL" value="Hull"/>
				<string name="UnitName" value="LeFantasque"/>
			</object>
			<object name="LeF5564">
				<integer name="Country" value="4"/>
				<float name="ER" value="50."/>
				<string name="Hull" value="Std_Probe"/>
				<string name="Name" value="Radar"/>
				<string name="TypHL" value="Probe"/>
				<string name="UnitName" value="LeFantasque"/>
			</object>
			<object name="LeF5565">
				<integer name="Country" value="4"/>
				<float name="ER" value="50."/>
				<string name="Hull" value="Std_Probe"/>
				<string name="Name" value="Radio"/>
				<string name="TypHL" value="Probe"/>
				<string name="UnitName" value="LeFantasque"/>
			</object>
			<object name="LeF5566">
				<integer name="Country" value="4"/>
				<float name="ER" value="100."/>
				<string name="Hull" value="LeFantasque_Ordinary"/>
				<string name="Name" value="Bow2_Bottom"/>
				<string name="TypHL" value="Hull"/>
				<string name="UnitName" value="LeFantasque"/>
			</object>
			<object name="LeF5567">
				<integer name="Country" value="4"/>
				<float name="ER" value="150."/>
				<string name="Hull" value="LeFantasque_Ordinary"/>
				<string name="Name" value="Bow2_MiddleDeck"/>
				<string name="TypHL" value="Hull"/>
				<string name="UnitName" value="LeFantasque"/>
			</object>
			<object name="LeF5568">
				<integer name="Country" value="4"/>
				<float name="ER" value="150."/>
				<string name="Hull" value="LeFantasque_Ordinary"/>
				<string name="Name" value="Bow2_LowerDeck"/>
				<string name="TypHL" value="Hull"/>
				<string name="UnitName" value="LeFantasque"/>
			</object>
			<object name="LeF5569">
				<integer name="Country" value="4"/>
				<float name="ER" value="50."/>
				<string name="Hull" value="Std_Probe"/>
				<string name="Name" value="Sonar"/>
				<string name="TypHL" value="Probe"/>
				<string name="UnitName" value="LeFantasque"/>
			</object>
			<object name="LeF5570">
				<integer name="Country" value="4"/>
				<float name="ER" value="50."/>
				<string name="Hull" value="Std_Probe"/>
				<string name="Name" value="Probe_MG"/>
				<string name="TypHL" value="Probe"/>
				<string name="UnitName" value="LeFantasque"/>
			</object>
			<object name="LeF5571">
				<integer name="Country" value="4"/>
				<float name="ER" value="150."/>
				<string name="Hull" value="LeFantasque_AmmoStore"/>
				<string name="Name" value="AmmoStore2"/>
				<string name="TypHL" value="AmmoStore"/>
				<string name="UnitName" value="LeFantasque"/>
			</object>
			<object name="LeF5572">
				<integer name="Country" value="4"/>
				<float name="ER" value="150."/>
				<string name="Hull" value="LeFantasque_AmmoStore"/>
				<string name="Name" value="AmmoStore1"/>
				<string name="TypHL" value="AmmoStore"/>
				<string name="UnitName" value="LeFantasque"/>
			</object>
			<object name="LeF5573">
				<integer name="Country" value="4"/>
				<float name="ER" value="150."/>
				<string name="Hull" value="LeFantasque_Ordinary"/>
				<string name="Name" value="Bow2_UpperDeck"/>
				<string name="TypHL" value="Hull"/>
				<string name="UnitName" value="LeFantasque"/>
			</object>
			<object name="LeF5574">
				<integer name="Country" value="4"/>
				<float name="ER" value="150."/>
				<string name="Hull" value="LeFantasque_Ordinary"/>
				<string name="Name" value="Stern1_LowerDeck"/>
				<string name="TypHL" value="Hull"/>
				<string name="UnitName" value="LeFantasque"/>
			</object>
			<object name="LeF5575">
				<integer name="Country" value="4"/>
				<float name="ER" value="150."/>
				<string name="Hull" value="LeFantasque_AmmoStore"/>
				<string name="Name" value="AmmoStore4"/>
				<string name="TypHL" value="AmmoStore"/>
				<string name="UnitName" value="LeFantasque"/>
			</object>
			<object name="LeF5576">
				<integer name="Country" value="4"/>
				<float name="ER" value="150."/>
				<string name="Hull" value="LeFantasque_Ordinary"/>
				<string name="Name" value="Stern1_Deck"/>
				<string name="TypHL" value="Hull"/>
				<string name="UnitName" value="LeFantasque"/>
			</object>
			<object name="LeF5577">
				<integer name="Country" value="4"/>
				<float name="ER" value="150."/>
				<string name="Hull" value="LeFantasque_AmmoStore"/>
				<string name="Name" value="AmmoStore5"/>
				<string name="TypHL" value="AmmoStore"/>
				<string name="UnitName" value="LeFantasque"/>
			</object>
			<object name="LeF5578">
				<integer name="Country" value="4"/>
				<float name="ER" value="100."/>
				<string name="Hull" value="LeFantasque_Ordinary"/>
				<string name="Name" value="Stern1_Bottom"/>
				<string name="TypHL" value="Hull"/>
				<string name="UnitName" value="LeFantasque"/>
			</object>
			<object name="LeF5579">
				<integer name="Country" value="4"/>
				<float name="ER" value="150."/>
				<string name="Hull" value="LeFantasque_Ordinary"/>
				<string name="Name" value="Middle1_Deck"/>
				<string name="TypHL" value="Hull"/>
				<string name="UnitName" value="LeFantasque"/>
			</object>
			<object name="LeF5580">
				<integer name="Country" value="4"/>
				<float name="ER" value="100."/>
				<string name="Hull" value="Std_Boiler"/>
				<string name="Name" value="Boiler1"/>
				<string name="TypHL" value="Boiler"/>
				<string name="UnitName" value="LeFantasque"/>
			</object>
			<object name="LeF5581">
				<integer name="Country" value="4"/>
				<float name="ER" value="100."/>
				<string name="Hull" value="Std_Boiler"/>
				<string name="Name" value="Boiler2"/>
				<string name="TypHL" value="Boiler"/>
				<string name="UnitName" value="LeFantasque"/>
			</object>
			<object name="LeF5582">
				<integer name="Country" value="4"/>
				<integer name="Crew" value="55"/>
				<float name="ER" value="100."/>
				<string name="Hull" value="Std_DDUpperHull"/>
				<string name="Name" value="Bow_LSuperstructure"/>
				<string name="TypHL" value="Crew"/>
				<string name="UnitName" value="LeFantasque"/>
			</object>
			<object name="LeF5583">
				<integer name="Country" value="4"/>
				<float name="ER" value="100."/>
				<string name="Hull" value="LeFantasque_Ordinary"/>
				<string name="Name" value="Middle1_Bottom"/>
				<string name="TypHL" value="FuelTank"/>
				<string name="UnitName" value="LeFantasque"/>
			</object>
			<object name="LeF5584">
				<integer name="Country" value="4"/>
				<float name="ER" value="150."/>
				<string name="Hull" value="LeFantasque_Ordinary"/>
				<string name="Name" value="Middle2_Deck"/>
				<string name="TypHL" value="Hull"/>
				<string name="UnitName" value="LeFantasque"/>
			</object>
			<object name="LeF5585">
				<integer name="Country" value="4"/>
				<float name="ER" value="100."/>
				<string name="Hull" value="Std_Boiler"/>
				<string name="Name" value="Boiler3"/>
				<string name="TypHL" value="Boiler"/>
				<string name="UnitName" value="LeFantasque"/>
			</object>
			<object name="LeF5586">
				<integer name="Country" value="4"/>
				<float name="ER" value="100."/>
				<string name="Hull" value="LeFantasque_Ordinary"/>
				<string name="Name" value="Middle2_Bottom"/>
				<string name="TypHL" value="FuelTank"/>
				<string name="UnitName" value="LeFantasque"/>
			</object>
			<object name="LeF5587">
				<integer name="Country" value="4"/>
				<float name="ER" value="150."/>
				<string name="Hull" value="LeFantasque_Ordinary"/>
				<string name="Name" value="Middle4_Deck"/>
				<string name="TypHL" value="Hull"/>
				<string name="UnitName" value="LeFantasque"/>
			</object>
			<object name="LeF5588">
				<string name="ConnectName" value="Boiler1;Boiler2;Boiler3;"/>
				<integer name="Country" value="4"/>
				<float name="ER" value="100."/>
				<string name="Hull" value="Std_Engine"/>
				<string name="Name" value="Engine2"/>
				<string name="TypHL" value="Engine"/>
				<string name="UnitName" value="LeFantasque"/>
			</object>
			<object name="LeF5589">
				<integer name="Country" value="4"/>
				<float name="ER" value="100."/>
				<string name="Hull" value="LeFantasque_Ordinary"/>
				<string name="Name" value="Middle4_Bottom"/>
				<string name="TypHL" value="FuelTank"/>
				<string name="UnitName" value="LeFantasque"/>
			</object>
			<object name="LeF5590">
				<integer name="Country" value="4"/>
				<float name="ER" value="150."/>
				<string name="Hull" value="LeFantasque_Ordinary"/>
				<string name="Name" value="MIddle3_Deck"/>
				<string name="TypHL" value="Hull"/>
				<string name="UnitName" value="LeFantasque"/>
			</object>
			<object name="LeF5591">
				<string name="ConnectName" value="Boiler1;Boiler2;Boiler3"/>
				<integer name="Country" value="4"/>
				<float name="ER" value="100."/>
				<string name="Hull" value="Std_Engine"/>
				<string name="Name" value="Engine1"/>
				<string name="TypHL" value="Engine"/>
				<string name="UnitName" value="LeFantasque"/>
			</object>
			<object name="LeF5593">
				<integer name="Country" value="4"/>
				<float name="ER" value="100."/>
				<string name="Hull" value="LeFantasque_Ordinary"/>
				<string name="Name" value="Bow1_Bottom"/>
				<string name="TypHL" value="Hull"/>
				<string name="UnitName" value="LeFantasque"/>
			</object>
			<object name="LeF5594">
				<integer name="Country" value="4"/>
				<float name="ER" value="150."/>
				<string name="Hull" value="LeFantasque_Ordinary"/>
				<string name="Name" value="Bow1_UpperDeck"/>
				<string name="TypHL" value="Hull"/>
				<string name="UnitName" value="LeFantasque"/>
			</object>
			<object name="LeF5595">
				<integer name="Country" value="4"/>
				<float name="ER" value="150."/>
				<string name="Hull" value="LeFantasque_Ordinary"/>
				<string name="Name" value="Bow1_LowerDeck"/>
				<string name="TypHL" value="Hull"/>
				<string name="UnitName" value="LeFantasque"/>
			</object>
			<object name="LeF5596">
				<integer name="Country" value="4"/>
				<float name="ER" value="150."/>
				<string name="Hull" value="LeFantasque_Ordinary"/>
				<string name="Name" value="Bow1_MiddleDeck"/>
				<string name="TypHL" value="Hull"/>
				<string name="UnitName" value="LeFantasque"/>
			</object>
			<object name="LeF5597">
				<integer name="Country" value="4"/>
				<float name="ER" value="150."/>
				<string name="Hull" value="LeFantasque_Ordinary"/>
				<string name="Name" value="Stern2_Deck"/>
				<string name="TypHL" value="Hull"/>
				<string name="UnitName" value="LeFantasque"/>
			</object>
			<object name="LeF5598">
				<integer name="Country" value="4"/>
				<float name="ER" value="50."/>
				<string name="Hull" value="LeFantasque_Ordinary"/>
				<string name="Name" value="Tiller"/>
				<string name="TypHL" value="Hull"/>
				<string name="UnitName" value="LeFantasque"/>
			</object>
			<object name="LeF5599">
				<integer name="Country" value="4"/>
				<float name="ER" value="50."/>
				<string name="Hull" value="Std_SmokeStack"/>
				<string name="Name" value="Bow_SmokeStack"/>
				<string name="TypHL" value="Hull"/>
				<string name="UnitName" value="LeFantasque"/>
			</object>
			<object name="LeF5600">
				<integer name="Country" value="4"/>
				<float name="ER" value="50."/>
				<string name="Hull" value="Std_SmokeStack"/>
				<string name="Name" value="Stern_SmokeStack"/>
				<string name="TypHL" value="Hull"/>
				<string name="UnitName" value="LeFantasque"/>
			</object>
			<object name="LeF7708">
				<integer name="Country" value="4"/>
				<float name="ER" value="100."/>
				<string name="Hull" value="LeFantasque_Ordinary"/>
				<string name="Name" value="Middle3_Bottom"/>
				<string name="TypHL" value="FuelTank"/>
				<string name="UnitName" value="LeFantasque"/>
			</object>
		</object>
		<object name="Hulls"> 
			<object name="LeFantasque_AmmoStore">
				<integer name="Back" value="40"/>
				<integer name="Bottom" value="40"/>
				<integer name="Country" value="4"/>
				<float name="ExplProb" value="20."/>
				<float name="FireProb" value="20."/>
				<integer name="Front" value="40"/>
				<integer name="Left" value="40"/>
				<string name="Material" value="Armored"/>
				<integer name="Right" value="40"/>
				<integer name="Top" value="40"/>
				<integer name="UnitName" value="0"/>
				<string name="UnitTyp" value="Ship"/>
			</object> 	    
			<object name="LeFantasque_Battlecabin">
				<integer name="Back" value="30"/>
				<integer name="Bottom" value="30"/>
				<integer name="Country" value="4"/>
				<float name="ExplProb" value="0."/>
				<float name="FireProb" value="5."/>
				<integer name="Front" value="30"/>
				<integer name="Left" value="30"/>
				<string name="Material" value="Armored"/>
				<integer name="Right" value="30"/>
				<integer name="Top" value="30"/>
				<integer name="UnitName" value="0"/>
				<string name="UnitTyp" value="Ship"/>
			</object> 
			<object name="LeFantasque_Ordinary">
				<integer name="Back" value="25"/>
				<integer name="Bottom" value="15"/>
				<integer name="Country" value="4"/>
				<float name="ExplProb" value="0."/>
				<float name="FireProb" value="5."/>
				<integer name="Front" value="25"/>
				<integer name="Left" value="25"/>
				<string name="Material" value="Steel"/>
				<integer name="Right" value="25"/>
				<integer name="Top" value="15"/>
				<integer name="UnitName" value="0"/>
				<string name="UnitTyp" value="Ship"/>
			</object>
		</object>
		<object name="ShipsNames">
			<object name="LeFantasque">
				<string name="1" value="LeFantasque1"/>
				<string name="2" value="LeFantasque2"/>	
				<string name="3" value="LeFantasque3"/>
				<string name="4" value="LeFantasque4"/>
				<string name="5" value="LeFantasque5"/>
				<string name="6" value="LeFantasque6"/>
			</object>
		</object>
		<object name="UnitsByType">
			<object name="4">
				<object name="LeFantasque">
					<string name="ChildTable" value="Ships"/>
				</object>
			</object>
		</object>
	</object>
</root>
