﻿<?xml version="1.0" standalone="yes" ?>
<root>
	<object name="Modifications">
		<object name="Ships">
			<object name="PrinceOW">
				<object name="Prototype">
					<string name="AAGunControl" value="Mark0_AA"/>
					<float name="AAVolleyWeight" value="11.8036003"/>
					<float name="Aluminium" value="0."/>
					<float name="AmmoWeight" value="1152.44006"/>
					<float name="Armour" value="0."/>
					<float name="FuelConsumption" value="3.70640397"/>
					<float name="FuelProtect" value="0."/>
					<string name="FullModName" value="Ships.PrinceOW.Prototype"/>
					<float name="Iron" value="67404.2969"/>
					<boolean name="IsAvailable" value="true"/>
					<boolean name="IsJammer" value="false"/>
					<string name="MainGunControl" value="Mk_7_M"/>
					<float name="MaxFuel" value="3770."/>
					<float name="MaxSpeed" value="28.5"/>
					<float name="MinSpeed" value="0."/>
					<float name="Money" value="64763."/>
					<widestring name="Name" value="QgBhAHQAdABsAGUAcwBoAGkAcAAgAFAAcgBpAG4AYwBlACAAbwBmACAAVwBhAGwAZQBzAAA="/>
					<float name="RadarRange" value="0."/>
					<float name="RadioGain" value="32258.0645"/>
					<float name="RadioPowerHF" value="100."/>
					<float name="RadioPowerVHF" value="0."/>
					<float name="RadioSensitivityHF" value="3.10000009e-003"/>
					<float name="RadioSensitivityVHF" value="0."/>
					<object name="Slots">
						<object name="TPort_Anton">
							<string name="Device" value="KingGeorgV_Gun_356x4_Turret_A"/>
							<string name="Table" value="Turrets"/>
						</object>
						<object name="TPort_Bruno">
							<string name="Device" value="KingGeorgV_Gun_356x2_Turret_B"/>
							<string name="Table" value="Turrets"/>
						</object>
						<object name="TPort_Dora">
							<string name="Device" value="KingGeorgV_Gun_356x4_Turret_D"/>
							<string name="Table" value="Turrets"/>
						</object>
						<object name="TPort_133mmF1R">
							<string name="Device" value="KingGeorgV_Gun_133x2_Turret"/>
							<string name="Table" value="Turrets"/>
						</object>
						<object name="TPort_133mmF1L">
							<string name="Device" value="KingGeorgV_Gun_133x2_Turret"/>
							<string name="Table" value="Turrets"/>
						</object>
						<object name="TPort_133mmF2R">
							<string name="Device" value="KingGeorgV_Gun_133x2_Turret"/>
							<string name="Table" value="Turrets"/>
						</object>
						<object name="TPort_133mmF2L">
							<string name="Device" value="KingGeorgV_Gun_133x2_Turret"/>
							<string name="Table" value="Turrets"/>
						</object>
						<object name="TPort_133mmB1R">
							<string name="Device" value="KingGeorgV_Gun_133x2_Turret"/>
							<string name="Table" value="Turrets"/>
						</object>
						<object name="TPort_133mmB1L">
							<string name="Device" value="KingGeorgV_Gun_133x2_Turret"/>
							<string name="Table" value="Turrets"/>
						</object>
						<object name="TPort_133mmB2R">
							<string name="Device" value="KingGeorgV_Gun_133x2_Turret"/>
							<string name="Table" value="Turrets"/>
						</object>
						<object name="TPort_133mmB2L">
							<string name="Device" value="KingGeorgV_Gun_133x2_Turret"/>
							<string name="Table" value="Turrets"/>
						</object>
						<object name="TPort_AA40mmF1R">
							<string name="Device" value="Hood_Gun_40x8_Turret"/>
							<string name="Table" value="Turrets"/>
						</object>

						<object name="TPort_AA40mmF1L">
							<string name="Device" value="Hood_Gun_40x8_Turret"/>
							<string name="Table" value="Turrets"/>
						</object> 
						<object name="TPort_AA40mmF2R">
							<string name="Device" value="Hood_Gun_40x8_Turret"/>
							<string name="Table" value="Turrets"/>
						</object>

						<object name="TPort_AA40mmF2L">
							<string name="Device" value="Hood_Gun_40x8_Turret"/>
							<string name="Table" value="Turrets"/>
						</object>
						<object name="TPort_AA40mmB1R">
							<string name="Device" value="Hood_Gun_40x8_Turret"/>
							<string name="Table" value="Turrets"/>
						</object>
						<object name="TPort_AA40mmB1L">
							<string name="Device" value="Hood_Gun_40x8_Turret"/>
							<string name="Table" value="Turrets"/>
						</object>
						<object name="TPort_AA40mmB2R">
							<string name="Device" value="Hood_Gun_40x8_Turret"/>
							<string name="Table" value="Turrets"/>
						</object>
						<object name="TPort_AA40mmB2L">
							<string name="Device" value="Hood_Gun_40x8_Turret"/>
							<string name="Table" value="Turrets"/>
						</object>
						<object name="TPort_AAQF">
							<string name="Device" value="Hood_Gun_20x4_Turret"/>
							<string name="Table" value="Turrets"/>
						</object>
						<object name="TPort_AAQF1R">
							<string name="Device" value="Hood_Gun_20x4_Turret"/>
							<string name="Table" value="Turrets"/>
						</object>
						<object name="TPort_AAQF1L">
							<string name="Device" value="Hood_Gun_20x4_Turret"/>
							<string name="Table" value="Turrets"/>
						</object>
						<object name="TPort_AAQF2R">
							<string name="Device" value="Hood_Gun_20x4_Turret"/>
							<string name="Table" value="Turrets"/>
						</object>
						<object name="TPort_AAQF2L">
							<string name="Device" value="Hood_Gun_20x4_Turret"/>
							<string name="Table" value="Turrets"/>
						</object>
						<object name="TPort_AAQB1R">
							<string name="Device" value="Hood_Gun_20x4_Turret"/>
							<string name="Table" value="Turrets"/>
						</object>
						<object name="TPort_AAQB1L">
							<string name="Device" value="Hood_Gun_20x4_Turret"/>
							<string name="Table" value="Turrets"/>
						</object>
						<object name="TPort_AAQB2R">
							<string name="Device" value="Hood_Gun_20x4_Turret"/>
							<string name="Table" value="Turrets"/>
						</object>
						<object name="TPort_AAQB2L">
							<string name="Device" value="Hood_Gun_20x4_Turret"/>
							<string name="Table" value="Turrets"/>
						</object> 
						<object name="TPort_AAQB">
							<string name="Device" value="Hood_Gun_20x4_Turret"/>
							<string name="Table" value="Turrets"/>
						</object>
						<object name="TPort_AA20mmF1R">
							<string name="Device" value="Turret_20x1_ENG"/>
							<string name="Table" value="Turrets"/>
						</object>
						<object name="TPort_AA20mmF1L">
							<string name="Device" value="Turret_20x1_ENG"/>
							<string name="Table" value="Turrets"/>
						</object>
						<object name="TPort_AA20mmF2R">
							<string name="Device" value="Turret_20x1_ENG"/>
							<string name="Table" value="Turrets"/>
						</object>
						<object name="TPort_AA20mmF2L">
							<string name="Device" value="Turret_20x1_ENG"/>
							<string name="Table" value="Turrets"/>
						</object>
						<object name="TPort_AA20mmF3R">
							<string name="Device" value="Turret_20x1_ENG"/>
							<string name="Table" value="Turrets"/>
						</object>
						<object name="TPort_AA20mmF3L">
							<string name="Device" value="Turret_20x1_ENG"/>
							<string name="Table" value="Turrets"/>
						</object>
						<object name="TPort_AA20mmF4R">
							<string name="Device" value="Turret_20x1_ENG"/>
							<string name="Table" value="Turrets"/>
						</object>
						<object name="TPort_AA20mmF4L">
							<string name="Device" value="Turret_20x1_ENG"/>
							<string name="Table" value="Turrets"/>
						</object>
						<object name="TPort_AA20mmF5R">
							<string name="Device" value="Turret_20x1_ENG"/>
							<string name="Table" value="Turrets"/>
						</object>
						<object name="TPort_AA20mmF5L">
							<string name="Device" value="Turret_20x1_ENG"/>
							<string name="Table" value="Turrets"/>
						</object>
						<object name="TPort_AA20mmF6R">
							<string name="Device" value="Turret_20x1_ENG"/>
							<string name="Table" value="Turrets"/>
						</object>
						<object name="TPort_AA20mmF6L">
							<string name="Device" value="Turret_20x1_ENG"/>
							<string name="Table" value="Turrets"/>
						</object>
						<object name="TPort_AA20mmF7R">
							<string name="Device" value="Turret_20x1_ENG"/>
							<string name="Table" value="Turrets"/>
						</object>
						<object name="TPort_AA20mmF7L">
							<string name="Device" value="Turret_20x1_ENG"/>
							<string name="Table" value="Turrets"/>
						</object>
						<object name="TPort_AA20mmF8R">
							<string name="Device" value="Turret_20x1_ENG"/>
							<string name="Table" value="Turrets"/>
						</object>
						<object name="TPort_AA20mmF8L">
							<string name="Device" value="Turret_20x1_ENG"/>
							<string name="Table" value="Turrets"/>
						</object>
						<object name="TPort_AA20mmF9R">
							<string name="Device" value="Turret_20x1_ENG"/>
							<string name="Table" value="Turrets"/>
						</object>
						<object name="TPort_AA20mmF9L">
							<string name="Device" value="Turret_20x1_ENG"/>
							<string name="Table" value="Turrets"/>
						</object>  
						<object name="TPort_AA20mmF10R">
							<string name="Device" value="Turret_20x1_ENG"/>
							<string name="Table" value="Turrets"/>
						</object>
						<object name="TPort_AA20mmF10L">
							<string name="Device" value="Turret_20x1_ENG"/>
							<string name="Table" value="Turrets"/>
						</object>
						<object name="TPort_ProjF1R">
							<string name="Device" value="Britain_Projector"/>
							<string name="Table" value="Turrets"/>
						</object> 
						<object name="TPort_ProjF1L">
							<string name="Device" value="Britain_Projector"/>
							<string name="Table" value="Turrets"/>
						</object>
						<object name="TPort_ProjF2R">
							<string name="Device" value="Britain_Projector"/>
							<string name="Table" value="Turrets"/>
						</object> 
						<object name="TPort_ProjF2L">
							<string name="Device" value="Britain_Projector"/>
							<string name="Table" value="Turrets"/>
						</object>
						<object name="TPort_ProjMR">
							<string name="Device" value="Britain_Projector"/>
							<string name="Table" value="Turrets"/>
						</object>
						<object name="TPort_ProjML">
							<string name="Device" value="Britain_Projector"/>
							<string name="Table" value="Turrets"/>
						</object>
						<object name="TPort_ProjBR">
							<string name="Device" value="Britain_Projector"/>
							<string name="Table" value="Turrets"/>
						</object> 
						<object name="TPort_ProjBL">
							<string name="Device" value="Britain_Projector"/>
							<string name="Table" value="Turrets"/>
						</object>


						<object name="TPort_RF01FR">
							<string name="Device" value="KingGeorgV_RF_275"/>
							<string name="Table" value="Turrets"/>
						</object>
						<object name="TPort_RF02FL">
							<string name="Device" value="KingGeorgV_RF_275"/>
							<string name="Table" value="Turrets"/>
						</object>
						<object name="TPort_RF03BR">
							<string name="Device" value="KingGeorgV_RF_285"/>
							<string name="Table" value="Turrets"/>
						</object>
						<object name="TPort_RF04BL">
							<string name="Device" value="KingGeorgV_RF_285"/>
							<string name="Table" value="Turrets"/>
						</object>
						<object name="TPort_RF3mR">
							<string name="Device" value="KingGeorgV_RF_285"/>
							<string name="Table" value="Turrets"/>
						</object>
						<object name="TPort_RF3mL">
							<string name="Device" value="KingGeorgV_RF_285"/>
							<string name="Table" value="Turrets"/>
						</object>
						<object name="TPort_RF4mF1">
							<string name="Device" value="Hood_RF_9feet_2V"/>
							<string name="Table" value="Turrets"/>
						</object>
						<object name="TPort_RF4mF2">
							<string name="Device" value="Traibal_RF"/>
							<string name="Table" value="Turrets"/>
						</object>
						<object name="TPort_RF4mB">
							<string name="Device" value="Traibal_RF"/>
							<string name="Table" value="Turrets"/>
						</object>
						<object name="TPort_RADAR1">
							<string name="Device" value="KingGeorgV_RF_274"/>
							<string name="Table" value="Turrets"/>
						</object>
						<object name="TPort_RADAR2">
							<string name="Device" value="KingGeorgV_RF_274"/>
							<string name="Table" value="Turrets"/>
						</object>


						<object name="TPort_VINTFR">
							<string name="Device" value="Vint_Bismark"/>
							<string name="Table" value="Turrets"/>
						</object>
						<object name="TPort_VINTFL">
							<string name="Device" value="Vint_Bismark"/>
							<string name="Table" value="Turrets"/>
						</object>
						<object name="TPort_VINTBR">
							<string name="Device" value="Vint_Bismark"/>
							<string name="Table" value="Turrets"/>
						</object>
						<object name="TPort_VINTBL">
							<string name="Device" value="Vint_Bismark"/>
							<string name="Table" value="Turrets"/>
						</object>
						<object name="TPort_KRANR">
							<string name="Device" value="Queen_Crane"/>
							<string name="Table" value="Turrets"/>
						</object>
						<object name="TPort_KRANL">
							<string name="Device" value="Queen_Crane"/>
							<string name="Table" value="Turrets"/>
						</object>
						<object name="TPort_KATAPULT">
							<string name="Device" value="KingGeorgV_Katapulta"/>
							<string name="Table" value="Turrets"/>
						</object>	
						<object name="ZPort_AAGunContr1">
							<string name="Device" value="Mark0_AA"/>
							<string name="Table" value="AimSystems"/>
						</object>
						<object name="ZPort_Jammer_US_A1">
							<string name="Device" value=""/>
							<string name="Table" value="Probes"/>
						</object>
						<object name="ZPort_MainGunContr">
							<string name="Device" value="Mk_7_M"/>
							<string name="Table" value="AimSystems"/>
						</object>
						<object name="ZPort_Radio">
							<string name="Device" value="TBL7"/>
							<string name="Table" value="Probes"/>
						</object>
						<object name="ZPort_Sonar">
							<string name="Device" value="SearchLight_E"/>
							<string name="Table" value="Probes"/>
						</object>
						<object name="ZPort_SteamTurbine_01">
							<string name="Device" value="MPP_KingGeorgV"/>
							<string name="Table" value="Engins"/>
						</object>
					</object>
					<string name="Sonar" value="SearchLight_E"/>
					<float name="Speed" value="10."/>
					<string name="SuperRifles" value=""/>
					<float name="VolleyWeight" value="18.7759991"/>
					<float name="Weight" value="48579.0469"/>
				</object>
			</object>
		</object>
	</object>
</root>