﻿<?xml version="1.0" standalone="yes" ?>
<root>
	<object name="Modifications">
		<object name="Ships">
			<object name="NewJersey">
				<object name="Prototype">
					<string name="AAGunControl" value="Mark12R_AA"/>
					<float name="AAVolleyWeight" value="11.8036003"/>
					<float name="Aluminium" value="0."/>
					<float name="AmmoWeight" value="1152.44006"/>
					<float name="Armour" value="0."/>
					<float name="FuelConsumption" value="3.70640397"/>
					<float name="FuelProtect" value="0."/>
					<string name="FullModName" value="Ships.NewJersey.Prototype"/>
					<float name="Iron" value="67404.2969"/>
					<boolean name="IsAvailable" value="true"/>
					<boolean name="IsJammer" value="false"/>
					<string name="MainGunControl" value="Mk_8R_M"/>
					<float name="MaxFuel" value="3770."/>
					<float name="MaxSpeed" value="28.5"/>
					<float name="MinSpeed" value="0."/>
					<float name="Money" value="64763."/>
					<widestring name="Name" value="INBhAHQAdABsAGUAcwBoAGkAcAAgAFAAcgBpAG4AYwBlACAAbwBmACAAVwBhAGwAZQBzAAA="/>
					<float name="RadarRange" value="0."/>
					<float name="RadioGain" value="32258.0645"/>
					<float name="RadioPowerHF" value="100."/>
					<float name="RadioPowerVHF" value="0."/>
					<float name="RadioSensitivityHF" value="3.10000009e-003"/>
					<float name="RadioSensitivityVHF" value="0."/>
					<object name="Slots">
						<object name="TPort_Anton">
							<string name="Device" value="Iowa_Main_Turret_A"/>
							<string name="Table" value="Turrets"/>
						</object>
						<object name="TPort_Bruno">
							<string name="Device" value="Iowa_Main_Turret_B"/>
							<string name="Table" value="Turrets"/>
						</object>
						<object name="TPort_Dora">
							<string name="Device" value="Iowa_Main_Turret_X"/>
							<string name="Table" value="Turrets"/>
						</object>
						<object name="TPort_2x127mmF1R">
							<string name="Device" value="Baltimor_Med_Turret"/>
							<string name="Table" value="Turrets"/>
						</object>
						<object name="TPort_2x127mmF1L">
							<string name="Device" value="Baltimor_Med_Turret"/>
							<string name="Table" value="Turrets"/>
						</object>
						<object name="TPort_2x127mmF2R">
							<string name="Device" value="Baltimor_Med_Turret"/>
							<string name="Table" value="Turrets"/>
						</object>
						<object name="TPort_2x127mmF2L">
							<string name="Device" value="Baltimor_Med_Turret"/>
							<string name="Table" value="Turrets"/>
						</object>
						<object name="TPort_2x127mmMR">
							<string name="Device" value="Baltimor_Med_Turret"/>
							<string name="Table" value="Turrets"/>
						</object>
						<object name="TPort_2x127mmML">
							<string name="Device" value="Baltimor_Med_Turret"/>
							<string name="Table" value="Turrets"/>
						</object>
						<object name="TPort_2x127mmB1R">
							<string name="Device" value="Baltimor_Med_Turret"/>
							<string name="Table" value="Turrets"/>
						</object>
						<object name="TPort_2x127mmB1L">
							<string name="Device" value="Baltimor_Med_Turret"/>
							<string name="Table" value="Turrets"/>
						</object>
						<object name="TPort_2x127mmB2R">
							<string name="Device" value="Baltimor_Med_Turret"/>
							<string name="Table" value="Turrets"/>
						</object>
						<object name="TPort_2x127mmB2L">
							<string name="Device" value="Baltimor_Med_Turret"/>
							<string name="Table" value="Turrets"/>
						</object>
						<object name="TPort_AA40mmF1R">
							<string name="Device" value="2x2x40mmBofors_US_Turret"/>
							<string name="Table" value="Turrets"/>
						</object>
						<object name="TPort_AA40mmF1L">
							<string name="Device" value="2x2x40mmBofors_US_Turret"/>
							<string name="Table" value="Turrets"/>
						</object> 
						<object name="TPort_AA40mmF2R">
							<string name="Device" value="2x2x40mmBofors_US_Turret"/>
							<string name="Table" value="Turrets"/>
						</object>
						<object name="TPort_AA40mmF2L">
							<string name="Device" value="2x2x40mmBofors_US_Turret"/>
							<string name="Table" value="Turrets"/>
						</object>
						<object name="TPort_AA40mmF3R">
							<string name="Device" value="2x2x40mmBofors_US_Turret"/>
							<string name="Table" value="Turrets"/>
						</object>
						<object name="TPort_AA40mmF3L">
							<string name="Device" value="2x2x40mmBofors_US_Turret"/>
							<string name="Table" value="Turrets"/>
						</object> 
						<object name="TPort_AA40mmF4R">
							<string name="Device" value="2x2x40mmBofors_US_Turret"/>
							<string name="Table" value="Turrets"/>
						</object>
						<object name="TPort_AA40mmF4L">
							<string name="Device" value="2x2x40mmBofors_US_Turret"/>
							<string name="Table" value="Turrets"/>
						</object>
						<object name="TPort_AA40mmF5R">
							<string name="Device" value="2x2x40mmBofors_US_Turret"/>
							<string name="Table" value="Turrets"/>
						</object>
						<object name="TPort_AA40mmF5L">
							<string name="Device" value="2x2x40mmBofors_US_Turret"/>
							<string name="Table" value="Turrets"/>
						</object> 
						<object name="TPort_AA40mmF6R">
							<string name="Device" value="2x2x40mmBofors_US_Turret"/>
							<string name="Table" value="Turrets"/>
						</object>
						<object name="TPort_AA40mmF6L">
							<string name="Device" value="2x2x40mmBofors_US_Turret"/>
							<string name="Table" value="Turrets"/>
						</object>
						<object name="TPort_AA40mmF7R">
							<string name="Device" value="2x2x40mmBofors_US_Turret"/>
							<string name="Table" value="Turrets"/>
						</object>
						<object name="TPort_AA40mmF7L">
							<string name="Device" value="2x2x40mmBofors_US_Turret"/>
							<string name="Table" value="Turrets"/>
						</object> 
						<object name="TPort_AA40mmF8R">
							<string name="Device" value="2x2x40mmBofors_US_Turret"/>
							<string name="Table" value="Turrets"/>
						</object>
						<object name="TPort_AA40mmF8L">
							<string name="Device" value="2x2x40mmBofors_US_Turret"/>
							<string name="Table" value="Turrets"/>
						</object>
						<object name="TPort_AA40mmF9R">
							<string name="Device" value="2x2x40mmBofors_US_Turret"/>
							<string name="Table" value="Turrets"/>
						</object>
						<object name="TPort_AA40mmF9L">
							<string name="Device" value="2x2x40mmBofors_US_Turret"/>
							<string name="Table" value="Turrets"/>
						</object> 
						<object name="TPort_AA40mmF10R">
							<string name="Device" value="2x2x40mmBofors_US_Turret"/>
							<string name="Table" value="Turrets"/>
						</object>
						<object name="TPort_AA40mmF10L">
							<string name="Device" value="2x2x40mmBofors_US_Turret"/>
							<string name="Table" value="Turrets"/>
						</object>
						<object name="TPort_AA20mmF1R">
							<string name="Device" value="Turret_20x1_USA"/>
							<string name="Table" value="Turrets"/>
						</object>
						<object name="TPort_AA20mmF1L">
							<string name="Device" value="Turret_20x1_USA"/>
							<string name="Table" value="Turrets"/>
						</object>
						<object name="TPort_AA20mmF2R">
							<string name="Device" value="Turret_20x1_USA"/>
							<string name="Table" value="Turrets"/>
						</object>
						<object name="TPort_AA20mmF2L">
							<string name="Device" value="Turret_20x1_USA"/>
							<string name="Table" value="Turrets"/>
						</object>
						<object name="TPort_AA20mmF3R">
							<string name="Device" value="Turret_20x1_USA"/>
							<string name="Table" value="Turrets"/>
						</object>
						<object name="TPort_AA20mmF3L">
							<string name="Device" value="Turret_20x1_USA"/>
							<string name="Table" value="Turrets"/>
						</object>
						<object name="TPort_AA20mmF4R">
							<string name="Device" value="Turret_20x1_USA"/>
							<string name="Table" value="Turrets"/>
						</object>
						<object name="TPort_AA20mmF4L">
							<string name="Device" value="Turret_20x1_USA"/>
							<string name="Table" value="Turrets"/>
						</object>
						<object name="TPort_AA20mmF5R">
							<string name="Device" value="Turret_20x1_USA"/>
							<string name="Table" value="Turrets"/>
						</object>
						<object name="TPort_AA20mmF5L">
							<string name="Device" value="Turret_20x1_USA"/>
							<string name="Table" value="Turrets"/>
						</object>
						<object name="TPort_AA20mmF6R">
							<string name="Device" value="Turret_20x1_USA"/>
							<string name="Table" value="Turrets"/>
						</object>
						<object name="TPort_AA20mmF6L">
							<string name="Device" value="Turret_20x1_USA"/>
							<string name="Table" value="Turrets"/>
						</object>
						<object name="TPort_AA20mmF7R">
							<string name="Device" value="Turret_20x1_USA"/>
							<string name="Table" value="Turrets"/>
						</object>
						<object name="TPort_AA20mmF7L">
							<string name="Device" value="Turret_20x1_USA"/>
							<string name="Table" value="Turrets"/>
						</object>
						<object name="TPort_AA20mmF8R">
							<string name="Device" value="Turret_20x1_USA"/>
							<string name="Table" value="Turrets"/>
						</object>
						<object name="TPort_AA20mmF8L">
							<string name="Device" value="Turret_20x1_USA"/>
							<string name="Table" value="Turrets"/>
						</object>
						<object name="TPort_AA20mmF9R">
							<string name="Device" value="Turret_20x1_USA"/>
							<string name="Table" value="Turrets"/>
						</object>
						<object name="TPort_AA20mmF9L">
							<string name="Device" value="Turret_20x1_USA"/>
							<string name="Table" value="Turrets"/>
						</object>  
						<object name="TPort_AA20mmF10R">
							<string name="Device" value="Turret_20x1_USA"/>
							<string name="Table" value="Turrets"/>
						</object>
						<object name="TPort_AA20mmF10L">
							<string name="Device" value="Turret_20x1_USA"/>
							<string name="Table" value="Turrets"/>
						</object>
						<object name="TPort_AA20mmF11R">
							<string name="Device" value="Turret_20x1_USA"/>
							<string name="Table" value="Turrets"/>
						</object>
						<object name="TPort_AA20mmF11L">
							<string name="Device" value="Turret_20x1_USA"/>
							<string name="Table" value="Turrets"/>
						</object>
						<object name="TPort_AA20mmF12R">
							<string name="Device" value="Turret_20x1_USA"/>
							<string name="Table" value="Turrets"/>
						</object>
						<object name="TPort_AA20mmF12L">
							<string name="Device" value="Turret_20x1_USA"/>
							<string name="Table" value="Turrets"/>
						</object>
						<object name="TPort_AA20mmF13R">
							<string name="Device" value="Turret_20x1_USA"/>
							<string name="Table" value="Turrets"/>
						</object>
						<object name="TPort_AA20mmF13L">
							<string name="Device" value="Turret_20x1_USA"/>
							<string name="Table" value="Turrets"/>
						</object>
						<object name="TPort_AA20mmF14R">
							<string name="Device" value="Turret_20x1_USA"/>
							<string name="Table" value="Turrets"/>
						</object>
						<object name="TPort_AA20mmF14L">
							<string name="Device" value="Turret_20x1_USA"/>
							<string name="Table" value="Turrets"/>
						</object>
						<object name="TPort_AA20mmF15R">
							<string name="Device" value="Turret_20x1_USA"/>
							<string name="Table" value="Turrets"/>
						</object>
						<object name="TPort_AA20mmF15L">
							<string name="Device" value="Turret_20x1_USA"/>
							<string name="Table" value="Turrets"/>
						</object>
						<object name="TPort_AA20mmF16R">
							<string name="Device" value="Turret_20x1_USA"/>
							<string name="Table" value="Turrets"/>
						</object>
						<object name="TPort_AA20mmF16L">
							<string name="Device" value="Turret_20x1_USA"/>
							<string name="Table" value="Turrets"/>
						</object>
						<object name="TPort_AA20mmF17R">
							<string name="Device" value="Turret_20x1_USA"/>
							<string name="Table" value="Turrets"/>
						</object>
						<object name="TPort_AA20mmF17L">
							<string name="Device" value="Turret_20x1_USA"/>
							<string name="Table" value="Turrets"/>
						</object>
						<object name="TPort_AA20mmF18R">
							<string name="Device" value="Turret_20x1_USA"/>
							<string name="Table" value="Turrets"/>
						</object>
						<object name="TPort_AA20mmF18L">
							<string name="Device" value="Turret_20x1_USA"/>
							<string name="Table" value="Turrets"/>
						</object>
						<object name="TPort_AA20mmF19R">
							<string name="Device" value="Turret_20x1_USA"/>
							<string name="Table" value="Turrets"/>
						</object>
						<object name="TPort_AA20mmF19L">
							<string name="Device" value="Turret_20x1_USA"/>
							<string name="Table" value="Turrets"/>
						</object>
						<object name="TPort_AA20mmF20R">
							<string name="Device" value="Turret_20x1_USA"/>
							<string name="Table" value="Turrets"/>
						</object>
						<object name="TPort_AA20mmF20L">
							<string name="Device" value="Turret_20x1_USA"/>
							<string name="Table" value="Turrets"/>
						</object>
						<object name="TPort_AA20mmF21R">
							<string name="Device" value="Turret_20x1_USA"/>
							<string name="Table" value="Turrets"/>
						</object>
						<object name="TPort_AA20mmF21L">
							<string name="Device" value="Turret_20x1_USA"/>
							<string name="Table" value="Turrets"/>
						</object>
						<object name="TPort_AA20mmF22R">
							<string name="Device" value="Turret_20x1_USA"/>
							<string name="Table" value="Turrets"/>
						</object>
						<object name="TPort_AA20mmF22L">
							<string name="Device" value="Turret_20x1_USA"/>
							<string name="Table" value="Turrets"/>
						</object>
						<object name="TPort_AA20mmF23R">
							<string name="Device" value="Turret_20x1_USA"/>
							<string name="Table" value="Turrets"/>
						</object>
						<object name="TPort_AA20mmF23L">
							<string name="Device" value="Turret_20x1_USA"/>
							<string name="Table" value="Turrets"/>
						</object>
						<object name="TPort_AA20mmF24R">
							<string name="Device" value="Turret_20x1_USA"/>
							<string name="Table" value="Turrets"/>
						</object>
						<object name="TPort_AA20mmF24L">
							<string name="Device" value="Turret_20x1_USA"/>
							<string name="Table" value="Turrets"/>
						</object>
						<object name="TPort_AA20mmF25R">
							<string name="Device" value="Turret_20x1_USA"/>
							<string name="Table" value="Turrets"/>
						</object>
						<object name="TPort_AA20mmF25L">
							<string name="Device" value="Turret_20x1_USA"/>
							<string name="Table" value="Turrets"/>
						</object>
						<object name="TPort_AA20mmF26R">
							<string name="Device" value="Turret_20x1_USA"/>
							<string name="Table" value="Turrets"/>
						</object>
						<object name="TPort_AA20mmF26L">
							<string name="Device" value="Turret_20x1_USA"/>
							<string name="Table" value="Turrets"/>
						</object>
						<object name="TPort_AA20mmF27R">
							<string name="Device" value="Turret_20x1_USA"/>
							<string name="Table" value="Turrets"/>
						</object>
						<object name="TPort_AA20mmF27L">
							<string name="Device" value="Turret_20x1_USA"/>
							<string name="Table" value="Turrets"/>
						</object>
						<object name="TPort_AA20mmF28R">
							<string name="Device" value="Turret_20x1_USA"/>
							<string name="Table" value="Turrets"/>
						</object>
						<object name="TPort_AA20mmF28L">
							<string name="Device" value="Turret_20x1_USA"/>
							<string name="Table" value="Turrets"/>
						</object>
						<object name="TPort_ProjF">
							<string name="Device" value="Projector"/>
							<string name="Table" value="Turrets"/>
						</object> 
						<object name="TPort_ProjF1R">
							<string name="Device" value="Projector"/>
							<string name="Table" value="Turrets"/>
						</object> 
						<object name="TPort_ProjF1L">
							<string name="Device" value="Projector"/>
							<string name="Table" value="Turrets"/>
						</object>
						<object name="TPort_ProjF2R">
							<string name="Device" value="Projector"/>
							<string name="Table" value="Turrets"/>
						</object> 
						<object name="TPort_ProjF2L">
							<string name="Device" value="Projector"/>
							<string name="Table" value="Turrets"/>
						</object>


						<object name="TPort_RF01FR">
							<string name="Device" value="AA_Director_Mk37"/>
							<string name="Table" value="Turrets"/>
						</object>
						<object name="TPort_RF02FL">
							<string name="Device" value="AA_Director_Mk37"/>
							<string name="Table" value="Turrets"/>
						</object>
						<object name="TPort_RF03BR">
							<string name="Device" value="AA_Director_Mk37"/>
							<string name="Table" value="Turrets"/>
						</object>
						<object name="TPort_RF04BL">
							<string name="Device" value="AA_Director_Mk37"/>
							<string name="Table" value="Turrets"/>
						</object>
						<object name="TPort_RF_Mk52_F">
							<string name="Device" value="RangeFinder_Mk52"/>
							<string name="Table" value="Turrets"/>
						</object>
						<object name="TPort_RF_Mk52_FR1">
							<string name="Device" value="RangeFinder_Mk52"/>
							<string name="Table" value="Turrets"/>
						</object>
						<object name="TPort_RF_Mk52_FL1">
							<string name="Device" value="RangeFinder_Mk52"/>
							<string name="Table" value="Turrets"/>
						</object>
						<object name="TPort_RF_Mk52_FR2">
							<string name="Device" value="RangeFinder_Mk52"/>
							<string name="Table" value="Turrets"/>
						</object>
						<object name="TPort_RF_Mk52_FL2">
							<string name="Device" value="RangeFinder_Mk52"/>
							<string name="Table" value="Turrets"/>
						</object>
						<object name="TPort_RF_Mk52_FR3">
							<string name="Device" value="RangeFinder_Mk52"/>
							<string name="Table" value="Turrets"/>
						</object>
						<object name="TPort_RF_Mk52_FL3">
							<string name="Device" value="RangeFinder_Mk52"/>
							<string name="Table" value="Turrets"/>
						</object>
						<object name="TPort_RF_Mk52_FR4">
							<string name="Device" value="RangeFinder_Mk52"/>
							<string name="Table" value="Turrets"/>
						</object>
						<object name="TPort_RF_Mk52_FL4">
							<string name="Device" value="RangeFinder_Mk52"/>
							<string name="Table" value="Turrets"/>
						</object>
						<object name="TPort_RF_Mk52_B">
							<string name="Device" value="RangeFinder_Mk52"/>
							<string name="Table" value="Turrets"/>
						</object>
						<object name="TPort_RADAR1">
							<string name="Device" value="Ajova_Radar_MK38"/>
							<string name="Table" value="Turrets"/>
						</object>
						<object name="TPort_RADAR2">
							<string name="Device" value="Ajova_Radar_MK38"/>
							<string name="Table" value="Turrets"/>
						</object>
						<object name="TPort_RADAR3">
							<string name="Device" value="Ajova_Radar_SR"/>
							<string name="Table" value="Turrets"/>
						</object>

						<object name="TPort_VINTFR">
							<string name="Device" value="Vint_Bismark"/>
							<string name="Table" value="Turrets"/>
						</object>
						<object name="TPort_VINTFL">
							<string name="Device" value="Vint_Bismark"/>
							<string name="Table" value="Turrets"/>
						</object>
						<object name="TPort_VINTBR">
							<string name="Device" value="Vint_Bismark"/>
							<string name="Table" value="Turrets"/>
						</object>
						<object name="TPort_VINTBL">
							<string name="Device" value="Vint_Bismark"/>
							<string name="Table" value="Turrets"/>
						</object>
						<object name="TPort_KATAPULTR">
							<string name="Device" value="Katapulta"/>
							<string name="Table" value="Turrets"/>
						</object>
						<object name="TPort_KATAPULTL">
							<string name="Device" value="Katapulta"/>
							<string name="Table" value="Turrets"/>
						</object>	
						<object name="ZPort_AAGunContr1">
							<string name="Device" value="Mark12R_AA"/>
							<string name="Table" value="AimSystems"/>
						</object>
						<object name="ZPort_Jammer_US_A1">
							<string name="Device" value="Jammer_US_A"/>
							<string name="Table" value="Probes"/>
						</object>
						<object name="ZPort_MainGunContr">
							<string name="Device" value="Mk_8R_M"/>
							<string name="Table" value="AimSystems"/>
						</object>
						<object name="ZPort_Radio">
							<string name="Device" value="TBS"/>
							<string name="Table" value="Probes"/>
						</object>
						<object name="ZPort_Sonar">
							<string name="Device" value=""/>
							<string name="Table" value="Probes"/>
						</object>
						<object name="ZPort_SteamTurbine_01">
							<string name="Device" value="MPP_Iowa"/>
							<string name="Table" value="Engins"/>
						</object>
					</object>
					<string name="Sonar" value=""/>
					<float name="Speed" value="10."/>
					<string name="SuperRifles" value=""/>
					<float name="VolleyWeight" value="18.7759991"/>
					<float name="Weight" value="48579.0469"/>
				</object>
			</object>
		</object>
	</object>
</root>