<?xml version="1.0" standalone="yes" ?>
<root>
	<object name="SteelMonstersParams">
		<object name="Engins">
			<object name="MPP_Chitose">
				<float name="Consumption" value="5.5e-004"/>
				<integer name="Country" value="2"/>
				<float name="Iron" value="1000."/>
				<float name="Money" value="800."/>
				<integer name="Power_Max" value="56800"/>
				<integer name="RPM_Max" value="0"/>
				<integer name="Type" value="8"/>
				<integer name="Unreliability" value="10"/>
				<string name="Usage" value="Ships"/>
				<float name="Weight" value="1000."/>
			</object>
		</object>
		<object name="Hit_Location">
			<object name="Chi9264">
				<integer name="Country" value="2"/>
				<float name="ER" value="100."/>
				<string name="Hull" value="Std_SmokeStack"/>
				<string name="Name" value="SternSmokeStack"/>
				<string name="TypHL" value="Hull"/>
				<string name="UnitName" value="Chitose"/>
			</object>
			<object name="Chi9265">
				<integer name="Country" value="2"/>
				<float name="ER" value="100."/>
				<string name="Hull" value="Std_SmokeStack"/>
				<string name="Name" value="BowSmokeStacks"/>
				<string name="TypHL" value="Hull"/>
				<string name="UnitName" value="Chitose"/>
			</object>
			<object name="Chi9708">
				<integer name="Country" value="2"/>
				<integer name="Crew" value="67"/>
				<float name="ER" value="200."/>
				<string name="Hull" value="Std_Superstructure"/>
				<string name="Name" value="Bow_LSuperstructure"/>
				<string name="TypHL" value="Crew"/>
				<string name="UnitName" value="Chitose"/>
			</object>
			<object name="Chi9709">
				<integer name="Country" value="2"/>
				<integer name="Crew" value="67"/>
				<float name="ER" value="200."/>
				<string name="Hull" value="Std_Superstructure"/>
				<string name="Name" value="Bow_MSuperstructure"/>
				<string name="TypHL" value="Crew"/>
				<string name="UnitName" value="Chitose"/>
			</object>
			<object name="Chi9710">
				<integer name="Country" value="2"/>
				<integer name="Crew" value="67"/>
				<float name="ER" value="300."/>
				<string name="Hull" value="Chitose_BattleCabine"/>
				<string name="Name" value="Bow_TSuperstructure"/>
				<string name="TypHL" value="Crew"/>
				<string name="UnitName" value="Chitose"/>
			</object>
			<object name="Chi9711">
				<integer name="Country" value="2"/>
				<integer name="Crew" value="67"/>
				<float name="ER" value="200."/>
				<string name="Hull" value="Std_Superstructure"/>
				<string name="Name" value="Stern_USuperstructure"/>
				<string name="TypHL" value="Crew"/>
				<string name="UnitName" value="Chitose"/>
			</object>
			<object name="Chi9712">
				<integer name="Country" value="2"/>
				<integer name="Crew" value="67"/>
				<float name="ER" value="200."/>
				<string name="Hull" value="Std_Superstructure"/>
				<string name="Name" value="Stern_LSuperstructure"/>
				<string name="TypHL" value="Crew"/>
				<string name="UnitName" value="Chitose"/>
			</object>
			<object name="Chi9713">
				<integer name="Country" value="2"/>
				<integer name="Crew" value="67"/>
				<float name="ER" value="200."/>
				<string name="Hull" value="Std_Superstructure"/>
				<string name="Name" value="Bow_USuperstructure"/>
				<string name="TypHL" value="Crew"/>
				<string name="UnitName" value="Chitose"/>
			</object>
			<object name="Chi9714">
				<integer name="Country" value="2"/>
				<float name="ER" value="300."/>
				<string name="Hull" value="Chitose_Barbet"/>
				<string name="Name" value="Barbet1"/>
				<string name="TypHL" value="AmmoStore"/>
				<string name="UnitName" value="Chitose"/>
			</object>
			<object name="Chi9715">
				<integer name="Country" value="2"/>
				<float name="ER" value="300."/>
				<string name="Hull" value="Chitose_Barbet"/>
				<string name="Name" value="Barbet2"/>
				<string name="TypHL" value="AmmoStore"/>
				<string name="UnitName" value="Chitose"/>
			</object>
			<object name="Chi9716">
				<integer name="Country" value="2"/>
				<float name="ER" value="300."/>
				<string name="Hull" value="Chitose_Barbet"/>
				<string name="Name" value="Barbet3"/>
				<string name="TypHL" value="AmmoStore"/>
				<string name="UnitName" value="Chitose"/>
			</object>
			<object name="Chi9717">
				<integer name="Country" value="2"/>
				<float name="ER" value="300."/>
				<string name="Hull" value="Chitose_Barbet"/>
				<string name="Name" value="Barbet4"/>
				<string name="TypHL" value="AmmoStore"/>
				<string name="UnitName" value="Chitose"/>
			</object>
			<object name="Chi9718">
				<string name="ConnectName" value="Engine1"/>
				<integer name="Country" value="2"/>
				<float name="ER" value="100."/>
				<string name="Hull" value="Std_Mover"/>
				<string name="Name" value="Mover1"/>
				<string name="TypHL" value="Mover"/>
				<string name="UnitName" value="Chitose"/>
			</object>
			<object name="Chi9719">
				<string name="ConnectName" value="Engine2"/>
				<integer name="Country" value="2"/>
				<float name="ER" value="100."/>
				<string name="Hull" value="Std_Mover"/>
				<string name="Name" value="Mover2"/>
				<string name="TypHL" value="Mover"/>
				<string name="UnitName" value="Chitose"/>
			</object>
			<object name="Chi9720">
				<string name="ConnectName" value="Engine3"/>
				<integer name="Country" value="2"/>
				<float name="ER" value="100."/>
				<string name="Hull" value="Std_Mover"/>
				<string name="Name" value="Mover3"/>
				<string name="TypHL" value="Mover"/>
				<string name="UnitName" value="Chitose"/>
			</object>
			<object name="Chi9721">
				<string name="ConnectName" value="Engine4"/>
				<integer name="Country" value="2"/>
				<float name="ER" value="100."/>
				<string name="Hull" value="Std_Mover"/>
				<string name="Name" value="Mover4"/>
				<string name="TypHL" value="Mover"/>
				<string name="UnitName" value="Chitose"/>
			</object>
			<object name="Chi9722">
				<integer name="Country" value="2"/>
				<float name="ER" value="100."/>
				<string name="Hull" value="Std_Rudder"/>
				<string name="Name" value="Rudder"/>
				<string name="TypHL" value="Rudder"/>
				<string name="UnitName" value="Chitose"/>
			</object>
			<object name="Chi9723">
				<integer name="Country" value="2"/>
				<float name="ER" value="100."/>
				<string name="Hull" value="Std_SmokeStack"/>
				<string name="Name" value="Stern_SmokeStack"/>
				<string name="TypHL" value="Hull"/>
				<string name="UnitName" value="Chitose"/>
			</object>
			<object name="Chi9724">
				<integer name="Country" value="2"/>
				<float name="ER" value="200."/>
				<string name="Hull" value="Std_BowHUpperDeck"/>
				<string name="Name" value="Bow1_UpperDeck"/>
				<string name="TypHL" value="Hull"/>
				<string name="UnitName" value="Chitose"/>
			</object>
			<object name="Chi9725">
				<integer name="Country" value="2"/>
				<float name="ER" value="200."/>
				<string name="Hull" value="Std_BowHLowerDeck"/>
				<string name="Name" value="Bow1_LowerDeck"/>
				<string name="TypHL" value="Hull"/>
				<string name="UnitName" value="Chitose"/>
			</object>
			<object name="Chi9726">
				<integer name="Country" value="2"/>
				<float name="ER" value="200."/>
				<string name="Hull" value="Std_Bottom"/>
				<string name="Name" value="Bow1_Bottom"/>
				<string name="TypHL" value="FuelTank"/>
				<string name="UnitName" value="Chitose"/>
			</object>
			<object name="Chi9727">
				<integer name="Country" value="2"/>
				<float name="ER" value="200."/>
				<string name="Hull" value="Std_HUpperDeck"/>
				<string name="Name" value="Bow2_UpperDeck"/>
				<string name="TypHL" value="Hull"/>
				<string name="UnitName" value="Chitose"/>
			</object>
			<object name="Chi9728">
				<integer name="Country" value="2"/>
				<float name="ER" value="300."/>
				<string name="Hull" value="Chitose_ArmorDeck"/>
				<string name="Name" value="Bow2_ArmorDeck"/>
				<string name="TypHL" value="Hull"/>
				<string name="UnitName" value="Chitose"/>
			</object>
			<object name="Chi9729">
				<integer name="Country" value="2"/>
				<float name="ER" value="300."/>
				<string name="Hull" value="Std_MCAmmoStore"/>
				<string name="Name" value="AmmoStore1"/>
				<string name="TypHL" value="AmmoStore"/>
				<string name="UnitName" value="Chitose"/>
			</object>
			<object name="Chi9730">
				<integer name="Country" value="2"/>
				<float name="ER" value="300."/>
				<string name="Hull" value="Std_MCAmmoStore"/>
				<string name="Name" value="AmmoStore2"/>
				<string name="TypHL" value="AmmoStore"/>
				<string name="UnitName" value="Chitose"/>
			</object>
			<object name="Chi9731">
				<integer name="Country" value="2"/>
				<float name="ER" value="200."/>
				<string name="Hull" value="Chitose_Bow_LBelt"/>
				<string name="Name" value="Bow2_LBelt"/>
				<string name="TypHL" value="Hull"/>
				<string name="UnitName" value="Chitose"/>
			</object>
			<object name="Chi9732">
				<integer name="Country" value="2"/>
				<float name="ER" value="200."/>
				<string name="Hull" value="Chitose_Bow_RBelt"/>
				<string name="Name" value="Bow2_RBelt"/>
				<string name="TypHL" value="Hull"/>
				<string name="UnitName" value="Chitose"/>
			</object>
			<object name="Chi9733">
				<integer name="Country" value="2"/>
				<float name="ER" value="200."/>
				<string name="Hull" value="Std_LowerDeck"/>
				<string name="Name" value="Bow2_LowerDeck"/>
				<string name="TypHL" value="Hull"/>
				<string name="UnitName" value="Chitose"/>
			</object>
			<object name="Chi9734">
				<integer name="Country" value="2"/>
				<float name="ER" value="200."/>
				<string name="Hull" value="Std_HLBoard"/>
				<string name="Name" value="Bow2_LBoard"/>
				<string name="TypHL" value="Hull"/>
				<string name="UnitName" value="Chitose"/>
			</object>
			<object name="Chi9735">
				<integer name="Country" value="2"/>
				<float name="ER" value="200."/>
				<string name="Hull" value="Std_HRBoard"/>
				<string name="Name" value="Bow2_RBoard"/>
				<string name="TypHL" value="Hull"/>
				<string name="UnitName" value="Chitose"/>
			</object>
			<object name="Chi9736">
				<integer name="Country" value="2"/>
				<float name="ER" value="200."/>
				<string name="Hull" value="Std_Bottom"/>
				<string name="Name" value="Bow2_Bottom"/>
				<string name="TypHL" value="FuelTank"/>
				<string name="UnitName" value="Chitose"/>
			</object>
			<object name="Chi9737">
				<integer name="Country" value="2"/>
				<float name="ER" value="200."/>
				<string name="Hull" value="Std_HUpperDeck"/>
				<string name="Name" value="Middle1_UpperDeck"/>
				<string name="TypHL" value="Hull"/>
				<string name="UnitName" value="Chitose"/>
			</object>
			<object name="Chi9738">
				<integer name="Country" value="2"/>
				<float name="ER" value="300."/>
				<string name="Hull" value="Chitose_ArmorDeck"/>
				<string name="Name" value="Middle1_ArmorDeck"/>
				<string name="TypHL" value="Hull"/>
				<string name="UnitName" value="Chitose"/>
			</object>
			<object name="Chi9739">
				<integer name="Country" value="2"/>
				<float name="ER" value="100."/>
				<string name="Hull" value="Std_Radar"/>
				<string name="Name" value="Radar"/>
				<string name="TypHL" value="Probe"/>
				<string name="UnitName" value="Chitose"/>
			</object>
			<object name="Chi9740">
				<integer name="Country" value="2"/>
				<float name="ER" value="100."/>
				<string name="Hull" value="Std_Probe"/>
				<string name="Name" value="DamageControl"/>
				<string name="TypHL" value="Probe"/>
				<string name="UnitName" value="Chitose"/>
			</object>
			<object name="Chi9741">
				<integer name="Country" value="2"/>
				<float name="ER" value="300."/>
				<string name="Hull" value="Chitose_LBelt"/>
				<string name="Name" value="Middle1_LBelt"/>
				<string name="TypHL" value="Hull"/>
				<string name="UnitName" value="Chitose"/>
			</object>
			<object name="Chi9742">
				<integer name="Country" value="2"/>
				<float name="ER" value="300."/>
				<string name="Hull" value="Chitose_RBelt"/>
				<string name="Name" value="Middle1_RBelt"/>
				<string name="TypHL" value="Hull"/>
				<string name="UnitName" value="Chitose"/>
			</object>
			<object name="Chi9743">
				<integer name="Country" value="2"/>
				<float name="ER" value="200."/>
				<string name="Hull" value="Std_LowerDeck"/>
				<string name="Name" value="Middle1_LowerDeck"/>
				<string name="TypHL" value="Hull"/>
				<string name="UnitName" value="Chitose"/>
			</object>
			<object name="Chi9744">
				<integer name="Country" value="2"/>
				<float name="ER" value="200."/>
				<string name="Hull" value="Std_HLBoard"/>
				<string name="Name" value="Middle1_LBoard"/>
				<string name="TypHL" value="Hull"/>
				<string name="UnitName" value="Chitose"/>
			</object>
			<object name="Chi9745">
				<integer name="Country" value="2"/>
				<float name="ER" value="200."/>
				<string name="Hull" value="Std_HRBoard"/>
				<string name="Name" value="Middle1_RBoard"/>
				<string name="TypHL" value="Hull"/>
				<string name="UnitName" value="Chitose"/>
			</object>
			<object name="Chi9746">
				<integer name="Country" value="2"/>
				<float name="ER" value="200."/>
				<string name="Hull" value="Std_Bottom"/>
				<string name="Name" value="Middle1_Bottom"/>
				<string name="TypHL" value="FuelTank"/>
				<string name="UnitName" value="Chitose"/>
			</object>
			<object name="Chi9747">
				<integer name="Country" value="2"/>
				<float name="ER" value="200."/>
				<string name="Hull" value="Std_HUpperDeck"/>
				<string name="Name" value="Middle2_UpperDeck"/>
				<string name="TypHL" value="Hull"/>
				<string name="UnitName" value="Chitose"/>
			</object>
			<object name="Chi9748">
				<integer name="Country" value="2"/>
				<float name="ER" value="300."/>
				<string name="Hull" value="Chitose_ArmorDeck"/>
				<string name="Name" value="Middle2_ArmorDeck"/>
				<string name="TypHL" value="Hull"/>
				<string name="UnitName" value="Chitose"/>
			</object>
			<object name="Chi9749">
				<integer name="Country" value="2"/>
				<float name="ER" value="200."/>
				<string name="Hull" value="Std_HLowerDeck"/>
				<string name="Name" value="Middle2_BLowerDeck"/>
				<string name="TypHL" value="Hull"/>
				<string name="UnitName" value="Chitose"/>
			</object>
			<object name="Chi9750">
				<integer name="Country" value="2"/>
				<float name="ER" value="100."/>
				<string name="Hull" value="Std_Boiler"/>
				<string name="Name" value="Boiler1"/>
				<string name="TypHL" value="Boiler"/>
				<string name="UnitName" value="Chitose"/>
			</object>
			<object name="Chi9751">
				<integer name="Country" value="2"/>
				<float name="ER" value="100."/>
				<string name="Hull" value="Std_Boiler"/>
				<string name="Name" value="Boiler2"/>
				<string name="TypHL" value="Boiler"/>
				<string name="UnitName" value="Chitose"/>
			</object>
			<object name="Chi9752">
				<integer name="Country" value="2"/>
				<float name="ER" value="200."/>
				<string name="Hull" value="Std_LowerDeck"/>
				<string name="Name" value="Middle2_ELowerDeck"/>
				<string name="TypHL" value="Hull"/>
				<string name="UnitName" value="Chitose"/>
			</object>
			<object name="Chi9753">
				<string name="ConnectName" value="Boiler1"/>
				<integer name="Country" value="2"/>
				<float name="ER" value="100."/>
				<string name="Hull" value="Std_Engine"/>
				<string name="Name" value="Engine1"/>
				<string name="TypHL" value="Engine"/>
				<string name="UnitName" value="Chitose"/>
			</object>
			<object name="Chi9754">
				<string name="ConnectName" value="Boiler2"/>
				<integer name="Country" value="2"/>
				<float name="ER" value="100."/>
				<string name="Hull" value="Std_Engine"/>
				<string name="Name" value="Engine2"/>
				<string name="TypHL" value="Engine"/>
				<string name="UnitName" value="Chitose"/>
			</object>
			<object name="Chi9755">
				<integer name="Country" value="2"/>
				<float name="ER" value="300."/>
				<string name="Hull" value="Chitose_LBelt"/>
				<string name="Name" value="Middle2_LBelt"/>
				<string name="TypHL" value="Hull"/>
				<string name="UnitName" value="Chitose"/>
			</object>
			<object name="Chi9756">
				<integer name="Country" value="2"/>
				<float name="ER" value="300."/>
				<string name="Hull" value="Chitose_RBelt"/>
				<string name="Name" value="Middle2_RBelt"/>
				<string name="TypHL" value="Hull"/>
				<string name="UnitName" value="Chitose"/>
			</object>
			<object name="Chi9757">
				<integer name="Country" value="2"/>
				<float name="ER" value="200."/>
				<string name="Hull" value="Std_HLBoard"/>
				<string name="Name" value="Middle2_LBoard"/>
				<string name="TypHL" value="Hull"/>
				<string name="UnitName" value="Chitose"/>
			</object>
			<object name="Chi9758">
				<integer name="Country" value="2"/>
				<float name="ER" value="200."/>
				<string name="Hull" value="Std_HRBoard"/>
				<string name="Name" value="Middle2_RBoard"/>
				<string name="TypHL" value="Hull"/>
				<string name="UnitName" value="Chitose"/>
			</object>
			<object name="Chi9759">
				<integer name="Country" value="2"/>
				<float name="ER" value="200."/>
				<string name="Hull" value="Std_Bottom"/>
				<string name="Name" value="Middle2_Bottom"/>
				<string name="TypHL" value="FuelTank"/>
				<string name="UnitName" value="Chitose"/>
			</object>
			<object name="Chi9760">
				<integer name="Country" value="2"/>
				<float name="ER" value="200."/>
				<string name="Hull" value="Std_HUpperDeck"/>
				<string name="Name" value="Middle3_UpperDeck"/>
				<string name="TypHL" value="Hull"/>
				<string name="UnitName" value="Chitose"/>
			</object>
			<object name="Chi9761">
				<integer name="Country" value="2"/>
				<float name="ER" value="300."/>
				<string name="Hull" value="Chitose_ArmorDeck"/>
				<string name="Name" value="Middle3_ArmorDeck"/>
				<string name="TypHL" value="Hull"/>
				<string name="UnitName" value="Chitose"/>
			</object>
			<object name="Chi9762">
				<integer name="Country" value="2"/>
				<float name="ER" value="200."/>
				<string name="Hull" value="Std_HLowerDeck"/>
				<string name="Name" value="Middle3_BLowerDeck"/>
				<string name="TypHL" value="Hull"/>
				<string name="UnitName" value="Chitose"/>
			</object>
			<object name="Chi9763">
				<integer name="Country" value="2"/>
				<float name="ER" value="100."/>
				<string name="Hull" value="Std_Boiler"/>
				<string name="Name" value="Boiler4"/>
				<string name="TypHL" value="Boiler"/>
				<string name="UnitName" value="Chitose"/>
			</object>
			<object name="Chi9764">
				<integer name="Country" value="2"/>
				<float name="ER" value="100."/>
				<string name="Hull" value="Std_Boiler"/>
				<string name="Name" value="Boiler3"/>
				<string name="TypHL" value="Boiler"/>
				<string name="UnitName" value="Chitose"/>
			</object>
			<object name="Chi9765">
				<integer name="Country" value="2"/>
				<float name="ER" value="200."/>
				<string name="Hull" value="Std_LowerDeck"/>
				<string name="Name" value="Middle3_ELowerDeck"/>
				<string name="TypHL" value="Hull"/>
				<string name="UnitName" value="Chitose"/>
			</object>
			<object name="Chi9766">
				<string name="ConnectName" value="Boiler3"/>
				<integer name="Country" value="2"/>
				<float name="ER" value="100."/>
				<string name="Hull" value="Std_Engine"/>
				<string name="Name" value="Engine3"/>
				<string name="TypHL" value="Engine"/>
				<string name="UnitName" value="Chitose"/>
			</object>
			<object name="Chi9767">
				<string name="ConnectName" value="Boiler4"/>
				<integer name="Country" value="2"/>
				<float name="ER" value="100."/>
				<string name="Hull" value="Std_Engine"/>
				<string name="Name" value="Engine4"/>
				<string name="TypHL" value="Engine"/>
				<string name="UnitName" value="Chitose"/>
			</object>
			<object name="Chi9768">
				<integer name="Country" value="2"/>
				<float name="ER" value="300."/>
				<string name="Hull" value="Chitose_LBelt"/>
				<string name="Name" value="Middle3_LBelt"/>
				<string name="TypHL" value="Hull"/>
				<string name="UnitName" value="Chitose"/>
			</object>
			<object name="Chi9769">
				<integer name="Country" value="2"/>
				<float name="ER" value="300."/>
				<string name="Hull" value="Chitose_RBelt"/>
				<string name="Name" value="Middle3_RBelt"/>
				<string name="TypHL" value="Hull"/>
				<string name="UnitName" value="Chitose"/>
			</object>
			<object name="Chi9770">
				<integer name="Country" value="2"/>
				<float name="ER" value="200."/>
				<string name="Hull" value="Std_HLBoard"/>
				<string name="Name" value="Middle3_LBoard"/>
				<string name="TypHL" value="Hull"/>
				<string name="UnitName" value="Chitose"/>
			</object>
			<object name="Chi9771">
				<integer name="Country" value="2"/>
				<float name="ER" value="200."/>
				<string name="Hull" value="Std_HRBoard"/>
				<string name="Name" value="Middle3_RBoard"/>
				<string name="TypHL" value="Hull"/>
				<string name="UnitName" value="Chitose"/>
			</object>
			<object name="Chi9772">
				<integer name="Country" value="2"/>
				<float name="ER" value="200."/>
				<string name="Hull" value="Std_Bottom"/>
				<string name="Name" value="Middle3_Bottom"/>
				<string name="TypHL" value="FuelTank"/>
				<string name="UnitName" value="Chitose"/>
			</object>
			<object name="Chi9773">
				<integer name="Country" value="2"/>
				<float name="ER" value="200."/>
				<string name="Hull" value="Std_HUpperDeck"/>
				<string name="Name" value="Middle4_UpperDeck"/>
				<string name="TypHL" value="Hull"/>
				<string name="UnitName" value="Chitose"/>
			</object>
			<object name="Chi9774">
				<integer name="Country" value="2"/>
				<float name="ER" value="300."/>
				<string name="Hull" value="Chitose_ArmorDeck"/>
				<string name="Name" value="Middle4_ArmorDeck"/>
				<string name="TypHL" value="Hull"/>
				<string name="UnitName" value="Chitose"/>
			</object>
			<object name="Chi9775">
				<integer name="Country" value="2"/>
				<float name="ER" value="100."/>
				<string name="Hull" value="Std_Probe"/>
				<string name="Name" value="Radio"/>
				<string name="TypHL" value="Probe"/>
				<string name="UnitName" value="Chitose"/>
			</object>
			<object name="Chi9776">
				<integer name="Country" value="2"/>
				<float name="ER" value="100."/>
				<string name="Hull" value="Std_Probe"/>
				<string name="Name" value="FireControl"/>
				<string name="TypHL" value="Probe"/>
				<string name="UnitName" value="Chitose"/>
			</object>
			<object name="Chi9777">
				<integer name="Country" value="2"/>
				<float name="ER" value="300."/>
				<string name="Hull" value="Chitose_LBelt"/>
				<string name="Name" value="Middle4_LBelt"/>
				<string name="TypHL" value="Hull"/>
				<string name="UnitName" value="Chitose"/>
			</object>
			<object name="Chi9778">
				<integer name="Country" value="2"/>
				<float name="ER" value="300."/>
				<string name="Hull" value="Chitose_RBelt"/>
				<string name="Name" value="Middle4_RBelt"/>
				<string name="TypHL" value="Hull"/>
				<string name="UnitName" value="Chitose"/>
			</object>
			<object name="Chi9779">
				<integer name="Country" value="2"/>
				<float name="ER" value="200."/>
				<string name="Hull" value="Std_LowerDeck"/>
				<string name="Name" value="Middle4_LowerDeck"/>
				<string name="TypHL" value="Hull"/>
				<string name="UnitName" value="Chitose"/>
			</object>
			<object name="Chi9780">
				<integer name="Country" value="2"/>
				<float name="ER" value="200."/>
				<string name="Hull" value="Std_HLBoard"/>
				<string name="Name" value="Middle4_LBoard"/>
				<string name="TypHL" value="Hull"/>
				<string name="UnitName" value="Chitose"/>
			</object>
			<object name="Chi9781">
				<integer name="Country" value="2"/>
				<float name="ER" value="200."/>
				<string name="Hull" value="Std_HRBoard"/>
				<string name="Name" value="Middle4_RBoard"/>
				<string name="TypHL" value="Hull"/>
				<string name="UnitName" value="Chitose"/>
			</object>
			<object name="Chi9782">
				<integer name="Country" value="2"/>
				<float name="ER" value="200."/>
				<string name="Hull" value="Std_Bottom"/>
				<string name="Name" value="Middle4_Bottom"/>
				<string name="TypHL" value="FuelTank"/>
				<string name="UnitName" value="Chitose"/>
			</object>
			<object name="Chi9783">
				<integer name="Country" value="2"/>
				<float name="ER" value="200."/>
				<string name="Hull" value="Std_HUpperDeck"/>
				<string name="Name" value="Stern1_UpperDeck"/>
				<string name="TypHL" value="Hull"/>
				<string name="UnitName" value="Chitose"/>
			</object>
			<object name="Chi9784">
				<integer name="Country" value="2"/>
				<float name="ER" value="300."/>
				<string name="Hull" value="Chitose_Stern_ArmorCover"/>
				<string name="Name" value="SternArmorCover"/>
				<string name="TypHL" value="Hull"/>
				<string name="UnitName" value="Chitose"/>
			</object>
			<object name="Chi9785">
				<integer name="Country" value="2"/>
				<float name="ER" value="200."/>
				<string name="Hull" value="Std_MCAmmoStore"/>
				<string name="Name" value="AmmoStore3"/>
				<string name="TypHL" value="AmmoStore"/>
				<string name="UnitName" value="Chitose"/>
			</object>
			<object name="Chi9786">
				<integer name="Country" value="2"/>
				<float name="ER" value="200."/>
				<string name="Hull" value="Std_MCAmmoStore"/>
				<string name="Name" value="AmmoStore4"/>
				<string name="TypHL" value="AmmoStore"/>
				<string name="UnitName" value="Chitose"/>
			</object>
			<object name="Chi9787">
				<integer name="Country" value="2"/>
				<float name="ER" value="200."/>
				<string name="Hull" value="Std_LowerDeck"/>
				<string name="Name" value="Stern1_LowerDeck"/>
				<string name="TypHL" value="Hull"/>
				<string name="UnitName" value="Chitose"/>
			</object>
			<object name="Chi9788">
				<integer name="Country" value="2"/>
				<float name="ER" value="200."/>
				<string name="Hull" value="Std_Bottom"/>
				<string name="Name" value="Stern1_Bottom"/>
				<string name="TypHL" value="FuelTank"/>
				<string name="UnitName" value="Chitose"/>
			</object>
			<object name="Chi9789">
				<integer name="Country" value="2"/>
				<float name="ER" value="200."/>
				<string name="Hull" value="Std_SternHUpperDeck"/>
				<string name="Name" value="Stern2_Deck"/>
				<string name="TypHL" value="Hull"/>
				<string name="UnitName" value="Chitose"/>
			</object>
			<object name="Chi9790">
				<integer name="Country" value="2"/>
				<float name="ER" value="100."/>
				<string name="Hull" value="Std_LowerDeck"/>
				<string name="Name" value="Tiller"/>
				<string name="TypHL" value="Hull"/>
				<string name="UnitName" value="Chitose"/>
			</object>
			<object name="Chi9791">
				<integer name="Country" value="2"/>
				<float name="ER" value="100."/>
				<string name="Hull" value="Std_SmokeStack"/>
				<string name="Name" value="Bow_SmokeStack"/>
				<string name="TypHL" value="Hull"/>
				<string name="UnitName" value="Chitose"/>
			</object>
		</object>
		<object name="Hulls">
			<object name="Chitose_ArmorDeck">
				<integer name="Back" value="25"/>
				<integer name="Bottom" value="10"/>
				<integer name="Country" value="2"/>
				<float name="ExplProb" value="0."/>
				<float name="FireProb" value="5."/>
				<integer name="Front" value="25"/>
				<integer name="Left" value="25"/>
				<string name="Material" value="Armored"/>
				<integer name="Right" value="25"/>
				<integer name="Top" value="25"/>
				<integer name="UnitName" value="0"/>
				<string name="UnitTyp" value="Ship"/>
			</object>
			<object name="Chitose_Barbet">
				<integer name="Back" value="25"/>
				<integer name="Bottom" value="25"/>
				<integer name="Country" value="2"/>
				<float name="ExplProb" value="0."/>
				<float name="FireProb" value="30."/>
				<integer name="Front" value="25"/>
				<integer name="Left" value="25"/>
				<string name="Material" value="Armored"/>
				<integer name="Right" value="25"/>
				<integer name="Top" value="25"/>
				<integer name="UnitName" value="0"/>
				<string name="UnitTyp" value="Ship"/>
			</object>
			<object name="Chitose_BattleCabine">
				<integer name="Back" value="25"/>
				<integer name="Bottom" value="2"/>
				<integer name="Country" value="2"/>
				<float name="ExplProb" value="0."/>
				<float name="FireProb" value="15."/>
				<integer name="Front" value="25"/>
				<integer name="Left" value="25"/>
				<string name="Material" value="Armored"/>
				<integer name="Right" value="25"/>
				<integer name="Top" value="25"/>
				<integer name="UnitName" value="0"/>
				<string name="UnitTyp" value="Ship"/>
			</object>
			<object name="Chitose_Bow_ArmorDeck">
				<integer name="Back" value="25"/>
				<integer name="Bottom" value="25"/>
				<integer name="Country" value="2"/>
				<float name="ExplProb" value="0."/>
				<float name="FireProb" value="10."/>
				<integer name="Front" value="30"/>
				<integer name="Left" value="25"/>
				<string name="Material" value="Armored"/>
				<integer name="Right" value="25"/>
				<integer name="Top" value="25"/>
				<integer name="UnitName" value="0"/>
				<string name="UnitTyp" value="Ship"/>
			</object>
			<object name="Chitose_Bow_LBelt">
				<integer name="Back" value="25"/>
				<integer name="Bottom" value="25"/>
				<integer name="Country" value="2"/>
				<float name="ExplProb" value="0."/>
				<float name="FireProb" value="5."/>
				<integer name="Front" value="30"/>
				<integer name="Left" value="30"/>
				<string name="Material" value="Armored"/>
				<integer name="Right" value="25"/>
				<integer name="Top" value="25"/>
				<integer name="UnitName" value="0"/>
				<string name="UnitTyp" value="Ship"/>
			</object>
			<object name="Chitose_Bow_RBelt">
				<integer name="Back" value="25"/>
				<integer name="Bottom" value="25"/>
				<integer name="Country" value="2"/>
				<float name="ExplProb" value="0."/>
				<float name="FireProb" value="5."/>
				<integer name="Front" value="35"/>
				<integer name="Left" value="25"/>
				<string name="Material" value="Armored"/>
				<integer name="Right" value="30"/>
				<integer name="Top" value="25"/>
				<integer name="UnitName" value="0"/>
				<string name="UnitTyp" value="Ship"/>
			</object>
			<object name="Chitose_LBelt">
				<integer name="Back" value="25"/>
				<integer name="Bottom" value="25"/>
				<integer name="Country" value="2"/>
				<float name="ExplProb" value="0."/>
				<float name="FireProb" value="5."/>
				<integer name="Front" value="25"/>
				<integer name="Left" value="30"/>
				<string name="Material" value="Armored"/>
				<integer name="Right" value="25"/>
				<integer name="Top" value="20"/>
				<integer name="UnitName" value="0"/>
				<string name="UnitTyp" value="Ship"/>
			</object>
			<object name="Chitose_RBelt">
				<integer name="Back" value="25"/>
				<integer name="Bottom" value="25"/>
				<integer name="Country" value="2"/>
				<float name="ExplProb" value="0."/>
				<float name="FireProb" value="5."/>
				<integer name="Front" value="25"/>
				<integer name="Left" value="25"/>
				<string name="Material" value="Armored"/>
				<integer name="Right" value="30"/>
				<integer name="Top" value="25"/>
				<integer name="UnitName" value="0"/>
				<string name="UnitTyp" value="Ship"/>
			</object>
			<object name="Chitose_Stern_ArmorCover">
				<integer name="Back" value="35"/>
				<integer name="Bottom" value="20"/>
				<integer name="Country" value="2"/>
				<float name="ExplProb" value="0."/>
				<float name="FireProb" value="10."/>
				<integer name="Front" value="35"/>
				<integer name="Left" value="35"/>
				<string name="Material" value="Armored"/>
				<integer name="Right" value="35"/>
				<integer name="Top" value="25"/>
				<integer name="UnitName" value="0"/>
				<string name="UnitTyp" value="Ship"/>
			</object>
		</object>
		<object name="Ships">
			<object name="Chitose">
				<float name="AccelRate" value="3.e-004"/>
				<string name="Airgroup" value="Floatplane_Carrier_Airgroup_Chitose_japan"/>
				<integer name="AirplanesCount" value="32"/>
				<string name="AmmoLoadingTemplate" value="Ammo 300"/>
				<integer name="BoatsCount" value="12"/>
				<boolean name="BoatsTransportationAbility" value="true"/>
				<integer name="CabinArmor" value="20"/>
				<boolean name="CanBeChanged" value="true"/>
				<boolean name="CanUseTorpedos" value="false"/>
				<string name="CatapultAirgroupDefaultUnit" value="F1M"/>
				<integer name="Country" value="2"/>
				<integer name="Crew" value="700"/>
				<float name="CriticalCareen" value="34."/>
				<float name="CriticalDFT" value="1.9"/>
				<float name="CriticalDifferent" value="2.2"/>
				<float name="DisplacementMax" value="12550."/>
				<float name="DTimeProd" value="80."/>
				<float name="EPR" value="310."/>
				<float name="FireRisk" value="1333."/>
				<float name="Fuel" value="1000."/>
				<float name="HLShapeCoef" value="0.9"/>
				<integer name="HullArmorSide" value="20"/>
				<integer name="HullArmorTop" value="20"/>
				<float name="Iron" value="10000."/>
				<integer name="Length" value="184"/>
				<float name="MaxSpeed" value="29."/>
				<integer name="MinCrew" value="150"/>
				<float name="Money" value="4000."/>
				<string name="Name" value="Chitose"/>
				<boolean name="New" value="false"/>
				<float name="NTimeProd" value="200."/>
				<integer name="Nuc_Dest_Prob" value="400"/>
				<integer name="Passengers" value="500"/>
				<boolean name="PlanesTransportationAbility" value="true"/>
				<float name="Range" value="19800."/>
				<integer name="Rank" value="2"/>
				<string name="SMU" value="Chitose"/>
				<float name="Speed" value="18."/>
				<float name="StoreCapacity" value="1500."/>
				<boolean name="Transportable" value="false"/>
				<float name="TurnRate" value="1.5e-003"/>
				<integer name="Type" value="8"/>
				<float name="Vitality" value="4000."/>
				<float name="VitalityAA" value="500."/>
				<float name="Weight" value="11200."/>
				<integer name="Width" value="20.8"/>
				<integer name="Year" value="39"/>
			</object>
		</object>
		<object name="ShipsNames">
			<object name="Chitose">
				<string name="1" value="Chitose1"/>
			</object>
		</object>
		<object name="UnitsByType">
			<object name="8">
				<object name="Chitose">
					<string name="ChildTable" value="Ships"/>
				</object>
			</object>
		</object>
	</object>
</root>
