﻿<?xml version="1.0" standalone="yes" ?>
<root>
	<object name="SteelMonstersParams">
		<object name="Hit_Location">
			<object name="QUSB7966">
				<integer name="Country" value="1"/>
				<float name="ER" value="10."/>
				<string name="Hull" value="Tempest_Gun"/>
				<string name="Name" value="Turret"/>
				<string name="TypHL" value="Hull"/>
				<string name="UnitName" value="2x2x40mmBofors_US_Turret"/>
			</object>
			<object name="QUSB7967">
				<integer name="Country" value="1"/>
				<integer name="Crew" value="1"/>
				<float name="ER" value="3.e-002"/>
				<string name="Hull" value="Std_Crew"/>
				<string name="Name" value="Gunner2_2"/>
				<string name="TypHL" value="Crew"/>
				<string name="UnitName" value="2x2x40mmBofors_US_Turret"/>
			</object>
			<object name="QUSB7968">
				<integer name="Country" value="1"/>
				<integer name="Crew" value="1"/>
				<float name="ER" value="3.e-002"/>
				<string name="Hull" value="Std_Crew"/>
				<string name="Name" value="Gunner1_2"/>
				<string name="TypHL" value="Crew"/>
				<string name="UnitName" value="2x2x40mmBofors_US_Turret"/>
			</object>
			<object name="QUSB7969">
				<integer name="Country" value="1"/>
				<integer name="Crew" value="1"/>
				<float name="ER" value="3.e-002"/>
				<string name="Hull" value="Std_Crew"/>
				<string name="Name" value="Gunner2_1"/>
				<string name="TypHL" value="Crew"/>
				<string name="UnitName" value="2x2x40mmBofors_US_Turret"/>
			</object>
			<object name="QUSB7970">
				<integer name="Country" value="1"/>
				<integer name="Crew" value="1"/>
				<float name="ER" value="3.e-002"/>
				<string name="Hull" value="Std_Crew"/>
				<string name="Name" value="Gunner1_1"/>
				<string name="TypHL" value="Crew"/>
				<string name="UnitName" value="2x2x40mmBofors_US_Turret"/>
			</object>
			<object name="QUSB7971">
				<integer name="Country" value="1"/>
				<float name="ER" value="5."/>
				<string name="Hull" value="Std_Stvol"/>
				<string name="Name" value="Gun1"/>
				<string name="TypHL" value="Hull"/>
				<string name="UnitName" value="2x2x40mmBofors_US_Turret"/>
			</object>
			<object name="QUSB7972">
				<integer name="Country" value="1"/>
				<float name="ER" value="5."/>
				<string name="Hull" value="Std_Stvol"/>
				<string name="Name" value="Gun2"/>
				<string name="TypHL" value="Hull"/>
				<string name="UnitName" value="2x2x40mmBofors_US_Turret"/>
			</object>
		</object>
		<object name="Rifles">
			<object name="2x2x40mmBofors_US_Stvol">
				<float name="AARange" value="6.8"/>
				<string name="Ammo" value="Proj_40_U"/>
				<integer name="AmmoStorage" value="2000"/>
				<float name="AmmoWeight" value="0.9"/>
				<string name="ArmPiercing" value="Proj_40_U_AP"/>
				<float name="Caliber" value="40."/>
				<integer name="Country" value="1"/>
				<float name="Dispersion" value="12."/>
				<integer name="FinalSpeed" value="284"/>
				<string name="FireSound" value="Guns\40mm"/>
				<string name="HighExp" value="Proj_40_U_HE"/>
				<boolean name="IgnoreXMLFile" value="false"/>
				<float name="Money" value="1."/>
				<boolean name="New" value="false"/>
				<float name="Range" value="10.18"/>
				<float name="ROF" value="120."/>
				<boolean name="SLLauncher" value="false"/>
				<string name="SMU_File" value="2x2x40mmBofors_US_Stvol"/>
				<integer name="StartSpeed" value="881"/>
				<integer name="Unreliability" value="0"/>
				<string name="Usage" value="Ships"/>
				<float name="Weight" value="0.522"/>
			</object>
		</object>
		<object name="Turrets">
			<object name="2x2x40mmBofors_US_Turret">
				<integer name="Amount" value="4"/>
				<integer name="ArmorFront" value="10"/>
				<integer name="ArmorSide" value="10"/>
				<integer name="ArmorTop" value="10"/>
				<string name="Building" value="AAGun"/>
				<string name="Content" value="Rifles.2x2x40mmBofors_US_Stvol"/>
				<integer name="Country" value="1"/>
				<float name="DTimeProd" value="7."/>
				<integer name="Elevation" value="90"/>
				<integer name="ElevationRate" value="24"/>
				<string name="Icon" value="AAGun"/>
				<boolean name="IgnoreXMLFile" value="false"/>
				<float name="Iron" value="10.796"/>
				<float name="Money" value="10."/>
				<boolean name="New" value="false"/>
				<float name="NTimeProd" value="30."/>
				<boolean name="Production" value="false"/>
				<integer name="QualityRate" value="3"/>
				<integer name="RotationRate" value="26"/>
				<string name="SMU_File" value="2x2x40mmBofors_US_Turret"/>
				<string name="Type" value="Gun"/>
				<float name="Vitality" value="15."/>
				<float name="Weight" value="10.796"/>
			</object>
		</object>
	</object>
</root>
