﻿xml version="1.0" standalone="yes" ?>
<root>
	<object name="Modifications">
		<object name="SubUnits">
			<object name="2x2x40mmBofors_US_Turret">
				<object name="TPort_01">
					<string name="Device" value="2x2x40mmBofors_US_Stvol"/>
					<string name="Table" value="Rifles"/>
				</object>
				<object name="TPort_02">
					<string name="Device" value="Gun_2x40x2x"/>
					<string name="Table" value="Rifles"/>
				</object>
				<object name="TPort_03">
					<string name="Device" value="Gun_2x40x2x"/>
					<string name="Table" value="Rifles"/>
				</object>
				<object name="TPort_04">
					<string name="Device" value="Gun_2x40x2x"/>
					<string name="Table" value="Rifles"/>
				</object>
			</object>
		</object>
	</object>
</root>
