﻿<?xml version="1.0" standalone="yes" ?>
<root>
	<object name="SteelMonstersParams">
		<object name="Hit_Location">
			<object name="GA7912">
				<integer name="Country" value="2"/>
				<float name="ER" value="10."/>
				<string name="Hull" value="IJN_RF"/>
				<string name="Name" value="Rangefinder"/>
				<string name="TypHL" value="Probe"/>
				<string name="UnitName" value="Green_Main_Turret_203x2_Takao_A"/>
			</object>
			<object name="GA7913">
				<integer name="Country" value="2"/>
				<float name="ER" value="50."/>
				<string name="Hull" value="Takao_Shakegeban"/>
				<string name="Name" value="Shakegeban"/>
				<string name="TypHL" value="Probe"/>
				<string name="UnitName" value="Green_Main_Turret_203x2_Takao_A"/>
			</object>
			<object name="GA7914">
				<integer name="Country" value="2"/>
				<float name="ER" value="100."/>
				<string name="Hull" value="Takao_Turret"/>
				<string name="Name" value="Turret"/>
				<string name="TypHL" value="AmmoStore"/>
				<string name="UnitName" value="Green_Main_Turret_203x2_Takao_A"/>
			</object>
			<object name="GB7912">
				<integer name="Country" value="2"/>
				<float name="ER" value="10."/>
				<string name="Hull" value="IJN_RF"/>
				<string name="Name" value="Rangefinder"/>
				<string name="TypHL" value="Probe"/>
				<string name="UnitName" value="Green_Main_Turret_203x2_Takao_B"/>
			</object>
			<object name="GB7913">
				<integer name="Country" value="2"/>
				<float name="ER" value="50."/>
				<string name="Hull" value="Takao_Shakegeban"/>
				<string name="Name" value="Shakegeban"/>
				<string name="TypHL" value="Probe"/>
				<string name="UnitName" value="Green_Main_Turret_203x2_Takao_B"/>
			</object>
			<object name="GB7914">
				<integer name="Country" value="2"/>
				<float name="ER" value="100."/>
				<string name="Hull" value="Takao_Turret"/>
				<string name="Name" value="Turret"/>
				<string name="TypHL" value="AmmoStore"/>
				<string name="UnitName" value="Green_Main_Turret_203x2_Takao_B"/>
			</object>
			<object name="GC7912">
				<integer name="Country" value="2"/>
				<float name="ER" value="10."/>
				<string name="Hull" value="IJN_RF"/>
				<string name="Name" value="Rangefinder"/>
				<string name="TypHL" value="Probe"/>
				<string name="UnitName" value="Green_Main_Turret_203x2_Takao_C"/>
			</object>
			<object name="GC7913">
				<integer name="Country" value="2"/>
				<float name="ER" value="50."/>
				<string name="Hull" value="Takao_Shakegeban"/>
				<string name="Name" value="Shakegeban"/>
				<string name="TypHL" value="Probe"/>
				<string name="UnitName" value="Green_Main_Turret_203x2_Takao_C"/>
			</object>
			<object name="GC7914">
				<integer name="Country" value="2"/>
				<float name="ER" value="100."/>
				<string name="Hull" value="Takao_Turret"/>
				<string name="Name" value="Turret"/>
				<string name="TypHL" value="AmmoStore"/>
				<string name="UnitName" value="Green_Main_Turret_203x2_Takao_C"/>
			</object>
			<object name="GD7912">
				<integer name="Country" value="2"/>
				<float name="ER" value="10."/>
				<string name="Hull" value="IJN_RF"/>
				<string name="Name" value="Rangefinder"/>
				<string name="TypHL" value="Probe"/>
				<string name="UnitName" value="Green_Main_Turret_203x2_Takao_D"/>
			</object>
			<object name="GD7913">
				<integer name="Country" value="2"/>
				<float name="ER" value="50."/>
				<string name="Hull" value="Takao_Shakegeban"/>
				<string name="Name" value="Shakegeban"/>
				<string name="TypHL" value="Probe"/>
				<string name="UnitName" value="Main_Turret_203x2_Takao_D"/>
			</object>
			<object name="GD7914">
				<integer name="Country" value="2"/>
				<float name="ER" value="100."/>
				<string name="Hull" value="Takao_Turret"/>
				<string name="Name" value="Turret"/>
				<string name="TypHL" value="AmmoStore"/>
				<string name="UnitName" value="Green_Main_Turret_203x2_Takao_D"/>
			</object>
			<object name="GX7912">
				<integer name="Country" value="2"/>
				<float name="ER" value="10."/>
				<string name="Hull" value="IJN_RF"/>
				<string name="Name" value="Rangefinder"/>
				<string name="TypHL" value="Probe"/>
				<string name="UnitName" value="Green_Main_Turret_203x2_Takao_X"/>
			</object>
			<object name="GX7913">
				<integer name="Country" value="2"/>
				<float name="ER" value="50."/>
				<string name="Hull" value="Takao_Shakegeban"/>
				<string name="Name" value="Shakegeban"/>
				<string name="TypHL" value="Probe"/>
				<string name="UnitName" value="Green_Main_Turret_203x2_Takao_X"/>
			</object>
			<object name="GX7914">
				<integer name="Country" value="2"/>
				<float name="ER" value="100."/>
				<string name="Hull" value="Takao_Turret"/>
				<string name="Name" value="Turret"/>
				<string name="TypHL" value="AmmoStore"/>
				<string name="UnitName" value="Green_Main_Turret_203x2_Takao_X"/>
			</object>
			<object name="GY7912">
				<integer name="Country" value="2"/>
				<float name="ER" value="10."/>
				<string name="Hull" value="IJN_RF"/>
				<string name="Name" value="Rangefinder"/>
				<string name="TypHL" value="Probe"/>
				<string name="UnitName" value="Green_Main_Turret_203x2_Takao_Y"/>
			</object>
			<object name="GY7913">
				<integer name="Country" value="2"/>
				<float name="ER" value="50."/>
				<string name="Hull" value="Takao_Shakegeban"/>
				<string name="Name" value="Shakegeban"/>
				<string name="TypHL" value="Probe"/>
				<string name="UnitName" value="Green_Main_Turret_203x2_Takao_Y"/>
			</object>
			<object name="GY7914">
				<integer name="Country" value="2"/>
				<float name="ER" value="100."/>
				<string name="Hull" value="Takao_Turret"/>
				<string name="Name" value="Turret"/>
				<string name="TypHL" value="AmmoStore"/>
				<string name="UnitName" value="Green_Main_Turret_203x2_Takao_Y"/>
			</object>
			<object name="GMA7912">
				<integer name="Country" value="2"/>
				<float name="ER" value="10."/>
				<string name="Hull" value="IJN_RF"/>
				<string name="Name" value="Rangefinder"/>
				<string name="TypHL" value="Probe"/>
				<string name="UnitName" value="Green_Main_Turret_203x2_Mogami_A"/>
			</object>
			<object name="GMA7913">
				<integer name="Country" value="2"/>
				<float name="ER" value="50."/>
				<string name="Hull" value="Takao_Shakegeban"/>
				<string name="Name" value="Shakegeban"/>
				<string name="TypHL" value="Probe"/>
				<string name="UnitName" value="Green_Main_Turret_203x2_Mogami_A"/>
			</object>
			<object name="GMA7914">
				<integer name="Country" value="2"/>
				<float name="ER" value="100."/>
				<string name="Hull" value="Takao_Turret"/>
				<string name="Name" value="Turret"/>
				<string name="TypHL" value="AmmoStore"/>
				<string name="UnitName" value="Green_Main_Turret_203x2_Mogami_A"/>
			</object>
			<object name="GMB7912">
				<integer name="Country" value="2"/>
				<float name="ER" value="10."/>
				<string name="Hull" value="IJN_RF"/>
				<string name="Name" value="Rangefinder"/>
				<string name="TypHL" value="Probe"/>
				<string name="UnitName" value="Green_Main_Turret_203x2_Mogami_B"/>
			</object>
			<object name="GMB7913">
				<integer name="Country" value="2"/>
				<float name="ER" value="50."/>
				<string name="Hull" value="Takao_Shakegeban"/>
				<string name="Name" value="Shakegeban"/>
				<string name="TypHL" value="Probe"/>
				<string name="UnitName" value="Green_Main_Turret_203x2_Mogami_B"/>
			</object>
			<object name="GMB7914">
				<integer name="Country" value="2"/>
				<float name="ER" value="100."/>
				<string name="Hull" value="Takao_Turret"/>
				<string name="Name" value="Turret"/>
				<string name="TypHL" value="AmmoStore"/>
				<string name="UnitName" value="Green_Main_Turret_203x2_Mogami_B"/>
			</object>
			<object name="GMC7912">
				<integer name="Country" value="2"/>
				<float name="ER" value="10."/>
				<string name="Hull" value="IJN_RF"/>
				<string name="Name" value="Rangefinder"/>
				<string name="TypHL" value="Probe"/>
				<string name="UnitName" value="Green_Main_Turret_203x2_Mogami_C"/>
			</object>
			<object name="GMC7913">
				<integer name="Country" value="2"/>
				<float name="ER" value="50."/>
				<string name="Hull" value="Takao_Shakegeban"/>
				<string name="Name" value="Shakegeban"/>
				<string name="TypHL" value="Probe"/>
				<string name="UnitName" value="Green_Main_Turret_203x2_Mogami_C"/>
			</object>
			<object name="GMC7914">
				<integer name="Country" value="2"/>
				<float name="ER" value="100."/>
				<string name="Hull" value="Takao_Turret"/>
				<string name="Name" value="Turret"/>
				<string name="TypHL" value="AmmoStore"/>
				<string name="UnitName" value="Green_Main_Turret_203x2_Mogami_C"/>
			</object>
			<object name="GMD7912">
				<integer name="Country" value="2"/>
				<float name="ER" value="10."/>
				<string name="Hull" value="IJN_RF"/>
				<string name="Name" value="Rangefinder"/>
				<string name="TypHL" value="Probe"/>
				<string name="UnitName" value="Green_Main_Turret_203x2_Mogami_D"/>
			</object>
			<object name="GMD7913">
				<integer name="Country" value="2"/>
				<float name="ER" value="50."/>
				<string name="Hull" value="Takao_Shakegeban"/>
				<string name="Name" value="Shakegeban"/>
				<string name="TypHL" value="Probe"/>
				<string name="UnitName" value="Green_Main_Turret_203x2_Mogami_D"/>
			</object>
			<object name="GMD7914">
				<integer name="Country" value="2"/>
				<float name="ER" value="100."/>
				<string name="Hull" value="Takao_Turret"/>
				<string name="Name" value="Turret"/>
				<string name="TypHL" value="AmmoStore"/>
				<string name="UnitName" value="Green_Main_Turret_203x2_Mogami_D"/>
			</object>
			<object name="GMX7912">
				<integer name="Country" value="2"/>
				<float name="ER" value="10."/>
				<string name="Hull" value="IJN_RF"/>
				<string name="Name" value="Rangefinder"/>
				<string name="TypHL" value="Probe"/>
				<string name="UnitName" value="Green_Main_Turret_203x2_Mogami_X"/>
			</object>
			<object name="GMX7913">
				<integer name="Country" value="2"/>
				<float name="ER" value="50."/>
				<string name="Hull" value="Takao_Shakegeban"/>
				<string name="Name" value="Shakegeban"/>
				<string name="TypHL" value="Probe"/>
				<string name="UnitName" value="Green_Main_Turret_203x2_Mogami_X"/>
			</object>
			<object name="GMX7914">
				<integer name="Country" value="2"/>
				<float name="ER" value="100."/>
				<string name="Hull" value="Takao_Turret"/>
				<string name="Name" value="Turret"/>
				<string name="TypHL" value="AmmoStore"/>
				<string name="UnitName" value="Green_Main_Turret_203x2_Mogami_X"/>
			</object>
			<object name="GMY7912">
				<integer name="Country" value="2"/>
				<float name="ER" value="10."/>
				<string name="Hull" value="IJN_RF"/>
				<string name="Name" value="Rangefinder"/>
				<string name="TypHL" value="Probe"/>
				<string name="UnitName" value="Green_Main_Turret_203x2_Mogami_Y"/>
			</object>
			<object name="GMY7913">
				<integer name="Country" value="2"/>
				<float name="ER" value="50."/>
				<string name="Hull" value="Takao_Shakegeban"/>
				<string name="Name" value="Shakegeban"/>
				<string name="TypHL" value="Probe"/>
				<string name="UnitName" value="Green_Main_Turret_203x2_Mogami_Y"/>
			</object>
			<object name="GMY7914">
				<integer name="Country" value="2"/>
				<float name="ER" value="100."/>
				<string name="Hull" value="Takao_Turret"/>
				<string name="Name" value="Turret"/>
				<string name="TypHL" value="AmmoStore"/>
				<string name="UnitName" value="Green_Main_Turret_203x2_Mogami_Y"/>
			</object>
		<object name="G7932">
				<integer name="Country" value="2"/>
				<float name="ER" value="10."/>
				<string name="Hull" value="Std_Guns_SO"/>
				<string name="Name" value="Turret"/>
				<float name="Param_1" value="0.0469"/>
				<string name="TypHL" value="AmmoStore"/>
				<string name="UnitName" value="Green_Universal_Turret_127x2_Mogami"/>
			</object>
			<object name="G7933">
				<integer name="Country" value="2"/>
				<integer name="Crew" value="1"/>
				<float name="ER" value="3.e-002"/>
				<string name="Hull" value="Std_Crew"/>
				<string name="Name" value="Gunner2"/>
				<string name="TypHL" value="Crew"/>
				<string name="UnitName" value="Green_Universal_Turret_127x2_Mogami"/>
			</object>
			<object name="G7934">
				<integer name="Country" value="2"/>
				<integer name="Crew" value="1"/>
				<float name="ER" value="3.e-002"/>
				<string name="Hull" value="Std_Crew"/>
				<string name="Name" value="Gunner1"/>
				<string name="TypHL" value="Crew"/>
				<string name="UnitName" value="Green_Universal_Turret_127x2_Mogami"/>
			</object>
		</object>
		<object name="Rifles">
			<object name="Green_Main_Gun_203x2_Mogami">
				<float name="AARange" value="0."/>
				<string name="Ammo" value="Proj_203_J"/>
				<integer name="AmmoStorage" value="120"/>
				<float name="AmmoWeight" value="125.85"/>
				<string name="ArmPiercing" value="Proj_203_J_AP"/>
				<float name="Caliber" value="203."/>
				<string name="Common" value="Proj_203_J_Com"/>
				<integer name="Country" value="2"/>
				<float name="Dispersion" value="8."/>
				<integer name="FinalSpeed" value="396"/>
				<string name="FireSound" value="Guns\203mm"/>
				<string name="HighExp" value="Proj_203_J_HE"/>
				<boolean name="IgnoreXMLFile" value="false"/>
				<float name="Money" value="9.2"/>
				<boolean name="New" value="false"/>
				<float name="Range" value="29.4"/>
				<float name="ROF" value="4."/>
				<boolean name="SLLauncher" value="false"/>
				<string name="SMU_File" value="Green_Main_Gun_203x2_Mogami_Stvol"/>
				<integer name="StartSpeed" value="840"/>
				<integer name="Unreliability" value="0"/>
				<string name="Usage" value="Ships"/>
				<float name="Weight" value="18.7"/>
			</object>
			<object name="Green_Universal_Gun_127x2_Mogami">
				<float name="AARange" value="9.4"/>
				<string name="Ammo" value="Proj_127_J"/>
				<integer name="AmmoStorage" value="250"/>
				<float name="AmmoWeight" value="23.45"/>
				<float name="Caliber" value="127."/>
				<integer name="Country" value="2"/>
				<float name="Dispersion" value="9."/>
				<integer name="FinalSpeed" value="189"/>
				<string name="FireSound" value="Guns\127mm"/>
				<string name="Frag" value="Proj_127_J_Fr"/>
				<string name="HighExp" value="Proj_127_J_HE"/>
				<boolean name="IgnoreXMLFile" value="false"/>
				<float name="Money" value="3."/>
				<boolean name="New" value="false"/>
				<float name="Range" value="14.8"/>
				<float name="ROF" value="14."/>
				<boolean name="SLLauncher" value="false"/>
				<string name="SMU_File" value="Green_Universal_Gun_127x2_Mogami_Stvol"/>
				<integer name="StartSpeed" value="725"/>
				<integer name="Unreliability" value="0"/>
				<string name="Usage" value="Ships"/>
				<float name="Weight" value="3.05"/>
			</object>
		</object>
		<object name="Turrets">
			<object name="Green_Universal_Turret_127x2_Mogami">
				<integer name="Amount" value="2"/>
				<integer name="ArmorFront" value="25"/>
				<integer name="ArmorSide" value="25"/>
				<integer name="ArmorTop" value="25"/>
				<string name="Building" value="Artillery"/>
				<string name="Content" value="Rifles.Green_Universal_Gun_127x2_Mogami"/>
				<integer name="Country" value="2"/>
				<float name="DTimeProd" value="5."/>
				<integer name="Elevation" value="90"/>
				<integer name="ElevationRate" value="12"/>
				<string name="Icon" value="Artillery"/>
				<boolean name="IgnoreXMLFile" value="false"/>
				<float name="Iron" value="26."/>
				<float name="Money" value="6.5"/>
				<boolean name="New" value="false"/>
				<float name="NTimeProd" value="25."/>
				<boolean name="Production" value="false"/>
				<integer name="QualityRate" value="4"/>
				<integer name="RotationRate" value="6"/>
				<string name="SMU_File" value="Green_Universal_Gun_127x2_Mogami"/>
				<string name="Type" value="Gun"/>
				<float name="Vitality" value="350."/>
				<float name="Weight" value="26."/>
			</object>
			<object name="Green_Main_Turret_203x2_Takao_A">
				<integer name="Amount" value="2"/>
				<integer name="ArmorFront" value="25"/>
				<integer name="ArmorSide" value="25"/>
				<integer name="ArmorTop" value="25"/>
				<string name="Building" value="Artillery"/>
				<string name="Content" value="Rifles.Green_Main_Gun_203x2_Mogami"/>
				<integer name="Country" value="2"/>
				<float name="DTimeProd" value="10."/>
				<integer name="Elevation" value="55"/>
				<integer name="ElevationRate" value="6"/>
				<string name="Icon" value="Artillery"/>
				<boolean name="IgnoreXMLFile" value="false"/>
				<float name="Iron" value="220."/>
				<float name="Money" value="55."/>
				<float name="NTimeProd" value="60."/>
				<boolean name="New" value="false"/>
				<boolean name="Production" value="false"/>
				<integer name="QualityRate" value="6"/>
				<integer name="RotationRate" value="4"/>
				<string name="SMU_File" value="Green_Main_Gun_203x2_Takao"/>
				<string name="Type" value="Gun"/>
				<float name="Vitality" value="950."/>
				<float name="Weight" value="170."/>
			</object>
			<object name="Green_Main_Turret_203x2_Takao_B">
				<integer name="Amount" value="2"/>
				<integer name="ArmorFront" value="25"/>
				<integer name="ArmorSide" value="25"/>
				<integer name="ArmorTop" value="25"/>
				<string name="Building" value="Artillery"/>
				<string name="Content" value="Rifles.Green_Main_Gun_203x2_Mogami"/>
				<integer name="Country" value="2"/>
				<float name="DTimeProd" value="10."/>
				<integer name="Elevation" value="55"/>
				<integer name="ElevationRate" value="6"/>
				<string name="Icon" value="Artillery"/>
				<boolean name="IgnoreXMLFile" value="false"/>
				<float name="Iron" value="220."/>
				<float name="Money" value="55."/>
				<float name="NTimeProd" value="60."/>
				<boolean name="New" value="false"/>
				<boolean name="Production" value="false"/>
				<integer name="QualityRate" value="6"/>
				<integer name="RotationRate" value="4"/>
				<string name="SMU_File" value="Green_Main_Gun_203x2_Takao"/>
				<string name="Type" value="Gun"/>
				<float name="Vitality" value="950."/>
				<float name="Weight" value="170."/>
			</object>
			<object name="Green_Main_Turret_203x2_Takao_C">
				<integer name="Amount" value="2"/>
				<integer name="ArmorFront" value="25"/>
				<integer name="ArmorSide" value="25"/>
				<integer name="ArmorTop" value="25"/>
				<string name="Building" value="Artillery"/>
				<string name="Content" value="Rifles.Green_Main_Gun_203x2_Mogami"/>
				<integer name="Country" value="2"/>
				<float name="DTimeProd" value="10."/>
				<integer name="Elevation" value="55"/>
				<integer name="ElevationRate" value="6"/>
				<string name="Icon" value="Artillery"/>
				<boolean name="IgnoreXMLFile" value="false"/>
				<float name="Iron" value="220."/>
				<float name="Money" value="55."/>
				<float name="NTimeProd" value="60."/>
				<boolean name="New" value="false"/>
				<boolean name="Production" value="false"/>
				<integer name="QualityRate" value="6"/>
				<integer name="RotationRate" value="4"/>
				<string name="SMU_File" value="Green_Main_Gun_203x2_Takao"/>
				<string name="Type" value="Gun"/>
				<float name="Vitality" value="950."/>
				<float name="Weight" value="170."/>
			</object>
			<object name="Green_Main_Turret_203x2_Takao_D">
				<integer name="Amount" value="2"/>
				<integer name="ArmorFront" value="25"/>
				<integer name="ArmorSide" value="25"/>
				<integer name="ArmorTop" value="25"/>
				<string name="Building" value="Artillery"/>
				<string name="Content" value="Rifles.Green_Main_Gun_203x2_Mogami"/>
				<integer name="Country" value="2"/>
				<float name="DTimeProd" value="10."/>
				<integer name="Elevation" value="55"/>
				<integer name="ElevationRate" value="6"/>
				<string name="Icon" value="Artillery"/>
				<boolean name="IgnoreXMLFile" value="false"/>
				<float name="Iron" value="220."/>
				<float name="Money" value="55."/>
				<float name="NTimeProd" value="60."/>
				<boolean name="New" value="false"/>
				<boolean name="Production" value="false"/>
				<integer name="QualityRate" value="6"/>
				<integer name="RotationRate" value="4"/>
				<string name="SMU_File" value="Green_Main_Gun_203x2_Takao"/>
				<string name="Type" value="Gun"/>
				<float name="Vitality" value="950."/>
				<float name="Weight" value="170."/>
			</object>
			<object name="Green_Main_Turret_203x2_Takao_X">
				<integer name="Amount" value="2"/>
				<integer name="ArmorFront" value="25"/>
				<integer name="ArmorSide" value="25"/>
				<integer name="ArmorTop" value="25"/>
				<string name="Building" value="Artillery"/>
				<string name="Content" value="Rifles.Green_Main_Gun_203x2_Mogami"/>
				<integer name="Country" value="2"/>
				<float name="DTimeProd" value="10."/>
				<integer name="Elevation" value="55"/>
				<integer name="ElevationRate" value="6"/>
				<string name="Icon" value="Artillery"/>
				<boolean name="IgnoreXMLFile" value="false"/>
				<float name="Iron" value="220."/>
				<float name="Money" value="55."/>
				<float name="NTimeProd" value="60."/>
				<boolean name="New" value="false"/>
				<boolean name="Production" value="false"/>
				<integer name="QualityRate" value="6"/>
				<integer name="RotationRate" value="4"/>
				<string name="SMU_File" value="Green_Main_Gun_203x2_Takao"/>
				<string name="Type" value="Gun"/>
				<float name="Vitality" value="950."/>
				<float name="Weight" value="170."/>
			</object>
			<object name="Green_Main_Turret_203x2_Takao_Y">
				<integer name="Amount" value="2"/>
				<integer name="ArmorFront" value="25"/>
				<integer name="ArmorSide" value="25"/>
				<integer name="ArmorTop" value="25"/>
				<string name="Building" value="Artillery"/>
				<string name="Content" value="Rifles.Green_Main_Gun_203x2_Mogami"/>
				<integer name="Country" value="2"/>
				<float name="DTimeProd" value="10."/>
				<integer name="Elevation" value="55"/>
				<integer name="ElevationRate" value="6"/>
				<string name="Icon" value="Artillery"/>
				<boolean name="IgnoreXMLFile" value="false"/>
				<float name="Iron" value="220."/>
				<float name="Money" value="55."/>
				<float name="NTimeProd" value="60."/>
				<boolean name="New" value="false"/>
				<boolean name="Production" value="false"/>
				<integer name="QualityRate" value="6"/>
				<integer name="RotationRate" value="4"/>
				<string name="SMU_File" value="Green_Main_Gun_203x2_Takao"/>
				<string name="Type" value="Gun"/>
				<float name="Vitality" value="950."/>
				<float name="Weight" value="170."/>
			</object>
			<object name="Green_Main_Turret_203x2_Mogami_A">
				<integer name="Amount" value="2"/>
				<integer name="ArmorFront" value="205"/>
				<integer name="ArmorSide" value="76"/>
				<integer name="ArmorTop" value="140"/>
				<string name="Building" value="Artillery"/>
				<string name="Content" value="Rifles.Green_Main_Gun_203x2_Mogami"/>
				<integer name="Country" value="2"/>
				<float name="DTimeProd" value="10."/>
				<integer name="Elevation" value="55"/>
				<integer name="ElevationRate" value="6"/>
				<string name="Icon" value="Artillery"/>
				<boolean name="IgnoreXMLFile" value="false"/>
				<float name="Iron" value="220."/>
				<float name="Money" value="55."/>
				<float name="NTimeProd" value="60."/>
				<boolean name="New" value="false"/>
				<boolean name="Production" value="false"/>
				<integer name="QualityRate" value="6"/>
				<integer name="RotationRate" value="4"/>
				<string name="SMU_File" value="Green_Main_Gun_203x2_Mogami"/>
				<string name="Type" value="Gun"/>
				<float name="Vitality" value="950."/>
				<float name="Weight" value="220."/>
			</object>
			<object name="Green_Main_Turret_203x2_Mogami_B">
				<integer name="Amount" value="2"/>
				<integer name="ArmorFront" value="205"/>
				<integer name="ArmorSide" value="76"/>
				<integer name="ArmorTop" value="140"/>
				<string name="Building" value="Artillery"/>
				<string name="Content" value="Rifles.Green_Main_Gun_203x2_Mogami"/>
				<integer name="Country" value="2"/>
				<float name="DTimeProd" value="10."/>
				<integer name="Elevation" value="55"/>
				<integer name="ElevationRate" value="6"/>
				<string name="Icon" value="Artillery"/>
				<boolean name="IgnoreXMLFile" value="false"/>
				<float name="Iron" value="220."/>
				<float name="Money" value="55."/>
				<float name="NTimeProd" value="60."/>
				<boolean name="New" value="false"/>
				<boolean name="Production" value="false"/>
				<integer name="QualityRate" value="6"/>
				<integer name="RotationRate" value="4"/>
				<string name="SMU_File" value="Green_Main_Gun_203x2_Mogami"/>
				<string name="Type" value="Gun"/>
				<float name="Vitality" value="950."/>
				<float name="Weight" value="220."/>
			</object>
			<object name="Green_Main_Turret_203x2_Mogami_C">
				<integer name="Amount" value="2"/>
				<integer name="ArmorFront" value="205"/>
				<integer name="ArmorSide" value="76"/>
				<integer name="ArmorTop" value="140"/>
				<string name="Building" value="Artillery"/>
				<string name="Content" value="Rifles.Green_Main_Gun_203x2_Mogami"/>
				<integer name="Country" value="2"/>
				<float name="DTimeProd" value="10."/>
				<integer name="Elevation" value="55"/>
				<integer name="ElevationRate" value="6"/>
				<string name="Icon" value="Artillery"/>
				<boolean name="IgnoreXMLFile" value="false"/>
				<float name="Iron" value="220."/>
				<float name="Money" value="55."/>
				<float name="NTimeProd" value="60."/>
				<boolean name="New" value="false"/>
				<boolean name="Production" value="false"/>
				<integer name="QualityRate" value="6"/>
				<integer name="RotationRate" value="4"/>
				<string name="SMU_File" value="Green_Main_Gun_203x2_Mogami"/>
				<string name="Type" value="Gun"/>
				<float name="Vitality" value="950."/>
				<float name="Weight" value="220."/>
			</object>
			<object name="Green_Main_Turret_203x2_Mogami_X">
				<integer name="Amount" value="2"/>
				<integer name="ArmorFront" value="205"/>
				<integer name="ArmorSide" value="76"/>
				<integer name="ArmorTop" value="140"/>
				<string name="Building" value="Artillery"/>
				<string name="Content" value="Rifles.Green_Main_Gun_203x2_Mogami"/>
				<integer name="Country" value="2"/>
				<float name="DTimeProd" value="10."/>
				<integer name="Elevation" value="55"/>
				<integer name="ElevationRate" value="6"/>
				<string name="Icon" value="Artillery"/>
				<boolean name="IgnoreXMLFile" value="false"/>
				<float name="Iron" value="220."/>
				<float name="Money" value="55."/>
				<float name="NTimeProd" value="60."/>
				<boolean name="New" value="false"/>
				<boolean name="Production" value="false"/>
				<integer name="QualityRate" value="6"/>
				<integer name="RotationRate" value="4"/>
				<string name="SMU_File" value="Green_Main_Gun_203x2_Mogami"/>
				<string name="Type" value="Gun"/>
				<float name="Vitality" value="950."/>
				<float name="Weight" value="220."/>
			</object>
			<object name="Green_Main_Turret_203x2_Mogami_Y">
				<integer name="Amount" value="2"/>
				<integer name="ArmorFront" value="205"/>
				<integer name="ArmorSide" value="76"/>
				<integer name="ArmorTop" value="140"/>
				<string name="Building" value="Artillery"/>
				<string name="Content" value="Rifles.Green_Main_Gun_203x2_Mogami"/>
				<integer name="Country" value="2"/>
				<float name="DTimeProd" value="10."/>
				<integer name="Elevation" value="55"/>
				<integer name="ElevationRate" value="6"/>
				<string name="Icon" value="Artillery"/>
				<boolean name="IgnoreXMLFile" value="false"/>
				<float name="Iron" value="220."/>
				<float name="Money" value="55."/>
				<float name="NTimeProd" value="60."/>
				<boolean name="New" value="false"/>
				<boolean name="Production" value="false"/>
				<integer name="QualityRate" value="6"/>
				<integer name="RotationRate" value="4"/>
				<string name="SMU_File" value="Green_Main_Gun_203x2_Mogami"/>
				<string name="Type" value="Gun"/>
				<float name="Vitality" value="950."/>
				<float name="Weight" value="220."/>
			</object>
		</object>
	</object>
</root>
