﻿xml version="1.0" standalone="yes" ?>
<root>
	<object name="Modifications">
		<object name="SubUnits">
			<object name="Green_Universal_Turret_127x2_Mogami">
				<object name="TPort_01">
					<string name="Device" value="Green_Universal_Gun_127x2_Mogami"/>
					<string name="Table" value="Rifles"/>
				</object>
				<object name="TPort_02">
					<string name="Device" value="Universal_Gun_127x2_Mogami_Stvolx"/>
					<string name="Table" value="Rifles"/>
				</object>
			</object>
			<object name="Green_Main_Turret_203x2_Takao_A">
				<object name="TPort_01">
					<string name="Device" value="Green_Main_Gun_203x2_Mogami"/>
					<string name="Table" value="Rifles"/>
				</object>
				<object name="TPort_02">
					<string name="Device" value="Green_Main_Gun_203x2_Mogami"/>
					<string name="Table" value="Rifles"/>
				</object>
			</object>
			<object name="Green_Main_Turret_203x2_Takao_B">
				<object name="TPort_01">
					<string name="Device" value="Green_Main_Gun_203x2_Mogami"/>
					<string name="Table" value="Rifles"/>
				</object>
				<object name="TPort_02">
					<string name="Device" value="Green_Main_Gun_203x2_Mogami"/>
					<string name="Table" value="Rifles"/>
				</object>
			</object>
			<object name="Green_Main_Turret_203x2_Takao_C">
				<object name="TPort_01">
					<string name="Device" value="Green_Main_Gun_203x2_Mogami"/>
					<string name="Table" value="Rifles"/>
				</object>
				<object name="TPort_02">
					<string name="Device" value="Green_Main_Gun_203x2_Mogami"/>
					<string name="Table" value="Rifles"/>
				</object>
			</object>
			<object name="Green_Main_Turret_203x2_Takao_D">
				<object name="TPort_01">
					<string name="Device" value="Green_Main_Gun_203x2_Mogami"/>
					<string name="Table" value="Rifles"/>
				</object>
				<object name="TPort_02">
					<string name="Device" value="Green_Main_Gun_203x2_Mogami"/>
					<string name="Table" value="Rifles"/>
				</object>
			</object>
			<object name="Green_Main_Turret_203x2_Takao_X">
				<object name="TPort_01">
					<string name="Device" value="Green_Main_Gun_203x2_Mogami"/>
					<string name="Table" value="Rifles"/>
				</object>
				<object name="TPort_02">
					<string name="Device" value="Green_Main_Gun_203x2_Mogami"/>
					<string name="Table" value="Rifles"/>
				</object>
			</object>
			<object name="Green_Main_Turret_203x2_Takao_Y">
				<object name="TPort_01">
					<string name="Device" value="Green_Main_Gun_203x2_Mogami"/>
					<string name="Table" value="Rifles"/>
				</object>
				<object name="TPort_02">
					<string name="Device" value="Green_Main_Gun_203x2_Mogami"/>
					<string name="Table" value="Rifles"/>
				</object>
			</object>
			<object name="Green_Main_Turret_203x2_Mogami_A">
				<object name="TPort_01">
					<string name="Device" value="Green_Main_Gun_203x2_Mogami"/>
					<string name="Table" value="Rifles"/>
				</object>
				<object name="TPort_02">
					<string name="Device" value="Green_Main_Gun_203x2_Mogami"/>
					<string name="Table" value="Rifles"/>
				</object>
			</object>
			<object name="Green_Main_Turret_203x2_Mogami_B">
				<object name="TPort_01">
					<string name="Device" value="Green_Main_Gun_203x2_Mogami"/>
					<string name="Table" value="Rifles"/>
				</object>
				<object name="TPort_02">
					<string name="Device" value="Green_Main_Gun_203x2_Mogami"/>
					<string name="Table" value="Rifles"/>
				</object>
			</object>
			<object name="Green_Main_Turret_203x2_Mogami_C">
				<object name="TPort_01">
					<string name="Device" value="Green_Main_Gun_203x2_Mogami"/>
					<string name="Table" value="Rifles"/>
				</object>
				<object name="TPort_02">
					<string name="Device" value="Green_Main_Gun_203x2_Mogami"/>
					<string name="Table" value="Rifles"/>
				</object>
			</object>
			<object name="Green_Main_Turret_203x2_Mogami_D">
				<object name="TPort_01">
					<string name="Device" value="Green_Main_Gun_203x2_Mogami"/>
					<string name="Table" value="Rifles"/>
				</object>
				<object name="TPort_02">
					<string name="Device" value="Green_Main_Gun_203x2_Mogami"/>
					<string name="Table" value="Rifles"/>
				</object>
			</object>
			<object name="Green_Main_Turret_203x2_Mogami_X">
				<object name="TPort_01">
					<string name="Device" value="Green_Main_Gun_203x2_Mogami"/>
					<string name="Table" value="Rifles"/>
				</object>
				<object name="TPort_02">
					<string name="Device" value="Green_Main_Gun_203x2_Mogami"/>
					<string name="Table" value="Rifles"/>
				</object>
			</object>
			<object name="Green_Main_Turret_203x2_Mogami_Y">
				<object name="TPort_01">
					<string name="Device" value="Green_Main_Gun_203x2_Mogami"/>
					<string name="Table" value="Rifles"/>
				</object>
				<object name="TPort_02">
					<string name="Device" value="Green_Main_Gun_203x2_Mogami"/>
					<string name="Table" value="Rifles"/>
				</object>
			</object>
		</object>
	</object>
</root>

