﻿<?xml version="1.0" standalone="yes" ?>
<root>
	<object name="SteelMonstersParams">
		<object name="Ships">
			<object name="JeanBart">
				<float name="AccelRate" value="1.e-004"/>
				<string name="Airgroup" value=""/>
				<integer name="AirplanesCount" value="0"/>
				<string name="AmmoLoadingTemplate" value="Ammo 900"/>
				<boolean name="BoatsTransportationAbility" value="false"/>
				<integer name="CabinArmor" value="533"/>
				<boolean name="CanBeChanged" value="true"/>
				<boolean name="CanUseTorpedos" value="false"/>
				<string name="CatapultAirgroupDefaultUnit" value=""/>
				<integer name="Country" value="4"/>
				<integer name="Crew" value="1620"/>
				<float name="CriticalCareen" value="37."/>
				<float name="CriticalDFT" value="4.5"/>
				<float name="CriticalDifferent" value="5."/>
				<float name="DTimeProd" value="160."/>
				<float name="DisplacementMax" value="47550."/>
				<float name="EPR" value="630."/>
				<float name="FireRisk" value="1667."/>
				<float name="Fuel" value="7700."/>
				<float name="HLShapeCoef" value="0.55"/>
				<integer name="HullArmorSide" value="310"/>
				<integer name="HullArmorTop" value="265"/>
				<float name="Iron" value="58300."/>
				<integer name="Length" value="248"/>
				<float name="MaxSpeed" value="32."/>
				<integer name="MinCrew" value="950"/>
				<float name="Money" value="42000."/>
				<float name="NTimeProd" value="400."/>
				<string name="Name" value="JeanBart"/>
				<boolean name="New" value="true"/>
				<integer name="Nuc_Dest_Prob" value="300"/>
				<integer name="Passengers" value="70"/>
				<boolean name="PlanesTransportationAbility" value="false"/>
				<float name="Range" value="15740."/>
				<integer name="Rank" value="2"/>
				<string name="SMU" value="JeanBart"/>
				<float name="Speed" value="18."/>
				<float name="StoreCapacity" value="3600."/>
				<boolean name="Transportable" value="false"/>
				<float name="TurnRate" value="1.4e-003"/>
				<integer name="Type" value="1"/>
				<float name="Vitality" value="8400."/>
				<float name="VitalityAA" value="3500."/>
				<float name="Weight" value="38500."/>
				<integer name="Width" value="33"/>
				<integer name="Year" value="39"/>
			</object>
		</object>
		<object name="ShipsNames">
			<object name="JeanBart">
				<string name="1" value="JeanBart1"/>
			</object>
         </object>
                  <object name="UnitsByType">
			<object name="1">
				<object name="JeanBart">
					<string name="ChildTable" value="Ships"/>
				</object>
             </object>
		</object>
	</object>
</root>
