﻿<?xml version="1.0" standalone="yes" ?>
<root>
	<object name="SteelMonstersParams">
		<object name="Hit_Location">
			<object name="B7842">
				<integer name="Country" value="5"/>
				<float name="ER" value="100."/>
				<string name="Hull" value="Std_Guns"/>
				<string name="Name" value="Turret"/>
				<string name="TypHL" value="Hull"/>
				<string name="UnitName" value="Bismark_FLAK1_105mm_SK_C33_Turret"/>
			</object>
			<object name="B7843">
				<integer name="Country" value="5"/>
				<float name="ER" value="100."/>
				<string name="Hull" value="Std_Guns"/>
				<string name="Name" value="Turret"/>
				<string name="TypHL" value="AmmoStore"/>
				<string name="UnitName" value="Bismark_FLAK2_105mm_SK_C37_Turret"/>
			</object>
			<object name="B7844">
				<integer name="Country" value="5"/>
				<float name="ER" value="10."/>
				<string name="Hull" value="Std_Turret_RF"/>
				<string name="Name" value="Rangefinder"/>
				<string name="TypHL" value="Probe"/>
				<string name="UnitName" value="Bismark_FLAK2_105mm_SK_C37_Turret"/>
			</object>
		</object>
		<object name="Rifles">
			<object name="Bismark_FLAK1_105mm_SK_C33_Stvol">
				<float name="AARange" value="12.5"/>
				<string name="Ammo" value="Proj_105_G"/>
				<integer name="AmmoStorage" value="450"/>
				<float name="AmmoWeight" value="15.8"/>
				<string name="ArmPiercing" value="Proj_105_G_AP"/>
				<float name="Caliber" value="105."/>
				<integer name="Country" value="5"/>
				<float name="Dispersion" value="10."/>
				<integer name="FinalSpeed" value="165"/>
				<string name="FireSound" value="Guns\100mm"/>
				<string name="Frag" value="Proj_105_G_Fr"/>
				<string name="HighExp" value="Proj_105_G_HE"/>
				<boolean name="IgnoreXMLFile" value="false"/>
				<float name="Money" value="3.35"/>
				<boolean name="New" value="true"/>
				<float name="Range" value="17.7"/>
				<float name="ROF" value="18."/>
				<boolean name="SLLauncher" value="false"/>
				<string name="SMU_File" value="Bismark_FLAK1_105mm_SK_C33_Stvol"/>
				<integer name="StartSpeed" value="900"/>
				<integer name="Unreliability" value="0"/>
				<string name="Usage" value="Ships"/>
				<float name="Weight" value="4.56"/>
			</object>
			<object name="Bismark_FLAK1_105mm_SK_C33_Stvolx">
				<float name="AARange" value="12.5"/>
				<string name="Ammo" value="Proj_105_G"/>
				<integer name="AmmoStorage" value="450"/>
				<float name="AmmoWeight" value="15.8"/>
				<string name="ArmPiercing" value="Proj_105_G_AP"/>
				<float name="Caliber" value="105."/>
				<integer name="Country" value="5"/>
				<float name="Dispersion" value="10."/>
				<integer name="FinalSpeed" value="165"/>
				<string name="FireSound" value="Guns\100mm"/>
				<string name="Frag" value="Proj_105_G_Fr"/>	
				<string name="HighExp" value="Proj_105_G_HE"/>
				<boolean name="IgnoreXMLFile" value="false"/>
				<float name="Money" value="3.35"/>
				<boolean name="New" value="true"/>
				<float name="Range" value="17.7"/>
				<float name="ROF" value="18."/>
				<boolean name="SLLauncher" value="false"/>
				<string name="SMU_File" value="Bismark_FLAK1_105mm_SK_C33_Stvolx"/>
				<integer name="StartSpeed" value="900"/>
				<integer name="Unreliability" value="0"/>
				<string name="Usage" value="Ships"/>
				<float name="Weight" value="4.56"/>
			</object>
		</object>
		<object name="Turrets">
			<object name="Bismark_FLAK1_105mm_SK_C33_Turret">
				<integer name="Amount" value="2"/>
				<integer name="ArmorFront" value="25"/>
				<integer name="ArmorSide" value="25"/>
				<integer name="ArmorTop" value="25"/>
				<string name="Building" value="AAGun"/>
				<string name="Content" value="Rifles.Bismark_FLAK1_105mm_SK_C33_Stvol"/>
				<integer name="Country" value="5"/>
				<float name="DTimeProd" value="1."/>
				<integer name="Elevation" value="80"/>
				<integer name="ElevationRate" value="10"/>
				<string name="Icon" value="AAGun"/>
				<boolean name="IgnoreXMLFile" value="false"/>
				<float name="Iron" value="27.805"/>
				<float name="Money" value="1."/>
				<boolean name="New" value="true"/>
				<float name="NTimeProd" value="10."/>
				<boolean name="Production" value="false"/>
				<integer name="QualityRate" value="4"/>
				<integer name="RotationRate" value="8"/>
				<string name="SMU_File" value="Bismark_FLAK1_105mm_SK_C33_Turret"/>
				<string name="Type" value="Gun"/>
				<float name="Vitality" value="350."/>
				<float name="Weight" value="27.805"/>
			</object>
			<object name="Bismark_FLAK2_105mm_SK_C37_Turret">
				<integer name="Amount" value="2"/>
				<integer name="ArmorFront" value="25"/>
				<integer name="ArmorSide" value="25"/>
				<integer name="ArmorTop" value="25"/>
				<string name="Building" value="AAGun"/>
				<string name="Content" value="Rifles.Bismark_FLAK1_105mm_SK_C33_Stvol"/>
				<integer name="Country" value="5"/>
				<float name="DTimeProd" value="1."/>
				<integer name="Elevation" value="80"/>
				<integer name="ElevationRate" value="12"/>
				<string name="Icon" value="AAGun"/>
				<boolean name="IgnoreXMLFile" value="false"/>
				<float name="Iron" value="27.55"/>
				<float name="Money" value="1."/>
				<boolean name="New" value="true"/>
				<float name="NTimeProd" value="10."/>
				<boolean name="Production" value="false"/>
				<integer name="QualityRate" value="4"/>
				<integer name="RotationRate" value="8.5"/>
				<string name="SMU_File" value="Bismark_FLAK2_105mm_SK_C37_Turret"/>
				<string name="Type" value="Gun"/>
				<float name="Vitality" value="350."/>
				<float name="Weight" value="27.055"/>
			</object>
		</object>
	</object>
</root>
