<?xml version="1.0" standalone="yes" ?>
<root>
	<object name="Modifications">
        <object name="SubUnits">
			<object name="Bismark_FLAK1_105mm_SK_C33_Turret">
				<object name="TPort_0">
					<string name="Device" value="Bismark_FLAK1_105mm_SK_C33_Stvol"/>
					<string name="Table" value="Rifles"/>
				</object>
				<object name="TPort_1">
					<string name="Device" value="Bismark_FLAK1_105mm_SK_C33_Stvolx"/>
					<string name="Table" value="Rifles"/>
				</object>
			</object>
			<object name="Bismark_FLAK2_105mm_SK_C37_Turret">
				<object name="TPort_0">
					<string name="Device" value="Bismark_FLAK1_105mm_SK_C33_Stvol"/>
					<string name="Table" value="Rifles"/>
				</object>
				<object name="TPort_1">
					<string name="Device" value="Bismark_FLAK1_105mm_SK_C33_Stvolx"/>
					<string name="Table" value="Rifles"/>
				</object>
			</object>
		</object>
	</object>
</root>
