<?xml version="1.0" standalone="yes" ?>
<root>
	<object name="Prototypes">
		<object name="Ships">
			<object name="Soryu">
				<object name="Slots">
					<object name="TPort_LMG01">
						<object name="SubSlots">
							<object name="TPort_RMG01">
								<integer name="icon_x" value="85"/>
								<integer name="icon_y" value="3"/>
							</object>
							<object name="TPort_LMG02">
								<integer name="icon_x" value="126"/>
								<integer name="icon_y" value="3"/>
							</object>
							<object name="TPort_RMG02">
								<object name="SubSlots"/>
								<integer name="icon_x" value="427"/>
								<integer name="icon_y" value="22"/>
							</object>
							<object name="TPort_LMG03">
								<integer name="icon_x" value="208"/>
								<integer name="icon_y" value="44"/>
							</object>
							<object name="TPort_RMG03">
								<integer name="icon_x" value="249"/>
								<integer name="icon_y" value="44"/>
							</object>
						</object>
						<integer name="icon_x" value="161"/>
						<integer name="icon_y" value="91"/>
					</object>
					<object name="TPort_AA2x25mm_R1">
						<object name="SubSlots">
							<object name="TPort_AA2x25mm_R2">
								<integer name="icon_x" value="420"/>
								<integer name="icon_y" value="191"/>
							</object>
							<object name="TPort_AA2x25mm_R3">
								<integer name="icon_x" value="420"/>
								<integer name="icon_y" value="191"/>
							</object> 
							<object name="TPort_AA2x25mm_R4">
								<integer name="icon_x" value="420"/>
								<integer name="icon_y" value="191"/>
							</object>
							<object name="TPort_AA2x25mm_R5">
								<integer name="icon_x" value="420"/>
								<integer name="icon_y" value="191"/>
							</object> 
							<object name="TPort_AA2x25mm_R6">
								<integer name="icon_x" value="420"/>
								<integer name="icon_y" value="191"/>
							</object>
							<object name="TPort_AA2x25mm_R7">
								<integer name="icon_x" value="420"/>
								<integer name="icon_y" value="191"/>
							</object>
							<object name="TPort_AA2x25mm_L1">
								<integer name="icon_x" value="420"/>
								<integer name="icon_y" value="191"/>
							</object>
							<object name="TPort_AA2x25mm_L2">
								<integer name="icon_x" value="420"/>
								<integer name="icon_y" value="191"/>
							</object>
							<object name="TPort_AA2x25mm_L3">
								<integer name="icon_x" value="420"/>
								<integer name="icon_y" value="191"/>
							</object> 
							<object name="TPort_AA2x25mm_L4">
								<integer name="icon_x" value="420"/>
								<integer name="icon_y" value="191"/>
							</object>
							<object name="TPort_AA2x25mm_L5">
								<integer name="icon_x" value="420"/>
								<integer name="icon_y" value="191"/>
							</object> 
							<object name="TPort_AA2x25mm_L6">
								<integer name="icon_x" value="420"/>
								<integer name="icon_y" value="191"/>
							</object>
							<object name="TPort_AA2x25mm_L7">
								<integer name="icon_x" value="420"/>
								<integer name="icon_y" value="191"/>
							</object>
						</object>
						<integer name="icon_x" value="22"/>
						<integer name="icon_y" value="91"/>
					</object>
					<object name="TPort_RF_Typ95_02_F">
						<object name="SubSlots">
							<object name="TPort_RF_Typ95_02_R">
								<integer name="icon_x" value="333"/>
								<integer name="icon_y" value="126"/>
							</object>
						</object>
						<integer name="icon_x" value="100"/>
						<integer name="icon_y" value="185"/>
					</object>
					<object name="TPort_RF_Typ95_03_R1">
						<object name="SubSlots">
							<object name="TPort_RF_Typ95_03_R2">
								<integer name="icon_x" value="333"/>
								<integer name="icon_y" value="126"/>
							</object>
							<object name="TPort_RF_Typ95_03_R3">
								<integer name="icon_x" value="335"/>
								<integer name="icon_y" value="126"/>
							</object>
							<object name="TPort_RF_Typ95_03_L1">
								<integer name="icon_x" value="335"/>
								<integer name="icon_y" value="126"/>
							</object>
							<object name="TPort_RF_Typ95_03_L2">
								<integer name="icon_x" value="335"/>
								<integer name="icon_y" value="126"/>
							</object>
							<object name="TPort_RF_Typ95_03_L3">
								<integer name="icon_x" value="335"/>
								<integer name="icon_y" value="126"/>
							</object>
						</object>
						<integer name="icon_x" value="200"/>
						<integer name="icon_y" value="185"/>
					</object>
					<object name="TPort_RF_C1">
						<integer name="icon_x" value="500"/>
						<integer name="icon_y" value="185"/>
					</object>
					<object name="TPort_Main_Gun_Director1">
						<integer name="icon_x" value="180"/>
						<integer name="icon_y" value="250"/>
					</object>
					<object name="TPort_Main_Gun_Director2">
						<integer name="icon_x" value="300"/>
						<integer name="icon_y" value="260"/>
					</object>
					<object name="TPort_RADAR1">
						<integer name="icon_x" value="110"/>
						<integer name="icon_y" value="200"/>
					</object>
					<object name="TPort_Airstrip">
						<integer name="icon_x" value="167"/>
						<integer name="icon_y" value="126"/>
					</object>
					<object name="ZPort_AAGunContr">
						<integer name="icon_x" value="31"/>
						<integer name="icon_y" value="344"/>
					</object>
					<object name="ZPort_Bridge">
						<integer name="icon_x" value="249"/>
						<integer name="icon_y" value="126"/>
					</object>
					<object name="ZPort_FuelTank">
						<integer name="icon_x" value="290"/>
						<integer name="icon_y" value="126"/>
					</object>
					<object name="ZPort_FuelTank1">
						<integer name="icon_x" value="331"/>
						<integer name="icon_y" value="126"/>
					</object>
					<object name="ZPort_Jammer_JS_A">
						<integer name="icon_x" value="524"/>
						<integer name="icon_y" value="343"/>
					</object>
					<object name="ZPort_Jammer_US_A1">
						<integer name="icon_x" value="413"/>
						<integer name="icon_y" value="126"/>
					</object>
					<object name="ZPort_MainGunContr">
						<integer name="icon_x" value="152"/>
						<integer name="icon_y" value="345"/>
					</object>
					<object name="ZPort_Radar_Typ13">
						<integer name="icon_x" value="495"/>
						<integer name="icon_y" value="126"/>
					</object>
					<object name="ZPort_Radar_Typ21">
						<integer name="icon_x" value="3"/>
						<integer name="icon_y" value="167"/>
					</object>
					<object name="ZPort_Radio">
						<integer name="icon_x" value="394"/>
						<integer name="icon_y" value="344"/>
					</object>
					<object name="ZPort_Rudder">
						<integer name="icon_x" value="44"/>
						<integer name="icon_y" value="167"/>
					</object>
					<object name="ZPort_SteamTurbine">
						<integer name="icon_x" value="267"/>
						<integer name="icon_y" value="344"/>
					</object>
				</object>
			</object>
		</object>
	</object>
</root>