﻿<?xml version = "1.0" encoding = "UTF-8"?>
<root>
	<object name = "SteelMonstersParams">
		<object name="Ships">
			<object name="Nagara">
				<float name="AccelRate" value="3.e-004"/>
				<string name="Airgroup" value="Scout_ShipWater_Battalion_F1M_japan"/>
				<integer name="AirplanesCount" value="1"/>
				<string name="AmmoLoadingTemplate" value="Ammo 15"/>
				<boolean name="BoatsTransportationAbility" value="false"/>
				<integer name="CabinArmor" value="52"/>
				<boolean name="CanBeChanged" value="true"/>
				<boolean name="CanUseTorpedos" value="true"/>
				<string name="CatapultAirgroupDefaultUnit" value="F1M"/>
				<integer name="Country" value="2"/>
				<integer name="Crew" value="440"/>
				<float name="CriticalCareen" value="37."/>
				<float name="CriticalDFT" value="1.1"/>
				<float name="CriticalDifferent" value="2.5"/>
				<float name="DisplacementMax" value="5925."/>
				<float name="DTimeProd" value="90."/>
				<float name="EPR" value="200."/>
				<float name="FireRisk" value="227."/>
				<float name="Fuel" value="1260."/>
				<float name="HLShapeCoef" value="0.7"/>
				<integer name="HullArmorSide" value="56"/>
				<integer name="HullArmorTop" value="19"/>
				<float name="Iron" value="6652."/>
				<integer name="Length" value="163."/>
				<float name="MaxSpeed" value="32."/>
				<integer name="MinCrew" value="310"/>
				<float name="Money" value="8000."/>
				<string name="Name" value="Nagara"/>
				<boolean name="New" value="false"/>
				<float name="NTimeProd" value="225."/>
				<integer name="Nuc_Dest_Prob" value="500"/>
				<integer name="Passengers" value="40"/>
				<boolean name="PlanesTransportationAbility" value="false"/>
				<float name="Range" value="17000."/>
				<integer name="Rank" value="4"/>
				<string name="SMU" value="Nagara"/>
				<float name="Speed" value="10."/>
				<float name="StoreCapacity" value="230."/>
				<boolean name="Transportable" value="false"/>
				<float name="TurnRate" value="1.5e-003"/>
				<integer name="Type" value="3"/>
				<float name="Vitality" value="3500."/>
				<float name="VitalityAA" value="700."/>
				<float name="Weight" value="5170."/>
				<integer name="Width" value="14.75"/>
				<integer name="Year" value="39"/>
			</object>
		</object>
		<object name="Engins">
			<object name="MPP_Nagara">
				<float name="Consumption" value="3.1316e-004"/>
				<integer name="Country" value="2"/>
				<float name="Money" value="5000."/>
				<integer name="Power_Max" value="90000"/>
				<integer name="RPM_Max" value="0"/>
				<integer name="Type" value="8"/>
				<integer name="Unreliability" value="10"/>
				<string name="Usage" value="Ships"/>
				<float name="Weight" value="1150."/>
			</object>
		</object>
		<object name="ShipsNames">
			<object name="Nagara">
				<string name="1" value="Nagara1"/>
				<string name="2" value="Nagara2"/>
				<string name="3" value="Nagara3"/>
				<string name="4" value="Nagara4"/>
				<string name="5" value="Nagara5"/>
				<string name="6" value="Nagara6"/>
			</object>
		</object>
		<object name="UnitsByType">
			<object name="3">
				<object name="Nagara">
					<string name="ChildTable" value="Ships"/>
				</object>
			</object>
		</object>
	</object>
</root>
