﻿<?xml version="1.0" standalone="yes" ?>
<root>
	<object name="SteelMonstersParams">
		<object name="Hit_Location"> 
			<object name="8100">
				<integer name="Country" value="3"/>
				<float name="ER" value="3.e-002"/>
				<string name="Hull" value="Std_Guns"/>
				<string name="Name" value="Base"/>
				<string name="TypHL" value="Hull"/>
				<string name="UnitName" value="Fiji_Radar"/>
			</object>
			<object name="8101">
				<integer name="Country" value="3"/>
				<float name="ER" value="3.e-002"/>
				<string name="Hull" value="Std_Radar"/>
				<string name="Name" value="Radar"/>
				<string name="TypHL" value="Probe"/>
				<string name="UnitName" value="Fiji_Radar"/>
			</object>
			<object name="8102">
				<integer name="Country" value="3"/>
				<float name="ER" value="1.e-002"/>
				<string name="Hull" value="Std_RF"/>
				<string name="Name" value="Rangefinder"/>
				<string name="TypHL" value="Probe"/>
				<string name="UnitName" value="Fiji_RF"/>
			</object>
			<object name="8103">
				<integer name="Country" value="3"/>
				<float name="ER" value="3.e-002"/>
				<string name="Hull" value="Std_Radar"/>
				<string name="Name" value="Radar"/>
				<string name="TypHL" value="Probe"/>
				<string name="UnitName" value="Fiji_RF"/>
			</object>
			<object name="8104">
				<integer name="Country" value="3"/>
				<float name="ER" value="1."/>
				<string name="Hull" value="Std_Guns"/>
				<string name="Name" value="Base"/>
				<string name="TypHL" value="Hull"/>
				<string name="UnitName" value="Fiji_RF"/>
			</object>
			<object name="8105">
				<integer name="Country" value="3"/>
				<float name="ER" value="1."/>
				<string name="Hull" value="Std_Hull"/>
				<string name="Name" value="KDP_Base"/>
				<string name="TypHL" value="Hull"/>
				<string name="UnitName" value="Hood_RF_15feet"/>
			</object>
			<object name="8106">
				<integer name="Country" value="3"/>
				<float name="ER" value="0.5"/>
				<string name="Hull" value="Std_RF"/>
				<string name="Name" value="Rangefinder_Lower"/>
				<string name="TypHL" value="Probe"/>
				<string name="UnitName" value="Hood_RF_15feet"/>
			</object>
			<object name="8107">
				<integer name="Country" value="3"/>
				<float name="ER" value="0.5"/>
				<string name="Hull" value="Std_RF"/>
				<string name="Name" value="Rangefinder_Upper"/>
				<string name="TypHL" value="Probe"/>
				<string name="UnitName" value="Hood_RF_15feet"/>
			</object>
			<object name="8108">
				<integer name="Country" value="3"/>
				<float name="ER" value="4."/>
				<string name="Hull" value="Hood_KDP15"/>
				<string name="Name" value="KDP"/>
				<string name="TypHL" value="Probe"/>
				<string name="UnitName" value="Hood_RF_15feet"/>
			</object>
			<object name="8109">
				<integer name="Country" value="3"/>
				<float name="ER" value="1."/>
				<string name="Hull" value="Std_RF"/>
				<string name="Name" value="Rangefinder"/>
				<string name="TypHL" value="Probe"/>
				<string name="UnitName" value="Hood_RF_30feet"/>
			</object>
			<object name="8110">
				<integer name="Country" value="3"/>
				<float name="ER" value="7."/>
				<string name="Hull" value="Hood_KDP30"/>
				<string name="Name" value="KDP"/>
				<string name="TypHL" value="Probe"/>
				<string name="UnitName" value="Hood_RF_30feet"/>
			</object>	   
			<object name="8111">
				<integer name="Country" value="3"/>
				<float name="ER" value="0.5"/>
				<string name="Hull" value="Std_RF"/>
				<string name="Name" value="Rangefinder"/>
				<string name="TypHL" value="Probe"/>
				<string name="UnitName" value="Hood_RF_9feet_1V"/>
			</object>
			<object name="8112">
				<integer name="Country" value="3"/>
				<float name="ER" value="2.e-002"/>
				<string name="Hull" value="Std_RF"/>
				<string name="Name" value="RRangefinder"/>
				<string name="TypHL" value="Probe"/>
				<string name="UnitName" value="Hood_RF_9feet_2V"/>
			</object>
			<object name="8113">
				<integer name="Country" value="3"/>
				<float name="ER" value="2.e-002"/>
				<string name="Hull" value="Std_RF"/>
				<string name="Name" value="LRangefinder"/>
				<string name="TypHL" value="Probe"/>
				<string name="UnitName" value="Hood_RF_9feet_2V"/>
			</object>
			<object name="8114">
				<integer name="Country" value="3"/>
				<float name="ER" value="0.1"/>
				<string name="Hull" value="Std_Guns"/>
				<string name="Name" value="Rangefinder_Base"/>
				<string name="TypHL" value="Hull"/>
				<string name="UnitName" value="Hood_RF_9feet_2V"/>
			</object>
			<object name="8115">
				<integer name="Country" value="3"/>
				<float name="ER" value="4.e-002"/>
				<string name="Hull" value="Std_Guns"/>
				<string name="Name" value="Rangefinder"/>
				<string name="TypHL" value="Probe"/>
				<string name="UnitName" value="Illustrias_RF_272"/>
			</object>
			<object name="8116">
				<integer name="Country" value="3"/>
				<float name="ER" value="4.e-002"/>
				<string name="Hull" value="Std_Guns"/>
				<string name="Name" value="Rangefinder"/>
				<string name="TypHL" value="Probe"/>
				<string name="UnitName" value="Illustrias_RF_273"/>
			</object>
			<object name="8117">
				<integer name="Country" value="3"/>
				<float name="ER" value="4.e-002"/>
				<string name="Hull" value="Std_RF"/>
				<string name="Name" value="Rangefinder"/>
				<string name="TypHL" value="Probe"/>
				<string name="UnitName" value="Illustrias_RF_274"/>
			</object>
			<object name="8118">
				<integer name="Country" value="3"/>
				<float name="ER" value="4.e-002"/>
				<string name="Hull" value="Std_Guns"/>
				<string name="Name" value="Base"/>
				<string name="TypHL" value="Hull"/>
				<string name="UnitName" value="Illustrias_RF_274"/>
			</object>
			<object name="8119">
				<integer name="Country" value="3"/>
				<float name="ER" value="1."/>
				<string name="Hull" value="Std_Guns"/>
				<string name="Name" value="KDP"/>
				<string name="TypHL" value="Probe"/>
				<string name="UnitName" value="Illustrias_RF_282"/>
			</object>
			<object name="8120">
				<integer name="Country" value="3"/>
				<float name="ER" value="2.e-002"/>
				<string name="Hull" value="Std_RF"/>
				<string name="Name" value="RangefinderAA"/>
				<string name="TypHL" value="Probe"/>
				<string name="UnitName" value="Illustrias_RF_282"/>
			</object>  
			<object name="8121">
				<integer name="Country" value="3"/>
				<float name="ER" value="2.e-002"/>
				<string name="Hull" value="Std_RF"/>
				<string name="Name" value="LRangefinder"/>
				<string name="TypHL" value="Probe"/>
				<string name="UnitName" value="KingGeorgV_Director_MkIV_Type285"/>
			</object>
			<object name="8122">
				<integer name="Country" value="3"/>
				<float name="ER" value="2.e-002"/>
				<string name="Hull" value="Std_RF"/>
				<string name="Name" value="RRangefinder"/>
				<string name="TypHL" value="Probe"/>
				<string name="UnitName" value="KingGeorgV_Director_MkIV_Type285"/>
			</object>
			<object name="8123">
				<integer name="Country" value="3"/>
				<float name="ER" value="4."/>
				<string name="Hull" value="Std_Guns"/>
				<string name="Name" value="KDP"/>
				<string name="TypHL" value="Probe"/>
				<string name="UnitName" value="KingGeorgV_Director_MkIV_Type285"/>
			</object>
			<object name="8124">
				<integer name="Country" value="3"/>
				<float name="ER" value="100."/>
				<string name="Hull" value="Std_Hull"/>
				<string name="Name" value="KDP_Base"/>
				<string name="TypHL" value="Hull"/>
				<string name="UnitName" value="KingGeorgV_Director_MkIV_Type285"/>
			</object>
			<object name="8125">
				<integer name="Country" value="3"/>
				<float name="ER" value="0.3"/>
				<string name="Hull" value="Std_RF"/>
				<string name="Name" value="RangefinderAA"/>
				<string name="TypHL" value="Probe"/>
				<string name="UnitName" value="KingGeorgV_Director_MkIV_Type285"/>
			</object>  
			<object name="8126">
				<integer name="Country" value="3"/>
				<float name="ER" value="3.e-002"/>
				<string name="Hull" value="Std_RF"/>
				<string name="Name" value="Rangefinder_Lower"/>
				<string name="TypHL" value="Probe"/>
				<string name="UnitName" value="KingGeorgV_RF_274"/>
			</object>
			<object name="8127">
				<integer name="Country" value="3"/>
				<float name="ER" value="3.e-002"/>
				<string name="Hull" value="Std_RF"/>
				<string name="Name" value="Rangefinder_Upper"/>
				<string name="TypHL" value="Probe"/>
				<string name="UnitName" value="KingGeorgV_RF_274"/>
			</object>
			<object name="8128">
				<integer name="Country" value="3"/>
				<float name="ER" value="4."/>
				<string name="Hull" value="Std_Guns"/>
				<string name="Name" value="KDP"/>
				<string name="TypHL" value="Probe"/>
				<string name="UnitName" value="KingGeorgV_RF_274"/>
			</object>	 
			<object name="8129">
				<integer name="Country" value="3"/>
				<float name="ER" value="2.e-002"/>
				<string name="Hull" value="Std_RF"/>
				<string name="Name" value="RRangefinder"/>
				<string name="TypHL" value="Probe"/>
				<string name="UnitName" value="KingGeorgV_RF_275"/>
			</object>
			<object name="8130">
				<integer name="Country" value="3"/>
				<float name="ER" value="2.e-002"/>
				<string name="Hull" value="Std_RF"/>
				<string name="Name" value="LRangefinder"/>
				<string name="TypHL" value="Probe"/>
				<string name="UnitName" value="KingGeorgV_RF_275"/>
			</object>
			<object name="8131">
				<integer name="Country" value="3"/>
				<float name="ER" value="3.e-002"/>
				<string name="Hull" value="Std_Guns"/>
				<string name="Name" value="AAKDP"/>
				<string name="TypHL" value="Probe"/>
				<string name="UnitName" value="KingGeorgV_RF_275"/>
			</object>
			<object name="8132">
				<integer name="Country" value="3"/>
				<float name="ER" value="2."/>
				<string name="Hull" value="Std_Guns"/>
				<string name="Name" value="KDP"/>
				<string name="TypHL" value="Probe"/>
				<string name="UnitName" value="KingGeorgV_RF_275"/>
			</object>
			<object name="8200">
				<integer name="Country" value="1"/>
				<float name="ER" value="0.4"/>
				<string name="Hull" value="Std_RF"/>
				<string name="Name" value="Rangefinder"/>
				<string name="TypHL" value="Probe"/>
				<string name="UnitName" value="RangeFinder_Mk52"/>
			</object>
			<object name="8201">
				<integer name="Country" value="1"/>
				<integer name="Crew" value="1"/>
				<float name="ER" value="3.e-002"/>
				<string name="Hull" value="Std_Crew"/>
				<string name="Name" value="Crew"/>
				<string name="TypHL" value="Crew"/>
				<string name="UnitName" value="RangeFinder_Mk52"/>
			</object>
			<object name="8206">
				<integer name="Country" value="3"/>
				<float name="ER" value="2."/>
				<string name="Hull" value="Std_Guns"/>
				<string name="Name" value="KDP"/>
				<string name="TypHL" value="Probe"/>
				<string name="UnitName" value="Traibal_Director"/>
			</object>
			<object name="8207">
				<integer name="Country" value="3"/>
				<float name="ER" value="2.e-002"/>
				<string name="Hull" value="Std_RF"/>
				<string name="Name" value="Rangefinder"/>
				<string name="TypHL" value="Probe"/>
				<string name="UnitName" value="Traibal_RF"/>
			</object>
			<object name="8208">
				<integer name="Country" value="3"/>
				<float name="ER" value="2."/>
				<string name="Hull" value="Std_Guns"/>
				<string name="Name" value="KDP"/>
				<string name="TypHL" value="Probe"/>
				<string name="UnitName" value="Traibal_RF"/>
			</object> 
			<object name="County8116">
				<integer name="Country" value="3"/>
				<float name="ER" value="2."/>
				<string name="Hull" value="Std_Guns"/>
				<string name="Name" value="Rangefinder"/>
				<string name="TypHL" value="Probe"/>
				<string name="UnitName" value="County273Radar"/>
			</object>
			<object name="Didodir18121">
				<integer name="Country" value="3"/>
				<float name="ER" value="2.e-002"/>
				<string name="Hull" value="Std_RF"/>
				<string name="Name" value="LRangefinder"/>
				<string name="TypHL" value="Probe"/>
				<string name="UnitName" value="Dido_Director1"/>
			</object>
			<object name="Didodir18122">
				<integer name="Country" value="3"/>
				<float name="ER" value="2.e-002"/>
				<string name="Hull" value="Std_RF"/>
				<string name="Name" value="RRangefinder"/>
				<string name="TypHL" value="Probe"/>
				<string name="UnitName" value="Dido_Director1"/>
			</object>
			<object name="Didodir18123">
				<integer name="Country" value="3"/>
				<float name="ER" value="4."/>
				<string name="Hull" value="Std_Guns"/>
				<string name="Name" value="KDP"/>
				<string name="TypHL" value="Probe"/>
				<string name="UnitName" value="Dido_Director1"/>
			</object>
			<object name="Didodir18124">
				<integer name="Country" value="3"/>
				<float name="ER" value="100."/>
				<string name="Hull" value="Std_Hull"/>
				<string name="Name" value="KDP_Base"/>
				<string name="TypHL" value="Hull"/>
				<string name="UnitName" value="Dido_Director1"/>
			</object>
			<object name="Didodir18125">
				<integer name="Country" value="3"/>
				<float name="ER" value="0.3"/>
				<string name="Hull" value="Std_RF"/>
				<string name="Name" value="RangefinderAA"/>
				<string name="TypHL" value="Probe"/>
				<string name="UnitName" value="Dido_Director1"/>
			</object>
			<object name="London8111">
				<integer name="Country" value="3"/>
				<float name="ER" value="0.5"/>
				<string name="Hull" value="Std_RF"/>
				<string name="Name" value="Rangefinder"/>
				<string name="TypHL" value="Probe"/>
				<string name="UnitName" value="London_9feet1V"/>
			</object>
		</object>
		<object name="Probes"> 
			<object name="Pr_County273Radar">
				<float name="AirRange" value="2.5"/>
				<float name="BearingAccuracy" value="2."/>
				<integer name="Country" value="3"/>
				<float name="DTimeProd" value="0."/>
				<float name="Frequency" value="0."/>
				<float name="MaxCaliber" value="133."/>
				<float name="MinCaliber" value="40."/>
				<float name="Money" value="35."/>
				<boolean name="New" value="true"/>
				<float name="NTimeProd" value="0."/>
				<float name="Power" value="20000."/>
				<boolean name="Production" value="false"/>
				<float name="RangeAccuracy" value="100."/>
				<float name="Sensitivity" value="1.e-004"/>
				<float name="ShipRange" value="8.e-002"/>
				<integer name="SygnalType" value="1"/>
				<string name="Technology" value="HFRadar"/>
				<string name="Type" value="Radar"/>
				<integer name="Unreliability" value="0"/>
				<string name="Usage" value="Ships"/>
				<float name="Weight" value="2."/>
			</object>
			<object name="Pr_County273Radar_V2">
				<float name="AirRange" value="2.5"/>
				<float name="BearingAccuracy" value="2."/>
				<integer name="Country" value="3"/>
				<float name="DTimeProd" value="0."/>
				<float name="Frequency" value="0."/>
				<float name="Money" value="35."/>
				<boolean name="New" value="true"/>
				<float name="NTimeProd" value="0."/>
				<float name="Power" value="20000."/>
				<boolean name="Production" value="false"/>
				<float name="RangeAccuracy" value="100."/>
				<float name="Sensitivity" value="1.e-004"/>
				<float name="ShipRange" value="8.e-002"/>
				<integer name="SygnalType" value="1"/>
				<string name="Technology" value="VHFRadar"/>
				<string name="Type" value="Radar"/>
				<integer name="Unreliability" value="0"/>
				<string name="Usage" value="Ships"/>
				<float name="Weight" value="2."/>
			</object> 
			<object name="Pr_Dido_Dir1">
				<float name="BearingAccuracy" value="2."/>
				<integer name="Country" value="3"/>
				<float name="DTimeProd" value="0."/>
				<float name="Frequency" value="0."/>
				<float name="MaxCaliber" value="155."/>
				<float name="MinCaliber" value="40."/>
				<float name="Money" value="20."/>
				<boolean name="New" value="true"/>
				<float name="NTimeProd" value="0."/>
				<float name="Power" value="3000."/>
				<boolean name="Production" value="false"/>
				<float name="RangeAccuracy" value="30."/>
				<float name="Sensitivity" value="1.e-002"/>
				<integer name="SygnalType" value="1"/>
				<string name="Type" value="Director"/>
				<integer name="Unreliability" value="0"/>
				<string name="Usage" value="Ships"/>
				<float name="Weight" value="0.4"/>
			</object>
			<object name="Pr_Dido_Radar">
				<float name="AirRange" value="2."/>
				<float name="BearingAccuracy" value="5."/>
				<integer name="Country" value="3"/>
				<float name="DTimeProd" value="0."/>
				<float name="Frequency" value="2900."/>
				<float name="MaxCaliber" value="133."/>
				<float name="MinCaliber" value="40."/>
				<float name="Money" value="10."/>
				<boolean name="New" value="true"/>
				<float name="NTimeProd" value="0."/>
				<float name="Power" value="5000."/>
				<boolean name="Production" value="false"/>
				<float name="RangeAccuracy" value="20."/>
				<float name="Sensitivity" value="0.1"/>
				<float name="ShipRange" value="8.e-002"/>
				<integer name="SygnalType" value="1"/>
				<string name="Type" value="Radar"/>
				<integer name="Unreliability" value="0"/>
				<string name="Usage" value="Ships"/>
				<float name="Weight" value="1.36"/>
			</object>
			<object name="Pr_Fiji_Radar">
				<float name="AirRange" value="2."/>
				<float name="BearingAccuracy" value="5."/>
				<integer name="Country" value="3"/>
				<float name="DTimeProd" value="0."/>
				<float name="Frequency" value="2900."/>
				<float name="MaxCaliber" value="155."/>
				<float name="MinCaliber" value="40."/>
				<float name="Money" value="10."/>
				<boolean name="New" value="true"/>
				<float name="NTimeProd" value="0."/>
				<float name="Power" value="5000."/>
				<boolean name="Production" value="false"/>
				<float name="RangeAccuracy" value="20."/>
				<float name="Sensitivity" value="0.1"/>
				<float name="ShipRange" value="8.e-002"/>
				<integer name="SygnalType" value="1"/>
				<string name="Technology" value="VHFRadar"/>
				<string name="Type" value="Radar"/>
				<integer name="Unreliability" value="0"/>
				<string name="Usage" value="Ships"/>
				<float name="Weight" value="1.36"/>
			</object>
			<object name="Pr_Fiji_Radio">
				<float name="AirRange" value="2."/>
				<float name="BearingAccuracy" value="5."/>
				<integer name="Country" value="3"/>
				<float name="DTimeProd" value="0."/>
				<float name="Frequency" value="2900."/>
				<float name="MaxCaliber" value="155."/>
				<float name="MinCaliber" value="40."/>
				<float name="Money" value="10."/>
				<boolean name="New" value="true"/>
				<float name="NTimeProd" value="0."/>
				<float name="Power" value="5000."/>
				<boolean name="Production" value="false"/>
				<float name="RangeAccuracy" value="20."/>
				<float name="Sensitivity" value="0.1"/>
				<float name="ShipRange" value="8.e-002"/>
				<integer name="SygnalType" value="1"/>
				<string name="Type" value="Radio"/>
				<integer name="Unreliability" value="0"/>
				<string name="Usage" value="Ships"/>
				<float name="Weight" value="1.36"/>
			</object>
			<object name="Pr_Fiji_RF">
				<float name="AirRange" value="2.5"/>
				<float name="BearingAccuracy" value="5."/>
				<integer name="Country" value="3"/>
				<float name="DTimeProd" value="0."/>
				<float name="Frequency" value="0."/>
				<float name="MaxCaliber" value="406."/>
				<float name="MinCaliber" value="133."/>
				<float name="Money" value="35."/>
				<boolean name="New" value="true"/>
				<float name="NTimeProd" value="0."/>
				<float name="Power" value="0."/>
				<boolean name="Production" value="false"/>
				<float name="RangeAccuracy" value="50."/>
				<float name="Sensitivity" value="1.e-004"/>
				<float name="ShipRange" value="8.e-002"/>
				<integer name="SygnalType" value="1"/>
				<string name="Technology" value="HFRadar"/>
				<string name="Type" value="Director"/>
				<integer name="Unreliability" value="0"/>
				<string name="Usage" value="Ships"/>
				<float name="Weight" value="2."/>
			</object>
			<object name="Pr_Hood_RF_15feet">
				<float name="AirRange" value="2.5"/>
				<float name="BearingAccuracy" value="5."/>
				<integer name="Country" value="3"/>
				<float name="DTimeProd" value="0."/>
				<float name="Frequency" value="0."/>
				<float name="MaxCaliber" value="406."/>
				<float name="MinCaliber" value="203."/>
				<float name="Money" value="35."/>
				<boolean name="New" value="true"/>
				<float name="NTimeProd" value="0."/>
				<float name="Power" value="20000."/>
				<boolean name="Production" value="false"/>
				<float name="RangeAccuracy" value="100."/>
				<float name="Sensitivity" value="1.e-004"/>
				<float name="ShipRange" value="8.e-002"/>
				<integer name="SygnalType" value="1"/>
				<string name="Type" value="Director"/>
				<integer name="Unreliability" value="0"/>
				<string name="Usage" value="Ships"/>
				<float name="Weight" value="2."/>
			</object>
			<object name="Pr_Hood_RF_30feet">
				<float name="AirRange" value="2.5"/>
				<float name="BearingAccuracy" value="2."/>
				<integer name="Country" value="3"/>
				<float name="DTimeProd" value="0."/>
				<float name="Frequency" value="0."/>
				<float name="MaxCaliber" value="406."/>
				<float name="MinCaliber" value="381."/>
				<float name="Money" value="35."/>
				<boolean name="New" value="true"/>
				<float name="NTimeProd" value="0."/>
				<float name="Power" value="20000."/>
				<boolean name="Production" value="false"/>
				<float name="RangeAccuracy" value="20."/>
				<float name="Sensitivity" value="1.e-004"/>
				<float name="ShipRange" value="8.e-002"/>
				<integer name="SygnalType" value="1"/>
				<string name="Type" value="Director"/>
				<integer name="Unreliability" value="0"/>
				<string name="Usage" value="Ships"/>
				<float name="Weight" value="2."/>
			</object>
			<object name="Pr_Hood_RF_9feet_1V">
				<float name="AirRange" value="2.5"/>
				<float name="BearingAccuracy" value="2."/>
				<integer name="Country" value="3"/>
				<float name="DTimeProd" value="0."/>
				<float name="Frequency" value="0."/>
				<float name="MaxCaliber" value="203."/>
				<float name="MinCaliber" value="100."/>
				<float name="Money" value="35."/>
				<boolean name="New" value="true"/>
				<float name="NTimeProd" value="0."/>
				<float name="Power" value="20000."/>
				<boolean name="Production" value="false"/>
				<float name="RangeAccuracy" value="100."/>
				<float name="Sensitivity" value="1.e-004"/>
				<float name="ShipRange" value="8.e-002"/>
				<integer name="SygnalType" value="1"/>
				<string name="Type" value="Director"/>
				<integer name="Unreliability" value="0"/>
				<string name="Usage" value="Ships"/>
				<float name="Weight" value="2."/>
			</object> 	
			<object name="Pr_Hood_RF_9feet_2V">
				<float name="AirRange" value="2.5"/>
				<float name="BearingAccuracy" value="2."/>
				<integer name="Country" value="3"/>
				<float name="DTimeProd" value="0."/>
				<float name="Frequency" value="0."/>
				<float name="MaxCaliber" value="152."/>
				<float name="MinCaliber" value="40."/>
				<float name="Money" value="35."/>
				<boolean name="New" value="true"/>
				<float name="NTimeProd" value="0."/>
				<float name="Power" value="20000."/>
				<boolean name="Production" value="false"/>
				<float name="RangeAccuracy" value="100."/>
				<float name="Sensitivity" value="1.e-004"/>
				<float name="ShipRange" value="8.e-002"/>
				<integer name="SygnalType" value="1"/>
				<string name="Type" value="Director"/>
				<integer name="Unreliability" value="0"/>
				<string name="Usage" value="Ships"/>
				<float name="Weight" value="2."/>
			</object> 
			<object name="Pr_Illustrias_RF_272">
				<float name="AirRange" value="2.5"/>
				<float name="BearingAccuracy" value="2."/>
				<integer name="Country" value="3"/>
				<float name="DTimeProd" value="0."/>
				<float name="Frequency" value="0."/>
				<float name="MaxCaliber" value="133."/>
				<float name="MinCaliber" value="40."/>
				<float name="Money" value="35."/>
				<boolean name="New" value="true"/>
				<float name="NTimeProd" value="0."/>
				<float name="Power" value="20000."/>
				<boolean name="Production" value="false"/>
				<float name="RangeAccuracy" value="100."/>
				<float name="Sensitivity" value="1.e-004"/>
				<float name="ShipRange" value="8.e-002"/>
				<integer name="SygnalType" value="1"/>
				<string name="Technology" value="HFRadar"/>
				<string name="Type" value="Director"/>
				<integer name="Unreliability" value="0"/>
				<string name="Usage" value="Ships"/>
				<float name="Weight" value="2."/>
			</object>
			<object name="Pr_Illustrias_RF_273">
				<float name="AirRange" value="2.5"/>
				<float name="BearingAccuracy" value="2."/>
				<integer name="Country" value="3"/>
				<float name="DTimeProd" value="0."/>
				<float name="Frequency" value="0."/>
				<float name="MaxCaliber" value="133."/>
				<float name="MinCaliber" value="40."/>
				<float name="Money" value="35."/>
				<boolean name="New" value="true"/>
				<float name="NTimeProd" value="0."/>
				<float name="Power" value="20000."/>
				<boolean name="Production" value="false"/>
				<float name="RangeAccuracy" value="100."/>
				<float name="Sensitivity" value="1.e-004"/>
				<float name="ShipRange" value="8.e-002"/>
				<integer name="SygnalType" value="1"/>
				<string name="Technology" value="HFRadar"/>
				<string name="Type" value="Director"/>
				<integer name="Unreliability" value="0"/>
				<string name="Usage" value="Ships"/>
				<float name="Weight" value="2."/>
			</object> 
			<object name="Pr_Illustrias_RF_274">
				<float name="AirRange" value="2.5"/>
				<float name="BearingAccuracy" value="2."/>
				<integer name="Country" value="3"/>
				<float name="DTimeProd" value="0."/>
				<float name="Frequency" value="0."/>
				<float name="MaxCaliber" value="133."/>
				<float name="MinCaliber" value="40."/>
				<float name="Money" value="35."/>
				<boolean name="New" value="true"/>
				<float name="NTimeProd" value="0."/>
				<float name="Power" value="20000."/>
				<boolean name="Production" value="false"/>
				<float name="RangeAccuracy" value="100."/>
				<float name="Sensitivity" value="1.e-004"/>
				<float name="ShipRange" value="8.e-002"/>
				<integer name="SygnalType" value="1"/>
				<string name="Technology" value="HFRadar"/>
				<string name="Type" value="Director"/>
				<integer name="Unreliability" value="0"/>
				<string name="Usage" value="Ships"/>
				<float name="Weight" value="2."/>
			</object>
			<object name="Pr_Illustrias_RF_282">
				<float name="AirRange" value="2.5"/>
				<float name="BearingAccuracy" value="2."/>
				<integer name="Country" value="3"/>
				<float name="DTimeProd" value="0."/>
				<float name="Frequency" value="0."/>
				<float name="MaxCaliber" value="133."/>
				<float name="MinCaliber" value="40."/>
				<float name="Money" value="35."/>
				<boolean name="New" value="true"/>
				<float name="NTimeProd" value="0."/>
				<float name="Power" value="20000."/>
				<boolean name="Production" value="false"/>
				<float name="RangeAccuracy" value="100."/>
				<float name="Sensitivity" value="1.e-004"/>
				<float name="ShipRange" value="8.e-002"/>
				<integer name="SygnalType" value="1"/>
				<string name="Technology" value="HFRadar"/>
				<string name="Type" value="Director"/>
				<integer name="Unreliability" value="0"/>
				<string name="Usage" value="Ships"/>
				<float name="Weight" value="2."/>
			</object>
			<object name="Pr_KingGeorgV_Director_MkIV_Type285">
				<float name="BearingAccuracy" value="5."/>
				<integer name="Country" value="3"/>
				<float name="DTimeProd" value="0."/>
				<float name="Frequency" value="0."/>
				<float name="MaxCaliber" value="133."/>
				<float name="MinCaliber" value="40."/>
				<float name="Money" value="20."/>
				<boolean name="New" value="true"/>
				<float name="NTimeProd" value="0."/>
				<float name="Power" value="3000."/>
				<boolean name="Production" value="false"/>
				<float name="RangeAccuracy" value="370."/>
				<float name="Sensitivity" value="1.e-002"/>
				<integer name="SygnalType" value="1"/>
				<string name="Technology" value="HFRadar"/>
				<string name="Type" value="Director"/>
				<integer name="Unreliability" value="0"/>
				<string name="Usage" value="Ships"/>
				<float name="Weight" value="0.4"/>
			</object> 	
			<object name="Pr_KingGeorgV_RF_274">
				<float name="AirRange" value="2.5"/>
				<float name="BearingAccuracy" value="2."/>
				<integer name="Country" value="3"/>
				<float name="DTimeProd" value="0."/>
				<float name="Frequency" value="0."/>
				<float name="MaxCaliber" value="406."/>
				<float name="MinCaliber" value="203."/>
				<float name="Money" value="35."/>
				<boolean name="New" value="true"/>
				<float name="NTimeProd" value="0."/>
				<float name="Power" value="20000."/>
				<boolean name="Production" value="false"/>
				<float name="RangeAccuracy" value="100."/>
				<float name="Sensitivity" value="1.e-004"/>
				<float name="ShipRange" value="8.e-002"/>
				<integer name="SygnalType" value="1"/>
				<string name="Type" value="Director"/>
				<integer name="Unreliability" value="0"/>
				<string name="Usage" value="Ships"/>
				<float name="Weight" value="2."/>
			</object>	  
			<object name="Pr_KingGeorgV_RF_275">
				<float name="AirRange" value="2.5"/>
				<float name="BearingAccuracy" value="2."/>
				<integer name="Country" value="3"/>
				<float name="DTimeProd" value="0."/>
				<float name="Frequency" value="0."/>
				<float name="MaxCaliber" value="203."/>
				<float name="MinCaliber" value="100."/>
				<float name="Money" value="35."/>
				<boolean name="New" value="true"/>
				<float name="NTimeProd" value="0."/>
				<float name="Power" value="20000."/>
				<boolean name="Production" value="false"/>
				<float name="RangeAccuracy" value="100."/>
				<float name="Sensitivity" value="1.e-004"/>
				<float name="ShipRange" value="8.e-002"/>
				<integer name="SygnalType" value="1"/>
				<string name="Type" value="Director"/>
				<integer name="Unreliability" value="0"/>
				<string name="Usage" value="Ships"/>
				<float name="Weight" value="2."/>
			</object>
			<object name="Pr_KingGeorgV_RF_285">
				<float name="AirRange" value="2.5"/>
				<float name="BearingAccuracy" value="2."/>
				<integer name="Country" value="3"/>
				<float name="DTimeProd" value="0."/>
				<float name="Frequency" value="0."/>
				<float name="MaxCaliber" value="133."/>
				<float name="MinCaliber" value="20."/>
				<float name="Money" value="35."/>
				<boolean name="New" value="true"/>
				<float name="NTimeProd" value="0."/>
				<float name="Power" value="20000."/>
				<boolean name="Production" value="false"/>
				<float name="RangeAccuracy" value="100."/>
				<float name="Sensitivity" value="1.e-004"/>
				<float name="ShipRange" value="8.e-002"/>
				<integer name="SygnalType" value="1"/>
				<string name="Technology" value="HFRadar"/>
				<string name="Type" value="Director"/>
				<integer name="Unreliability" value="0"/>
				<string name="Usage" value="Ships"/>
				<float name="Weight" value="2."/>
			</object>
			<object name="Pr_Traibal_Director">
				<float name="BearingAccuracy" value="10."/>
				<integer name="Country" value="3"/>
				<float name="DTimeProd" value="0."/>
				<float name="Frequency" value="0."/>
				<float name="MaxCaliber" value="152."/>
				<float name="MinCaliber" value="100."/>
				<float name="Money" value="40."/>
				<boolean name="New" value="true"/>
				<float name="NTimeProd" value="0."/>
				<float name="Power" value="2000."/>
				<boolean name="Production" value="false"/>
				<float name="RangeAccuracy" value="370."/>
				<float name="Sensitivity" value="3.e-004"/>
				<integer name="SygnalType" value="1"/>
				<string name="Type" value="Director"/>
				<integer name="Unreliability" value="0"/>
				<string name="Usage" value="Ships"/>
				<float name="Weight" value="2.5"/>
			</object>
			<object name="Pr_Traibal_RF">
				<float name="AirRange" value="2.5"/>
				<float name="BearingAccuracy" value="2."/>
				<integer name="Country" value="3"/>
				<float name="DTimeProd" value="0."/>
				<float name="Frequency" value="0."/>
				<float name="MaxCaliber" value="152."/>
				<float name="MinCaliber" value="40."/>
				<float name="Money" value="35."/>
				<boolean name="New" value="true"/>
				<float name="NTimeProd" value="0."/>
				<float name="Power" value="20000."/>
				<boolean name="Production" value="false"/>
				<float name="RangeAccuracy" value="100."/>
				<float name="Sensitivity" value="1.e-004"/>
				<float name="ShipRange" value="8.e-002"/>
				<integer name="SygnalType" value="1"/>
				<string name="Type" value="Director"/>
				<integer name="Unreliability" value="0"/>
				<string name="Usage" value="Ships"/>
				<float name="Weight" value="2."/>
			</object>
		</object>
		<object name="Turrets">
			<object name="County273Radar">
				<integer name="Amount" value="1"/>
				<integer name="ArmorFront" value="25"/>
				<integer name="ArmorSide" value="25"/>
				<integer name="ArmorTop" value="25"/>
				<string name="Content" value="Probes.Pr_County273Radar_V2"/>
				<integer name="Country" value="3"/>
				<integer name="Elevation" value="0"/>
				<integer name="ElevationRate" value="0"/>
				<boolean name="IgnoreXMLFile" value="false"/>
				<float name="Iron" value="10."/>
				<float name="Money" value="15."/>
				<boolean name="New" value="true"/>
				<boolean name="Production" value="false"/>
				<integer name="RotationRate" value="20"/>
				<string name="SMU_File" value="County273Radar"/>
				<string name="Type" value="Radar"/>
				<float name="Vitality" value="20."/>
				<float name="Weight" value="5."/>
			</object>
			<object name="Dido_Director1">
				<integer name="Amount" value="1"/>
				<integer name="ArmorFront" value="25"/>
				<integer name="ArmorSide" value="25"/>
				<integer name="ArmorTop" value="25"/>
				<string name="Content" value="Probes.Pr_Dido_Dir1"/>
				<integer name="Country" value="3"/>
				<integer name="Elevation" value="0"/>
				<integer name="ElevationRate" value="0"/>
				<boolean name="IgnoreXMLFile" value="false"/>
				<float name="Iron" value="60."/>
				<float name="Money" value="35."/>
				<boolean name="New" value="true"/>
				<boolean name="Production" value="false"/>
				<integer name="RotationRate" value="10"/>
				<string name="SMU_File" value="Dido_Director1"/>
				<string name="Type" value="Radar"/>
				<float name="Vitality" value="80."/>
				<float name="Weight" value="80."/>
			</object>
			<object name="Dido_Radar">
				<integer name="Amount" value="1"/>
				<integer name="ArmorFront" value="0"/>
				<integer name="ArmorSide" value="0"/>
				<integer name="ArmorTop" value="0"/>
				<string name="Content" value="Probes.Pr_Dido_Radar"/>
				<integer name="Country" value="3"/>
				<integer name="Elevation" value="0"/>
				<integer name="ElevationRate" value="0"/>
				<boolean name="IgnoreXMLFile" value="false"/>
				<float name="Iron" value="0.3"/>
				<float name="Money" value="20."/>
				<boolean name="New" value="true"/>
				<boolean name="Production" value="false"/>
				<integer name="RotationRate" value="10"/>
				<string name="SMU_File" value="Fiji_Radio"/>
				<string name="Type" value="Radar"/>
				<float name="Vitality" value="30."/>
				<float name="Weight" value="0.5"/>
			</object>  
			<object name="Fiji_Radar">
				<integer name="Amount" value="1"/>
				<integer name="ArmorFront" value="0"/>
				<integer name="ArmorSide" value="0"/>
				<integer name="ArmorTop" value="0"/>
				<string name="Content" value="Probes.Pr_Fiji_Radar"/>
				<integer name="Country" value="3"/>
				<integer name="Elevation" value="0"/>
				<integer name="ElevationRate" value="0"/>
				<boolean name="IgnoreXMLFile" value="false"/>
				<float name="Iron" value="0.5"/>
				<float name="Money" value="20."/>
				<boolean name="New" value="true"/>
				<boolean name="Production" value="false"/>
				<integer name="RotationRate" value="30"/>
				<string name="SMU_File" value="Fiji_Radar"/>
				<string name="Type" value="Radar"/>
				<float name="Vitality" value="30."/>
				<float name="Weight" value="0.5"/>
			</object>
			<object name="Fiji_Radio">
				<integer name="Amount" value="1"/>
				<integer name="ArmorFront" value="0"/>
				<integer name="ArmorSide" value="0"/>
				<integer name="ArmorTop" value="0"/>
				<string name="Content" value="Probes.Pr_Fiji_Radio"/>
				<integer name="Country" value="3"/>
				<integer name="Elevation" value="0"/>
				<integer name="ElevationRate" value="0"/>
				<boolean name="IgnoreXMLFile" value="false"/>
				<float name="Iron" value="0.5"/>
				<float name="Money" value="20."/>
				<boolean name="New" value="true"/>
				<boolean name="Production" value="false"/>
				<integer name="RotationRate" value="10"/>
				<string name="SMU_File" value="Fiji_Radio"/>
				<string name="Type" value="Radar"/>
				<float name="Vitality" value="30."/>
				<float name="Weight" value="0.5"/>
			</object>
			<object name="Fiji_RF">
				<integer name="Amount" value="1"/>
				<integer name="ArmorFront" value="25"/>
				<integer name="ArmorSide" value="25"/>
				<integer name="ArmorTop" value="25"/>
				<string name="Content" value="Probes.Pr_Fiji_RF"/>
				<integer name="Country" value="3"/>
				<integer name="Elevation" value="0"/>
				<integer name="ElevationRate" value="0"/>
				<boolean name="IgnoreXMLFile" value="false"/>
				<float name="Iron" value="80."/>
				<float name="Money" value="35."/>
				<boolean name="New" value="true"/>
				<boolean name="Production" value="false"/>
				<integer name="RotationRate" value="10"/>
				<string name="SMU_File" value="Fiji_RF"/>
				<string name="Type" value="Radar"/>
				<float name="Vitality" value="80."/>
				<float name="Weight" value="80."/>
			</object>
			<object name="Hood_RF_15feet">
				<integer name="Amount" value="1"/>
				<integer name="ArmorFront" value="25"/>
				<integer name="ArmorSide" value="25"/>
				<integer name="ArmorTop" value="25"/>
				<string name="Content" value="Probes.Pr_Hood_RF_15feet"/>
				<integer name="Country" value="3"/>
				<integer name="Elevation" value="0"/>
				<integer name="ElevationRate" value="0"/>
				<boolean name="IgnoreXMLFile" value="false"/>
				<float name="Iron" value="80."/>
				<float name="Money" value="35."/>
				<boolean name="New" value="true"/>
				<boolean name="Production" value="false"/>
				<integer name="RotationRate" value="15"/>
				<string name="SMU_File" value="Hood_RF_15feet"/>
				<string name="Type" value="Radar"/>
				<float name="Vitality" value="80."/>
				<float name="Weight" value="80."/>
			</object>
			<object name="Hood_RF_30feet">
				<integer name="Amount" value="1"/>
				<integer name="ArmorFront" value="25"/>
				<integer name="ArmorSide" value="25"/>
				<integer name="ArmorTop" value="25"/>
				<string name="Content" value="Probes.Pr_Hood_RF_30feet"/>
				<integer name="Country" value="3"/>
				<integer name="Elevation" value="0"/>
				<integer name="ElevationRate" value="0"/>
				<boolean name="IgnoreXMLFile" value="false"/>
				<float name="Iron" value="80."/>
				<float name="Money" value="35."/>
				<boolean name="New" value="true"/>
				<boolean name="Production" value="false"/>
				<integer name="RotationRate" value="10"/>
				<string name="SMU_File" value="Hood_RF_30feet"/>
				<string name="Type" value="Radar"/>
				<float name="Vitality" value="80."/>
				<float name="Weight" value="80."/>
			</object>
			<object name="Hood_RF_9feet_1V">
				<integer name="Amount" value="1"/>
				<integer name="ArmorFront" value="25"/>
				<integer name="ArmorSide" value="25"/>
				<integer name="ArmorTop" value="25"/>
				<string name="Content" value="Probes.Pr_Hood_RF_9feet_1V"/>
				<integer name="Country" value="3"/>
				<integer name="Elevation" value="0"/>
				<integer name="ElevationRate" value="0"/>
				<boolean name="IgnoreXMLFile" value="false"/>
				<float name="Iron" value="80."/>
				<float name="Money" value="35."/>
				<boolean name="New" value="true"/>
				<boolean name="Production" value="false"/>
				<integer name="RotationRate" value="15"/>
				<string name="SMU_File" value="Hood_RF_9feet_1V"/>
				<string name="Type" value="Radar"/>
				<float name="Vitality" value="80."/>
				<float name="Weight" value="80."/>
			</object> 			   
			<object name="Hood_RF_9feet_2V">
				<integer name="Amount" value="1"/>
				<integer name="ArmorFront" value="25"/>
				<integer name="ArmorSide" value="25"/>
				<integer name="ArmorTop" value="25"/>
				<string name="Content" value="Probes.Pr_Hood_RF_9feet_2V"/>
				<integer name="Country" value="3"/>
				<integer name="Elevation" value="0"/>
				<integer name="ElevationRate" value="0"/>
				<boolean name="IgnoreXMLFile" value="false"/>
				<float name="Iron" value="80."/>
				<float name="Money" value="35."/>
				<boolean name="New" value="true"/>
				<boolean name="Production" value="false"/>
				<integer name="RotationRate" value="15"/>
				<string name="SMU_File" value="Hood_RF_9feet_2V"/>
				<string name="Type" value="Radar"/>
				<float name="Vitality" value="80."/>
				<float name="Weight" value="80."/>
			</object>	 
			<object name="Illustrias_RF_272">
				<integer name="Amount" value="1"/>
				<integer name="ArmorFront" value="25"/>
				<integer name="ArmorSide" value="25"/>
				<integer name="ArmorTop" value="25"/>
				<string name="Content" value="Probes.Pr_Illustrias_RF_272"/>
				<integer name="Country" value="3"/>
				<integer name="Elevation" value="0"/>
				<integer name="ElevationRate" value="0"/>
				<boolean name="IgnoreXMLFile" value="false"/>
				<float name="Iron" value="5."/>
				<float name="Money" value="15."/>
				<boolean name="New" value="true"/>
				<boolean name="Production" value="false"/>
				<integer name="RotationRate" value="20"/>
				<string name="SMU_File" value="Illustrias_RF_272"/>
				<string name="Type" value="Radar"/>
				<float name="Vitality" value="20."/>
				<float name="Weight" value="5."/>
			</object>
			<object name="Illustrias_RF_273">
				<integer name="Amount" value="1"/>
				<integer name="ArmorFront" value="25"/>
				<integer name="ArmorSide" value="25"/>
				<integer name="ArmorTop" value="25"/>
				<string name="Content" value="Probes.Pr_Illustrias_RF_273"/>
				<integer name="Country" value="3"/>
				<integer name="Elevation" value="0"/>
				<integer name="ElevationRate" value="0"/>
				<boolean name="IgnoreXMLFile" value="false"/>
				<float name="Iron" value="5."/>
				<float name="Money" value="15."/>
				<boolean name="New" value="true"/>
				<boolean name="Production" value="false"/>
				<integer name="RotationRate" value="20"/>
				<string name="SMU_File" value="Illustrias_RF_273"/>
				<string name="Type" value="Radar"/>
				<float name="Vitality" value="20."/>
				<float name="Weight" value="5."/>
			</object> 
			<object name="Illustrias_RF_274">
				<integer name="Amount" value="1"/>
				<integer name="ArmorFront" value="25"/>
				<integer name="ArmorSide" value="25"/>
				<integer name="ArmorTop" value="25"/>
				<string name="Content" value="Probes.Pr_Illustrias_RF_274"/>
				<integer name="Country" value="3"/>
				<integer name="Elevation" value="0"/>
				<integer name="ElevationRate" value="0"/>
				<boolean name="IgnoreXMLFile" value="false"/>
				<float name="Iron" value="5."/>
				<float name="Money" value="15."/>
				<boolean name="New" value="true"/>
				<boolean name="Production" value="false"/>
				<integer name="RotationRate" value="15"/>
				<string name="SMU_File" value="Illustrias_RF_274"/>
				<string name="Type" value="Radar"/>
				<float name="Vitality" value="20."/>
				<float name="Weight" value="5."/>
			</object>
			<object name="Illustrias_RF_282">
				<integer name="Amount" value="1"/>
				<integer name="ArmorFront" value="40"/>
				<integer name="ArmorSide" value="40"/>
				<integer name="ArmorTop" value="25"/>
				<string name="Content" value="Probes.Pr_Illustrias_RF_282"/>
				<integer name="Country" value="3"/>
				<integer name="Elevation" value="0"/>
				<integer name="ElevationRate" value="0"/>
				<boolean name="IgnoreXMLFile" value="false"/>
				<float name="Iron" value="80."/>
				<float name="Money" value="50."/>
				<boolean name="New" value="true"/>
				<boolean name="Production" value="false"/>
				<integer name="RotationRate" value="10"/>
				<string name="SMU_File" value="Illustrias_RF_282"/>
				<string name="Type" value="Radar"/>
				<float name="Vitality" value="100."/>
				<float name="Weight" value="80."/>
			</object>	 
			<object name="KingGeorgV_Director_MkIV_Type285">
				<integer name="Amount" value="1"/>
				<integer name="ArmorFront" value="25"/>
				<integer name="ArmorSide" value="25"/>
				<integer name="ArmorTop" value="25"/>
				<string name="Content" value="Probes.Pr_KingGeorgV_Director_MkIV_Type285"/>
				<integer name="Country" value="3"/>
				<integer name="Elevation" value="0"/>
				<integer name="ElevationRate" value="0"/>
				<boolean name="IgnoreXMLFile" value="false"/>
				<float name="Iron" value="80."/>
				<float name="Money" value="35."/>
				<boolean name="New" value="true"/>
				<boolean name="Production" value="false"/>
				<integer name="RotationRate" value="10"/>
				<string name="SMU_File" value="KingGeorgV_Director_MkIV_Type285"/>
				<string name="Type" value="Radar"/>
				<float name="Vitality" value="80."/>
				<float name="Weight" value="80."/>
			</object> 	
			<object name="KingGeorgV_RF_274">
				<integer name="Amount" value="1"/>
				<integer name="ArmorFront" value="40"/>
				<integer name="ArmorSide" value="25"/>
				<integer name="ArmorTop" value="25"/>
				<string name="Content" value="Probes.Pr_KingGeorgV_RF_274"/>
				<integer name="Country" value="3"/>
				<integer name="Elevation" value="0"/>
				<integer name="ElevationRate" value="0"/>
				<boolean name="IgnoreXMLFile" value="false"/>
				<float name="Iron" value="80."/>
				<float name="Money" value="35."/>
				<boolean name="New" value="true"/>
				<boolean name="Production" value="false"/>
				<integer name="RotationRate" value="10"/>
				<string name="SMU_File" value="KingGeorgV_RF_274"/>
				<string name="Type" value="Radar"/>
				<float name="Vitality" value="100."/>
				<float name="Weight" value="80."/>
			</object>
			<object name="KingGeorgV_RF_275">
				<integer name="Amount" value="1"/>
				<integer name="ArmorFront" value="40"/>
				<integer name="ArmorSide" value="25"/>
				<integer name="ArmorTop" value="25"/>
				<string name="Content" value="Probes.Pr_KingGeorgV_RF_275"/>
				<integer name="Country" value="3"/>
				<integer name="Elevation" value="0"/>
				<integer name="ElevationRate" value="0"/>
				<boolean name="IgnoreXMLFile" value="false"/>
				<float name="Iron" value="80."/>
				<float name="Money" value="35."/>
				<boolean name="New" value="true"/>
				<boolean name="Production" value="false"/>
				<integer name="RotationRate" value="10"/>
				<string name="SMU_File" value="KingGeorgV_RF_275"/>
				<string name="Type" value="Radar"/>
				<float name="Vitality" value="100."/>
				<float name="Weight" value="80."/>
			</object>
			<object name="KingGeorgV_RF_285">
				<integer name="Amount" value="1"/>
				<integer name="ArmorFront" value="25"/>
				<integer name="ArmorSide" value="25"/>
				<integer name="ArmorTop" value="25"/>
				<string name="Content" value="Probes.Pr_KingGeorgV_RF_285"/>
				<integer name="Country" value="3"/>
				<integer name="Elevation" value="0"/>
				<integer name="ElevationRate" value="0"/>
				<boolean name="IgnoreXMLFile" value="false"/>
				<float name="Iron" value="40."/>
				<float name="Money" value="20."/>
				<boolean name="New" value="true"/>
				<boolean name="Production" value="false"/>
				<integer name="RotationRate" value="15"/>
				<string name="SMU_File" value="KingGeorgV_RF_285"/>
				<string name="Type" value="Radar"/>
				<float name="Vitality" value="50."/>
				<float name="Weight" value="40."/>
			</object>
			<object name="London_9feet1V">
				<integer name="Amount" value="1"/>
				<integer name="ArmorFront" value="25"/>
				<integer name="ArmorSide" value="25"/>
				<integer name="ArmorTop" value="25"/>
				<string name="Content" value="Probes.Pr_Hood_RF_9feet_1V"/>
				<integer name="Country" value="3"/>
				<integer name="Elevation" value="0"/>
				<integer name="ElevationRate" value="0"/>
				<boolean name="IgnoreXMLFile" value="false"/>
				<float name="Iron" value="60."/>
				<float name="Money" value="35."/>
				<boolean name="New" value="true"/>
				<boolean name="Production" value="false"/>
				<integer name="RotationRate" value="15"/>
				<string name="SMU_File" value="London_9feet1V"/>
				<string name="Type" value="Radar"/>
				<float name="Vitality" value="80."/>
				<float name="Weight" value="80."/>
			</object>
			<object name="Traibal_Director">
				<integer name="Amount" value="1"/>
				<integer name="ArmorFront" value="25"/>
				<integer name="ArmorSide" value="25"/>
				<integer name="ArmorTop" value="25"/>
				<string name="Content" value="Probes.Pr_Traibal_Director"/>
				<integer name="Country" value="3"/>
				<integer name="Elevation" value="0"/>
				<integer name="ElevationRate" value="0"/>
				<boolean name="IgnoreXMLFile" value="false"/>
				<float name="Iron" value="80."/>
				<float name="Money" value="35."/>
				<boolean name="New" value="true"/>
				<boolean name="Production" value="false"/>
				<integer name="RotationRate" value="10"/>
				<string name="SMU_File" value="Traibal_Director"/>
				<string name="Type" value="Radar"/>
				<float name="Vitality" value="80."/>
				<float name="Weight" value="80."/>
			</object>
			<object name="Traibal_RF">
				<integer name="Amount" value="1"/>
				<integer name="ArmorFront" value="0"/>
				<integer name="ArmorSide" value="0"/>
				<integer name="ArmorTop" value="0"/>
				<string name="Content" value="Probes.Pr_Traibal_RF"/>
				<integer name="Country" value="3"/>
				<integer name="Elevation" value="0"/>
				<integer name="ElevationRate" value="0"/>
				<boolean name="IgnoreXMLFile" value="false"/>
				<float name="Iron" value="0.5"/>
				<float name="Money" value="1.5"/>
				<boolean name="New" value="true"/>
				<boolean name="Production" value="false"/>
				<integer name="RotationRate" value="15"/>
				<string name="SMU_File" value="Traibal_RF"/>
				<string name="Type" value="Radar"/>
				<float name="Vitality" value="2."/>
				<float name="Weight" value="0.5"/>
			</object>
		</object>
	</object>
</root>
