﻿<?xml version="1.0" standalone="yes" ?>
<root>
	<object name="SteelMonstersParams">
		<object name="Hit_Location">
			<object name="Mog8092">
				<integer name="Country" value="4"/>
				<float name="ER" value="10."/>
				<string name="Hull" value="Std_RF"/>
				<string name="Name" value="Rangefunder"/>
				<string name="TypHL" value="Probe"/>
				<string name="UnitName" value="Mogador_RF_1V"/>
			</object>
			<object name="Mog8095">
				<integer name="Country" value="4"/>
				<float name="ER" value="10."/>
				<string name="Hull" value="Std_RF"/>
				<string name="Name" value="Rangefinder"/>
				<string name="TypHL" value="Probe"/>
				<string name="UnitName" value="Mogador_RF_2V"/>
			</object>
			<object name="D6m7093">
				<integer name="Country" value="4"/>
				<float name="ER" value="10."/>
				<string name="Hull" value="Std_Hull"/>
				<string name="Name" value="Base"/>
				<string name="TypHL" value="Hull"/>
				<string name="UnitName" value="Dunkerque_Rangefinder6m"/>
			</object>
			<object name="D6m7094">
				<integer name="Country" value="4"/>
				<float name="ER" value="10."/>
				<string name="Hull" value="Std_RF"/>
				<string name="Name" value="Rangefinder"/>
				<string name="TypHL" value="Probe"/>
				<string name="UnitName" value="Dunkerque_Rangefinder6m"/>
			</object> 
			<object name="Str7093">
				<integer name="Country" value="4"/>
				<float name="ER" value="10."/>
				<string name="Hull" value="Std_Hull"/>
				<string name="Name" value="Base"/>
				<string name="TypHL" value="Hull"/>
				<string name="UnitName" value="Strasbourg_Rangefinder4m"/>
			</object>
			<object name="Str7094">
				<integer name="Country" value="4"/>
				<float name="ER" value="10."/>
				<string name="Hull" value="Std_RF"/>
				<string name="Name" value="Rangefinder"/>
				<string name="TypHL" value="Probe"/>
				<string name="UnitName" value="Strasbourg_Rangefinder4m"/>
			</object>
			<object name="Str8078">
				<integer name="Country" value="4"/>
				<float name="ER" value="3.e-002"/>
				<string name="Hull" value="Std_Radar"/>
				<string name="Name" value="Radar"/>
				<string name="TypHL" value="Probe"/>
				<string name="UnitName" value="Strasbourg_Radar1"/>
			</object>
			<object name="Str8079">
				<integer name="Country" value="4"/>
				<float name="ER" value="1."/>
				<string name="Hull" value="Std_Hull"/>
				<string name="Name" value="KDP_Base"/>
				<string name="TypHL" value="Hull"/>
				<string name="UnitName" value="Strasbourg_Radar1"/>
			</object>
			<object name="Str8080">
				<integer name="Country" value="4"/>
				<float name="ER" value="3."/>
				<string name="Hull" value="Std_Guns"/>
				<string name="Name" value="KDP"/>
				<string name="TypHL" value="Probe"/>
				<string name="UnitName" value="Strasbourg_Radar1"/>
			</object>
			<object name="Str8081">
				<integer name="Country" value="4"/>
				<float name="ER" value="2.e-002"/>
				<string name="Hull" value="Std_RF"/>
				<string name="Name" value="LRangefinder"/>
				<string name="TypHL" value="Probe"/>
				<string name="UnitName" value="Strasbourg_Radar1"/>
			</object>
			<object name="Str8082">
				<integer name="Country" value="4"/>
				<float name="ER" value="2.e-002"/>
				<string name="Hull" value="Std_RF"/>
				<string name="Name" value="RRangefinder"/>
				<string name="TypHL" value="Probe"/>
				<string name="UnitName" value="Strasbourg_Radar1"/>
			</object>
			<object name="Str8083">
				<integer name="Country" value="4"/>
				<float name="ER" value="2.e-002"/>
				<string name="Hull" value="Std_RF"/>
				<string name="Name" value="RRangefinder"/>
				<string name="TypHL" value="Probe"/>
				<string name="UnitName" value="Strasbourg_Radar2"/>
			</object>
			<object name="Str8084">
				<integer name="Country" value="4"/>
				<float name="ER" value="3."/>
				<string name="Hull" value="Bismarck_SKDP"/>
				<string name="Name" value="KDP"/>
				<string name="TypHL" value="Probe"/>
				<string name="UnitName" value="Strasbourg_Radar2"/>
			</object>
			<object name="Str8085">
				<integer name="Country" value="4"/>
				<float name="ER" value="2.e-002"/>
				<string name="Hull" value="Std_RF"/>
				<string name="Name" value="LRangefinder"/>
				<string name="TypHL" value="Probe"/>
				<string name="UnitName" value="Strasbourg_Radar2"/>
			</object>
			<object name="Str8086">
				<integer name="Country" value="4"/>
				<float name="ER" value="1."/>
				<string name="Hull" value="Std_Hull"/>
				<string name="Name" value="KDP_Base"/>
				<string name="TypHL" value="Hull"/>
				<string name="UnitName" value="Strasbourg_Radar2"/>
			</object>
			<object name="Str8087">
				<integer name="Country" value="4"/>
				<float name="ER" value="3.e-002"/>
				<string name="Hull" value="Std_Radar"/>
				<string name="Name" value="Radar"/>
				<string name="TypHL" value="Probe"/>
				<string name="UnitName" value="Strasbourg_Radar2"/>
			</object>
			<object name="Str8092">
				<integer name="Country" value="4"/>
				<float name="ER" value="10."/>
				<string name="Hull" value="Std_RF"/>
				<string name="Name" value="Rangefunder"/>
				<string name="TypHL" value="Probe"/>
				<string name="UnitName" value="Strasbourg_Rangefinder3m"/>
			</object>
			<object name="Str8095">
				<integer name="Country" value="4"/>
				<float name="ER" value="10."/>
				<string name="Hull" value="Std_RF"/>
				<string name="Name" value="Rangefinder"/>
				<string name="TypHL" value="Probe"/>
				<string name="UnitName" value="Strasbourg_RangefinderTypeSL"/>
			</object>
			<object name="Str8096">
				<integer name="Country" value="4"/>
				<float name="ER" value="4."/>
				<string name="Hull" value="Std_RF"/>
				<string name="Name" value="Rangefinder"/>
				<string name="TypHL" value="Probe"/>
				<string name="UnitName" value="Strasbourg_RangefinderSmall"/>
			</object>
			<object name="Str8378">
				<integer name="Country" value="4"/>
				<float name="ER" value="3.e-002"/>
				<string name="Hull" value="Std_Radar"/>
				<string name="Name" value="Radar"/>
				<string name="TypHL" value="Probe"/>
				<string name="UnitName" value="Strasbourg_Radar3"/>
			</object>
			<object name="Str8379">
				<integer name="Country" value="4"/>
				<float name="ER" value="1."/>
				<string name="Hull" value="Std_Hull"/>
				<string name="Name" value="KDP_Base"/>
				<string name="TypHL" value="Hull"/>
				<string name="UnitName" value="Strasbourg_Radar3"/>
			</object>
			<object name="Str8380">
				<integer name="Country" value="4"/>
				<float name="ER" value="3."/>
				<string name="Hull" value="Std_Guns"/>
				<string name="Name" value="KDP"/>
				<string name="TypHL" value="Probe"/>
				<string name="UnitName" value="Strasbourg_Radar3"/>
			</object>
			<object name="Str8381">
				<integer name="Country" value="4"/>
				<float name="ER" value="2.e-002"/>
				<string name="Hull" value="Std_RF"/>
				<string name="Name" value="LRangefinder"/>
				<string name="TypHL" value="Probe"/>
				<string name="UnitName" value="Strasbourg_Radar3"/>
			</object>
			<object name="Str8382">
				<integer name="Country" value="4"/>
				<float name="ER" value="2.e-002"/>
				<string name="Hull" value="Std_RF"/>
				<string name="Name" value="RRangefinder"/>
				<string name="TypHL" value="Probe"/>
				<string name="UnitName" value="Strasbourg_Radar3"/>
			</object>
		</object>
		<object name="Probes">
			<object name="Pr_Strasbourg_Radar1">
				<float name="AirRange" value="1."/>
				<float name="BearingAccuracy" value="3."/>
				<integer name="Country" value="4"/>
				<float name="DTimeProd" value="0."/>
				<float name="Frequency" value="0."/>
				<float name="MaxCaliber" value="400."/>
				<float name="MinCaliber" value="150."/>
				<float name="Money" value="30."/>
				<boolean name="New" value="true"/>
				<float name="NTimeProd" value="0."/>
				<float name="Power" value="2000."/>
				<boolean name="Production" value="false"/>
				<float name="RangeAccuracy" value="30."/>
				<float name="Sensitivity" value="1.e-003"/>
				<float name="ShipRange" value="0.13"/>
				<integer name="SygnalType" value="1"/>
				<string name="Type" value="Director"/>
				<integer name="Unreliability" value="0"/>
				<string name="Usage" value="Ships"/>
				<float name="Weight" value="1.32"/>
			</object>
			<object name="Pr_Strasbourg_Radar2">
				<float name="AirRange" value="1."/>
				<float name="BearingAccuracy" value="3."/>
				<integer name="Country" value="4"/>
				<float name="DTimeProd" value="0."/>
				<float name="Frequency" value="0."/>
				<float name="MaxCaliber" value="400."/>
				<float name="MinCaliber" value="150."/>
				<float name="Money" value="30."/>
				<boolean name="New" value="true"/>
				<float name="NTimeProd" value="0."/>
				<float name="Power" value="2000."/>
				<boolean name="Production" value="false"/>
				<float name="RangeAccuracy" value="30."/>
				<float name="Sensitivity" value="1.e-003"/>
				<float name="ShipRange" value="0.13"/>
				<integer name="SygnalType" value="1"/>
				<string name="Type" value="Director"/>
				<integer name="Unreliability" value="0"/>
				<string name="Usage" value="Ships"/>
				<float name="Weight" value="1.32"/>
			</object>
			<object name="Pr_Strasbourg_Radar3">
				<float name="AirRange" value="2.5"/>
				<float name="BearingAccuracy" value="5."/>
				<integer name="Country" value="4"/>
				<float name="DTimeProd" value="0."/>
				<float name="Frequency" value="0."/>
				<float name="MaxCaliber" value="200."/>
				<float name="MinCaliber" value="100."/>
				<float name="Money" value="5."/>
				<boolean name="New" value="true"/>
				<float name="NTimeProd" value="0."/>
				<float name="Power" value="0."/>
				<boolean name="Production" value="false"/>
				<float name="RangeAccuracy" value="30."/>
				<float name="Sensitivity" value="0."/>
				<float name="ShipRange" value="8.e-002"/>
				<integer name="SygnalType" value="2"/>
				<string name="Type" value="Director"/>
				<integer name="Unreliability" value="0"/>
				<string name="Usage" value="Ships"/>
				<float name="Weight" value="0.6"/>
			</object>
			<object name="Pr_Strasbourg_Rangefinder3m">
				<float name="AirRange" value="2.5"/>
				<float name="BearingAccuracy" value="4."/>
				<integer name="Country" value="5"/>
				<float name="DTimeProd" value="0."/>
				<float name="Frequency" value="0."/>
				<float name="MaxCaliber" value="200."/>
				<float name="MinCaliber" value="100."/>
				<float name="Money" value="5."/>
				<boolean name="New" value="true"/>
				<float name="NTimeProd" value="0."/>
				<float name="Power" value="0."/>
				<boolean name="Production" value="false"/>
				<float name="RangeAccuracy" value="30."/>
				<float name="Sensitivity" value="0."/>
				<float name="ShipRange" value="8.e-002"/>
				<integer name="SygnalType" value="2"/>
				<string name="Type" value="Director"/>
				<integer name="Unreliability" value="0"/>
				<string name="Usage" value="Ships"/>
				<float name="Weight" value="0.6"/>
			</object>
			<object name="Pr_Strasbourg_Rangefinder4m">
				<float name="BearingAccuracy" value="5."/>
				<integer name="Country" value="4"/>
				<float name="DTimeProd" value="0."/>
				<float name="Frequency" value="0."/>
				<float name="MaxCaliber" value="600."/>
				<float name="MinCaliber" value="110."/>
				<float name="Money" value="5."/>
				<boolean name="New" value="true"/>
				<float name="NTimeProd" value="0."/>
				<float name="Power" value="0."/>
				<boolean name="Production" value="false"/>
				<float name="RangeAccuracy" value="50."/>
				<float name="Sensitivity" value="0."/>
				<float name="ShipRange" value="8.e-002"/>
				<integer name="SygnalType" value="2"/>
				<string name="Type" value="Director"/>
				<integer name="Unreliability" value="0"/>
				<string name="Usage" value="Ships"/>
				<float name="Weight" value="0.6"/>
			</object>
			<object name="Pr_Dunkerque_Rangefinder6m">
				<float name="BearingAccuracy" value="4."/>
				<integer name="Country" value="4"/>
				<float name="DTimeProd" value="0."/>
				<float name="Frequency" value="0."/>
				<float name="MaxCaliber" value="250."/>
				<float name="MinCaliber" value="120."/>
				<float name="Money" value="5."/>
				<boolean name="New" value="true"/>
				<float name="NTimeProd" value="0."/>
				<float name="Power" value="0."/>
				<boolean name="Production" value="false"/>
				<float name="RangeAccuracy" value="30."/>
				<float name="Sensitivity" value="0."/>
				<float name="ShipRange" value="8.e-002"/>
				<integer name="SygnalType" value="2"/>
				<string name="Type" value="Director"/>
				<integer name="Unreliability" value="0"/>
				<string name="Usage" value="Ships"/>
				<float name="Weight" value="0.6"/>
			</object>
			<object name="Pr_Strasbourg_RangefinderSmall">
				<float name="AirRange" value="2.5"/>
				<float name="BearingAccuracy" value="3."/>
				<integer name="Country" value="4"/>
				<float name="DTimeProd" value="0."/>
				<float name="Frequency" value="0."/>
				<float name="MaxCaliber" value="50."/>
				<float name="MinCaliber" value="20."/>
				<float name="Money" value="5."/>
				<boolean name="New" value="true"/>
				<float name="NTimeProd" value="0."/>
				<float name="Power" value="0."/>
				<boolean name="Production" value="false"/>
				<float name="RangeAccuracy" value="25."/>
				<float name="Sensitivity" value="0."/>
				<float name="ShipRange" value="8.e-002"/>
				<integer name="SygnalType" value="2"/>
				<string name="Type" value="Director"/>
				<integer name="Unreliability" value="0"/>
				<string name="Usage" value="Ships"/>
				<float name="Weight" value="0.6"/>
			</object>
			<object name="Pr_Strasbourg_RangefinderTypeSL">
				<float name="BearingAccuracy" value="5."/>
				<integer name="Country" value="4"/>
				<float name="DTimeProd" value="0."/>
				<float name="Frequency" value="0."/>
				<float name="MaxCaliber" value="250."/>
				<float name="MinCaliber" value="100."/>
				<float name="Money" value="5."/>
				<boolean name="New" value="true"/>
				<float name="NTimeProd" value="0."/>
				<float name="Power" value="0."/>
				<boolean name="Production" value="false"/>
				<float name="RangeAccuracy" value="50."/>
				<float name="Sensitivity" value="0."/>
				<float name="ShipRange" value="8.e-002"/>
				<integer name="SygnalType" value="2"/>
				<string name="Type" value="Director"/>
				<integer name="Unreliability" value="0"/>
				<string name="Usage" value="Ships"/>
				<float name="Weight" value="0.6"/>
			</object>
		</object>
		<object name="Turrets">
			<object name="Mogador_RF_1V">
				<integer name="Amount" value="1"/>
				<integer name="ArmorFront" value="0"/>
				<integer name="ArmorSide" value="0"/>
				<integer name="ArmorTop" value="0"/>
				<string name="Content" value="Probes.Pr_Strasbourg_Rangefinder3m"/>
				<integer name="Country" value="4"/>
				<integer name="Elevation" value="0"/>
				<integer name="ElevationRate" value="0"/>
				<boolean name="IgnoreXMLFile" value="false"/>
				<float name="Iron" value="0.3"/>
				<float name="Money" value="10."/>
				<boolean name="New" value="true"/>
				<boolean name="Production" value="false"/>
				<integer name="RotationRate" value="15"/>
				<string name="SMU_File" value="Mogador_RF_1V"/>
				<string name="Type" value="Radar"/>
				<float name="Vitality" value="30."/>
				<float name="Weight" value="0.5"/>
			</object> 
			<object name="Mogador_RF_2V">
				<integer name="Amount" value="1"/>
				<integer name="ArmorFront" value="0"/>
				<integer name="ArmorSide" value="0"/>
				<integer name="ArmorTop" value="0"/>
				<string name="Content" value="Probes.Pr_Strasbourg_Rangefinder3m"/>
				<integer name="Country" value="4"/>
				<integer name="Elevation" value="0"/>
				<integer name="ElevationRate" value="0"/>
				<boolean name="IgnoreXMLFile" value="false"/>
				<float name="Iron" value="0.3"/>
				<float name="Money" value="10."/>
				<boolean name="New" value="true"/>
				<boolean name="Production" value="false"/>
				<integer name="RotationRate" value="15"/>
				<string name="SMU_File" value="Mogador_RF_2V"/>
				<string name="Type" value="Radar"/>
				<float name="Vitality" value="30."/>
				<float name="Weight" value="0.5"/>
			</object>
			<object name="Strasbourg_Radar1">
				<integer name="Amount" value="1"/>
				<integer name="ArmorFront" value="0"/>
				<integer name="ArmorSide" value="0"/>
				<integer name="ArmorTop" value="0"/>
				<string name="Content" value="Probes.Pr_Strasbourg_Radar1"/>
				<integer name="Country" value="4"/>
				<integer name="Elevation" value="0"/>
				<integer name="ElevationRate" value="0"/>
				<boolean name="IgnoreXMLFile" value="false"/>
				<float name="Iron" value="0.2"/>
				<float name="Money" value="11."/>
				<boolean name="New" value="true"/>
				<boolean name="Production" value="false"/>
				<integer name="RotationRate" value="5"/>
				<string name="SMU_File" value="Strasbourg_Rangefinder4m"/>
				<string name="Type" value="Radar"/>
				<float name="Vitality" value="30."/>
				<float name="Weight" value="0.5"/>
			</object>
			<object name="Strasbourg_Radar2">
				<integer name="Amount" value="1"/>
				<integer name="ArmorFront" value="0"/>
				<integer name="ArmorSide" value="0"/>
				<integer name="ArmorTop" value="0"/>
				<string name="Content" value="Probes.Pr_Strasbourg_Radar2"/>
				<integer name="Country" value="4"/>
				<integer name="Elevation" value="0"/>
				<integer name="ElevationRate" value="0"/>
				<boolean name="IgnoreXMLFile" value="false"/>
				<float name="Iron" value="0.2"/>
				<float name="Money" value="11."/>
				<boolean name="New" value="true"/>
				<boolean name="Production" value="false"/>
				<integer name="RotationRate" value="5"/>
				<string name="SMU_File" value="Strasbourg_Rangefinder4m"/>
				<string name="Type" value="Radar"/>
				<float name="Vitality" value="30."/>
				<float name="Weight" value="0.5"/>
			</object>
			<object name="Strasbourg_Radar3">
				<integer name="Amount" value="1"/>
				<integer name="ArmorFront" value="0"/>
				<integer name="ArmorSide" value="0"/>
				<integer name="ArmorTop" value="0"/>
				<string name="Content" value="Probes.Pr_Strasbourg_Radar3"/>
				<integer name="Country" value="4"/>
				<integer name="Elevation" value="0"/>
				<integer name="ElevationRate" value="0"/>
				<boolean name="IgnoreXMLFile" value="false"/>
				<float name="Iron" value="0.2"/>
				<float name="Money" value="11."/>
				<boolean name="New" value="true"/>
				<boolean name="Production" value="false"/>
				<integer name="RotationRate" value="5"/>
				<string name="SMU_File" value="Strasbourg_Rangefinder4m"/>
				<string name="Type" value="Radar"/>
				<float name="Vitality" value="30."/>
				<float name="Weight" value="0.5"/>
			</object>
			<object name="Strasbourg_Rangefinder3m">
				<integer name="Amount" value="1"/>
				<integer name="ArmorFront" value="0"/>
				<integer name="ArmorSide" value="0"/>
				<integer name="ArmorTop" value="0"/>
				<string name="Content" value="Probes.Pr_Strasbourg_Rangefinder3m"/>
				<integer name="Country" value="4"/>
				<integer name="Elevation" value="0"/>
				<integer name="ElevationRate" value="0"/>
				<boolean name="IgnoreXMLFile" value="false"/>
				<float name="Iron" value="0.3"/>
				<float name="Money" value="10."/>
				<boolean name="New" value="true"/>
				<boolean name="Production" value="false"/>
				<integer name="RotationRate" value="15"/>
				<string name="SMU_File" value="Strasbourg_Rangefinder3m"/>
				<string name="Type" value="Radar"/>
				<float name="Vitality" value="30."/>
				<float name="Weight" value="0.5"/>
			</object>
			<object name="Strasbourg_Rangefinder4m">
				<integer name="Amount" value="1"/>
				<integer name="ArmorFront" value="0"/>
				<integer name="ArmorSide" value="0"/>
				<integer name="ArmorTop" value="0"/>
				<string name="Content" value="Probes.Pr_Strasbourg_Rangefinder4m"/>
				<integer name="Country" value="4"/>
				<integer name="Elevation" value="0"/>
				<integer name="ElevationRate" value="0"/>
				<boolean name="IgnoreXMLFile" value="false"/>
				<float name="Iron" value="0.3"/>
				<float name="Money" value="10."/>
				<boolean name="New" value="true"/>
				<boolean name="Production" value="false"/>
				<integer name="RotationRate" value="15"/>
				<string name="SMU_File" value="Strasbourg_Rangefinder4m"/>
				<string name="Type" value="Radar"/>
				<float name="Vitality" value="30."/>
				<float name="Weight" value="0.5"/>
			</object>
			<object name="Dunkerque_Rangefinder6m">
				<integer name="Amount" value="1"/>
				<integer name="ArmorFront" value="0"/>
				<integer name="ArmorSide" value="0"/>
				<integer name="ArmorTop" value="0"/>
				<string name="Content" value="Probes.Pr_Dunkerque_Rangefinder6m"/>
				<integer name="Country" value="4"/>
				<integer name="Elevation" value="0"/>
				<integer name="ElevationRate" value="0"/>
				<boolean name="IgnoreXMLFile" value="false"/>
				<float name="Iron" value="0.3"/>
				<float name="Money" value="10."/>
				<boolean name="New" value="true"/>
				<boolean name="Production" value="false"/>
				<integer name="RotationRate" value="15"/>
				<string name="SMU_File" value="Dunkerque_Rangefinder6m"/>
				<string name="Type" value="Radar"/>
				<float name="Vitality" value="30."/>
				<float name="Weight" value="0.5"/>
			</object>
			<object name="Strasbourg_RangefinderSmall">
				<integer name="Amount" value="1"/>
				<integer name="ArmorFront" value="0"/>
				<integer name="ArmorSide" value="0"/>
				<integer name="ArmorTop" value="0"/>
				<string name="Content" value="Probes.Pr_Strasbourg_RangefinderSmall"/>
				<integer name="Country" value="4"/>
				<integer name="Elevation" value="0"/>
				<integer name="ElevationRate" value="0"/>
				<boolean name="IgnoreXMLFile" value="false"/>
				<float name="Iron" value="0.3"/>
				<float name="Money" value="10."/>
				<boolean name="New" value="true"/>
				<boolean name="Production" value="false"/>
				<integer name="RotationRate" value="15"/>
				<string name="SMU_File" value="Strasbourg_RangefinderSmall"/>
				<string name="Type" value="Radar"/>
				<float name="Vitality" value="30."/>
				<float name="Weight" value="0.5"/>
			</object>
			<object name="Strasbourg_RangefinderTypeSL">
				<integer name="Amount" value="1"/>
				<integer name="ArmorFront" value="0"/>
				<integer name="ArmorSide" value="0"/>
				<integer name="ArmorTop" value="0"/>
				<string name="Content" value="Probes.Pr_Strasbourg_RangefinderTypeSL"/>
				<integer name="Country" value="4"/>
				<integer name="Elevation" value="0"/>
				<integer name="ElevationRate" value="0"/>
				<boolean name="IgnoreXMLFile" value="false"/>
				<float name="Iron" value="0.3"/>
				<float name="Money" value="10."/>
				<boolean name="New" value="true"/>
				<boolean name="Production" value="false"/>
				<integer name="RotationRate" value="15"/>
				<string name="SMU_File" value="Strasbourg_RangefinderTypeSL"/>
				<string name="Type" value="Radar"/>
				<float name="Vitality" value="30."/>
				<float name="Weight" value="0.5"/>
			</object>
		</object>
	</object>
</root>
