﻿<?xml version="1.0" standalone="yes" ?>
<root>
	<object name="Modifications">
		<object name="SubUnits">
			<object name="Strasbourg_Radar1"/>
			<object name="Strasbourg_Radar2"/>
			<object name="Strasbourg_Radar3"/>
			<object name="Strasbourg_Rangefinder4m"/>
			<object name="Strasbourg_RangefinderTypeSL"/>
			<object name="Strasbourg_Rangefinder3m"/>
			<object name="Strasbourg_RangefinderSmall"/>
			<object name="Mogador_RF_1V"/>
			<object name="Mogador_RF_2V"/>
			<object name="Dunkerque_Rangefinder6m"/>
		</object>
	</object>
</root>
