﻿<?xml version = "1.0" encoding = "UTF-8"?>
<root>
	<object name = "SteelMonstersParams">
		<object name="Ships">
			<object name="Shoki">
				<float name="AccelRate" value="3.e-004"/>
				<string name="Airgroup" value="AircraftCarrier_Group_Zuikaku_japan"/>
				<integer name="AirplanesCount" value="84"/>
				<string name="AmmoLoadingTemplate" value="Ammo 500, BV_246_Frag_ST 10, BV_246_Com_ST 10, BV_246_Frag_SR 10, BV_246_Com_SR 10, Hs_293_R 20, Hs_293_P 20, Hs_293_ST 20, Torp_Jap_Mk91 15, Torp_Jap_Mk91_M_I 15, Torp_Jap_Mk91_A_SA 15, WGr21_GP 180"/>
				<integer name="Avia" value="2"/>
				<boolean name="BoatsTransportationAbility" value="false"/>
				<integer name="CabinArmor" value="20"/>
				<boolean name="CanBeChanged" value="true"/>
				<boolean name="CanUseTorpedos" value="false"/>
				<integer name="Country" value="2"/>
				<integer name="Crew" value="1660"/>
				<float name="CriticalCareen" value="37."/>
				<float name="CriticalDFT" value="2.3"/>
				<float name="CriticalDifferent" value="2.3"/>
				<float name="DisplacementMax" value="32105."/>
				<float name="DTimeProd" value="120."/>
				<float name="EPR" value="460."/>
				<float name="FireRisk" value="2000."/>
				<float name="Fuel" value="3500."/>
				<float name="HLShapeCoef" value="0.75"/>
				<integer name="HullArmorSide" value="165"/>
				<integer name="HullArmorTop" value="180"/>
				<float name="Iron" value="33000."/>
				<integer name="Length" value="257.5"/>
				<float name="MaxSpeed" value="34.2"/>
				<integer name="MinCrew" value="747"/>
				<float name="Money" value="35000."/>
				<string name="Name" value="Shoki"/>
				<boolean name="New" value="false"/>
				<float name="NTimeProd" value="300."/>
				<integer name="Nuc_Dest_Prob" value="450"/>
				<integer name="Passengers" value="100"/>
				<boolean name="PlanesTransportationAbility" value="true"/>
				<float name="Range" value="14300"/>
				<integer name="Rank" value="1"/>
				<string name="SMU" value="Shoki"/>
				<float name="Speed" value="18."/>
				<float name="StoreCapacity" value="1600."/>
				<boolean name="Transportable" value="false"/>
				<float name="TurnRate" value="1.5e-003"/>
				<integer name="Type" value="0"/>
				<float name="Vitality" value="4000."/>
				<float name="VitalityAA" value="1200."/>
				<float name="Weight" value="25675."/>
				<integer name="Width" value="26"/>
				<integer name="Year" value="40"/>
			</object>
		</object>
		<object name="ShipsNames">
			<object name="Shoki">
				<string name="1" value="Shoki1"/>
			</object>
		</object>
		<object name="UnitsByType">
			<object name="0">
				<object name="Shoki">
					<string name="ChildTable" value="Ships"/>
				</object>
			</object>
		</object>
	</object>
</root>
