﻿<?xml version="1.0" standalone="yes" ?>
<root>
	<object name="SteelMonstersParams">
		<object name="Hit_Location">
			<object name="ZarA7824">
				<integer name="Country" value="5"/>
				<float name="ER" value="100."/>
				<string name="Hull" value="Zara_Turret_RF"/>
				<string name="Name" value="LRangefinder"/>
				<string name="TypHL" value="Probe"/>
				<string name="UnitName" value="Zara_203mm_TurretA"/>
			</object>
			<object name="ZarA7825">
				<integer name="Country" value="5"/>
				<float name="ER" value="100."/>
				<string name="Hull" value="Zara_Turret_RF"/>
				<string name="Name" value="RRangefinder"/>
				<string name="TypHL" value="Probe"/>
				<string name="UnitName" value="Zara_203mm_TurretA"/>
			</object>
			<object name="ZarA7826">
				<integer name="Country" value="5"/>
				<float name="ER" value="100."/>
				<string name="Hull" value="Zara_Shakegeban"/>
				<string name="Name" value="Shakegeban"/>
				<string name="TypHL" value="Probe"/>
				<string name="UnitName" value="Zara_203mm_TurretA"/>
			</object>
			<object name="ZarA7827">
				<integer name="Country" value="5"/>
				<float name="ER" value="300."/>
				<string name="Hull" value="Zara_MTurret"/>
				<string name="Name" value="Turret"/>
				<string name="TypHL" value="AmmoStore"/>
				<string name="UnitName" value="Zara_203mm_TurretA"/>
			</object>
			<object name="ZarB7824">
				<integer name="Country" value="5"/>
				<float name="ER" value="100."/>
				<string name="Hull" value="Zara_Turret_RF"/>
				<string name="Name" value="LRangefinder"/>
				<string name="TypHL" value="Probe"/>
				<string name="UnitName" value="Zara_203mm_TurretB"/>
			</object>
			<object name="ZarB7825">
				<integer name="Country" value="5"/>
				<float name="ER" value="100."/>
				<string name="Hull" value="Zara_Turret_RF"/>
				<string name="Name" value="RRangefinder"/>
				<string name="TypHL" value="Probe"/>
				<string name="UnitName" value="Zara_203mm_TurretB"/>
			</object>
			<object name="ZarB7826">
				<integer name="Country" value="5"/>
				<float name="ER" value="100."/>
				<string name="Hull" value="Zara_Shakegeban"/>
				<string name="Name" value="Shakegeban"/>
				<string name="TypHL" value="Probe"/>
				<string name="UnitName" value="Zara_203mm_TurretB"/>
			</object>
			<object name="ZarB7827">
				<integer name="Country" value="5"/>
				<float name="ER" value="300."/>
				<string name="Hull" value="Zara_MTurret"/>
				<string name="Name" value="Turret"/>
				<string name="TypHL" value="AmmoStore"/>
				<string name="UnitName" value="Zara_203mm_TurretB"/>
			</object>
			<object name="ZarX7824">
				<integer name="Country" value="5"/>
				<float name="ER" value="100."/>
				<string name="Hull" value="Zara_Turret_RF"/>
				<string name="Name" value="LRangefinder"/>
				<string name="TypHL" value="Probe"/>
				<string name="UnitName" value="Zara_203mm_TurretX"/>
			</object>
			<object name="ZarX7825">
				<integer name="Country" value="5"/>
				<float name="ER" value="100."/>
				<string name="Hull" value="Zara_Turret_RF"/>
				<string name="Name" value="RRangefinder"/>
				<string name="TypHL" value="Probe"/>
				<string name="UnitName" value="Zara_203mm_TurretX"/>
			</object>
			<object name="ZarX7826">
				<integer name="Country" value="5"/>
				<float name="ER" value="100."/>
				<string name="Hull" value="Zara_Shakegeban"/>
				<string name="Name" value="Shakegeban"/>
				<string name="TypHL" value="Probe"/>
				<string name="UnitName" value="Zara_203mm_TurretX"/>
			</object>
			<object name="ZarX7827">
				<integer name="Country" value="5"/>
				<float name="ER" value="300."/>
				<string name="Hull" value="Zara_MTurret"/>
				<string name="Name" value="Turret"/>
				<string name="TypHL" value="AmmoStore"/>
				<string name="UnitName" value="Zara_203mm_TurretX"/>
			</object>
			<object name="ZarY7824">
				<integer name="Country" value="5"/>
				<float name="ER" value="100."/>
				<string name="Hull" value="Zara_Turret_RF"/>
				<string name="Name" value="LRangefinder"/>
				<string name="TypHL" value="Probe"/>
				<string name="UnitName" value="Zara_203mm_TurretY"/>
			</object>
			<object name="ZarY7825">
				<integer name="Country" value="5"/>
				<float name="ER" value="100."/>
				<string name="Hull" value="Zara_Turret_RF"/>
				<string name="Name" value="RRangefinder"/>
				<string name="TypHL" value="Probe"/>
				<string name="UnitName" value="Zara_203mm_TurretY"/>
			</object>
			<object name="ZarY7826">
				<integer name="Country" value="5"/>
				<float name="ER" value="100."/>
				<string name="Hull" value="Zara_Shakegeban"/>
				<string name="Name" value="Shakegeban"/>
				<string name="TypHL" value="Probe"/>
				<string name="UnitName" value="Zara_203mm_TurretY"/>
			</object>
			<object name="ZarY7827">
				<integer name="Country" value="5"/>
				<float name="ER" value="300."/>
				<string name="Hull" value="Zara_MTurret"/>
				<string name="Name" value="Turret"/>
				<string name="TypHL" value="AmmoStore"/>
				<string name="UnitName" value="Zara_203mm_TurretY"/>
			</object>
		</object>
		<object name="Hulls">
			<object name="Zara_MTurret">
				<integer name="Back" value="70"/>
				<integer name="Bottom" value="105"/>
				<integer name="Country" value="5"/>
				<float name="ExplProb" value="10."/>
				<float name="FireProb" value="10."/>
				<integer name="Front" value="105"/>
				<integer name="Left" value="70"/>
				<string name="Material" value="Armored"/>
				<integer name="Right" value="70"/>
				<integer name="Top" value="70"/>
				<integer name="UnitName" value="0"/>
				<string name="UnitTyp" value="Turret"/>
			</object>
			<object name="Zara_Shakegeban">
				<integer name="Back" value="70"/>
				<integer name="Bottom" value="105"/>
				<integer name="Country" value="5"/>
				<float name="ExplProb" value="0."/>
				<float name="FireProb" value="10."/>
				<integer name="Front" value="105"/>
				<integer name="Left" value="70"/>
				<string name="Material" value="Armored"/>
				<integer name="Right" value="70"/>
				<integer name="Top" value="105"/>
				<integer name="UnitName" value="0"/>
				<string name="UnitTyp" value="Turret"/>
			</object>
			<object name="Zara_Turret_RF">
				<integer name="Back" value="20"/>
				<integer name="Bottom" value="40"/>
				<integer name="Country" value="5"/>
				<float name="ExplProb" value="0."/>
				<float name="FireProb" value="10."/>
				<integer name="Front" value="20"/>
				<integer name="Left" value="20"/>
				<string name="Material" value="Armored"/>
				<integer name="Right" value="20"/>
				<integer name="Top" value="20"/>
				<integer name="UnitName" value="0"/>
				<string name="UnitTyp" value="Turret"/>
			</object>
		</object>
		<object name="Rifles">
			<object name="Zara_203mm_Stvol">
				<float name="AARange" value="0."/>
				<string name="Ammo" value="Proj_203_I"/>
				<integer name="AmmoStorage" value="140"/>
				<float name="AmmoWeight" value="125.3"/>
				<string name="ArmPiercing" value="Proj_203_I_AP"/>
				<float name="Caliber" value="203."/>
				<integer name="Country" value="5"/>
				<float name="Dispersion" value="8."/>
				<integer name="FinalSpeed" value="450"/>
				<string name="FireSound" value="Guns\203mm"/>
				<string name="HighExp" value="Proj_203_I_HE"/>
				<boolean name="IgnoreXMLFile" value="false"/>
				<float name="Money" value="24.2"/>
				<boolean name="New" value="false"/>
				<float name="ROF" value="3.8"/>
				<float name="Range" value="31.5"/>
				<boolean name="SLLauncher" value="false"/>
				<string name="SMU_File" value="Zara_203mm_Stvol"/>
				<integer name="StartSpeed" value="900"/>
				<integer name="Unreliability" value="0"/>
				<string name="Usage" value="Ships"/>
				<float name="Weight" value="25."/>
			</object>
		</object>
		<object name="Turrets">
			<object name="Zara_203mm_TurretA">
				<integer name="Amount" value="2"/>
				<integer name="ArmorFront" value="105"/>
				<integer name="ArmorSide" value="70"/>
				<integer name="ArmorTop" value="70"/>
				<string name="Building" value="Artillery"/>
				<string name="Content" value="Rifles.Zara_203mm_Stvol"/>
				<integer name="Country" value="5"/>
				<float name="DTimeProd" value="15."/>
				<integer name="Elevation" value="45"/>
				<integer name="ElevationRate" value="5"/>
				<string name="Icon" value="Artillery"/>
				<boolean name="IgnoreXMLFile" value="false"/>
				<float name="Iron" value="250."/>
				<float name="Money" value="250."/>
				<float name="NTimeProd" value="75."/>
				<boolean name="New" value="true"/>
				<boolean name="Production" value="false"/>
				<integer name="QualityRate" value="6"/>
				<integer name="RotationRate" value="6"/>
				<string name="SMU_File" value="Zara_203mm_Turret1V"/>
				<string name="Type" value="Gun"/>
				<float name="Vitality" value="900."/>
				<float name="Weight" value="178.1"/>
			</object>
			<object name="Zara_203mm_TurretB">
				<integer name="Amount" value="2"/>
				<integer name="ArmorFront" value="105"/>
				<integer name="ArmorSide" value="70"/>
				<integer name="ArmorTop" value="70"/>
				<string name="Building" value="Artillery"/>
				<string name="Content" value="Rifles.Zara_203mm_Stvol"/>
				<integer name="Country" value="5"/>
				<float name="DTimeProd" value="15."/>
				<integer name="Elevation" value="45"/>
				<integer name="ElevationRate" value="5"/>
				<string name="Icon" value="Artillery"/>
				<boolean name="IgnoreXMLFile" value="false"/>
				<float name="Iron" value="250."/>
				<float name="Money" value="250."/>
				<float name="NTimeProd" value="75."/>
				<boolean name="New" value="true"/>
				<boolean name="Production" value="false"/>
				<integer name="QualityRate" value="6"/>
				<integer name="RotationRate" value="6"/>
				<string name="SMU_File" value="Zara_203mm_Turret2V"/>
				<string name="Type" value="Gun"/>
				<float name="Vitality" value="900."/>
				<float name="Weight" value="178.1"/>
			</object>
			<object name="Zara_203mm_TurretY">
				<integer name="Amount" value="2"/>
				<integer name="ArmorFront" value="105"/>
				<integer name="ArmorSide" value="70"/>
				<integer name="ArmorTop" value="70"/>
				<string name="Building" value="Artillery"/>
				<string name="Content" value="Rifles.Zara_203mm_Stvol"/>
				<integer name="Country" value="5"/>
				<float name="DTimeProd" value="15."/>
				<integer name="Elevation" value="45"/>
				<integer name="ElevationRate" value="5"/>
				<string name="Icon" value="Artillery"/>
				<boolean name="IgnoreXMLFile" value="false"/>
				<float name="Iron" value="250."/>
				<float name="Money" value="250."/>
				<float name="NTimeProd" value="75."/>
				<boolean name="New" value="true"/>
				<boolean name="Production" value="false"/>
				<integer name="QualityRate" value="6"/>
				<integer name="RotationRate" value="6"/>
				<string name="SMU_File" value="Zara_203mm_Turret1V"/>
				<string name="Type" value="Gun"/>
				<float name="Vitality" value="900."/>
				<float name="Weight" value="178.1"/>
			</object>
			<object name="Zara_203mm_TurretX">
				<integer name="Amount" value="2"/>
				<integer name="ArmorFront" value="105"/>
				<integer name="ArmorSide" value="70"/>
				<integer name="ArmorTop" value="70"/>
				<string name="Building" value="Artillery"/>
				<string name="Content" value="Rifles.Zara_203mm_Stvol"/>
				<integer name="Country" value="5"/>
				<float name="DTimeProd" value="15."/>
				<integer name="Elevation" value="45"/>
				<integer name="ElevationRate" value="5"/>
				<string name="Icon" value="Artillery"/>
				<boolean name="IgnoreXMLFile" value="false"/>
				<float name="Iron" value="250."/>
				<float name="Money" value="250."/>
				<float name="NTimeProd" value="75."/>
				<boolean name="New" value="true"/>
				<boolean name="Production" value="false"/>
				<integer name="QualityRate" value="6"/>
				<integer name="RotationRate" value="6"/>
				<string name="SMU_File" value="Zara_203mm_Turret2V"/>
				<string name="Type" value="Gun"/>
				<float name="Vitality" value="900."/>
				<float name="Weight" value="178.1"/>
			</object>
		</object>
	</object>
</root>
