﻿xml version="1.0" standalone="yes" ?>
<root>
	<object name="Modifications">
		<object name="SubUnits">
			<object name="Zara_203mm_TurretA">
				<object name="TPort_0">
					<string name="Device" value="Zara_203mm_Stvol"/>
					<string name="Table" value="Rifles"/>
				</object>
				<object name="TPort_1">
					<string name="Device" value="Zara_203mm_Stvol"/>
					<string name="Table" value="Rifles"/>
				</object>
			</object>
			<object name="Zara_203mm_TurretB">
				<object name="TPort_0">
					<string name="Device" value="Zara_203mm_Stvol"/>
					<string name="Table" value="Rifles"/>
				</object>
				<object name="TPort_1">
					<string name="Device" value="Zara_203mm_Stvol"/>
					<string name="Table" value="Rifles"/>
				</object>
			</object>
			<object name="Zara_203mm_TurretX">
				<object name="TPort_0">
					<string name="Device" value="Zara_203mm_Stvol"/>
					<string name="Table" value="Rifles"/>
				</object>
				<object name="TPort_1">
					<string name="Device" value="Zara_203mm_Stvol"/>
					<string name="Table" value="Rifles"/>
				</object>
			</object>
			<object name="Zara_203mm_TurretY">
				<object name="TPort_0">
					<string name="Device" value="Zara_203mm_Stvol"/>
					<string name="Table" value="Rifles"/>
				</object>
				<object name="TPort_1">
					<string name="Device" value="Zara_203mm_Stvol"/>
					<string name="Table" value="Rifles"/>
				</object>
			</object>
		</object>
	</object>
</root>

