﻿<?xml version="1.0" standalone="yes" ?>
<root>
	<object name="SteelMonstersParams">
		<object name="Rifles">
			<object name="280_Main_Gun_Scharnhorst">
				<float name="AARange" value="0."/>
				<string name="Ammo" value="Proj_280_G"/>
				<integer name="AmmoStorage" value="150"/>
				<float name="AmmoWeight" value="330."/>
				<string name="ArmPiercing" value="Proj_280_G_AP"/>
				<float name="Caliber" value="280."/>
				<string name="HighExp" value="Proj_280_G_HE"/>
				<integer name="Country" value="5"/>
				<float name="Dispersion" value="2."/>
				<integer name="FinalSpeed" value="500"/>
				<string name="FireSound" value="Guns\356mm"/>
				<boolean name="IgnoreXMLFile" value="false"/>
				<float name="Money" value="140."/>
				<boolean name="New" value="false"/>
				<float name="ROF" value="3.5"/>
				<float name="Range" value="40.93"/>
				<boolean name="SLLauncher" value="false"/>
				<string name="SMU_File" value="280_Main_Gun_Scharnhorst_Stvol"/>
				<integer name="StartSpeed" value="890"/>
				<integer name="Unreliability" value="0"/>
				<string name="Usage" value="Ships"/>
				<float name="Weight" value="53.25"/>
			</object>
		</object>
		<object name="Turrets">
			<object name="Main_Turret_280_Scharnhorst_Anton">
				<integer name="Amount" value="3"/>
				<integer name="ArmorFront" value="358"/>
				<integer name="ArmorSide" value="191"/>
				<integer name="ArmorTop" value="150"/>
				<string name="Building" value="Artillery"/>
				<string name="Content" value="Rifles.280_Main_Gun_Scharnhorst"/>
				<integer name="Country" value="5"/>
				<integer name="Elevation" value="40"/>
				<integer name="ElevationRate" value="8"/>
				<boolean name="IgnoreXMLFile" value="false"/>
				<float name="Iron" value="750."/>
				<float name="Money" value="40."/>
				<boolean name="New" value="false"/>
				<boolean name="Production" value="false"/>
				<integer name="RotationRate" value="7.2"/>
				<string name="SMU_File" value="280x3_Main_Gun_Scharnhorst_Anton"/>
				<string name="Type" value="Gun"/>
				<float name="Vitality" value="1400."/>
				<float name="Weight" value="750."/>
			</object>
			<object name="Main_Turret_280_Scharnhorst_Bruno">
				<integer name="Amount" value="3"/>
				<integer name="ArmorFront" value="358"/>
				<integer name="ArmorSide" value="191"/>
				<integer name="ArmorTop" value="150"/>
				<string name="Building" value="Artillery"/>
				<string name="Content" value="Rifles.280_Main_Gun_Scharnhorst"/>
				<integer name="Country" value="5"/>
				<integer name="Elevation" value="40"/>
				<integer name="ElevationRate" value="8"/>
				<boolean name="IgnoreXMLFile" value="false"/>
				<float name="Iron" value="750."/>
				<float name="Money" value="40."/>
				<boolean name="New" value="false"/>
				<boolean name="Production" value="false"/>
				<integer name="RotationRate" value="7.2"/>
				<string name="SMU_File" value="280x3_Main_Gun_Scharnhorst_Bruno"/>
				<string name="Type" value="Gun"/>
				<float name="Vitality" value="1400."/>
				<float name="Weight" value="750."/>
			</object>
			<object name="Main_Turret_280_Scharnhorst_Dora">
				<integer name="Amount" value="3"/>
				<integer name="ArmorFront" value="358"/>
				<integer name="ArmorSide" value="191"/>
				<integer name="ArmorTop" value="150"/>
				<string name="Building" value="Artillery"/>
				<string name="Content" value="Rifles.280_Main_Gun_Scharnhorst"/>
				<integer name="Country" value="5"/>
				<integer name="Elevation" value="40"/>
				<integer name="ElevationRate" value="8"/>
				<boolean name="IgnoreXMLFile" value="false"/>
				<float name="Iron" value="750."/>
				<float name="Money" value="40."/>
				<boolean name="New" value="false"/>
				<boolean name="Production" value="false"/>
				<integer name="RotationRate" value="7.2"/>
				<string name="SMU_File" value="280x3_Main_Gun_Scharnhorst_Dora"/>
				<string name="Type" value="Gun"/>
				<float name="Vitality" value="1400."/>
				<float name="Weight" value="750."/>
			</object>
		</object>
		<object name="Hit_Location">
			<object name="ScharnhorstA1">
				<integer name="Country" value="5"/>
				<float name="ER" value="400."/>
				<string name="Hull" value="Scharnhorst_MTurretV1"/>
				<string name="Name" value="Turret"/>
				<string name="TypHL" value="AmmoStore"/>
				<string name="UnitName" value="Main_Turret_280_Scharnhorst_Anton"/>
			</object>
			<object name="ScharnhorstA2">
				<integer name="Country" value="5"/>
				<float name="ER" value="250."/>
				<string name="Hull" value="Scharnhorst_MTurretV1_Shakegeban"/>
				<string name="Name" value="Shakegeban"/>
				<string name="TypHL" value="Probe"/>
				<string name="UnitName" value="Main_Turret_280_Scharnhorst_Anton"/>
			</object>
			<object name="ScharnhorstA3">
				<integer name="Country" value="5"/>
				<float name="ER" value="200."/>
				<string name="Hull" value="Scharnhorst_Turret_RF"/>
				<string name="Name" value="LRangefinder"/>
				<string name="TypHL" value="Probe"/>
				<string name="UnitName" value="Main_Turret_280_Scharnhorst_Anton"/>
			</object>
			<object name="ScharnhorstA4">
				<integer name="Country" value="5"/>
				<float name="ER" value="200."/>
				<string name="Hull" value="Scharnhorst_Turret_RF"/>
				<string name="Name" value="RRangefinder"/>
				<string name="TypHL" value="Probe"/>
				<string name="UnitName" value="Main_Turret_280_Scharnhorst_Anton"/>
			</object>
			<object name="ScharnhorstB1">
				<integer name="Country" value="5"/>
				<float name="ER" value="400."/>
				<string name="Hull" value="Scharnhorst_MTurretV1"/>
				<string name="Name" value="Turret"/>
				<string name="TypHL" value="AmmoStore"/>
				<string name="UnitName" value="Main_Turret_280_Scharnhorst_Bruno"/>
			</object>
			<object name="ScharnhorstB2">
				<integer name="Country" value="5"/>
				<float name="ER" value="250."/>
				<string name="Hull" value="Scharnhorst_MTurretV1_Shakegeban"/>
				<string name="Name" value="Shakegeban"/>
				<string name="TypHL" value="Probe"/>
				<string name="UnitName" value="Main_Turret_280_Scharnhorst_Bruno"/>
			</object>
			<object name="ScharnhorstB3">
				<integer name="Country" value="5"/>
				<float name="ER" value="200."/>
				<string name="Hull" value="Scharnhorst_Turret_RF"/>
				<string name="Name" value="LRangefinder"/>
				<string name="TypHL" value="Probe"/>
				<string name="UnitName" value="Main_Turret_280_Scharnhorst_Bruno"/>
			</object>
			<object name="ScharnhorstB4">
				<integer name="Country" value="5"/>
				<float name="ER" value="200."/>
				<string name="Hull" value="Scharnhorst_Turret_RF"/>
				<string name="Name" value="RRangefinder"/>
				<string name="TypHL" value="Probe"/>
				<string name="UnitName" value="Main_Turret_280_Scharnhorst_Bruno"/>
			</object>
			<object name="ScharnhorstD1">
				<integer name="Country" value="5"/>
				<float name="ER" value="400."/>
				<string name="Hull" value="Scharnhorst_MTurretV1"/>
				<string name="Name" value="Turret"/>
				<string name="TypHL" value="AmmoStore"/>
				<string name="UnitName" value="Main_Turret_280_Scharnhorst_Dora"/>
			</object>
			<object name="ScharnhorstD2">
				<integer name="Country" value="5"/>
				<float name="ER" value="250."/>
				<string name="Hull" value="Scharnhorst_MTurretV1_Shakegeban"/>
				<string name="Name" value="Shakegeban"/>
				<string name="TypHL" value="Probe"/>
				<string name="UnitName" value="Main_Turret_280_Scharnhorst_Dora"/>
			</object>
			<object name="ScharnhorstD3">
				<integer name="Country" value="5"/>
				<float name="ER" value="200."/>
				<string name="Hull" value="Scharnhorst_Turret_RF"/>
				<string name="Name" value="LRangefinder"/>
				<string name="TypHL" value="Probe"/>
				<string name="UnitName" value="Main_Turret_280_Scharnhorst_Dora"/>
			</object>
			<object name="ScharnhorstD4">
				<integer name="Country" value="5"/>
				<float name="ER" value="200."/>
				<string name="Hull" value="Scharnhorst_Turret_RF"/>
				<string name="Name" value="RRangefinder"/>
				<string name="TypHL" value="Probe"/>
				<string name="UnitName" value="Main_Turret_280_Scharnhorst_Dora"/>
			</object>
		</object>
		<object name="Hulls">
			<object name="Scharnhorst_MTurretV1">
				<integer name="Back" value="170"/>
				<integer name="Bottom" value="340"/>
				<integer name="Country" value="5"/>
				<float name="ExplProb" value="10."/>
				<float name="FireProb" value="10."/>
				<integer name="Front" value="358"/>
				<integer name="Left" value="191"/>
				<string name="Material" value="Armored"/>
				<integer name="Right" value="191"/>
				<integer name="Top" value="150"/>
				<integer name="UnitName" value="0"/>
				<string name="UnitTyp" value="Turret"/>
			</object>
			<object name="Scharnhorst_MTurretV1_Shakegeban">
				<integer name="Back" value="200"/>
				<integer name="Bottom" value="200"/>
				<integer name="Country" value="5"/>
				<float name="ExplProb" value="0."/>
				<float name="FireProb" value="10."/>
				<integer name="Front" value="200"/>
				<integer name="Left" value="200"/>
				<string name="Material" value="Armored"/>
				<integer name="Right" value="200"/>
				<integer name="Top" value="200"/>
				<integer name="UnitName" value="0"/>
				<string name="UnitTyp" value="Turret"/>
			</object>
			<object name="Scharnhorst_Turret_RF">
				<integer name="Country" value="5"/>
				<integer name="Back" value="200"/>
				<integer name="Bottom" value="200"/>
				<float name="ExplProb" value="0."/>
				<float name="FireProb" value="10."/>
				<integer name="Front" value="200"/>
				<integer name="Left" value="200"/>
				<string name="Material" value="Armored"/>
				<integer name="Right" value="200"/>
				<integer name="Top" value="200"/>
				<integer name="UnitName" value="0"/>
				<string name="UnitTyp" value="Turret"/>
			</object>
		</object>
	</object>
</root>
