﻿xml version="1.0" standalone="yes" ?>
<root>
	<object name="Modifications">
		<object name="SubUnits">
			<object name="Main_Turret_280_Scharnhorst_Anton">
				<object name="TPort_01">
					<string name="Device" value="280_Main_Gun_Scharnhorst"/>
					<string name="Table" value="Rifles"/>
				</object>
				<object name="TPort_02">
					<string name="Device" value="280_Main_Gun_Scharnhorst"/>
					<string name="Table" value="Rifles"/>
				</object>
				<object name="TPort_03">
					<string name="Device" value="280_Main_Gun_Scharnhorst"/>
					<string name="Table" value="Rifles"/>
				</object>
			</object>
			<object name="Main_Turret_280_Scharnhorst_Bruno">
				<object name="TPort_01">
					<string name="Device" value="280_Main_Gun_Scharnhorst"/>
					<string name="Table" value="Rifles"/>
				</object>
				<object name="TPort_02">
					<string name="Device" value="280_Main_Gun_Scharnhorst"/>
					<string name="Table" value="Rifles"/>
				</object>
				<object name="TPort_03">
					<string name="Device" value="280_Main_Gun_Scharnhorst"/>
					<string name="Table" value="Rifles"/>
				</object>
			</object>
			<object name="Main_Turret_280_Scharnhorst_Dora">
				<object name="TPort_01">
					<string name="Device" value="280_Main_Gun_Scharnhorst"/>
					<string name="Table" value="Rifles"/>
				</object>
				<object name="TPort_02">
					<string name="Device" value="280_Main_Gun_Scharnhorst"/>
					<string name="Table" value="Rifles"/>
				</object>
				<object name="TPort_03">
					<string name="Device" value="280_Main_Gun_Scharnhorst"/>
					<string name="Table" value="Rifles"/>
				</object>
			</object>
		</object>
	</object>
</root>
