﻿<?xml version="1.0" standalone="yes" ?>
<root>
	<object name="SteelMonstersParams">
		<object name="Probes">
			<object name="Pr_Zara_Radar_FuMO_23_1V">
				<float name="AirRange" value="1."/>
				<float name="BearingAccuracy" value="3."/>
				<integer name="Country" value="5"/>
				<float name="DTimeProd" value="0."/>
				<float name="Frequency" value="0."/>
				<float name="MaxCaliber" value="400."/>
				<float name="MinCaliber" value="100."/>
				<float name="Money" value="30."/>
				<float name="NTimeProd" value="0."/>
				<boolean name="New" value="true"/>
				<float name="Power" value="2000."/>
				<boolean name="Production" value="false"/>
				<float name="RangeAccuracy" value="30."/>
				<float name="Sensitivity" value="1.e-003"/>
				<float name="ShipRange" value="0.13"/>
				<integer name="SygnalType" value="1"/>
				<string name="Type" value="Director"/>
				<integer name="Unreliability" value="0"/>
				<string name="Usage" value="Ships"/>
				<float name="Weight" value="1.32"/>
			</object>
			<object name="Pr_Zara_Radar_FuMO_23_2V">
				<float name="AirRange" value="1."/>
				<float name="BearingAccuracy" value="3."/>
				<integer name="Country" value="5"/>
				<float name="DTimeProd" value="0."/>
				<float name="Frequency" value="0."/>
				<float name="MaxCaliber" value="400."/>
				<float name="MinCaliber" value="100."/>
				<float name="Money" value="30."/>
				<float name="NTimeProd" value="0."/>
				<boolean name="New" value="true"/>
				<float name="Power" value="2000."/>
				<boolean name="Production" value="false"/>
				<float name="RangeAccuracy" value="30."/>
				<float name="Sensitivity" value="1.e-003"/>
				<float name="ShipRange" value="0.13"/>
				<integer name="SygnalType" value="1"/>
				<string name="Type" value="Director"/>
				<integer name="Unreliability" value="0"/>
				<string name="Usage" value="Ships"/>
				<float name="Weight" value="1.32"/>
			</object>
			<object name="Pr_Zara_Radar_FuMO_23_3V">
				<float name="AirRange" value="1."/>
				<float name="BearingAccuracy" value="3."/>
				<integer name="Country" value="5"/>
				<float name="DTimeProd" value="0."/>
				<float name="Frequency" value="0."/>
				<float name="MaxCaliber" value="400."/>
				<float name="MinCaliber" value="100."/>
				<float name="Money" value="30."/>
				<float name="NTimeProd" value="0."/>
				<boolean name="New" value="true"/>
				<float name="Power" value="2000."/>
				<boolean name="Production" value="false"/>
				<float name="RangeAccuracy" value="30."/>
				<float name="Sensitivity" value="1.e-003"/>
				<float name="ShipRange" value="0.13"/>
				<integer name="SygnalType" value="1"/>
				<string name="Type" value="Director"/>
				<integer name="Unreliability" value="0"/>
				<string name="Usage" value="Ships"/>
				<float name="Weight" value="1.32"/>
			</object>
			<object name="Pr_Zara_Rangefinder4m2V">
				<float name="ShipRange" value="8.e-002"/>
				<float name="BearingAccuracy" value="5."/>
				<integer name="Country" value="5"/>
				<float name="DTimeProd" value="0."/>
				<float name="Frequency" value="0."/>
				<float name="MaxCaliber" value="600."/>
				<float name="MinCaliber" value="100."/>
				<float name="Money" value="5."/>
				<float name="NTimeProd" value="0."/>
				<boolean name="New" value="true"/>
				<float name="Power" value="0."/>
				<boolean name="Production" value="false"/>
				<float name="RangeAccuracy" value="50."/>
				<float name="Sensitivity" value="0."/>
				<integer name="SygnalType" value="2"/>
				<string name="Type" value="Director"/>
				<integer name="Unreliability" value="0"/>
				<string name="Usage" value="Ships"/>
				<float name="Weight" value="0.6"/>
			</object>
			<object name="Pr_Zara_Rangefinder4mTypeSL_8V">
				<float name="ShipRange" value="8.e-002"/>
				<float name="BearingAccuracy" value="5."/>
				<integer name="Country" value="5"/>
				<float name="DTimeProd" value="0."/>
				<float name="Frequency" value="0."/>
				<float name="MaxCaliber" value="600."/>
				<float name="MinCaliber" value="100."/>
				<float name="Money" value="5."/>
				<float name="NTimeProd" value="0."/>
				<boolean name="New" value="true"/>
				<float name="Power" value="0."/>
				<boolean name="Production" value="false"/>
				<float name="RangeAccuracy" value="50."/>
				<float name="Sensitivity" value="0."/>
				<integer name="SygnalType" value="2"/>
				<string name="Type" value="Director"/>
				<integer name="Unreliability" value="0"/>
				<string name="Usage" value="Ships"/>
				<float name="Weight" value="0.6"/>
			</object>
			<object name="Pr_Littorio_Radar_FuMO_23_1V">
				<float name="AirRange" value="1."/>
				<float name="BearingAccuracy" value="3."/>
				<integer name="Country" value="5"/>
				<float name="DTimeProd" value="0."/>
				<float name="Frequency" value="0."/>
				<float name="MaxCaliber" value="400."/>
				<float name="MinCaliber" value="150."/>
				<float name="Money" value="30."/>
				<float name="NTimeProd" value="0."/>
				<boolean name="New" value="true"/>
				<float name="Power" value="2000."/>
				<boolean name="Production" value="false"/>
				<float name="RangeAccuracy" value="30."/>
				<float name="Sensitivity" value="1.e-003"/>
				<float name="ShipRange" value="0.13"/>
				<integer name="SygnalType" value="1"/>
				<string name="Type" value="Director"/>
				<integer name="Unreliability" value="0"/>
				<string name="Usage" value="Ships"/>
				<float name="Weight" value="1.32"/>
			</object>
			<object name="Pr_Littorio_Rangefinder4m2V">
				<float name="ShipRange" value="8.e-002"/>
				<float name="BearingAccuracy" value="5."/>
				<integer name="Country" value="5"/>
				<float name="DTimeProd" value="0."/>
				<float name="Frequency" value="0."/>
				<float name="MaxCaliber" value="600."/>
				<float name="MinCaliber" value="100."/>
				<float name="Money" value="5."/>
				<float name="NTimeProd" value="0."/>
				<boolean name="New" value="true"/>
				<float name="Power" value="0."/>
				<boolean name="Production" value="false"/>
				<float name="RangeAccuracy" value="50."/>
				<float name="Sensitivity" value="0."/>
				<integer name="SygnalType" value="2"/>
				<string name="Type" value="Director"/>
				<integer name="Unreliability" value="0"/>
				<string name="Usage" value="Ships"/>
				<float name="Weight" value="0.6"/>
			</object>
			<object name="Pr_Littorio_Rangefinder4mTypeSL_8V">
				<float name="ShipRange" value="8.e-002"/>
				<float name="BearingAccuracy" value="5."/>
				<integer name="Country" value="5"/>
				<float name="DTimeProd" value="0."/>
				<float name="Frequency" value="0."/>
				<float name="MaxCaliber" value="600."/>
				<float name="MinCaliber" value="100."/>
				<float name="Money" value="5."/>
				<float name="NTimeProd" value="0."/>
				<boolean name="New" value="true"/>
				<float name="Power" value="0."/>
				<boolean name="Production" value="false"/>
				<float name="RangeAccuracy" value="50."/>
				<float name="Sensitivity" value="0."/>
				<integer name="SygnalType" value="2"/>
				<string name="Type" value="Director"/>
				<integer name="Unreliability" value="0"/>
				<string name="Usage" value="Ships"/>
				<float name="Weight" value="0.6"/>
			</object>
			<object name="Pr_Condottieri_Rangefinder4m2V">
				<float name="ShipRange" value="8.e-002"/>
				<float name="BearingAccuracy" value="5."/>
				<integer name="Country" value="5"/>
				<float name="DTimeProd" value="0."/>
				<float name="Frequency" value="0."/>
				<float name="MaxCaliber" value="600."/>
				<float name="MinCaliber" value="100."/>
				<float name="Money" value="5."/>
				<float name="NTimeProd" value="0."/>
				<boolean name="New" value="true"/>
				<float name="Power" value="0."/>
				<boolean name="Production" value="false"/>
				<float name="RangeAccuracy" value="50."/>
				<float name="Sensitivity" value="0."/>
				<integer name="SygnalType" value="2"/>
				<string name="Type" value="Director"/>
				<integer name="Unreliability" value="0"/>
				<string name="Usage" value="Ships"/>
				<float name="Weight" value="0.6"/>
			</object>
			<object name="Pr_Condottieri_Rangefinder4mTypeSL">
				<float name="ShipRange" value="8.e-002"/>
				<float name="BearingAccuracy" value="5."/>
				<integer name="Country" value="5"/>
				<float name="DTimeProd" value="0."/>
				<float name="Frequency" value="0."/>
				<float name="MaxCaliber" value="600."/>
				<float name="MinCaliber" value="100."/>
				<float name="Money" value="5."/>
				<float name="NTimeProd" value="0."/>
				<boolean name="New" value="true"/>
				<float name="Power" value="0."/>
				<boolean name="Production" value="false"/>
				<float name="RangeAccuracy" value="50."/>
				<float name="Sensitivity" value="0."/>
				<integer name="SygnalType" value="2"/>
				<string name="Type" value="Director"/>
				<integer name="Unreliability" value="0"/>
				<string name="Usage" value="Ships"/>
				<float name="Weight" value="0.6"/>
			</object>
		</object>
		<object name="Turrets">
			<object name="Zara2_Radar_Front">
				<integer name="Amount" value="1"/>
				<integer name="ArmorFront" value="0"/>
				<integer name="ArmorSide" value="0"/>
				<integer name="ArmorTop" value="0"/>
				<string name="Content" value="Probes.Pr_Zara_Radar_FuMO_23_1V"/>
				<integer name="Country" value="5"/>
				<integer name="Elevation" value="0"/>
				<integer name="ElevationRate" value="0"/>
				<boolean name="IgnoreXMLFile" value="false"/>
				<float name="Iron" value="0.2"/>
				<float name="Money" value="11."/>
				<boolean name="New" value="true"/>
				<boolean name="Production" value="false"/>
				<integer name="RotationRate" value="5"/>
				<string name="SMU_File" value="Zara2_Radar_Front"/>
				<string name="Type" value="Radar"/>
				<float name="Vitality" value="30."/>
				<float name="Weight" value="0.5"/>
			</object>
			<object name="Zara2_Radar_Top">
				<integer name="Amount" value="1"/>
				<integer name="ArmorFront" value="0"/>
				<integer name="ArmorSide" value="0"/>
				<integer name="ArmorTop" value="0"/>
				<string name="Content" value="Probes.Pr_Zara_Radar_FuMO_23_2V"/>
				<integer name="Country" value="5"/>
				<integer name="Elevation" value="0"/>
				<integer name="ElevationRate" value="0"/>
				<boolean name="IgnoreXMLFile" value="false"/>
				<float name="Iron" value="0.2"/>
				<float name="Money" value="11."/>
				<boolean name="New" value="true"/>
				<boolean name="Production" value="false"/>
				<integer name="RotationRate" value="5"/>
				<string name="SMU_File" value="Zara2_Radar_Top"/>
				<string name="Type" value="Radar"/>
				<float name="Vitality" value="30."/>
				<float name="Weight" value="0.5"/>
			</object>
			<object name="Zara2_Rangefinder4m">
				<integer name="Amount" value="1"/>
				<integer name="ArmorFront" value="0"/>
				<integer name="ArmorSide" value="0"/>
				<integer name="ArmorTop" value="0"/>
				<string name="Content" value="Probes.Pr_Zara_Rangefinder4m2V"/>
				<integer name="Country" value="5"/>
				<integer name="Elevation" value="0"/>
				<integer name="ElevationRate" value="0"/>
				<boolean name="IgnoreXMLFile" value="false"/>
				<float name="Iron" value="0.3"/>
				<float name="Money" value="10."/>
				<boolean name="New" value="true"/>
				<boolean name="Production" value="false"/>
				<integer name="RotationRate" value="15"/>
				<string name="SMU_File" value="Zara2_Rangefinder4m"/>
				<string name="Type" value="Radar"/>
				<float name="Vitality" value="30."/>
				<float name="Weight" value="0.5"/>
			</object>
			<object name="Zara2_Rangefinder4mType_SL">
				<integer name="Amount" value="1"/>
				<integer name="ArmorFront" value="0"/>
				<integer name="ArmorSide" value="0"/>
				<integer name="ArmorTop" value="0"/>
				<string name="Content" value="Probes.Pr_Zara_Rangefinder4mTypeSL_8V"/>
				<integer name="Country" value="5"/>
				<integer name="Elevation" value="0"/>
				<integer name="ElevationRate" value="0"/>
				<boolean name="IgnoreXMLFile" value="false"/>
				<float name="Iron" value="0.3"/>
				<float name="Money" value="10."/>
				<boolean name="New" value="true"/>
				<boolean name="Production" value="false"/>
				<integer name="RotationRate" value="15"/>
				<string name="SMU_File" value="Zara2_Rangefinder4mType_SL"/>
				<string name="Type" value="Radar"/>
				<float name="Vitality" value="30."/>
				<float name="Weight" value="0.5"/>
			</object>
			<object name="Zara_Radar_FuMO_23_1V">
				<integer name="Amount" value="1"/>
				<integer name="ArmorFront" value="0"/>
				<integer name="ArmorSide" value="0"/>
				<integer name="ArmorTop" value="0"/>
				<string name="Content" value="Probes.Pr_Zara_Radar_FuMO_23_1V"/>
				<integer name="Country" value="5"/>
				<integer name="Elevation" value="0"/>
				<integer name="ElevationRate" value="0"/>
				<boolean name="IgnoreXMLFile" value="false"/>
				<float name="Iron" value="0.2"/>
				<float name="Money" value="11."/>
				<boolean name="New" value="true"/>
				<boolean name="Production" value="false"/>
				<integer name="RotationRate" value="5"/>
				<string name="SMU_File" value="Zara_Radar_FuMO_23_1V"/>
				<string name="Type" value="Radar"/>
				<float name="Vitality" value="30."/>
				<float name="Weight" value="0.5"/>
			</object>
			<object name="Zara_Radar_FuMO_23_2V">
				<integer name="Amount" value="1"/>
				<integer name="ArmorFront" value="0"/>
				<integer name="ArmorSide" value="0"/>
				<integer name="ArmorTop" value="0"/>
				<string name="Content" value="Probes.Pr_Zara_Radar_FuMO_23_2V"/>
				<integer name="Country" value="5"/>
				<integer name="Elevation" value="0"/>
				<integer name="ElevationRate" value="0"/>
				<boolean name="IgnoreXMLFile" value="false"/>
				<float name="Iron" value="0.2"/>
				<float name="Money" value="11."/>
				<boolean name="New" value="true"/>
				<boolean name="Production" value="false"/>
				<integer name="RotationRate" value="5"/>
				<string name="SMU_File" value="Zara_Radar_FuMO_23_2V"/>
				<string name="Type" value="Radar"/>
				<float name="Vitality" value="30."/>
				<float name="Weight" value="0.5"/>
			</object>
			<object name="Zara_Rangefinder4m2V">
				<integer name="Amount" value="1"/>
				<integer name="ArmorFront" value="0"/>
				<integer name="ArmorSide" value="0"/>
				<integer name="ArmorTop" value="0"/>
				<string name="Content" value="Probes.Pr_Zara_Rangefinder4m2V"/>
				<integer name="Country" value="5"/>
				<integer name="Elevation" value="0"/>
				<integer name="ElevationRate" value="0"/>
				<boolean name="IgnoreXMLFile" value="false"/>
				<float name="Iron" value="0.3"/>
				<float name="Money" value="10."/>
				<boolean name="New" value="true"/>
				<boolean name="Production" value="false"/>
				<integer name="RotationRate" value="15"/>
				<string name="SMU_File" value="Zara_Rangefinder4m2V"/>
				<string name="Type" value="Radar"/>
				<float name="Vitality" value="30."/>
				<float name="Weight" value="0.5"/>
			</object>
			<object name="Zara_Radar_FuMO_23_3V">
				<integer name="Amount" value="1"/>
				<integer name="ArmorFront" value="0"/>
				<integer name="ArmorSide" value="0"/>
				<integer name="ArmorTop" value="0"/>
				<string name="Content" value="Probes.Pr_Zara_Radar_FuMO_23_3V"/>
				<integer name="Country" value="5"/>
				<integer name="Elevation" value="0"/>
				<integer name="ElevationRate" value="0"/>
				<boolean name="IgnoreXMLFile" value="false"/>
				<float name="Iron" value="0.2"/>
				<float name="Money" value="11."/>
				<boolean name="New" value="true"/>
				<boolean name="Production" value="false"/>
				<integer name="RotationRate" value="5"/>
				<string name="SMU_File" value="Zara_Radar_FuMO_23_3V"/>
				<string name="Type" value="Radar"/>
				<float name="Vitality" value="30."/>
				<float name="Weight" value="0.5"/>
			</object>
			<object name="Zara_Rangefinder4mTypeSL_8V">
				<integer name="Amount" value="1"/>
				<integer name="ArmorFront" value="0"/>
				<integer name="ArmorSide" value="0"/>
				<integer name="ArmorTop" value="0"/>
				<string name="Content" value="Probes.Pr_Zara_Rangefinder4mTypeSL_8V"/>
				<integer name="Country" value="5"/>
				<integer name="Elevation" value="0"/>
				<integer name="ElevationRate" value="0"/>
				<boolean name="IgnoreXMLFile" value="false"/>
				<float name="Iron" value="0.3"/>
				<float name="Money" value="10."/>
				<boolean name="New" value="true"/>
				<boolean name="Production" value="false"/>
				<integer name="RotationRate" value="15"/>
				<string name="SMU_File" value="Zara_Rangefinder4mTypeSL_8V"/>
				<string name="Type" value="Radar"/>
				<float name="Vitality" value="30."/>
				<float name="Weight" value="0.5"/>
			</object>
			<object name="Zara_Rangefinder4mTypeSL_8V1">
				<integer name="Amount" value="1"/>
				<integer name="ArmorFront" value="0"/>
				<integer name="ArmorSide" value="0"/>
				<integer name="ArmorTop" value="0"/>
				<string name="Content" value="Probes.Pr_Zara_Rangefinder4mTypeSL_8V"/>
				<integer name="Country" value="5"/>
				<integer name="Elevation" value="0"/>
				<integer name="ElevationRate" value="0"/>
				<boolean name="IgnoreXMLFile" value="false"/>
				<float name="Iron" value="0.3"/>
				<float name="Money" value="10."/>
				<boolean name="New" value="true"/>
				<boolean name="Production" value="false"/>
				<integer name="RotationRate" value="15"/>
				<string name="SMU_File" value="Zara_Rangefinder4mTypeSL_8V1"/>
				<string name="Type" value="Radar"/>
				<float name="Vitality" value="30."/>
				<float name="Weight" value="0.5"/>
			</object>
			<object name="Littorio_Radar_FuMO_23_1V">
				<integer name="Amount" value="1"/>
				<integer name="ArmorFront" value="0"/>
				<integer name="ArmorSide" value="0"/>
				<integer name="ArmorTop" value="0"/>
				<string name="Content" value="Probes.Pr_Littorio_Radar_FuMO_23_1V"/>
				<integer name="Country" value="5"/>
				<integer name="Elevation" value="0"/>
				<integer name="ElevationRate" value="0"/>
				<boolean name="IgnoreXMLFile" value="false"/>
				<float name="Iron" value="0.2"/>
				<float name="Money" value="11."/>
				<boolean name="New" value="true"/>
				<boolean name="Production" value="false"/>
				<integer name="RotationRate" value="5"/>
				<string name="SMU_File" value="Bismark_RangefinderSmall"/>
				<string name="Type" value="Radar"/>
				<float name="Vitality" value="30."/>
				<float name="Weight" value="0.5"/>
			</object>
			<object name="Littorio_Rangefinder4m2V">
				<integer name="Amount" value="1"/>
				<integer name="ArmorFront" value="0"/>
				<integer name="ArmorSide" value="0"/>
				<integer name="ArmorTop" value="0"/>
				<string name="Content" value="Probes.Pr_Littorio_Rangefinder4m2V"/>
				<integer name="Country" value="5"/>
				<integer name="Elevation" value="0"/>
				<integer name="ElevationRate" value="0"/>
				<boolean name="IgnoreXMLFile" value="false"/>
				<float name="Iron" value="0.3"/>
				<float name="Money" value="10."/>
				<boolean name="New" value="true"/>
				<boolean name="Production" value="false"/>
				<integer name="RotationRate" value="15"/>
				<string name="SMU_File" value="Littorio_Rangefinder4m2V"/>
				<string name="Type" value="Radar"/>
				<float name="Vitality" value="30."/>
				<float name="Weight" value="0.5"/>
			</object>
			<object name="Littorio_Rangefinder4mTypeSL_8V">
				<integer name="Amount" value="1"/>
				<integer name="ArmorFront" value="0"/>
				<integer name="ArmorSide" value="0"/>
				<integer name="ArmorTop" value="0"/>
				<string name="Content" value="Probes.Pr_Littorio_Rangefinder4mTypeSL_8V"/>
				<integer name="Country" value="5"/>
				<integer name="Elevation" value="0"/>
				<integer name="ElevationRate" value="0"/>
				<boolean name="IgnoreXMLFile" value="false"/>
				<float name="Iron" value="0.3"/>
				<float name="Money" value="10."/>
				<boolean name="New" value="true"/>
				<boolean name="Production" value="false"/>
				<integer name="RotationRate" value="15"/>
				<string name="SMU_File" value="Littorio_Rangefinder4mTypeSL_8V"/>
				<string name="Type" value="Radar"/>
				<float name="Vitality" value="30."/>
				<float name="Weight" value="0.5"/>
			</object>
			<object name="Condottieri_Rangefinder4mTypeSL">
				<integer name="Amount" value="1"/>
				<integer name="ArmorFront" value="0"/>
				<integer name="ArmorSide" value="0"/>
				<integer name="ArmorTop" value="0"/>
				<string name="Content" value="Probes.Pr_Condottieri_Rangefinder4mTypeSL"/>
				<integer name="Country" value="5"/>
				<integer name="Elevation" value="0"/>
				<integer name="ElevationRate" value="0"/>
				<boolean name="IgnoreXMLFile" value="false"/>
				<float name="Iron" value="0.3"/>
				<float name="Money" value="10."/>
				<boolean name="New" value="true"/>
				<boolean name="Production" value="false"/>
				<integer name="RotationRate" value="15"/>
				<string name="SMU_File" value="Condottieri_Rangefinder4mTypeSL"/>
				<string name="Type" value="Radar"/>
				<float name="Vitality" value="30."/>
				<float name="Weight" value="0.5"/>
			</object>
			<object name="Condottieri_Rangefinder4m2V">
				<integer name="Amount" value="1"/>
				<integer name="ArmorFront" value="0"/>
				<integer name="ArmorSide" value="0"/>
				<integer name="ArmorTop" value="0"/>
				<string name="Content" value="Probes.Pr_Condottieri_Rangefinder4m2V"/>
				<integer name="Country" value="5"/>
				<integer name="Elevation" value="0"/>
				<integer name="ElevationRate" value="0"/>
				<boolean name="IgnoreXMLFile" value="false"/>
				<float name="Iron" value="0.3"/>
				<float name="Money" value="10."/>
				<boolean name="New" value="true"/>
				<boolean name="Production" value="false"/>
				<integer name="RotationRate" value="15"/>
				<string name="SMU_File" value="Zara_Rangefinder4mTypeSL_8V"/>
				<string name="Type" value="Radar"/>
				<float name="Vitality" value="30."/>
				<float name="Weight" value="0.5"/>
			</object>
			<object name="Barbiano_Rangefinder4m1V">
				<integer name="Amount" value="1"/>
				<integer name="ArmorFront" value="0"/>
				<integer name="ArmorSide" value="0"/>
				<integer name="ArmorTop" value="0"/>
				<string name="Content" value="Probes.Pr_Condottieri_Rangefinder4m2V"/>
				<integer name="Country" value="5"/>
				<integer name="Elevation" value="0"/>
				<integer name="ElevationRate" value="0"/>
				<boolean name="IgnoreXMLFile" value="false"/>
				<float name="Iron" value="0.3"/>
				<float name="Money" value="10."/>
				<boolean name="New" value="true"/>
				<boolean name="Production" value="false"/>
				<integer name="RotationRate" value="15"/>
				<string name="SMU_File" value="Zara_Radar_FuMO_23_1V"/>
				<string name="Type" value="Radar"/>
				<float name="Vitality" value="30."/>
				<float name="Weight" value="0.5"/>
			</object>
			<object name="Barbiano_Rangefinder4m2V">
				<integer name="Amount" value="1"/>
				<integer name="ArmorFront" value="0"/>
				<integer name="ArmorSide" value="0"/>
				<integer name="ArmorTop" value="0"/>
				<string name="Content" value="Probes.Pr_Condottieri_Rangefinder4m2V"/>
				<integer name="Country" value="5"/>
				<integer name="Elevation" value="0"/>
				<integer name="ElevationRate" value="0"/>
				<boolean name="IgnoreXMLFile" value="false"/>
				<float name="Iron" value="0.3"/>
				<float name="Money" value="10."/>
				<boolean name="New" value="true"/>
				<boolean name="Production" value="false"/>
				<integer name="RotationRate" value="15"/>
				<string name="SMU_File" value="Zara_Radar_FuMO_23_2V"/>
				<string name="Type" value="Radar"/>
				<float name="Vitality" value="30."/>
				<float name="Weight" value="0.5"/>
			</object> 
			<object name="Soldati_Rangefinder">
				<integer name="Amount" value="1"/>
				<integer name="ArmorFront" value="0"/>
				<integer name="ArmorSide" value="0"/>
				<integer name="ArmorTop" value="0"/>
				<string name="Content" value="Probes.Pr_Bismark_RangefinderSmall"/>
				<integer name="Country" value="5"/>
				<integer name="Elevation" value="0"/>
				<integer name="ElevationRate" value="0"/>
				<boolean name="IgnoreXMLFile" value="false"/>
				<float name="Iron" value="0.3"/>
				<float name="Money" value="10."/>
				<boolean name="New" value="true"/>
				<boolean name="Production" value="false"/>
				<integer name="RotationRate" value="15"/>
				<string name="SMU_File" value="Soldati_Rangefinder"/>
				<string name="Type" value="Radar"/>
				<float name="Vitality" value="30."/>
				<float name="Weight" value="0.5"/>
			</object>
			<object name="Zara_Radar_FuMO213">
				<integer name="Country" value="5"/>
				<string name="Type" value="Radar"/>
				<string name="SMU_File" value="Zara_Radar_FuMO_23_2V"/>
				<string name="Content" value="Probes.Pr_Radar_FuMO213"/>
				<boolean name="New" value="true"/>
				<integer name="Amount" value="1"/>
				<float name="Weight" value="0.5"/>
				<integer name="Elevation" value="0"/>
				<integer name="ElevationRate" value="0"/>
				<integer name="RotationRate" value="5"/>
				<integer name="ArmorFront" value="0"/>
				<integer name="ArmorSide" value="0"/>
				<integer name="ArmorTop" value="0"/>
				<boolean name="Production" value="false"/>
				<float name="Money" value="11."/>
				<float name="Iron" value="0.2"/>
				<float name="Vitality" value="30."/>
				<boolean name="IgnoreXMLFile" value="false"/>
			</object>
			<object name="Zara_Radar_FuMOFX">
				<integer name="Country" value="5"/>
				<string name="Type" value="Radar"/>
				<string name="SMU_File" value="Zara_Rangefinder4mTypeSL_8V"/>
				<string name="Content" value="Probes.Pr_Radar_FuMOFX"/>
				<boolean name="New" value="true"/>
				<integer name="Amount" value="1"/>
				<float name="Weight" value="0.5"/>
				<integer name="Elevation" value="0"/>
				<integer name="ElevationRate" value="0"/>
				<integer name="RotationRate" value="5"/>
				<integer name="ArmorFront" value="0"/>
				<integer name="ArmorSide" value="0"/>
				<integer name="ArmorTop" value="0"/>
				<boolean name="Production" value="false"/>
				<float name="Money" value="11."/>
				<float name="Iron" value="0.2"/>
				<float name="Vitality" value="30."/>
				<boolean name="IgnoreXMLFile" value="false"/>
			</object> 
			<object name="Littorio_Radar_FuMO213">
				<integer name="Country" value="5"/>
				<string name="Type" value="Radar"/>
				<string name="SMU_File" value="Bismark_RangefinderSmall"/>
				<string name="Content" value="Probes.Pr_Radar_FuMO213"/>
				<boolean name="New" value="true"/>
				<integer name="Amount" value="1"/>
				<float name="Weight" value="0.5"/>
				<integer name="Elevation" value="0"/>
				<integer name="ElevationRate" value="0"/>
				<integer name="RotationRate" value="5"/>
				<integer name="ArmorFront" value="0"/>
				<integer name="ArmorSide" value="0"/>
				<integer name="ArmorTop" value="0"/>
				<boolean name="Production" value="false"/>
				<float name="Money" value="11."/>
				<float name="Iron" value="0.2"/>
				<float name="Vitality" value="30."/>
				<boolean name="IgnoreXMLFile" value="false"/>
			</object>
			<object name="Littorio_Radar_FuMOFX">
				<integer name="Country" value="5"/>
				<string name="Type" value="Radar"/>
				<string name="SMU_File" value="Littorio_Rangefinder4mTypeSL_8V"/>
				<string name="Content" value="Probes.Pr_Radar_FuMOFX"/>
				<boolean name="New" value="true"/>
				<integer name="Amount" value="1"/>
				<float name="Weight" value="0.5"/>
				<integer name="Elevation" value="0"/>
				<integer name="ElevationRate" value="0"/>
				<integer name="RotationRate" value="5"/>
				<integer name="ArmorFront" value="0"/>
				<integer name="ArmorSide" value="0"/>
				<integer name="ArmorTop" value="0"/>
				<boolean name="Production" value="false"/>
				<float name="Money" value="11."/>
				<float name="Iron" value="0.2"/>
				<float name="Vitality" value="30."/>
				<boolean name="IgnoreXMLFile" value="false"/>
			</object>
		</object>
		<object name="Hit_Location">
			<object name="Zara28078">
				<integer name="Country" value="5"/>
				<float name="ER" value="3.e-002"/>
				<string name="Hull" value="Std_Radar"/>
				<string name="Name" value="Radar"/>
				<string name="TypHL" value="Probe"/>
				<string name="UnitName" value="Zara2_Radar_Front"/>
			</object>
			<object name="Zara28079">
				<integer name="Country" value="5"/>
				<float name="ER" value="1."/>
				<string name="Hull" value="Std_Hull"/>
				<string name="Name" value="KDP_Base"/>
				<string name="TypHL" value="Hull"/>
				<string name="UnitName" value="Zara2_Radar_Front"/>
			</object>
			<object name="Zara28080">
				<integer name="Country" value="5"/>
				<float name="ER" value="3."/>
				<string name="Hull" value="Std_Guns"/>
				<string name="Name" value="KDP"/>
				<string name="TypHL" value="Probe"/>
				<string name="UnitName" value="Zara2_Radar_Front"/>
			</object>
			<object name="Zara28081">
				<integer name="Country" value="5"/>
				<float name="ER" value="2.e-002"/>
				<string name="Hull" value="Std_RF"/>
				<string name="Name" value="LRangefinder"/>
				<string name="TypHL" value="Probe"/>
				<string name="UnitName" value="Zara2_Radar_Front"/>
			</object>
			<object name="Zara28082">
				<integer name="Country" value="5"/>
				<float name="ER" value="2.e-002"/>
				<string name="Hull" value="Std_RF"/>
				<string name="Name" value="RRangefinder"/>
				<string name="TypHL" value="Probe"/>
				<string name="UnitName" value="Zara2_Radar_Front"/>
			</object>
			<object name="Zara28083">
				<integer name="Country" value="5"/>
				<float name="ER" value="2.e-002"/>
				<string name="Hull" value="Std_RF"/>
				<string name="Name" value="RRangefinder"/>
				<string name="TypHL" value="Probe"/>
				<string name="UnitName" value="Zara2_Radar_Top"/>
			</object>
			<object name="Zara28084">
				<integer name="Country" value="5"/>
				<float name="ER" value="3."/>
				<string name="Hull" value="Bismarck_SKDP"/>
				<string name="Name" value="KDP"/>
				<string name="TypHL" value="Probe"/>
				<string name="UnitName" value="Zara2_Radar_Top"/>
			</object>
			<object name="Zara28085">
				<integer name="Country" value="5"/>
				<float name="ER" value="2.e-002"/>
				<string name="Hull" value="Std_RF"/>
				<string name="Name" value="LRangefinder"/>
				<string name="TypHL" value="Probe"/>
				<string name="UnitName" value="Zara2_Radar_Top"/>
			</object>
			<object name="Zara28086">
				<integer name="Country" value="5"/>
				<float name="ER" value="1."/>
				<string name="Hull" value="Std_Hull"/>
				<string name="Name" value="KDP_Base"/>
				<string name="TypHL" value="Hull"/>
				<string name="UnitName" value="Zara2_Radar_Top"/>
			</object>
			<object name="Zara28087">
				<integer name="Country" value="5"/>
				<float name="ER" value="3.e-002"/>
				<string name="Hull" value="Std_Radar"/>
				<string name="Name" value="Radar"/>
				<string name="TypHL" value="Probe"/>
				<string name="UnitName" value="Zara2_Radar_Top"/>
			</object>
			<object name="Zara28093">
				<integer name="Country" value="5"/>
				<float name="ER" value="10."/>
				<string name="Hull" value="Std_Hull"/>
				<string name="Name" value="Base"/>
				<string name="TypHL" value="Hull"/>
				<string name="UnitName" value="Zara2_Rangefinder4m"/>
			</object>
			<object name="Zara28094">
				<integer name="Country" value="5"/>
				<float name="ER" value="100."/>
				<string name="Hull" value="Std_RF"/>
				<string name="Name" value="Rangefinder"/>
				<string name="TypHL" value="Probe"/>
				<string name="UnitName" value="Zara2_Rangefinder4m"/>
			</object>
			<object name="Zara28095">
				<integer name="Country" value="5"/>
				<float name="ER" value="100."/>
				<string name="Hull" value="Std_RF"/>
				<string name="Name" value="Rangefinder"/>
				<string name="TypHL" value="Probe"/>
				<string name="UnitName" value="Zara2_Rangefinder4mType_SL"/>
			</object>
			<object name="Zara8078">
				<integer name="Country" value="5"/>
				<float name="ER" value="3.e-002"/>
				<string name="Hull" value="Std_Radar"/>
				<string name="Name" value="Radar"/>
				<string name="TypHL" value="Probe"/>
				<string name="UnitName" value="Zara_Radar_FuMO_23_1V"/>
			</object>
			<object name="Zara8079">
				<integer name="Country" value="5"/>
				<float name="ER" value="1."/>
				<string name="Hull" value="Std_Hull"/>
				<string name="Name" value="KDP_Base"/>
				<string name="TypHL" value="Hull"/>
				<string name="UnitName" value="Zara_Radar_FuMO_23_1V"/>
			</object>
			<object name="Zara8080">
				<integer name="Country" value="5"/>
				<float name="ER" value="3."/>
				<string name="Hull" value="Std_Guns"/>
				<string name="Name" value="KDP"/>
				<string name="TypHL" value="Probe"/>
				<string name="UnitName" value="Zara_Radar_FuMO_23_1V"/>
			</object>
			<object name="Zara8081">
				<integer name="Country" value="5"/>
				<float name="ER" value="2.e-002"/>
				<string name="Hull" value="Std_RF"/>
				<string name="Name" value="LRangefinder"/>
				<string name="TypHL" value="Probe"/>
				<string name="UnitName" value="Zara_Radar_FuMO_23_1V"/>
			</object>
			<object name="Zara8082">
				<integer name="Country" value="5"/>
				<float name="ER" value="2.e-002"/>
				<string name="Hull" value="Std_RF"/>
				<string name="Name" value="RRangefinder"/>
				<string name="TypHL" value="Probe"/>
				<string name="UnitName" value="Zara_Radar_FuMO_23_1V"/>
			</object>
			<object name="Zara8083">
				<integer name="Country" value="5"/>
				<float name="ER" value="2.e-002"/>
				<string name="Hull" value="Std_RF"/>
				<string name="Name" value="RRangefinder"/>
				<string name="TypHL" value="Probe"/>
				<string name="UnitName" value="Zara_Radar_FuMO_23_2V"/>
			</object>
			<object name="Zara8084">
				<integer name="Country" value="5"/>
				<float name="ER" value="3."/>
				<string name="Hull" value="Bismarck_SKDP"/>
				<string name="Name" value="KDP"/>
				<string name="TypHL" value="Probe"/>
				<string name="UnitName" value="Zara_Radar_FuMO_23_2V"/>
			</object>
			<object name="Zara8085">
				<integer name="Country" value="5"/>
				<float name="ER" value="2.e-002"/>
				<string name="Hull" value="Std_RF"/>
				<string name="Name" value="LRangefinder"/>
				<string name="TypHL" value="Probe"/>
				<string name="UnitName" value="Zara_Radar_FuMO_23_2V"/>
			</object>
			<object name="Zara8086">
				<integer name="Country" value="5"/>
				<float name="ER" value="1."/>
				<string name="Hull" value="Std_Hull"/>
				<string name="Name" value="KDP_Base"/>
				<string name="TypHL" value="Hull"/>
				<string name="UnitName" value="Zara_Radar_FuMO_23_2V"/>
			</object>
			<object name="Zara8087">
				<integer name="Country" value="5"/>
				<float name="ER" value="3.e-002"/>
				<string name="Hull" value="Std_Radar"/>
				<string name="Name" value="Radar"/>
				<string name="TypHL" value="Probe"/>
				<string name="UnitName" value="Zara_Radar_FuMO_23_2V"/>
			</object>
			<object name="Zara8078">
				<integer name="Country" value="5"/>
				<float name="ER" value="3.e-002"/>
				<string name="Hull" value="Std_Radar"/>
				<string name="Name" value="Radar"/>
				<string name="TypHL" value="Probe"/>
				<string name="UnitName" value="Zara_Radar_FuMO_23_3V"/>
			</object>
			<object name="Zara8079">
				<integer name="Country" value="5"/>
				<float name="ER" value="1."/>
				<string name="Hull" value="Std_Hull"/>
				<string name="Name" value="KDP_Base"/>
				<string name="TypHL" value="Hull"/>
				<string name="UnitName" value="Zara_Radar_FuMO_23_3V"/>
			</object>
			<object name="Zara8080">
				<integer name="Country" value="5"/>
				<float name="ER" value="3."/>
				<string name="Hull" value="Std_Guns"/>
				<string name="Name" value="KDP"/>
				<string name="TypHL" value="Probe"/>
				<string name="UnitName" value="Zara_Radar_FuMO_23_3V"/>
			</object>
			<object name="Zara8081">
				<integer name="Country" value="5"/>
				<float name="ER" value="2.e-002"/>
				<string name="Hull" value="Std_RF"/>
				<string name="Name" value="LRangefinder"/>
				<string name="TypHL" value="Probe"/>
				<string name="UnitName" value="Zara_Radar_FuMO_23_3V"/>
			</object>
			<object name="Zara8082">
				<integer name="Country" value="5"/>
				<float name="ER" value="2.e-002"/>
				<string name="Hull" value="Std_RF"/>
				<string name="Name" value="RRangefinder"/>
				<string name="TypHL" value="Probe"/>
				<string name="UnitName" value="Zara_Radar_FuMO_23_3V"/>
			</object>
			<object name="Zara8093">
				<integer name="Country" value="5"/>
				<float name="ER" value="10."/>
				<string name="Hull" value="Std_Hull"/>
				<string name="Name" value="Base"/>
				<string name="TypHL" value="Hull"/>
				<string name="UnitName" value="Zara_Rangefinder4m2V"/>
			</object>
			<object name="Zara8094">
				<integer name="Country" value="5"/>
				<float name="ER" value="10."/>
				<string name="Hull" value="Std_RF"/>
				<string name="Name" value="Rangefinder"/>
				<string name="TypHL" value="Probe"/>
				<string name="UnitName" value="Zara_Rangefinder4m2V"/>
			</object>
			<object name="Zara8095">
				<integer name="Country" value="5"/>
				<float name="ER" value="10."/>
				<string name="Hull" value="Std_RF"/>
				<string name="Name" value="Rangefinder"/>
				<string name="TypHL" value="Probe"/>
				<string name="UnitName" value="Zara_Rangefinder4mTypeSL_8V"/>
			</object>
			<object name="Zara8095">
				<integer name="Country" value="5"/>
				<float name="ER" value="10."/>
				<string name="Hull" value="Std_RF"/>
				<string name="Name" value="Rangefinder"/>
				<string name="TypHL" value="Probe"/>
				<string name="UnitName" value="Zara_Rangefinder4mTypeSL_8V1"/>
			</object>
			<object name="Litt8078">
				<integer name="Country" value="5"/>
				<float name="ER" value="3.e-002"/>
				<string name="Hull" value="Std_Radar"/>
				<string name="Name" value="Radar"/>
				<string name="TypHL" value="Probe"/>
				<string name="UnitName" value="Littorio_Radar_FuMO_23_1V"/>
			</object>
			<object name="Litt8079">
				<integer name="Country" value="5"/>
				<float name="ER" value="1."/>
				<string name="Hull" value="Std_Hull"/>
				<string name="Name" value="KDP_Base"/>
				<string name="TypHL" value="Hull"/>
				<string name="UnitName" value="Littorio_Radar_FuMO_23_1V"/>
			</object>
			<object name="Litt8080">
				<integer name="Country" value="5"/>
				<float name="ER" value="3."/>
				<string name="Hull" value="Std_Guns"/>
				<string name="Name" value="KDP"/>
				<string name="TypHL" value="Probe"/>
				<string name="UnitName" value="Littorio_Radar_FuMO_23_1V"/>
			</object>
			<object name="Litt8081">
				<integer name="Country" value="5"/>
				<float name="ER" value="2.e-002"/>
				<string name="Hull" value="Std_RF"/>
				<string name="Name" value="LRangefinder"/>
				<string name="TypHL" value="Probe"/>
				<string name="UnitName" value="Littorio_Radar_FuMO_23_1V"/>
			</object>
			<object name="Litt8082">
				<integer name="Country" value="5"/>
				<float name="ER" value="2.e-002"/>
				<string name="Hull" value="Std_RF"/>
				<string name="Name" value="RRangefinder"/>
				<string name="TypHL" value="Probe"/>
				<string name="UnitName" value="Littorio_Radar_FuMO_23_1V"/>
			</object>
			<object name="Litt8093">
				<integer name="Country" value="5"/>
				<float name="ER" value="10."/>
				<string name="Hull" value="Std_Hull"/>
				<string name="Name" value="Base"/>
				<string name="TypHL" value="Hull"/>
				<string name="UnitName" value="Littorio_Rangefinder4m2V"/>
			</object>
			<object name="Litt8094">
				<integer name="Country" value="5"/>
				<float name="ER" value="10."/>
				<string name="Hull" value="Std_RF"/>
				<string name="Name" value="Rangefinder"/>
				<string name="TypHL" value="Probe"/>
				<string name="UnitName" value="Littorio_Rangefinder4m2V"/>
			</object>
			<object name="Litt8095">
				<integer name="Country" value="5"/>
				<float name="ER" value="10."/>
				<string name="Hull" value="Std_RF"/>
				<string name="Name" value="Rangefinder"/>
				<string name="TypHL" value="Probe"/>
				<string name="UnitName" value="Littorio_Rangefinder4mTypeSL_8V"/>
			</object>
			<object name="Con8095">
				<integer name="Country" value="5"/>
				<float name="ER" value="10."/>
				<string name="Hull" value="Std_RF"/>
				<string name="Name" value="Rangefinder"/>
				<string name="TypHL" value="Probe"/>
				<string name="UnitName" value="Condottieri_Rangefinder4mTypeSL"/>
			</object>
			<object name="Con8093">
				<integer name="Country" value="5"/>
				<float name="ER" value="10."/>
				<string name="Hull" value="Std_Hull"/>
				<string name="Name" value="Base"/>
				<string name="TypHL" value="Hull"/>
				<string name="UnitName" value="Condottieri_Rangefinder4m2V"/>
			</object>
			<object name="Zara8078">
				<integer name="Country" value="5"/>
				<float name="ER" value="3.e-002"/>
				<string name="Hull" value="Std_Radar"/>
				<string name="Name" value="Radar"/>
				<string name="TypHL" value="Probe"/>
				<string name="UnitName" value="Barbiano_Rangefinder4m1V"/>
			</object>
			<object name="Zara8079">
				<integer name="Country" value="5"/>
				<float name="ER" value="1."/>
				<string name="Hull" value="Std_Hull"/>
				<string name="Name" value="KDP_Base"/>
				<string name="TypHL" value="Hull"/>
				<string name="UnitName" value="Barbiano_Rangefinder4m1V"/>
			</object>
			<object name="Zara8080">
				<integer name="Country" value="5"/>
				<float name="ER" value="3."/>
				<string name="Hull" value="Std_Guns"/>
				<string name="Name" value="KDP"/>
				<string name="TypHL" value="Probe"/>
				<string name="UnitName" value="Barbiano_Rangefinder4m1V"/>
			</object>
			<object name="Zara8081">
				<integer name="Country" value="5"/>
				<float name="ER" value="2.e-002"/>
				<string name="Hull" value="Std_RF"/>
				<string name="Name" value="LRangefinder"/>
				<string name="TypHL" value="Probe"/>
				<string name="UnitName" value="Barbiano_Rangefinder4m1V"/>
			</object>
			<object name="Zara8082">
				<integer name="Country" value="5"/>
				<float name="ER" value="2.e-002"/>
				<string name="Hull" value="Std_RF"/>
				<string name="Name" value="RRangefinder"/>
				<string name="TypHL" value="Probe"/>
				<string name="UnitName" value="Barbiano_Rangefinder4m1V"/>
			</object>
			<object name="Zara8083">
				<integer name="Country" value="5"/>
				<float name="ER" value="2.e-002"/>
				<string name="Hull" value="Std_RF"/>
				<string name="Name" value="RRangefinder"/>
				<string name="TypHL" value="Probe"/>
				<string name="UnitName" value="Barbiano_Rangefinder4m2V"/>
			</object>
			<object name="Zara8084">
				<integer name="Country" value="5"/>
				<float name="ER" value="3."/>
				<string name="Hull" value="Bismarck_SKDP"/>
				<string name="Name" value="KDP"/>
				<string name="TypHL" value="Probe"/>
				<string name="UnitName" value="Barbiano_Rangefinder4m2V"/>
			</object>
			<object name="Zara8085">
				<integer name="Country" value="5"/>
				<float name="ER" value="2.e-002"/>
				<string name="Hull" value="Std_RF"/>
				<string name="Name" value="LRangefinder"/>
				<string name="TypHL" value="Probe"/>
				<string name="UnitName" value="Barbiano_Rangefinder4m2V"/>
			</object>
			<object name="Zara8086">
				<integer name="Country" value="5"/>
				<float name="ER" value="1."/>
				<string name="Hull" value="Std_Hull"/>
				<string name="Name" value="KDP_Base"/>
				<string name="TypHL" value="Hull"/>
				<string name="UnitName" value="Barbiano_Rangefinder4m2V"/>
			</object>
			<object name="Zara8087">
				<integer name="Country" value="5"/>
				<float name="ER" value="3.e-002"/>
				<string name="Hull" value="Std_Radar"/>
				<string name="Name" value="Radar"/>
				<string name="TypHL" value="Probe"/>
				<string name="UnitName" value="Barbiano_Rangefinder4m2V"/>
			</object>
			<object name="Soldati8194">
				<integer name="Country" value="5"/>
				<float name="ER" value="1."/>
				<string name="Hull" value="Std_Guns"/>
				<string name="Name" value="KDP"/>
				<string name="TypHL" value="Probe"/>
				<string name="UnitName" value="Soldati_Rangefinder"/>
			</object> 
			<object name="ZaraF8078">
				<integer name="Country" value="5"/>
				<float name="ER" value="3.e-002"/>
				<string name="Hull" value="Std_Radar"/>
				<string name="Name" value="Radar"/>
				<string name="TypHL" value="Probe"/>
				<string name="UnitName" value="Zara_Radar_FuMO213"/>
			</object>
			<object name="ZaraF8079">
				<integer name="Country" value="5"/>
				<float name="ER" value="1."/>
				<string name="Hull" value="Std_Hull"/>
				<string name="Name" value="KDP_Base"/>
				<string name="TypHL" value="Hull"/>
				<string name="UnitName" value="Zara_Radar_FuMO213"/>
			</object>
			<object name="ZaraF8080">
				<integer name="Country" value="5"/>
				<float name="ER" value="3."/>
				<string name="Hull" value="Std_Guns"/>
				<string name="Name" value="KDP"/>
				<string name="TypHL" value="Probe"/>
				<string name="UnitName" value="Zara_Radar_FuMO213"/>
			</object>
			<object name="ZaraF8081">
				<integer name="Country" value="5"/>
				<float name="ER" value="2.e-002"/>
				<string name="Hull" value="Std_RF"/>
				<string name="Name" value="LRangefinder"/>
				<string name="TypHL" value="Probe"/>
				<string name="UnitName" value="Zara_Radar_FuMO213"/>
			</object>
			<object name="ZaraF8082">
				<integer name="Country" value="5"/>
				<float name="ER" value="2.e-002"/>
				<string name="Hull" value="Std_RF"/>
				<string name="Name" value="RRangefinder"/>
				<string name="TypHL" value="Probe"/>
				<string name="UnitName" value="Zara_Radar_FuMO213"/>
			</object> 
			<object name="ZaraF8095">
				<integer name="Country" value="5"/>
				<float name="ER" value="10."/>
				<string name="Hull" value="Std_RF"/>
				<string name="Name" value="Rangefinder"/>
				<string name="TypHL" value="Probe"/>
				<string name="UnitName" value="Zara_Radar_FuMOFX"/>
			</object>  
			<object name="Litto8078">
				<integer name="Country" value="5"/>
				<float name="ER" value="3.e-002"/>
				<string name="Hull" value="Std_Radar"/>
				<string name="Name" value="Radar"/>
				<string name="TypHL" value="Probe"/>
				<string name="UnitName" value="Littorio_Radar_FuMO213"/>
			</object>
			<object name="Litto8079">
				<integer name="Country" value="5"/>
				<float name="ER" value="1."/>
				<string name="Hull" value="Std_Hull"/>
				<string name="Name" value="KDP_Base"/>
				<string name="TypHL" value="Hull"/>
				<string name="UnitName" value="Littorio_Radar_FuMO213"/>
			</object>
			<object name="Litto8080">
				<integer name="Country" value="5"/>
				<float name="ER" value="3."/>
				<string name="Hull" value="Std_Guns"/>
				<string name="Name" value="KDP"/>
				<string name="TypHL" value="Probe"/>
				<string name="UnitName" value="Littorio_Radar_FuMO213"/>
			</object>
			<object name="Litto8081">
				<integer name="Country" value="5"/>
				<float name="ER" value="2.e-002"/>
				<string name="Hull" value="Std_RF"/>
				<string name="Name" value="LRangefinder"/>
				<string name="TypHL" value="Probe"/>
				<string name="UnitName" value="Littorio_Radar_FuMO213"/>
			</object>
			<object name="Litto8082">
				<integer name="Country" value="5"/>
				<float name="ER" value="2.e-002"/>
				<string name="Hull" value="Std_RF"/>
				<string name="Name" value="RRangefinder"/>
				<string name="TypHL" value="Probe"/>
				<string name="UnitName" value="Littorio_Radar_FuMO213"/>
			</object> 
			<object name="Litto8095">
				<integer name="Country" value="5"/>
				<float name="ER" value="10."/>
				<string name="Hull" value="Std_RF"/>
				<string name="Name" value="Rangefinder"/>
				<string name="TypHL" value="Probe"/>
				<string name="UnitName" value="Littorio_Radar_FuMOFX"/>
			</object>
		</object>
	</object>
</root>
