﻿<?xml version="1.0" standalone="yes" ?>
<root>
	<object name="Modifications">
		<object name="SubUnits">
			<object name="Zara_Radar_FuMO_23_1V"/>
			<object name="Zara_Radar_FuMO_23_2V"/>
			<object name="Zara_Radar_FuMO_23_3V"/>
			<object name="Zara_Rangefinder4m2V"/>
			<object name="Zara_Rangefinder4mTypeSL_8V"/>
			<object name="Zara_Rangefinder4mTypeSL_8V1"/>
			<object name="Littorio_Radar_FuMO_23_1V"/>
			<object name="Littorio_Rangefinder4m2V"/>
			<object name="Littorio_Rangefinder4mTypeSL_8V"/>
			<object name="Condottieri_Rangefinder4mTypeSL"/>
			<object name="Condottieri_Rangefinder4m2V"/>
			<object name="Barbiano_Rangefinder4m1V"/>
			<object name="Barbiano_Rangefinder4m2V"/>	  
			<object name="Soldati_Rangefinder"/> 
			<object name="Zara_Radar_FuMO213"/>	  
			<object name="Zara_Radar_FuMOFX"/> 
			<object name="Littorio_Radar_FuMO213"/>	  
			<object name="Littorio_Radar_FuMOFX"/>
			<object name="Zara2_Radar_Front"/>	  
			<object name="Zara2_Radar_Top"/> 
			<object name="Zara2_Rangefinder4m"/>	  
			<object name="Zara2_Rangefinder4mType_SL"/>
		</object>
	</object>
</root>
