﻿<?xml version = "1.0" encoding = "UTF-8"?>
<root>
	<object name = "SteelMonstersParams">
		<object name="Ships">
			<object name="Tone">
				<float name="AccelRate" value="3.e-004"/>
				<string name="Airgroup" value="Scout_Floatplane_Cruiser_Division_2_4_japan"/>
				<integer name="AirplanesCount" value="8"/>
				<string name="AmmoLoadingTemplate" value="Ammo 120"/>
				<boolean name="BoatsTransportationAbility" value="false"/>
				<integer name="CabinArmor" value="100"/>
				<boolean name="CanBeChanged" value="true"/>
				<boolean name="CanUseTorpedos" value="true"/>
				<string name="CatapultAirgroupDefaultUnit" value="F1M"/>
				<integer name="Country" value="2"/>
				<integer name="Crew" value="850"/>
				<float name="CriticalCareen" value="34."/>
				<float name="CriticalDFT" value="0.8"/>
				<float name="CriticalDifferent" value="2.1"/>
				<float name="DTimeProd" value="120."/>
				<float name="DisplacementMax" value="15443."/>
				<float name="EPR" value="310."/>
				<float name="FireRisk" value="1333."/>
				<float name="Fuel" value="2163."/>
				<float name="HLShapeCoef" value="0.57"/>
				<integer name="HullArmorSide" value="100"/>
				<integer name="HullArmorTop" value="75"/>
				<float name="Iron" value="18000."/>
				<integer name="Length" value="201.5"/>
				<float name="MaxSpeed" value="35."/>
				<integer name="MinCrew" value="382"/>
				<float name="Money" value="20000."/>
				<float name="NTimeProd" value="300."/>
				<string name="Name" value="Tone"/>
				<boolean name="New" value="false"/>
				<integer name="Nuc_Dest_Prob" value="400"/>
				<integer name="Passengers" value="50"/>
				<boolean name="PlanesTransportationAbility" value="false"/>
				<float name="Range" value="13890."/>
				<integer name="Rank" value="2"/>
				<string name="SMU" value="Tone"/>
				<float name="Speed" value="14."/>
				<float name="StoreCapacity" value="700."/>
				<boolean name="Transportable" value="false"/>
				<float name="TurnRate" value="1.5e-003"/>
				<integer name="Type" value="2"/>
				<float name="Vitality" value="7000."/>
				<float name="VitalityAA" value="1200."/>
				<float name="Weight" value="11394."/>
				<integer name="Width" value="18.5"/>
				<integer name="Year" value="39"/>
			</object>
		</object>
		<object name="Hit_Location">
			<object name="Tone401">
				<integer name="Country" value="2"/>
				<integer name="Crew" value="0"/>
				<float name="ER" value="300."/>
				<string name="Hull" value="Tone_SternCabin"/>
				<string name="Name" value="SternCabin"/>
				<float name="Param_1" value="0."/>
				<string name="TypHL" value="Hull"/>
				<string name="UnitName" value="Tone"/>
			</object>
			<object name="Tone402">
				<integer name="Country" value="2"/>
				<integer name="Crew" value="0"/>
				<float name="ER" value="300."/>
				<string name="Hull" value="Tone_BowCabin"/>
				<string name="Name" value="BowCabin"/>
				<float name="Param_1" value="0."/>
				<string name="TypHL" value="Hull"/>
				<string name="UnitName" value="Tone"/>
			</object>
			<object name="Tone403">
				<integer name="Country" value="2"/>
				<integer name="Crew" value="400"/>
				<float name="ER" value="300."/>
				<string name="Hull" value="Tone_AAProbe"/>
				<string name="Name" value="Probe_AA_Stern"/>
				<float name="Param_1" value="0."/>
				<string name="TypHL" value="Crew"/>
				<string name="UnitName" value="Tone"/>
			</object>
			<object name="Tone404">
				<integer name="Country" value="2"/>
				<integer name="Crew" value="0"/>
				<float name="ER" value="300."/>
				<string name="Hull" value="Tone_TProbe"/>
				<string name="Name" value="Probe_Torpedo"/>
				<float name="Param_1" value="0."/>
				<string name="TypHL" value="Probe"/>
				<string name="UnitName" value="Tone"/>
			</object>
			<object name="Tone405">
				<integer name="Country" value="2"/>
				<integer name="Crew" value="0"/>
				<float name="ER" value="300."/>
				<string name="Hull" value="Tone_BowCabin"/>
				<string name="Name" value="ConningBridge"/>
				<float name="Param_1" value="0."/>
				<string name="TypHL" value="Hull"/>
				<string name="UnitName" value="Tone"/>
			</object>
			<object name="Tone406">
				<integer name="Country" value="2"/>
				<integer name="Crew" value="0"/>
				<float name="ER" value="300."/>
				<string name="Hull" value="Tone_BattleCabin"/>
				<string name="Name" value="BattleCabin"/>
				<float name="Param_1" value="0."/>
				<string name="TypHL" value="Hull"/>
				<string name="UnitName" value="Tone"/>
			</object>
			<object name="Tone407">
				<integer name="Country" value="2"/>
				<integer name="Crew" value="0"/>
				<float name="ER" value="300."/>
				<string name="Hull" value="Tone_AAProbe"/>
				<string name="Name" value="Probe_AA_Bow"/>
				<float name="Param_1" value="0."/>
				<string name="TypHL" value="Probe"/>
				<string name="UnitName" value="Tone"/>
			</object>
			<object name="Tone408">
				<integer name="Country" value="2"/>
				<integer name="Crew" value="0"/>
				<float name="ER" value="300."/>
				<string name="Hull" value="Tone_Probe"/>
				<string name="Name" value="Probe_Radio"/>
				<float name="Param_1" value="0."/>
				<string name="TypHL" value="Probe"/>
				<string name="UnitName" value="Tone"/>
			</object>
			<object name="Tone409">
				<integer name="Country" value="2"/>
				<integer name="Crew" value="0"/>
				<float name="ER" value="300."/>
				<string name="Hull" value="Tone_Probe"/>
				<string name="Name" value="Probe_Radar"/>
				<float name="Param_1" value="0."/>
				<string name="TypHL" value="Probe"/>
				<string name="UnitName" value="Tone"/>
			</object>
			<object name="Tone410">
				<integer name="Country" value="2"/>
				<integer name="Crew" value="0"/>
				<float name="ER" value="300."/>
				<string name="Hull" value="Tone_Bow_Bottom"/>
				<string name="Name" value="Bow1_Bottom"/>
				<float name="Param_1" value="0."/>
				<string name="TypHL" value="Hull"/>
				<string name="UnitName" value="Tone"/>
			</object>
			<object name="Tone411">
				<integer name="Country" value="2"/>
				<integer name="Crew" value="0"/>
				<float name="ER" value="300."/>
				<string name="Hull" value="Tone_Bow_Deck"/>
				<string name="Name" value="Bow1_Deck"/>
				<float name="Param_1" value="0."/>
				<string name="TypHL" value="Hull"/>
				<string name="UnitName" value="Tone"/>
			</object>
			<object name="Tone412">
				<integer name="Country" value="2"/>
				<integer name="Crew" value="0"/>
				<float name="ER" value="300."/>
				<string name="Hull" value="Tone_MG_LBelt_Upper"/>
				<string name="Name" value="Bow2_LBelt_Upper"/>
				<float name="Param_1" value="0."/>
				<string name="TypHL" value="Hull"/>
				<string name="UnitName" value="Tone"/>
			</object>
			<object name="Tone413">
				<integer name="Country" value="2"/>
				<integer name="Crew" value="0"/>
				<float name="ER" value="300."/>
				<string name="Hull" value="Tone_MG_LowerDeck"/>
				<string name="Name" value="Bow2_LowerDeck"/>
				<float name="Param_1" value="0."/>
				<string name="TypHL" value="Hull"/>
				<string name="UnitName" value="Tone"/>
			</object>
			<object name="Tone414">
				<integer name="Country" value="2"/>
				<integer name="Crew" value="0"/>
				<float name="ER" value="300."/>
				<string name="Hull" value="Tone_MG_LBelt_Lower"/>
				<string name="Name" value="Bow2_LBelt_Lower"/>
				<float name="Param_1" value="0."/>
				<string name="TypHL" value="Hull"/>
				<string name="UnitName" value="Tone"/>
			</object>
			<object name="Tone415">
				<integer name="Country" value="2"/>
				<integer name="Crew" value="0"/>
				<float name="ER" value="300."/>
				<string name="Hull" value="Tone_RBoard"/>
				<string name="Name" value="Bow2_RBoard"/>
				<float name="Param_1" value="0."/>
				<string name="TypHL" value="Hull"/>
				<string name="UnitName" value="Tone"/>
			</object>
			<object name="Tone416">
				<integer name="Country" value="2"/>
				<integer name="Crew" value="0"/>
				<float name="ER" value="300."/>
				<string name="Hull" value="Tone_MG_RBelt_Upper"/>
				<string name="Name" value="Bow2_RBelt_Upper"/>
				<float name="Param_1" value="0."/>
				<string name="TypHL" value="Hull"/>
				<string name="UnitName" value="Tone"/>
			</object>
			<object name="Tone417">
				<integer name="Country" value="2"/>
				<integer name="Crew" value="0"/>
				<float name="ER" value="300."/>
				<string name="Hull" value="Tone_MG_RBelt_Lower"/>
				<string name="Name" value="Bow2_RBelt_Lower"/>
				<float name="Param_1" value="0."/>
				<string name="TypHL" value="Hull"/>
				<string name="UnitName" value="Tone"/>
			</object>
			<object name="Tone418">
				<integer name="Country" value="2"/>
				<integer name="Crew" value="0"/>
				<float name="ER" value="300."/>
				<string name="Hull" value="Tone_LBoard"/>
				<string name="Name" value="Bow2_LBoard"/>
				<float name="Param_1" value="0."/>
				<string name="TypHL" value="Hull"/>
				<string name="UnitName" value="Tone"/>
			</object>
			<object name="Tone419">
				<integer name="Country" value="2"/>
				<integer name="Crew" value="0"/>
				<float name="ER" value="300."/>
				<string name="Hull" value="Tone_MG_UpperDeck"/>
				<string name="Name" value="Bow2_UpperDeck"/>
				<float name="Param_1" value="0."/>
				<string name="TypHL" value="Hull"/>
				<string name="UnitName" value="Tone"/>
			</object>
			<object name="Tone420">
				<integer name="Country" value="2"/>
				<integer name="Crew" value="0"/>
				<float name="ER" value="300."/>
				<string name="Hull" value="Tone_BarbetType2"/>
				<string name="Name" value="Bow2_Barbet3"/>
				<string name="TypHL" value="AmmoStore"/>
				<string name="UnitName" value="Tone"/>
			</object>
			<object name="Tone421">
				<integer name="Country" value="2"/>
				<integer name="Crew" value="0"/>
				<float name="ER" value="300."/>
				<string name="Hull" value="Tone_BarbetType1"/>
				<string name="Name" value="Bow2_Barbet2"/>
				<string name="TypHL" value="AmmoStore"/>
				<string name="UnitName" value="Tone"/>
			</object>
			<object name="Tone422">
				<integer name="Country" value="2"/>
				<integer name="Crew" value="0"/>
				<float name="ER" value="300."/>
				<string name="Hull" value="Tone_BarbetType1"/>
				<string name="Name" value="Bow2_Barbet1"/>
				<string name="TypHL" value="AmmoStore"/>
				<string name="UnitName" value="Tone"/>
			</object>
			<object name="Tone424">
				<integer name="Country" value="2"/>
				<integer name="Crew" value="0"/>
				<float name="ER" value="300."/>
				<string name="Hull" value="Tone_MGProbe"/>
				<string name="Name" value="Probe_MG"/>
				<float name="Param_1" value="0."/>
				<string name="TypHL" value="Probe"/>
				<string name="UnitName" value="Tone"/>
			</object>
			<object name="Tone425">
				<integer name="Country" value="2"/>
				<integer name="Crew" value="0"/>
				<float name="ER" value="300."/>
				<string name="Hull" value="Tone_KO_Std"/>
				<string name="Name" value="Middle1_RBoiler2_Cover"/>
				<float name="Param_1" value="0."/>
				<string name="TypHL" value="Hull"/>
				<string name="UnitName" value="Tone"/>
			</object>
			<object name="Tone426">
				<integer name="Country" value="2"/>
				<integer name="Crew" value="0"/>
				<float name="ER" value="300."/>
				<string name="Hull" value="Tone_KO_Small"/>
				<string name="Name" value="Middle1_SBoiler_Cover"/>
				<float name="Param_1" value="0."/>
				<string name="TypHL" value="Hull"/>
				<string name="UnitName" value="Tone"/>
			</object>
			<object name="Tone427">
				<integer name="Country" value="2"/>
				<integer name="Crew" value="0"/>
				<float name="ER" value="300."/>
				<string name="Hull" value="Tone_KO_Std"/>
				<string name="Name" value="Middle1_LBoiler1_Cover"/>
				<float name="Param_1" value="0."/>
				<string name="TypHL" value="Hull"/>
				<string name="UnitName" value="Tone"/>
			</object>
			<object name="Tone428">
				<integer name="Country" value="2"/>
				<integer name="Crew" value="0"/>
				<float name="ER" value="300."/>
				<string name="Hull" value="Tone_KO_Std"/>
				<string name="Name" value="Middle1_LBoiler2_Cover"/>
				<float name="Param_1" value="0."/>
				<string name="TypHL" value="Hull"/>
				<string name="UnitName" value="Tone"/>
			</object>
			<object name="Tone429">
				<integer name="Country" value="2"/>
				<integer name="Crew" value="0"/>
				<float name="ER" value="300."/>
				<string name="Hull" value="Tone_KO_Std"/>
				<string name="Name" value="Middle1_RBoiler1_Cover"/>
				<float name="Param_1" value="0."/>
				<string name="TypHL" value="Hull"/>
				<string name="UnitName" value="Tone"/>
			</object>
			<object name="Tone430">
				<integer name="Country" value="2"/>
				<integer name="Crew" value="0"/>
				<float name="ER" value="300."/>
				<string name="Hull" value="Tone_MO_RBelt_Lower"/>
				<string name="Name" value="Middle1_RBelt_Lower"/>
				<float name="Param_1" value="0."/>
				<string name="TypHL" value="Hull"/>
				<string name="UnitName" value="Tone"/>
			</object>
			<object name="Tone431">
				<integer name="Country" value="2"/>
				<integer name="Crew" value="0"/>
				<float name="ER" value="300."/>
				<string name="Hull" value="Tone_MO_RBelt_Upper"/>
				<string name="Name" value="Middle1_RBelt_Upper"/>
				<float name="Param_1" value="0."/>
				<string name="TypHL" value="Hull"/>
				<string name="UnitName" value="Tone"/>
			</object>
			<object name="Tone432">
				<integer name="Country" value="2"/>
				<integer name="Crew" value="0"/>
				<float name="ER" value="300."/>
				<string name="Hull" value="Tone_RBoard"/>
				<string name="Name" value="Middle1_RBoard"/>
				<float name="Param_1" value="0."/>
				<string name="TypHL" value="Hull"/>
				<string name="UnitName" value="Tone"/>
			</object>
			<object name="Tone433">
				<integer name="Country" value="2"/>
				<integer name="Crew" value="0"/>
				<float name="ER" value="300."/>
				<string name="Hull" value="Tone_MO_LBelt_Lower"/>
				<string name="Name" value="Middle1_LBelt_Lower"/>
				<float name="Param_1" value="0."/>
				<string name="TypHL" value="Hull"/>
				<string name="UnitName" value="Tone"/>
			</object>
			<object name="Tone434">
				<integer name="Country" value="2"/>
				<integer name="Crew" value="0"/>
				<float name="ER" value="300."/>
				<string name="Hull" value="Tone_MO_LBelt_Upper"/>
				<string name="Name" value="Middle1_LBelt_Upper"/>
				<float name="Param_1" value="0."/>
				<string name="TypHL" value="Hull"/>
				<string name="UnitName" value="Tone"/>
			</object>
			<object name="Tone435">
				<integer name="Country" value="2"/>
				<integer name="Crew" value="0"/>
				<float name="ER" value="300."/>
				<string name="Hull" value="Tone_LBoard"/>
				<string name="Name" value="Middle1_LBoard"/>
				<float name="Param_1" value="0."/>
				<string name="TypHL" value="Hull"/>
				<string name="UnitName" value="Tone"/>
			</object>
			<object name="Tone436">
				<integer name="Country" value="2"/>
				<integer name="Crew" value="0"/>
				<float name="ER" value="300."/>
				<string name="Hull" value="Tone_MO_MiddleDeck"/>
				<string name="Name" value="Middle1_MiddleDeck"/>
				<float name="Param_1" value="0."/>
				<string name="TypHL" value="Hull"/>
				<string name="UnitName" value="Tone"/>
			</object>
			<object name="Tone437">
				<integer name="Country" value="2"/>
				<integer name="Crew" value="0"/>
				<float name="ER" value="300."/>
				<string name="Hull" value="Tone_MO_UpperDeck"/>
				<string name="Name" value="Middle1_UpperDeck"/>
				<float name="Param_1" value="0."/>
				<string name="TypHL" value="Hull"/>
				<string name="UnitName" value="Tone"/>
			</object>
			<object name="Tone438">
				<integer name="Country" value="2"/>
				<integer name="Crew" value="0"/>
				<float name="ER" value="300."/>
				<string name="Hull" value="Tone_LAMP"/>
				<string name="Name" value="Middle1_LAMP"/>
				<float name="Param_1" value="275."/>
				<string name="TypHL" value="FuelTank"/>
				<string name="UnitName" value="Tone"/>
			</object>
			<object name="Tone439">
				<integer name="Country" value="2"/>
				<integer name="Crew" value="0"/>
				<float name="ER" value="300."/>
				<string name="Hull" value="Tone_RAMP"/>
				<string name="Name" value="Middle1_RAMP"/>
				<float name="Param_1" value="275."/>
				<string name="TypHL" value="FuelTank"/>
				<string name="UnitName" value="Tone"/>
			</object>
			<object name="Tone441">
				<integer name="Country" value="2"/>
				<integer name="Crew" value="0"/>
				<float name="ER" value="300."/>
				<string name="Hull" value="Std_Boiler"/>
				<string name="Name" value="Middle1_RBoiler2"/>
				<float name="Param_1" value="0."/>
				<string name="TypHL" value="Boiler"/>
				<string name="UnitName" value="Tone"/>
			</object>
			<object name="Tone442">
				<integer name="Country" value="2"/>
				<integer name="Crew" value="0"/>
				<float name="ER" value="300."/>
				<string name="Hull" value="Std_Boiler"/>
				<string name="Name" value="Middle1_SBoiler2"/>
				<float name="Param_1" value="0."/>
				<string name="TypHL" value="Boiler"/>
				<string name="UnitName" value="Tone"/>
			</object>
			<object name="Tone443">
				<integer name="Country" value="2"/>
				<integer name="Crew" value="0"/>
				<float name="ER" value="300."/>
				<string name="Hull" value="Std_Boiler"/>
				<string name="Name" value="Middle1_SBoiler1"/>
				<float name="Param_1" value="0."/>
				<string name="TypHL" value="Boiler"/>
				<string name="UnitName" value="Tone"/>
			</object>
			<object name="Tone444">
				<integer name="Country" value="2"/>
				<integer name="Crew" value="0"/>
				<float name="ER" value="300."/>
				<string name="Hull" value="Std_Boiler"/>
				<string name="Name" value="Middle1_LBoiler1"/>
				<float name="Param_1" value="0."/>
				<string name="TypHL" value="Boiler"/>
				<string name="UnitName" value="Tone"/>
			</object>
			<object name="Tone445">
				<integer name="Country" value="2"/>
				<integer name="Crew" value="0"/>
				<float name="ER" value="300."/>
				<string name="Hull" value="Std_Boiler"/>
				<string name="Name" value="Middle1_LBoiler2"/>
				<float name="Param_1" value="0."/>
				<string name="TypHL" value="Boiler"/>
				<string name="UnitName" value="Tone"/>
			</object>
			<object name="Tone446">
				<integer name="Country" value="2"/>
				<integer name="Crew" value="0"/>
				<float name="ER" value="300."/>
				<string name="Hull" value="Std_Boiler"/>
				<string name="Name" value="Middle1_RBoiler1"/>
				<float name="Param_1" value="0."/>
				<string name="TypHL" value="Boiler"/>
				<string name="UnitName" value="Tone"/>
			</object>
			<object name="Tone447">
				<integer name="Country" value="2"/>
				<integer name="Crew" value="0"/>
				<float name="ER" value="300."/>
				<string name="Hull" value="Tone_MO_LBelt_Upper"/>
				<string name="Name" value="Middle2_LBelt_Upper"/>
				<float name="Param_1" value="0."/>
				<string name="TypHL" value="Hull"/>
				<string name="UnitName" value="Tone"/>
			</object>
			<object name="Tone448">
				<integer name="Country" value="2"/>
				<integer name="Crew" value="0"/>
				<float name="ER" value="300."/>
				<string name="Hull" value="Tone_MO_LBelt_Lower"/>
				<string name="Name" value="Middle2_LBelt_Lower"/>
				<float name="Param_1" value="0."/>
				<string name="TypHL" value="Hull"/>
				<string name="UnitName" value="Tone"/>
			</object>
			<object name="Tone449">
				<integer name="Country" value="2"/>
				<integer name="Crew" value="0"/>
				<float name="ER" value="300."/>
				<string name="Hull" value="Tone_LBoard"/>
				<string name="Name" value="Middle2_LBoard"/>
				<float name="Param_1" value="0."/>
				<string name="TypHL" value="Hull"/>
				<string name="UnitName" value="Tone"/>
			</object>
			<object name="Tone450">
				<integer name="Country" value="2"/>
				<integer name="Crew" value="0"/>
				<float name="ER" value="300."/>
				<string name="Hull" value="Tone_KO_Std"/>
				<string name="Name" value="Middle2_LBoiler1_Cover"/>
				<float name="Param_1" value="0."/>
				<string name="TypHL" value="Hull"/>
				<string name="UnitName" value="Tone"/>
			</object>
			<object name="Tone451">
				<integer name="Country" value="2"/>
				<integer name="Crew" value="0"/>
				<float name="ER" value="300."/>
				<string name="Hull" value="Tone_KO_Std"/>
				<string name="Name" value="Middle2_RBoiler1_Cover"/>
				<float name="Param_1" value="0."/>
				<string name="TypHL" value="Hull"/>
				<string name="UnitName" value="Tone"/>
			</object>
			<object name="Tone452">
				<integer name="Country" value="2"/>
				<integer name="Crew" value="0"/>
				<float name="ER" value="300."/>
				<string name="Hull" value="Tone_KO_Std"/>
				<string name="Name" value="Middle2_LBoiler2_Cover"/>
				<float name="Param_1" value="0."/>
				<string name="TypHL" value="Hull"/>
				<string name="UnitName" value="Tone"/>
			</object>
			<object name="Tone453">
				<integer name="Country" value="2"/>
				<integer name="Crew" value="0"/>
				<float name="ER" value="300."/>
				<string name="Hull" value="Tone_KO_Std"/>
				<string name="Name" value="Middle2_RBoiler2_Cover"/>
				<float name="Param_1" value="0."/>
				<string name="TypHL" value="Hull"/>
				<string name="UnitName" value="Tone"/>
			</object>
			<object name="Tone454">
				<integer name="Country" value="2"/>
				<integer name="Crew" value="0"/>
				<float name="ER" value="300."/>
				<string name="Hull" value="Tone_MO_RBelt_Lower"/>
				<string name="Name" value="Middle2_RBelt_Lower"/>
				<float name="Param_1" value="0."/>
				<string name="TypHL" value="Hull"/>
				<string name="UnitName" value="Tone"/>
			</object>
			<object name="Tone455">
				<integer name="Country" value="2"/>
				<integer name="Crew" value="0"/>
				<float name="ER" value="300."/>
				<string name="Hull" value="Tone_MO_RBelt_Upper"/>
				<string name="Name" value="Middle2_RBelt_Upper"/>
				<float name="Param_1" value="0."/>
				<string name="TypHL" value="Hull"/>
				<string name="UnitName" value="Tone"/>
			</object>
			<object name="Tone456">
				<integer name="Country" value="2"/>
				<integer name="Crew" value="0"/>
				<float name="ER" value="300."/>
				<string name="Hull" value="Tone_MO_MiddleDeck"/>
				<string name="Name" value="Middle2_MiddleDeck"/>
				<float name="Param_1" value="0."/>
				<string name="TypHL" value="Hull"/>
				<string name="UnitName" value="Tone"/>
			</object>
			<object name="Tone457">
				<integer name="Country" value="2"/>
				<integer name="Crew" value="0"/>
				<float name="ER" value="300."/>
				<string name="Hull" value="Tone_RBoard"/>
				<string name="Name" value="Middle2_RBoard"/>
				<float name="Param_1" value="0."/>
				<string name="TypHL" value="Hull"/>
				<string name="UnitName" value="Tone"/>
			</object>
			<object name="Tone458">
				<integer name="Country" value="2"/>
				<integer name="Crew" value="0"/>
				<float name="ER" value="300."/>
				<string name="Hull" value="Tone_MO_UpperDeck"/>
				<string name="Name" value="Middle2_UpperDeck"/>
				<float name="Param_1" value="0."/>
				<string name="TypHL" value="Hull"/>
				<string name="UnitName" value="Tone"/>
			</object>
			<object name="Tone459">
				<integer name="Country" value="2"/>
				<integer name="Crew" value="0"/>
				<float name="ER" value="300."/>
				<string name="Hull" value="Tone_LAMP"/>
				<string name="Name" value="Middle2_LAMP"/>
				<float name="Param_1" value="275."/>
				<string name="TypHL" value="FuelTank"/>
				<string name="UnitName" value="Tone"/>
			</object>
			<object name="Tone460">
				<integer name="Country" value="2"/>
				<integer name="Crew" value="0"/>
				<float name="ER" value="300."/>
				<string name="Hull" value="Tone_RAMP"/>
				<string name="Name" value="Middle2_RAMP"/>
				<float name="Param_1" value="275."/>
				<string name="TypHL" value="FuelTank"/>
				<string name="UnitName" value="Tone"/>
			</object>
			<object name="Tone461">
				<integer name="Country" value="2"/>
				<integer name="Crew" value="0"/>
				<float name="ER" value="300."/>
				<string name="Hull" value="Std_Boiler"/>
				<string name="Name" value="Middle2_LBoiler1"/>
				<float name="Param_1" value="0."/>
				<string name="TypHL" value="Boiler"/>
				<string name="UnitName" value="Tone"/>
			</object>
			<object name="Tone462">
				<integer name="Country" value="2"/>
				<integer name="Crew" value="0"/>
				<float name="ER" value="300."/>
				<string name="Hull" value="Std_Boiler"/>
				<string name="Name" value="Middle2_RBoiler1"/>
				<float name="Param_1" value="0."/>
				<string name="TypHL" value="Boiler"/>
				<string name="UnitName" value="Tone"/>
			</object>
			<object name="Tone463">
				<integer name="Country" value="2"/>
				<integer name="Crew" value="0"/>
				<float name="ER" value="300."/>
				<string name="Hull" value="Std_Boiler"/>
				<string name="Name" value="Middle2_LBoiler2"/>
				<float name="Param_1" value="0."/>
				<string name="TypHL" value="Boiler"/>
				<string name="UnitName" value="Tone"/>
			</object>
			<object name="Tone464">
				<integer name="Country" value="2"/>
				<integer name="Crew" value="0"/>
				<float name="ER" value="300."/>
				<string name="Hull" value="Std_Boiler"/>
				<string name="Name" value="Middle2_RBoiler2"/>
				<float name="Param_1" value="0."/>
				<string name="TypHL" value="Boiler"/>
				<string name="UnitName" value="Tone"/>
			</object>
			<object name="Tone465">
				<integer name="Country" value="2"/>
				<integer name="Crew" value="0"/>
				<float name="ER" value="300."/>
				<string name="Hull" value="Tone_AAAmmoStore"/>
				<string name="Name" value="AmmoStore_RSG"/>
				<string name="TypHL" value="AmmoStore"/>
				<string name="UnitName" value="Tone"/>
			</object>
			<object name="Tone466">
				<integer name="Country" value="2"/>
				<integer name="Crew" value="0"/>
				<float name="ER" value="300."/>
				<string name="Hull" value="Tone_AAAmmoStore"/>
				<string name="Name" value="AmmoStore_LSG"/>
				<string name="TypHL" value="AmmoStore"/>
				<string name="UnitName" value="Tone"/>
			</object>
			<object name="Tone467">
				<integer name="Country" value="2"/>
				<integer name="Crew" value="0"/>
				<float name="ER" value="300."/>
				<string name="Hull" value="Tone_EO"/>
				<string name="Name" value="Middle3_LEngine_Cover"/>
				<float name="Param_1" value="0."/>
				<string name="TypHL" value="Hull"/>
				<string name="UnitName" value="Tone"/>
			</object>
			<object name="Tone468">
				<integer name="Country" value="2"/>
				<integer name="Crew" value="0"/>
				<float name="ER" value="300."/>
				<string name="Hull" value="Tone_MO_LBelt_Lower"/>
				<string name="Name" value="Middle3_LBelt_Lower"/>
				<float name="Param_1" value="0."/>
				<string name="TypHL" value="Hull"/>
				<string name="UnitName" value="Tone"/>
			</object>
			<object name="Tone469">
				<integer name="Country" value="2"/>
				<integer name="Crew" value="0"/>
				<float name="ER" value="300."/>
				<string name="Hull" value="Tone_MO_LBelt_Upper"/>
				<string name="Name" value="Middle3_LBelt_Upper"/>
				<float name="Param_1" value="0."/>
				<string name="TypHL" value="Hull"/>
				<string name="UnitName" value="Tone"/>
			</object>
			<object name="Tone470">
				<integer name="Country" value="2"/>
				<integer name="Crew" value="0"/>
				<float name="ER" value="300."/>
				<string name="Hull" value="Tone_LBoard"/>
				<string name="Name" value="Middle3_LBoard"/>
				<float name="Param_1" value="0."/>
				<string name="TypHL" value="Hull"/>
				<string name="UnitName" value="Tone"/>
			</object>
			<object name="Tone471">
				<integer name="Country" value="2"/>
				<integer name="Crew" value="0"/>
				<float name="ER" value="300."/>
				<string name="Hull" value="Tone_EO"/>
				<string name="Name" value="Middle3_REngine_Cover"/>
				<float name="Param_1" value="0."/>
				<string name="TypHL" value="Hull"/>
				<string name="UnitName" value="Tone"/>
			</object>
			<object name="Tone472">
				<integer name="Country" value="2"/>
				<integer name="Crew" value="0"/>
				<float name="ER" value="300."/>
				<string name="Hull" value="Tone_MO_MiddleDeck"/>
				<string name="Name" value="Middle3_MiddleDeck"/>
				<float name="Param_1" value="0."/>
				<string name="TypHL" value="Hull"/>
				<string name="UnitName" value="Tone"/>
			</object>
			<object name="Tone473">
				<integer name="Country" value="2"/>
				<integer name="Crew" value="0"/>
				<float name="ER" value="300."/>
				<string name="Hull" value="Tone_MO_RBelt_Lower"/>
				<string name="Name" value="Middle3_RBelt_Lower"/>
				<float name="Param_1" value="0."/>
				<string name="TypHL" value="Hull"/>
				<string name="UnitName" value="Tone"/>
			</object>
			<object name="Tone474">
				<integer name="Country" value="2"/>
				<integer name="Crew" value="0"/>
				<float name="ER" value="300."/>
				<string name="Hull" value="Tone_MO_RBelt_Upper"/>
				<string name="Name" value="Middle3_RBelt_Upper"/>
				<float name="Param_1" value="0."/>
				<string name="TypHL" value="Hull"/>
				<string name="UnitName" value="Tone"/>
			</object>
			<object name="Tone475">
				<integer name="Country" value="2"/>
				<integer name="Crew" value="0"/>
				<float name="ER" value="300."/>
				<string name="Hull" value="Tone_RBoard"/>
				<string name="Name" value="Middle3_RBoard"/>
				<float name="Param_1" value="0."/>
				<string name="TypHL" value="Hull"/>
				<string name="UnitName" value="Tone"/>
			</object>
			<object name="Tone476">
				<integer name="Country" value="2"/>
				<integer name="Crew" value="0"/>
				<float name="ER" value="300."/>
				<string name="Hull" value="Tone_MO_UpperDeck"/>
				<string name="Name" value="Middle3_UpperDeck"/>
				<float name="Param_1" value="0."/>
				<string name="TypHL" value="Hull"/>
				<string name="UnitName" value="Tone"/>
			</object>
			<object name="Tone477">
				<integer name="Country" value="2"/>
				<integer name="Crew" value="0"/>
				<float name="ER" value="300."/>
				<string name="Hull" value="Tone_RAMP"/>
				<string name="Name" value="Middle3_RAMP"/>
				<float name="Param_1" value="275."/>
				<string name="TypHL" value="FuelTank"/>
				<string name="UnitName" value="Tone"/>
			</object>
			<object name="Tone478">
				<integer name="Country" value="2"/>
				<integer name="Crew" value="0"/>
				<float name="ER" value="300."/>
				<string name="Hull" value="Tone_LAMP"/>
				<string name="Name" value="Middle3_LAMP"/>
				<float name="Param_1" value="275."/>
				<string name="TypHL" value="FuelTank"/>
				<string name="UnitName" value="Tone"/>
			</object>
			<object name="Tone479">
				<string name="ConnectName" value="Middle1_SBoiler1;Middle1_LBoiler1;Middle1_LBoiler2;Middle2_LBoiler1;Middle2_LBoiler2"/>
				<integer name="Country" value="2"/>
				<integer name="Crew" value="0"/>
				<float name="ER" value="300."/>
				<string name="Hull" value="Std_Engine"/>
				<string name="Name" value="Middle3_LEngine"/>
				<float name="Param_1" value="0."/>
				<string name="TypHL" value="Engine"/>
				<string name="UnitName" value="Tone"/>
			</object>
			<object name="Tone480">
				<string name="ConnectName" value="Middle1_SBoiler2;Middle1_RBoiler1;Middle1_RBoiler2;Middle2_RBoiler1;Middle2_RBoiler2"/>
				<integer name="Country" value="2"/>
				<integer name="Crew" value="0"/>
				<float name="ER" value="300."/>
				<string name="Hull" value="Std_Engine"/>
				<string name="Name" value="Middle3_REngine"/>
				<float name="Param_1" value="0."/>
				<string name="TypHL" value="Engine"/>
				<string name="UnitName" value="Tone"/>
			</object>
			<object name="Tone481">
				<integer name="Country" value="2"/>
				<integer name="Crew" value="0"/>
				<float name="ER" value="300."/>
				<string name="Hull" value="Tone_TorpedoAmmoStore"/>
				<string name="Name" value="AmmoStore_Torpedo2"/>
				<string name="TypHL" value="AmmoStore"/>
				<string name="UnitName" value="Tone"/>
			</object>
			<object name="Tone482">
				<integer name="Country" value="2"/>
				<integer name="Crew" value="0"/>
				<float name="ER" value="300."/>
				<string name="Hull" value="Tone_TorpedoAmmoStore"/>
				<string name="Name" value="AmmoStore_Torpedo1"/>
				<string name="TypHL" value="AmmoStore"/>
				<string name="UnitName" value="Tone"/>
			</object>
			<object name="Tone483">
				<integer name="Country" value="2"/>
				<integer name="Crew" value="0"/>
				<float name="ER" value="300."/>
				<string name="Hull" value="Tone_RBoard"/>
				<string name="Name" value="Middle4_RBoard"/>
				<float name="Param_1" value="0."/>
				<string name="TypHL" value="Hull"/>
				<string name="UnitName" value="Tone"/>
			</object>
			<object name="Tone484">
				<integer name="Country" value="2"/>
				<integer name="Crew" value="0"/>
				<float name="ER" value="300."/>
				<string name="Hull" value="Tone_LBoard"/>
				<string name="Name" value="Middle4_LBoard"/>
				<float name="Param_1" value="0."/>
				<string name="TypHL" value="Hull"/>
				<string name="UnitName" value="Tone"/>
			</object>
			<object name="Tone485">
				<integer name="Country" value="2"/>
				<integer name="Crew" value="0"/>
				<float name="ER" value="300."/>
				<string name="Hull" value="Tone_MO_MiddleDeck"/>
				<string name="Name" value="Middle4_MiddleDeck"/>
				<float name="Param_1" value="0."/>
				<string name="TypHL" value="Hull"/>
				<string name="UnitName" value="Tone"/>
			</object>
			<object name="Tone486">
				<integer name="Country" value="2"/>
				<integer name="Crew" value="0"/>
				<float name="ER" value="300."/>
				<string name="Hull" value="Tone_MO_LBelt_Upper"/>
				<string name="Name" value="Middle4_LBelt_Upper"/>
				<float name="Param_1" value="0."/>
				<string name="TypHL" value="Hull"/>
				<string name="UnitName" value="Tone"/>
			</object>
			<object name="Tone487">
				<integer name="Country" value="2"/>
				<integer name="Crew" value="0"/>
				<float name="ER" value="300."/>
				<string name="Hull" value="Tone_MO_LBelt_Lower"/>
				<string name="Name" value="Middle4_LBelt_Lower"/>
				<float name="Param_1" value="0."/>
				<string name="TypHL" value="Hull"/>
				<string name="UnitName" value="Tone"/>
			</object>
			<object name="Tone488">
				<integer name="Country" value="2"/>
				<integer name="Crew" value="0"/>
				<float name="ER" value="300."/>
				<string name="Hull" value="Tone_EO"/>
				<string name="Name" value="Middle4_LEngine_Cover"/>
				<float name="Param_1" value="0."/>
				<string name="TypHL" value="Hull"/>
				<string name="UnitName" value="Tone"/>
			</object>
			<object name="Tone489">
				<integer name="Country" value="2"/>
				<integer name="Crew" value="0"/>
				<float name="ER" value="300."/>
				<string name="Hull" value="Tone_MO_RBelt_Lower"/>
				<string name="Name" value="Middle4_RBelt_Lower"/>
				<float name="Param_1" value="0."/>
				<string name="TypHL" value="Hull"/>
				<string name="UnitName" value="Tone"/>
			</object>
			<object name="Tone490">
				<integer name="Country" value="2"/>
				<integer name="Crew" value="0"/>
				<float name="ER" value="300."/>
				<string name="Hull" value="Tone_MO_RBelt_Upper"/>
				<string name="Name" value="Middle4_RBelt_Upper"/>
				<float name="Param_1" value="0."/>
				<string name="TypHL" value="Hull"/>
				<string name="UnitName" value="Tone"/>
			</object>
			<object name="Tone491">
				<integer name="Country" value="2"/>
				<integer name="Crew" value="0"/>
				<float name="ER" value="300."/>
				<string name="Hull" value="Tone_EO"/>
				<string name="Name" value="Middle4_REngine_Cover"/>
				<float name="Param_1" value="0."/>
				<string name="TypHL" value="Hull"/>
				<string name="UnitName" value="Tone"/>
			</object>
			<object name="Tone492">
				<integer name="Country" value="2"/>
				<integer name="Crew" value="0"/>
				<float name="ER" value="300."/>
				<string name="Hull" value="Tone_MO_UpperDeck"/>
				<string name="Name" value="Middle4_UpperDeck"/>
				<float name="Param_1" value="0."/>
				<string name="TypHL" value="Hull"/>
				<string name="UnitName" value="Tone"/>
			</object>
			<object name="Tone493">
				<integer name="Country" value="2"/>
				<integer name="Crew" value="0"/>
				<float name="ER" value="300."/>
				<string name="Hull" value="Tone_RAMP"/>
				<string name="Name" value="Middle4_RAMP"/>
				<float name="Param_1" value="275."/>
				<string name="TypHL" value="FuelTank"/>
				<string name="UnitName" value="Tone"/>
			</object>
			<object name="Tone494">
				<integer name="Country" value="2"/>
				<integer name="Crew" value="0"/>
				<float name="ER" value="300."/>
				<string name="Hull" value="Tone_LAMP"/>
				<string name="Name" value="Middle4_LAMP"/>
				<float name="Param_1" value="275."/>
				<string name="TypHL" value="FuelTank"/>
				<string name="UnitName" value="Tone"/>
			</object>
			<object name="Tone495">
				<string name="ConnectName" value="Middle1_SBoiler1;Middle1_LBoiler1;Middle1_LBoiler2;Middle2_LBoiler1;Middle2_LBoiler2"/>
				<integer name="Country" value="2"/>
				<integer name="Crew" value="0"/>
				<float name="ER" value="300."/>
				<string name="Hull" value="Std_Engine"/>
				<string name="Name" value="Middle4_LEngine"/>
				<float name="Param_1" value="0."/>
				<string name="TypHL" value="Engine"/>
				<string name="UnitName" value="Tone"/>
			</object>
			<object name="Tone496">
				<string name="ConnectName" value="Middle1_SBoiler2;Middle1_RBoiler1;Middle1_RBoiler2;Middle2_RBoiler1;Middle2_RBoiler2"/>
				<integer name="Country" value="2"/>
				<integer name="Crew" value="0"/>
				<float name="ER" value="300."/>
				<string name="Hull" value="Std_Engine"/>
				<string name="Name" value="Middle4_REngine"/>
				<float name="Param_1" value="0."/>
				<string name="TypHL" value="Engine"/>
				<string name="UnitName" value="Tone"/>
			</object>
			<object name="Tone497">
				<integer name="Country" value="2"/>
				<integer name="Crew" value="0"/>
				<float name="ER" value="300."/>
				<string name="Hull" value="Tone_TorpedoAmmoStore"/>
				<string name="Name" value="AmmoStore_Torpedo4"/>
				<string name="TypHL" value="AmmoStore"/>
				<string name="UnitName" value="Tone"/>
			</object>
			<object name="Tone498">
				<integer name="Country" value="2"/>
				<integer name="Crew" value="0"/>
				<float name="ER" value="300."/>
				<string name="Hull" value="Tone_TorpedoAmmoStore"/>
				<string name="Name" value="AmmoStore_Torpedo3"/>
				<string name="TypHL" value="AmmoStore"/>
				<string name="UnitName" value="Tone"/>
			</object>
			<object name="Tone499">
				<integer name="Country" value="2"/>
				<integer name="Crew" value="0"/>
				<float name="ER" value="300."/>
				<string name="Hull" value="Tone_MG_LowerDeck"/>
				<string name="Name" value="Stern1_LowerDeck"/>
				<float name="Param_1" value="0."/>
				<string name="TypHL" value="Hull"/>
				<string name="UnitName" value="Tone"/>
			</object>
			<object name="Tone500">
				<integer name="Country" value="2"/>
				<integer name="Crew" value="0"/>
				<float name="ER" value="300."/>
				<string name="Hull" value="Tone_MG_LBelt_Upper"/>
				<string name="Name" value="Stern1_LBelt_Upper"/>
				<float name="Param_1" value="0."/>
				<string name="TypHL" value="Hull"/>
				<string name="UnitName" value="Tone"/>
			</object>
			<object name="Tone501">
				<integer name="Country" value="2"/>
				<integer name="Crew" value="0"/>
				<float name="ER" value="300."/>
				<string name="Hull" value="Tone_MG_LBelt_Lower"/>
				<string name="Name" value="Stern1_LBelt_Lower"/>
				<float name="Param_1" value="0."/>
				<string name="TypHL" value="Hull"/>
				<string name="UnitName" value="Tone"/>
			</object>
			<object name="Tone502">
				<integer name="Country" value="2"/>
				<integer name="Crew" value="0"/>
				<float name="ER" value="300."/>
				<string name="Hull" value="Tone_LBoard"/>
				<string name="Name" value="Stern1_LBoard"/>
				<float name="Param_1" value="0."/>
				<string name="TypHL" value="Hull"/>
				<string name="UnitName" value="Tone"/>
			</object>
			<object name="Tone503">
				<integer name="Country" value="2"/>
				<integer name="Crew" value="0"/>
				<float name="ER" value="300."/>
				<string name="Hull" value="Tone_MG_RBelt_Upper"/>
				<string name="Name" value="Stern1_RBelt_Upper"/>
				<float name="Param_1" value="0."/>
				<string name="TypHL" value="Hull"/>
				<string name="UnitName" value="Tone"/>
			</object>
			<object name="Tone504">
				<integer name="Country" value="2"/>
				<integer name="Crew" value="0"/>
				<float name="ER" value="300."/>
				<string name="Hull" value="Tone_MG_RBelt_Lower"/>
				<string name="Name" value="Stern1_RBelt_Lower"/>
				<float name="Param_1" value="0."/>
				<string name="TypHL" value="Hull"/>
				<string name="UnitName" value="Tone"/>
			</object>
			<object name="Tone505">
				<integer name="Country" value="2"/>
				<integer name="Crew" value="0"/>
				<float name="ER" value="300."/>
				<string name="Hull" value="Tone_MG_UpperDeck"/>
				<string name="Name" value="Stern1_UpperDeck"/>
				<float name="Param_1" value="0."/>
				<string name="TypHL" value="Hull"/>
				<string name="UnitName" value="Tone"/>
			</object>
			<object name="Tone506">
				<integer name="Country" value="2"/>
				<integer name="Crew" value="0"/>
				<float name="ER" value="300."/>
				<string name="Hull" value="Tone_RBoard"/>
				<string name="Name" value="Stern1_RBoard"/>
				<float name="Param_1" value="0."/>
				<string name="TypHL" value="Hull"/>
				<string name="UnitName" value="Tone"/>
			</object>
			<object name="Tone507">
				<integer name="Country" value="2"/>
				<integer name="Crew" value="0"/>
				<float name="ER" value="300."/>
				<string name="Hull" value="Tone_BarbetType1"/>
				<string name="Name" value="Stern1_Barbet5"/>
				<string name="TypHL" value="AmmoStore"/>
				<string name="UnitName" value="Tone"/>
			</object>
			<object name="Tone508">
				<integer name="Country" value="2"/>
				<integer name="Crew" value="0"/>
				<float name="ER" value="300."/>
				<string name="Hull" value="Tone_BarbetType2"/>
				<string name="Name" value="Stern1_Barbet4"/>
				<string name="TypHL" value="AmmoStore"/>
				<string name="UnitName" value="Tone"/>
			</object>
			<object name="Tone510">
				<integer name="Country" value="2"/>
				<integer name="Crew" value="0"/>
				<float name="ER" value="300."/>
				<string name="Hull" value="Tone_Stern_Bottom"/>
				<string name="Name" value="Stern2_Bottom"/>
				<float name="Param_1" value="0."/>
				<string name="TypHL" value="Hull"/>
				<string name="UnitName" value="Tone"/>
			</object>
			<object name="Tone511">
				<integer name="Country" value="2"/>
				<integer name="Crew" value="0"/>
				<float name="ER" value="300."/>
				<string name="Hull" value="Tone_Stern_Deck"/>
				<string name="Name" value="Stern2_Deck"/>
				<float name="Param_1" value="0."/>
				<string name="TypHL" value="Hull"/>
				<string name="UnitName" value="Tone"/>
			</object>
			<object name="Tone512">
				<string name="ConnectName" value="Middle3_REngine"/>
				<integer name="Country" value="2"/>
				<integer name="Crew" value="0"/>
				<float name="ER" value="300."/>
				<string name="Hull" value="Default"/>
				<string name="Name" value="Mover2"/>
				<float name="Param_1" value="0."/>
				<string name="TypHL" value="Mover"/>
				<string name="UnitName" value="Tone"/>
			</object>
			<object name="Tone513">
				<string name="ConnectName" value="Tiller;"/>
				<integer name="Country" value="2"/>
				<integer name="Crew" value="0"/>
				<float name="ER" value="300."/>
				<string name="Hull" value="Default"/>
				<string name="Name" value="Rudder1"/>
				<float name="Param_1" value="0."/>
				<string name="TypHL" value="Rudder"/>
				<string name="UnitName" value="Tone"/>
			</object>
			<object name="Tone514">
				<string name="ConnectName" value="Tiller;"/>
				<integer name="Country" value="2"/>
				<integer name="Crew" value="0"/>
				<float name="ER" value="300."/>
				<string name="Hull" value="Default"/>
				<string name="Name" value="Rudder2"/>
				<float name="Param_1" value="0."/>
				<string name="TypHL" value="Rudder"/>
				<string name="UnitName" value="Tone"/>
			</object>
			<object name="Tone515">
				<string name="ConnectName" value="Middle4_REngine"/>
				<integer name="Country" value="2"/>
				<integer name="Crew" value="0"/>
				<float name="ER" value="300."/>
				<string name="Hull" value="Default"/>
				<string name="Name" value="Mover4"/>
				<float name="Param_1" value="0."/>
				<string name="TypHL" value="Mover"/>
				<string name="UnitName" value="Tone"/>
			</object>
			<object name="Tone516">
				<string name="ConnectName" value="Middle3_LEngine"/>
				<integer name="Country" value="2"/>
				<integer name="Crew" value="0"/>
				<float name="ER" value="300."/>
				<string name="Hull" value="Default"/>
				<string name="Name" value="Mover1"/>
				<float name="Param_1" value="0."/>
				<string name="TypHL" value="Mover"/>
				<string name="UnitName" value="Tone"/>
			</object>
			<object name="Tone517">
				<string name="ConnectName" value="Middle4_LEngine"/>
				<integer name="Country" value="2"/>
				<integer name="Crew" value="0"/>
				<float name="ER" value="300."/>
				<string name="Hull" value="Default"/>
				<string name="Name" value="Mover3"/>
				<float name="Param_1" value="0."/>
				<string name="TypHL" value="Mover"/>
				<string name="UnitName" value="Tone"/>
			</object>
			<object name="Tone518">
				<integer name="Country" value="2"/>
				<integer name="Crew" value="0"/>
				<float name="ER" value="300."/>
				<string name="Hull" value="Tone_Tiller"/>
				<string name="Name" value="Tiller"/>
				<float name="Param_1" value="0."/>
				<string name="TypHL" value="Hull"/>
				<string name="UnitName" value="Tone"/>
			</object>			
			<object name="Tone9255">
				<integer name="Country" value="2"/>
				<integer name="Crew" value="500"/>
				<float name="ER" value="300."/>
				<string name="Hull" value="Std_Hull"/>
				<string name="Name" value="BowSuperstructure"/>
				<string name="TypHL" value="Crew"/>
				<string name="UnitName" value="Tone"/>
			</object>
			<object name="Tone9256">
				<integer name="Country" value="2"/>
				<float name="ER" value="300."/>
				<string name="Hull" value="Std_Hull"/>
				<string name="Name" value="BowSmokeStack"/>
				<string name="TypHL" value="Hull"/>
				<string name="UnitName" value="Tone"/>
			</object>
			<object name="Tone9257">
				<integer name="Country" value="2"/>
				<float name="ER" value="300."/>
				<string name="Hull" value="Std_Hull"/>
				<string name="Name" value="SternSmokeStack"/>
				<string name="TypHL" value="Hull"/>
				<string name="UnitName" value="Tone"/>
			</object>
		</object>
		<object name="Hulls">
			<object name="Tone_AAAmmoStore">
				<integer name="Back" value="140"/>
				<integer name="Bottom" value="140"/>
				<integer name="Country" value="2"/>
				<float name="ExplProb" value="10."/>
				<float name="FireProb" value="20."/>
				<integer name="Front" value="140"/>
				<integer name="Left" value="140"/>
				<string name="Material" value="Armored"/>
				<integer name="Right" value="140"/>
				<integer name="Top" value="140"/>
				<integer name="UnitName" value="0"/>
				<string name="UnitTyp" value="Ship"/>
			</object>
			<object name="Tone_AAProbe">
				<integer name="Back" value="20"/>
				<integer name="Bottom" value="20"/>
				<integer name="Country" value="2"/>
				<float name="ExplProb" value="0."/>
				<float name="FireProb" value="10."/>
				<integer name="Front" value="20"/>
				<integer name="Left" value="20"/>
				<string name="Material" value="Armored"/>
				<integer name="Right" value="20"/>
				<integer name="Top" value="15"/>
				<integer name="UnitName" value="0"/>
				<string name="UnitTyp" value="Ship"/>
			</object>
			<object name="Tone_BarbetType1">
				<integer name="Back" value="102"/>
				<integer name="Bottom" value="0"/>
				<integer name="Country" value="2"/>
				<float name="ExplProb" value="20."/>
				<float name="FireProb" value="30."/>
				<integer name="Front" value="102"/>
				<integer name="Left" value="102"/>
				<string name="Material" value="Armored"/>
				<integer name="Right" value="102"/>
				<integer name="Top" value="50"/>
				<integer name="UnitName" value="0"/>
				<string name="UnitTyp" value="Ship"/>
			</object>
			<object name="Tone_BarbetType2">
				<integer name="Back" value="102"/>
				<integer name="Bottom" value="0"/>
				<integer name="Country" value="2"/>
				<float name="ExplProb" value="20."/>
				<float name="FireProb" value="30."/>
				<integer name="Front" value="102"/>
				<integer name="Left" value="102"/>
				<string name="Material" value="Armored"/>
				<integer name="Right" value="102"/>
				<integer name="Top" value="50"/>
				<integer name="UnitName" value="0"/>
				<string name="UnitTyp" value="Ship"/>
			</object>
			<object name="Tone_BattleCabin">
				<integer name="Back" value="100"/>
				<integer name="Bottom" value="10"/>
				<integer name="Country" value="2"/>
				<float name="ExplProb" value="0."/>
				<float name="FireProb" value="10."/>
				<integer name="Front" value="100"/>
				<integer name="Left" value="100"/>
				<string name="Material" value="Armored"/>
				<integer name="Right" value="100"/>
				<integer name="Top" value="50"/>
				<integer name="UnitName" value="0"/>
				<string name="UnitTyp" value="Ship"/>
			</object>
			<object name="Tone_BowCabin">
				<integer name="Back" value="10"/>
				<integer name="Bottom" value="10"/>
				<integer name="Country" value="2"/>
				<float name="ExplProb" value="0."/>
				<float name="FireProb" value="0."/>
				<integer name="Front" value="10"/>
				<integer name="Left" value="10"/>
				<string name="Material" value="Armored"/>
				<integer name="Right" value="10"/>
				<integer name="Top" value="10"/>
				<integer name="UnitName" value="0"/>
				<string name="UnitTyp" value="Ship"/>
			</object>
			<object name="Tone_Bow_Bottom">
				<integer name="Back" value="0"/>
				<integer name="Bottom" value="10"/>
				<integer name="Country" value="2"/>
				<float name="ExplProb" value="0."/>
				<float name="FireProb" value="2."/>
				<integer name="Front" value="15"/>
				<integer name="Left" value="20"/>
				<string name="Material" value="Armored"/>
				<integer name="Right" value="20"/>
				<integer name="Top" value="0"/>
				<integer name="UnitName" value="0"/>
				<string name="UnitTyp" value="Ship"/>
			</object>
			<object name="Tone_Bow_Deck">
				<integer name="Back" value="0"/>
				<integer name="Bottom" value="10"/>
				<integer name="Country" value="2"/>
				<float name="ExplProb" value="0."/>
				<float name="FireProb" value="7."/>
				<integer name="Front" value="20"/>
				<integer name="Left" value="30"/>
				<string name="Material" value="Armored"/>
				<integer name="Right" value="30"/>
				<integer name="Top" value="32"/>
				<integer name="UnitName" value="0"/>
				<string name="UnitTyp" value="Ship"/>
			</object>
			<object name="Tone_EO">
				<integer name="Back" value="10"/>
				<integer name="Bottom" value="10"/>
				<integer name="Country" value="2"/>
				<float name="ExplProb" value="0."/>
				<float name="FireProb" value="10."/>
				<integer name="Front" value="10"/>
				<integer name="Left" value="10"/>
				<string name="Material" value="Armored"/>
				<integer name="Right" value="10"/>
				<integer name="Top" value="10"/>
				<integer name="UnitName" value="0"/>
				<string name="UnitTyp" value="Ship"/>
			</object>
			<object name="Tone_KO_Small">
				<integer name="Back" value="10"/>
				<integer name="Bottom" value="10"/>
				<integer name="Country" value="2"/>
				<float name="ExplProb" value="30."/>
				<float name="FireProb" value="30."/>
				<integer name="Front" value="10"/>
				<integer name="Left" value="10"/>
				<string name="Material" value="Armored"/>
				<integer name="Right" value="10"/>
				<integer name="Top" value="10"/>
				<integer name="UnitName" value="0"/>
				<string name="UnitTyp" value="Ship"/>
			</object>
			<object name="Tone_KO_Std">
				<integer name="Back" value="10"/>
				<integer name="Bottom" value="10"/>
				<integer name="Country" value="2"/>
				<float name="ExplProb" value="10."/>
				<float name="FireProb" value="40."/>
				<integer name="Front" value="10"/>
				<integer name="Left" value="10"/>
				<string name="Material" value="Armored"/>
				<integer name="Right" value="10"/>
				<integer name="Top" value="10"/>
				<integer name="UnitName" value="0"/>
				<string name="UnitTyp" value="Ship"/>
			</object>
			<object name="Tone_LAMP">
				<integer name="Back" value="30"/>
				<integer name="Bottom" value="10"/>
				<integer name="Country" value="2"/>
				<float name="ExplProb" value="0."/>
				<float name="FireProb" value="0."/>
				<integer name="Front" value="30"/>
				<integer name="Left" value="30"/>
				<string name="Material" value="Armored"/>
				<integer name="Right" value="30"/>
				<integer name="Top" value="10"/>
				<integer name="UnitName" value="0"/>
				<string name="UnitTyp" value="Ship"/>
			</object>
			<object name="Tone_LBoard">
				<integer name="Back" value="0"/>
				<integer name="Bottom" value="10"/>
				<integer name="Country" value="2"/>
				<float name="ExplProb" value="0."/>
				<float name="FireProb" value="10."/>
				<integer name="Front" value="15"/>
				<integer name="Left" value="20"/>
				<string name="Material" value="Armored"/>
				<integer name="Right" value="0"/>
				<integer name="Top" value="32"/>
				<integer name="UnitName" value="0"/>
				<string name="UnitTyp" value="Ship"/>
			</object>
			<object name="Tone_MAmmoStore">
				<integer name="Back" value="140"/>
				<integer name="Bottom" value="140"/>
				<integer name="Country" value="2"/>
				<float name="ExplProb" value="10."/>
				<float name="FireProb" value="20."/>
				<integer name="Front" value="140"/>
				<integer name="Left" value="140"/>
				<string name="Material" value="Armored"/>
				<integer name="Right" value="140"/>
				<integer name="Top" value="140"/>
				<integer name="UnitName" value="0"/>
				<string name="UnitTyp" value="Ship"/>
			</object>
			<object name="Tone_MGProbe">
				<integer name="Back" value="20"/>
				<integer name="Bottom" value="20"/>
				<integer name="Country" value="2"/>
				<float name="ExplProb" value="0."/>
				<float name="FireProb" value="5."/>
				<integer name="Front" value="20"/>
				<integer name="Left" value="20"/>
				<string name="Material" value="Armored"/>
				<integer name="Right" value="20"/>
				<integer name="Top" value="20"/>
				<integer name="UnitName" value="0"/>
				<string name="UnitTyp" value="Ship"/>
			</object>
			<object name="Tone_MG_LBelt_Lower">
				<integer name="Back" value="70"/>
				<integer name="Bottom" value="10"/>
				<integer name="Country" value="2"/>
				<float name="ExplProb" value="0."/>
				<float name="FireProb" value="20."/>
				<integer name="Front" value="70"/>
				<integer name="Left" value="76"/>
				<string name="Material" value="Armored"/>
				<integer name="Right" value="76"/>
				<integer name="Top" value="0"/>
				<integer name="UnitName" value="0"/>
				<string name="UnitTyp" value="Ship"/>
			</object>
			<object name="Tone_MG_LBelt_Upper">
				<integer name="Back" value="70"/>
				<integer name="Bottom" value="10"/>
				<integer name="Country" value="2"/>
				<float name="ExplProb" value="0."/>
				<float name="FireProb" value="30."/>
				<integer name="Front" value="70"/>
				<integer name="Left" value="102"/>
				<string name="Material" value="Armored"/>
				<integer name="Right" value="102"/>
				<integer name="Top" value="50"/>
				<integer name="UnitName" value="0"/>
				<string name="UnitTyp" value="Ship"/>
			</object>
			<object name="Tone_MG_LowerDeck">
				<integer name="Back" value="70"/>
				<integer name="Bottom" value="10"/>
				<integer name="Country" value="2"/>
				<float name="ExplProb" value="0."/>
				<float name="FireProb" value="30."/>
				<integer name="Front" value="70"/>
				<integer name="Left" value="5"/>
				<string name="Material" value="Armored"/>
				<integer name="Right" value="5"/>
				<integer name="Top" value="50"/>
				<integer name="UnitName" value="0"/>
				<string name="UnitTyp" value="Ship"/>
			</object>
			<object name="Tone_MG_RBelt_Lower">
				<integer name="Back" value="70"/>
				<integer name="Bottom" value="10"/>
				<integer name="Country" value="2"/>
				<float name="ExplProb" value="0."/>
				<float name="FireProb" value="20."/>
				<integer name="Front" value="70"/>
				<integer name="Left" value="76"/>
				<string name="Material" value="Armored"/>
				<integer name="Right" value="76"/>
				<integer name="Top" value="0"/>
				<integer name="UnitName" value="0"/>
				<string name="UnitTyp" value="Ship"/>
			</object>
			<object name="Tone_MG_RBelt_Upper">
				<integer name="Back" value="70"/>
				<integer name="Bottom" value="10"/>
				<integer name="Country" value="2"/>
				<float name="ExplProb" value="0."/>
				<float name="FireProb" value="30."/>
				<integer name="Front" value="70"/>
				<integer name="Left" value="102"/>
				<string name="Material" value="Armored"/>
				<integer name="Right" value="102"/>
				<integer name="Top" value="50"/>
				<integer name="UnitName" value="0"/>
				<string name="UnitTyp" value="Ship"/>
			</object>
			<object name="Tone_MG_UpperDeck">
				<integer name="Back" value="10"/>
				<integer name="Bottom" value="10"/>
				<integer name="Country" value="2"/>
				<float name="ExplProb" value="0."/>
				<float name="FireProb" value="20."/>
				<integer name="Front" value="10"/>
				<integer name="Left" value="10"/>
				<string name="Material" value="Armored"/>
				<integer name="Right" value="10"/>
				<integer name="Top" value="60"/>
				<integer name="UnitName" value="0"/>
				<string name="UnitTyp" value="Ship"/>
			</object>
			<object name="Tone_MO_LBelt_Lower">
				<integer name="Back" value="10"/>
				<integer name="Bottom" value="10"/>
				<integer name="Country" value="2"/>
				<float name="ExplProb" value="0."/>
				<float name="FireProb" value="5."/>
				<integer name="Front" value="10"/>
				<integer name="Left" value="51"/>
				<string name="Material" value="Armored"/>
				<integer name="Right" value="51"/>
				<integer name="Top" value="5"/>
				<integer name="UnitName" value="0"/>
				<string name="UnitTyp" value="Ship"/>
			</object>
			<object name="Tone_MO_LBelt_Upper">
				<integer name="Back" value="10"/>
				<integer name="Bottom" value="5"/>
				<integer name="Country" value="2"/>
				<float name="ExplProb" value="0."/>
				<float name="FireProb" value="10."/>
				<integer name="Front" value="10"/>
				<integer name="Left" value="102"/>
				<string name="Material" value="Armored"/>
				<integer name="Right" value="102"/>
				<integer name="Top" value="70"/>
				<integer name="UnitName" value="0"/>
				<string name="UnitTyp" value="Ship"/>
			</object>
			<object name="Tone_MO_MiddleDeck">
				<integer name="Back" value="10"/>
				<integer name="Bottom" value="5"/>
				<integer name="Country" value="2"/>
				<float name="ExplProb" value="0."/>
				<float name="FireProb" value="30."/>
				<integer name="Front" value="10"/>
				<integer name="Left" value="10"/>
				<string name="Material" value="Armored"/>
				<integer name="Right" value="10"/>
				<integer name="Top" value="60"/>
				<integer name="UnitName" value="0"/>
				<string name="UnitTyp" value="Ship"/>
			</object>
			<object name="Tone_MO_RBelt_Lower">
				<integer name="Back" value="10"/>
				<integer name="Bottom" value="5"/>
				<integer name="Country" value="2"/>
				<float name="ExplProb" value="0."/>
				<float name="FireProb" value="5."/>
				<integer name="Front" value="10"/>
				<integer name="Left" value="51"/>
				<string name="Material" value="Armored"/>
				<integer name="Right" value="51"/>
				<integer name="Top" value="5"/>
				<integer name="UnitName" value="0"/>
				<string name="UnitTyp" value="Ship"/>
			</object>
			<object name="Tone_MO_RBelt_Upper">
				<integer name="Back" value="10"/>
				<integer name="Bottom" value="10"/>
				<integer name="Country" value="2"/>
				<float name="ExplProb" value="0."/>
				<float name="FireProb" value="10."/>
				<integer name="Front" value="10"/>
				<integer name="Left" value="102"/>
				<string name="Material" value="Armored"/>
				<integer name="Right" value="102"/>
				<integer name="Top" value="70"/>
				<integer name="UnitName" value="0"/>
				<string name="UnitTyp" value="Ship"/>
			</object>
			<object name="Tone_MO_UpperDeck">
				<integer name="Back" value="10"/>
				<integer name="Bottom" value="10"/>
				<integer name="Country" value="2"/>
				<float name="ExplProb" value="0."/>
				<float name="FireProb" value="15."/>
				<integer name="Front" value="10"/>
				<integer name="Left" value="10"/>
				<string name="Material" value="Armored"/>
				<integer name="Right" value="10"/>
				<integer name="Top" value="32"/>
				<integer name="UnitName" value="0"/>
				<string name="UnitTyp" value="Ship"/>
			</object>
			<object name="Tone_Plane">
				<integer name="Back" value="5"/>
				<integer name="Bottom" value="5"/>
				<integer name="Country" value="2"/>
				<float name="ExplProb" value="0."/>
				<float name="FireProb" value="30."/>
				<integer name="Front" value="5"/>
				<integer name="Left" value="5"/>
				<string name="Material" value="Dural"/>
				<integer name="Right" value="5"/>
				<integer name="Top" value="5"/>
				<integer name="UnitName" value="0"/>
				<string name="UnitTyp" value="Ship"/>
			</object>
			<object name="Tone_Probe">
				<integer name="Back" value="10"/>
				<integer name="Bottom" value="10"/>
				<integer name="Country" value="2"/>
				<float name="ExplProb" value="0."/>
				<float name="FireProb" value="5."/>
				<integer name="Front" value="10"/>
				<integer name="Left" value="10"/>
				<string name="Material" value="Armored"/>
				<integer name="Right" value="10"/>
				<integer name="Top" value="10"/>
				<integer name="UnitName" value="0"/>
				<string name="UnitTyp" value="Ship"/>
			</object>
			<object name="Tone_RAMP">
				<integer name="Back" value="30"/>
				<integer name="Bottom" value="10"/>
				<integer name="Country" value="2"/>
				<float name="ExplProb" value="0."/>
				<float name="FireProb" value="0."/>
				<integer name="Front" value="30"/>
				<integer name="Left" value="30"/>
				<string name="Material" value="Armored"/>
				<integer name="Right" value="30"/>
				<integer name="Top" value="10"/>
				<integer name="UnitName" value="0"/>
				<string name="UnitTyp" value="Ship"/>
			</object>
			<object name="Tone_RBoard">
				<integer name="Back" value="0"/>
				<integer name="Bottom" value="10"/>
				<integer name="Country" value="2"/>
				<float name="ExplProb" value="0."/>
				<float name="FireProb" value="10."/>
				<integer name="Front" value="15"/>
				<integer name="Left" value="0"/>
				<string name="Material" value="Armored"/>
				<integer name="Right" value="20"/>
				<integer name="Top" value="20"/>
				<integer name="UnitName" value="0"/>
				<string name="UnitTyp" value="Ship"/>
			</object>
			<object name="Tone_SternCabin">
				<integer name="Back" value="10"/>
				<integer name="Bottom" value="10"/>
				<integer name="Country" value="2"/>
				<float name="ExplProb" value="0."/>
				<float name="FireProb" value="10."/>
				<integer name="Front" value="10"/>
				<integer name="Left" value="10"/>
				<string name="Material" value="Armored"/>
				<integer name="Right" value="10"/>
				<integer name="Top" value="10"/>
				<integer name="UnitName" value="0"/>
				<string name="UnitTyp" value="Ship"/>
			</object>
			<object name="Tone_Stern_Bottom">
				<integer name="Back" value="30"/>
				<integer name="Bottom" value="10"/>
				<integer name="Country" value="2"/>
				<float name="ExplProb" value="0."/>
				<float name="FireProb" value="15."/>
				<integer name="Front" value="10"/>
				<integer name="Left" value="30"/>
				<string name="Material" value="Armored"/>
				<integer name="Right" value="30"/>
				<integer name="Top" value="5"/>
				<integer name="UnitName" value="0"/>
				<string name="UnitTyp" value="Ship"/>
			</object>
			<object name="Tone_Stern_Deck">
				<integer name="Back" value="30"/>
				<integer name="Bottom" value="30"/>
				<integer name="Country" value="2"/>
				<float name="ExplProb" value="0."/>
				<float name="FireProb" value="20."/>
				<integer name="Front" value="30"/>
				<integer name="Left" value="50"/>
				<string name="Material" value="Armored"/>
				<integer name="Right" value="50"/>
				<integer name="Top" value="50"/>
				<integer name="UnitName" value="0"/>
				<string name="UnitTyp" value="Ship"/>
			</object>
			<object name="Tone_TProbe">
				<integer name="Back" value="20"/>
				<integer name="Bottom" value="20"/>
				<integer name="Country" value="2"/>
				<float name="ExplProb" value="0."/>
				<float name="FireProb" value="10."/>
				<integer name="Front" value="20"/>
				<integer name="Left" value="20"/>
				<string name="Material" value="Armored"/>
				<integer name="Right" value="20"/>
				<integer name="Top" value="15"/>
				<integer name="UnitName" value="0"/>
				<string name="UnitTyp" value="Ship"/>
			</object>
			<object name="Tone_Tiller">
				<integer name="Back" value="40"/>
				<integer name="Bottom" value="10"/>
				<integer name="Country" value="2"/>
				<float name="ExplProb" value="0."/>
				<float name="FireProb" value="10."/>
				<integer name="Front" value="40"/>
				<integer name="Left" value="100"/>
				<string name="Material" value="Armored"/>
				<integer name="Right" value="100"/>
				<integer name="Top" value="35"/>
				<integer name="UnitName" value="0"/>
				<string name="UnitTyp" value="Ship"/>
			</object>
			<object name="Tone_TorpedoAmmoStore">
				<integer name="Back" value="140"/>
				<integer name="Bottom" value="140"/>
				<integer name="Country" value="2"/>
				<float name="ExplProb" value="5."/>
				<float name="FireProb" value="10."/>
				<integer name="Front" value="140"/>
				<integer name="Left" value="140"/>
				<string name="Material" value="Armored"/>
				<integer name="Right" value="140"/>
				<integer name="Top" value="140"/>
				<integer name="UnitName" value="0"/>
				<string name="UnitTyp" value="Ship"/>
			</object>
		</object>
		<object name="ShipsNames">
			<object name="Tone">
				<string name="1" value="Tone1"/>
			</object>
		</object>
		<object name="UnitsByType">
			<object name="2">
				<object name="Tone">
					<string name="ChildTable" value="Ships"/>
				</object>
			</object>
		</object>
	</object>
</root>
