﻿<?xml version="1.0" standalone="yes" ?>
<root>
	<object name="SteelMonstersParams">
		<object name="Engins">
			<object name="MPP_Oyodo">
				<float name="Consumption" value="3.1316e-004"/>
				<integer name="Country" value="2"/>
				<float name="Money" value="5000."/>
				<integer name="Power_Max" value="110000"/>
				<integer name="RPM_Max" value="0"/>
				<integer name="Type" value="8"/>
				<integer name="Unreliability" value="10"/>
				<string name="Usage" value="Ships"/>
				<float name="Weight" value="1150."/>
			</object>
		</object>
		<object name="Hit_Location">
			<object name="O29828">
				<integer name="Country" value="2"/>
				<integer name="Crew" value="115"/>
				<float name="ER" value="150."/>
				<string name="Hull" value="Std_CLUpperHull"/>
				<string name="Name" value="LSuperStructure"/>
				<string name="TypHL" value="Crew"/>
				<string name="UnitName" value="Oyodo"/>
			</object>
			<object name="O29829">
				<string name="ConnectName" value="Engine1"/>
				<integer name="Country" value="2"/>
				<float name="ER" value="150."/>
				<string name="Hull" value="Std_Mover"/>
				<string name="Name" value="Mover1"/>
				<string name="TypHL" value="Mover"/>
				<string name="UnitName" value="Oyodo"/>
			</object>
			<object name="O29830">
				<string name="ConnectName" value="Engine2"/>
				<integer name="Country" value="2"/>
				<float name="ER" value="150."/>
				<string name="Hull" value="Std_Mover"/>
				<string name="Name" value="Mover2"/>
				<string name="TypHL" value="Mover"/>
				<string name="UnitName" value="Oyodo"/>
			</object>
			<object name="O29831">
				<string name="ConnectName" value="Engine3"/>
				<integer name="Country" value="2"/>
				<float name="ER" value="150."/>
				<string name="Hull" value="Std_Mover"/>
				<string name="Name" value="Mover3"/>
				<string name="TypHL" value="Mover"/>
				<string name="UnitName" value="Oyodo"/>
			</object>
			<object name="O29832">
				<string name="ConnectName" value="Engine4"/>
				<integer name="Country" value="2"/>
				<float name="ER" value="150."/>
				<string name="Hull" value="Std_Mover"/>
				<string name="Name" value="Mover4"/>
				<string name="TypHL" value="Mover"/>
				<string name="UnitName" value="Oyodo"/>
			</object>
			<object name="O29833">
				<integer name="Country" value="2"/>
				<float name="ER" value="200."/>
				<string name="Hull" value="Oyodo_Barbet"/>
				<string name="Name" value="Barbet1"/>
				<float name="Param_1" value="0."/>
				<string name="TypHL" value="AmmoStore"/>
				<string name="UnitName" value="Oyodo"/>
			</object>
			<object name="O29834">
				<integer name="Country" value="2"/>
				<float name="ER" value="200."/>
				<string name="Hull" value="Oyodo_Barbet"/>
				<string name="Name" value="Barbet2"/>
				<float name="Param_1" value="0."/>
				<string name="TypHL" value="AmmoStore"/>
				<string name="UnitName" value="Oyodo"/>
			</object>
			<object name="O29835">
				<integer name="Country" value="2"/>
				<float name="ER" value="200."/>
				<string name="Hull" value="Oyodo_Barbet"/>
				<string name="Name" value="Barbet3"/>
				<string name="TypHL" value="AmmoStore"/>
				<string name="UnitName" value="Oyodo"/>
			</object>
			<object name="O29836">
				<integer name="Country" value="2"/>
				<float name="ER" value="150."/>
				<string name="Hull" value="Oyodo_UpperDeck"/>
				<string name="Name" value="Bow1_UpperDeck"/>
				<string name="TypHL" value="Hull"/>
				<string name="UnitName" value="Oyodo"/>
			</object>
			<object name="O29837">
				<integer name="Country" value="2"/>
				<float name="ER" value="200."/>
				<string name="Hull" value="Oyodo_LowerDeck"/>
				<string name="Name" value="Bow1_LowerDeck"/>
				<string name="TypHL" value="Hull"/>
				<string name="UnitName" value="Oyodo"/>
			</object>
			<object name="O29838">
				<integer name="Country" value="2"/>
				<float name="ER" value="150."/>
				<string name="Hull" value="Oyodo_UpperDeck"/>
				<string name="Name" value="Bow2_UpperDeck"/>
				<string name="TypHL" value="Hull"/>
				<string name="UnitName" value="Oyodo"/>
			</object>
			<object name="O29839">
				<integer name="Country" value="2"/>
				<float name="ER" value="200."/>
				<string name="Hull" value="Oyodo_LowerDeck"/>
				<string name="Name" value="Bow2_LowerDeck"/>
				<string name="TypHL" value="Hull"/>
				<string name="UnitName" value="Oyodo"/>
			</object>
			<object name="O29840">
				<integer name="Country" value="2"/>
				<float name="ER" value="250."/>
				<string name="Hull" value="Oyodo_Bow_AmmoStoreCover"/>
				<string name="Name" value="Bow_AmmoStoreCover"/>
				<string name="TypHL" value="Hull"/>
				<string name="UnitName" value="Oyodo"/>
			</object>
			<object name="O29841">
				<integer name="Country" value="2"/>
				<float name="ER" value="100."/>
				<string name="Hull" value="Oyodo_AmmoStore"/>
				<string name="Name" value="AmmoStore1"/>
				<float name="Param_1" value="0."/>
				<string name="TypHL" value="AmmoStore"/>
				<string name="UnitName" value="Oyodo"/>
			</object>
			<object name="O29842">
				<integer name="Country" value="2"/>
				<float name="ER" value="100."/>
				<string name="Hull" value="Oyodo_AmmoStore"/>
				<string name="Name" value="AmmoStore2"/>
				<float name="Param_1" value="0."/>
				<string name="TypHL" value="AmmoStore"/>
				<string name="UnitName" value="Oyodo"/>
			</object>
			<object name="O29843">
				<integer name="Country" value="2"/>
				<float name="ER" value="150."/>
				<string name="Hull" value="Oyodo_UpperDeck"/>
				<string name="Name" value="Middle1_UpperDeck"/>
				<string name="TypHL" value="Hull"/>
				<string name="UnitName" value="Oyodo"/>
			</object>
			<object name="O29844">
				<integer name="Country" value="2"/>
				<float name="ER" value="200."/>
				<string name="Hull" value="Oyodo_LowerDeck"/>
				<string name="Name" value="Middle1_LowerDeck"/>
				<string name="TypHL" value="Hull"/>
				<string name="UnitName" value="Oyodo"/>
			</object>
			<object name="O29845">
				<integer name="Country" value="2"/>
				<float name="ER" value="50."/>
				<string name="Hull" value="Std_Probe"/>
				<string name="Name" value="FireControl"/>
				<string name="TypHL" value="Probe"/>
				<string name="UnitName" value="Oyodo"/>
			</object>
			<object name="O29846">
				<integer name="Country" value="2"/>
				<float name="ER" value="50."/>
				<string name="Hull" value="Std_Probe"/>
				<string name="Name" value="Radar"/>
				<string name="TypHL" value="Probe"/>
				<string name="UnitName" value="Oyodo"/>
			</object>
			<object name="O29847">
				<integer name="Country" value="2"/>
				<float name="ER" value="50."/>
				<string name="Hull" value="Std_Probe"/>
				<string name="Name" value="Radio"/>
				<string name="TypHL" value="Probe"/>
				<string name="UnitName" value="Oyodo"/>
			</object>
			<object name="O29848">
				<integer name="Country" value="2"/>
				<float name="ER" value="200."/>
				<string name="Hull" value="Oyodo_LBelt"/>
				<string name="Name" value="Middle1_LBelt"/>
				<string name="TypHL" value="Hull"/>
				<string name="UnitName" value="Oyodo"/>
			</object>
			<object name="O29849">
				<integer name="Country" value="2"/>
				<float name="ER" value="150."/>
				<string name="Hull" value="Oyodo_LBoard"/>
				<string name="Name" value="Middle1_LBoard"/>
				<string name="TypHL" value="Hull"/>
				<string name="UnitName" value="Oyodo"/>
			</object>
			<object name="O29850">
				<integer name="Country" value="2"/>
				<float name="ER" value="200."/>
				<string name="Hull" value="Oyodo_RBelt"/>
				<string name="Name" value="Middle1_RBelt"/>
				<string name="TypHL" value="Hull"/>
				<string name="UnitName" value="Oyodo"/>
			</object>
			<object name="O29851">
				<integer name="Country" value="2"/>
				<float name="ER" value="150."/>
				<string name="Hull" value="Oyodo_RBoard"/>
				<string name="Name" value="Middle1_RBoard"/>
				<string name="TypHL" value="Hull"/>
				<string name="UnitName" value="Oyodo"/>
			</object>
			<object name="O29852">
				<integer name="Country" value="2"/>
				<float name="ER" value="150."/>
				<string name="Hull" value="Oyodo_UpperDeck"/>
				<string name="Name" value="Middle2_UpperDeck"/>
				<string name="TypHL" value="Hull"/>
				<string name="UnitName" value="Oyodo"/>
			</object>
			<object name="O29853">
				<integer name="Country" value="2"/>
				<integer name="Crew" value="115"/>
				<float name="ER" value="50."/>
				<string name="Hull" value="Std_Hull"/>
				<string name="Name" value="Crew1"/>
				<string name="TypHL" value="Crew"/>
				<string name="UnitName" value="Oyodo"/>
			</object>
			<object name="O29854">
				<integer name="Country" value="2"/>
				<float name="ER" value="200."/>
				<string name="Hull" value="Oyodo_LowerDeck"/>
				<string name="Name" value="Middle2_LowerDeck"/>
				<string name="TypHL" value="Hull"/>
				<string name="UnitName" value="Oyodo"/>
			</object>
			<object name="O29855">
				<integer name="Country" value="2"/>
				<float name="ER" value="100."/>
				<string name="Hull" value="Std_Boiler"/>
				<string name="Name" value="Boiler5"/>
				<string name="TypHL" value="Boiler"/>
				<string name="UnitName" value="Oyodo"/>
			</object>
			<object name="O29856">
				<integer name="Country" value="2"/>
				<float name="ER" value="200."/>
				<string name="Hull" value="Oyodo_LBelt"/>
				<string name="Name" value="Middle2_LBelt"/>
				<string name="TypHL" value="Hull"/>
				<string name="UnitName" value="Oyodo"/>
			</object>
			<object name="O29857">
				<integer name="Country" value="2"/>
				<float name="ER" value="150."/>
				<string name="Hull" value="Oyodo_LBoard"/>
				<string name="Name" value="Middle2_LBoard"/>
				<string name="TypHL" value="Hull"/>
				<string name="UnitName" value="Oyodo"/>
			</object>
			<object name="O29858">
				<integer name="Country" value="2"/>
				<float name="ER" value="200."/>
				<string name="Hull" value="Oyodo_RBelt"/>
				<string name="Name" value="Middle2_RBelt"/>
				<string name="TypHL" value="Hull"/>
				<string name="UnitName" value="Oyodo"/>
			</object>
			<object name="O29859">
				<integer name="Country" value="2"/>
				<float name="ER" value="150."/>
				<string name="Hull" value="Oyodo_RBoard"/>
				<string name="Name" value="Middle2_RBoard"/>
				<string name="TypHL" value="Hull"/>
				<string name="UnitName" value="Oyodo"/>
			</object>
			<object name="O29860">
				<integer name="Country" value="2"/>
				<float name="ER" value="200."/>
				<string name="Hull" value="Oyodo_UpperDeck"/>
				<string name="Name" value="Middle3_UpperDeck"/>
				<string name="TypHL" value="Hull"/>
				<string name="UnitName" value="Oyodo"/>
			</object>
			<object name="O29861">
				<integer name="Country" value="2"/>
				<integer name="Crew" value="150"/>
				<float name="ER" value="50."/>
				<string name="Hull" value="Std_Hull"/>
				<string name="Name" value="Crew2"/>
				<string name="TypHL" value="Crew"/>
				<string name="UnitName" value="Oyodo"/>
			</object>
			<object name="O29862">
				<integer name="Country" value="2"/>
				<float name="ER" value="200."/>
				<string name="Hull" value="Oyodo_LowerDeck"/>
				<string name="Name" value="Middle3_LLowerDeck"/>
				<string name="TypHL" value="Hull"/>
				<string name="UnitName" value="Oyodo"/>
			</object>
			<object name="O29863">
				<integer name="Country" value="2"/>
				<float name="ER" value="100."/>
				<string name="Hull" value="Std_Boiler"/>
				<string name="Name" value="Boiler1"/>
				<string name="TypHL" value="Boiler"/>
				<string name="UnitName" value="Oyodo"/>
			</object>
			<object name="O29864">
				<integer name="Country" value="2"/>
				<float name="ER" value="200."/>
				<string name="Hull" value="Oyodo_LBelt"/>
				<string name="Name" value="Middle3_LBelt"/>
				<string name="TypHL" value="Hull"/>
				<string name="UnitName" value="Oyodo"/>
			</object>
			<object name="O29865">
				<integer name="Country" value="2"/>
				<float name="ER" value="150."/>
				<string name="Hull" value="Oyodo_LBoard"/>
				<string name="Name" value="Middle3_LBoard"/>
				<string name="TypHL" value="Hull"/>
				<string name="UnitName" value="Oyodo"/>
			</object>
			<object name="O29866">
				<integer name="Country" value="2"/>
				<float name="ER" value="200."/>
				<string name="Hull" value="Oyodo_LowerDeck"/>
				<string name="Name" value="Middle3_RLowerDeck"/>
				<string name="TypHL" value="Hull"/>
				<string name="UnitName" value="Oyodo"/>
			</object>
			<object name="O29867">
				<integer name="Country" value="2"/>
				<float name="ER" value="100."/>
				<string name="Hull" value="Std_Boiler"/>
				<string name="Name" value="Boiler2"/>
				<string name="TypHL" value="Boiler"/>
				<string name="UnitName" value="Oyodo"/>
			</object>
			<object name="O29868">
				<integer name="Country" value="2"/>
				<float name="ER" value="200."/>
				<string name="Hull" value="Oyodo_RBelt"/>
				<string name="Name" value="Middle3_RBelt"/>
				<string name="TypHL" value="Hull"/>
				<string name="UnitName" value="Oyodo"/>
			</object>
			<object name="O29869">
				<integer name="Country" value="2"/>
				<float name="ER" value="150."/>
				<string name="Hull" value="Oyodo_RBoard"/>
				<string name="Name" value="Middle3_RBoard"/>
				<string name="TypHL" value="Hull"/>
				<string name="UnitName" value="Oyodo"/>
			</object>
			<object name="O29870">
				<integer name="Country" value="2"/>
				<float name="ER" value="200."/>
				<string name="Hull" value="Oyodo_UpperDeck"/>
				<string name="Name" value="Middle4_UpperDeck"/>
				<string name="TypHL" value="Hull"/>
				<string name="UnitName" value="Oyodo"/>
			</object>
			<object name="O29871">
				<integer name="Country" value="2"/>
				<integer name="Crew" value="115"/>
				<float name="ER" value="50."/>
				<string name="Hull" value="Std_Hull"/>
				<string name="Name" value="Crew3"/>
				<string name="TypHL" value="Crew"/>
				<string name="UnitName" value="Oyodo"/>
			</object>
			<object name="O29872">
				<integer name="Country" value="2"/>
				<float name="ER" value="200."/>
				<string name="Hull" value="Oyodo_LowerDeck"/>
				<string name="Name" value="Middle4_LLowerDeck"/>
				<string name="TypHL" value="Hull"/>
				<string name="UnitName" value="Oyodo"/>
			</object>
			<object name="O29873">
				<integer name="Country" value="2"/>
				<float name="ER" value="100."/>
				<string name="Hull" value="Std_Boiler"/>
				<string name="Name" value="Boiler3"/>
				<string name="TypHL" value="Boiler"/>
				<string name="UnitName" value="Oyodo"/>
			</object>
			<object name="O29874">
				<integer name="Country" value="2"/>
				<float name="ER" value="200."/>
				<string name="Hull" value="Oyodo_LBelt"/>
				<string name="Name" value="Middle4_LBelt"/>
				<string name="TypHL" value="Hull"/>
				<string name="UnitName" value="Oyodo"/>
			</object>
			<object name="O29875">
				<integer name="Country" value="2"/>
				<float name="ER" value="150."/>
				<string name="Hull" value="Oyodo_LBoard"/>
				<string name="Name" value="Middle4_LBoard"/>
				<string name="TypHL" value="Hull"/>
				<string name="UnitName" value="Oyodo"/>
			</object>
			<object name="O29876">
				<integer name="Country" value="2"/>
				<float name="ER" value="200."/>
				<string name="Hull" value="Oyodo_LowerDeck"/>
				<string name="Name" value="Middle4_RLowerDeck"/>
				<string name="TypHL" value="Hull"/>
				<string name="UnitName" value="Oyodo"/>
			</object>
			<object name="O29877">
				<integer name="Country" value="2"/>
				<float name="ER" value="100."/>
				<string name="Hull" value="Std_Boiler"/>
				<string name="Name" value="Boiler4"/>
				<string name="TypHL" value="Boiler"/>
				<string name="UnitName" value="Oyodo"/>
			</object>
			<object name="O29878">
				<integer name="Country" value="2"/>
				<float name="ER" value="200."/>
				<string name="Hull" value="Oyodo_RBelt"/>
				<string name="Name" value="Middle4_RBelt"/>
				<string name="TypHL" value="Hull"/>
				<string name="UnitName" value="Oyodo"/>
			</object>
			<object name="O29879">
				<integer name="Country" value="2"/>
				<float name="ER" value="150."/>
				<string name="Hull" value="Oyodo_RBoard"/>
				<string name="Name" value="Middle4_RBoard"/>
				<string name="TypHL" value="Hull"/>
				<string name="UnitName" value="Oyodo"/>
			</object>
			<object name="O29880">
				<integer name="Country" value="2"/>
				<float name="ER" value="200."/>
				<string name="Hull" value="Oyodo_UpperDeck"/>
				<string name="Name" value="Middle5_UpperDeck"/>
				<string name="TypHL" value="Hull"/>
				<string name="UnitName" value="Oyodo"/>
			</object>
			<object name="O29881">
				<integer name="Country" value="2"/>
				<integer name="Crew" value="115"/>
				<float name="ER" value="50."/>
				<string name="Hull" value="Std_Hull"/>
				<string name="Name" value="Crew4"/>
				<string name="TypHL" value="Crew"/>
				<string name="UnitName" value="Oyodo"/>
			</object>
			<object name="O29882">
				<integer name="Country" value="2"/>
				<float name="ER" value="200."/>
				<string name="Hull" value="Oyodo_LowerDeck"/>
				<string name="Name" value="Middle5_LLowerDeck"/>
				<string name="TypHL" value="Hull"/>
				<string name="UnitName" value="Oyodo"/>
			</object>
			<object name="O29883">
				<string name="ConnectName" value="Boiler5;Boiler1"/>
				<integer name="Country" value="2"/>
				<float name="ER" value="150."/>
				<string name="Hull" value="Std_Engine"/>
				<string name="Name" value="Engine1"/>
				<string name="TypHL" value="Engine"/>
				<string name="UnitName" value="Oyodo"/>
			</object>
			<object name="O29884">
				<integer name="Country" value="2"/>
				<float name="ER" value="200."/>
				<string name="Hull" value="Oyodo_LBelt"/>
				<string name="Name" value="Middle5_LBelt"/>
				<string name="TypHL" value="Hull"/>
				<string name="UnitName" value="Oyodo"/>
			</object>
			<object name="O29885">
				<integer name="Country" value="2"/>
				<float name="ER" value="150."/>
				<string name="Hull" value="Oyodo_LBoard"/>
				<string name="Name" value="Middle5_LBoard"/>
				<string name="TypHL" value="Hull"/>
				<string name="UnitName" value="Oyodo"/>
			</object>
			<object name="O29886">
				<integer name="Country" value="2"/>
				<float name="ER" value="200."/>
				<string name="Hull" value="Oyodo_LowerDeck"/>
				<string name="Name" value="Middle5_RLowerDeck"/>
				<string name="TypHL" value="Hull"/>
				<string name="UnitName" value="Oyodo"/>
			</object>
			<object name="O29887">
				<string name="ConnectName" value="Boiler5;Boiler2"/>
				<integer name="Country" value="2"/>
				<float name="ER" value="150."/>
				<string name="Hull" value="Std_Engine"/>
				<string name="Name" value="Engine2"/>
				<string name="TypHL" value="Engine"/>
				<string name="UnitName" value="Oyodo"/>
			</object>
			<object name="O29888">
				<integer name="Country" value="2"/>
				<float name="ER" value="200."/>
				<string name="Hull" value="Oyodo_RBelt"/>
				<string name="Name" value="Middle5_RBelt"/>
				<string name="TypHL" value="Hull"/>
				<string name="UnitName" value="Oyodo"/>
			</object>
			<object name="O29889">
				<integer name="Country" value="2"/>
				<float name="ER" value="150."/>
				<string name="Hull" value="Oyodo_RBoard"/>
				<string name="Name" value="Middle5_RBoard"/>
				<string name="TypHL" value="Hull"/>
				<string name="UnitName" value="Oyodo"/>
			</object>
			<object name="O29890">
				<integer name="Country" value="2"/>
				<float name="ER" value="200."/>
				<string name="Hull" value="Oyodo_UpperDeck"/>
				<string name="Name" value="Middle6_UpperDeck"/>
				<string name="TypHL" value="Hull"/>
				<string name="UnitName" value="Oyodo"/>
			</object>
			<object name="O29891">
				<integer name="Country" value="2"/>
				<integer name="Crew" value="115"/>
				<float name="ER" value="50."/>
				<string name="Hull" value="Std_Hull"/>
				<string name="Name" value="Crew5"/>
				<string name="TypHL" value="Crew"/>
				<string name="UnitName" value="Oyodo"/>
			</object>
			<object name="O29892">
				<integer name="Country" value="2"/>
				<float name="ER" value="200."/>
				<string name="Hull" value="Oyodo_LowerDeck"/>
				<string name="Name" value="Middle6_LowerDeck"/>
				<string name="TypHL" value="Hull"/>
				<string name="UnitName" value="Oyodo"/>
			</object>
			<object name="O29893">
				<string name="ConnectName" value="Boiler5;Boiler3"/>
				<integer name="Country" value="2"/>
				<float name="ER" value="150."/>
				<string name="Hull" value="Std_Engine"/>
				<string name="Name" value="Engine3"/>
				<string name="TypHL" value="Engine"/>
				<string name="UnitName" value="Oyodo"/>
			</object>
			<object name="O29894">
				<string name="ConnectName" value="Boiler5;Boiler4"/>
				<integer name="Country" value="2"/>
				<float name="ER" value="150."/>
				<string name="Hull" value="Std_Engine"/>
				<string name="Name" value="Engine4"/>
				<string name="TypHL" value="Engine"/>
				<string name="UnitName" value="Oyodo"/>
			</object>
			<object name="O29895">
				<integer name="Country" value="2"/>
				<float name="ER" value="200."/>
				<string name="Hull" value="Oyodo_LBelt"/>
				<string name="Name" value="Middle6_LBelt"/>
				<string name="TypHL" value="Hull"/>
				<string name="UnitName" value="Oyodo"/>
			</object>
			<object name="O29896">
				<integer name="Country" value="2"/>
				<float name="ER" value="150."/>
				<string name="Hull" value="Oyodo_LBoard"/>
				<string name="Name" value="Middle6_LBoard"/>
				<string name="TypHL" value="Hull"/>
				<string name="UnitName" value="Oyodo"/>
			</object>
			<object name="O29897">
				<integer name="Country" value="2"/>
				<float name="ER" value="200."/>
				<string name="Hull" value="Oyodo_RBelt"/>
				<string name="Name" value="Middle6_RBelt"/>
				<string name="TypHL" value="Hull"/>
				<string name="UnitName" value="Oyodo"/>
			</object>
			<object name="O29898">
				<integer name="Country" value="2"/>
				<float name="ER" value="150."/>
				<string name="Hull" value="Oyodo_RBoard"/>
				<string name="Name" value="Middle6_RBoard"/>
				<string name="TypHL" value="Hull"/>
				<string name="UnitName" value="Oyodo"/>
			</object>
			<object name="O29899">
				<integer name="Country" value="2"/>
				<float name="ER" value="150."/>
				<string name="Hull" value="Oyodo_UpperDeck"/>
				<string name="Name" value="Stern1_UpperDeck"/>
				<string name="TypHL" value="Hull"/>
				<string name="UnitName" value="Oyodo"/>
			</object>
			<object name="O29900">
				<integer name="Country" value="2"/>
				<float name="ER" value="200."/>
				<string name="Hull" value="Oyodo_LowerDeck"/>
				<string name="Name" value="Stern1_LowerDeck"/>
				<string name="TypHL" value="Hull"/>
				<string name="UnitName" value="Oyodo"/>
			</object>
			<object name="O29901">
				<integer name="Country" value="2"/>
				<float name="ER" value="250."/>
				<string name="Hull" value="Oyodo_Stern_AmmoStoreCover"/>
				<string name="Name" value="Stern_AmmoStoreCover"/>
				<string name="TypHL" value="Hull"/>
				<string name="UnitName" value="Oyodo"/>
			</object>
			<object name="O29902">
				<integer name="Country" value="2"/>
				<float name="ER" value="100."/>
				<string name="Hull" value="Oyodo_AmmoStore"/>
				<string name="Name" value="AmmoStore3"/>
				<float name="Param_1" value="0."/>
				<string name="TypHL" value="AmmoStore"/>
				<string name="UnitName" value="Oyodo"/>
			</object>
			<object name="O29903">
				<integer name="Country" value="2"/>
				<float name="ER" value="150."/>
				<string name="Hull" value="Oyodo_UpperDeck"/>
				<string name="Name" value="Stern2_Deck"/>
				<string name="TypHL" value="Hull"/>
				<string name="UnitName" value="Oyodo"/>
			</object>
			<object name="O29904">
				<integer name="Country" value="2"/>
				<float name="ER" value="100."/>
				<string name="Hull" value="Std_Hull"/>
				<string name="Name" value="Tiller"/>
				<string name="TypHL" value="Hull"/>
				<string name="UnitName" value="Oyodo"/>
			</object>
			<object name="O29905">
				<integer name="Country" value="2"/>
				<float name="ER" value="150."/>
				<string name="Hull" value="Oyodo_Bottom"/>
				<string name="Name" value="Bow1_Bottom"/>
				<string name="TypHL" value="FuelTank"/>
				<string name="UnitName" value="Oyodo"/>
			</object>
			<object name="O29906">
				<integer name="Country" value="2"/>
				<float name="ER" value="150."/>
				<string name="Hull" value="Oyodo_Bottom"/>
				<string name="Name" value="Bow2_Bottom"/>
				<string name="TypHL" value="FuelTank"/>
				<string name="UnitName" value="Oyodo"/>
			</object>
			<object name="O29907">
				<integer name="Country" value="2"/>
				<float name="ER" value="150."/>
				<string name="Hull" value="Oyodo_Bottom"/>
				<string name="Name" value="Middle1_Bottom"/>
				<string name="TypHL" value="FuelTank"/>
				<string name="UnitName" value="Oyodo"/>
			</object>
			<object name="O29908">
				<integer name="Country" value="2"/>
				<float name="ER" value="150."/>
				<string name="Hull" value="Oyodo_Bottom"/>
				<string name="Name" value="Middle2_Bottom"/>
				<string name="TypHL" value="FuelTank"/>
				<string name="UnitName" value="Oyodo"/>
			</object>
			<object name="O29909">
				<integer name="Country" value="2"/>
				<float name="ER" value="150."/>
				<string name="Hull" value="Oyodo_Bottom"/>
				<string name="Name" value="Middle3_Bottom"/>
				<string name="TypHL" value="FuelTank"/>
				<string name="UnitName" value="Oyodo"/>
			</object>
			<object name="O29910">
				<integer name="Country" value="2"/>
				<float name="ER" value="150."/>
				<string name="Hull" value="Oyodo_Bottom"/>
				<string name="Name" value="Middle4_Bottom"/>
				<string name="TypHL" value="FuelTank"/>
				<string name="UnitName" value="Oyodo"/>
			</object>
			<object name="O29911">
				<integer name="Country" value="2"/>
				<float name="ER" value="150."/>
				<string name="Hull" value="Oyodo_Bottom"/>
				<string name="Name" value="Middle5_Bottom"/>
				<string name="TypHL" value="FuelTank"/>
				<string name="UnitName" value="Oyodo"/>
			</object>
			<object name="O29912">
				<integer name="Country" value="2"/>
				<float name="ER" value="150."/>
				<string name="Hull" value="Oyodo_Bottom"/>
				<string name="Name" value="Middle6_Bottom"/>
				<string name="TypHL" value="FuelTank"/>
				<string name="UnitName" value="Oyodo"/>
			</object>
			<object name="O29913">
				<integer name="Country" value="2"/>
				<float name="ER" value="150."/>
				<string name="Hull" value="Oyodo_Bottom"/>
				<string name="Name" value="Stern1_Bottom"/>
				<string name="TypHL" value="FuelTank"/>
				<string name="UnitName" value="Oyodo"/>
			</object>
			<object name="O29914">
				<integer name="Country" value="2"/>
				<integer name="Crew" value="115"/>
				<float name="ER" value="100."/>
				<string name="Hull" value="Std_CLUpperHull"/>
				<string name="Name" value="USuperStructure"/>
				<string name="TypHL" value="Crew"/>
				<string name="UnitName" value="Oyodo"/>
			</object>
			<object name="O29915">
				<integer name="Country" value="2"/>
				<float name="ER" value="150."/>
				<string name="Hull" value="Std_Rudder"/>
				<string name="Name" value="Rudder"/>
				<string name="TypHL" value="Rudder"/>
				<string name="UnitName" value="Oyodo"/>
			</object>
			<object name="O29916">
				<integer name="Country" value="2"/>
				<float name="ER" value="100."/>
				<string name="Hull" value="Std_SmokeStack"/>
				<string name="Name" value="SmokeStack"/>
				<string name="TypHL" value="Hull"/>
				<string name="UnitName" value="Oyodo"/>
			</object>
		</object>
		<object name="Hulls">
			<object name="Oyodo_AmmoStore">
				<integer name="Back" value="10"/>
				<integer name="Bottom" value="10"/>
				<integer name="Country" value="2"/>
				<float name="ExplProb" value="20."/>
				<float name="FireProb" value="20."/>
				<integer name="Front" value="10"/>
				<integer name="Left" value="10"/>
				<string name="Material" value="Armored"/>
				<integer name="Right" value="10"/>
				<integer name="Top" value="10"/>
				<integer name="UnitName" value="0"/>
				<string name="UnitTyp" value="Ship"/>
			</object> 
			<object name="Oyodo_Barbet">
				<integer name="Back" value="25"/>
				<integer name="Bottom" value="15"/>
				<integer name="Country" value="2"/>
				<float name="ExplProb" value="15."/>
				<float name="FireProb" value="20."/>
				<integer name="Front" value="25"/>
				<integer name="Left" value="25"/>
				<string name="Material" value="Armored"/>
				<integer name="Right" value="25"/>
				<integer name="Top" value="25"/>
				<integer name="UnitName" value="0"/>
				<string name="UnitTyp" value="Ship"/>
			</object>
			<object name="Oyodo_Bottom">
				<integer name="Back" value="25"/>
				<integer name="Bottom" value="20"/>
				<integer name="Country" value="2"/>
				<float name="ExplProb" value="0."/>
				<float name="FireProb" value="0."/>
				<integer name="Front" value="25"/>
				<integer name="Left" value="25"/>
				<string name="Material" value="Steel"/>
				<integer name="Right" value="25"/>
				<integer name="Top" value="25"/>
				<integer name="UnitName" value="0"/>
				<string name="UnitTyp" value="Ship"/>
			</object>
			<object name="Oyodo_Bow_AmmoStoreCover">
				<integer name="Back" value="50"/>
				<integer name="Bottom" value="50"/>
				<integer name="Country" value="2"/>
				<float name="ExplProb" value="0."/>
				<float name="FireProb" value="5."/>
				<integer name="Front" value="50"/>
				<integer name="Left" value="50"/>
				<string name="Material" value="Armored"/>
				<integer name="Right" value="50"/>
				<integer name="Top" value="50"/>
				<integer name="UnitName" value="0"/>
				<string name="UnitTyp" value="Ship"/>
			</object>
			<object name="Oyodo_LBelt">
				<integer name="Back" value="25"/>
				<integer name="Bottom" value="25"/>
				<integer name="Country" value="2"/>
				<float name="ExplProb" value="0."/>
				<float name="FireProb" value="5."/>
				<integer name="Front" value="25"/>
				<integer name="Left" value="57"/>
				<string name="Material" value="Armored"/>
				<integer name="Right" value="25"/>
				<integer name="Top" value="25"/>
				<integer name="UnitName" value="0"/>
				<string name="UnitTyp" value="Ship"/>
			</object>
			<object name="Oyodo_LBoard">
				<integer name="Back" value="25"/>
				<integer name="Bottom" value="25"/>
				<integer name="Country" value="2"/>
				<float name="ExplProb" value="0."/>
				<float name="FireProb" value="5."/>
				<integer name="Front" value="25"/>
				<integer name="Left" value="25"/>
				<string name="Material" value="Armored"/>
				<integer name="Right" value="25"/>
				<integer name="Top" value="25"/>
				<integer name="UnitName" value="0"/>
				<string name="UnitTyp" value="Ship"/>
			</object>
			<object name="Oyodo_LowerDeck">
				<integer name="Back" value="25"/>
				<integer name="Bottom" value="10"/>
				<integer name="Country" value="2"/>
				<float name="ExplProb" value="0."/>
				<float name="FireProb" value="5."/>
				<integer name="Front" value="25"/>
				<integer name="Left" value="25"/>
				<string name="Material" value="Armored"/>
				<integer name="Right" value="25"/>
				<integer name="Top" value="20"/>
				<integer name="UnitName" value="0"/>
				<string name="UnitTyp" value="Ship"/>
			</object>  		 
			<object name="Oyodo_RBelt">
				<integer name="Back" value="25"/>
				<integer name="Bottom" value="25"/>
				<integer name="Country" value="2"/>
				<float name="ExplProb" value="0."/>
				<float name="FireProb" value="5."/>
				<integer name="Front" value="25"/>
				<integer name="Left" value="25"/>
				<string name="Material" value="Armored"/>
				<integer name="Right" value="57"/>
				<integer name="Top" value="25"/>
				<integer name="UnitName" value="0"/>
				<string name="UnitTyp" value="Ship"/>
			</object> 
			<object name="Oyodo_RBoard">
				<integer name="Back" value="25"/>
				<integer name="Bottom" value="25"/>
				<integer name="Country" value="2"/>
				<float name="ExplProb" value="0."/>
				<float name="FireProb" value="5."/>
				<integer name="Front" value="25"/>
				<integer name="Left" value="25"/>
				<string name="Material" value="Armored"/>
				<integer name="Right" value="25"/>
				<integer name="Top" value="25"/>
				<integer name="UnitName" value="0"/>
				<string name="UnitTyp" value="Ship"/>
			</object>
			<object name="Oyodo_Stern_AmmoStoreCover">
				<integer name="Back" value="50"/>
				<integer name="Bottom" value="50"/>
				<integer name="Country" value="2"/>
				<float name="ExplProb" value="0."/>
				<float name="FireProb" value="5."/>
				<integer name="Front" value="50"/>
				<integer name="Left" value="50"/>
				<string name="Material" value="Armored"/>
				<integer name="Right" value="50"/>
				<integer name="Top" value="50"/>
				<integer name="UnitName" value="0"/>
				<string name="UnitTyp" value="Ship"/>
			</object>
			<object name="Oyodo_UpperDeck">
				<integer name="Back" value="25"/>
				<integer name="Bottom" value="25"/>
				<integer name="Country" value="2"/>
				<float name="ExplProb" value="0."/>
				<float name="FireProb" value="5."/>
				<integer name="Front" value="25"/>
				<integer name="Left" value="25"/>
				<string name="Material" value="Steel"/>
				<integer name="Right" value="25"/>
				<integer name="Top" value="20"/>
				<integer name="UnitName" value="0"/>
				<string name="UnitTyp" value="Ship"/>
			</object>
		</object>
		<object name="Ships">
			<object name="Oyodo">
				<float name="AccelRate" value="3.e-004"/>
				<string name="Airgroup" value="Scout_Floatplane_Cruiser_Division_6_0_japan"/>
				<integer name="AirplanesCount" value="6"/>
				<string name="AmmoLoadingTemplate" value="Ammo 12"/>
				<boolean name="BoatsTransportationAbility" value="false"/>
				<integer name="CabinArmor" value="52"/>
				<boolean name="CanBeChanged" value="true"/>
				<boolean name="CanUseTorpedos" value="false"/>
				<string name="CatapultAirgroupDefaultUnit" value="F1M"/>
				<integer name="Country" value="2"/>
				<integer name="Crew" value="730"/>
				<float name="CriticalCareen" value="37."/>
				<float name="CriticalDFT" value="1.1"/>
				<float name="CriticalDifferent" value="2.5"/>
				<float name="DisplacementMax" value="11615."/>
				<float name="DTimeProd" value="90."/>
				<float name="EPR" value="200."/>
				<float name="FireRisk" value="227."/>
				<float name="Fuel" value="2360."/>
				<float name="HLShapeCoef" value="0.6"/>
				<integer name="HullArmorSide" value="56"/>
				<integer name="HullArmorTop" value="19"/>
				<float name="Iron" value="13000."/>
				<integer name="Length" value="192.1"/>
				<float name="MaxSpeed" value="35."/>
				<integer name="MinCrew" value="360"/>
				<float name="Money" value="8000."/>
				<string name="Name" value="Oyodo"/>
				<boolean name="New" value="false"/>
				<float name="NTimeProd" value="225."/>
				<integer name="Nuc_Dest_Prob" value="500"/>
				<integer name="Passengers" value="40"/>
				<boolean name="PlanesTransportationAbility" value="false"/>
				<float name="Range" value="19610."/>
				<integer name="Rank" value="4"/>
				<string name="SMU" value="Oyodo"/>
				<float name="Speed" value="18."/>
				<float name="StoreCapacity" value="230."/>
				<boolean name="Transportable" value="false"/>
				<float name="TurnRate" value="1.5e-003"/>
				<integer name="Type" value="3"/>
				<float name="Vitality" value="3500."/>
				<float name="VitalityAA" value="700."/>
				<float name="Weight" value="8924."/>
				<integer name="Width" value="16.6"/>
				<integer name="Year" value="43"/>
			</object>
		</object>
		<object name="ShipsNames">
			<object name="Oyodo">
				<string name="1" value="Oyodo1"/>
			</object>
		</object>
		<object name="UnitsByType">
			<object name="3">
				<object name="Oyodo">
					<string name="ChildTable" value="Ships"/>
				</object>
			</object>
		</object>
	</object>
</root>
