﻿<?xml version="1.0" standalone="yes" ?>
<root>
	<object name="Modifications">
		<object name="Ships">
			<object name="Oyodo">
				<object name="Prototype">
					<string name="AAGunControl" value="Typ94_AA"/>
					<float name="AAVolleyWeight" value="5.7840004"/>
					<float name="Aluminium" value="0."/>
					<float name="AmmoWeight" value="133.394989"/>
					<float name="Armour" value="0."/>
					<float name="FuelConsumption" value="4.68567753"/>
					<float name="FuelProtect" value="0."/>
					<string name="FullModName" value="Ships.Oyodo.Prototype"/>
					<float name="Iron" value="13807.6963"/>
				    <boolean name="IsAvailable" value="false"/>
					<boolean name="IsJammer" value="false"/>
					<string name="MainGunControl" value="Typ94R_M"/>
					<float name="MaxFuel" value="2360."/>
					<float name="MaxSpeed" value="35."/>
					<float name="MinSpeed" value="0."/>
					<float name="Money" value="13398.1533"/>
					<widestring name="Name" value="TABpAGcAaAB0ACAAQwByAHUAaQBzAGUAcgAgAE8AeQBvAGQAbwA="/>
					<float name="RadarRange" value="100."/>
					<float name="RadioGain" value="32000."/>
					<float name="RadioPowerHF" value="160."/>
					<float name="RadioPowerVHF" value="0."/>
					<float name="RadioSensitivityHF" value="4.99999989e-003"/>
					<float name="RadioSensitivityVHF" value="0."/>
					<object name="Slots">
						<object name="TPort_MainGun_Turret_F1">
							<string name="Device" value="Second_Turret_155_Yamato"/>
							<string name="Table" value="Turrets"/>
						</object>
						<object name="TPort_MainGun_Turret_F2">
							<string name="Device" value="Second_Turret_155_Yamato"/>
							<string name="Table" value="Turrets"/>
						</object>
						<object name="TPort_AAA2x100mmFR">
							<string name="Device" value="Main_Turret_100_Akitsuki"/>
							<string name="Table" value="Turrets"/>
						</object>
						<object name="TPort_AAA2x100mmFL">
							<string name="Device" value="Main_Turret_100_Akitsuki"/>
							<string name="Table" value="Turrets"/>
						</object>
						<object name="TPort_AAA2x100mmBR">
							<string name="Device" value="Main_Turret_100_Akitsuki"/>
							<string name="Table" value="Turrets"/>
						</object>
						<object name="TPort_AAA2x100mmBL">
							<string name="Device" value="Main_Turret_100_Akitsuki"/>
							<string name="Table" value="Turrets"/>
						</object>
						<object name="TPort_ASW_R">
							<string name="Device" value="Bomb_Kletka_Small_4x"/>
							<string name="Table" value="Rifles"/>
						</object>
						<object name="TPort_ASW_L">
							<string name="Device" value="Bomb_Kletka_Small_4x"/>
							<string name="Table" value="Rifles"/>
						</object>

						<object name="TPort_AA3x25mmF1R">
							<string name="Device" value="Jap_Turret_25x3"/>
							<string name="Table" value="Turrets"/>
						</object>
						<object name="TPort_AA3x25mmF1L">
							<string name="Device" value="Jap_Turret_25x3"/>
							<string name="Table" value="Turrets"/>
						</object>
						<object name="TPort_AA3x25mmF2R">
							<string name="Device" value="Jap_Turret_25x3"/>
							<string name="Table" value="Turrets"/>
						</object>
						<object name="TPort_AA3x25mmF2L">
							<string name="Device" value="Jap_Turret_25x3"/>
							<string name="Table" value="Turrets"/>
						</object>
						<object name="TPort_AA3x25mmM1R">
							<string name="Device" value="Jap_Turret_25x3"/>
							<string name="Table" value="Turrets"/>
						</object>
						<object name="TPort_AA3x25mmM1L">
							<string name="Device" value="Jap_Turret_25x3"/>
							<string name="Table" value="Turrets"/>
						</object>
						<object name="TPort_AA3x25mmM2R">
							<string name="Device" value="Jap_Turret_25x3"/>
							<string name="Table" value="Turrets"/>
						</object>
						<object name="TPort_AA3x25mmM2L">
							<string name="Device" value="Jap_Turret_25x3"/>
							<string name="Table" value="Turrets"/>
						</object>
						<object name="TPort_AA3x25mmM3R">
							<string name="Device" value="Jap_Turret_25x3"/>
							<string name="Table" value="Turrets"/>
						</object>
						<object name="TPort_AA3x25mmM3L">
							<string name="Device" value="Jap_Turret_25x3"/>
							<string name="Table" value="Turrets"/>
						</object>
						<object name="TPort_AA3x25mmB1R">
							<string name="Device" value="Jap_Turret_25x3"/>
							<string name="Table" value="Turrets"/>
						</object>

						<object name="TPort_AA3x25mmB1L">
							<string name="Device" value="Jap_Turret_25x3"/>
							<string name="Table" value="Turrets"/>
						</object>
						<object name="TPort_AA1x25mmF1R">
							<string name="Device" value="Jap_Turret_25x1"/>
							<string name="Table" value="Turrets"/>
						</object>
						<object name="TPort_AA1x25mmF1L">
							<string name="Device" value="Jap_Turret_25x1"/>
							<string name="Table" value="Turrets"/>
						</object>
						<object name="TPort_AA1x25mmF2R">
							<string name="Device" value="Jap_Turret_25x1"/>
							<string name="Table" value="Turrets"/>
						</object>
						<object name="TPort_AA1x25mmF2L">
							<string name="Device" value="Jap_Turret_25x1"/>
							<string name="Table" value="Turrets"/>
						</object>
						<object name="TPort_AA1x25mmF3R">
							<string name="Device" value="Jap_Turret_25x1"/>
							<string name="Table" value="Turrets"/>
						</object>
						<object name="TPort_AA1x25mmF3L">
							<string name="Device" value="Jap_Turret_25x1"/>
							<string name="Table" value="Turrets"/>
						</object>
						<object name="TPort_AA1x25mmF4R">
							<string name="Device" value="Jap_Turret_25x1"/>
							<string name="Table" value="Turrets"/>
						</object>
						<object name="TPort_AA1x25mmF4L">
							<string name="Device" value="Jap_Turret_25x1"/>
							<string name="Table" value="Turrets"/>
						</object>
						<object name="TPort_AA1x25mmF5R">
							<string name="Device" value="Jap_Turret_25x1"/>
							<string name="Table" value="Turrets"/>
						</object>
						<object name="TPort_AA1x25mmF5L">
							<string name="Device" value="Jap_Turret_25x1"/>
							<string name="Table" value="Turrets"/>
						</object>
						<object name="TPort_AA1x25mmF6R">
							<string name="Device" value="Jap_Turret_25x1"/>
							<string name="Table" value="Turrets"/>
						</object>
						<object name="TPort_AA1x25mmF6L">
							<string name="Device" value="Jap_Turret_25x1"/>
							<string name="Table" value="Turrets"/>
						</object>
						<object name="TPort_AA1x25mmF7R">
							<string name="Device" value="Jap_Turret_25x1"/>
							<string name="Table" value="Turrets"/>
						</object>
						<object name="TPort_AA1x25mmF7L">
							<string name="Device" value="Jap_Turret_25x1"/>
							<string name="Table" value="Turrets"/>
						</object>
						<object name="TPort_AA1x25mmF8R">
							<string name="Device" value="Jap_Turret_25x1"/>
							<string name="Table" value="Turrets"/>
						</object>
						<object name="TPort_AA1x25mmF8L">
							<string name="Device" value="Jap_Turret_25x1"/>
							<string name="Table" value="Turrets"/>
						</object>
						<object name="TPort_AA1x25mmF9">
							<string name="Device" value="Jap_Turret_25x1"/>
							<string name="Table" value="Turrets"/>
						</object>
						<object name="TPort_ProjFR">
							<string name="Device" value="Jap_Projector"/>
							<string name="Table" value="Turrets"/>
						</object>
						<object name="TPort_ProjFL">
							<string name="Device" value="Jap_Projector"/>
							<string name="Table" value="Turrets"/>
						</object>  
						<object name="TPort_ProjB">
							<string name="Device" value="Jap_Projector"/>
							<string name="Table" value="Turrets"/>
						</object> 
						<object name="TPort_RF_Typ95_02_F1R">
							<string name="Device" value="Director_Typ95_Yamato_02"/>
							<string name="Table" value="Turrets"/>
						</object> 
						<object name="TPort_RF_Typ95_02_F1L">
							<string name="Device" value="Director_Typ95_Yamato_02"/>
							<string name="Table" value="Turrets"/>
						</object>
						<object name="TPort_RF_Typ95_02_B1R">
							<string name="Device" value="Director_Typ95_Yamato_02"/>
							<string name="Table" value="Turrets"/>
						</object> 
						<object name="TPort_RF_Typ95_02_B1L">
							<string name="Device" value="Director_Typ95_Yamato_02"/>
							<string name="Table" value="Turrets"/>
						</object>
						<object name="TPort_RF_Jap_Mk52_FR">
							<string name="Device" value="Jap_RangeFinder_Mk52"/>
							<string name="Table" value="Turrets"/>
						</object>
						<object name="TPort_RF_Jap_Mk52_FL">
							<string name="Device" value="Jap_RangeFinder_Mk52"/>
							<string name="Table" value="Turrets"/>
						</object>
						<object name="TPort_RF_Jap_Mk52_BR">
							<string name="Device" value="Jap_RangeFinder_Mk52"/>
							<string name="Table" value="Turrets"/>
						</object>
						<object name="TPort_RF_Jap_Mk52_BL">
							<string name="Device" value="Jap_RangeFinder_Mk52"/>
							<string name="Table" value="Turrets"/>
						</object>
						<object name="TPort_Main_Gun_Director1">
							<string name="Device" value="Dalnomer_Agano_V2"/>
							<string name="Table" value="Turrets"/>
						</object>
						<object name="TPort_Main_Gun_Director2">
							<string name="Device" value="Dalnomer25_Akagi"/>
							<string name="Table" value="Turrets"/>
						</object>
						<object name="TPort_Main_Gun_Director3">
							<string name="Device" value="Dalnomer45_Yamato_V2"/>
							<string name="Table" value="Turrets"/>
						</object>
						<object name="TPort_RADAR1">
							<string name="Device" value="Radar_Typ13_2"/>
							<string name="Table" value="Turrets"/>
						</object>
						<object name="TPort_RADAR2">
							<string name="Device" value="Radar_Typ_22"/>
							<string name="Table" value="Turrets"/>
						</object>
						<object name="TPort_RADAR3">
							<string name="Device" value="Radar_Typ_22"/>
							<string name="Table" value="Turrets"/>
						</object>
						<object name="TPort_KATAPULT">
							<string name="Device" value="Katapulta"/>
							<string name="Table" value="Turrets"/>
						</object>
						
						<object name="TPort_VINTFR">
							<string name="Device" value="Vint_Fletcher"/>
							<string name="Table" value="Turrets"/>
						</object>
						<object name="TPort_VINTFL">
							<string name="Device" value="Vint_Fletcher"/>
							<string name="Table" value="Turrets"/>
						</object>
						<object name="TPort_VINTBR">
							<string name="Device" value="Vint_Fletcher"/>
							<string name="Table" value="Turrets"/>
						</object>
						<object name="TPort_VINTBL">
							<string name="Device" value="Vint_Fletcher"/>
							<string name="Table" value="Turrets"/>
						</object>	  
						<object name="ZPort_AAGunContr1">
							<string name="Device" value="Typ94_AA"/>
							<string name="Table" value="AimSystems"/>
						</object>
						<object name="ZPort_Jammer_US_A1">
							<string name="Device" value=""/>
							<string name="Table" value="Probes"/>
						</object>
						<object name="ZPort_MainGunContr">
							<string name="Device" value="Typ94R_M"/>
							<string name="Table" value="AimSystems"/>
						</object>
						<object name="ZPort_Radio">
							<string name="Device" value="J_ShipRadioHF"/>
							<string name="Table" value="Probes"/>
						</object>
						<object name="ZPort_Sonar">
							<string name="Device" value="Broadband_J"/>
							<string name="Table" value="Probes"/>
						</object>
						<object name="ZPort_SteamTurbine_01">
							<string name="Device" value="MPP_Oyodo"/>
							<string name="Table" value="Engins"/>
						</object>
					</object>
					<string name="Sonar" value="Broadband_J"/>
					<float name="Speed" value="18."/>
					<string name="SuperRifles" value=""/>
					<float name="VolleyWeight" value="4.19532013"/>
					<float name="Weight" value="10910.5967"/>
				</object>
			</object>
		</object>
	</object>
</root>