﻿<?xml version="1.0" standalone="yes" ?>
<root>
	<object name="Modifications">
		<object name="Ships">
			<object name="Revenge">
				<object name="Prototype">
					<string name="AAGunControl" value="Mark0_AA"/>
					<float name="AAVolleyWeight" value="7.01604128"/>
					<float name="Aluminium" value="0."/>
					<float name="AmmoWeight" value="1027.49573"/>
					<float name="Armour" value="0."/>
					<float name="FuelConsumption" value="3.40856385"/>
					<float name="FuelProtect" value="0."/>
					<string name="FullModName" value="Ships.Revenge.Prototype"/>
					<float name="Iron" value="52304.9141"/>
					<boolean name="IsAvailable" value="true"/>
					<boolean name="IsJammer" value="false"/>
					<string name="MainGunControl" value="Mk_7_M"/>
					<float name="MaxFuel" value="3400."/>
					<float name="MaxSpeed" value="23."/>
					<float name="MinSpeed" value="0."/>
					<float name="Money" value="56561.5"/>
					<widestring name="Name" value="QgBhAHQAdABsAGUAcwBoAGkAcAAgAFIAZQB2AGUAbgBnAGUA"/>
					<float name="RadarRange" value="0."/>
					<float name="RadioGain" value="32258.0645"/>
					<float name="RadioPowerHF" value="100."/>
					<float name="RadioPowerVHF" value="0."/>
					<float name="RadioSensitivityHF" value="3.10000009e-003"/>
					<float name="RadioSensitivityVHF" value="0."/>
					<object name="Slots">
						<object name="TPort_Anton">
							<string name="Device" value="Hood_MkII_381mm_2V_A"/>
							<string name="Table" value="Turrets"/>
						</object>
						<object name="TPort_Bruno">
							<string name="Device" value="Hood_MkII_381mm_2V_B"/>
							<string name="Table" value="Turrets"/>
						</object> 
						<object name="TPort_Cesar">
							<string name="Device" value="Hood_MkII_381mm_1V_C"/>
							<string name="Table" value="Turrets"/>
						</object>
						<object name="TPort_Dora">
							<string name="Device" value="Hood_MkII_381mm_2V_D"/>
							<string name="Table" value="Turrets"/>
						</object>
						<object name="TPort_152mmF1R">
							<string name="Device" value="152mm_RoyalNavy_casemate_Turret"/>
							<string name="Table" value="Turrets"/>
						</object>
						<object name="TPort_152mmF1L">
							<string name="Device" value="152mm_RoyalNavy_casemate_Turret"/>
							<string name="Table" value="Turrets"/>
						</object> 
						<object name="TPort_152mmF2R">
							<string name="Device" value="152mm_RoyalNavy_casemate_Turret"/>
							<string name="Table" value="Turrets"/>
						</object>
						<object name="TPort_152mmF2L">
							<string name="Device" value="152mm_RoyalNavy_casemate_Turret"/>
							<string name="Table" value="Turrets"/>
						</object>
						<object name="TPort_152mmF3R">
							<string name="Device" value="152mm_RoyalNavy_casemate_Turret"/>
							<string name="Table" value="Turrets"/>
						</object>
						<object name="TPort_152mmF3L">
							<string name="Device" value="152mm_RoyalNavy_casemate_Turret"/>
							<string name="Table" value="Turrets"/>
						</object>
						<object name="TPort_152mmF4R">
							<string name="Device" value="152mm_RoyalNavy_casemate_Turret"/>
							<string name="Table" value="Turrets"/>
						</object>
						<object name="TPort_152mmF4L">
							<string name="Device" value="152mm_RoyalNavy_casemate_Turret"/>
							<string name="Table" value="Turrets"/>
						</object>	  
						<object name="TPort_152mmF5R">
							<string name="Device" value="152mm_RoyalNavy_casemate_Turret"/>
							<string name="Table" value="Turrets"/>
						</object>
						<object name="TPort_152mmF5L">
							<string name="Device" value="152mm_RoyalNavy_casemate_Turret"/>
							<string name="Table" value="Turrets"/>
						</object>
						<object name="TPort_152mmF6R">
							<string name="Device" value="152mm_RoyalNavy_casemate_Turret"/>
							<string name="Table" value="Turrets"/>
						</object>
						<object name="TPort_152mmF6L">
							<string name="Device" value="152mm_RoyalNavy_casemate_Turret"/>
							<string name="Table" value="Turrets"/>
						</object>
						<object name="TPort_102mmFR">
							<string name="Device" value="Hood_Gun_102x2_Turret"/>
							<string name="Table" value="Turrets"/>
						</object>
						<object name="TPort_102mmFL">
							<string name="Device" value="Hood_Gun_102x2_Turret"/>
							<string name="Table" value="Turrets"/>
						</object>
						<object name="TPort_102mmBR">
							<string name="Device" value="Hood_Gun_102x2_Turret"/>
							<string name="Table" value="Turrets"/>
						</object>
						<object name="TPort_102mmBL">
							<string name="Device" value="Hood_Gun_102x2_Turret"/>
							<string name="Table" value="Turrets"/>
						</object>
						<object name="TPort_AA40mmFR">
							<string name="Device" value="Hood_Gun_40x8_Turret"/>
							<string name="Table" value="Turrets"/>
						</object>

						<object name="TPort_AA40mmFL">
							<string name="Device" value="Hood_Gun_40x8_Turret"/>
							<string name="Table" value="Turrets"/>
						</object>
						<object name="TPort_AA40mmBR">
							<string name="Device" value="Hood_Gun_40x8_Turret"/>
							<string name="Table" value="Turrets"/>
						</object>
						<object name="TPort_AA40mmBL">
							<string name="Device" value="Hood_Gun_40x8_Turret"/>
							<string name="Table" value="Turrets"/>
						</object>
						<object name="TPort_AAQFR">
							<string name="Device" value="Hood_Gun_12_5x4_Turret"/>
							<string name="Table" value="Turrets"/>
						</object> 
						<object name="TPort_AAQFL">
							<string name="Device" value="Hood_Gun_12_5x4_Turret"/>
							<string name="Table" value="Turrets"/>
						</object>
						<object name="TPort_AAQBR">
							<string name="Device" value="Hood_Gun_12_5x4_Turret"/>
							<string name="Table" value="Turrets"/>
						</object>
						<object name="TPort_AAQBL">
							<string name="Device" value="Hood_Gun_12_5x4_Turret"/>
							<string name="Table" value="Turrets"/>
						</object>
						<object name="TPort_AA20mmF1R">
							<string name="Device" value="Turret_20x1_ENG"/>
							<string name="Table" value="Turrets"/>
						</object>
						<object name="TPort_AA20mmF1L">
							<string name="Device" value="Turret_20x1_ENG"/>
							<string name="Table" value="Turrets"/>
						</object>
						<object name="TPort_AA20mmF2R">
							<string name="Device" value="Turret_20x1_ENG"/>
							<string name="Table" value="Turrets"/>
						</object>
						<object name="TPort_AA20mmF2L">
							<string name="Device" value="Turret_20x1_ENG"/>
							<string name="Table" value="Turrets"/>
						</object>
						<object name="TPort_AA20mmF3R">
							<string name="Device" value="Turret_20x1_ENG"/>
							<string name="Table" value="Turrets"/>
						</object>
						<object name="TPort_AA20mmF3L">
							<string name="Device" value="Turret_20x1_ENG"/>
							<string name="Table" value="Turrets"/>
						</object>
						<object name="TPort_AA20mmF4R">
							<string name="Device" value="Turret_20x1_ENG"/>
							<string name="Table" value="Turrets"/>
						</object>
						<object name="TPort_AA20mmF4L">
							<string name="Device" value="Turret_20x1_ENG"/>
							<string name="Table" value="Turrets"/>
						</object>
						<object name="TPort_AA20mmF5R">
							<string name="Device" value="Turret_20x1_ENG"/>
							<string name="Table" value="Turrets"/>
						</object>
						<object name="TPort_AA20mmF5L">
							<string name="Device" value="Turret_20x1_ENG"/>
							<string name="Table" value="Turrets"/>
						</object>
						<object name="TPort_AA20mmF6R">
							<string name="Device" value="Turret_20x1_ENG"/>
							<string name="Table" value="Turrets"/>
						</object>
						<object name="TPort_AA20mmF6L">
							<string name="Device" value="Turret_20x1_ENG"/>
							<string name="Table" value="Turrets"/>
						</object>
						<object name="TPort_AA20mmF7R">
							<string name="Device" value="Turret_20x1_ENG"/>
							<string name="Table" value="Turrets"/>
						</object>
						<object name="TPort_AA20mmF7L">
							<string name="Device" value="Turret_20x1_ENG"/>
							<string name="Table" value="Turrets"/>
						</object>
						<object name="TPort_AA20mmF8R">
							<string name="Device" value="Turret_20x1_ENG"/>
							<string name="Table" value="Turrets"/>
						</object>
						<object name="TPort_AA20mmF8L">
							<string name="Device" value="Turret_20x1_ENG"/>
							<string name="Table" value="Turrets"/>
						</object>
						<object name="TPort_AA20mmF9R">
							<string name="Device" value="Turret_20x1_ENG"/>
							<string name="Table" value="Turrets"/>
						</object>
						<object name="TPort_AA20mmF9L">
							<string name="Device" value="Turret_20x1_ENG"/>
							<string name="Table" value="Turrets"/>
						</object>
						<object name="TPort_AA20mmF10R">
							<string name="Device" value="Turret_20x1_ENG"/>
							<string name="Table" value="Turrets"/>
						</object>
						<object name="TPort_AA20mmF10L">
							<string name="Device" value="Turret_20x1_ENG"/>
							<string name="Table" value="Turrets"/>
						</object>
						<object name="TPort_AA20mmF11R">
							<string name="Device" value="Turret_20x1_ENG"/>
							<string name="Table" value="Turrets"/>
						</object>
						<object name="TPort_AA20mmF11L">
							<string name="Device" value="Turret_20x1_ENG"/>
							<string name="Table" value="Turrets"/>
						</object>
						<object name="TPort_AA20mmF12R">
							<string name="Device" value="Turret_20x1_ENG"/>
							<string name="Table" value="Turrets"/>
						</object>
						<object name="TPort_AA20mmF12L">
							<string name="Device" value="Turret_20x1_ENG"/>
							<string name="Table" value="Turrets"/>
						</object>
						<object name="TPort_AA20mmF13R">
							<string name="Device" value="Turret_20x1_ENG"/>
							<string name="Table" value="Turrets"/>
						</object>
						<object name="TPort_AA20mmF13L">
							<string name="Device" value="Turret_20x1_ENG"/>
							<string name="Table" value="Turrets"/>
						</object>
						<object name="TPort_ProjB">
							<string name="Device" value="Britain_Projector"/>
							<string name="Table" value="Turrets"/>
						</object> 
						<object name="TPort_ProjFR">
							<string name="Device" value="Britain_Projector"/>
							<string name="Table" value="Turrets"/>
						</object> 
						<object name="TPort_ProjFL">
							<string name="Device" value="Britain_Projector"/>
							<string name="Table" value="Turrets"/>
						</object>


						<object name="TPort_RF01FR">
							<string name="Device" value="KingGeorgV_RF_285"/>
							<string name="Table" value="Turrets"/>
						</object>
						<object name="TPort_RF02FL">
							<string name="Device" value="KingGeorgV_RF_285"/>
							<string name="Table" value="Turrets"/>
						</object>
						<object name="TPort_RF03BR">
							<string name="Device" value="KingGeorgV_RF_285"/>
							<string name="Table" value="Turrets"/>
						</object>
						<object name="TPort_RF04BL">
							<string name="Device" value="KingGeorgV_RF_285"/>
							<string name="Table" value="Turrets"/>
						</object>
						<object name="TPort_RF4mF">
							<string name="Device" value="Traibal_RF"/>
							<string name="Table" value="Turrets"/>
						</object>
						<object name="TPort_RF4mB">
							<string name="Device" value="Hood_RF_9feet_2V"/>
							<string name="Table" value="Turrets"/>
						</object>
						<object name="TPort_RADAR1">
							<string name="Device" value="Hood_RF_15feet"/>
							<string name="Table" value="Turrets"/>
						</object>
						<object name="TPort_RADAR2">
							<string name="Device" value="Hood_RF_30feet"/>
							<string name="Table" value="Turrets"/>
						</object>
						
						<object name="TPort_VINTBR">
							<string name="Device" value="Vint_Fletcher"/>
							<string name="Table" value="Turrets"/>
						</object>
						<object name="TPort_VINTBL">
							<string name="Device" value="Vint_Fletcher"/>
							<string name="Table" value="Turrets"/>
						</object> 
						<object name="TPort_VINTFR">
							<string name="Device" value="Vint_Fletcher"/>
							<string name="Table" value="Turrets"/>
						</object>
						<object name="TPort_VINTFL">
							<string name="Device" value="Vint_Fletcher"/>
							<string name="Table" value="Turrets"/>
						</object>	  
						<object name="ZPort_AAGunContr1">
							<string name="Device" value="Mark0_AA"/>
							<string name="Table" value="AimSystems"/>
						</object>
						<object name="ZPort_Jammer_US_A1">
							<string name="Device" value=""/>
							<string name="Table" value="Probes"/>
						</object>
						<object name="ZPort_MainGunContr">
							<string name="Device" value="Mk_7_M"/>
							<string name="Table" value="AimSystems"/>
						</object>
						<object name="ZPort_Radio">
							<string name="Device" value="TBL7"/>
							<string name="Table" value="Probes"/>
						</object>
						<object name="ZPort_Sonar">
							<string name="Device" value="SearchLight_E"/>
							<string name="Table" value="Probes"/>
						</object>
						<object name="ZPort_SteamTurbine_01">
							<string name="Device" value="MPP_Revenge"/>
							<string name="Table" value="Engins"/>
						</object>
					</object>
					<string name="Sonar" value="SearchLight_E"/>
					<float name="Speed" value="12."/>
					<string name="SuperRifles" value=""/>
					<float name="VolleyWeight" value="20.0083218"/>
					<float name="Weight" value="35240.0781"/>
				</object>
			</object>
		</object>
	</object>
</root>