<?xml version="1.0" standalone="yes" ?>
<root>
	<object name="SteelMonstersParams">
		<object name="Hit_Location">
			<object name="YA7892">
				<integer name="Country" value="2"/>
				<float name="ER" value="2000."/>
				<string name="Hull" value="Std_Turret_RF"/>
				<string name="Name" value="LRangefinder"/>
				<string name="TypHL" value="Probe"/>
				<string name="UnitName" value="3x460mm_Yamato_turret_A"/>
			</object>
			<object name="YA7893">
				<integer name="Country" value="2"/>
				<float name="ER" value="2000."/>
				<string name="Hull" value="Std_Turret_RF"/>
				<string name="Name" value="RRangefinder"/>
				<string name="TypHL" value="Probe"/>
				<string name="UnitName" value="3x460mm_Yamato_turret_A"/>
			</object>
			<object name="YA7894">
				<integer name="Country" value="2"/>
				<float name="ER" value="2000."/>
				<string name="Hull" value="Yammy_MTShakegeban"/>
				<string name="Name" value="Shakegeban"/>
				<string name="TypHL" value="Probe"/>
				<string name="UnitName" value="3x460mm_Yamato_turret_A"/>
			</object>
			<object name="YA7895">
				<integer name="Country" value="2"/>
				<float name="ER" value="2000."/>
				<string name="Hull" value="Yammy_MTurret"/>
				<string name="Name" value="Turret"/>
				<string name="TypHL" value="AmmoStore"/>
				<string name="UnitName" value="3x460mm_Yamato_turret_A"/>
			</object>
			<object name="YB7892">
				<integer name="Country" value="2"/>
				<float name="ER" value="2000."/>
				<string name="Hull" value="Std_Turret_RF"/>
				<string name="Name" value="LRangefinder"/>
				<string name="TypHL" value="Probe"/>
				<string name="UnitName" value="3x460mm_Yamato_turret_B"/>
			</object>
			<object name="YB7893">
				<integer name="Country" value="2"/>
				<float name="ER" value="2000."/>
				<string name="Hull" value="Std_Turret_RF"/>
				<string name="Name" value="RRangefinder"/>
				<string name="TypHL" value="Probe"/>
				<string name="UnitName" value="3x460mm_Yamato_turret_B"/>
			</object>
			<object name="YB7894">
				<integer name="Country" value="2"/>
				<float name="ER" value="2000."/>
				<string name="Hull" value="Yammy_MTShakegeban"/>
				<string name="Name" value="Shakegeban"/>
				<string name="TypHL" value="Probe"/>
				<string name="UnitName" value="3x460mm_Yamato_turret_B"/>
			</object>
			<object name="YB7895">
				<integer name="Country" value="2"/>
				<float name="ER" value="2000."/>
				<string name="Hull" value="Yammy_MTurret"/>
				<string name="Name" value="Turret"/>
				<string name="TypHL" value="AmmoStore"/>
				<string name="UnitName" value="3x460mm_Yamato_turret_B"/>
			</object>
			<object name="YX7892">
				<integer name="Country" value="2"/>
				<float name="ER" value="2000."/>
				<string name="Hull" value="Std_Turret_RF"/>
				<string name="Name" value="LRangefinder"/>
				<string name="TypHL" value="Probe"/>
				<string name="UnitName" value="3x460mm_Yamato_turret_X"/>
			</object>
			<object name="YX7893">
				<integer name="Country" value="2"/>
				<float name="ER" value="2000."/>
				<string name="Hull" value="Std_Turret_RF"/>
				<string name="Name" value="RRangefinder"/>
				<string name="TypHL" value="Probe"/>
				<string name="UnitName" value="3x460mm_Yamato_turret_X"/>
			</object>
			<object name="YX7894">
				<integer name="Country" value="2"/>
				<float name="ER" value="2000."/>
				<string name="Hull" value="Yammy_MTShakegeban"/>
				<string name="Name" value="Shakegeban"/>
				<string name="TypHL" value="Probe"/>
				<string name="UnitName" value="3x460mm_Yamato_turret_X"/>
			</object>
			<object name="YX7895">
				<integer name="Country" value="2"/>
				<float name="ER" value="2000."/>
				<string name="Hull" value="Yammy_MTurret"/>
				<string name="Name" value="Turret"/>
				<string name="TypHL" value="AmmoStore"/>
				<string name="UnitName" value="3x460mm_Yamato_turret_X"/>
			</object>
		</object>
		<object name="Hulls">
			<object name="Yammy_MTShakegeban">
				<integer name="Back" value="190"/>
				<integer name="Bottom" value="25"/>
				<integer name="Country" value="2"/>
				<float name="ExplProb" value="0."/>
				<float name="FireProb" value="30."/>
				<integer name="Front" value="0"/>
				<integer name="Left" value="250"/>
				<string name="Material" value="Armored"/>
				<integer name="Right" value="250"/>
				<integer name="Top" value="270"/>
				<integer name="UnitName" value="0"/>
				<string name="UnitTyp" value="Turret"/>
			</object>
			<object name="Yammy_MTurret">
				<integer name="Back" value="190"/>
				<integer name="Bottom" value="25"/>
				<integer name="Country" value="2"/>
				<float name="ExplProb" value="20."/>
				<float name="FireProb" value="40."/>
				<integer name="Front" value="650"/>
				<integer name="Left" value="250"/>
				<string name="Material" value="Armored"/>
				<integer name="Right" value="250"/>
				<integer name="Top" value="270"/>
				<integer name="UnitName" value="0"/>
				<string name="UnitTyp" value="Turret"/>
			</object>
		</object>
		<object name="Rifles">
			<object name="3x460mm_Yamato_Stvol">
				<float name="AARange" value="0."/>
				<string name="Ammo" value="Proj_460_J"/>
				<integer name="AmmoStorage" value="100"/>
				<float name="AmmoWeight" value="1460."/>
				<string name="ArmPiercing" value="Proj_460_J_AP"/>
				<float name="Caliber" value="460."/>
				<integer name="Country" value="2"/>
				<float name="Dispersion" value="4."/>
				<integer name="FinalSpeed" value="521"/>
				<string name="FireSound" value="Guns\460mm"/>
				<string name="HighExp" value="Proj_460_J_HE"/>
				<boolean name="IgnoreXMLFile" value="false"/>
				<float name="Money" value="80."/>
				<boolean name="New" value="false"/>
				<float name="Range" value="42.03"/>
				<float name="ROF" value="2."/>
				<boolean name="SLLauncher" value="false"/>
				<string name="SMU_File" value="3x460mm_Yamato_Stvol"/>
				<integer name="StartSpeed" value="780"/>
				<integer name="Unreliability" value="0"/>
				<string name="Usage" value="Ships"/>
				<float name="Weight" value="164.654"/>
			</object>
		</object>
		<object name="Turrets">
			<object name="3x460mm_Yamato_turret_A">
				<integer name="Amount" value="3"/>
				<integer name="ArmorFront" value="650"/>
				<integer name="ArmorSide" value="381"/>
				<integer name="ArmorTop" value="270"/>
				<string name="Building" value="Artillery"/>
				<string name="Content" value="Rifles.3x460mm_Yamato_Stvol"/>
				<integer name="Country" value="2"/>
				<float name="DTimeProd" value="45."/>
				<integer name="Elevation" value="45"/>
				<integer name="ElevationRate" value="10"/>
				<string name="Icon" value="Artillery"/>
				<boolean name="IgnoreXMLFile" value="false"/>
				<float name="Iron" value="2736."/>
				<float name="Money" value="2736."/>
				<boolean name="New" value="false"/>
				<float name="NTimeProd" value="180."/>
				<boolean name="Production" value="true"/>
				<integer name="QualityRate" value="6"/>
				<integer name="RotationRate" value="2"/>
				<string name="SMU_File" value="3x460mm_Yamato_turret"/>
				<string name="Type" value="Gun"/>
				<float name="Vitality" value="2200."/>
				<float name="Weight" value="2736."/>
			</object>
			<object name="3x460mm_Yamato_turret_B">
				<integer name="Amount" value="3"/>
				<integer name="ArmorFront" value="650"/>
				<integer name="ArmorSide" value="381"/>
				<integer name="ArmorTop" value="270"/>
				<string name="Building" value="Artillery"/>
				<string name="Content" value="Rifles.3x460mm_Yamato_Stvol"/>
				<integer name="Country" value="2"/>
				<float name="DTimeProd" value="45."/>
				<integer name="Elevation" value="45"/>
				<integer name="ElevationRate" value="10"/>
				<string name="Icon" value="Artillery"/>
				<boolean name="IgnoreXMLFile" value="false"/>
				<float name="Iron" value="2736."/>
				<float name="Money" value="2736."/>
				<boolean name="New" value="false"/>
				<float name="NTimeProd" value="180."/>
				<boolean name="Production" value="true"/>
				<integer name="QualityRate" value="6"/>
				<integer name="RotationRate" value="2"/>
				<string name="SMU_File" value="3x460mm_Yamato_turret"/>
				<string name="Type" value="Gun"/>
				<float name="Vitality" value="2200."/>
				<float name="Weight" value="2736."/>
			</object>
			<object name="3x460mm_Yamato_turret_X">
				<integer name="Amount" value="3"/>
				<integer name="ArmorFront" value="650"/>
				<integer name="ArmorSide" value="381"/>
				<integer name="ArmorTop" value="270"/>
				<string name="Building" value="Artillery"/>
				<string name="Content" value="Rifles.3x460mm_Yamato_Stvol"/>
				<integer name="Country" value="2"/>
				<float name="DTimeProd" value="45."/>
				<integer name="Elevation" value="45"/>
				<integer name="ElevationRate" value="10"/>
				<string name="Icon" value="Artillery"/>
				<boolean name="IgnoreXMLFile" value="false"/>
				<float name="Iron" value="2736."/>
				<float name="Money" value="2736."/>
				<boolean name="New" value="false"/>
				<float name="NTimeProd" value="180."/>
				<boolean name="Production" value="true"/>
				<integer name="QualityRate" value="6"/>
				<integer name="RotationRate" value="2"/>
				<string name="SMU_File" value="3x460mm_Yamato_turret"/>
				<string name="Type" value="Gun"/>
				<float name="Vitality" value="2200."/>
				<float name="Weight" value="2736."/>
			</object>
		</object>
	</object>
</root>
