﻿<?xml version = "1.0" encoding = "UTF-8"?>
<root>
	<object name = "SteelMonstersParams">
		<object name="Ships">
			<object name="Dunkerque">
				<float name="AccelRate" value="1.e-004"/>
				<string name="Airgroup" value="Scout_ShipWater_Battleship_Battaliom_holland"/>
				<integer name="AirplanesCount" value="3"/>
				<string name="AmmoLoadingTemplate" value="Ammo 700"/>
				<boolean name="BoatsTransportationAbility" value="false"/>
				<integer name="CabinArmor" value="533"/>
				<boolean name="CanBeChanged" value="true"/>
				<boolean name="CanUseTorpedos" value="false"/>
				<string name="CatapultAirgroupDefaultUnit" value="Walrus"/>
				<integer name="Country" value="4"/>
				<integer name="Crew" value="1381"/>
				<float name="CriticalCareen" value="37."/>
				<float name="CriticalDFT" value="4.5"/>
				<float name="CriticalDifferent" value="5."/>
				<float name="DTimeProd" value="160."/>
				<float name="DisplacementMax" value="36380."/>
				<float name="EPR" value="630."/>
				<float name="FireRisk" value="1667."/>
				<float name="Fuel" value="6500."/>
				<float name="HLShapeCoef" value="0.6"/>
				<integer name="HullArmorSide" value="310"/>
				<integer name="HullArmorTop" value="265"/>
				<float name="Iron" value="42300."/>
				<integer name="Length" value="215.1"/>
				<float name="MaxSpeed" value="31."/>
				<integer name="MinCrew" value="960"/>
				<float name="Money" value="41000."/>
				<float name="NTimeProd" value="400."/>
				<string name="Name" value="Dunkerque"/>
				<boolean name="New" value="true"/>
				<integer name="Nuc_Dest_Prob" value="300"/>
				<integer name="Passengers" value="70"/>
				<boolean name="PlanesTransportationAbility" value="false"/>
				<float name="Range" value="13890."/>
				<integer name="Rank" value="2"/>
				<string name="SMU" value="Dunkerque"/>
				<float name="Speed" value="20."/>
				<float name="StoreCapacity" value="1600."/>
				<boolean name="Transportable" value="false"/>
				<float name="TurnRate" value="1.2e-003"/>
				<integer name="Type" value="1"/>
				<float name="Vitality" value="8400."/>
				<float name="VitalityAA" value="3500."/>
				<float name="Weight" value="26500."/>
				<integer name="Width" value="31.1"/>
				<integer name="Year" value="39"/>
			</object>
		</object>
		<object name="Engins">
			<object name="MPP_Dunkerque">
				<float name="Consumption" value="3.94e-004"/>
				<integer name="Country" value="4"/>
				<float name="Money" value="22000."/>
				<integer name="Power_Max" value="135585"/>
				<integer name="RPM_Max" value="0"/>
				<integer name="Type" value="8"/>
				<integer name="Unreliability" value="10"/>
				<string name="Usage" value="Ships"/>
				<float name="Weight" value="2500."/>
			</object>
		</object>
		<object name="Hit_Location">
			<object name="Dun1260">
				<integer name="Country" value="4"/>
				<float name="ER" value="400."/>
				<string name="Hull" value="Dun_EUUpperDeck"/>
				<string name="Name" value="Stern3_LowerDeck"/>
				<string name="TypHL" value="Hull"/>
				<string name="UnitName" value="Dunkerque"/>
			</object>
			<object name="Dun1261">
				<integer name="Country" value="4"/>
				<float name="ER" value="400."/>
				<string name="Hull" value="Dun_Tiller"/>
				<string name="Name" value="Tiller"/>
				<string name="TypHL" value="Hull"/>
				<string name="UnitName" value="Dunkerque"/>
			</object>
			<object name="Dun1262">
				<integer name="Country" value="4"/>
				<float name="ER" value="400."/>
				<string name="Hull" value="Dun_ArmourDeckEU"/>
				<string name="Name" value="Stern3_UpperDeck"/>
				<string name="TypHL" value="Hull"/>
				<string name="UnitName" value="Dunkerque"/>
			</object>
			<object name="Dun1263">
				<integer name="Country" value="4"/>
				<float name="ER" value="500."/>
				<string name="Hull" value="Dun_Barbet"/>
				<string name="Name" value="Barbet1"/>
				<string name="TypHL" value="Hull"/>
				<string name="UnitName" value="Dunkerque"/>
			</object>
			<object name="Dun1264">
				<integer name="Country" value="4"/>
				<float name="ER" value="500."/>
				<string name="Hull" value="Dun_Barbet"/>
				<string name="Name" value="Barbet2"/>
				<string name="TypHL" value="Hull"/>
				<string name="UnitName" value="Dunkerque"/>
			</object>
			<object name="Dun1265">
				<integer name="Country" value="4"/>
				<float name="ER" value="500."/>
				<string name="Hull" value="Dun_Barbet"/>
				<string name="Name" value="Barbet3"/>
				<string name="TypHL" value="Hull"/>
				<string name="UnitName" value="Dunkerque"/>
			</object>
			<object name="Dun1266">
				<integer name="Country" value="4"/>
				<float name="ER" value="400."/>
				<string name="Hull" value="Dun_BattleCabine"/>
				<string name="Name" value="BattleCabin"/>
				<string name="TypHL" value="Probe"/>
				<string name="UnitName" value="Dunkerque"/>
			</object>
			<object name="Dun1267">
				<integer name="Country" value="4"/>
				<float name="ER" value="400."/>
				<string name="Hull" value="Std_Probe"/>
				<string name="Name" value="Probe_AA_Bow"/>
				<string name="TypHL" value="Probe"/>
				<string name="UnitName" value="Dunkerque"/>
			</object>
			<object name="Dun1268">
				<integer name="Country" value="4"/>
				<float name="ER" value="400."/>
				<string name="Hull" value="Std_Probe"/>
				<string name="Name" value="Probe_AA_Stern"/>
				<string name="TypHL" value="Probe"/>
				<string name="UnitName" value="Dunkerque"/>
			</object>
			<object name="Dun1269">
				<string name="ConnectName" value="Middle4_Engine"/>
				<integer name="Country" value="4"/>
				<float name="ER" value="400."/>
				<string name="Hull" value="Std_Mover"/>
				<string name="Name" value="Mover3"/>
				<string name="TypHL" value="Mover"/>
				<string name="UnitName" value="Dunkerque"/>
			</object>
			<object name="Dun1270">
				<string name="ConnectName" value="Middle5_Engine"/>
				<integer name="Country" value="4"/>
				<float name="ER" value="400."/>
				<string name="Hull" value="Std_Mover"/>
				<string name="Name" value="Mover4"/>
				<string name="TypHL" value="Mover"/>
				<string name="UnitName" value="Dunkerque"/>
			</object>
			<object name="Dun1271">
				<string name="ConnectName" value="Middle3_Engine"/>
				<integer name="Country" value="4"/>
				<float name="ER" value="400."/>
				<string name="Hull" value="Std_Mover"/>
				<string name="Name" value="Mover2"/>
				<string name="TypHL" value="Mover"/>
				<string name="UnitName" value="Dunkerque"/>
			</object>
			<object name="Dun1272">
				<string name="ConnectName" value="Middle2_Engine"/>
				<integer name="Country" value="4"/>
				<float name="ER" value="400."/>
				<string name="Hull" value="Std_Mover"/>
				<string name="Name" value="Mover1"/>
				<string name="TypHL" value="Mover"/>
				<string name="UnitName" value="Dunkerque"/>
			</object>
			<object name="Dun1273">
				<string name="ConnectName" value="Tiller;"/>
				<integer name="Country" value="4"/>
				<float name="ER" value="400."/>
				<string name="Hull" value="Std_Rudder"/>
				<string name="Name" value="Rudder"/>
				<string name="TypHL" value="Rudder"/>
				<string name="UnitName" value="Dunkerque"/>
			</object>
			<object name="Dun1275">
				<integer name="Country" value="4"/>
				<float name="ER" value="400."/>
				<string name="Hull" value="Dun_LAMP"/>
				<string name="Name" value="Bow3_LAMP"/>
				<string name="TypHL" value="Hull"/>
				<string name="UnitName" value="Dunkerque"/>
			</object>
			<object name="Dun1276">
				<integer name="Country" value="4"/>
				<float name="ER" value="500."/>
				<string name="Hull" value="Dun_LASBelt_Lower"/>
				<string name="Name" value="Bow3_LLowerBelt"/>
				<string name="TypHL" value="Hull"/>
				<string name="UnitName" value="Dunkerque"/>
			</object>
			<object name="Dun1277">
				<integer name="Country" value="4"/>
				<float name="ER" value="500."/>
				<string name="Hull" value="Dun_LASBelt_Upper"/>
				<string name="Name" value="Bow3_LUpperBelt"/>
				<string name="TypHL" value="Hull"/>
				<string name="UnitName" value="Dunkerque"/>
			</object>
			<object name="Dun1278">
				<integer name="Country" value="4"/>
				<float name="ER" value="400."/>
				<string name="Hull" value="Dun_RAMP"/>
				<string name="Name" value="Bow3_RAMP"/>
				<string name="TypHL" value="Hull"/>
				<string name="UnitName" value="Dunkerque"/>
			</object>
			<object name="Dun1279">
				<integer name="Country" value="4"/>
				<float name="ER" value="500."/>
				<string name="Hull" value="Dun_RASBelt_Lower"/>
				<string name="Name" value="Bow3_RLowerBelt"/>
				<string name="TypHL" value="Hull"/>
				<string name="UnitName" value="Dunkerque"/>
			</object>
			<object name="Dun1280">
				<integer name="Country" value="4"/>
				<float name="ER" value="500."/>
				<string name="Hull" value="Dun_RASBelt_Upper"/>
				<string name="Name" value="Bow3_RUpperBelt"/>
				<string name="TypHL" value="Hull"/>
				<string name="UnitName" value="Dunkerque"/>
			</object>
			<object name="Dun1281">
				<integer name="Country" value="4"/>
				<float name="ER" value="400."/>
				<string name="Hull" value="Dun_Bottom"/>
				<string name="Name" value="Bow3_RBottom"/>
				<string name="TypHL" value="Hull"/>
				<string name="UnitName" value="Dunkerque"/>
			</object>
			<object name="Dun1282">
				<integer name="Country" value="4"/>
				<float name="ER" value="400."/>
				<string name="Hull" value="Dun_Bottom"/>
				<string name="Name" value="Bow3_LBottom"/>
				<string name="TypHL" value="Hull"/>
				<string name="UnitName" value="Dunkerque"/>
			</object>
			<object name="Dun1283">
				<integer name="Country" value="4"/>
				<float name="ER" value="400."/>
				<string name="Hull" value="Dun_ArmourDeckEU"/>
				<string name="Name" value="Bow3_UpperDeck"/>
				<string name="TypHL" value="Hull"/>
				<string name="UnitName" value="Dunkerque"/>
			</object>
			<object name="Dun1284">
				<integer name="Country" value="4"/>
				<float name="ER" value="400."/>
				<string name="Hull" value="Dun_ArmourDeckAS"/>
				<string name="Name" value="Bow3_MiddleDeck"/>
				<string name="TypHL" value="Hull"/>
				<string name="UnitName" value="Dunkerque"/>
			</object>
			<object name="Dun1285">
				<integer name="Country" value="4"/>
				<float name="ER" value="400."/>
				<string name="Hull" value="Dun_EUUpperDeck"/>
				<string name="Name" value="Bow3_LowerDeck1"/>
				<string name="TypHL" value="Hull"/>
				<string name="UnitName" value="Dunkerque"/>
			</object>
			<object name="Dun1286">
				<integer name="Country" value="4"/>
				<float name="ER" value="400."/>
				<string name="Hull" value="Dun_AS_T2"/>
				<string name="Name" value="AmmoStore_2_2"/>
				<string name="TypHL" value="AmmoStore"/>
				<string name="UnitName" value="Dunkerque"/>
			</object>
			<object name="Dun1287">
				<integer name="Country" value="4"/>
				<float name="ER" value="400."/>
				<string name="Hull" value="Dun_AS_T1"/>
				<string name="Name" value="AmmoStore_2_1"/>
				<string name="TypHL" value="AmmoStore"/>
				<string name="UnitName" value="Dunkerque"/>
			</object>
			<object name="Dun1288">
				<integer name="Country" value="4"/>
				<float name="ER" value="400."/>
				<string name="Hull" value="Dun_AS_T2"/>
				<string name="Name" value="AmmoStore_1_2"/>
				<string name="TypHL" value="AmmoStore"/>
				<string name="UnitName" value="Dunkerque"/>
			</object>
			<object name="Dun1289">
				<integer name="Country" value="4"/>
				<float name="ER" value="400."/>
				<string name="Hull" value="Dun_AS_T1"/>
				<string name="Name" value="AmmoStore_1_1"/>
				<string name="TypHL" value="AmmoStore"/>
				<string name="UnitName" value="Dunkerque"/>
			</object>
			<object name="Dun1291">
				<integer name="Country" value="4"/>
				<float name="ER" value="400."/>
				<string name="Hull" value="Dun_ArmourDeckEU"/>
				<string name="Name" value="Stern2_UpperDeck"/>
				<string name="TypHL" value="Hull"/>
				<string name="UnitName" value="Dunkerque"/>
			</object>
			<object name="Dun1292">
				<integer name="Country" value="4"/>
				<float name="ER" value="400."/>
				<string name="Hull" value="Dun_Bottom"/>
				<string name="Name" value="Stern1_RBottom"/>
				<string name="TypHL" value="Hull"/>
				<string name="UnitName" value="Dunkerque"/>
			</object>
			<object name="Dun1293">
				<integer name="Country" value="4"/>
				<float name="ER" value="400."/>
				<string name="Hull" value="Dun_Bottom"/>
				<string name="Name" value="Stern1_LBottom"/>
				<string name="TypHL" value="Hull"/>
				<string name="UnitName" value="Dunkerque"/>
			</object>
			<object name="Dun1294">
				<integer name="Country" value="4"/>
				<float name="ER" value="400."/>
				<string name="Hull" value="Dun_RAMP"/>
				<string name="Name" value="Stern1_RAMP"/>
				<string name="TypHL" value="Hull"/>
				<string name="UnitName" value="Dunkerque"/>
			</object>
			<object name="Dun1295">
				<integer name="Country" value="4"/>
				<float name="ER" value="400."/>
				<string name="Hull" value="Dun_LAMP"/>
				<string name="Name" value="Stern1_LAMP"/>
				<string name="TypHL" value="Hull"/>
				<string name="UnitName" value="Dunkerque"/>
			</object>
			<object name="Dun1296">
				<integer name="Country" value="4"/>
				<float name="ER" value="500."/>
				<string name="Hull" value="Dun_LASBelt_Upper"/>
				<string name="Name" value="Stern1_LUpperBelt"/>
				<string name="TypHL" value="Hull"/>
				<string name="UnitName" value="Dunkerque"/>
			</object>
			<object name="Dun1297">
				<integer name="Country" value="4"/>
				<float name="ER" value="400."/>
				<string name="Hull" value="Dun_EUUpperDeck"/>
				<string name="Name" value="Stern1_LowerDeck"/>
				<string name="TypHL" value="Hull"/>
				<string name="UnitName" value="Dunkerque"/>
			</object>
			<object name="Dun1298">
				<integer name="Country" value="4"/>
				<float name="ER" value="400."/>
				<string name="Hull" value="Dun_AS_T1"/>
				<string name="Name" value="AmmoStore_3_1"/>
				<string name="TypHL" value="AmmoStore"/>
				<string name="UnitName" value="Dunkerque"/>
			</object>
			<object name="Dun1299">
				<integer name="Country" value="4"/>
				<float name="ER" value="400."/>
				<string name="Hull" value="Dun_AS_T2"/>
				<string name="Name" value="AmmoStore_3_2"/>
				<string name="TypHL" value="AmmoStore"/>
				<string name="UnitName" value="Dunkerque"/>
			</object>
			<object name="Dun1300">
				<integer name="Country" value="4"/>
				<float name="ER" value="500."/>
				<string name="Hull" value="Dun_RASBelt_Lower"/>
				<string name="Name" value="Stern1_RLowerBelt"/>
				<string name="TypHL" value="Hull"/>
				<string name="UnitName" value="Dunkerque"/>
			</object>
			<object name="Dun1301">
				<integer name="Country" value="4"/>
				<float name="ER" value="500."/>
				<string name="Hull" value="Dun_RASBelt_Upper"/>
				<string name="Name" value="Stern1_RUpperBelt"/>
				<string name="TypHL" value="Hull"/>
				<string name="UnitName" value="Dunkerque"/>
			</object>
			<object name="Dun1302">
				<integer name="Country" value="4"/>
				<float name="ER" value="400."/>
				<string name="Hull" value="Dun_ArmourDeckEU"/>
				<string name="Name" value="Stern1_UpperDeck"/>
				<string name="TypHL" value="Hull"/>
				<string name="UnitName" value="Dunkerque"/>
			</object>
			<object name="Dun1303">
				<integer name="Country" value="4"/>
				<float name="ER" value="400."/>
				<string name="Hull" value="Dun_ArmourDeckAS"/>
				<string name="Name" value="Stern1_MiddleDeck"/>
				<string name="TypHL" value="Hull"/>
				<string name="UnitName" value="Dunkerque"/>
			</object>
			<object name="Dun1304">
				<integer name="Country" value="4"/>
				<float name="ER" value="400."/>
				<string name="Hull" value="Std_Probe"/>
				<string name="Name" value="Probe_MG_Stern"/>
				<string name="TypHL" value="Probe"/>
				<string name="UnitName" value="Dunkerque"/>
			</object>
			<object name="Dun1306">
				<integer name="Country" value="4"/>
				<float name="ER" value="400."/>
				<string name="Hull" value="Dun_EUUpperDeck"/>
				<string name="Name" value="Middle5_LLowerDeck"/>
				<string name="TypHL" value="Hull"/>
				<string name="UnitName" value="Dunkerque"/>
			</object>
			<object name="Dun1307">
				<integer name="Country" value="4"/>
				<float name="ER" value="400."/>
				<string name="Hull" value="Dun_ArmourDeckEU"/>
				<string name="Name" value="Middle5_REngineDeck"/>
				<string name="TypHL" value="Hull"/>
				<string name="UnitName" value="Dunkerque"/>
			</object>
			<object name="Dun1308">
				<string name="ConnectName" value="Middle2_Boiler;Middle3_Boiler;Middle4_Boiler;Middle5_Boiler"/>
				<integer name="Country" value="4"/>
				<float name="ER" value="400."/>
				<string name="Hull" value="Std_Engine"/>
				<string name="Name" value="Middle5_Engine"/>
				<string name="TypHL" value="Engine"/>
				<string name="UnitName" value="Dunkerque"/>
			</object>
			<object name="Dun1309">
				<integer name="Country" value="4"/>
				<float name="ER" value="400."/>
				<string name="Hull" value="Dun_EUUpperDeck"/>
				<string name="Name" value="Middle5_RLowerDeck"/>
				<string name="TypHL" value="Hull"/>
				<string name="UnitName" value="Dunkerque"/>
			</object>
			<object name="Dun1310">
				<integer name="Country" value="4"/>
				<float name="ER" value="400."/>
				<string name="Hull" value="Dun_ArmourDeckEU"/>
				<string name="Name" value="Middle5_RMiddleDeck"/>
				<string name="TypHL" value="Hull"/>
				<string name="UnitName" value="Dunkerque"/>
			</object>
			<object name="Dun1311">
				<integer name="Country" value="4"/>
				<float name="ER" value="400."/>
				<string name="Hull" value="Dun_EUUpperDeck"/>
				<string name="Name" value="Middle5_UpperDeck"/>
				<string name="TypHL" value="Hull"/>
				<string name="UnitName" value="Dunkerque"/>
			</object>
			<object name="Dun1312">
				<integer name="Country" value="4"/>
				<float name="ER" value="400."/>
				<string name="Hull" value="Dun_ArmourDeckEU"/>
				<string name="Name" value="Middle5_LEngineDeck"/>
				<string name="TypHL" value="Hull"/>
				<string name="UnitName" value="Dunkerque"/>
			</object>
			<object name="Dun1313">
				<integer name="Country" value="4"/>
				<float name="ER" value="400."/>
				<string name="Hull" value="Std_Boiler"/>
				<string name="Name" value="Middle5_Boiler"/>
				<string name="TypHL" value="Boiler"/>
				<string name="UnitName" value="Dunkerque"/>
			</object>
			<object name="Dun1314">
				<integer name="Country" value="4"/>
				<float name="ER" value="400."/>
				<string name="Hull" value="Dun_ArmourDeckEU"/>
				<string name="Name" value="Middle5_Middle2Deck"/>
				<string name="TypHL" value="Hull"/>
				<string name="UnitName" value="Dunkerque"/>
			</object>
			<object name="Dun1315">
				<integer name="Country" value="4"/>
				<float name="ER" value="400."/>
				<string name="Hull" value="Dun_ArmourDeckEU"/>
				<string name="Name" value="Middle5_LMiddleDeck"/>
				<string name="TypHL" value="Hull"/>
				<string name="UnitName" value="Dunkerque"/>
			</object>
			<object name="Dun1316">
				<integer name="Country" value="4"/>
				<float name="ER" value="400."/>
				<string name="Hull" value="Dun_Bottom"/>
				<string name="Name" value="Middle5_RBottom"/>
				<string name="TypHL" value="FuelTank"/>
				<string name="UnitName" value="Dunkerque"/>
			</object>
			<object name="Dun1317">
				<integer name="Country" value="4"/>
				<float name="ER" value="400."/>
				<string name="Hull" value="Dun_LAMP"/>
				<string name="Name" value="Middle5_LAMP"/>
				<string name="TypHL" value="Hull"/>
				<string name="UnitName" value="Dunkerque"/>
			</object>
			<object name="Dun1318">
				<integer name="Country" value="4"/>
				<float name="ER" value="400."/>
				<string name="Hull" value="Dun_Bottom"/>
				<string name="Name" value="Middle5_LBottom"/>
				<string name="TypHL" value="FuelTank"/>
				<string name="UnitName" value="Dunkerque"/>
			</object>
			<object name="Dun1319">
				<integer name="Country" value="4"/>
				<float name="ER" value="400."/>
				<string name="Hull" value="Dun_RAMP"/>
				<string name="Name" value="Middle5_RAMP"/>
				<string name="TypHL" value="Hull"/>
				<string name="UnitName" value="Dunkerque"/>
			</object>
			<object name="Dun1320">
				<integer name="Country" value="4"/>
				<float name="ER" value="500."/>
				<string name="Hull" value="Dun_LEUBelt_Lower"/>
				<string name="Name" value="Middle5_LLowerBelt"/>
				<string name="TypHL" value="Hull"/>
				<string name="UnitName" value="Dunkerque"/>
			</object>
			<object name="Dun1321">
				<integer name="Country" value="4"/>
				<float name="ER" value="500."/>
				<string name="Hull" value="Dun_REUBelt_Lower"/>
				<string name="Name" value="Middle5_RLowerBelt"/>
				<string name="TypHL" value="Hull"/>
				<string name="UnitName" value="Dunkerque"/>
			</object>
			<object name="Dun1322">
				<integer name="Country" value="4"/>
				<float name="ER" value="500."/>
				<string name="Hull" value="Dun_REUBelt_Upper"/>
				<string name="Name" value="Middle5_RUpperBelt"/>
				<string name="TypHL" value="Hull"/>
				<string name="UnitName" value="Dunkerque"/>
			</object>
			<object name="Dun1323">
				<integer name="Country" value="4"/>
				<float name="ER" value="500."/>
				<string name="Hull" value="Dun_LEUBelt_Upper"/>
				<string name="Name" value="Middle5_LUpperBelt"/>
				<string name="TypHL" value="Hull"/>
				<string name="UnitName" value="Dunkerque"/>
			</object>
			<object name="Dun1325">
				<integer name="Country" value="4"/>
				<float name="ER" value="400."/>
				<string name="Hull" value="Dun_EUUpperDeck"/>
				<string name="Name" value="Middle4_LLowerDeck"/>
				<string name="TypHL" value="Hull"/>
				<string name="UnitName" value="Dunkerque"/>
			</object>
			<object name="Dun1326">
				<integer name="Country" value="4"/>
				<float name="ER" value="400."/>
				<string name="Hull" value="Dun_ArmourDeckEU"/>
				<string name="Name" value="Middle4_LEngineDeck"/>
				<string name="TypHL" value="Hull"/>
				<string name="UnitName" value="Dunkerque"/>
			</object>
			<object name="Dun1327">
				<string name="ConnectName" value="Middle2_Boiler;Middle3_Boiler;Middle4_Boiler;Middle5_Boiler"/>
				<integer name="Country" value="4"/>
				<float name="ER" value="400."/>
				<string name="Hull" value="Std_Engine"/>
				<string name="Name" value="Middle4_Engine"/>
				<string name="TypHL" value="Engine"/>
				<string name="UnitName" value="Dunkerque"/>
			</object>
			<object name="Dun1328">
				<integer name="Country" value="4"/>
				<float name="ER" value="400."/>
				<string name="Hull" value="Dun_ArmourDeckEU"/>
				<string name="Name" value="Middle4_REngineDeck"/>
				<string name="TypHL" value="Hull"/>
				<string name="UnitName" value="Dunkerque"/>
			</object>
			<object name="Dun1329">
				<integer name="Country" value="4"/>
				<float name="ER" value="400."/>
				<string name="Hull" value="Std_Boiler"/>
				<string name="Name" value="Middle4_Boiler"/>
				<string name="TypHL" value="Boiler"/>
				<string name="UnitName" value="Dunkerque"/>
			</object>
			<object name="Dun1330">
				<integer name="Country" value="4"/>
				<float name="ER" value="400."/>
				<string name="Hull" value="Dun_EUUpperDeck"/>
				<string name="Name" value="Middle4_RLowerDeck"/>
				<string name="TypHL" value="Hull"/>
				<string name="UnitName" value="Dunkerque"/>
			</object>
			<object name="Dun1331">
				<integer name="Country" value="4"/>
				<float name="ER" value="400."/>
				<string name="Hull" value="Dun_ArmourDeckEU"/>
				<string name="Name" value="Middle4_Middle2Deck"/>
				<string name="TypHL" value="Hull"/>
				<string name="UnitName" value="Dunkerque"/>
			</object>
			<object name="Dun1332">
				<integer name="Country" value="4"/>
				<float name="ER" value="400."/>
				<string name="Hull" value="Dun_EUUpperDeck"/>
				<string name="Name" value="Middle4_UpperDeck"/>
				<string name="TypHL" value="Hull"/>
				<string name="UnitName" value="Dunkerque"/>
			</object>
			<object name="Dun1333">
				<integer name="Country" value="4"/>
				<float name="ER" value="400."/>
				<string name="Hull" value="Dun_ArmourDeckEU"/>
				<string name="Name" value="Middle4_LMiddleDeck"/>
				<string name="TypHL" value="Hull"/>
				<string name="UnitName" value="Dunkerque"/>
			</object>
			<object name="Dun1334">
				<integer name="Country" value="4"/>
				<float name="ER" value="400."/>
				<string name="Hull" value="Dun_ArmourDeckEU"/>
				<string name="Name" value="Middle4_RMiddleDeck"/>
				<string name="TypHL" value="Hull"/>
				<string name="UnitName" value="Dunkerque"/>
			</object>
			<object name="Dun1335">
				<integer name="Country" value="4"/>
				<float name="ER" value="400."/>
				<string name="Hull" value="Dun_Bottom"/>
				<string name="Name" value="Middle4_RBottom"/>
				<string name="TypHL" value="FuelTank"/>
				<string name="UnitName" value="Dunkerque"/>
			</object>
			<object name="Dun1336">
				<integer name="Country" value="4"/>
				<float name="ER" value="400."/>
				<string name="Hull" value="Dun_Bottom"/>
				<string name="Name" value="Middle4_LBottom"/>
				<string name="TypHL" value="FuelTank"/>
				<string name="UnitName" value="Dunkerque"/>
			</object>
			<object name="Dun1337">
				<integer name="Country" value="4"/>
				<float name="ER" value="400."/>
				<string name="Hull" value="Dun_RAMP"/>
				<string name="Name" value="Middle4_RAMP"/>
				<string name="TypHL" value="Hull"/>
				<string name="UnitName" value="Dunkerque"/>
			</object>
			<object name="Dun1338">
				<integer name="Country" value="4"/>
				<float name="ER" value="400."/>
				<string name="Hull" value="Dun_LAMP"/>
				<string name="Name" value="Middle4_LAMP"/>
				<string name="TypHL" value="Hull"/>
				<string name="UnitName" value="Dunkerque"/>
			</object>
			<object name="Dun1339">
				<integer name="Country" value="4"/>
				<float name="ER" value="500."/>
				<string name="Hull" value="Dun_LEUBelt_Lower"/>
				<string name="Name" value="Middle4_LLowerBelt"/>
				<string name="TypHL" value="Hull"/>
				<string name="UnitName" value="Dunkerque"/>
			</object>
			<object name="Dun1340">
				<integer name="Country" value="4"/>
				<float name="ER" value="500."/>
				<string name="Hull" value="Dun_REUBelt_Upper"/>
				<string name="Name" value="Middle4_RUpperBelt"/>
				<string name="TypHL" value="Hull"/>
				<string name="UnitName" value="Dunkerque"/>
			</object>
			<object name="Dun1341">
				<integer name="Country" value="4"/>
				<float name="ER" value="500."/>
				<string name="Hull" value="Dun_REUBelt_Lower"/>
				<string name="Name" value="Middle4_RLowerBelt"/>
				<string name="TypHL" value="Hull"/>
				<string name="UnitName" value="Dunkerque"/>
			</object>
			<object name="Dun1342">
				<integer name="Country" value="4"/>
				<float name="ER" value="500."/>
				<string name="Hull" value="Dun_LEUBelt_Upper"/>
				<string name="Name" value="Middle4_LUpperBelt"/>
				<string name="TypHL" value="Hull"/>
				<string name="UnitName" value="Dunkerque"/>
			</object>
			<object name="Dun1344">
				<integer name="Country" value="4"/>
				<float name="ER" value="400."/>
				<string name="Hull" value="Dun_ArmourDeckEU"/>
				<string name="Name" value="Middle3_LEngineDeck"/>
				<string name="TypHL" value="Hull"/>
				<string name="UnitName" value="Dunkerque"/>
			</object>
			<object name="Dun1345">
				<integer name="Country" value="4"/>
				<float name="ER" value="400."/>
				<string name="Hull" value="Std_Boiler"/>
				<string name="Name" value="Middle3_Boiler"/>
				<string name="TypHL" value="Boiler"/>
				<string name="UnitName" value="Dunkerque"/>
			</object>
			<object name="Dun1346">
				<integer name="Country" value="4"/>
				<float name="ER" value="400."/>
				<string name="Hull" value="Dun_ArmourDeckEU"/>
				<string name="Name" value="Middle3_REngineDeck"/>
				<string name="TypHL" value="Hull"/>
				<string name="UnitName" value="Dunkerque"/>
			</object>
			<object name="Dun1347">
				<string name="ConnectName" value="Middle2_Boiler;Middle3_Boiler;Middle4_Boiler;Middle5_Boiler;"/>
				<integer name="Country" value="4"/>
				<float name="ER" value="400."/>
				<string name="Hull" value="Std_Engine"/>
				<string name="Name" value="Middle3_Engine"/>
				<string name="TypHL" value="Engine"/>
				<string name="UnitName" value="Dunkerque"/>
			</object>
			<object name="Dun1348">
				<integer name="Country" value="4"/>
				<float name="ER" value="400."/>
				<string name="Hull" value="Dun_EUUpperDeck"/>
				<string name="Name" value="Middle3_LLowerDeck"/>
				<string name="TypHL" value="Hull"/>
				<string name="UnitName" value="Dunkerque"/>
			</object>
			<object name="Dun1349">
				<integer name="Country" value="4"/>
				<float name="ER" value="400."/>
				<string name="Hull" value="Dun_EUUpperDeck"/>
				<string name="Name" value="Middle3_RLowerDeck"/>
				<string name="TypHL" value="Hull"/>
				<string name="UnitName" value="Dunkerque"/>
			</object>
			<object name="Dun1350">
				<integer name="Country" value="4"/>
				<float name="ER" value="400."/>
				<string name="Hull" value="Dun_ArmourDeckEU"/>
				<string name="Name" value="Middle3_RMiddleDeck"/>
				<string name="TypHL" value="Hull"/>
				<string name="UnitName" value="Dunkerque"/>
			</object>
			<object name="Dun1351">
				<integer name="Country" value="4"/>
				<float name="ER" value="400."/>
				<string name="Hull" value="Dun_ArmourDeckEU"/>
				<string name="Name" value="Middle3_LMiddleDeck"/>
				<string name="TypHL" value="Hull"/>
				<string name="UnitName" value="Dunkerque"/>
			</object>
			<object name="Dun1352">
				<integer name="Country" value="4"/>
				<float name="ER" value="400."/>
				<string name="Hull" value="Dun_ArmourDeckEU"/>
				<string name="Name" value="Middle3_Middle2Deck"/>
				<string name="TypHL" value="Hull"/>
				<string name="UnitName" value="Dunkerque"/>
			</object>
			<object name="Dun1353">
				<integer name="Country" value="4"/>
				<float name="ER" value="400."/>
				<string name="Hull" value="Dun_EUUpperDeck"/>
				<string name="Name" value="Middle3_UpperDeck"/>
				<string name="TypHL" value="Hull"/>
				<string name="UnitName" value="Dunkerque"/>
			</object>
			<object name="Dun1354">
				<integer name="Country" value="4"/>
				<float name="ER" value="400."/>
				<string name="Hull" value="Dun_Bottom"/>
				<string name="Name" value="Middle3_LBottom"/>
				<string name="TypHL" value="FuelTank"/>
				<string name="UnitName" value="Dunkerque"/>
			</object>
			<object name="Dun1355">
				<integer name="Country" value="4"/>
				<float name="ER" value="400."/>
				<string name="Hull" value="Dun_Bottom"/>
				<string name="Name" value="Middle3_RBottom"/>
				<string name="TypHL" value="FuelTank"/>
				<string name="UnitName" value="Dunkerque"/>
			</object>
			<object name="Dun1356">
				<integer name="Country" value="4"/>
				<float name="ER" value="400."/>
				<string name="Hull" value="Dun_RAMP"/>
				<string name="Name" value="Middle3_RAMP"/>
				<string name="TypHL" value="Hull"/>
				<string name="UnitName" value="Dunkerque"/>
			</object>
			<object name="Dun1357">
				<integer name="Country" value="4"/>
				<float name="ER" value="500."/>
				<string name="Hull" value="Dun_LEUBelt_Upper"/>
				<string name="Name" value="Middle3_LUpperBelt"/>
				<string name="TypHL" value="Hull"/>
				<string name="UnitName" value="Dunkerque"/>
			</object>
			<object name="Dun1358">
				<integer name="Country" value="4"/>
				<float name="ER" value="400."/>
				<string name="Hull" value="Dun_RAMP"/>
				<string name="Name" value="Middle3_LAMP"/>
				<string name="TypHL" value="Hull"/>
				<string name="UnitName" value="Dunkerque"/>
			</object>
			<object name="Dun1359">
				<integer name="Country" value="4"/>
				<float name="ER" value="500."/>
				<string name="Hull" value="Dun_LEUBelt_Lower"/>
				<string name="Name" value="Middle3_LLowerBelt"/>
				<string name="TypHL" value="Hull"/>
				<string name="UnitName" value="Dunkerque"/>
			</object>
			<object name="Dun1360">
				<integer name="Country" value="4"/>
				<float name="ER" value="500."/>
				<string name="Hull" value="Dun_REUBelt_Lower"/>
				<string name="Name" value="Middle3_RLowerBelt"/>
				<string name="TypHL" value="Hull"/>
				<string name="UnitName" value="Dunkerque"/>
			</object>
			<object name="Dun1361">
				<integer name="Country" value="4"/>
				<float name="ER" value="500."/>
				<string name="Hull" value="Dun_REUBelt_Upper"/>
				<string name="Name" value="Middle3_RUpperBelt"/>
				<string name="TypHL" value="Hull"/>
				<string name="UnitName" value="Dunkerque"/>
			</object>
			<object name="Dun1363">
				<integer name="Country" value="4"/>
				<float name="ER" value="400."/>
				<string name="Hull" value="Dun_ArmourDeckEU"/>
				<string name="Name" value="Middle2_LMiddleDeck"/>
				<string name="TypHL" value="Hull"/>
				<string name="UnitName" value="Dunkerque"/>
			</object>
			<object name="Dun1364">
				<integer name="Country" value="4"/>
				<float name="ER" value="400."/>
				<string name="Hull" value="Dun_ArmourDeckEU"/>
				<string name="Name" value="Middle2_Middle2Deck"/>
				<string name="TypHL" value="Hull"/>
				<string name="UnitName" value="Dunkerque"/>
			</object>
			<object name="Dun1365">
				<integer name="Country" value="4"/>
				<float name="ER" value="400."/>
				<string name="Hull" value="Dun_EUUpperDeck"/>
				<string name="Name" value="Middle2_UpperDeck"/>
				<string name="TypHL" value="Hull"/>
				<string name="UnitName" value="Dunkerque"/>
			</object>
			<object name="Dun1366">
				<integer name="Country" value="4"/>
				<float name="ER" value="400."/>
				<string name="Hull" value="Dun_ArmourDeckEU"/>
				<string name="Name" value="Middle2_RMiddleDeck"/>
				<string name="TypHL" value="Hull"/>
				<string name="UnitName" value="Dunkerque"/>
			</object>
			<object name="Dun1367">
				<integer name="Country" value="4"/>
				<float name="ER" value="400."/>
				<string name="Hull" value="Dun_EUUpperDeck"/>
				<string name="Name" value="Middle2_LLowerDeck"/>
				<string name="TypHL" value="Hull"/>
				<string name="UnitName" value="Dunkerque"/>
			</object>
			<object name="Dun1368">
				<integer name="Country" value="4"/>
				<float name="ER" value="400."/>
				<string name="Hull" value="Dun_ArmourDeckEU"/>
				<string name="Name" value="Middle2_REngineDeck"/>
				<string name="TypHL" value="Hull"/>
				<string name="UnitName" value="Dunkerque"/>
			</object>
			<object name="Dun1369">
				<integer name="Country" value="4"/>
				<float name="ER" value="400."/>
				<string name="Hull" value="Std_Boiler"/>
				<string name="Name" value="Middle2_Boiler"/>
				<string name="TypHL" value="Boiler"/>
				<string name="UnitName" value="Dunkerque"/>
			</object>
			<object name="Dun1370">
				<integer name="Country" value="4"/>
				<float name="ER" value="400."/>
				<string name="Hull" value="Dun_ArmourDeckEU"/>
				<string name="Name" value="Middle2_LEngineDeck"/>
				<string name="TypHL" value="Hull"/>
				<string name="UnitName" value="Dunkerque"/>
			</object>
			<object name="Dun1371">
				<string name="ConnectName" value="Middle2_Boiler;Middle3_Boiler;Middle4_Boiler;Middle5_Boiler"/>
				<integer name="Country" value="4"/>
				<float name="ER" value="400."/>
				<string name="Hull" value="Std_Engine"/>
				<string name="Name" value="Middle2_Engine"/>
				<string name="TypHL" value="Engine"/>
				<string name="UnitName" value="Dunkerque"/>
			</object>
			<object name="Dun1372">
				<integer name="Country" value="4"/>
				<float name="ER" value="400."/>
				<string name="Hull" value="Dun_EUUpperDeck"/>
				<string name="Name" value="Middle2_RLowerDeck"/>
				<string name="TypHL" value="Hull"/>
				<string name="UnitName" value="Dunkerque"/>
			</object>
			<object name="Dun1373">
				<integer name="Country" value="4"/>
				<float name="ER" value="500."/>
				<string name="Hull" value="Dun_LEUBelt_Upper"/>
				<string name="Name" value="Middle2_LUpperBelt"/>
				<string name="TypHL" value="Hull"/>
				<string name="UnitName" value="Dunkerque"/>
			</object>
			<object name="Dun1374">
				<integer name="Country" value="4"/>
				<float name="ER" value="400."/>
				<string name="Hull" value="Dun_LAMP"/>
				<string name="Name" value="Middle2_LAMP"/>
				<string name="TypHL" value="Hull"/>
				<string name="UnitName" value="Dunkerque"/>
			</object>
			<object name="Dun1375">
				<integer name="Country" value="4"/>
				<float name="ER" value="500."/>
				<string name="Hull" value="Dun_LEUBelt_Lower"/>
				<string name="Name" value="Middle2_LLowerBelt"/>
				<string name="TypHL" value="Hull"/>
				<string name="UnitName" value="Dunkerque"/>
			</object>
			<object name="Dun1376">
				<integer name="Country" value="4"/>
				<float name="ER" value="500."/>
				<string name="Hull" value="Dun_REUBelt_Upper"/>
				<string name="Name" value="Middle2_RUpperBelt"/>
				<string name="TypHL" value="Hull"/>
				<string name="UnitName" value="Dunkerque"/>
			</object>
			<object name="Dun1377">
				<integer name="Country" value="4"/>
				<float name="ER" value="500."/>
				<string name="Hull" value="Dun_REUBelt_Lower"/>
				<string name="Name" value="Middle2_RLowerBelt"/>
				<string name="TypHL" value="Hull"/>
				<string name="UnitName" value="Dunkerque"/>
			</object>
			<object name="Dun1378">
				<integer name="Country" value="4"/>
				<float name="ER" value="400."/>
				<string name="Hull" value="Dun_RAMP"/>
				<string name="Name" value="Middle2_RAMP"/>
				<string name="TypHL" value="Hull"/>
				<string name="UnitName" value="Dunkerque"/>
			</object>
			<object name="Dun1379">
				<integer name="Country" value="4"/>
				<float name="ER" value="400."/>
				<string name="Hull" value="Dun_Bottom"/>
				<string name="Name" value="Middle2_LBottom"/>
				<string name="TypHL" value="FuelTank"/>
				<string name="UnitName" value="Dunkerque"/>
			</object>
			<object name="Dun1380">
				<integer name="Country" value="4"/>
				<float name="ER" value="400."/>
				<string name="Hull" value="Dun_Bottom"/>
				<string name="Name" value="Middle2_RBottom"/>
				<string name="TypHL" value="FuelTank"/>
				<string name="UnitName" value="Dunkerque"/>
			</object>
			<object name="Dun1382">
				<integer name="Country" value="4"/>
				<float name="ER" value="400."/>
				<string name="Hull" value="Dun_EUUpperDeck"/>
				<string name="Name" value="Middle1_LCLowerDeck"/>
				<string name="TypHL" value="Hull"/>
				<string name="UnitName" value="Dunkerque"/>
			</object>
			<object name="Dun1383">
				<integer name="Country" value="4"/>
				<float name="ER" value="400."/>
				<string name="Hull" value="Dun_AS_T1"/>
				<string name="Name" value="AmmoStore_LSG"/>
				<string name="TypHL" value="AmmoStore"/>
				<string name="UnitName" value="Dunkerque"/>
			</object>
			<object name="Dun1384">
				<integer name="Country" value="4"/>
				<float name="ER" value="400."/>
				<string name="Hull" value="Std_Probe"/>
				<string name="Name" value="Probe_MG_Bow"/>
				<string name="TypHL" value="Probe"/>
				<string name="UnitName" value="Dunkerque"/>
			</object>
			<object name="Dun1385">
				<integer name="Country" value="4"/>
				<float name="ER" value="400."/>
				<string name="Hull" value="Dun_EUUpperDeck"/>
				<string name="Name" value="Middle1_RCLowerDeck"/>
				<string name="TypHL" value="Hull"/>
				<string name="UnitName" value="Dunkerque"/>
			</object>
			<object name="Dun1386">
				<integer name="Country" value="4"/>
				<float name="ER" value="400."/>
				<string name="Hull" value="Dun_AS_T1"/>
				<string name="Name" value="AmmoStore_RSG"/>
				<string name="TypHL" value="AmmoStore"/>
				<string name="UnitName" value="Dunkerque"/>
			</object>
			<object name="Dun1387">
				<integer name="Country" value="4"/>
				<float name="ER" value="400."/>
				<string name="Hull" value="Std_Probe"/>
				<string name="Name" value="CentralPost"/>
				<string name="TypHL" value="Probe"/>
				<string name="UnitName" value="Dunkerque"/>
			</object>
			<object name="Dun1388">
				<integer name="Country" value="4"/>
				<float name="ER" value="400."/>
				<string name="Hull" value="Dun_EUUpperDeck"/>
				<string name="Name" value="Middle1_RLowerDeck"/>
				<string name="TypHL" value="Hull"/>
				<string name="UnitName" value="Dunkerque"/>
			</object>
			<object name="Dun1389">
				<integer name="Country" value="4"/>
				<float name="ER" value="400."/>
				<string name="Hull" value="Dun_EUUpperDeck"/>
				<string name="Name" value="Middle1_LLowerDeck"/>
				<string name="TypHL" value="Hull"/>
				<string name="UnitName" value="Dunkerque"/>
			</object>
			<object name="Dun1390">
				<integer name="Country" value="4"/>
				<float name="ER" value="400."/>
				<string name="Hull" value="Dun_ArmourDeckEU"/>
				<string name="Name" value="Middle1_RMiddleDeck"/>
				<string name="TypHL" value="Hull"/>
				<string name="UnitName" value="Dunkerque"/>
			</object>
			<object name="Dun1391">
				<integer name="Country" value="4"/>
				<float name="ER" value="400."/>
				<string name="Hull" value="Dun_ArmourDeckEU"/>
				<string name="Name" value="Middle1_LMiddleDeck"/>
				<string name="TypHL" value="Hull"/>
				<string name="UnitName" value="Dunkerque"/>
			</object>
			<object name="Dun1392">
				<integer name="Country" value="4"/>
				<float name="ER" value="400."/>
				<string name="Hull" value="Dun_ArmourDeckEU"/>
				<string name="Name" value="Middle1_Middle2Deck"/>
				<string name="TypHL" value="Hull"/>
				<string name="UnitName" value="Dunkerque"/>
			</object>
			<object name="Dun1393">
				<integer name="Country" value="4"/>
				<float name="ER" value="400."/>
				<string name="Hull" value="Dun_ArmourDeckEU"/>
				<string name="Name" value="Middle1_UpperDeck"/>
				<string name="TypHL" value="Hull"/>
				<string name="UnitName" value="Dunkerque"/>
			</object>
			<object name="Dun1394">
				<integer name="Country" value="4"/>
				<float name="ER" value="400."/>
				<string name="Hull" value="Dun_ArmourDeckEU"/>
				<string name="Name" value="Middle1_MiddleDeck"/>
				<string name="TypHL" value="Hull"/>
				<string name="UnitName" value="Dunkerque"/>
			</object>
			<object name="Dun1395">
				<integer name="Country" value="4"/>
				<float name="ER" value="400."/>
				<string name="Hull" value="Std_Probe"/>
				<string name="Name" value="Radar"/>
				<string name="TypHL" value="Probe"/>
				<string name="UnitName" value="Dunkerque"/>
			</object>
			<object name="Dun1396">
				<integer name="Country" value="4"/>
				<float name="ER" value="400."/>
				<string name="Hull" value="Std_Probe"/>
				<string name="Name" value="Radio"/>
				<string name="TypHL" value="Probe"/>
				<string name="UnitName" value="Dunkerque"/>
			</object>
			<object name="Dun1397">
				<integer name="Country" value="4"/>
				<float name="ER" value="400."/>
				<string name="Hull" value="Dun_Bottom"/>
				<string name="Name" value="Middle1_RBottom"/>
				<string name="TypHL" value="FuelTank"/>
				<string name="UnitName" value="Dunkerque"/>
			</object>
			<object name="Dun1398">
				<integer name="Country" value="4"/>
				<float name="ER" value="400."/>
				<string name="Hull" value="Dun_Bottom"/>
				<string name="Name" value="Middle1_LBottom"/>
				<string name="TypHL" value="FuelTank"/>
				<string name="UnitName" value="Dunkerque"/>
			</object>
			<object name="Dun1399">
				<integer name="Country" value="4"/>
				<float name="ER" value="400."/>
				<string name="Hull" value="Dun_RAMP"/>
				<string name="Name" value="Middle1_RAMP"/>
				<string name="TypHL" value="Hull"/>
				<string name="UnitName" value="Dunkerque"/>
			</object>
			<object name="Dun1400">
				<integer name="Country" value="4"/>
				<float name="ER" value="400."/>
				<string name="Hull" value="Dun_LAMP"/>
				<string name="Name" value="Middle1_LAMP"/>
				<string name="TypHL" value="Hull"/>
				<string name="UnitName" value="Dunkerque"/>
			</object>
			<object name="Dun1401">
				<integer name="Country" value="4"/>
				<float name="ER" value="500."/>
				<string name="Hull" value="Dun_LEUBelt_Upper"/>
				<string name="Name" value="Middle1_LUpperBelt"/>
				<string name="TypHL" value="Hull"/>
				<string name="UnitName" value="Dunkerque"/>
			</object>
			<object name="Dun1402">
				<integer name="Country" value="4"/>
				<float name="ER" value="500."/>
				<string name="Hull" value="Dun_LEUBelt_Lower"/>
				<string name="Name" value="Middle1_LLowerBelt"/>
				<string name="TypHL" value="Hull"/>
				<string name="UnitName" value="Dunkerque"/>
			</object>
			<object name="Dun1403">
				<integer name="Country" value="4"/>
				<float name="ER" value="500."/>
				<string name="Hull" value="Dun_REUBelt_Upper"/>
				<string name="Name" value="Middle1_RUpperBelt"/>
				<string name="TypHL" value="Hull"/>
				<string name="UnitName" value="Dunkerque"/>
			</object>
			<object name="Dun1404">
				<integer name="Country" value="4"/>
				<float name="ER" value="500."/>
				<string name="Hull" value="Dun_REUBelt_Lower"/>
				<string name="Name" value="Middle1_RLowerBelt"/>
				<string name="TypHL" value="Hull"/>
				<string name="UnitName" value="Dunkerque"/>
			</object>
			<object name="Dun1405">
				<integer name="Country" value="4"/>
				<float name="ER" value="400."/>
				<string name="Hull" value="Dun_Bottom"/>
				<string name="Name" value="Bow2_RBottom"/>
				<string name="TypHL" value="Hull"/>
				<string name="UnitName" value="Dunkerque"/>
			</object>
			<object name="Dun1406">
				<integer name="Country" value="4"/>
				<float name="ER" value="400."/>
				<string name="Hull" value="Dun_Bottom"/>
				<string name="Name" value="Bow2_LBottom"/>
				<string name="TypHL" value="Hull"/>
				<string name="UnitName" value="Dunkerque"/>
			</object>
			<object name="Dun1407">
				<integer name="Country" value="4"/>
				<float name="ER" value="400."/>
				<string name="Hull" value="Dun_ArmourDeckEU"/>
				<string name="Name" value="Bow1_MiddleDeck"/>
				<string name="TypHL" value="Hull"/>
				<string name="UnitName" value="Dunkerque"/>
			</object>
			<object name="Dun1408">
				<integer name="Country" value="4"/>
				<float name="ER" value="500."/>
				<string name="Hull" value="Dun_LASBelt_Lower"/>
				<string name="Name" value="Stern1_LLowerBelt"/>
				<string name="TypHL" value="Hull"/>
				<string name="UnitName" value="Dunkerque"/>
			</object>
			<object name="Dun1409">
				<integer name="Country" value="4"/>
				<float name="ER" value="400."/>
				<string name="Hull" value="Dun_RAMP"/>
				<string name="Name" value="Bow2_RAMP"/>
				<string name="TypHL" value="Hull"/>
				<string name="UnitName" value="Dunkerque"/>
			</object>
			<object name="Dun1410">
				<integer name="Country" value="4"/>
				<float name="ER" value="500."/>
				<string name="Hull" value="Dun_LBelt_Sides"/>
				<string name="Name" value="Bow2_LBelt"/>
				<string name="TypHL" value="Hull"/>
				<string name="UnitName" value="Dunkerque"/>
			</object>
			<object name="Dun1411">
				<integer name="Country" value="4"/>
				<float name="ER" value="400."/>
				<string name="Hull" value="Dun_LAMP"/>
				<string name="Name" value="Bow2_LAMP"/>
				<string name="TypHL" value="Hull"/>
				<string name="UnitName" value="Dunkerque"/>
			</object>
			<object name="Dun1412">
				<integer name="Country" value="4"/>
				<float name="ER" value="500."/>
				<string name="Hull" value="Dun_RBelt_Sides"/>
				<string name="Name" value="Bow2_RBelt"/>
				<string name="TypHL" value="Hull"/>
				<string name="UnitName" value="Dunkerque"/>
			</object>
			<object name="Dun1413">
				<integer name="Country" value="4"/>
				<float name="ER" value="500."/>
				<string name="Hull" value="Dun_LBelt_Sides"/>
				<string name="Name" value="Stern2_LBelt"/>
				<string name="TypHL" value="Hull"/>
				<string name="UnitName" value="Dunkerque"/>
			</object>
			<object name="Dun1414">
				<integer name="Country" value="4"/>
				<float name="ER" value="500."/>
				<string name="Hull" value="Dun_RBelt_Sides"/>
				<string name="Name" value="Stern2_RBelt"/>
				<string name="TypHL" value="Hull"/>
				<string name="UnitName" value="Dunkerque"/>
			</object>
			<object name="Dun1415">
				<integer name="Country" value="4"/>
				<float name="ER" value="400."/>
				<string name="Hull" value="Dun_ArmourDeckEU"/>
				<string name="Name" value="Bow2_RUpperDeck"/>
				<string name="TypHL" value="Hull"/>
				<string name="UnitName" value="Dunkerque"/>
			</object>
			<object name="Dun1416">
				<integer name="Country" value="4"/>
				<float name="ER" value="400."/>
				<string name="Hull" value="Dun_ArmourDeckEU"/>
				<string name="Name" value="Bow2_LUpperDeck"/>
				<string name="TypHL" value="Hull"/>
				<string name="UnitName" value="Dunkerque"/>
			</object>
			<object name="Dun1417">
				<integer name="Country" value="4"/>
				<float name="ER" value="400."/>
				<string name="Hull" value="Dun_ArmourDeckEU"/>
				<string name="Name" value="Bow2_LMiddleDeck"/>
				<string name="TypHL" value="Hull"/>
				<string name="UnitName" value="Dunkerque"/>
			</object>
			<object name="Dun1418">
				<integer name="Country" value="4"/>
				<float name="ER" value="400."/>
				<string name="Hull" value="Dun_ArmourDeckEU"/>
				<string name="Name" value="Bow2_RMiddleDeck"/>
				<string name="TypHL" value="Hull"/>
				<string name="UnitName" value="Dunkerque"/>
			</object>
			<object name="Dun1419">
				<integer name="Country" value="4"/>
				<float name="ER" value="400."/>
				<string name="Hull" value="Dun_ArmourDeckEU"/>
				<string name="Name" value="Bow1_UpperDeck"/>
				<string name="TypHL" value="Hull"/>
				<string name="UnitName" value="Dunkerque"/>
			</object>
			<object name="Dun1420">
				<integer name="Country" value="4"/>
				<float name="ER" value="400."/>
				<string name="Hull" value="Dun_ArmourDeckEU"/>
				<string name="Name" value="Stern2_LMiddleDeck"/>
				<string name="TypHL" value="Hull"/>
				<string name="UnitName" value="Dunkerque"/>
			</object>
			<object name="Dun1421">
				<integer name="Country" value="4"/>
				<float name="ER" value="400."/>
				<string name="Hull" value="Dun_ArmourDeckEU"/>
				<string name="Name" value="Stern2_RMiddleDeck"/>
				<string name="TypHL" value="Hull"/>
				<string name="UnitName" value="Dunkerque"/>
			</object>
			<object name="Dun1422">
				<integer name="Country" value="4"/>
				<float name="ER" value="400."/>
				<string name="Hull" value="Dun_EUUpperDeck"/>
				<string name="Name" value="Bow2_lowerDeck"/>
				<string name="TypHL" value="Hull"/>
				<string name="UnitName" value="Dunkerque"/>
			</object>
			<object name="Dun1423">
				<integer name="Country" value="4"/>
				<float name="ER" value="400."/>
				<string name="Hull" value="Dun_EUUpperDeck"/>
				<string name="Name" value="Stern2_LowerDeck"/>
				<string name="TypHL" value="Hull"/>
				<string name="UnitName" value="Dunkerque"/>
			</object>
			<object name="Dun9239">
				<integer name="Country" value="4"/>
				<integer name="Crew" value="300"/>
				<float name="ER" value="400."/>
				<string name="Hull" value="Dun_Hull"/>
				<string name="Name" value="SternStuperstructure2"/>
				<string name="TypHL" value="Crew"/>
				<string name="UnitName" value="Dunkerque"/>
			</object>
			<object name="Dun9240">
				<integer name="Country" value="4"/>
				<integer name="Crew" value="300"/>
				<float name="ER" value="400."/>
				<string name="Hull" value="Dun_Hull"/>
				<string name="Name" value="SternStuperstructure1"/>
				<string name="TypHL" value="Crew"/>
				<string name="UnitName" value="Dunkerque"/>
			</object>
			<object name="Dun9241">
				<integer name="Country" value="4"/>
				<float name="ER" value="400."/>
				<string name="Hull" value="Dun_SmokeStack"/>
				<string name="Name" value="SternSmokeStack"/>
				<string name="TypHL" value="Hull"/>
				<string name="UnitName" value="Dunkerque"/>
			</object>
			<object name="Dun9242">
				<integer name="Country" value="4"/>
				<float name="ER" value="400."/>
				<string name="Hull" value="Dun_SmokeStack"/>
				<string name="Name" value="BowSmokeStack"/>
				<string name="TypHL" value="Hull"/>
				<string name="UnitName" value="Dunkerque"/>
			</object>
			<object name="Dun9243">
				<integer name="Country" value="4"/>
				<float name="ER" value="400."/>
				<string name="Hull" value="Dun_Hull"/>
				<string name="Name" value="MiddleUSuperstructure"/>
				<string name="TypHL" value="Hull"/>
				<string name="UnitName" value="Dunkerque"/>
			</object>
			<object name="Dun9244">
				<integer name="Country" value="4"/>
				<float name="ER" value="400."/>
				<string name="Hull" value="Dun_Hull"/>
				<string name="Name" value="MiddleLSuperstructure"/>
				<string name="TypHL" value="Hull"/>
				<string name="UnitName" value="Dunkerque"/>
			</object>
			<object name="Dun9245">
				<integer name="Country" value="4"/>
				<integer name="Crew" value="300"/>
				<float name="ER" value="400."/>
				<string name="Hull" value="Dun_Hull"/>
				<string name="Name" value="BowUSuperstructure"/>
				<string name="TypHL" value="Crew"/>
				<string name="UnitName" value="Dunkerque"/>
			</object>
			<object name="Dun9246">
				<integer name="Country" value="4"/>
				<integer name="Crew" value="300"/>
				<float name="ER" value="400."/>
				<string name="Hull" value="Dun_Hull"/>
				<string name="Name" value="BowMSuperstructure"/>
				<string name="TypHL" value="Crew"/>
				<string name="UnitName" value="Dunkerque"/>
			</object>
			<object name="Dun9247">
				<integer name="Country" value="4"/>
				<integer name="Crew" value="300"/>
				<float name="ER" value="400."/>
				<string name="Hull" value="Dun_Hull"/>
				<string name="Name" value="BowLSuperstructure"/>
				<string name="TypHL" value="Crew"/>
				<string name="UnitName" value="Dunkerque"/>
			</object>
			<object name="Dun9340">
				<integer name="Country" value="4"/>
				<integer name="Crew" value="300"/>
				<float name="ER" value="400."/>
				<string name="Hull" value="Dun_Hull"/>
				<string name="Name" value="SternSuperstructure1"/>
				<string name="TypHL" value="Crew"/>
				<string name="UnitName" value="Dunkerque"/>
			</object>
			<object name="Dun9341">
				<integer name="Country" value="4"/>
				<float name="ER" value="400."/>
				<string name="Hull" value="Dun_Bottom"/>
				<string name="Name" value="Bow1_LBottom"/>
				<string name="TypHL" value="Hull"/>
				<string name="UnitName" value="Dunkerque"/>
			</object>
			<object name="Dun9342">
				<integer name="Country" value="4"/>
				<float name="ER" value="400."/>
				<string name="Hull" value="Dun_Bottom"/>
				<string name="Name" value="Bow1_RBottom"/>
				<string name="TypHL" value="Hull"/>
				<string name="UnitName" value="Dunkerque"/>
			</object>
		</object>
		<object name = "Hulls">
			<object name="Dun_ArmourDeckAS">
				<integer name="Back" value="50"/>
				<integer name="Bottom" value="40"/>
				<integer name="Country" value="4"/>
				<float name="ExplProb" value="0."/>
				<float name="FireProb" value="10."/>
				<integer name="Front" value="50"/>
				<integer name="Left" value="50"/>
				<string name="Material" value="Armored"/>
				<integer name="Right" value="50"/>
				<integer name="Top" value="125"/>
				<integer name="UnitName" value="0"/>
				<string name="UnitTyp" value="Ship"/>
			</object>
			<object name="Dun_ArmourDeckEU">
				<integer name="Back" value="50"/>
				<integer name="Bottom" value="50"/>
				<integer name="Country" value="4"/>
				<float name="ExplProb" value="0."/>
				<float name="FireProb" value="20."/>
				<integer name="Front" value="50"/>
				<integer name="Left" value="50"/>
				<string name="Material" value="Armored"/>
				<integer name="Right" value="50"/>
				<integer name="Top" value="115"/>
				<integer name="UnitName" value="0"/>
				<string name="UnitTyp" value="Ship"/>
			</object>
			<object name="Dun_Barbet">
				<integer name="Back" value="330"/>
				<integer name="Country" value="4"/>
				<float name="ExplProb" value="5."/>
				<float name="FireProb" value="25."/>
				<integer name="Front" value="330"/>
				<integer name="Left" value="330"/>
				<string name="Material" value="Armored"/>
				<integer name="Right" value="330"/>
				<integer name="Top" value="0"/>
				<integer name="UnitName" value="0"/>
				<string name="UnitTyp" value="Ship"/>
			</object>
			<object name="Dun_BattleCabine">
				<integer name="Back" value="269"/>
				<integer name="Bottom" value="269"/>
				<integer name="Country" value="4"/>
				<float name="ExplProb" value="0."/>
				<float name="FireProb" value="0."/>
				<integer name="Front" value="269"/>
				<integer name="Left" value="269"/>
				<string name="Material" value="Armored"/>
				<integer name="Right" value="269"/>
				<integer name="Top" value="200"/>
				<integer name="UnitName" value="0"/>
				<string name="UnitTyp" value="Ship"/>
			</object>
			<object name="Dun_EUUpperDeck">
				<integer name="Back" value="50"/>
				<integer name="Bottom" value="50"/>
				<integer name="Country" value="4"/>
				<float name="ExplProb" value="0."/>
				<float name="FireProb" value="10."/>
				<integer name="Front" value="50"/>
				<integer name="Left" value="50"/>
				<string name="Material" value="Armored"/>
				<integer name="Right" value="50"/>
				<integer name="Top" value="115"/>
				<integer name="UnitName" value="0"/>
				<string name="UnitTyp" value="Ship"/>
			</object>
			<object name="Dun_LASBelt_Lower">
				<integer name="Back" value="50"/>
				<integer name="Bottom" value="50"/>
				<integer name="Country" value="4"/>
				<float name="ExplProb" value="0."/>
				<float name="FireProb" value="0."/>
				<integer name="Front" value="50"/>
				<integer name="Left" value="146"/>
				<string name="Material" value="Armored"/>
				<integer name="Right" value="25"/>
				<integer name="Top" value="50"/>
				<integer name="UnitName" value="0"/>
				<string name="UnitTyp" value="Ship"/>
			</object>
			<object name="Dun_LASBelt_Upper">
				<integer name="Back" value="50"/>
				<integer name="Bottom" value="50"/>
				<integer name="Country" value="4"/>
				<float name="ExplProb" value="0."/>
				<float name="FireProb" value="0."/>
				<integer name="Front" value="50"/>
				<integer name="Left" value="200"/>
				<string name="Material" value="Armored"/>
				<integer name="Right" value="25"/>
				<integer name="Top" value="50"/>
				<integer name="UnitName" value="0"/>
				<string name="UnitTyp" value="Ship"/>
			</object>
			<object name="Dun_LBelt_Sides">
				<integer name="Back" value="100"/>
				<integer name="Bottom" value="5"/>
				<integer name="Country" value="4"/>
				<float name="ExplProb" value="0."/>
				<float name="FireProb" value="0."/>
				<integer name="Front" value="100"/>
				<integer name="Left" value="248"/>
				<string name="Material" value="Armored"/>
				<integer name="Right" value="25"/>
				<integer name="Top" value="100"/>
				<integer name="UnitName" value="0"/>
				<string name="UnitTyp" value="Ship"/>
			</object>
			<object name="Dun_LEUBelt_Lower">
				<integer name="Back" value="50"/>
				<integer name="Bottom" value="50"/>
				<integer name="Country" value="4"/>
				<float name="ExplProb" value="0."/>
				<float name="FireProb" value="0."/>
				<integer name="Front" value="50"/>
				<integer name="Left" value="146"/>
				<string name="Material" value="Armored"/>
				<integer name="Right" value="25"/>
				<integer name="Top" value="50"/>
				<integer name="UnitName" value="0"/>
				<string name="UnitTyp" value="Ship"/>
			</object>
			<object name="Dun_LEUBelt_Upper">
				<integer name="Back" value="50"/>
				<integer name="Bottom" value="50"/>
				<integer name="Country" value="4"/>
				<float name="ExplProb" value="0."/>
				<float name="FireProb" value="0."/>
				<integer name="Front" value="50"/>
				<integer name="Left" value="200"/>
				<string name="Material" value="Armored"/>
				<integer name="Right" value="25"/>
				<integer name="Top" value="100"/>
				<integer name="UnitName" value="0"/>
				<string name="UnitTyp" value="Ship"/>
			</object>
			<object name="Dun_RASBelt_Lower">
				<integer name="Back" value="50"/>
				<integer name="Bottom" value="50"/>
				<integer name="Country" value="4"/>
				<float name="ExplProb" value="0."/>
				<float name="FireProb" value="0."/>
				<integer name="Front" value="50"/>
				<integer name="Left" value="25"/>
				<string name="Material" value="Armored"/>
				<integer name="Right" value="146"/>
				<integer name="Top" value="50"/>
				<integer name="UnitName" value="0"/>
				<string name="UnitTyp" value="Ship"/>
			</object>
			<object name="Dun_RASBelt_Upper">
				<integer name="Back" value="50"/>
				<integer name="Bottom" value="50"/>
				<integer name="Country" value="4"/>
				<float name="ExplProb" value="0."/>
				<float name="FireProb" value="0."/>
				<integer name="Front" value="50"/>
				<integer name="Left" value="25"/>
				<string name="Material" value="Armored"/>
				<integer name="Right" value="146"/>
				<integer name="Top" value="100"/>
				<integer name="UnitName" value="0"/>
				<string name="UnitTyp" value="Ship"/>
			</object>
			<object name="Dun_RBelt_Sides">
				<integer name="Back" value="50"/>
				<integer name="Bottom" value="50"/>
				<integer name="Country" value="4"/>
				<float name="ExplProb" value="0."/>
				<float name="FireProb" value="0."/>
				<integer name="Front" value="50"/>
				<integer name="Left" value="25"/>
				<string name="Material" value="Armored"/>
				<integer name="Right" value="200"/>
				<integer name="Top" value="100"/>
				<integer name="UnitName" value="0"/>
				<string name="UnitTyp" value="Ship"/>
			</object>
			<object name="Dun_REUBelt_Lower">
				<integer name="Back" value="50"/>
				<integer name="Bottom" value="50"/>
				<integer name="Country" value="4"/>
				<float name="ExplProb" value="0."/>
				<float name="FireProb" value="0."/>
				<integer name="Front" value="50"/>
				<integer name="Left" value="25"/>
				<string name="Material" value="Armored"/>
				<integer name="Right" value="146"/>
				<integer name="Top" value="50"/>
				<integer name="UnitName" value="0"/>
				<string name="UnitTyp" value="Ship"/>
			</object>
			<object name="Dun_REUBelt_Upper">
				<integer name="Back" value="50"/>
				<integer name="Bottom" value="50"/>
				<integer name="Country" value="4"/>
				<float name="ExplProb" value="0."/>
				<float name="FireProb" value="0."/>
				<integer name="Front" value="50"/>
				<integer name="Left" value="25"/>
				<string name="Material" value="Armored"/>
				<integer name="Right" value="200"/>
				<integer name="Top" value="100"/>
				<integer name="UnitName" value="0"/>
				<string name="UnitTyp" value="Ship"/>
			</object>
			<object name="Dun_Tiller">
				<integer name="Back" value="152"/>
				<integer name="Bottom" value="150"/>
				<integer name="Country" value="4"/>
				<float name="ExplProb" value="0."/>
				<float name="FireProb" value="0."/>
				<integer name="Front" value="50"/>
				<integer name="Left" value="50"/>
				<string name="Material" value="Armored"/>
				<integer name="Right" value="50"/>
				<integer name="Top" value="150"/>
				<integer name="UnitName" value="0"/>
				<string name="UnitTyp" value="Ship"/>
			</object> 
			<object name="Dun_Hull">
				<integer name="Back" value="50"/>
				<integer name="Bottom" value="50"/>
				<integer name="Country" value="4"/>
				<float name="ExplProb" value="0."/>
				<float name="FireProb" value="10."/>
				<integer name="Front" value="50"/>
				<integer name="Left" value="50"/>
				<string name="Material" value="Steel"/>
				<integer name="Right" value="50"/>
				<integer name="Top" value="50"/>
				<integer name="UnitName" value="0"/>
				<string name="UnitTyp" value="Any"/>
			</object>  
			<object name="Dun_UpperHull">
				<integer name="Back" value="5"/>
				<integer name="Bottom" value="5"/>
				<integer name="Country" value="4"/>
				<float name="ExplProb" value="0."/>
				<float name="FireProb" value="10."/>
				<integer name="Front" value="5"/>
				<integer name="Left" value="5"/>
				<string name="Material" value="Armored"/>
				<integer name="Right" value="5"/>
				<integer name="Top" value="5"/>
				<integer name="UnitName" value="0"/>
				<string name="UnitTyp" value="Any"/>
			</object> 
			<object name="Dun_RAMP">
				<integer name="Back" value="50"/>
				<integer name="Bottom" value="50"/>
				<integer name="Country" value="4"/>
				<float name="ExplProb" value="0."/>
				<float name="FireProb" value="0."/>
				<integer name="Front" value="50"/>
				<integer name="Left" value="50"/>
				<string name="Material" value="Steel"/>
				<integer name="Right" value="50"/>
				<integer name="Top" value="50"/>
				<integer name="UnitName" value="0"/>
				<string name="UnitTyp" value="Any"/>
			</object> 
			<object name="Dun_AS_T2">
				<integer name="Back" value="50"/>
				<integer name="Bottom" value="50"/>
				<integer name="Country" value="4"/>
				<float name="ExplProb" value="20."/>
				<float name="FireProb" value="10."/>
				<integer name="Front" value="50"/>
				<integer name="Left" value="50"/>
				<string name="Material" value="Steel"/>
				<integer name="Right" value="50"/>
				<integer name="Top" value="50"/>
				<integer name="UnitName" value="0"/>
				<string name="UnitTyp" value="Any"/>
			</object>
			<object name="Dun_AS_T1">
				<integer name="Back" value="50"/>
				<integer name="Bottom" value="50"/>	
				<integer name="Country" value="4"/>
				<float name="ExplProb" value="30."/>
				<float name="FireProb" value="0."/>
				<integer name="Front" value="50"/>
				<integer name="Left" value="50"/>
				<string name="Material" value="Steel"/>
				<integer name="Right" value="50"/>
				<integer name="Top" value="50"/> 
				<integer name="UnitName" value="0"/>
				<string name="UnitTyp" value="Any"/>
			</object>	  
			<object name="Dun_LAMP">
				<integer name="Back" value="50"/>
				<integer name="Bottom" value="50"/>
				<integer name="Country" value="4"/>
				<float name="ExplProb" value="0."/>
				<float name="FireProb" value="0."/>
				<integer name="Front" value="50"/>
				<integer name="Left" value="55"/>
				<string name="Material" value="Steel"/>
				<integer name="Right" value="50"/>
				<integer name="Top" value="50"/>
				<integer name="UnitName" value="0"/>
				<string name="UnitTyp" value="Any"/>
			</object>  
			<object name="Dun_Lboard">
				<integer name="Back" value="5"/>
				<integer name="Bottom" value="5"/>
				<integer name="Country" value="4"/>
				<float name="ExplProb" value="0."/>
				<float name="FireProb" value="10."/>
				<integer name="Front" value="5"/>
				<integer name="Left" value="10"/>
				<string name="Material" value="Steel"/>
				<integer name="Right" value="5"/>
				<integer name="Top" value="5"/>
				<integer name="UnitName" value="0"/>
				<string name="UnitTyp" value="Any"/>
			</object>
			<object name="Dun_Rboard">
				<integer name="Back" value="5"/>
				<integer name="Bottom" value="5"/>
				<integer name="Country" value="4"/>
				<float name="ExplProb" value="0."/>
				<float name="FireProb" value="10."/>
				<integer name="Front" value="5"/>
				<integer name="Left" value="5"/>
				<string name="Material" value="Steel"/>
				<integer name="Right" value="10"/>
				<integer name="Top" value="5"/>
				<integer name="UnitName" value="0"/>
				<string name="UnitTyp" value="Any"/>
			</object>	
			<object name="Dun_Bottom">
				<integer name="Back" value="25"/>
				<integer name="Bottom" value="25"/>
				<integer name="Country" value="4"/>
				<float name="ExplProb" value="0."/>
				<float name="FireProb" value="0."/>
				<integer name="Front" value="25"/>
				<integer name="Left" value="25"/>
				<string name="Material" value="Steel"/>
				<integer name="Right" value="25"/>
				<integer name="Top" value="25"/>
				<integer name="UnitName" value="0"/>
				<string name="UnitTyp" value="Any"/>
			</object>
			<object name="Dun_SmokeStack">
				<integer name="Back" value="20"/>
				<integer name="Bottom" value="20"/>
				<integer name="Country" value="4"/>
				<float name="ExplProb" value="0."/>
				<float name="FireProb" value="0."/>
				<integer name="Front" value="20"/>
				<integer name="Left" value="20"/>
				<string name="Material" value="Steel"/>
				<integer name="Right" value="20"/>
				<integer name="Top" value="20"/>
				<integer name="UnitName" value="0"/>
				<string name="UnitTyp" value="Any"/>
			</object>
		</object>			
		<object name="ShipsNames">
			<object name="Dunkerque">
				<string name="1" value="Dunkerque1"/>
				<string name="2" value="Dunkerque2"/>
				<string name="3" value="Dunkerque3"/>
				<string name="4" value="Dunkerque4"/>
				<string name="5" value="Dunkerque5"/>
			</object>
		</object>
		<object name="UnitsByType">
			<object name="1">
				<object name="Dunkerque">
					<string name="ChildTable" value="Ships"/>
				</object>
			</object>
		</object>
	</object>
</root>
