﻿<?xml version = "1.0" encoding = "UTF-8"?>
<root>
	<object name = "SteelMonstersParams">
		<object name="Ships">
			<object name="Chuyo">
				<float name="AccelRate" value="3.e-004"/>
				<string name="Airgroup" value="LightAircraftCarrier_AirGroup_Taiyo_japan"/>
				<integer name="AirplanesCount" value="28"/>
				<string name="AmmoLoadingTemplate" value="Ammo 100, Torp_Jap_Mk91 50, Torp_Jap_Mk91_M_I 20, Torp_Jap_Mk91_A_SA 20"/>
				<integer name="Avia" value="2"/>
				<boolean name="BoatsTransportationAbility" value="false"/>
				<integer name="CabinArmor" value="25"/>
				<boolean name="CanBeChanged" value="true"/>
				<boolean name="CanUseTorpedos" value="false"/>
				<integer name="Country" value="2"/>
				<integer name="Crew" value="850"/>
				<float name="CriticalCareen" value="37."/>
				<float name="CriticalDFT" value="2."/>
				<float name="CriticalDifferent" value="2.5"/>
				<float name="DTimeProd" value="100."/>
				<float name="DisplacementMax" value="20000."/>
				<float name="EPR" value="385."/>
				<float name="FireRisk" value="1500."/>
				<float name="Fuel" value="2250."/>
				<integer name="HullArmorSide" value="76"/>
				<integer name="HullArmorTop" value="51"/>
				<float name="Iron" value="21000."/>
				<integer name="Length" value="172"/>
				<float name="MaxSpeed" value="21."/>
				<integer name="MinCrew" value="350"/>
				<float name="Money" value="6000."/>
				<float name="NTimeProd" value="225."/>
				<string name="Name" value="Chuyo"/>
				<boolean name="New" value="true"/>
				<integer name="Nuc_Dest_Prob" value="800"/>
				<integer name="Passengers" value="80"/>
				<boolean name="PlanesTransportationAbility" value="true"/>
				<float name="Range" value="12000."/>
				<integer name="Rank" value="7"/>
				<string name="SMU" value="Chuyo"/>
				<float name="Speed" value="18."/>
				<float name="StoreCapacity" value="450."/>
				<boolean name="Transportable" value="false"/>
				<float name="TurnRate" value="1.5e-003"/>
				<integer name="Type" value="25"/>
				<float name="Vitality" value="4000."/>
				<float name="VitalityAA" value="500."/>
				<float name="Weight" value="17830."/>
				<integer name="Width" value="23.5"/>
				<integer name="Year" value="39"/>
			</object>
		</object>
		<object name="ShipsNames">
			<object name="Chuyo">
				<string name="1" value="Chuyo1"/>
			</object>
		</object>
		<object name="UnitsByType">
			<object name="25">
				<object name="Chuyo">
					<string name="ChildTable" value="Ships"/>
				</object>
			</object>
		</object>
	</object>
</root>
