﻿<?xml version="1.0" standalone="yes" ?>
<root>
	<object name="Modifications">
		<object name="Ships">
			<object name="Chuyo">
				<object name="Prototype">
					<string name="AAGunControl" value="Aim_AA"/>
					<float name="AAVolleyWeight" value="6.11376333"/>
					<float name="Aluminium" value="0."/>
					<float name="AmmoWeight" value="79.559906"/>
					<float name="Armour" value="0."/>
					<float name="FuelConsumption" value="11.8705492"/>
					<float name="FuelProtect" value="0."/>
					<string name="FullModName" value="Ships.Chuyo.Prototype"/>
					<float name="Iron" value="17903.625"/>
					<boolean name="IsJammer" value="true"/>
					<string name="MainGunControl" value="Typ94_M"/>
					<float name="MaxFuel" value="3670."/>
					<float name="MaxSpeed" value="34."/>
					<float name="MinSpeed" value="0."/>
					<float name="Money" value="15317."/>
					<widestring name="Name" value="TCBuAHIAeQB1AAA="/>
					<float name="RadarRange" value="40."/>
					<float name="RadioGain" value="32000."/>
					<float name="RadioPowerHF" value="160."/>
					<float name="RadioPowerVHF" value="0."/>
					<float name="RadioSensitivityHF" value="5.e-003"/>
					<float name="RadioSensitivityVHF" value="0."/>
					<object name="Slots">
						<object name="TPort_127mm_R1">
							<string name="Device" value="Myoko_Turret_127x2"/>
							<string name="Table" value="Turrets"/>
						</object>
						<object name="TPort_127mm_L1">
							<string name="Device" value="Myoko_Turret_127x2"/>
							<string name="Table" value="Turrets"/>
						</object>
						<object name="TPort_127mm_R2">
							<string name="Device" value="Myoko_Turret_127x2"/>
							<string name="Table" value="Turrets"/>
						</object>
						<object name="TPort_127mm_L2">
							<string name="Device" value="Myoko_Turret_127x2"/>
							<string name="Table" value="Turrets"/>
						</object>
						<object name="TPort_AA3x25mmF1R">
							<string name="Device" value="Jap_Turret_25x3"/>
							<string name="Table" value="Turrets"/>
						</object>
						<object name="TPort_AA3x25mmF1L">
							<string name="Device" value="Jap_Turret_25x3"/>
							<string name="Table" value="Turrets"/>
						</object>
						<object name="TPort_AA3x25mmF2R">
							<string name="Device" value="Jap_Turret_25x3"/>
							<string name="Table" value="Turrets"/>
						</object>
						<object name="TPort_AA3x25mmF2L">
							<string name="Device" value="Jap_Turret_25x3"/>
							<string name="Table" value="Turrets"/>
						</object>
						<object name="TPort_AA3x25mmF3R">
							<string name="Device" value="Jap_Turret_25x3"/>
							<string name="Table" value="Turrets"/>
						</object>
						<object name="TPort_AA3x25mmF3L">
							<string name="Device" value="Jap_Turret_25x3"/>
							<string name="Table" value="Turrets"/>
						</object>
						<object name="TPort_AA3x25mmF4R">
							<string name="Device" value="Jap_Turret_25x3"/>
							<string name="Table" value="Turrets"/>
						</object>
						<object name="TPort_AA3x25mmF4L">
							<string name="Device" value="Jap_Turret_25x3"/>
							<string name="Table" value="Turrets"/>
						</object>
						<object name="TPort_AA3x25mmF5R">
							<string name="Device" value="Jap_Turret_25x3"/>
							<string name="Table" value="Turrets"/>
						</object>
						<object name="TPort_AA3x25mmF5L">
							<string name="Device" value="Jap_Turret_25x3"/>
							<string name="Table" value="Turrets"/>
						</object>
						<object name="TPort_AA3x25mmF6R">
							<string name="Device" value="Jap_Turret_25x3"/>
							<string name="Table" value="Turrets"/>
						</object>
						<object name="TPort_AA3x25mmF6L">
							<string name="Device" value="Jap_Turret_25x3"/>
							<string name="Table" value="Turrets"/>
						</object>
						<object name="TPort_AA3x25mmF7R">
							<string name="Device" value="Jap_Turret_25x3"/>
							<string name="Table" value="Turrets"/>
						</object>
						<object name="TPort_AA3x25mmF7L">
							<string name="Device" value="Jap_Turret_25x3"/>
							<string name="Table" value="Turrets"/>
						</object>
						<object name="TPort_AA3x25mmF8R">
							<string name="Device" value="Jap_Turret_25x3"/>
							<string name="Table" value="Turrets"/>
						</object>
						<object name="TPort_AA3x25mmF8L">
							<string name="Device" value="Jap_Turret_25x3"/>
							<string name="Table" value="Turrets"/>
						</object>
						<object name="TPort_AA3x25mmF9R">
							<string name="Device" value="Jap_Turret_25x3"/>
							<string name="Table" value="Turrets"/>
						</object>
						<object name="TPort_AA3x25mmF9L">
							<string name="Device" value="Jap_Turret_25x3"/>
							<string name="Table" value="Turrets"/>
						</object>
						<object name="TPort_AA1x25mmF1R">
							<string name="Device" value="Jap_Turret_25x1"/>
							<string name="Table" value="Turrets"/>
						</object>
						<object name="TPort_AA1x25mmF1L">
							<string name="Device" value="Jap_Turret_25x1"/>
							<string name="Table" value="Turrets"/>
						</object>
						<object name="TPort_AA1x25mmF2R">
							<string name="Device" value="Jap_Turret_25x1"/>
							<string name="Table" value="Turrets"/>
						</object>
						<object name="TPort_AA1x25mmF2L">
							<string name="Device" value="Jap_Turret_25x1"/>
							<string name="Table" value="Turrets"/>
						</object>
						<object name="TPort_AA1x25mmF3R">
							<string name="Device" value="Jap_Turret_25x1"/>
							<string name="Table" value="Turrets"/>
						</object>
						<object name="TPort_AA1x25mmF3L">
							<string name="Device" value="Jap_Turret_25x1"/>
							<string name="Table" value="Turrets"/>
						</object>
						<object name="TPort_AA1x25mmF4R">
							<string name="Device" value="Jap_Turret_25x1"/>
							<string name="Table" value="Turrets"/>
						</object>
						<object name="TPort_AA1x25mmF4L">
							<string name="Device" value="Jap_Turret_25x1"/>
							<string name="Table" value="Turrets"/>
						</object>
						<object name="TPort_AA1x25mmF5R">
							<string name="Device" value="Jap_Turret_25x1"/>
							<string name="Table" value="Turrets"/>
						</object>
						<object name="TPort_AA1x25mmF5L">
							<string name="Device" value="Jap_Turret_25x1"/>
							<string name="Table" value="Turrets"/>
						</object>
						<object name="TPort_AA1x13mmF">
							<string name="Device" value="Jap_Turret_13x2_Base"/>
							<string name="Table" value="Turrets"/>
						</object>
						<object name="TPort_AA1x13mmF1R">
							<string name="Device" value="Jap_Turret_13x2_Base"/>
							<string name="Table" value="Turrets"/>
						</object>
						<object name="TPort_AA1x13mmF1L">
							<string name="Device" value="Jap_Turret_13x2_Base"/>
							<string name="Table" value="Turrets"/>
						</object>
						<object name="TPort_AA1x13mmF2R">
							<string name="Device" value="Jap_Turret_13x2_Base"/>
							<string name="Table" value="Turrets"/>
						</object>
						<object name="TPort_AA1x13mmF2L">
							<string name="Device" value="Jap_Turret_13x2_Base"/>
							<string name="Table" value="Turrets"/>
						</object>

						<object name="TPort_Proj_R1">
							<string name="Device" value="Jap_Projector"/>
							<string name="Table" value="Turrets"/>
						</object>
						<object name="TPort_Proj_R2">
							<string name="Device" value="Jap_Projector"/>
							<string name="Table" value="Turrets"/>
						</object>  
						<object name="TPort_Proj_L1">
							<string name="Device" value="Jap_Projector"/>
							<string name="Table" value="Turrets"/>
						</object>
						<object name="TPort_Proj_L2">
							<string name="Device" value="Jap_Projector"/>
							<string name="Table" value="Turrets"/>
						</object>
						<object name="TPort_Proj_R3">
							<string name="Device" value="Jap_Projector"/>
							<string name="Table" value="Turrets"/>
						</object>  
						<object name="TPort_Proj_L3">
							<string name="Device" value="Jap_Projector"/>
							<string name="Table" value="Turrets"/>
						</object>
						<object name="TPort_RF_Typ95_02_F">
							<string name="Device" value="Director_Typ95_Yamato_03"/>
							<string name="Table" value="Turrets"/>
						</object> 
						<object name="TPort_RF_Typ95_02_R1">
							<string name="Device" value="Director_Typ95_Yamato_03"/>
							<string name="Table" value="Turrets"/>
						</object>
						<object name="TPort_RF_Typ95_02_R2">
							<string name="Device" value="Director_Typ95_Yamato_02"/>
							<string name="Table" value="Turrets"/>
						</object> 
						<object name="TPort_RF_Typ95_02_L1">
							<string name="Device" value="Director_Typ95_Yamato_03"/>
							<string name="Table" value="Turrets"/>
						</object>
						<object name="TPort_RF_Typ95_02_L2">
							<string name="Device" value="Director_Typ95_Yamato_02"/>
							<string name="Table" value="Turrets"/>
						</object>
						<object name="TPort_RF_Typ95_02_B">
							<string name="Device" value="Director_Typ95_Yamato_03"/>
							<string name="Table" value="Turrets"/>
						</object>
						<object name="TPort_Main_Gun_Director1">
							<string name="Device" value="Dalnomer25_Akagi"/>
							<string name="Table" value="Turrets"/>
						</object>
						<object name="TPort_Main_Gun_Director2">
							<string name="Device" value="Dalnomer25_Akagi"/>
							<string name="Table" value="Turrets"/>
						</object>
						<object name="TPort_RADAR1">
							<string name="Device" value="Radar_Typ21"/>
							<string name="Table" value="Turrets"/>
						</object>
						<object name="TPort_VINTBR">
							<string name="Device" value="Vint_Fletcher"/>
							<string name="Table" value="Turrets"/>
						</object>
						<object name="TPort_VINTBL">
							<string name="Device" value="Vint_Fletcher"/>
							<string name="Table" value="Turrets"/>
						</object> 
						<object name="TPort_VINTFR">
							<string name="Device" value="Vint_Fletcher"/>
							<string name="Table" value="Turrets"/>
						</object>
						<object name="TPort_VINTFL">
							<string name="Device" value="Vint_Fletcher"/>
							<string name="Table" value="Turrets"/>
						</object>
						<object name="TPort_Airstrip">
							<string name="Device" value="Airstrip_Casablanca"/>
							<string name="Table" value="Airstrip"/>
						</object>	  
						<object name="ZPort_AAGunContr1">
							<string name="Device" value="Aim_AA"/>
							<string name="Table" value="AimSystems"/>
						</object>
						<object name="ZPort_Jammer_US_A1">
							<string name="Device" value=""/>
							<string name="Table" value="Probes"/>
						</object>
						<object name="ZPort_MainGunContr">
							<string name="Device" value="Typ94_M"/>
							<string name="Table" value="AimSystems"/>
						</object>
						<object name="ZPort_Radio">
							<string name="Device" value="J_ShipRadioHF"/>
							<string name="Table" value="Probes"/>
						</object>
						<object name="ZPort_Sonar">
							<string name="Device" value=""/>
							<string name="Table" value="Probes"/>
						</object>
						<object name="ZPort_SteamTurbine_01">
							<string name="Device" value="MPP_Taiyo"/>
							<string name="Table" value="Engins"/>
						</object>
					</object>
					<string name="Sonar" value=""/>
					<float name="Speed" value="18."/>
					<string name="SuperRifles" value=""/>
					<float name="VolleyWeight" value="3.11999989"/>
					<float name="Weight" value="19523.377"/>
				</object>
			</object>
		</object>
	</object>
</root>