﻿<?xml version="1.0" standalone="yes" ?>
<root>
	<object name="SteelMonstersParams">
		<object name="Hit_Location">
			<object name="Rich7929">
				<integer name="Country" value="5"/>
				<float name="ER" value="50."/>
				<string name="Hull" value="Std_Guns_SO"/>
				<string name="Name" value="Turret"/>
				<string name="TypHL" value="Hull"/>
				<string name="UnitName" value="Richelieu_2x100mm_Turret"/>
			</object>
			<object name="Rich7930">
				<integer name="Country" value="5"/>
				<integer name="Crew" value="1"/>
				<float name="ER" value="3.e-002"/>
				<string name="Hull" value="Std_Crew"/>
				<string name="Name" value="Gunner1"/>
				<string name="TypHL" value="Crew"/>
				<string name="UnitName" value="Richelieu_2x100mm_Turret"/>
			</object>
			<object name="Rich7931">
				<integer name="Country" value="5"/>
				<integer name="Crew" value="1"/>
				<float name="ER" value="3.e-002"/>
				<string name="Hull" value="Std_Crew"/>
				<string name="Name" value="Gunner2"/>
				<string name="TypHL" value="Crew"/>
				<string name="UnitName" value="Richelieu_2x100mm_Turret"/>
			</object>
		</object>
		<object name="Rifles">
			<object name="Richelieu_2x100mm_Turret_Stvol">
				<float name="AARange" value="10."/>
				<string name="Ammo" value="Proj_100_F"/>
				<integer name="AmmoStorage" value="400"/>
				<float name="AmmoWeight" value="14.95"/>
				<float name="Caliber" value="100."/>
				<integer name="Country" value="5"/>
				<float name="Dispersion" value="6."/>
				<integer name="FinalSpeed" value="159"/>
				<string name="FireSound" value="Guns\127mm"/>
				<string name="HighExp" value="Proj_100_F_HE"/>
				<boolean name="IgnoreXMLFile" value="false"/>
				<float name="Money" value="3."/>
				<boolean name="New" value="false"/>
				<float name="ROF" value="10."/>
				<float name="Range" value="15.9"/>
				<boolean name="SLLauncher" value="false"/>
				<string name="SMU_File" value="Richelieu_2x100mm_Turret_Stvol"/>
				<integer name="StartSpeed" value="780"/>
				<integer name="Unreliability" value="0"/>
				<string name="Usage" value="Ships"/>
				<float name="Weight" value="1.62"/>
			</object>
		</object>
		<object name="Turrets">
			<object name="Richelieu_2x100mm_Turret">
				<integer name="Amount" value="2"/>
				<integer name="ArmorFront" value="25"/>
				<integer name="ArmorSide" value="25"/>
				<integer name="ArmorTop" value="25"/>
				<string name="Building" value="Artillery"/>
				<string name="Content" value="Rifles.Richelieu_2x100mm_Turret_Stvol"/>
				<integer name="Country" value="5"/>
				<float name="DTimeProd" value="5."/>
				<integer name="Elevation" value="80"/>
				<integer name="ElevationRate" value="12"/>
				<string name="Icon" value="Artillery"/>
				<boolean name="IgnoreXMLFile" value="false"/>
				<float name="Iron" value="26."/>
				<float name="Money" value="6.5"/>
				<float name="NTimeProd" value="30."/>
				<boolean name="New" value="false"/>
				<boolean name="Production" value="false"/>
				<integer name="QualityRate" value="4"/>
				<integer name="RotationRate" value="6"/>
				<string name="SMU_File" value="Richelieu_2x100mm_Turret"/>
				<string name="Type" value="Gun"/>
				<float name="Vitality" value="350."/>
				<float name="Weight" value="13.3"/>
			</object>
		</object>
	</object>
</root>
