﻿xml version="1.0" standalone="yes" ?>
<root>
	<object name="Modifications">
		<object name="SubUnits">
			<object name="Richelieu_2x100mm_Turret">
				<object name="TPort_01">
					<string name="Device" value="Richelieu_2x100mm_Turret_Stvol"/>
					<string name="Table" value="Rifles"/>
				</object>
				<object name="TPort_02">
					<string name="Device" value="Richelieu_2x100mm_Turret_Stvol"/>
					<string name="Table" value="Rifles"/>
				</object>
			</object>
		</object>
	</object>
</root>

