﻿<?xml version = "1.0" encoding = "UTF-8"?>
<root>
	<object name = "SteelMonstersParams">
		<object name="Ships">
			<object name="Taiyo">
				<float name="AccelRate" value="3.e-004"/>
				<string name="Airgroup" value="LightAircraftCarrier_AirGroup_Taiyo_japan"/>
				<integer name="AirplanesCount" value="28"/>
				<string name="AmmoLoadingTemplate" value="Ammo 100, Torp_Jap_Mk91 50, Torp_Jap_Mk91_M_I 20, Torp_Jap_Mk91_A_SA 20"/>
				<integer name="Avia" value="2"/>
				<boolean name="BoatsTransportationAbility" value="false"/>
				<integer name="CabinArmor" value="25"/>
				<boolean name="CanBeChanged" value="true"/>
				<boolean name="CanUseTorpedos" value="false"/>
				<integer name="Country" value="2"/>
				<integer name="Crew" value="850"/>
				<float name="CriticalCareen" value="37."/>
				<float name="CriticalDFT" value="2."/>
				<float name="CriticalDifferent" value="2.5"/>
				<float name="DTimeProd" value="100."/>
				<float name="DisplacementMax" value="20000."/>
				<float name="EPR" value="385."/>
				<float name="FireRisk" value="1500."/>
				<float name="Fuel" value="2250."/>
				<integer name="HullArmorSide" value="76"/>
				<integer name="HullArmorTop" value="51"/>
				<float name="Iron" value="21000."/>
				<integer name="Length" value="172"/>
				<float name="MaxSpeed" value="21."/>
				<integer name="MinCrew" value="350"/>
				<float name="Money" value="6000."/>
				<float name="NTimeProd" value="225."/>
				<string name="Name" value="Taiyo"/>
				<boolean name="New" value="true"/>
				<integer name="Nuc_Dest_Prob" value="800"/>
				<integer name="Passengers" value="80"/>
				<boolean name="PlanesTransportationAbility" value="true"/>
				<float name="Range" value="12000."/>
				<integer name="Rank" value="7"/>
				<string name="SMU" value="Taiyo"/>
				<float name="Speed" value="18."/>
				<float name="StoreCapacity" value="450."/>
				<boolean name="Transportable" value="false"/>
				<float name="TurnRate" value="1.5e-003"/>
				<integer name="Type" value="25"/>
				<float name="Vitality" value="4000."/>
				<float name="VitalityAA" value="500."/>
				<float name="Weight" value="17830."/>
				<integer name="Width" value="23.5"/>
				<integer name="Year" value="39"/>
			</object>
		</object>
		<object name="Engins">
			<object name="MPP_Taiyo">
				<float name="Consumption" value="3.875e-004"/>
				<integer name="Country" value="2"/>
				<float name="Money" value="260."/>
				<integer name="Power_Max" value="25200"/>
				<integer name="RPM_Max" value="0"/>
				<integer name="Type" value="8"/>
				<integer name="Unreliability" value="10"/>
				<string name="Usage" value="Ships"/>
				<float name="Weight" value="450."/>
			</object>
		</object>
		<object name="Hit_Location">
			<object name="Taiyo3402">
				<string name="ConnectName" value="Tiller"/>
				<integer name="Country" value="2"/>
				<float name="ER" value="125."/>
				<string name="Hull" value="Std_Rudder"/>
				<string name="Name" value="Rudder"/>
				<string name="TypHL" value="Rudder"/>
				<string name="UnitName" value="Taiyo"/>
			</object>
			<object name="Taiyo3403">
				<string name="ConnectName" value="REngine"/>
				<integer name="Country" value="2"/>
				<float name="ER" value="125."/>
				<string name="Hull" value="Std_Mover"/>
				<string name="Name" value="Mover2"/>
				<string name="TypHL" value="Mover"/>
				<string name="UnitName" value="Taiyo"/>
			</object>
			<object name="Taiyo3404">
				<string name="ConnectName" value="LEngine"/>
				<integer name="Country" value="2"/>
				<float name="ER" value="125."/>
				<string name="Hull" value="Std_Mover"/>
				<string name="Name" value="Mover1"/>
				<string name="TypHL" value="Mover"/>
				<string name="UnitName" value="Taiyo"/>
			</object>
			<object name="Taiyo3405">
				<integer name="Country" value="2"/>
				<float name="ER" value="125."/>
				<string name="Hull" value="Std_UpperHull"/>
				<string name="Name" value="Bow1_FlightDeck"/>
				<string name="TypHL" value="Hull"/>
				<string name="UnitName" value="Taiyo"/>
			</object>
			<object name="Taiyo3406">
				<integer name="Country" value="2"/>
				<float name="ER" value="125."/>
				<string name="Hull" value="Std_UpperHull"/>
				<string name="Name" value="Middle1_FlightDeck"/>
				<string name="TypHL" value="Hull"/>
				<string name="UnitName" value="Taiyo"/>
			</object>
			<object name="Taiyo3407">
				<integer name="Country" value="2"/>
				<float name="ER" value="125."/>
				<string name="Hull" value="Std_UpperHull"/>
				<string name="Name" value="Middle2_FlightDeck"/>
				<string name="TypHL" value="Hull"/>
				<string name="UnitName" value="Taiyo"/>
			</object>
			<object name="Taiyo3408">
				<integer name="Country" value="2"/>
				<float name="ER" value="125."/>
				<string name="Hull" value="Std_UpperHull"/>
				<string name="Name" value="Middle3_FlightDeck"/>
				<string name="TypHL" value="Hull"/>
				<string name="UnitName" value="Taiyo"/>
			</object>
			<object name="Taiyo3409">
				<integer name="Country" value="2"/>
				<float name="ER" value="125."/>
				<string name="Hull" value="Std_UpperHull"/>
				<string name="Name" value="Stern_FlightDeck"/>
				<string name="TypHL" value="Hull"/>
				<string name="UnitName" value="Taiyo"/>
			</object>
			<object name="Taiyo3410">
				<integer name="Country" value="2"/>
				<float name="ER" value="125."/>
				<string name="Hull" value="Std_Hull"/>
				<string name="Name" value="BattleCabine"/>
				<string name="TypHL" value="Hull"/>
				<string name="UnitName" value="Taiyo"/>
			</object>
			<object name="Taiyo3411">
				<integer name="Country" value="2"/>
				<float name="ER" value="30."/>
				<string name="Hull" value="Std_Probe"/>
				<string name="Name" value="Radar"/>
				<string name="TypHL" value="Probe"/>
				<string name="UnitName" value="Taiyo"/>
			</object>
			<object name="Taiyo3412">
				<integer name="Country" value="2"/>
				<float name="ER" value="30."/>
				<string name="Hull" value="Std_Probe"/>
				<string name="Name" value="OperationControl"/>
				<string name="TypHL" value="Hull"/>
				<string name="UnitName" value="Taiyo"/>
			</object>
			<object name="Taiyo3413">
				<integer name="Country" value="2"/>
				<float name="ER" value="10."/>
				<string name="Hull" value="Std_Probe"/>
				<string name="Name" value="Radio"/>
				<string name="TypHL" value="Probe"/>
				<string name="UnitName" value="Taiyo"/>
			</object>
			<object name="Taiyo3414">
				<integer name="Country" value="2"/>
				<float name="ER" value="30."/>
				<string name="Hull" value="Std_Probe"/>
				<string name="Name" value="Probe_AA"/>
				<string name="TypHL" value="Probe"/>
				<string name="UnitName" value="Taiyo"/>
			</object>
			<object name="Taiyo3416">
				<integer name="Country" value="2"/>
				<float name="ER" value="100."/>
				<string name="Hull" value="Std_Hull"/>
				<string name="Name" value="Bow_Elevator"/>
				<string name="TypHL" value="Hull"/>
				<string name="UnitName" value="Taiyo"/>
			</object>
			<object name="Taiyo3417">
				<integer name="Country" value="2"/>
				<float name="ER" value="125."/>
				<string name="Hull" value="Std_Bottom"/>
				<string name="Name" value="Middle1_LBottom"/>
				<string name="TypHL" value="Hull"/>
				<string name="UnitName" value="Taiyo"/>
			</object>
			<object name="Taiyo3418">
				<integer name="Country" value="2"/>
				<float name="ER" value="125."/>
				<string name="Hull" value="Std_Bottom"/>
				<string name="Name" value="Middle1_RBottom"/>
				<string name="TypHL" value="Hull"/>
				<string name="UnitName" value="Taiyo"/>
			</object>
			<object name="Taiyo3419">
				<integer name="Country" value="2"/>
				<float name="ER" value="125."/>
				<string name="Hull" value="Std_Hull"/>
				<string name="Name" value="Middle1_LowerDeck"/>
				<string name="TypHL" value="Hull"/>
				<string name="UnitName" value="Taiyo"/>
			</object>
			<object name="Taiyo3420">
				<integer name="Country" value="2"/>
				<integer name="Crew" value="860"/>
				<float name="ER" value="100."/>
				<string name="Hull" value="Std_Probe"/>
				<string name="Name" value="DamageControl"/>
				<string name="TypHL" value="Crew"/>
				<string name="UnitName" value="Taiyo"/>
			</object>
			<object name="Taiyo3421">
				<integer name="Country" value="2"/>
				<float name="ER" value="100."/>
				<string name="Hull" value="Std_UpperHull"/>
				<string name="Name" value="Middle1_Hungur"/>
				<string name="TypHL" value="Hull"/>
				<string name="UnitName" value="Taiyo"/>
			</object>
			<object name="Taiyo3422">
				<integer name="Country" value="2"/>
				<float name="ER" value="125."/>
				<string name="Hull" value="Std_Hull"/>
				<string name="Name" value="Middle1_MiddleDeck"/>
				<string name="TypHL" value="Hull"/>
				<string name="UnitName" value="Taiyo"/>
			</object>
			<object name="Taiyo3423">
				<integer name="Country" value="2"/>
				<float name="ER" value="70."/>
				<string name="Hull" value="Std_AFuelTank"/>
				<string name="Name" value="AFuelTank"/>
				<string name="TypHL" value="FuelTank"/>
				<string name="UnitName" value="Taiyo"/>
			</object>
			<object name="Taiyo3425">
				<integer name="Country" value="2"/>
				<float name="ER" value="125."/>
				<string name="Hull" value="Std_Bottom"/>
				<string name="Name" value="Middle2_RBottom"/>
				<string name="TypHL" value="Hull"/>
				<string name="UnitName" value="Taiyo"/>
			</object>
			<object name="Taiyo3426">
				<integer name="Country" value="2"/>
				<float name="ER" value="125."/>
				<string name="Hull" value="Std_Bottom"/>
				<string name="Name" value="Middle2_LBottom"/>
				<string name="TypHL" value="Hull"/>
				<string name="UnitName" value="Taiyo"/>
			</object>
			<object name="Taiyo3427">
				<integer name="Country" value="2"/>
				<float name="ER" value="125."/>
				<string name="Hull" value="Std_BoilerHull"/>
				<string name="Name" value="Middle2_LBoilerCover"/>
				<string name="TypHL" value="Hull"/>
				<string name="UnitName" value="Taiyo"/>
			</object>
			<object name="Taiyo3428">
				<integer name="Country" value="2"/>
				<float name="ER" value="80."/>
				<string name="Hull" value="Std_Boiler"/>
				<string name="Name" value="Boiler1"/>
				<string name="TypHL" value="Boiler"/>
				<string name="UnitName" value="Taiyo"/>
			</object>
			<object name="Taiyo3429">
				<integer name="Country" value="2"/>
				<float name="ER" value="80."/>
				<string name="Hull" value="Std_Boiler"/>
				<string name="Name" value="Boiler3"/>
				<string name="TypHL" value="Boiler"/>
				<string name="UnitName" value="Taiyo"/>
			</object>
			<object name="Taiyo3430">
				<integer name="Country" value="2"/>
				<float name="ER" value="125."/>
				<string name="Hull" value="Std_BoilerHull"/>
				<string name="Name" value="Middle2_RBoilerCover"/>
				<string name="TypHL" value="Hull"/>
				<string name="UnitName" value="Taiyo"/>
			</object>
			<object name="Taiyo3431">
				<integer name="Country" value="2"/>
				<float name="ER" value="80."/>
				<string name="Hull" value="Std_Boiler"/>
				<string name="Name" value="Boiler2"/>
				<string name="TypHL" value="Boiler"/>
				<string name="UnitName" value="Taiyo"/>
			</object>
			<object name="Taiyo3432">
				<integer name="Country" value="2"/>
				<float name="ER" value="80."/>
				<string name="Hull" value="Std_Boiler"/>
				<string name="Name" value="Boiler4"/>
				<string name="TypHL" value="Boiler"/>
				<string name="UnitName" value="Taiyo"/>
			</object>
			<object name="Taiyo3433">
				<integer name="Country" value="2"/>
				<float name="ER" value="125."/>
				<string name="Hull" value="Std_UpperHull"/>
				<string name="Name" value="Middle2_Hungur"/>
				<string name="TypHL" value="Hull"/>
				<string name="UnitName" value="Taiyo"/>
			</object>
			<object name="Taiyo3435">
				<integer name="Country" value="2"/>
				<float name="ER" value="125."/>
				<string name="Hull" value="Std_EngineHull"/>
				<string name="Name" value="Middle3_LEngineCover"/>
				<string name="TypHL" value="Hull"/>
				<string name="UnitName" value="Taiyo"/>
			</object>
			<object name="Taiyo3436">
				<string name="ConnectName" value="Boiler1;Boiler3;"/>
				<integer name="Country" value="2"/>
				<float name="ER" value="120."/>
				<string name="Hull" value="Std_Hull"/>
				<string name="Name" value="LEngine"/>
				<string name="TypHL" value="Engine"/>
				<string name="UnitName" value="Taiyo"/>
			</object>
			<object name="Taiyo3437">
				<integer name="Country" value="2"/>
				<float name="ER" value="125."/>
				<string name="Hull" value="Std_Bottom"/>
				<string name="Name" value="Middle3_LBottom"/>
				<string name="TypHL" value="Hull"/>
				<string name="UnitName" value="Taiyo"/>
			</object>
			<object name="Taiyo3438">
				<integer name="Country" value="2"/>
				<float name="ER" value="125."/>
				<string name="Hull" value="Std_EngineHull"/>
				<string name="Name" value="Middle3_REngineCover"/>
				<string name="TypHL" value="Hull"/>
				<string name="UnitName" value="Taiyo"/>
			</object>
			<object name="Taiyo3439">
				<string name="ConnectName" value="Boiler2;Boiler4;"/>
				<integer name="Country" value="2"/>
				<float name="ER" value="125."/>
				<string name="Hull" value="Std_Engine"/>
				<string name="Name" value="REngine"/>
				<string name="TypHL" value="Engine"/>
				<string name="UnitName" value="Taiyo"/>
			</object>
			<object name="Taiyo3440">
				<integer name="Country" value="2"/>
				<float name="ER" value="125."/>
				<string name="Hull" value="Std_Bottom"/>
				<string name="Name" value="Middle3_RBottom"/>
				<string name="TypHL" value="Hull"/>
				<string name="UnitName" value="Taiyo"/>
			</object>
			<object name="Taiyo3441">
				<integer name="Country" value="2"/>
				<float name="ER" value="125."/>
				<string name="Hull" value="Std_Hull"/>
				<string name="Name" value="Middle3_MiddleDeck"/>
				<string name="TypHL" value="Hull"/>
				<string name="UnitName" value="Taiyo"/>
			</object>
			<object name="Taiyo3442">
				<integer name="Country" value="2"/>
				<float name="ER" value="125."/>
				<string name="Hull" value="Std_AS_T1"/>
				<string name="Name" value="Middle3_AmmoStore"/>
				<string name="TypHL" value="AmmoStore"/>
				<string name="UnitName" value="Taiyo"/>
			</object>
			<object name="Taiyo3443">
				<integer name="Country" value="2"/>
				<float name="ER" value="125."/>
				<string name="Hull" value="Std_UpperHull"/>
				<string name="Name" value="Middle3_HungurDeck"/>
				<string name="TypHL" value="Hull"/>
				<string name="UnitName" value="Taiyo"/>
			</object>
			<object name="Taiyo3445">
				<integer name="Country" value="2"/>
				<float name="ER" value="100."/>
				<string name="Hull" value="Std_Hull"/>
				<string name="Name" value="Stern_Elevator"/>
				<string name="TypHL" value="Hull"/>
				<string name="UnitName" value="Taiyo"/>
			</object>
			<object name="Taiyo3446">
				<integer name="Country" value="2"/>
				<float name="ER" value="125."/>
				<string name="Hull" value="Std_Bottom"/>
				<string name="Name" value="Stern1_Bottom"/>
				<string name="TypHL" value="Hull"/>
				<string name="UnitName" value="Taiyo"/>
			</object>
			<object name="Taiyo3447">
				<integer name="Country" value="2"/>
				<float name="ER" value="125."/>
				<string name="Hull" value="Std_Hull"/>
				<string name="Name" value="Stern1_LowerDeck"/>
				<string name="TypHL" value="Hull"/>
				<string name="UnitName" value="Taiyo"/>
			</object>
			<object name="Taiyo3448">
				<integer name="Country" value="2"/>
				<float name="ER" value="125."/>
				<string name="Hull" value="Std_Hull"/>
				<string name="Name" value="Stern1_MiddleDeck"/>
				<string name="TypHL" value="Hull"/>
				<string name="UnitName" value="Taiyo"/>
			</object>
			<object name="Taiyo3449">
				<integer name="Country" value="2"/>
				<float name="ER" value="125."/>
				<string name="Hull" value="Std_AS_T1"/>
				<string name="Name" value="Stern1_AmmStore"/>
				<string name="TypHL" value="AmmoStore"/>
				<string name="UnitName" value="Taiyo"/>
			</object>
			<object name="Taiyo3450">
				<integer name="Country" value="2"/>
				<float name="ER" value="125."/>
				<string name="Hull" value="Std_UpperHull"/>
				<string name="Name" value="Stern1_Hungur"/>
				<string name="TypHL" value="Hull"/>
				<string name="UnitName" value="Taiyo"/>
			</object>
			<object name="Taiyo3451">
				<integer name="Country" value="2"/>
				<float name="ER" value="125."/>
				<string name="Hull" value="Std_Bottom"/>
				<string name="Name" value="Bow1_Bottom"/>
				<string name="TypHL" value="Hull"/>
				<string name="UnitName" value="Taiyo"/>
			</object>
			<object name="Taiyo3452">
				<integer name="Country" value="2"/>
				<float name="ER" value="125."/>
				<string name="Hull" value="Std_Hull"/>
				<string name="Name" value="Bow1_LowerDeck"/>
				<string name="TypHL" value="Hull"/>
				<string name="UnitName" value="Taiyo"/>
			</object>
			<object name="Taiyo3453">
				<integer name="Country" value="2"/>
				<float name="ER" value="125."/>
				<string name="Hull" value="Std_UpperHull"/>
				<string name="Name" value="Stern2_Deck"/>
				<string name="TypHL" value="Hull"/>
				<string name="UnitName" value="Taiyo"/>
			</object>
			<object name="Taiyo3454">
				<integer name="Country" value="2"/>
				<float name="ER" value="125."/>
				<string name="Hull" value="Std_Hull"/>
				<string name="Name" value="Tiller"/>
				<string name="TypHL" value="Hull"/>
				<string name="UnitName" value="Taiyo"/>
			</object>
			<object name="Taiyo3455">
				<integer name="Country" value="2"/>
				<float name="ER" value="125."/>
				<string name="Hull" value="Std_Hull"/>
				<string name="Name" value="Bow1_MiddleDeck1"/>
				<string name="TypHL" value="Hull"/>
				<string name="UnitName" value="Taiyo"/>
			</object>
			<object name="Taiyo3456">
				<integer name="Country" value="2"/>
				<float name="ER" value="125."/>
				<string name="Hull" value="Std_AS_T1"/>
				<string name="Name" value="AmmoStore"/>
				<string name="TypHL" value="AmmoStore"/>
				<string name="UnitName" value="Taiyo"/>
			</object>
			<object name="Taiyo3457">
				<integer name="Country" value="2"/>
				<float name="ER" value="125."/>
				<string name="Hull" value="Std_Hull"/>
				<string name="Name" value="Bow1_MiddleDeck2"/>
				<string name="TypHL" value="Hull"/>
				<string name="UnitName" value="Taiyo"/>
			</object>
			<object name="Taiyo3458">
				<integer name="Country" value="2"/>
				<float name="ER" value="125."/>
				<string name="Hull" value="Std_UpperHull"/>
				<string name="Name" value="Bow1_UpperDeck"/>
				<string name="TypHL" value="Hull"/>
				<string name="UnitName" value="Taiyo"/>
			</object>
		</object>
		<object name="ShipsNames">
			<object name="Taiyo">
				<string name="1" value="Taiyo1"/>
			</object>
		</object>
		<object name="UnitsByType">
			<object name="25">
				<object name="Taiyo">
					<string name="ChildTable" value="Ships"/>
				</object>
			</object>
		</object>
	</object>
</root>
