﻿<?xml version="1.0" standalone="yes" ?>
<root>
	<object name="SteelMonstersParams">
		<object name="Hit_Location">
			<object name="IOWAA7952">
				<integer name="Country" value="1"/>
				<float name="ER" value="500."/>
				<string name="Hull" value="Std_Turret_RF"/>
				<string name="Name" value="RRandefinder"/>
				<string name="TypHL" value="Probe"/>
				<string name="UnitName" value="Iowa_Main_Turret_A"/>
			</object>
			<object name="IOWAA7953">
				<integer name="Country" value="1"/>
				<float name="ER" value="500."/>
				<string name="Hull" value="Std_Turret_RF"/>
				<string name="Name" value="LRangefinder"/>
				<string name="TypHL" value="Probe"/>
				<string name="UnitName" value="Iowa_Main_Turret_A"/>
			</object>
			<object name="IOWAA7954">
				<integer name="Country" value="1"/>
				<float name="ER" value="500."/>
				<string name="Hull" value="Iowa_MTShakegeban"/>
				<string name="Name" value="Shakegeban"/>
				<string name="TypHL" value="Probe"/>
				<string name="UnitName" value="Iowa_Main_Turret_A"/>
			</object>
			<object name="IOWAA7955">
				<integer name="Country" value="1"/>
				<float name="ER" value="530."/>
				<string name="Hull" value="Iowa_MTurret"/>
				<string name="Name" value="Turret"/>
				<string name="TypHL" value="AmmoStore"/>
				<string name="UnitName" value="Iowa_Main_Turret_A"/>
			</object>
			<object name="IOWAB7952">
				<integer name="Country" value="1"/>
				<float name="ER" value="500."/>
				<string name="Hull" value="Std_Turret_RF"/>
				<string name="Name" value="RRandefinder"/>
				<string name="TypHL" value="Probe"/>
				<string name="UnitName" value="Iowa_Main_Turret_B"/>
			</object>
			<object name="IOWAB7953">
				<integer name="Country" value="1"/>
				<float name="ER" value="500."/>
				<string name="Hull" value="Std_Turret_RF"/>
				<string name="Name" value="LRangefinder"/>
				<string name="TypHL" value="Probe"/>
				<string name="UnitName" value="Iowa_Main_Turret_B"/>
			</object>
			<object name="IOWAB7954">
				<integer name="Country" value="1"/>
				<float name="ER" value="500."/>
				<string name="Hull" value="Iowa_MTShakegeban"/>
				<string name="Name" value="Shakegeban"/>
				<string name="TypHL" value="Probe"/>
				<string name="UnitName" value="Iowa_Main_Turret_B"/>
			</object>
			<object name="IOWAB7955">
				<integer name="Country" value="1"/>
				<float name="ER" value="530."/>
				<string name="Hull" value="Iowa_MTurret"/>
				<string name="Name" value="Turret"/>
				<string name="TypHL" value="AmmoStore"/>
				<string name="UnitName" value="Iowa_Main_Turret_B"/>
			</object>
			<object name="IOWAX7952">
				<integer name="Country" value="1"/>
				<float name="ER" value="500."/>
				<string name="Hull" value="Std_Turret_RF"/>
				<string name="Name" value="RRandefinder"/>
				<string name="TypHL" value="Probe"/>
				<string name="UnitName" value="Iowa_Main_Turret_X"/>
			</object>
			<object name="IOWAX7953">
				<integer name="Country" value="1"/>
				<float name="ER" value="500."/>
				<string name="Hull" value="Std_Turret_RF"/>
				<string name="Name" value="LRangefinder"/>
				<string name="TypHL" value="Probe"/>
				<string name="UnitName" value="Iowa_Main_Turret_X"/>
			</object>
			<object name="IOWAX7954">
				<integer name="Country" value="1"/>
				<float name="ER" value="500."/>
				<string name="Hull" value="Iowa_MTShakegeban"/>
				<string name="Name" value="Shakegeban"/>
				<string name="TypHL" value="Probe"/>
				<string name="UnitName" value="Iowa_Main_Turret_X"/>
			</object>
			<object name="IOWAX7955">
				<integer name="Country" value="1"/>
				<float name="ER" value="530."/>
				<string name="Hull" value="Iowa_MTurret"/>
				<string name="Name" value="Turret"/>
				<string name="TypHL" value="AmmoStore"/>
				<string name="UnitName" value="Iowa_Main_Turret_X"/>
			</object>
		</object>
		<object name="Hulls">
			<object name="Iowa_MTShakegeban">
				<integer name="Back" value="305"/>
				<integer name="Bottom" value="50"/>
				<integer name="Country" value="1"/>
				<float name="ExplProb" value="0."/>
				<float name="FireProb" value="15."/>
				<integer name="Front" value="200"/>
				<integer name="Left" value="241"/>
				<string name="Material" value="Armored"/>
				<integer name="Right" value="241"/>
				<integer name="Top" value="184"/>
				<integer name="UnitName" value="404"/>
				<string name="UnitTyp" value="Turret"/>
			</object>
			<object name="Iowa_MTurret">
				<integer name="Back" value="260"/>
				<integer name="Bottom" value="50"/>
				<integer name="Country" value="1"/>
				<float name="ExplProb" value="20."/>
				<float name="FireProb" value="10."/>
				<integer name="Front" value="495"/>
				<integer name="Left" value="260"/>
				<string name="Material" value="Armored"/>
				<integer name="Right" value="260"/>
				<integer name="Top" value="184"/>
				<integer name="UnitName" value="404"/>
				<string name="UnitTyp" value="Turret"/>
			</object>
		</object>
		<object name="Rifles">
			<object name="Iowa_Main_Gun">
				<float name="AARange" value="0."/>
				<string name="Ammo" value="Proj_Iowa_406_U"/>
				<integer name="AmmoStorage" value="130"/>
				<float name="AmmoWeight" value="1225."/>
				<string name="ArmPiercing" value="Proj_Iowa_406_U_AP"/>
				<float name="Caliber" value="406."/>
				<string name="Common" value="Proj_406_U_Com"/>
				<integer name="Country" value="1"/>
				<float name="Dispersion" value="1."/>
				<integer name="FinalSpeed" value="530"/>
				<string name="FireSound" value="Guns\406mm"/>
				<boolean name="IgnoreXMLFile" value="false"/>
				<float name="Money" value="240."/>
				<boolean name="New" value="false"/>
				<float name="Range" value="38.72"/>
				<float name="ROF" value="2."/>
				<boolean name="SLLauncher" value="false"/>
				<string name="SMU_File" value="Iowa_Main_Gun_Stvol"/>
				<integer name="StartSpeed" value="762"/>
				<integer name="Unreliability" value="0"/>
				<string name="Usage" value="Ships"/>
				<float name="Weight" value="121.519"/>
			</object>
		</object>
		<object name="Turrets">
			<object name="Iowa_Main_Turret_A">
				<integer name="Amount" value="3"/>
				<integer name="ArmorFront" value="495"/>
				<integer name="ArmorSide" value="241"/>
				<integer name="ArmorTop" value="184"/>
				<string name="Building" value="Artillery"/>
				<string name="Content" value="Rifles.Iowa_Main_Gun"/>
				<integer name="Country" value="1"/>
				<float name="DTimeProd" value="45."/>
				<integer name="Elevation" value="45"/>
				<integer name="ElevationRate" value="12"/>
				<string name="Icon" value="Artillery"/>
				<boolean name="IgnoreXMLFile" value="false"/>
				<float name="Iron" value="1701."/>
				<float name="Money" value="1701."/>
				<boolean name="New" value="false"/>
				<float name="NTimeProd" value="180."/>
				<boolean name="Production" value="true"/>
				<integer name="QualityRate" value="6"/>
				<integer name="RotationRate" value="4"/>
				<string name="SMU_File" value="Iowa_Main_Gun"/>
				<string name="Type" value="Gun"/>
				<float name="Vitality" value="1800."/>
				<float name="Weight" value="1701."/>
			</object>
			<object name="Iowa_Main_Turret_B">
				<integer name="Amount" value="3"/>
				<integer name="ArmorFront" value="495"/>
				<integer name="ArmorSide" value="241"/>
				<integer name="ArmorTop" value="184"/>
				<string name="Building" value="Artillery"/>
				<string name="Content" value="Rifles.Iowa_Main_Gun"/>
				<integer name="Country" value="1"/>
				<float name="DTimeProd" value="45."/>
				<integer name="Elevation" value="45"/>
				<integer name="ElevationRate" value="12"/>
				<string name="Icon" value="Artillery"/>
				<boolean name="IgnoreXMLFile" value="false"/>
				<float name="Iron" value="1701."/>
				<float name="Money" value="1701."/>
				<boolean name="New" value="false"/>
				<float name="NTimeProd" value="180."/>
				<boolean name="Production" value="true"/>
				<integer name="QualityRate" value="6"/>
				<integer name="RotationRate" value="4"/>
				<string name="SMU_File" value="Iowa_Main_Gun"/>
				<string name="Type" value="Gun"/>
				<float name="Vitality" value="1800."/>
				<float name="Weight" value="1701."/>
			</object>
			<object name="Iowa_Main_Turret_X">
				<integer name="Amount" value="3"/>
				<integer name="ArmorFront" value="495"/>
				<integer name="ArmorSide" value="241"/>
				<integer name="ArmorTop" value="184"/>
				<string name="Building" value="Artillery"/>
				<string name="Content" value="Rifles.Iowa_Main_Gun"/>
				<integer name="Country" value="1"/>
				<float name="DTimeProd" value="45."/>
				<integer name="Elevation" value="45"/>
				<integer name="ElevationRate" value="12"/>
				<string name="Icon" value="Artillery"/>
				<boolean name="IgnoreXMLFile" value="false"/>
				<float name="Iron" value="1701."/>
				<float name="Money" value="1701."/>
				<boolean name="New" value="false"/>
				<float name="NTimeProd" value="180."/>
				<boolean name="Production" value="true"/>
				<integer name="QualityRate" value="6"/>
				<integer name="RotationRate" value="4"/>
				<string name="SMU_File" value="Iowa_Main_Gun"/>
				<string name="Type" value="Gun"/>
				<float name="Vitality" value="1800."/>
				<float name="Weight" value="1701."/>
			</object>
		</object>
	</object>
</root>
