﻿xml version="1.0" standalone="yes" ?>
<root>
	<object name="Modifications">
		<object name="SubUnits">
			<object name="Strasbourg_4x330mm_Turret_1V">
				<object name="TPort_01">
					<string name="Device" value="Strasbourg_330mm_Stvol"/>
					<string name="Table" value="Rifles"/>
				</object>
				<object name="TPort_02">
					<string name="Device" value="Strasbourg_330mm_Stvol"/>
					<string name="Table" value="Rifles"/>
				</object>
				<object name="TPort_03">
					<string name="Device" value="Strasbourg_330mm_Stvol"/>
					<string name="Table" value="Rifles"/>
				</object>
				<object name="TPort_04">
					<string name="Device" value="Strasbourg_330mm_Stvol"/>
					<string name="Table" value="Rifles"/>
				</object>
			</object>
			<object name="Strasbourg_4x330mm_Turret_2V">
				<object name="TPort_01">
					<string name="Device" value="Strasbourg_330mm_Stvol"/>
					<string name="Table" value="Rifles"/>
				</object>
				<object name="TPort_02">
					<string name="Device" value="Strasbourg_330mm_Stvol"/>
					<string name="Table" value="Rifles"/>
				</object>
				<object name="TPort_03">
					<string name="Device" value="Strasbourg_330mm_Stvol"/>
					<string name="Table" value="Rifles"/>
				</object>
				<object name="TPort_04">
					<string name="Device" value="Strasbourg_330mm_Stvol"/>
					<string name="Table" value="Rifles"/>
				</object>
			</object>
		</object>
	</object>
</root>
