﻿<?xml version="1.0" standalone="yes" ?>
<root>
	<object name="SteelMonstersParams">
		<object name="Hit_Location">
			<object name="RN7863">
				<integer name="Country" value="3"/>
				<float name="ER" value="100."/>
				<string name="Hull" value="RN_STurret"/>
				<string name="Name" value="Turret"/>
				<string name="TypHL" value="AmmoStore"/>
				<string name="UnitName" value="2x152_Turret_RoyalNavy"/>
			</object>
			<object name="RNA7863">
				<integer name="Country" value="3"/>
				<float name="ER" value="100."/>
				<string name="Hull" value="RN_STurret"/>
				<string name="Name" value="Turret"/>
				<string name="TypHL" value="AmmoStore"/>
				<string name="UnitName" value="2x152_Turret_RoyalNavy_A"/>
			</object>
			<object name="RNB7863">
				<integer name="Country" value="3"/>
				<float name="ER" value="100."/>
				<string name="Hull" value="RN_STurret"/>
				<string name="Name" value="Turret"/>
				<string name="TypHL" value="AmmoStore"/>
				<string name="UnitName" value="2x152_Turret_RoyalNavy_B"/>
			</object>
			<object name="RNC7863">
				<integer name="Country" value="3"/>
				<float name="ER" value="100."/>
				<string name="Hull" value="RN_STurret"/>
				<string name="Name" value="Turret"/>
				<string name="TypHL" value="AmmoStore"/>
				<string name="UnitName" value="2x152_Turret_RoyalNavy_C"/>
			</object>
			<object name="RND7863">
				<integer name="Country" value="3"/>
				<float name="ER" value="100."/>
				<string name="Hull" value="RN_STurret"/>
				<string name="Name" value="Turret"/>
				<string name="TypHL" value="AmmoStore"/>
				<string name="UnitName" value="2x152_Turret_RoyalNavy_D"/>
			</object>
		</object>
		<object name="Hulls">
			<object name="RN_STurret">
				<integer name="Back" value="25"/>
				<integer name="Bottom" value="25"/>
				<integer name="Country" value="3"/>
				<float name="ExplProb" value="20."/>
				<float name="FireProb" value="10."/>
				<integer name="Front" value="25"/>
				<integer name="Left" value="25"/>
				<string name="Material" value="Armored"/>
				<integer name="Right" value="25"/>
				<integer name="Top" value="25"/>
				<integer name="UnitName" value="0"/>
				<string name="UnitTyp" value="Turret"/>
			</object>
		</object>
		<object name="Rifles">
			<object name="2x152_Turret_RoyalNavy_Stvol">
				<float name="AARange" value="0."/>
				<string name="Ammo" value="Proj_152_UK"/>
				<integer name="AmmoStorage" value="150"/>
				<float name="AmmoWeight" value="50.8"/>
				<float name="Caliber" value="152."/>
                <string name="Common" value="Proj_152_UK_Com"/>
				<integer name="Country" value="3"/>
				<float name="Dispersion" value="7."/>
				<integer name="FinalSpeed" value="335"/>
				<string name="FireSound" value="Guns\152mm"/>
				<string name="HighExp" value="Proj_152_UK_HE"/>
				<boolean name="IgnoreXMLFile" value="false"/>
				<float name="Money" value="7.8"/>
				<boolean name="New" value="false"/>
				<float name="Range" value="23.59"/>
				<float name="ROF" value="5."/>
				<boolean name="SLLauncher" value="false"/>
				<string name="SMU_File" value="2x152_Turret_RoyalNavy_Stvol"/>
				<integer name="StartSpeed" value="898"/>
				<integer name="Unreliability" value="0"/>
				<string name="Usage" value="Ships"/>
				<float name="Weight" value="9.168"/>
			</object>
		</object>
		<object name="Turrets">
			<object name="2x152_Turret_RoyalNavy">
				<integer name="Amount" value="2"/>
				<integer name="ArmorFront" value="25"/>
				<integer name="ArmorSide" value="25"/>
				<integer name="ArmorTop" value="25"/>
				<string name="Building" value="Artillery"/>
				<string name="Content" value="Rifles.2x152_Turret_RoyalNavy_Stvol"/>
				<integer name="Country" value="3"/>
				<integer name="Elevation" value="60"/>
				<integer name="ElevationRate" value="8"/>
				<boolean name="IgnoreXMLFile" value="false"/>
				<float name="Iron" value="182."/>
				<float name="Money" value="6.5"/>
				<boolean name="New" value="true"/>
				<boolean name="Production" value="false"/>
				<integer name="RotationRate" value="5"/>
				<string name="SMU_File" value="2x152_Turret_RoyalNavy"/>
				<string name="Type" value="Gun"/>
				<float name="Vitality" value="500."/>
				<float name="Weight" value="76.204"/>
			</object>
			<object name="2x152_Turret_RoyalNavy_A">
				<integer name="Amount" value="2"/>
				<integer name="ArmorFront" value="25"/>
				<integer name="ArmorSide" value="25"/>
				<integer name="ArmorTop" value="25"/>
				<string name="Building" value="Artillery"/>
				<string name="Content" value="Rifles.2x152_Turret_RoyalNavy_Stvol"/>
				<integer name="Country" value="3"/>
				<integer name="Elevation" value="60"/>
				<integer name="ElevationRate" value="8"/>
				<boolean name="IgnoreXMLFile" value="false"/>
				<float name="Iron" value="182."/>
				<float name="Money" value="6.5"/>
				<boolean name="New" value="true"/>
				<boolean name="Production" value="false"/>
				<integer name="RotationRate" value="5"/>
				<string name="SMU_File" value="2x152_Turret_RoyalNavy"/>
				<string name="Type" value="Gun"/>
				<float name="Vitality" value="500."/>
				<float name="Weight" value="76.204"/>
			</object>
			<object name="2x152_Turret_RoyalNavy_B">
				<integer name="Amount" value="2"/>
				<integer name="ArmorFront" value="25"/>
				<integer name="ArmorSide" value="25"/>
				<integer name="ArmorTop" value="25"/>
				<string name="Building" value="Artillery"/>
				<string name="Content" value="Rifles.2x152_Turret_RoyalNavy_Stvol"/>
				<integer name="Country" value="3"/>
				<integer name="Elevation" value="60"/>
				<integer name="ElevationRate" value="8"/>
				<boolean name="IgnoreXMLFile" value="false"/>
				<float name="Iron" value="182."/>
				<float name="Money" value="6.5"/>
				<boolean name="New" value="true"/>
				<boolean name="Production" value="false"/>
				<integer name="RotationRate" value="5"/>
				<string name="SMU_File" value="2x152_Turret_RoyalNavy"/>
				<string name="Type" value="Gun"/>
				<float name="Vitality" value="500."/>
				<float name="Weight" value="76.204"/>
			</object>
			<object name="2x152_Turret_RoyalNavy_C">
				<integer name="Amount" value="2"/>
				<integer name="ArmorFront" value="25"/>
				<integer name="ArmorSide" value="25"/>
				<integer name="ArmorTop" value="25"/>
				<string name="Building" value="Artillery"/>
				<string name="Content" value="Rifles.2x152_Turret_RoyalNavy_Stvol"/>
				<integer name="Country" value="3"/>
				<integer name="Elevation" value="60"/>
				<integer name="ElevationRate" value="8"/>
				<boolean name="IgnoreXMLFile" value="false"/>
				<float name="Iron" value="182."/>
				<float name="Money" value="6.5"/>
				<boolean name="New" value="true"/>
				<boolean name="Production" value="false"/>
				<integer name="RotationRate" value="5"/>
				<string name="SMU_File" value="2x152_Turret_RoyalNavy"/>
				<string name="Type" value="Gun"/>
				<float name="Vitality" value="500."/>
				<float name="Weight" value="76.204"/>
			</object>
			<object name="2x152_Turret_RoyalNavy_D">
				<integer name="Amount" value="2"/>
				<integer name="ArmorFront" value="25"/>
				<integer name="ArmorSide" value="25"/>
				<integer name="ArmorTop" value="25"/>
				<string name="Building" value="Artillery"/>
				<string name="Content" value="Rifles.2x152_Turret_RoyalNavy_Stvol"/>
				<integer name="Country" value="3"/>
				<integer name="Elevation" value="60"/>
				<integer name="ElevationRate" value="8"/>
				<boolean name="IgnoreXMLFile" value="false"/>
				<float name="Iron" value="182."/>
				<float name="Money" value="6.5"/>
				<boolean name="New" value="true"/>
				<boolean name="Production" value="false"/>
				<integer name="RotationRate" value="5"/>
				<string name="SMU_File" value="2x152_Turret_RoyalNavy"/>
				<string name="Type" value="Gun"/>
				<float name="Vitality" value="500."/>
				<float name="Weight" value="76.204"/>
			</object>
		</object>
	</object>
</root>
