﻿xml version="1.0" standalone="yes" ?>
<root>
	<object name="Modifications">
		<object name="SubUnits">
			<object name="2x152_Turret_RoyalNavy">
				<object name="TPort_01">
					<string name="Device" value="2x152_Turret_RoyalNavy_Stvol"/>
					<string name="Table" value="Rifles"/>
				</object>
				<object name="TPort_03">
					<string name="Device" value="2x152_Turret_RoyalNavy_Stvol"/>
					<string name="Table" value="Rifles"/>
				</object>
			</object>  
			<object name="2x152_Turret_RoyalNavy_A">
				<object name="TPort_01">
					<string name="Device" value="2x152_Turret_RoyalNavy_Stvol"/>
					<string name="Table" value="Rifles"/>
				</object>
				<object name="TPort_03">
					<string name="Device" value="2x152_Turret_RoyalNavy_Stvol"/>
					<string name="Table" value="Rifles"/>
				</object>
			</object>
			<object name="2x152_Turret_RoyalNavy_B">
				<object name="TPort_01">
					<string name="Device" value="2x152_Turret_RoyalNavy_Stvol"/>
					<string name="Table" value="Rifles"/>
				</object>
				<object name="TPort_03">
					<string name="Device" value="2x152_Turret_RoyalNavy_Stvol"/>
					<string name="Table" value="Rifles"/>
				</object>
			</object>
			<object name="2x152_Turret_RoyalNavy_C">
				<object name="TPort_01">
					<string name="Device" value="2x152_Turret_RoyalNavy_Stvol"/>
					<string name="Table" value="Rifles"/>
				</object>
				<object name="TPort_03">
					<string name="Device" value="2x152_Turret_RoyalNavy_Stvol"/>
					<string name="Table" value="Rifles"/>
				</object>
			</object>
			<object name="2x152_Turret_RoyalNavy_D">
				<object name="TPort_01">
					<string name="Device" value="2x152_Turret_RoyalNavy_Stvol"/>
					<string name="Table" value="Rifles"/>
				</object>
				<object name="TPort_03">
					<string name="Device" value="2x152_Turret_RoyalNavy_Stvol"/>
					<string name="Table" value="Rifles"/>
				</object>
			</object>
		</object>
	</object>
</root>
