﻿<?xml version = "1.0" encoding = "UTF-8"?>
<root>
	<object name = "SteelMonstersParams">
		<object name="Ships">
			<object name="Musashi">
				<float name="AccelRate" value="1.e-004"/>
				<string name="Airgroup" value="Scout_Floatplane_Battleship_Division_Yamato_japan"/>
				<integer name="AirplanesCount" value="8"/>
				<string name="AmmoLoadingTemplate" value="Ammo 300"/>
				<boolean name="BoatsTransportationAbility" value="false"/>
				<integer name="CabinArmor" value="500"/>
				<boolean name="CanBeChanged" value="true"/>
				<boolean name="CanUseTorpedos" value="false"/>
				<string name="CatapultAirgroupDefaultUnit" value="F1M"/>
				<integer name="Country" value="2"/>
				<integer name="Crew" value="2400"/>
				<float name="CriticalCareen" value="29."/>
				<float name="CriticalDFT" value="3.25"/>
				<float name="CriticalDifferent" value="2.5"/>
				<float name="DisplacementMax" value="71110."/>
				<float name="DTimeProd" value="180."/>
				<float name="EPR" value="840."/>
				<float name="FireRisk" value="1500."/>
				<float name="Fuel" value="6400."/>
				<float name="HLShapeCoef" value="0.5"/>
				<integer name="HullArmorSide" value="410"/>
				<integer name="HullArmorTop" value="290"/>
				<float name="Iron" value="72200."/>
				<integer name="Length" value="263"/>
				<float name="MaxSpeed" value="27.5"/>
				<integer name="MinCrew" value="1000"/>
				<float name="Money" value="42000."/>
				<string name="Name" value="Musashi"/>
				<boolean name="New" value="false"/>
				<float name="NTimeProd" value="450."/>
				<integer name="Nuc_Dest_Prob" value="250"/>
				<integer name="Passengers" value="70"/>
				<boolean name="PlanesTransportationAbility" value="false"/>
				<float name="Range" value="13334.4"/>
				<integer name="Rank" value="2"/>
				<string name="SMU" value="Musashi"/>
				<float name="Speed" value="16."/>
				<float name="StoreCapacity" value="2450."/>
				<boolean name="Transportable" value="false"/>
				<float name="TurnRate" value="7.e-004"/>
				<integer name="Type" value="1"/>
				<float name="Vitality" value="14000."/>
				<float name="VitalityAA" value="5000."/>
				<float name="Weight" value="63312."/>
				<integer name="Width" value="36.9"/>
				<integer name="Year" value="41"/>
			</object>
		</object>
		<object name="ShipsNames">
			<object name="Musashi">
				<string name="1" value="Musashi1"/>
			</object>
		</object>
		<object name="UnitsByType">
			<object name="1">
				<object name="Musashi">
					<string name="ChildTable" value="Ships"/>
				</object>
			</object>
		</object>
	</object>
</root>