﻿<?xml version="1.0" standalone="yes" ?>
<root>
	<object name="Prototypes">
		<object name="Ships">
			<object name="Musashi">
				<object name="Slots">
					<object name="TPort_MainGun_A">
						<object name="SubSlots">
							<object name="TPort_MainGun_B">
								<integer name="icon_x" value="480"/>
								<integer name="icon_y" value="21"/>
							</object> 
							<object name="TPort_MainGun_X">
								<integer name="icon_x" value="249"/>
								<integer name="icon_y" value="85"/>
							</object>
						</object>
						<integer name="icon_x" value="161"/>
						<integer name="icon_y" value="15"/>
					</object>
					<object name="TPort_155mmF">
						<object name="SubSlots">
							<object name="TPort_155mmB">
								<integer name="icon_x" value="272"/>
								<integer name="icon_y" value="16"/>
							</object>
						</object>
						<integer name="icon_x" value="498"/>
						<integer name="icon_y" value="15"/>
					</object>

					<object name="TPort_127mmF1R">
						<object name="SubSlots">
							<object name="TPort_127mmF1L">
								<integer name="icon_x" value="539"/>
								<integer name="icon_y" value="16"/>
							</object>
							<object name="TPort_127mmF3R">
								<integer name="icon_x" value="539"/>
								<integer name="icon_y" value="16"/>
							</object>
							<object name="TPort_127mmF3L">
								<integer name="icon_x" value="539"/>
								<integer name="icon_y" value="16"/>
							</object>
							<object name="TPort_127mmF5R">
								<integer name="icon_x" value="539"/>
								<integer name="icon_y" value="16"/>
							</object>
							<object name="TPort_127mmF5L">
								<integer name="icon_x" value="539"/>
								<integer name="icon_y" value="16"/>
							</object>
						</object>
						<integer name="icon_x" value="161"/>
						<integer name="icon_y" value="91"/>
					</object>
					<object name="TPort_127mmF2R">
						<object name="SubSlots">
							<object name="TPort_127mmF2L">
								<integer name="icon_x" value="539"/>
								<integer name="icon_y" value="16"/>
							</object>
							<object name="TPort_127mmF4R">
								<integer name="icon_x" value="539"/>
								<integer name="icon_y" value="16"/>
							</object>
							<object name="TPort_127mmF4L">
								<integer name="icon_x" value="539"/>
								<integer name="icon_y" value="16"/>
							</object>
							<object name="TPort_127mmF6R">
								<integer name="icon_x" value="539"/>
								<integer name="icon_y" value="16"/>
							</object>
							<object name="TPort_127mmF6L">
								<integer name="icon_x" value="539"/>
								<integer name="icon_y" value="16"/>
							</object>
						</object>
						<integer name="icon_x" value="22"/>
						<integer name="icon_y" value="91"/>
					</object>
					<object name="TPort_AA1x25mmB1R">
						<object name="SubSlots">
							<object name="TPort_AA1x25mmB1L">
								<object name="SubSlots"/>
								<integer name="icon_x" value="225"/>
								<integer name="icon_y" value="119"/>
							</object>
							<object name="TPort_AA1x25mmB2R">
								<integer name="icon_x" value="58"/>
								<integer name="icon_y" value="190"/>
							</object>
							<object name="TPort_AA1x25mmB2L">
								<integer name="icon_x" value="58"/>
								<integer name="icon_y" value="190"/>
							</object>
							<object name="TPort_AA1x25mmB3R">
								<integer name="icon_x" value="58"/>
								<integer name="icon_y" value="190"/>
							</object>
							<object name="TPort_AA1x25mmB3L">
								<integer name="icon_x" value="58"/>
								<integer name="icon_y" value="190"/>
							</object>
							<object name="TPort_AA1x25mmB4R">
								<integer name="icon_x" value="58"/>
								<integer name="icon_y" value="190"/>
							</object>
							<object name="TPort_AA1x25mmB4L">
								<integer name="icon_x" value="58"/>
								<integer name="icon_y" value="190"/>
							</object>
							<object name="TPort_AA1x25mmB5R">
								<integer name="icon_x" value="58"/>
								<integer name="icon_y" value="190"/>
							</object>
							<object name="TPort_AA1x25mmB5L">
								<integer name="icon_x" value="58"/>
								<integer name="icon_y" value="190"/>
							</object>
							<object name="TPort_AA1x25mmF">
								<integer name="icon_x" value="58"/>
								<integer name="icon_y" value="190"/>
							</object>
							<object name="TPort_AA1x25mmF1R">
								<integer name="icon_x" value="58"/>
								<integer name="icon_y" value="190"/>
							</object>
							<object name="TPort_AA1x25mmF1L">
								<integer name="icon_x" value="58"/>
								<integer name="icon_y" value="190"/>
							</object>
							<object name="TPort_AA1x25mmF2R">
								<integer name="icon_x" value="58"/>
								<integer name="icon_y" value="190"/>
							</object>
							<object name="TPort_AA1x25mmF2L">
								<integer name="icon_x" value="58"/>
								<integer name="icon_y" value="190"/>
							</object>
							<object name="TPort_AA1x25mmF3R">
								<integer name="icon_x" value="58"/>
								<integer name="icon_y" value="190"/>
							</object>
							<object name="TPort_AA1x25mmF3L">
								<integer name="icon_x" value="58"/>
								<integer name="icon_y" value="190"/>
							</object>
							<object name="TPort_AA1x25mmF4R">
								<integer name="icon_x" value="58"/>
								<integer name="icon_y" value="190"/>
							</object>
							<object name="TPort_AA1x25mmF4L">
								<integer name="icon_x" value="58"/>
								<integer name="icon_y" value="190"/>
							</object>
							<object name="TPort_AA1x25mmF5R">
								<integer name="icon_x" value="58"/>
								<integer name="icon_y" value="190"/>
							</object>
							<object name="TPort_AA1x25mmF5L">
								<integer name="icon_x" value="58"/>
								<integer name="icon_y" value="190"/>
							</object>
							<object name="TPort_AA1x25mmF6R">
								<integer name="icon_x" value="58"/>
								<integer name="icon_y" value="190"/>
							</object>
							<object name="TPort_AA1x25mmF6L">
								<integer name="icon_x" value="58"/>
								<integer name="icon_y" value="190"/>
							</object>
							<object name="TPort_AA1x25mmF7R">
								<integer name="icon_x" value="58"/>
								<integer name="icon_y" value="190"/>
							</object>
							<object name="TPort_AA1x25mmF7L">
								<integer name="icon_x" value="58"/>
								<integer name="icon_y" value="190"/>
							</object>
						</object>
						<integer name="icon_x" value="275"/>
						<integer name="icon_y" value="91"/>
					</object>
					<object name="TPort_AA3x25mmF4R">
						<object name="SubSlots">
							<object name="TPort_AA3x25mmF4L">
								<integer name="icon_x" value="58"/>
								<integer name="icon_y" value="190"/>
							</object>
							<object name="TPort_AA3x25mmM1R">
								<integer name="icon_x" value="58"/>
								<integer name="icon_y" value="190"/>
							</object>
							<object name="TPort_AA3x25mmM1L">
								<integer name="icon_x" value="58"/>
								<integer name="icon_y" value="190"/>
							</object>
							<object name="TPort_AA3x25mmM2R">
								<integer name="icon_x" value="58"/>
								<integer name="icon_y" value="190"/>
							</object>
							<object name="TPort_AA3x25mmM2L">
								<integer name="icon_x" value="58"/>
								<integer name="icon_y" value="190"/>
							</object>
							<object name="TPort_AA3x25mmM3R">
								<integer name="icon_x" value="58"/>
								<integer name="icon_y" value="190"/>
							</object>
							<object name="TPort_AA3x25mmM3L">
								<integer name="icon_x" value="58"/>
								<integer name="icon_y" value="190"/>
							</object>
							<object name="TPort_AA3x25mmM4R">
								<integer name="icon_x" value="58"/>
								<integer name="icon_y" value="190"/>
							</object>
							<object name="TPort_AA3x25mmM4L">
								<integer name="icon_x" value="58"/>
								<integer name="icon_y" value="190"/>
							</object>
							<object name="TPort_AA3x25mmB1R">
								<integer name="icon_x" value="58"/>
								<integer name="icon_y" value="190"/>
							</object>
							<object name="TPort_AA3x25mmB1L">
								<integer name="icon_x" value="58"/>
								<integer name="icon_y" value="190"/>
							</object>
							<object name="TPort_AA3x25mmB2R">
								<integer name="icon_x" value="58"/>
								<integer name="icon_y" value="190"/>
							</object>
							<object name="TPort_AA3x25mmB2L">
								<integer name="icon_x" value="58"/>
								<integer name="icon_y" value="190"/>
							</object>
						</object>
						<integer name="icon_x" value="395"/>
						<integer name="icon_y" value="91"/>
					</object>
					<object name="TPort_AA3x25mm_Shilded_M1R">
						<object name="SubSlots">
							<object name="TPort_AA3x25mm_Shilded_M1L">
								<integer name="icon_x" value="420"/>
								<integer name="icon_y" value="191"/>
							</object> 
							<object name="TPort_AA3x25mm_Shilded_M3R">
								<integer name="icon_x" value="420"/>
								<integer name="icon_y" value="191"/>
							</object>
							<object name="TPort_AA3x25mm_Shilded_M3L">
								<integer name="icon_x" value="420"/>
								<integer name="icon_y" value="191"/>
							</object>
							<object name="TPort_AA3x25mm_Shilded_M7R">
								<integer name="icon_x" value="420"/>
								<integer name="icon_y" value="191"/>
							</object>
							<object name="TPort_AA3x25mm_Shilded_M7L">
								<integer name="icon_x" value="420"/>
								<integer name="icon_y" value="191"/>
							</object>
							<object name="TPort_AA3x25mm_Shilded_M8R">
								<integer name="icon_x" value="420"/>
								<integer name="icon_y" value="191"/>
							</object>
							<object name="TPort_AA3x25mm_Shilded_M8L">
								<integer name="icon_x" value="420"/>
								<integer name="icon_y" value="191"/>
							</object>
							<object name="TPort_AA3x25mm_Shilded_M9R">
								<integer name="icon_x" value="420"/>
								<integer name="icon_y" value="191"/>
							</object>
							<object name="TPort_AA3x25mm_Shilded_M9L">
								<integer name="icon_x" value="420"/>
								<integer name="icon_y" value="191"/>
							</object>
							<object name="TPort_AA3x25mm_Shilded_M10R">
								<integer name="icon_x" value="420"/>
								<integer name="icon_y" value="191"/>
							</object>
							<object name="TPort_AA3x25mm_Shilded_M10L">
								<integer name="icon_x" value="420"/>
								<integer name="icon_y" value="191"/>
							</object>
							<object name="TPort_AA3x25mm_Shilded_B1R">
								<integer name="icon_x" value="420"/>
								<integer name="icon_y" value="191"/>
							</object>
							<object name="TPort_AA3x25mm_Shilded_B1L">
								<integer name="icon_x" value="420"/>
								<integer name="icon_y" value="191"/>
							</object>
							<object name="TPort_AA3x25mm_Shilded_B2R">
								<integer name="icon_x" value="420"/>
								<integer name="icon_y" value="191"/>
							</object>
							<object name="TPort_AA3x25mm_Shilded_B2L">
								<integer name="icon_x" value="420"/>
								<integer name="icon_y" value="191"/>
							</object>
						</object>
						<integer name="icon_x" value="22"/>
						<integer name="icon_y" value="91"/>
					</object>
					<object name="TPort_RF_Typ95_02_F2R">
						<object name="SubSlots">
							<object name="TPort_RF_Typ95_02_F2L">
								<integer name="icon_x" value="333"/>
								<integer name="icon_y" value="126"/>
							</object>
							<object name="TPort_RF_Typ95_02_F3R">
								<integer name="icon_x" value="335"/>
								<integer name="icon_y" value="126"/>
							</object>
							<object name="TPort_RF_Typ95_02_F3L">
								<integer name="icon_x" value="335"/>
								<integer name="icon_y" value="126"/>
							</object>
							<object name="TPort_RF_Typ95_02_F4R">
								<integer name="icon_x" value="335"/>
								<integer name="icon_y" value="126"/>
							</object>
							<object name="TPort_RF_Typ95_02_F4L">
								<integer name="icon_x" value="335"/>
								<integer name="icon_y" value="126"/>
							</object>
							<object name="TPort_RF_Typ95_02_F41R">
								<integer name="icon_x" value="335"/>
								<integer name="icon_y" value="126"/>
							</object>
							<object name="TPort_RF_Typ95_02_F41L">
								<integer name="icon_x" value="335"/>
								<integer name="icon_y" value="126"/>
							</object>
						</object>
						<integer name="icon_x" value="100"/>
						<integer name="icon_y" value="185"/>
					</object>
					<object name="TPort_RF_Yamato45_FR">
						<object name="SubSlots">
							<object name="TPort_RF_Yamato45_FL">
								<integer name="icon_x" value="333"/>
								<integer name="icon_y" value="126"/>
							</object>
							<object name="TPort_RF_Yamato45_BR">
								<integer name="icon_x" value="335"/>
								<integer name="icon_y" value="126"/>
							</object>
							<object name="TPort_RF_Yamato45_BL">
								<integer name="icon_x" value="335"/>
								<integer name="icon_y" value="126"/>
							</object>
						</object>
						<integer name="icon_x" value="200"/>
						<integer name="icon_y" value="185"/>
					</object>
					<object name="TPort_RF_Typ95_03_F1R">
						<object name="SubSlots">
							<object name="TPort_RF_Typ95_03_F1L">
								<integer name="icon_x" value="333"/>
								<integer name="icon_y" value="126"/>
							</object>
							<object name="TPort_RF_Typ95_03_F2R">
								<integer name="icon_x" value="335"/>
								<integer name="icon_y" value="126"/>
							</object>
							<object name="TPort_RF_Typ95_03_F2L">
								<integer name="icon_x" value="335"/>
								<integer name="icon_y" value="126"/>
							</object>
							<object name="TPort_RF_Typ95_03_F3R">
								<integer name="icon_x" value="335"/>
								<integer name="icon_y" value="126"/>
							</object>
							<object name="TPort_RF_Typ95_03_F3L">
								<integer name="icon_x" value="335"/>
								<integer name="icon_y" value="126"/>
							</object>
							<object name="TPort_RF_Typ95_03_F4R">
								<integer name="icon_x" value="335"/>
								<integer name="icon_y" value="126"/>
							</object>
							<object name="TPort_RF_Typ95_03_F4L">
								<integer name="icon_x" value="335"/>
								<integer name="icon_y" value="126"/>
							</object>
							<object name="TPort_RF_Typ95_03_F5R">
								<integer name="icon_x" value="335"/>
								<integer name="icon_y" value="126"/>
							</object>
							<object name="TPort_RF_Typ95_03_F5L">
								<integer name="icon_x" value="335"/>
								<integer name="icon_y" value="126"/>
							</object>
							<object name="TPort_RF_Typ95_03_F6R">
								<integer name="icon_x" value="335"/>
								<integer name="icon_y" value="126"/>
							</object>
							<object name="TPort_RF_Typ95_03_F6L">
								<integer name="icon_x" value="335"/>
								<integer name="icon_y" value="126"/>
							</object>
							<object name="TPort_RF_Typ95_03_F7R">
								<integer name="icon_x" value="335"/>
								<integer name="icon_y" value="126"/>
							</object>
							<object name="TPort_RF_Typ95_03_F7L">
								<integer name="icon_x" value="335"/>
								<integer name="icon_y" value="126"/>
							</object>
						</object>
						<integer name="icon_x" value="300"/>
						<integer name="icon_y" value="185"/>
					</object>
					<object name="TPort_RF_Typ95_03_F1R">
						<object name="SubSlots">
							<object name="TPort_RF_Typ95_03_F1L">
								<integer name="icon_x" value="333"/>
								<integer name="icon_y" value="126"/>
							</object>
							<object name="TPort_RF_Fuso_OP_2var_F2R">
								<integer name="icon_x" value="335"/>
								<integer name="icon_y" value="126"/>
							</object>
							<object name="TPort_RF_Fuso_OP_2var_F2L">
								<integer name="icon_x" value="335"/>
								<integer name="icon_y" value="126"/>
							</object>
							<object name="TPort_RF_Fuso_OP_2var_F3R">
								<integer name="icon_x" value="335"/>
								<integer name="icon_y" value="126"/>
							</object>
							<object name="TPort_RF_Fuso_OP_2var_F3L">
								<integer name="icon_x" value="335"/>
								<integer name="icon_y" value="126"/>
							</object>
							<object name="TPort_RF_Fuso_OP_2var_F4R">
								<integer name="icon_x" value="335"/>
								<integer name="icon_y" value="126"/>
							</object>
							<object name="TPort_RF_Fuso_OP_2var_F4L">
								<integer name="icon_x" value="335"/>
								<integer name="icon_y" value="126"/>
							</object>
							<object name="TPort_RF_Fuso_OP_2var_F5R">
								<integer name="icon_x" value="335"/>
								<integer name="icon_y" value="126"/>
							</object>
							<object name="TPort_RF_Fuso_OP_2var_F5L">
								<integer name="icon_x" value="335"/>
								<integer name="icon_y" value="126"/>
							</object>
						</object>
						<integer name="icon_x" value="400"/>
						<integer name="icon_y" value="185"/>
					</object>
					<object name="TPort_RF_Myoko_Dir_3var_FR">
						<object name="SubSlots">
							<object name="TPort_RF_Myoko_Dir_3var_FL">
								<integer name="icon_x" value="333"/>
								<integer name="icon_y" value="126"/>
							</object>
						</object>
						<integer name="icon_x" value="500"/>
						<integer name="icon_y" value="185"/>
					</object>
					<object name="TPort_RF_Fuso_Dir_2var_F1R">
						<object name="SubSlots">
							<object name="TPort_RF_Fuso_Dir_2var_F1L">
								<integer name="icon_x" value="333"/>
								<integer name="icon_y" value="126"/>
							</object>
						</object>
						<integer name="icon_x" value="550"/>
						<integer name="icon_y" value="120"/>
					</object>
					<object name="TPort_Main_Gun_Director1">
						<integer name="icon_x" value="180"/>
						<integer name="icon_y" value="250"/>
					</object>
					<object name="TPort_Main_Gun_Director2">
						<integer name="icon_x" value="300"/>
						<integer name="icon_y" value="260"/>
					</object>
					<object name="TPort_RF_C1_F">
						<integer name="icon_x" value="400"/>
						<integer name="icon_y" value="262"/>
					</object>
					<object name="TPort_RADAR3">
						<integer name="icon_x" value="200"/>
						<integer name="icon_y" value="350"/>
					</object>
					<object name="TPort_RADAR1">
						<integer name="icon_x" value="350"/>
						<integer name="icon_y" value="350"/>
					</object>
					<object name="TPort_RADAR2">
						<integer name="icon_x" value="500"/>
						<integer name="icon_y" value="330"/>
					</object>
					<object name="TPort_RADAR4">
						<object name="SubSlots">
							<object name="TPort_RADAR5">
								<integer name="icon_x" value="400"/>
								<integer name="icon_y" value="126"/>
							</object>
						</object>
						<integer name="icon_x" value="450"/>
						<integer name="icon_y" value="220"/>
					</object>
					<object name="ZPort_AAGunContr1">
						<integer name="icon_x" value="14"/>
						<integer name="icon_y" value="185"/>
					</object>
					<object name="ZPort_Bridge">
						<integer name="icon_x" value="44"/>
						<integer name="icon_y" value="3"/>
					</object>
					<object name="ZPort_FuelTank">
						<integer name="icon_x" value="85"/>
						<integer name="icon_y" value="3"/>
					</object>
					<object name="ZPort_Jammer_JS_A">
						<integer name="icon_x" value="126"/>
						<integer name="icon_y" value="275"/>
					</object>
					<object name="ZPort_Jammer_US_A1">
						<integer name="icon_x" value="554"/>
						<integer name="icon_y" value="277"/>
					</object>
					<object name="ZPort_MainGunContr">
						<integer name="icon_x" value="14"/>
						<integer name="icon_y" value="275"/>
					</object>
					<object name="ZPort_Radio">
						<integer name="icon_x" value="100"/>
						<integer name="icon_y" value="275"/>
					</object>
					<object name="ZPort_Rudder">
						<integer name="icon_x" value="290"/>
						<integer name="icon_y" value="3"/>
					</object>
					<object name="ZPort_Sonar">
						<integer name="icon_x" value="555"/>
						<integer name="icon_y" value="340"/>
					</object>
					<object name="ZPort_Sonar1">
						<integer name="icon_x" value="500"/>
						<integer name="icon_y" value="340"/>
					</object>
					<object name="ZPort_SteamTurbine_01">
						<integer name="icon_x" value="279"/>
						<integer name="icon_y" value="348"/>
					</object>
				</object>
			</object>
		</object>
	</object>
</root>