﻿<?xml version = "1.0" encoding = "UTF-8"?>
<root>
	<object name = "SteelMonstersParams">
		<object name="Ships">
			<object name="Strasbourg">
				<float name="AccelRate" value="1.e-004"/>
				<string name="Airgroup" value="Scout_ShipWater_Battleship_Battaliom_holland"/>
				<integer name="AirplanesCount" value="3"/>
				<string name="AmmoLoadingTemplate" value="Ammo 700"/>
				<boolean name="BoatsTransportationAbility" value="false"/>
				<integer name="CabinArmor" value="533"/>
				<boolean name="CanBeChanged" value="true"/>
				<boolean name="CanUseTorpedos" value="false"/>
				<string name="CatapultAirgroupDefaultUnit" value="Walrus"/>
				<integer name="Country" value="4"/>
				<integer name="Crew" value="1430"/>
				<float name="CriticalCareen" value="37."/>
				<float name="CriticalDFT" value="4.5"/>
				<float name="CriticalDifferent" value="5."/>
				<float name="DTimeProd" value="160."/>
				<float name="DisplacementMax" value="38000."/>
				<float name="EPR" value="630."/>
				<float name="FireRisk" value="1667."/>
				<float name="Fuel" value="6500."/>
				<float name="HLShapeCoef" value="0.6"/>
				<integer name="HullArmorSide" value="310"/>
				<integer name="HullArmorTop" value="265"/>
				<float name="Iron" value="48300."/>
				<integer name="Length" value="214.5"/>
				<float name="MaxSpeed" value="30.4"/>
				<integer name="MinCrew" value="960"/>
				<float name="Money" value="42000."/>
				<float name="NTimeProd" value="400."/>
				<string name="Name" value="Strasbourg"/>
				<boolean name="New" value="true"/>
				<integer name="Nuc_Dest_Prob" value="300"/>
				<integer name="Passengers" value="70"/>
				<boolean name="PlanesTransportationAbility" value="false"/>
				<float name="Range" value="13890."/>
				<integer name="Rank" value="2"/>
				<string name="SMU" value="Strasbourg"/>
				<float name="Speed" value="15."/>
				<float name="StoreCapacity" value="1600."/>
				<boolean name="Transportable" value="false"/>
				<float name="TurnRate" value="1.2e-003"/>
				<integer name="Type" value="1"/>
				<float name="Vitality" value="8400."/>
				<float name="VitalityAA" value="3500."/>
				<float name="Weight" value="38000."/>
				<integer name="Width" value="33"/>
				<integer name="Year" value="39"/>
			</object>
		</object>
		<object name="Engins">
			<object name="MPP_Strasbourg">
				<float name="Consumption" value="3.94e-004"/>
				<integer name="Country" value="4"/>
				<float name="Money" value="22000."/>
				<integer name="Power_Max" value="135500"/>
				<integer name="RPM_Max" value="0"/>
				<integer name="Type" value="8"/>
				<integer name="Unreliability" value="10"/>
				<string name="Usage" value="Ships"/>
				<float name="Weight" value="2500."/>
			</object>
		</object>
		<object name="Hit_Location">
			<object name="Str1260">
				<integer name="Country" value="4"/>
				<float name="ER" value="400."/>
				<string name="Hull" value="Str_EUUpperDeck"/>
				<string name="Name" value="Stern3_LowerDeck"/>
				<string name="TypHL" value="Hull"/>
				<string name="UnitName" value="Strasbourg"/>
			</object>
			<object name="Str1261">
				<integer name="Country" value="4"/>
				<float name="ER" value="400."/>
				<string name="Hull" value="Str_Tiller"/>
				<string name="Name" value="Tiller"/>
				<string name="TypHL" value="Hull"/>
				<string name="UnitName" value="Strasbourg"/>
			</object>
			<object name="Str1262">
				<integer name="Country" value="4"/>
				<float name="ER" value="400."/>
				<string name="Hull" value="Str_ArmourDeckEU"/>
				<string name="Name" value="Stern3_UpperDeck"/>
				<string name="TypHL" value="Hull"/>
				<string name="UnitName" value="Strasbourg"/>
			</object>
			<object name="Str1263">
				<integer name="Country" value="4"/>
				<float name="ER" value="500."/>
				<string name="Hull" value="Str_Barbet"/>
				<string name="Name" value="Barbet1"/>
				<string name="TypHL" value="Hull"/>
				<string name="UnitName" value="Strasbourg"/>
			</object>
			<object name="Str1264">
				<integer name="Country" value="4"/>
				<float name="ER" value="500."/>
				<string name="Hull" value="Str_Barbet"/>
				<string name="Name" value="Barbet2"/>
				<string name="TypHL" value="Hull"/>
				<string name="UnitName" value="Strasbourg"/>
			</object>
			<object name="Str1265">
				<integer name="Country" value="4"/>
				<float name="ER" value="500."/>
				<string name="Hull" value="Str_Barbet"/>
				<string name="Name" value="Barbet3"/>
				<string name="TypHL" value="Hull"/>
				<string name="UnitName" value="Strasbourg"/>
			</object>
			<object name="Str1266">
				<integer name="Country" value="4"/>
				<float name="ER" value="400."/>
				<string name="Hull" value="Str_BattleCabine"/>
				<string name="Name" value="BattleCabin"/>
				<string name="TypHL" value="Probe"/>
				<string name="UnitName" value="Strasbourg"/>
			</object>
			<object name="Str1267">
				<integer name="Country" value="4"/>
				<float name="ER" value="400."/>
				<string name="Hull" value="Std_Probe"/>
				<string name="Name" value="Probe_AA_Bow"/>
				<string name="TypHL" value="Probe"/>
				<string name="UnitName" value="Strasbourg"/>
			</object>
			<object name="Str1268">
				<integer name="Country" value="4"/>
				<float name="ER" value="400."/>
				<string name="Hull" value="Std_Probe"/>
				<string name="Name" value="Probe_AA_Stern"/>
				<string name="TypHL" value="Probe"/>
				<string name="UnitName" value="Strasbourg"/>
			</object>
			<object name="Str1269">
				<string name="ConnectName" value="Middle4_Engine"/>
				<integer name="Country" value="4"/>
				<float name="ER" value="400."/>
				<string name="Hull" value="Std_Mover"/>
				<string name="Name" value="Mover3"/>
				<string name="TypHL" value="Mover"/>
				<string name="UnitName" value="Strasbourg"/>
			</object>
			<object name="Str1270">
				<string name="ConnectName" value="Middle5_Engine"/>
				<integer name="Country" value="4"/>
				<float name="ER" value="400."/>
				<string name="Hull" value="Std_Mover"/>
				<string name="Name" value="Mover4"/>
				<string name="TypHL" value="Mover"/>
				<string name="UnitName" value="Strasbourg"/>
			</object>
			<object name="Str1271">
				<string name="ConnectName" value="Middle3_Engine"/>
				<integer name="Country" value="4"/>
				<float name="ER" value="400."/>
				<string name="Hull" value="Std_Mover"/>
				<string name="Name" value="Mover2"/>
				<string name="TypHL" value="Mover"/>
				<string name="UnitName" value="Strasbourg"/>
			</object>
			<object name="Str1272">
				<string name="ConnectName" value="Middle2_Engine"/>
				<integer name="Country" value="4"/>
				<float name="ER" value="400."/>
				<string name="Hull" value="Std_Mover"/>
				<string name="Name" value="Mover1"/>
				<string name="TypHL" value="Mover"/>
				<string name="UnitName" value="Strasbourg"/>
			</object>
			<object name="Str1273">
				<string name="ConnectName" value="Tiller;"/>
				<integer name="Country" value="4"/>
				<float name="ER" value="400."/>
				<string name="Hull" value="Std_Rudder"/>
				<string name="Name" value="Rudder"/>
				<string name="TypHL" value="Rudder"/>
				<string name="UnitName" value="Strasbourg"/>
			</object>
			<object name="Str1275">
				<integer name="Country" value="4"/>
				<float name="ER" value="400."/>
				<string name="Hull" value="Str_LAMP"/>
				<string name="Name" value="Bow3_LAMP"/>
				<string name="TypHL" value="Hull"/>
				<string name="UnitName" value="Strasbourg"/>
			</object>
			<object name="Str1276">
				<integer name="Country" value="4"/>
				<float name="ER" value="500."/>
				<string name="Hull" value="Str_LASBelt_Lower"/>
				<string name="Name" value="Bow3_LLowerBelt"/>
				<string name="TypHL" value="Hull"/>
				<string name="UnitName" value="Strasbourg"/>
			</object>
			<object name="Str1277">
				<integer name="Country" value="4"/>
				<float name="ER" value="500."/>
				<string name="Hull" value="Str_LASBelt_Upper"/>
				<string name="Name" value="Bow3_LUpperBelt"/>
				<string name="TypHL" value="Hull"/>
				<string name="UnitName" value="Strasbourg"/>
			</object>
			<object name="Str1278">
				<integer name="Country" value="4"/>
				<float name="ER" value="400."/>
				<string name="Hull" value="Str_RAMP"/>
				<string name="Name" value="Bow3_RAMP"/>
				<string name="TypHL" value="Hull"/>
				<string name="UnitName" value="Strasbourg"/>
			</object>
			<object name="Str1279">
				<integer name="Country" value="4"/>
				<float name="ER" value="500."/>
				<string name="Hull" value="Str_RASBelt_Lower"/>
				<string name="Name" value="Bow3_RLowerBelt"/>
				<string name="TypHL" value="Hull"/>
				<string name="UnitName" value="Strasbourg"/>
			</object>
			<object name="Str1280">
				<integer name="Country" value="4"/>
				<float name="ER" value="500."/>
				<string name="Hull" value="Str_RASBelt_Upper"/>
				<string name="Name" value="Bow3_RUpperBelt"/>
				<string name="TypHL" value="Hull"/>
				<string name="UnitName" value="Strasbourg"/>
			</object>
			<object name="Str1281">
				<integer name="Country" value="4"/>
				<float name="ER" value="400."/>
				<string name="Hull" value="Str_Bottom"/>
				<string name="Name" value="Bow3_RBottom"/>
				<string name="TypHL" value="Hull"/>
				<string name="UnitName" value="Strasbourg"/>
			</object>
			<object name="Str1282">
				<integer name="Country" value="4"/>
				<float name="ER" value="400."/>
				<string name="Hull" value="Str_Bottom"/>
				<string name="Name" value="Bow3_LBottom"/>
				<string name="TypHL" value="Hull"/>
				<string name="UnitName" value="Strasbourg"/>
			</object>
			<object name="Str1283">
				<integer name="Country" value="4"/>
				<float name="ER" value="400."/>
				<string name="Hull" value="Str_ArmourDeckEU"/>
				<string name="Name" value="Bow3_UpperDeck"/>
				<string name="TypHL" value="Hull"/>
				<string name="UnitName" value="Strasbourg"/>
			</object>
			<object name="Str1284">
				<integer name="Country" value="4"/>
				<float name="ER" value="400."/>
				<string name="Hull" value="Str_ArmourDeckAS"/>
				<string name="Name" value="Bow3_MiddleDeck"/>
				<string name="TypHL" value="Hull"/>
				<string name="UnitName" value="Strasbourg"/>
			</object>
			<object name="Str1285">
				<integer name="Country" value="4"/>
				<float name="ER" value="400."/>
				<string name="Hull" value="Str_EUUpperDeck"/>
				<string name="Name" value="Bow3_LowerDeck1"/>
				<string name="TypHL" value="Hull"/>
				<string name="UnitName" value="Strasbourg"/>
			</object>
			<object name="Str1286">
				<integer name="Country" value="4"/>
				<float name="ER" value="400."/>
				<string name="Hull" value="Str_AS_T2"/>
				<string name="Name" value="AmmoStore_2_2"/>
				<string name="TypHL" value="AmmoStore"/>
				<string name="UnitName" value="Strasbourg"/>
			</object>
			<object name="Str1287">
				<integer name="Country" value="4"/>
				<float name="ER" value="400."/>
				<string name="Hull" value="Str_AS_T1"/>
				<string name="Name" value="AmmoStore_2_1"/>
				<string name="TypHL" value="AmmoStore"/>
				<string name="UnitName" value="Strasbourg"/>
			</object>
			<object name="Str1288">
				<integer name="Country" value="4"/>
				<float name="ER" value="400."/>
				<string name="Hull" value="Str_AS_T2"/>
				<string name="Name" value="AmmoStore_1_2"/>
				<string name="TypHL" value="AmmoStore"/>
				<string name="UnitName" value="Strasbourg"/>
			</object>
			<object name="Str1289">
				<integer name="Country" value="4"/>
				<float name="ER" value="400."/>
				<string name="Hull" value="Str_AS_T1"/>
				<string name="Name" value="AmmoStore_1_1"/>
				<string name="TypHL" value="AmmoStore"/>
				<string name="UnitName" value="Strasbourg"/>
			</object>
			<object name="Str1291">
				<integer name="Country" value="4"/>
				<float name="ER" value="400."/>
				<string name="Hull" value="Str_ArmourDeckEU"/>
				<string name="Name" value="Stern2_UpperDeck"/>
				<string name="TypHL" value="Hull"/>
				<string name="UnitName" value="Strasbourg"/>
			</object>
			<object name="Str1292">
				<integer name="Country" value="4"/>
				<float name="ER" value="400."/>
				<string name="Hull" value="Str_Bottom"/>
				<string name="Name" value="Stern1_RBottom"/>
				<string name="TypHL" value="Hull"/>
				<string name="UnitName" value="Strasbourg"/>
			</object>
			<object name="Str1293">
				<integer name="Country" value="4"/>
				<float name="ER" value="400."/>
				<string name="Hull" value="Str_Bottom"/>
				<string name="Name" value="Stern1_LBottom"/>
				<string name="TypHL" value="Hull"/>
				<string name="UnitName" value="Strasbourg"/>
			</object>
			<object name="Str1294">
				<integer name="Country" value="4"/>
				<float name="ER" value="400."/>
				<string name="Hull" value="Str_RAMP"/>
				<string name="Name" value="Stern1_RAMP"/>
				<string name="TypHL" value="Hull"/>
				<string name="UnitName" value="Strasbourg"/>
			</object>
			<object name="Str1295">
				<integer name="Country" value="4"/>
				<float name="ER" value="400."/>
				<string name="Hull" value="Str_LAMP"/>
				<string name="Name" value="Stern1_LAMP"/>
				<string name="TypHL" value="Hull"/>
				<string name="UnitName" value="Strasbourg"/>
			</object>
			<object name="Str1296">
				<integer name="Country" value="4"/>
				<float name="ER" value="500."/>
				<string name="Hull" value="Str_LASBelt_Upper"/>
				<string name="Name" value="Stern1_LUpperBelt"/>
				<string name="TypHL" value="Hull"/>
				<string name="UnitName" value="Strasbourg"/>
			</object>
			<object name="Str1297">
				<integer name="Country" value="4"/>
				<float name="ER" value="400."/>
				<string name="Hull" value="Str_EUUpperDeck"/>
				<string name="Name" value="Stern1_LowerDeck"/>
				<string name="TypHL" value="Hull"/>
				<string name="UnitName" value="Strasbourg"/>
			</object>
			<object name="Str1298">
				<integer name="Country" value="4"/>
				<float name="ER" value="400."/>
				<string name="Hull" value="Str_AS_T1"/>
				<string name="Name" value="AmmoStore_3_1"/>
				<string name="TypHL" value="AmmoStore"/>
				<string name="UnitName" value="Strasbourg"/>
			</object>
			<object name="Str1299">
				<integer name="Country" value="4"/>
				<float name="ER" value="400."/>
				<string name="Hull" value="Str_AS_T2"/>
				<string name="Name" value="AmmoStore_3_2"/>
				<string name="TypHL" value="AmmoStore"/>
				<string name="UnitName" value="Strasbourg"/>
			</object>
			<object name="Str1300">
				<integer name="Country" value="4"/>
				<float name="ER" value="500."/>
				<string name="Hull" value="Str_RASBelt_Lower"/>
				<string name="Name" value="Stern1_RLowerBelt"/>
				<string name="TypHL" value="Hull"/>
				<string name="UnitName" value="Strasbourg"/>
			</object>
			<object name="Str1301">
				<integer name="Country" value="4"/>
				<float name="ER" value="500."/>
				<string name="Hull" value="Str_RASBelt_Upper"/>
				<string name="Name" value="Stern1_RUpperBelt"/>
				<string name="TypHL" value="Hull"/>
				<string name="UnitName" value="Strasbourg"/>
			</object>
			<object name="Str1302">
				<integer name="Country" value="4"/>
				<float name="ER" value="400."/>
				<string name="Hull" value="Str_ArmourDeckEU"/>
				<string name="Name" value="Stern1_UpperDeck"/>
				<string name="TypHL" value="Hull"/>
				<string name="UnitName" value="Strasbourg"/>
			</object>
			<object name="Str1303">
				<integer name="Country" value="4"/>
				<float name="ER" value="400."/>
				<string name="Hull" value="Str_ArmourDeckAS"/>
				<string name="Name" value="Stern1_MiddleDeck"/>
				<string name="TypHL" value="Hull"/>
				<string name="UnitName" value="Strasbourg"/>
			</object>
			<object name="Str1304">
				<integer name="Country" value="4"/>
				<float name="ER" value="400."/>
				<string name="Hull" value="Std_Probe"/>
				<string name="Name" value="Probe_MG_Stern"/>
				<string name="TypHL" value="Probe"/>
				<string name="UnitName" value="Strasbourg"/>
			</object>
			<object name="Str1306">
				<integer name="Country" value="4"/>
				<float name="ER" value="400."/>
				<string name="Hull" value="Str_EUUpperDeck"/>
				<string name="Name" value="Middle5_LLowerDeck"/>
				<string name="TypHL" value="Hull"/>
				<string name="UnitName" value="Strasbourg"/>
			</object>
			<object name="Str1307">
				<integer name="Country" value="4"/>
				<float name="ER" value="400."/>
				<string name="Hull" value="Str_ArmourDeckEU"/>
				<string name="Name" value="Middle5_REngineDeck"/>
				<string name="TypHL" value="Hull"/>
				<string name="UnitName" value="Strasbourg"/>
			</object>
			<object name="Str1308">
				<string name="ConnectName" value="Middle2_Boiler;Middle3_Boiler;Middle4_Boiler;Middle5_Boiler"/>
				<integer name="Country" value="4"/>
				<float name="ER" value="400."/>
				<string name="Hull" value="Std_Engine"/>
				<string name="Name" value="Middle5_Engine"/>
				<string name="TypHL" value="Engine"/>
				<string name="UnitName" value="Strasbourg"/>
			</object>
			<object name="Str1309">
				<integer name="Country" value="4"/>
				<float name="ER" value="400."/>
				<string name="Hull" value="Str_EUUpperDeck"/>
				<string name="Name" value="Middle5_RLowerDeck"/>
				<string name="TypHL" value="Hull"/>
				<string name="UnitName" value="Strasbourg"/>
			</object>
			<object name="Str1310">
				<integer name="Country" value="4"/>
				<float name="ER" value="400."/>
				<string name="Hull" value="Str_ArmourDeckEU"/>
				<string name="Name" value="Middle5_RMiddleDeck"/>
				<string name="TypHL" value="Hull"/>
				<string name="UnitName" value="Strasbourg"/>
			</object>
			<object name="Str1311">
				<integer name="Country" value="4"/>
				<float name="ER" value="400."/>
				<string name="Hull" value="Str_EUUpperDeck"/>
				<string name="Name" value="Middle5_UpperDeck"/>
				<string name="TypHL" value="Hull"/>
				<string name="UnitName" value="Strasbourg"/>
			</object>
			<object name="Str1312">
				<integer name="Country" value="4"/>
				<float name="ER" value="400."/>
				<string name="Hull" value="Str_ArmourDeckEU"/>
				<string name="Name" value="Middle5_LEngineDeck"/>
				<string name="TypHL" value="Hull"/>
				<string name="UnitName" value="Strasbourg"/>
			</object>
			<object name="Str1313">
				<integer name="Country" value="4"/>
				<float name="ER" value="400."/>
				<string name="Hull" value="Std_Boiler"/>
				<string name="Name" value="Middle5_Boiler"/>
				<string name="TypHL" value="Boiler"/>
				<string name="UnitName" value="Strasbourg"/>
			</object>
			<object name="Str1314">
				<integer name="Country" value="4"/>
				<float name="ER" value="400."/>
				<string name="Hull" value="Str_ArmourDeckEU"/>
				<string name="Name" value="Middle5_Middle2Deck"/>
				<string name="TypHL" value="Hull"/>
				<string name="UnitName" value="Strasbourg"/>
			</object>
			<object name="Str1315">
				<integer name="Country" value="4"/>
				<float name="ER" value="400."/>
				<string name="Hull" value="Str_ArmourDeckEU"/>
				<string name="Name" value="Middle5_LMiddleDeck"/>
				<string name="TypHL" value="Hull"/>
				<string name="UnitName" value="Strasbourg"/>
			</object>
			<object name="Str1316">
				<integer name="Country" value="4"/>
				<float name="ER" value="400."/>
				<string name="Hull" value="Str_Bottom"/>
				<string name="Name" value="Middle5_RBottom"/>
				<string name="TypHL" value="FuelTank"/>
				<string name="UnitName" value="Strasbourg"/>
			</object>
			<object name="Str1317">
				<integer name="Country" value="4"/>
				<float name="ER" value="400."/>
				<string name="Hull" value="Str_LAMP"/>
				<string name="Name" value="Middle5_LAMP"/>
				<string name="TypHL" value="Hull"/>
				<string name="UnitName" value="Strasbourg"/>
			</object>
			<object name="Str1318">
				<integer name="Country" value="4"/>
				<float name="ER" value="400."/>
				<string name="Hull" value="Str_Bottom"/>
				<string name="Name" value="Middle5_LBottom"/>
				<string name="TypHL" value="FuelTank"/>
				<string name="UnitName" value="Strasbourg"/>
			</object>
			<object name="Str1319">
				<integer name="Country" value="4"/>
				<float name="ER" value="400."/>
				<string name="Hull" value="Str_RAMP"/>
				<string name="Name" value="Middle5_RAMP"/>
				<string name="TypHL" value="Hull"/>
				<string name="UnitName" value="Strasbourg"/>
			</object>
			<object name="Str1320">
				<integer name="Country" value="4"/>
				<float name="ER" value="500."/>
				<string name="Hull" value="Str_LEUBelt_Lower"/>
				<string name="Name" value="Middle5_LLowerBelt"/>
				<string name="TypHL" value="Hull"/>
				<string name="UnitName" value="Strasbourg"/>
			</object>
			<object name="Str1321">
				<integer name="Country" value="4"/>
				<float name="ER" value="500."/>
				<string name="Hull" value="Str_REUBelt_Lower"/>
				<string name="Name" value="Middle5_RLowerBelt"/>
				<string name="TypHL" value="Hull"/>
				<string name="UnitName" value="Strasbourg"/>
			</object>
			<object name="Str1322">
				<integer name="Country" value="4"/>
				<float name="ER" value="500."/>
				<string name="Hull" value="Str_REUBelt_Upper"/>
				<string name="Name" value="Middle5_RUpperBelt"/>
				<string name="TypHL" value="Hull"/>
				<string name="UnitName" value="Strasbourg"/>
			</object>
			<object name="Str1323">
				<integer name="Country" value="4"/>
				<float name="ER" value="500."/>
				<string name="Hull" value="Str_LEUBelt_Upper"/>
				<string name="Name" value="Middle5_LUpperBelt"/>
				<string name="TypHL" value="Hull"/>
				<string name="UnitName" value="Strasbourg"/>
			</object>
			<object name="Str1325">
				<integer name="Country" value="4"/>
				<float name="ER" value="400."/>
				<string name="Hull" value="Str_EUUpperDeck"/>
				<string name="Name" value="Middle4_LLowerDeck"/>
				<string name="TypHL" value="Hull"/>
				<string name="UnitName" value="Strasbourg"/>
			</object>
			<object name="Str1326">
				<integer name="Country" value="4"/>
				<float name="ER" value="400."/>
				<string name="Hull" value="Str_ArmourDeckEU"/>
				<string name="Name" value="Middle4_LEngineDeck"/>
				<string name="TypHL" value="Hull"/>
				<string name="UnitName" value="Strasbourg"/>
			</object>
			<object name="Str1327">
				<string name="ConnectName" value="Middle2_Boiler;Middle3_Boiler;Middle4_Boiler;Middle5_Boiler"/>
				<integer name="Country" value="4"/>
				<float name="ER" value="400."/>
				<string name="Hull" value="Std_Engine"/>
				<string name="Name" value="Middle4_Engine"/>
				<string name="TypHL" value="Engine"/>
				<string name="UnitName" value="Strasbourg"/>
			</object>
			<object name="Str1328">
				<integer name="Country" value="4"/>
				<float name="ER" value="400."/>
				<string name="Hull" value="Str_ArmourDeckEU"/>
				<string name="Name" value="Middle4_REngineDeck"/>
				<string name="TypHL" value="Hull"/>
				<string name="UnitName" value="Strasbourg"/>
			</object>
			<object name="Str1329">
				<integer name="Country" value="4"/>
				<float name="ER" value="400."/>
				<string name="Hull" value="Std_Boiler"/>
				<string name="Name" value="Middle4_Boiler"/>
				<string name="TypHL" value="Boiler"/>
				<string name="UnitName" value="Strasbourg"/>
			</object>
			<object name="Str1330">
				<integer name="Country" value="4"/>
				<float name="ER" value="400."/>
				<string name="Hull" value="Str_EUUpperDeck"/>
				<string name="Name" value="Middle4_RLowerDeck"/>
				<string name="TypHL" value="Hull"/>
				<string name="UnitName" value="Strasbourg"/>
			</object>
			<object name="Str1331">
				<integer name="Country" value="4"/>
				<float name="ER" value="400."/>
				<string name="Hull" value="Str_ArmourDeckEU"/>
				<string name="Name" value="Middle4_Middle2Deck"/>
				<string name="TypHL" value="Hull"/>
				<string name="UnitName" value="Strasbourg"/>
			</object>
			<object name="Str1332">
				<integer name="Country" value="4"/>
				<float name="ER" value="400."/>
				<string name="Hull" value="Str_EUUpperDeck"/>
				<string name="Name" value="Middle4_UpperDeck"/>
				<string name="TypHL" value="Hull"/>
				<string name="UnitName" value="Strasbourg"/>
			</object>
			<object name="Str1333">
				<integer name="Country" value="4"/>
				<float name="ER" value="400."/>
				<string name="Hull" value="Str_ArmourDeckEU"/>
				<string name="Name" value="Middle4_LMiddleDeck"/>
				<string name="TypHL" value="Hull"/>
				<string name="UnitName" value="Strasbourg"/>
			</object>
			<object name="Str1334">
				<integer name="Country" value="4"/>
				<float name="ER" value="400."/>
				<string name="Hull" value="Str_ArmourDeckEU"/>
				<string name="Name" value="Middle4_RMiddleDeck"/>
				<string name="TypHL" value="Hull"/>
				<string name="UnitName" value="Strasbourg"/>
			</object>
			<object name="Str1335">
				<integer name="Country" value="4"/>
				<float name="ER" value="400."/>
				<string name="Hull" value="Str_Bottom"/>
				<string name="Name" value="Middle4_RBottom"/>
				<string name="TypHL" value="FuelTank"/>
				<string name="UnitName" value="Strasbourg"/>
			</object>
			<object name="Str1336">
				<integer name="Country" value="4"/>
				<float name="ER" value="400."/>
				<string name="Hull" value="Str_Bottom"/>
				<string name="Name" value="Middle4_LBottom"/>
				<string name="TypHL" value="FuelTank"/>
				<string name="UnitName" value="Strasbourg"/>
			</object>
			<object name="Str1337">
				<integer name="Country" value="4"/>
				<float name="ER" value="400."/>
				<string name="Hull" value="Str_RAMP"/>
				<string name="Name" value="Middle4_RAMP"/>
				<string name="TypHL" value="Hull"/>
				<string name="UnitName" value="Strasbourg"/>
			</object>
			<object name="Str1338">
				<integer name="Country" value="4"/>
				<float name="ER" value="400."/>
				<string name="Hull" value="Str_LAMP"/>
				<string name="Name" value="Middle4_LAMP"/>
				<string name="TypHL" value="Hull"/>
				<string name="UnitName" value="Strasbourg"/>
			</object>
			<object name="Str1339">
				<integer name="Country" value="4"/>
				<float name="ER" value="500."/>
				<string name="Hull" value="Str_LEUBelt_Lower"/>
				<string name="Name" value="Middle4_LLowerBelt"/>
				<string name="TypHL" value="Hull"/>
				<string name="UnitName" value="Strasbourg"/>
			</object>
			<object name="Str1340">
				<integer name="Country" value="4"/>
				<float name="ER" value="500."/>
				<string name="Hull" value="Str_REUBelt_Upper"/>
				<string name="Name" value="Middle4_RUpperBelt"/>
				<string name="TypHL" value="Hull"/>
				<string name="UnitName" value="Strasbourg"/>
			</object>
			<object name="Str1341">
				<integer name="Country" value="4"/>
				<float name="ER" value="500."/>
				<string name="Hull" value="Str_REUBelt_Lower"/>
				<string name="Name" value="Middle4_RLowerBelt"/>
				<string name="TypHL" value="Hull"/>
				<string name="UnitName" value="Strasbourg"/>
			</object>
			<object name="Str1342">
				<integer name="Country" value="4"/>
				<float name="ER" value="500."/>
				<string name="Hull" value="Str_LEUBelt_Upper"/>
				<string name="Name" value="Middle4_LUpperBelt"/>
				<string name="TypHL" value="Hull"/>
				<string name="UnitName" value="Strasbourg"/>
			</object>
			<object name="Str1344">
				<integer name="Country" value="4"/>
				<float name="ER" value="400."/>
				<string name="Hull" value="Str_ArmourDeckEU"/>
				<string name="Name" value="Middle3_LEngineDeck"/>
				<string name="TypHL" value="Hull"/>
				<string name="UnitName" value="Strasbourg"/>
			</object>
			<object name="Str1345">
				<integer name="Country" value="4"/>
				<float name="ER" value="400."/>
				<string name="Hull" value="Std_Boiler"/>
				<string name="Name" value="Middle3_Boiler"/>
				<string name="TypHL" value="Boiler"/>
				<string name="UnitName" value="Strasbourg"/>
			</object>
			<object name="Str1346">
				<integer name="Country" value="4"/>
				<float name="ER" value="400."/>
				<string name="Hull" value="Str_ArmourDeckEU"/>
				<string name="Name" value="Middle3_REngineDeck"/>
				<string name="TypHL" value="Hull"/>
				<string name="UnitName" value="Strasbourg"/>
			</object>
			<object name="Str1347">
				<string name="ConnectName" value="Middle2_Boiler;Middle3_Boiler;Middle4_Boiler;Middle5_Boiler;"/>
				<integer name="Country" value="4"/>
				<float name="ER" value="400."/>
				<string name="Hull" value="Std_Engine"/>
				<string name="Name" value="Middle3_Engine"/>
				<string name="TypHL" value="Engine"/>
				<string name="UnitName" value="Strasbourg"/>
			</object>
			<object name="Str1348">
				<integer name="Country" value="4"/>
				<float name="ER" value="400."/>
				<string name="Hull" value="Str_EUUpperDeck"/>
				<string name="Name" value="Middle3_LLowerDeck"/>
				<string name="TypHL" value="Hull"/>
				<string name="UnitName" value="Strasbourg"/>
			</object>
			<object name="Str1349">
				<integer name="Country" value="4"/>
				<float name="ER" value="400."/>
				<string name="Hull" value="Str_EUUpperDeck"/>
				<string name="Name" value="Middle3_RLowerDeck"/>
				<string name="TypHL" value="Hull"/>
				<string name="UnitName" value="Strasbourg"/>
			</object>
			<object name="Str1350">
				<integer name="Country" value="4"/>
				<float name="ER" value="400."/>
				<string name="Hull" value="Str_ArmourDeckEU"/>
				<string name="Name" value="Middle3_RMiddleDeck"/>
				<string name="TypHL" value="Hull"/>
				<string name="UnitName" value="Strasbourg"/>
			</object>
			<object name="Str1351">
				<integer name="Country" value="4"/>
				<float name="ER" value="400."/>
				<string name="Hull" value="Str_ArmourDeckEU"/>
				<string name="Name" value="Middle3_LMiddleDeck"/>
				<string name="TypHL" value="Hull"/>
				<string name="UnitName" value="Strasbourg"/>
			</object>
			<object name="Str1352">
				<integer name="Country" value="4"/>
				<float name="ER" value="400."/>
				<string name="Hull" value="Str_ArmourDeckEU"/>
				<string name="Name" value="Middle3_Middle2Deck"/>
				<string name="TypHL" value="Hull"/>
				<string name="UnitName" value="Strasbourg"/>
			</object>
			<object name="Str1353">
				<integer name="Country" value="4"/>
				<float name="ER" value="400."/>
				<string name="Hull" value="Str_EUUpperDeck"/>
				<string name="Name" value="Middle3_UpperDeck"/>
				<string name="TypHL" value="Hull"/>
				<string name="UnitName" value="Strasbourg"/>
			</object>
			<object name="Str1354">
				<integer name="Country" value="4"/>
				<float name="ER" value="400."/>
				<string name="Hull" value="Str_Bottom"/>
				<string name="Name" value="Middle3_LBottom"/>
				<string name="TypHL" value="FuelTank"/>
				<string name="UnitName" value="Strasbourg"/>
			</object>
			<object name="Str1355">
				<integer name="Country" value="4"/>
				<float name="ER" value="400."/>
				<string name="Hull" value="Str_Bottom"/>
				<string name="Name" value="Middle3_RBottom"/>
				<string name="TypHL" value="FuelTank"/>
				<string name="UnitName" value="Strasbourg"/>
			</object>
			<object name="Str1356">
				<integer name="Country" value="4"/>
				<float name="ER" value="400."/>
				<string name="Hull" value="Str_RAMP"/>
				<string name="Name" value="Middle3_RAMP"/>
				<string name="TypHL" value="Hull"/>
				<string name="UnitName" value="Strasbourg"/>
			</object>
			<object name="Str1357">
				<integer name="Country" value="4"/>
				<float name="ER" value="500."/>
				<string name="Hull" value="Str_LEUBelt_Upper"/>
				<string name="Name" value="Middle3_LUpperBelt"/>
				<string name="TypHL" value="Hull"/>
				<string name="UnitName" value="Strasbourg"/>
			</object>
			<object name="Str1358">
				<integer name="Country" value="4"/>
				<float name="ER" value="400."/>
				<string name="Hull" value="Str_RAMP"/>
				<string name="Name" value="Middle3_LAMP"/>
				<string name="TypHL" value="Hull"/>
				<string name="UnitName" value="Strasbourg"/>
			</object>
			<object name="Str1359">
				<integer name="Country" value="4"/>
				<float name="ER" value="500."/>
				<string name="Hull" value="Str_LEUBelt_Lower"/>
				<string name="Name" value="Middle3_LLowerBelt"/>
				<string name="TypHL" value="Hull"/>
				<string name="UnitName" value="Strasbourg"/>
			</object>
			<object name="Str1360">
				<integer name="Country" value="4"/>
				<float name="ER" value="500."/>
				<string name="Hull" value="Str_REUBelt_Lower"/>
				<string name="Name" value="Middle3_RLowerBelt"/>
				<string name="TypHL" value="Hull"/>
				<string name="UnitName" value="Strasbourg"/>
			</object>
			<object name="Str1361">
				<integer name="Country" value="4"/>
				<float name="ER" value="500."/>
				<string name="Hull" value="Str_REUBelt_Upper"/>
				<string name="Name" value="Middle3_RUpperBelt"/>
				<string name="TypHL" value="Hull"/>
				<string name="UnitName" value="Strasbourg"/>
			</object>
			<object name="Str1363">
				<integer name="Country" value="4"/>
				<float name="ER" value="400."/>
				<string name="Hull" value="Str_ArmourDeckEU"/>
				<string name="Name" value="Middle2_LMiddleDeck"/>
				<string name="TypHL" value="Hull"/>
				<string name="UnitName" value="Strasbourg"/>
			</object>
			<object name="Str1364">
				<integer name="Country" value="4"/>
				<float name="ER" value="400."/>
				<string name="Hull" value="Str_ArmourDeckEU"/>
				<string name="Name" value="Middle2_Middle2Deck"/>
				<string name="TypHL" value="Hull"/>
				<string name="UnitName" value="Strasbourg"/>
			</object>
			<object name="Str1365">
				<integer name="Country" value="4"/>
				<float name="ER" value="400."/>
				<string name="Hull" value="Str_EUUpperDeck"/>
				<string name="Name" value="Middle2_UpperDeck"/>
				<string name="TypHL" value="Hull"/>
				<string name="UnitName" value="Strasbourg"/>
			</object>
			<object name="Str1366">
				<integer name="Country" value="4"/>
				<float name="ER" value="400."/>
				<string name="Hull" value="Str_ArmourDeckEU"/>
				<string name="Name" value="Middle2_RMiddleDeck"/>
				<string name="TypHL" value="Hull"/>
				<string name="UnitName" value="Strasbourg"/>
			</object>
			<object name="Str1367">
				<integer name="Country" value="4"/>
				<float name="ER" value="400."/>
				<string name="Hull" value="Str_EUUpperDeck"/>
				<string name="Name" value="Middle2_LLowerDeck"/>
				<string name="TypHL" value="Hull"/>
				<string name="UnitName" value="Strasbourg"/>
			</object>
			<object name="Str1368">
				<integer name="Country" value="4"/>
				<float name="ER" value="400."/>
				<string name="Hull" value="Str_ArmourDeckEU"/>
				<string name="Name" value="Middle2_REngineDeck"/>
				<string name="TypHL" value="Hull"/>
				<string name="UnitName" value="Strasbourg"/>
			</object>
			<object name="Str1369">
				<integer name="Country" value="4"/>
				<float name="ER" value="400."/>
				<string name="Hull" value="Std_Boiler"/>
				<string name="Name" value="Middle2_Boiler"/>
				<string name="TypHL" value="Boiler"/>
				<string name="UnitName" value="Strasbourg"/>
			</object>
			<object name="Str1370">
				<integer name="Country" value="4"/>
				<float name="ER" value="400."/>
				<string name="Hull" value="Str_ArmourDeckEU"/>
				<string name="Name" value="Middle2_LEngineDeck"/>
				<string name="TypHL" value="Hull"/>
				<string name="UnitName" value="Strasbourg"/>
			</object>
			<object name="Str1371">
				<string name="ConnectName" value="Middle2_Boiler;Middle3_Boiler;Middle4_Boiler;Middle5_Boiler"/>
				<integer name="Country" value="4"/>
				<float name="ER" value="400."/>
				<string name="Hull" value="Std_Engine"/>
				<string name="Name" value="Middle2_Engine"/>
				<string name="TypHL" value="Engine"/>
				<string name="UnitName" value="Strasbourg"/>
			</object>
			<object name="Str1372">
				<integer name="Country" value="4"/>
				<float name="ER" value="400."/>
				<string name="Hull" value="Str_EUUpperDeck"/>
				<string name="Name" value="Middle2_RLowerDeck"/>
				<string name="TypHL" value="Hull"/>
				<string name="UnitName" value="Strasbourg"/>
			</object>
			<object name="Str1373">
				<integer name="Country" value="4"/>
				<float name="ER" value="500."/>
				<string name="Hull" value="Str_LEUBelt_Upper"/>
				<string name="Name" value="Middle2_LUpperBelt"/>
				<string name="TypHL" value="Hull"/>
				<string name="UnitName" value="Strasbourg"/>
			</object>
			<object name="Str1374">
				<integer name="Country" value="4"/>
				<float name="ER" value="400."/>
				<string name="Hull" value="Str_LAMP"/>
				<string name="Name" value="Middle2_LAMP"/>
				<string name="TypHL" value="Hull"/>
				<string name="UnitName" value="Strasbourg"/>
			</object>
			<object name="Str1375">
				<integer name="Country" value="4"/>
				<float name="ER" value="500."/>
				<string name="Hull" value="Str_LEUBelt_Lower"/>
				<string name="Name" value="Middle2_LLowerBelt"/>
				<string name="TypHL" value="Hull"/>
				<string name="UnitName" value="Strasbourg"/>
			</object>
			<object name="Str1376">
				<integer name="Country" value="4"/>
				<float name="ER" value="500."/>
				<string name="Hull" value="Str_REUBelt_Upper"/>
				<string name="Name" value="Middle2_RUpperBelt"/>
				<string name="TypHL" value="Hull"/>
				<string name="UnitName" value="Strasbourg"/>
			</object>
			<object name="Str1377">
				<integer name="Country" value="4"/>
				<float name="ER" value="500."/>
				<string name="Hull" value="Str_REUBelt_Lower"/>
				<string name="Name" value="Middle2_RLowerBelt"/>
				<string name="TypHL" value="Hull"/>
				<string name="UnitName" value="Strasbourg"/>
			</object>
			<object name="Str1378">
				<integer name="Country" value="4"/>
				<float name="ER" value="400."/>
				<string name="Hull" value="Str_RAMP"/>
				<string name="Name" value="Middle2_RAMP"/>
				<string name="TypHL" value="Hull"/>
				<string name="UnitName" value="Strasbourg"/>
			</object>
			<object name="Str1379">
				<integer name="Country" value="4"/>
				<float name="ER" value="400."/>
				<string name="Hull" value="Str_Bottom"/>
				<string name="Name" value="Middle2_LBottom"/>
				<string name="TypHL" value="FuelTank"/>
				<string name="UnitName" value="Strasbourg"/>
			</object>
			<object name="Str1380">
				<integer name="Country" value="4"/>
				<float name="ER" value="400."/>
				<string name="Hull" value="Str_Bottom"/>
				<string name="Name" value="Middle2_RBottom"/>
				<string name="TypHL" value="FuelTank"/>
				<string name="UnitName" value="Strasbourg"/>
			</object>
			<object name="Str1382">
				<integer name="Country" value="4"/>
				<float name="ER" value="400."/>
				<string name="Hull" value="Str_EUUpperDeck"/>
				<string name="Name" value="Middle1_LCLowerDeck"/>
				<string name="TypHL" value="Hull"/>
				<string name="UnitName" value="Strasbourg"/>
			</object>
			<object name="Str1383">
				<integer name="Country" value="4"/>
				<float name="ER" value="400."/>
				<string name="Hull" value="Str_AS_T1"/>
				<string name="Name" value="AmmoStore_LSG"/>
				<string name="TypHL" value="AmmoStore"/>
				<string name="UnitName" value="Strasbourg"/>
			</object>
			<object name="Str1384">
				<integer name="Country" value="4"/>
				<float name="ER" value="400."/>
				<string name="Hull" value="Std_Probe"/>
				<string name="Name" value="Probe_MG_Bow"/>
				<string name="TypHL" value="Probe"/>
				<string name="UnitName" value="Strasbourg"/>
			</object>
			<object name="Str1385">
				<integer name="Country" value="4"/>
				<float name="ER" value="400."/>
				<string name="Hull" value="Str_EUUpperDeck"/>
				<string name="Name" value="Middle1_RCLowerDeck"/>
				<string name="TypHL" value="Hull"/>
				<string name="UnitName" value="Strasbourg"/>
			</object>
			<object name="Str1386">
				<integer name="Country" value="4"/>
				<float name="ER" value="400."/>
				<string name="Hull" value="Str_AS_T1"/>
				<string name="Name" value="AmmoStore_RSG"/>
				<string name="TypHL" value="AmmoStore"/>
				<string name="UnitName" value="Strasbourg"/>
			</object>
			<object name="Str1387">
				<integer name="Country" value="4"/>
				<float name="ER" value="400."/>
				<string name="Hull" value="Std_Probe"/>
				<string name="Name" value="CentralPost"/>
				<string name="TypHL" value="Probe"/>
				<string name="UnitName" value="Strasbourg"/>
			</object>
			<object name="Str1388">
				<integer name="Country" value="4"/>
				<float name="ER" value="400."/>
				<string name="Hull" value="Str_EUUpperDeck"/>
				<string name="Name" value="Middle1_RLowerDeck"/>
				<string name="TypHL" value="Hull"/>
				<string name="UnitName" value="Strasbourg"/>
			</object>
			<object name="Str1389">
				<integer name="Country" value="4"/>
				<float name="ER" value="400."/>
				<string name="Hull" value="Str_EUUpperDeck"/>
				<string name="Name" value="Middle1_LLowerDeck"/>
				<string name="TypHL" value="Hull"/>
				<string name="UnitName" value="Strasbourg"/>
			</object>
			<object name="Str1390">
				<integer name="Country" value="4"/>
				<float name="ER" value="400."/>
				<string name="Hull" value="Str_ArmourDeckEU"/>
				<string name="Name" value="Middle1_RMiddleDeck"/>
				<string name="TypHL" value="Hull"/>
				<string name="UnitName" value="Strasbourg"/>
			</object>
			<object name="Str1391">
				<integer name="Country" value="4"/>
				<float name="ER" value="400."/>
				<string name="Hull" value="Str_ArmourDeckEU"/>
				<string name="Name" value="Middle1_LMiddleDeck"/>
				<string name="TypHL" value="Hull"/>
				<string name="UnitName" value="Strasbourg"/>
			</object>
			<object name="Str1392">
				<integer name="Country" value="4"/>
				<float name="ER" value="400."/>
				<string name="Hull" value="Str_ArmourDeckEU"/>
				<string name="Name" value="Middle1_Middle2Deck"/>
				<string name="TypHL" value="Hull"/>
				<string name="UnitName" value="Strasbourg"/>
			</object>
			<object name="Str1393">
				<integer name="Country" value="4"/>
				<float name="ER" value="400."/>
				<string name="Hull" value="Str_ArmourDeckEU"/>
				<string name="Name" value="Middle1_UpperDeck"/>
				<string name="TypHL" value="Hull"/>
				<string name="UnitName" value="Strasbourg"/>
			</object>
			<object name="Str1394">
				<integer name="Country" value="4"/>
				<float name="ER" value="400."/>
				<string name="Hull" value="Str_ArmourDeckEU"/>
				<string name="Name" value="Middle1_MiddleDeck"/>
				<string name="TypHL" value="Hull"/>
				<string name="UnitName" value="Strasbourg"/>
			</object>
			<object name="Str1395">
				<integer name="Country" value="4"/>
				<float name="ER" value="400."/>
				<string name="Hull" value="Std_Probe"/>
				<string name="Name" value="Radar"/>
				<string name="TypHL" value="Probe"/>
				<string name="UnitName" value="Strasbourg"/>
			</object>
			<object name="Str1396">
				<integer name="Country" value="4"/>
				<float name="ER" value="400."/>
				<string name="Hull" value="Std_Probe"/>
				<string name="Name" value="Radio"/>
				<string name="TypHL" value="Probe"/>
				<string name="UnitName" value="Strasbourg"/>
			</object>
			<object name="Str1397">
				<integer name="Country" value="4"/>
				<float name="ER" value="400."/>
				<string name="Hull" value="Str_Bottom"/>
				<string name="Name" value="Middle1_RBottom"/>
				<string name="TypHL" value="FuelTank"/>
				<string name="UnitName" value="Strasbourg"/>
			</object>
			<object name="Str1398">
				<integer name="Country" value="4"/>
				<float name="ER" value="400."/>
				<string name="Hull" value="Str_Bottom"/>
				<string name="Name" value="Middle1_LBottom"/>
				<string name="TypHL" value="FuelTank"/>
				<string name="UnitName" value="Strasbourg"/>
			</object>
			<object name="Str1399">
				<integer name="Country" value="4"/>
				<float name="ER" value="400."/>
				<string name="Hull" value="Str_RAMP"/>
				<string name="Name" value="Middle1_RAMP"/>
				<string name="TypHL" value="Hull"/>
				<string name="UnitName" value="Strasbourg"/>
			</object>
			<object name="Str1400">
				<integer name="Country" value="4"/>
				<float name="ER" value="400."/>
				<string name="Hull" value="Str_LAMP"/>
				<string name="Name" value="Middle1_LAMP"/>
				<string name="TypHL" value="Hull"/>
				<string name="UnitName" value="Strasbourg"/>
			</object>
			<object name="Str1401">
				<integer name="Country" value="4"/>
				<float name="ER" value="500."/>
				<string name="Hull" value="Str_LEUBelt_Upper"/>
				<string name="Name" value="Middle1_LUpperBelt"/>
				<string name="TypHL" value="Hull"/>
				<string name="UnitName" value="Strasbourg"/>
			</object>
			<object name="Str1402">
				<integer name="Country" value="4"/>
				<float name="ER" value="500."/>
				<string name="Hull" value="Str_LEUBelt_Lower"/>
				<string name="Name" value="Middle1_LLowerBelt"/>
				<string name="TypHL" value="Hull"/>
				<string name="UnitName" value="Strasbourg"/>
			</object>
			<object name="Str1403">
				<integer name="Country" value="4"/>
				<float name="ER" value="500."/>
				<string name="Hull" value="Str_REUBelt_Upper"/>
				<string name="Name" value="Middle1_RUpperBelt"/>
				<string name="TypHL" value="Hull"/>
				<string name="UnitName" value="Strasbourg"/>
			</object>
			<object name="Str1404">
				<integer name="Country" value="4"/>
				<float name="ER" value="500."/>
				<string name="Hull" value="Str_REUBelt_Lower"/>
				<string name="Name" value="Middle1_RLowerBelt"/>
				<string name="TypHL" value="Hull"/>
				<string name="UnitName" value="Strasbourg"/>
			</object>
			<object name="Str1405">
				<integer name="Country" value="4"/>
				<float name="ER" value="400."/>
				<string name="Hull" value="Str_Bottom"/>
				<string name="Name" value="Bow2_RBottom"/>
				<string name="TypHL" value="Hull"/>
				<string name="UnitName" value="Strasbourg"/>
			</object>
			<object name="Str1406">
				<integer name="Country" value="4"/>
				<float name="ER" value="400."/>
				<string name="Hull" value="Str_Bottom"/>
				<string name="Name" value="Bow2_LBottom"/>
				<string name="TypHL" value="Hull"/>
				<string name="UnitName" value="Strasbourg"/>
			</object>
			<object name="Str1407">
				<integer name="Country" value="4"/>
				<float name="ER" value="400."/>
				<string name="Hull" value="Str_ArmourDeckEU"/>
				<string name="Name" value="Bow1_MiddleDeck"/>
				<string name="TypHL" value="Hull"/>
				<string name="UnitName" value="Strasbourg"/>
			</object>
			<object name="Str1408">
				<integer name="Country" value="4"/>
				<float name="ER" value="500."/>
				<string name="Hull" value="Str_LASBelt_Lower"/>
				<string name="Name" value="Stern1_LLowerBelt"/>
				<string name="TypHL" value="Hull"/>
				<string name="UnitName" value="Strasbourg"/>
			</object>
			<object name="Str1409">
				<integer name="Country" value="4"/>
				<float name="ER" value="400."/>
				<string name="Hull" value="Str_RAMP"/>
				<string name="Name" value="Bow2_RAMP"/>
				<string name="TypHL" value="Hull"/>
				<string name="UnitName" value="Strasbourg"/>
			</object>
			<object name="Str1410">
				<integer name="Country" value="4"/>
				<float name="ER" value="500."/>
				<string name="Hull" value="Str_LBelt_Sides"/>
				<string name="Name" value="Bow2_LBelt"/>
				<string name="TypHL" value="Hull"/>
				<string name="UnitName" value="Strasbourg"/>
			</object>
			<object name="Str1411">
				<integer name="Country" value="4"/>
				<float name="ER" value="400."/>
				<string name="Hull" value="Str_LAMP"/>
				<string name="Name" value="Bow2_LAMP"/>
				<string name="TypHL" value="Hull"/>
				<string name="UnitName" value="Strasbourg"/>
			</object>
			<object name="Str1412">
				<integer name="Country" value="4"/>
				<float name="ER" value="500."/>
				<string name="Hull" value="Str_RBelt_Sides"/>
				<string name="Name" value="Bow2_RBelt"/>
				<string name="TypHL" value="Hull"/>
				<string name="UnitName" value="Strasbourg"/>
			</object>
			<object name="Str1413">
				<integer name="Country" value="4"/>
				<float name="ER" value="500."/>
				<string name="Hull" value="Str_LBelt_Sides"/>
				<string name="Name" value="Stern2_LBelt"/>
				<string name="TypHL" value="Hull"/>
				<string name="UnitName" value="Strasbourg"/>
			</object>
			<object name="Str1414">
				<integer name="Country" value="4"/>
				<float name="ER" value="500."/>
				<string name="Hull" value="Str_RBelt_Sides"/>
				<string name="Name" value="Stern2_RBelt"/>
				<string name="TypHL" value="Hull"/>
				<string name="UnitName" value="Strasbourg"/>
			</object>
			<object name="Str1415">
				<integer name="Country" value="4"/>
				<float name="ER" value="400."/>
				<string name="Hull" value="Str_ArmourDeckEU"/>
				<string name="Name" value="Bow2_RUpperDeck"/>
				<string name="TypHL" value="Hull"/>
				<string name="UnitName" value="Strasbourg"/>
			</object>
			<object name="Str1416">
				<integer name="Country" value="4"/>
				<float name="ER" value="400."/>
				<string name="Hull" value="Str_ArmourDeckEU"/>
				<string name="Name" value="Bow2_LUpperDeck"/>
				<string name="TypHL" value="Hull"/>
				<string name="UnitName" value="Strasbourg"/>
			</object>
			<object name="Str1417">
				<integer name="Country" value="4"/>
				<float name="ER" value="400."/>
				<string name="Hull" value="Str_ArmourDeckEU"/>
				<string name="Name" value="Bow2_LMiddleDeck"/>
				<string name="TypHL" value="Hull"/>
				<string name="UnitName" value="Strasbourg"/>
			</object>
			<object name="Str1418">
				<integer name="Country" value="4"/>
				<float name="ER" value="400."/>
				<string name="Hull" value="Str_ArmourDeckEU"/>
				<string name="Name" value="Bow2_RMiddleDeck"/>
				<string name="TypHL" value="Hull"/>
				<string name="UnitName" value="Strasbourg"/>
			</object>
			<object name="Str1419">
				<integer name="Country" value="4"/>
				<float name="ER" value="400."/>
				<string name="Hull" value="Str_ArmourDeckEU"/>
				<string name="Name" value="Bow1_UpperDeck"/>
				<string name="TypHL" value="Hull"/>
				<string name="UnitName" value="Strasbourg"/>
			</object>
			<object name="Str1420">
				<integer name="Country" value="4"/>
				<float name="ER" value="400."/>
				<string name="Hull" value="Str_ArmourDeckEU"/>
				<string name="Name" value="Stern2_LMiddleDeck"/>
				<string name="TypHL" value="Hull"/>
				<string name="UnitName" value="Strasbourg"/>
			</object>
			<object name="Str1421">
				<integer name="Country" value="4"/>
				<float name="ER" value="400."/>
				<string name="Hull" value="Str_ArmourDeckEU"/>
				<string name="Name" value="Stern2_RMiddleDeck"/>
				<string name="TypHL" value="Hull"/>
				<string name="UnitName" value="Strasbourg"/>
			</object>
			<object name="Str1422">
				<integer name="Country" value="4"/>
				<float name="ER" value="400."/>
				<string name="Hull" value="Str_EUUpperDeck"/>
				<string name="Name" value="Bow2_lowerDeck"/>
				<string name="TypHL" value="Hull"/>
				<string name="UnitName" value="Strasbourg"/>
			</object>
			<object name="Str1423">
				<integer name="Country" value="4"/>
				<float name="ER" value="400."/>
				<string name="Hull" value="Str_EUUpperDeck"/>
				<string name="Name" value="Stern2_LowerDeck"/>
				<string name="TypHL" value="Hull"/>
				<string name="UnitName" value="Strasbourg"/>
			</object>
			<object name="Str9239">
				<integer name="Country" value="4"/>
				<integer name="Crew" value="300"/>
				<float name="ER" value="400."/>
				<string name="Hull" value="Str_Hull"/>
				<string name="Name" value="SternStuperstructure2"/>
				<string name="TypHL" value="Crew"/>
				<string name="UnitName" value="Strasbourg"/>
			</object>
			<object name="Str9240">
				<integer name="Country" value="4"/>
				<integer name="Crew" value="300"/>
				<float name="ER" value="400."/>
				<string name="Hull" value="Str_Hull"/>
				<string name="Name" value="SternStuperstructure1"/>
				<string name="TypHL" value="Crew"/>
				<string name="UnitName" value="Strasbourg"/>
			</object>
			<object name="Str9241">
				<integer name="Country" value="4"/>
				<float name="ER" value="400."/>
				<string name="Hull" value="Str_SmokeStack"/>
				<string name="Name" value="SternSmokeStack"/>
				<string name="TypHL" value="Hull"/>
				<string name="UnitName" value="Strasbourg"/>
			</object>
			<object name="Str9242">
				<integer name="Country" value="4"/>
				<float name="ER" value="400."/>
				<string name="Hull" value="Str_SmokeStack"/>
				<string name="Name" value="BowSmokeStack"/>
				<string name="TypHL" value="Hull"/>
				<string name="UnitName" value="Strasbourg"/>
			</object>
			<object name="Str9243">
				<integer name="Country" value="4"/>
				<float name="ER" value="400."/>
				<string name="Hull" value="Str_Hull"/>
				<string name="Name" value="MiddleUSuperstructure"/>
				<string name="TypHL" value="Hull"/>
				<string name="UnitName" value="Strasbourg"/>
			</object>
			<object name="Str9244">
				<integer name="Country" value="4"/>
				<float name="ER" value="400."/>
				<string name="Hull" value="Str_Hull"/>
				<string name="Name" value="MiddleLSuperstructure"/>
				<string name="TypHL" value="Hull"/>
				<string name="UnitName" value="Strasbourg"/>
			</object>
			<object name="Str9245">
				<integer name="Country" value="4"/>
				<integer name="Crew" value="300"/>
				<float name="ER" value="400."/>
				<string name="Hull" value="Str_Hull"/>
				<string name="Name" value="BowUSuperstructure"/>
				<string name="TypHL" value="Crew"/>
				<string name="UnitName" value="Strasbourg"/>
			</object>
			<object name="Str9246">
				<integer name="Country" value="4"/>
				<integer name="Crew" value="300"/>
				<float name="ER" value="400."/>
				<string name="Hull" value="Str_Hull"/>
				<string name="Name" value="BowMSuperstructure"/>
				<string name="TypHL" value="Crew"/>
				<string name="UnitName" value="Strasbourg"/>
			</object>
			<object name="Str9247">
				<integer name="Country" value="4"/>
				<integer name="Crew" value="300"/>
				<float name="ER" value="400."/>
				<string name="Hull" value="Str_Hull"/>
				<string name="Name" value="BowLSuperstructure"/>
				<string name="TypHL" value="Crew"/>
				<string name="UnitName" value="Strasbourg"/>
			</object>
			<object name="Str9340">
				<integer name="Country" value="4"/>
				<integer name="Crew" value="300"/>
				<float name="ER" value="400."/>
				<string name="Hull" value="Str_Hull"/>
				<string name="Name" value="SternSuperstructure1"/>
				<string name="TypHL" value="Crew"/>
				<string name="UnitName" value="Strasbourg"/>
			</object>
			<object name="Str9341">
				<integer name="Country" value="4"/>
				<float name="ER" value="400."/>
				<string name="Hull" value="Str_Bottom"/>
				<string name="Name" value="Bow1_LBottom"/>
				<string name="TypHL" value="Hull"/>
				<string name="UnitName" value="Strasbourg"/>
			</object>
			<object name="Str9342">
				<integer name="Country" value="4"/>
				<float name="ER" value="400."/>
				<string name="Hull" value="Str_Bottom"/>
				<string name="Name" value="Bow1_RBottom"/>
				<string name="TypHL" value="Hull"/>
				<string name="UnitName" value="Strasbourg"/>
			</object>
		</object>
		<object name = "Hulls">
			<object name="Str_ArmourDeckAS">
				<integer name="Back" value="50"/>
				<integer name="Bottom" value="40"/>
				<integer name="Country" value="4"/>
				<float name="ExplProb" value="0."/>
				<float name="FireProb" value="10."/>
				<integer name="Front" value="50"/>
				<integer name="Left" value="50"/>
				<string name="Material" value="Armored"/>
				<integer name="Right" value="50"/>
				<integer name="Top" value="137"/>
				<integer name="UnitName" value="0"/>
				<string name="UnitTyp" value="Ship"/>
			</object>
			<object name="Str_ArmourDeckEU">
				<integer name="Back" value="50"/>
				<integer name="Bottom" value="50"/>
				<integer name="Country" value="4"/>
				<float name="ExplProb" value="0."/>
				<float name="FireProb" value="20."/>
				<integer name="Front" value="50"/>
				<integer name="Left" value="50"/>
				<string name="Material" value="Armored"/>
				<integer name="Right" value="50"/>
				<integer name="Top" value="137"/>
				<integer name="UnitName" value="0"/>
				<string name="UnitTyp" value="Ship"/>
			</object>
			<object name="Str_Barbet">
				<integer name="Back" value="330"/>
				<integer name="Country" value="4"/>
				<float name="ExplProb" value="5."/>
				<float name="FireProb" value="25."/>
				<integer name="Front" value="330"/>
				<integer name="Left" value="330"/>
				<string name="Material" value="Armored"/>
				<integer name="Right" value="330"/>
				<integer name="Top" value="0"/>
				<integer name="UnitName" value="0"/>
				<string name="UnitTyp" value="Ship"/>
			</object>
			<object name="Str_BattleCabine">
				<integer name="Back" value="269"/>
				<integer name="Bottom" value="269"/>
				<integer name="Country" value="4"/>
				<float name="ExplProb" value="0."/>
				<float name="FireProb" value="0."/>
				<integer name="Front" value="269"/>
				<integer name="Left" value="269"/>
				<string name="Material" value="Armored"/>
				<integer name="Right" value="269"/>
				<integer name="Top" value="200"/>
				<integer name="UnitName" value="0"/>
				<string name="UnitTyp" value="Ship"/>
			</object>
			<object name="Str_EUUpperDeck">
				<integer name="Back" value="50"/>
				<integer name="Bottom" value="50"/>
				<integer name="Country" value="4"/>
				<float name="ExplProb" value="0."/>
				<float name="FireProb" value="10."/>
				<integer name="Front" value="50"/>
				<integer name="Left" value="50"/>
				<string name="Material" value="Armored"/>
				<integer name="Right" value="50"/>
				<integer name="Top" value="127"/>
				<integer name="UnitName" value="0"/>
				<string name="UnitTyp" value="Ship"/>
			</object>
			<object name="Str_LASBelt_Lower">
				<integer name="Back" value="50"/>
				<integer name="Bottom" value="50"/>
				<integer name="Country" value="4"/>
				<float name="ExplProb" value="0."/>
				<float name="FireProb" value="0."/>
				<integer name="Front" value="50"/>
				<integer name="Left" value="146"/>
				<string name="Material" value="Armored"/>
				<integer name="Right" value="25"/>
				<integer name="Top" value="50"/>
				<integer name="UnitName" value="0"/>
				<string name="UnitTyp" value="Ship"/>
			</object>
			<object name="Str_LASBelt_Upper">
				<integer name="Back" value="50"/>
				<integer name="Bottom" value="50"/>
				<integer name="Country" value="4"/>
				<float name="ExplProb" value="0."/>
				<float name="FireProb" value="0."/>
				<integer name="Front" value="50"/>
				<integer name="Left" value="200"/>
				<string name="Material" value="Armored"/>
				<integer name="Right" value="25"/>
				<integer name="Top" value="50"/>
				<integer name="UnitName" value="0"/>
				<string name="UnitTyp" value="Ship"/>
			</object>
			<object name="Str_LBelt_Sides">
				<integer name="Back" value="100"/>
				<integer name="Bottom" value="5"/>
				<integer name="Country" value="4"/>
				<float name="ExplProb" value="0."/>
				<float name="FireProb" value="0."/>
				<integer name="Front" value="100"/>
				<integer name="Left" value="248"/>
				<string name="Material" value="Armored"/>
				<integer name="Right" value="25"/>
				<integer name="Top" value="100"/>
				<integer name="UnitName" value="0"/>
				<string name="UnitTyp" value="Ship"/>
			</object>
			<object name="Str_LEUBelt_Lower">
				<integer name="Back" value="50"/>
				<integer name="Bottom" value="50"/>
				<integer name="Country" value="4"/>
				<float name="ExplProb" value="0."/>
				<float name="FireProb" value="0."/>
				<integer name="Front" value="50"/>
				<integer name="Left" value="146"/>
				<string name="Material" value="Armored"/>
				<integer name="Right" value="25"/>
				<integer name="Top" value="50"/>
				<integer name="UnitName" value="0"/>
				<string name="UnitTyp" value="Ship"/>
			</object>
			<object name="Str_LEUBelt_Upper">
				<integer name="Back" value="50"/>
				<integer name="Bottom" value="50"/>
				<integer name="Country" value="4"/>
				<float name="ExplProb" value="0."/>
				<float name="FireProb" value="0."/>
				<integer name="Front" value="50"/>
				<integer name="Left" value="200"/>
				<string name="Material" value="Armored"/>
				<integer name="Right" value="25"/>
				<integer name="Top" value="100"/>
				<integer name="UnitName" value="0"/>
				<string name="UnitTyp" value="Ship"/>
			</object>
			<object name="Str_RASBelt_Lower">
				<integer name="Back" value="50"/>
				<integer name="Bottom" value="50"/>
				<integer name="Country" value="4"/>
				<float name="ExplProb" value="0."/>
				<float name="FireProb" value="0."/>
				<integer name="Front" value="50"/>
				<integer name="Left" value="25"/>
				<string name="Material" value="Armored"/>
				<integer name="Right" value="146"/>
				<integer name="Top" value="50"/>
				<integer name="UnitName" value="0"/>
				<string name="UnitTyp" value="Ship"/>
			</object>
			<object name="Str_RASBelt_Upper">
				<integer name="Back" value="50"/>
				<integer name="Bottom" value="50"/>
				<integer name="Country" value="4"/>
				<float name="ExplProb" value="0."/>
				<float name="FireProb" value="0."/>
				<integer name="Front" value="50"/>
				<integer name="Left" value="25"/>
				<string name="Material" value="Armored"/>
				<integer name="Right" value="146"/>
				<integer name="Top" value="100"/>
				<integer name="UnitName" value="0"/>
				<string name="UnitTyp" value="Ship"/>
			</object>
			<object name="Str_RBelt_Sides">
				<integer name="Back" value="50"/>
				<integer name="Bottom" value="50"/>
				<integer name="Country" value="4"/>
				<float name="ExplProb" value="0."/>
				<float name="FireProb" value="0."/>
				<integer name="Front" value="50"/>
				<integer name="Left" value="25"/>
				<string name="Material" value="Armored"/>
				<integer name="Right" value="200"/>
				<integer name="Top" value="100"/>
				<integer name="UnitName" value="0"/>
				<string name="UnitTyp" value="Ship"/>
			</object>
			<object name="Str_REUBelt_Lower">
				<integer name="Back" value="50"/>
				<integer name="Bottom" value="50"/>
				<integer name="Country" value="4"/>
				<float name="ExplProb" value="0."/>
				<float name="FireProb" value="0."/>
				<integer name="Front" value="50"/>
				<integer name="Left" value="25"/>
				<string name="Material" value="Armored"/>
				<integer name="Right" value="146"/>
				<integer name="Top" value="50"/>
				<integer name="UnitName" value="0"/>
				<string name="UnitTyp" value="Ship"/>
			</object>
			<object name="Str_REUBelt_Upper">
				<integer name="Back" value="50"/>
				<integer name="Bottom" value="50"/>
				<integer name="Country" value="4"/>
				<float name="ExplProb" value="0."/>
				<float name="FireProb" value="0."/>
				<integer name="Front" value="50"/>
				<integer name="Left" value="25"/>
				<string name="Material" value="Armored"/>
				<integer name="Right" value="200"/>
				<integer name="Top" value="100"/>
				<integer name="UnitName" value="0"/>
				<string name="UnitTyp" value="Ship"/>
			</object>
			<object name="Str_Tiller">
				<integer name="Back" value="152"/>
				<integer name="Bottom" value="150"/>
				<integer name="Country" value="4"/>
				<float name="ExplProb" value="0."/>
				<float name="FireProb" value="0."/>
				<integer name="Front" value="50"/>
				<integer name="Left" value="50"/>
				<string name="Material" value="Armored"/>
				<integer name="Right" value="50"/>
				<integer name="Top" value="150"/>
				<integer name="UnitName" value="0"/>
				<string name="UnitTyp" value="Ship"/>
			</object> 
			<object name="Str_Hull">
				<integer name="Back" value="50"/>
				<integer name="Bottom" value="50"/>
				<integer name="Country" value="4"/>
				<float name="ExplProb" value="0."/>
				<float name="FireProb" value="10."/>
				<integer name="Front" value="50"/>
				<integer name="Left" value="50"/>
				<string name="Material" value="Steel"/>
				<integer name="Right" value="50"/>
				<integer name="Top" value="50"/>
				<integer name="UnitName" value="0"/>
				<string name="UnitTyp" value="Any"/>
			</object>  
			<object name="Str_UpperHull">
				<integer name="Back" value="5"/>
				<integer name="Bottom" value="5"/>
				<integer name="Country" value="4"/>
				<float name="ExplProb" value="0."/>
				<float name="FireProb" value="10."/>
				<integer name="Front" value="5"/>
				<integer name="Left" value="5"/>
				<string name="Material" value="Armored"/>
				<integer name="Right" value="5"/>
				<integer name="Top" value="5"/>
				<integer name="UnitName" value="0"/>
				<string name="UnitTyp" value="Any"/>
			</object> 
			<object name="Str_RAMP">
				<integer name="Back" value="50"/>
				<integer name="Bottom" value="50"/>
				<integer name="Country" value="4"/>
				<float name="ExplProb" value="0."/>
				<float name="FireProb" value="0."/>
				<integer name="Front" value="50"/>
				<integer name="Left" value="50"/>
				<string name="Material" value="Steel"/>
				<integer name="Right" value="50"/>
				<integer name="Top" value="50"/>
				<integer name="UnitName" value="0"/>
				<string name="UnitTyp" value="Any"/>
			</object> 
			<object name="Str_AS_T2">
				<integer name="Back" value="50"/>
				<integer name="Bottom" value="50"/>
				<integer name="Country" value="4"/>
				<float name="ExplProb" value="20."/>
				<float name="FireProb" value="10."/>
				<integer name="Front" value="50"/>
				<integer name="Left" value="50"/>
				<string name="Material" value="Steel"/>
				<integer name="Right" value="50"/>
				<integer name="Top" value="50"/>
				<integer name="UnitName" value="0"/>
				<string name="UnitTyp" value="Any"/>
			</object>
			<object name="Str_AS_T1">
				<integer name="Back" value="50"/>
				<integer name="Bottom" value="50"/>	
				<integer name="Country" value="4"/>
				<float name="ExplProb" value="30."/>
				<float name="FireProb" value="0."/>
				<integer name="Front" value="50"/>
				<integer name="Left" value="50"/>
				<string name="Material" value="Steel"/>
				<integer name="Right" value="50"/>
				<integer name="Top" value="50"/> 
				<integer name="UnitName" value="0"/>
				<string name="UnitTyp" value="Any"/>
			</object>	  
			<object name="Str_LAMP">
				<integer name="Back" value="50"/>
				<integer name="Bottom" value="50"/>
				<integer name="Country" value="4"/>
				<float name="ExplProb" value="0."/>
				<float name="FireProb" value="0."/>
				<integer name="Front" value="50"/>
				<integer name="Left" value="55"/>
				<string name="Material" value="Steel"/>
				<integer name="Right" value="50"/>
				<integer name="Top" value="50"/>
				<integer name="UnitName" value="0"/>
				<string name="UnitTyp" value="Any"/>
			</object>  
			<object name="Str_Lboard">
				<integer name="Back" value="5"/>
				<integer name="Bottom" value="5"/>
				<integer name="Country" value="4"/>
				<float name="ExplProb" value="0."/>
				<float name="FireProb" value="10."/>
				<integer name="Front" value="5"/>
				<integer name="Left" value="10"/>
				<string name="Material" value="Steel"/>
				<integer name="Right" value="5"/>
				<integer name="Top" value="5"/>
				<integer name="UnitName" value="0"/>
				<string name="UnitTyp" value="Any"/>
			</object>
			<object name="Str_Rboard">
				<integer name="Back" value="5"/>
				<integer name="Bottom" value="5"/>
				<integer name="Country" value="4"/>
				<float name="ExplProb" value="0."/>
				<float name="FireProb" value="10."/>
				<integer name="Front" value="5"/>
				<integer name="Left" value="5"/>
				<string name="Material" value="Steel"/>
				<integer name="Right" value="10"/>
				<integer name="Top" value="5"/>
				<integer name="UnitName" value="0"/>
				<string name="UnitTyp" value="Any"/>
			</object>	
			<object name="Str_Bottom">
				<integer name="Back" value="25"/>
				<integer name="Bottom" value="25"/>
				<integer name="Country" value="4"/>
				<float name="ExplProb" value="0."/>
				<float name="FireProb" value="0."/>
				<integer name="Front" value="25"/>
				<integer name="Left" value="25"/>
				<string name="Material" value="Steel"/>
				<integer name="Right" value="25"/>
				<integer name="Top" value="25"/>
				<integer name="UnitName" value="0"/>
				<string name="UnitTyp" value="Any"/>
			</object>
			<object name="Str_SmokeStack">
				<integer name="Back" value="20"/>
				<integer name="Bottom" value="20"/>
				<integer name="Country" value="4"/>
				<float name="ExplProb" value="0."/>
				<float name="FireProb" value="0."/>
				<integer name="Front" value="20"/>
				<integer name="Left" value="20"/>
				<string name="Material" value="Steel"/>
				<integer name="Right" value="20"/>
				<integer name="Top" value="20"/>
				<integer name="UnitName" value="0"/>
				<string name="UnitTyp" value="Any"/>
			</object>
		</object>			
		<object name="ShipsNames">
			<object name="Strasbourg">
				<string name="1" value="Strasbourg1"/>
				<string name="2" value="Strasbourg2"/>	
				<string name="3" value="Strasbourg3"/>
				<string name="4" value="Strasbourg4"/>
				<string name="5" value="Strasbourg5"/>
			</object>
		</object>
		<object name="UnitsByType">
			<object name="1">
				<object name="Strasbourg">
					<string name="ChildTable" value="Ships"/>
				</object>
			</object>
		</object>
	</object>
</root>
