<?xml version = "1.0" encoding = "UTF-8"?>
<root>
  <object name = "CockpitsIcons">
	<object name = "Zuiho">
		<object name = "1">
			<float name = "X" value = "22"/>
			<float name = "Y" value = "81"/>
		</object>
		<object name = "2">
			<float name = "X" value = "166"/>
			<float name = "Y" value = "91"/>
		</object>
		<object name = "3">
			<float name = "X" value = "220"/>
			<float name = "Y" value = "67"/>
		</object>
		<object name = "7">
			<float name = "X" value = "22"/>
			<float name = "Y" value = "26"/>
		</object>
		<object name = "8">
			<float name = "X" value = "166"/>
			<float name = "Y" value = "16"/>
		</object>
		<object name = "9">
			<float name = "X" value = "220"/>
			<float name = "Y" value = "40"/>
		</object>
	</object>
  </object>
</root>

