﻿<?xml version = "1.0" encoding = "UTF-8"?>
<root>
	<object name = "SteelMonstersParams">
		<object name="Ships">
			<object name="Barbiano">
				<float name="AccelRate" value="3.e-004"/>
				<string name="Airgroup" value="Scout_ShipWater_Battleship_Battalion_germany"/>
				<integer name="AirplanesCount" value="1"/>
				<string name="AmmoLoadingTemplate" value="Ammo 300"/>
				<boolean name="BoatsTransportationAbility" value="false"/>
				<integer name="CabinArmor" value="127"/>
				<boolean name="CanBeChanged" value="true"/>
				<boolean name="CanUseTorpedos" value="true"/>
				<string name="CatapultAirgroupDefaultUnit" value="Ar196"/>
				<integer name="Country" value="5"/>
				<integer name="Crew" value="544"/>
				<float name="CriticalCareen" value="37."/>
				<float name="CriticalDFT" value="2.2"/>
				<float name="CriticalDifferent" value="2.5"/>
				<float name="DTimeProd" value="70."/>
				<float name="DisplacementMax" value="6954."/>
				<float name="EPR" value="315."/>
				<float name="FireRisk" value="267."/>
				<float name="Fuel" value="1850."/>
				<integer name="HullArmorSide" value="127"/>
				<integer name="HullArmorTop" value="52"/>
				<float name="HLShapeCoef" value="0.7"/>
				<float name="Iron" value="10000."/>
				<integer name="Length" value="187.05"/>
				<float name="MaxSpeed" value="37."/>
				<integer name="MinCrew" value="430"/>
				<float name="Money" value="10000."/>
				<float name="NTimeProd" value="175."/>
				<string name="Name" value="Barbiano"/>
				<boolean name="New" value="true"/>
				<integer name="Nuc_Dest_Prob" value="500"/>
				<integer name="Passengers" value="40"/>
				<boolean name="PlanesTransportationAbility" value="false"/>
				<float name="Range" value="7000."/>
				<integer name="Rank" value="4"/>
				<string name="SMU" value="Barbiano"/>
				<float name="Speed" value="18."/>
				<float name="StoreCapacity" value="740."/>
				<boolean name="Transportable" value="false"/>
				<float name="TurnRate" value="1.5e-003"/>
				<integer name="Type" value="3"/>
				<float name="Vitality" value="4500."/>
				<float name="VitalityAA" value="900."/>
				<float name="Weight" value="9400."/>
				<integer name="Width" value="18.9"/>
				<integer name="Year" value="39"/>
			</object>
		</object>
		<object name="Engins">
			<object name="MPP_Barbiano">
				<float name="Consumption" value="6.1e-004"/>
				<integer name="Country" value="5"/>
				<float name="Money" value="10000."/>
				<integer name="Power_Max" value="95000"/>
				<integer name="RPM_Max" value="0"/>
				<integer name="Type" value="8"/>
				<integer name="Unreliability" value="10"/>
				<string name="Usage" value="Ships"/>
				<float name="Weight" value="1300."/>
			</object>
		</object>
		<object name="Hit_Location">
			<object name="Bar5095">
				<integer name="Country" value="5"/>
				<integer name="Crew" value="280"/>
				<float name="ER" value="150."/>
				<string name="Hull" value="Std_UpperHull"/>
				<string name="Name" value="Bow_USuperstructure"/>
				<string name="TypHL" value="Crew"/>
				<string name="UnitName" value="Barbiano"/>
			</object>
			<object name="Bar5096">
				<integer name="Country" value="5"/>
				<float name="ER" value="150."/>
				<string name="Hull" value="Std_Hull"/>
				<string name="Name" value="Bow_SmokeStack"/>
				<string name="TypHL" value="Hull"/>
				<string name="UnitName" value="Barbiano"/>
			</object>
			<object name="Bar5097">
				<integer name="Country" value="5"/>
				<float name="ER" value="150."/>
				<string name="Hull" value="Std_Hull"/>
				<string name="Name" value="Stern_SmokeStack"/>
				<string name="TypHL" value="Hull"/>
				<string name="UnitName" value="Barbiano"/>
			</object>
			<object name="Bar5098">
				<integer name="Country" value="5"/>
				<integer name="Crew" value="280"/>
				<float name="ER" value="150."/>
				<string name="Hull" value="Std_UpperHull"/>
				<string name="Name" value="Stern_LSuperstructure"/>
				<string name="TypHL" value="Crew"/>
				<string name="UnitName" value="Barbiano"/>
			</object>
			<object name="Bar5099">
				<integer name="Country" value="5"/>
				<float name="ER" value="150."/>
				<string name="Hull" value="Std_Hull"/>
				<string name="Name" value="Barbet3"/>
				<string name="TypHL" value="Hull"/>
				<string name="UnitName" value="Barbiano"/>
			</object>
			<object name="Bar5100">
				<integer name="Country" value="5"/>
				<float name="ER" value="150."/>
				<string name="Hull" value="Std_Bottom"/>
				<string name="Name" value="Bow2_Bottom"/>
				<string name="TypHL" value="Hull"/>
				<string name="UnitName" value="Barbiano"/>
			</object>
			<object name="Bar5101">
				<integer name="Country" value="5"/>
				<float name="ER" value="150."/>
				<string name="Hull" value="Barbiano_ADeck"/>
				<string name="Name" value="Bow2_LowerDeck"/>
				<string name="TypHL" value="Hull"/>
				<string name="UnitName" value="Barbiano"/>
			</object>
			<object name="Bar5102">
				<integer name="Country" value="5"/>
				<float name="ER" value="150."/>
				<string name="Hull" value="Std_AS_T2"/>
				<string name="Name" value="AmmoStore1"/>
				<string name="TypHL" value="AmmoStore"/>
				<string name="UnitName" value="Barbiano"/>
			</object>
			<object name="Bar5103">
				<integer name="Country" value="5"/>
				<float name="ER" value="150."/>
				<string name="Hull" value="Std_AS_T2"/>
				<string name="Name" value="AmmoStore2"/>
				<string name="TypHL" value="AmmoStore"/>
				<string name="UnitName" value="Barbiano"/>
			</object>
			<object name="Bar5104">
				<integer name="Country" value="5"/>
				<float name="ER" value="150."/>
				<string name="Hull" value="Std_UpperHull"/>
				<string name="Name" value="Bow2_UpperDeck"/>
				<string name="TypHL" value="Hull"/>
				<string name="UnitName" value="Barbiano"/>
			</object>
			<object name="Bar5105">
				<integer name="Country" value="5"/>
				<float name="ER" value="150."/>
				<string name="Hull" value="Std_Rboard"/>
				<string name="Name" value="Bow2_RBoard"/>
				<string name="TypHL" value="Hull"/>
				<string name="UnitName" value="Barbiano"/>
			</object>
			<object name="Bar5106">
				<integer name="Country" value="5"/>
				<float name="ER" value="150."/>
				<string name="Hull" value="Std_Lboard"/>
				<string name="Name" value="Bow2_LBoard"/>
				<string name="TypHL" value="Hull"/>
				<string name="UnitName" value="Barbiano"/>
			</object>
			<object name="Bar5107">
				<integer name="Country" value="5"/>
				<float name="ER" value="150."/>
				<string name="Hull" value="Std_LAMP"/>
				<string name="Name" value="Bow2_LAMP"/>
				<string name="TypHL" value="Hull"/>
				<string name="UnitName" value="Barbiano"/>
			</object>
			<object name="Bar5108">
				<integer name="Country" value="5"/>
				<float name="ER" value="150."/>
				<string name="Hull" value="Std_RAMP"/>
				<string name="Name" value="Bow2_RAMP"/>
				<string name="TypHL" value="Hull"/>
				<string name="UnitName" value="Barbiano"/>
			</object>
			<object name="Bar5109">
				<integer name="Country" value="5"/>
				<float name="ER" value="150."/>
				<string name="Hull" value="Barbiano_LBelt"/>
				<string name="Name" value="Bow2_LBelt"/>
				<string name="TypHL" value="Hull"/>
				<string name="UnitName" value="Barbiano"/>
			</object>
			<object name="Bar5110">
				<integer name="Country" value="5"/>
				<float name="ER" value="150."/>
				<string name="Hull" value="Barbiano_RBelt"/>
				<string name="Name" value="Bow2_RBelt"/>
				<string name="TypHL" value="Hull"/>
				<string name="UnitName" value="Barbiano"/>
			</object>
			<object name="Bar5111">
				<integer name="Country" value="5"/>
				<float name="ER" value="150."/>
				<string name="Hull" value="Std_Bottom"/>
				<string name="Name" value="Middle1_Bottom"/>
				<string name="TypHL" value="FuelTank"/>
				<string name="UnitName" value="Barbiano"/>
			</object>
			<object name="Bar5112">
				<integer name="Country" value="5"/>
				<float name="ER" value="150."/>
				<string name="Hull" value="Std_Bottom"/>
				<string name="Name" value="Middle1_Bottom"/>
				<string name="TypHL" value="FuelTank"/>
				<string name="UnitName" value="Barbiano"/>
			</object>
			<object name="Bar5113">
				<integer name="Country" value="5"/>
				<float name="ER" value="150."/>
				<string name="Hull" value="Barbiano_ADeck"/>
				<string name="Name" value="Middle1_LowerDeck"/>
				<string name="TypHL" value="Hull"/>
				<string name="UnitName" value="Barbiano"/>
			</object>
			<object name="Bar5114">
				<integer name="Country" value="5"/>
				<float name="ER" value="150."/>
				<string name="Hull" value="Std_AS_T2"/>
				<string name="Name" value="AmmoStoreSG"/>
				<string name="TypHL" value="AmmoStore"/>
				<string name="UnitName" value="Barbiano"/>
			</object>
			<object name="Bar5115">
				<integer name="Country" value="5"/>
				<float name="ER" value="150."/>
				<string name="Hull" value="Std_UpperHull"/>
				<string name="Name" value="Middle1_UpperDeck"/>
				<string name="TypHL" value="Hull"/>
				<string name="UnitName" value="Barbiano"/>
			</object>
			<object name="Bar5116">
				<integer name="Country" value="5"/>
				<float name="ER" value="150."/>
				<string name="Hull" value="Std_LAMP"/>
				<string name="Name" value="Middle1_LAMP"/>
				<string name="TypHL" value="Hull"/>
				<string name="UnitName" value="Barbiano"/>
			</object>
			<object name="Bar5117">
				<integer name="Country" value="5"/>
				<float name="ER" value="150."/>
				<string name="Hull" value="Std_RAMP"/>
				<string name="Name" value="Middle1_RAMP"/>
				<string name="TypHL" value="Hull"/>
				<string name="UnitName" value="Barbiano"/>
			</object>
			<object name="Bar5118">
				<integer name="Country" value="5"/>
				<float name="ER" value="150."/>
				<string name="Hull" value="Std_Rboard"/>
				<string name="Name" value="Middle1_RBoard"/>
				<string name="TypHL" value="Hull"/>
				<string name="UnitName" value="Barbiano"/>
			</object>
			<object name="Bar5119">
				<integer name="Country" value="5"/>
				<float name="ER" value="150."/>
				<string name="Hull" value="Std_Lboard"/>
				<string name="Name" value="Middle1_LBoard"/>
				<string name="TypHL" value="Hull"/>
				<string name="UnitName" value="Barbiano"/>
			</object>
			<object name="Bar5120">
				<integer name="Country" value="5"/>
				<float name="ER" value="150."/>
				<string name="Hull" value="Barbiano_RBelt"/>
				<string name="Name" value="Middle1_RBelt"/>
				<string name="TypHL" value="Hull"/>
				<string name="UnitName" value="Barbiano"/>
			</object>
			<object name="Bar5121">
				<integer name="Country" value="5"/>
				<float name="ER" value="150."/>
				<string name="Hull" value="Barbiano_LBelt"/>
				<string name="Name" value="Middle1_LBelt"/>
				<string name="TypHL" value="Hull"/>
				<string name="UnitName" value="Barbiano"/>
			</object>
			<object name="Bar5122">
				<integer name="Country" value="5"/>
				<float name="ER" value="150."/>
				<string name="Hull" value="Std_Bottom"/>
				<string name="Name" value="Middle2_Bottom"/>
				<string name="TypHL" value="FuelTank"/>
				<string name="UnitName" value="Barbiano"/>
			</object>
			<object name="Bar5123">
				<integer name="Country" value="5"/>
				<float name="ER" value="150."/>
				<string name="Hull" value="Std_Bottom"/>
				<string name="Name" value="Middle2_Bottom"/>
				<string name="TypHL" value="FuelTank"/>
				<string name="UnitName" value="Barbiano"/>
			</object>
			<object name="Bar5124">
				<integer name="Country" value="5"/>
				<float name="ER" value="150."/>
				<string name="Hull" value="Std_Hull"/>
				<string name="Name" value="Middle2_LowerDeck"/>
				<string name="TypHL" value="Hull"/>
				<string name="UnitName" value="Barbiano"/>
			</object>
			<object name="Bar5125">
				<integer name="Country" value="5"/>
				<float name="ER" value="150."/>
				<string name="Hull" value="Std_Boiler"/>
				<string name="Name" value="Boiler2"/>
				<string name="TypHL" value="Boiler"/>
				<string name="UnitName" value="Barbiano"/>
			</object>
			<object name="Bar5126">
				<integer name="Country" value="5"/>
				<float name="ER" value="150."/>
				<string name="Hull" value="Std_Boiler"/>
				<string name="Name" value="Boiler1"/>
				<string name="TypHL" value="Boiler"/>
				<string name="UnitName" value="Barbiano"/>
			</object>
			<object name="Bar5127">
				<integer name="Country" value="5"/>
				<float name="ER" value="150."/>
				<string name="Hull" value="Barbiano_ADeck"/>
				<string name="Name" value="Middle2_UpperDeck"/>
				<string name="TypHL" value="Hull"/>
				<string name="UnitName" value="Barbiano"/>
			</object>
			<object name="Bar5128">
				<integer name="Country" value="5"/>
				<float name="ER" value="150."/>
				<string name="Hull" value="Std_LAMP"/>
				<string name="Name" value="Middle2_LAMP"/>
				<string name="TypHL" value="Hull"/>
				<string name="UnitName" value="Barbiano"/>
			</object>
			<object name="Bar5129">
				<integer name="Country" value="5"/>
				<float name="ER" value="150."/>
				<string name="Hull" value="Std_RAMP"/>
				<string name="Name" value="Middle2_RAMP"/>
				<string name="TypHL" value="Hull"/>
				<string name="UnitName" value="Barbiano"/>
			</object>
			<object name="Bar5130">
				<integer name="Country" value="5"/>
				<float name="ER" value="150."/>
				<string name="Hull" value="Barbiano_RBelt"/>
				<string name="Name" value="Middle2_RBelt"/>
				<string name="TypHL" value="Hull"/>
				<string name="UnitName" value="Barbiano"/>
			</object>
			<object name="Bar5131">
				<integer name="Country" value="5"/>
				<float name="ER" value="150."/>
				<string name="Hull" value="Barbiano_LBelt"/>
				<string name="Name" value="Middle2_LBelt"/>
				<string name="TypHL" value="Hull"/>
				<string name="UnitName" value="Barbiano"/>
			</object>
			<object name="Bar5132">
				<integer name="Country" value="5"/>
				<float name="ER" value="150."/>
				<string name="Hull" value="Std_Bottom"/>
				<string name="Name" value="Middle3_Bottom"/>
				<string name="TypHL" value="FuelTank"/>
				<string name="UnitName" value="Barbiano"/>
			</object>
			<object name="Bar5133">
				<integer name="Country" value="5"/>
				<float name="ER" value="150."/>
				<string name="Hull" value="Std_Bottom"/>
				<string name="Name" value="Middle3_Bottom"/>
				<string name="TypHL" value="FuelTank"/>
				<string name="UnitName" value="Barbiano"/>
			</object>
			<object name="Bar5134">
				<integer name="Country" value="5"/>
				<float name="ER" value="150."/>
				<string name="Hull" value="Std_Hull"/>
				<string name="Name" value="Middle3_LowerDeck"/>
				<string name="TypHL" value="Hull"/>
				<string name="UnitName" value="Barbiano"/>
			</object>
			<object name="Bar5135">
				<integer name="Country" value="5"/>
				<float name="ER" value="150."/>
				<string name="Hull" value="Std_Boiler"/>
				<string name="Name" value="Boiler4"/>
				<string name="TypHL" value="Boiler"/>
				<string name="UnitName" value="Barbiano"/>
			</object>
			<object name="Bar5136">
				<integer name="Country" value="5"/>
				<float name="ER" value="150."/>
				<string name="Hull" value="Std_Boiler"/>
				<string name="Name" value="Boiler3"/>
				<string name="TypHL" value="Boiler"/>
				<string name="UnitName" value="Barbiano"/>
			</object>
			<object name="Bar5137">
				<integer name="Country" value="5"/>
				<float name="ER" value="150."/>
				<string name="Hull" value="Barbiano_ADeck"/>
				<string name="Name" value="Middle3_UpperDeck"/>
				<string name="TypHL" value="Hull"/>
				<string name="UnitName" value="Barbiano"/>
			</object>
			<object name="Bar5138">
				<integer name="Country" value="5"/>
				<float name="ER" value="150."/>
				<string name="Hull" value="Std_RAMP"/>
				<string name="Name" value="Middle3_LAMP"/>
				<string name="TypHL" value="Hull"/>
				<string name="UnitName" value="Barbiano"/>
			</object>
			<object name="Bar5139">
				<integer name="Country" value="5"/>
				<float name="ER" value="150."/>
				<string name="Hull" value="Barbiano_LBelt"/>
				<string name="Name" value="Middle3_LBelt"/>
				<string name="TypHL" value="Hull"/>
				<string name="UnitName" value="Barbiano"/>
			</object>
			<object name="Bar5140">
				<integer name="Country" value="5"/>
				<float name="ER" value="150."/>
				<string name="Hull" value="Barbiano_RBelt"/>
				<string name="Name" value="Middle3_RBelt"/>
				<string name="TypHL" value="Hull"/>
				<string name="UnitName" value="Barbiano"/>
			</object>
			<object name="Bar5141">
				<integer name="Country" value="5"/>
				<float name="ER" value="150."/>
				<string name="Hull" value="Std_RAMP"/>
				<string name="Name" value="Middle3_RAMP"/>
				<string name="TypHL" value="Hull"/>
				<string name="UnitName" value="Barbiano"/>
			</object>
			<object name="Bar5142">
				<integer name="Country" value="5"/>
				<float name="ER" value="150."/>
				<string name="Hull" value="Std_Hull"/>
				<string name="Name" value="Middle4_Bottom"/>
				<string name="TypHL" value="FuelTank"/>
				<string name="UnitName" value="Barbiano"/>
			</object>
			<object name="Bar5143">
				<integer name="Country" value="5"/>
				<float name="ER" value="150."/>
				<string name="Hull" value="Std_Hull"/>
				<string name="Name" value="Middle4_Bottom"/>
				<string name="TypHL" value="FuelTank"/>
				<string name="UnitName" value="Barbiano"/>
			</object>
			<object name="Bar5144">
				<integer name="Country" value="5"/>
				<float name="ER" value="150."/>
				<string name="Hull" value="Std_Hull"/>
				<string name="Name" value="Middle4_LowerDeck2"/>
				<string name="TypHL" value="Hull"/>
				<string name="UnitName" value="Barbiano"/>
			</object>
			<object name="Bar5145">
				<string name="ConnectName" value="Boiler1;Boiler2;Boiler3;Boiler4"/>
				<integer name="Country" value="5"/>
				<float name="ER" value="150."/>
				<string name="Hull" value="Std_Engine"/>
				<string name="Name" value="Engine2"/>
				<string name="TypHL" value="Engine"/>
				<string name="UnitName" value="Barbiano"/>
			</object>
			<object name="Bar5146">
				<string name="ConnectName" value="Boiler1;Boiler2;Boiler3;Boiler4;"/>
				<integer name="Country" value="5"/>
				<float name="ER" value="150."/>
				<string name="Hull" value="Std_Engine"/>
				<string name="Name" value="Engine1"/>
				<string name="TypHL" value="Engine"/>
				<string name="UnitName" value="Barbiano"/>
			</object>
			<object name="Bar5147">
				<integer name="Country" value="5"/>
				<float name="ER" value="150."/>
				<string name="Hull" value="Barbiano_ADeck"/>
				<string name="Name" value="Middle4_UpperDeck"/>
				<string name="TypHL" value="Hull"/>
				<string name="UnitName" value="Barbiano"/>
			</object>
			<object name="Bar5148">
				<integer name="Country" value="5"/>
				<float name="ER" value="150."/>
				<string name="Hull" value="Std_LAMP"/>
				<string name="Name" value="Middle4_LAMP"/>
				<string name="TypHL" value="Hull"/>
				<string name="UnitName" value="Barbiano"/>
			</object>
			<object name="Bar5149">
				<integer name="Country" value="5"/>
				<float name="ER" value="150."/>
				<string name="Hull" value="Std_RAMP"/>
				<string name="Name" value="Middle4_RAMP"/>
				<string name="TypHL" value="Hull"/>
				<string name="UnitName" value="Barbiano"/>
			</object>
			<object name="Bar5150">
				<integer name="Country" value="5"/>
				<float name="ER" value="150."/>
				<string name="Hull" value="Std_Rboard"/>
				<string name="Name" value="Middle4_RBoard"/>
				<string name="TypHL" value="Hull"/>
				<string name="UnitName" value="Barbiano"/>
			</object>
			<object name="Bar5151">
				<integer name="Country" value="5"/>
				<float name="ER" value="150."/>
				<string name="Hull" value="Std_Lboard"/>
				<string name="Name" value="Middle4_LBoard"/>
				<string name="TypHL" value="Hull"/>
				<string name="UnitName" value="Barbiano"/>
			</object>
			<object name="Bar5152">
				<integer name="Country" value="5"/>
				<float name="ER" value="150."/>
				<string name="Hull" value="Barbiano_RBelt"/>
				<string name="Name" value="Middle4_RBelt"/>
				<string name="TypHL" value="Hull"/>
				<string name="UnitName" value="Barbiano"/>
			</object>
			<object name="Bar5153">
				<integer name="Country" value="5"/>
				<float name="ER" value="150."/>
				<string name="Hull" value="Barbiano_LBelt"/>
				<string name="Name" value="Middle4_LBelt"/>
				<string name="TypHL" value="Hull"/>
				<string name="UnitName" value="Barbiano"/>
			</object>
			<object name="Bar5154">
				<integer name="Country" value="5"/>
				<float name="ER" value="150."/>
				<string name="Hull" value="Std_Hull"/>
				<string name="Name" value="Middle4_LowerDeck1"/>
				<string name="TypHL" value="Hull"/>
				<string name="UnitName" value="Barbiano"/>
			</object>
			<object name="Bar5155">
				<string name="ConnectName" value="Boiler1;Boiler2;Boiler3;Boiler4"/>
				<integer name="Country" value="5"/>
				<float name="ER" value="150."/>
				<string name="Hull" value="Std_Engine"/>
				<string name="Name" value="Engine4"/>
				<string name="TypHL" value="Engine"/>
				<string name="UnitName" value="Barbiano"/>
			</object>
			<object name="Bar5156">
				<string name="ConnectName" value="Boiler1;Boiler2;Boiler3;Boiler4"/>
				<integer name="Country" value="5"/>
				<float name="ER" value="150."/>
				<string name="Hull" value="Std_Engine"/>
				<string name="Name" value="Engine3"/>
				<string name="TypHL" value="Engine"/>
				<string name="UnitName" value="Barbiano"/>
			</object>
			<object name="Bar5157">
				<integer name="Country" value="5"/>
				<float name="ER" value="150."/>
				<string name="Hull" value="Std_Bottom"/>
				<string name="Name" value="Stern1_Bottom"/>
				<string name="TypHL" value="Hull"/>
				<string name="UnitName" value="Barbiano"/>
			</object>
			<object name="Bar5158">
				<integer name="Country" value="5"/>
				<float name="ER" value="150."/>
				<string name="Hull" value="Std_Hull"/>
				<string name="Name" value="Stern1_LowerDeck"/>
				<string name="TypHL" value="Hull"/>
				<string name="UnitName" value="Barbiano"/>
			</object>
			<object name="Bar5159">
				<integer name="Country" value="5"/>
				<float name="ER" value="150."/>
				<string name="Hull" value="Std_AS_T2"/>
				<string name="Name" value="AmmoStore4"/>
				<string name="TypHL" value="AmmoStore"/>
				<string name="UnitName" value="Barbiano"/>
			</object>
			<object name="Bar5160">
				<integer name="Country" value="5"/>
				<float name="ER" value="150."/>
				<string name="Hull" value="Std_AS_T2"/>
				<string name="Name" value="AmmoStore3"/>
				<string name="TypHL" value="AmmoStore"/>
				<string name="UnitName" value="Barbiano"/>
			</object>
			<object name="Bar5161">
				<integer name="Country" value="5"/>
				<float name="ER" value="150."/>
				<string name="Hull" value="Std_UpperHull"/>
				<string name="Name" value="Stern1_UpperDeck"/>
				<string name="TypHL" value="Hull"/>
				<string name="UnitName" value="Barbiano"/>
			</object>
			<object name="Bar5162">
				<integer name="Country" value="5"/>
				<float name="ER" value="150."/>
				<string name="Hull" value="Std_LAMP"/>
				<string name="Name" value="Stern1_LAMP"/>
				<string name="TypHL" value="Hull"/>
				<string name="UnitName" value="Barbiano"/>
			</object>
			<object name="Bar5163">
				<integer name="Country" value="5"/>
				<float name="ER" value="150."/>
				<string name="Hull" value="Std_RAMP"/>
				<string name="Name" value="Stern1_RAMP"/>
				<string name="TypHL" value="Hull"/>
				<string name="UnitName" value="Barbiano"/>
			</object>
			<object name="Bar5164">
				<integer name="Country" value="5"/>
				<float name="ER" value="150."/>
				<string name="Hull" value="Std_Rboard"/>
				<string name="Name" value="Stern1_RBoard"/>
				<string name="TypHL" value="Hull"/>
				<string name="UnitName" value="Barbiano"/>
			</object>
			<object name="Bar5165">
				<integer name="Country" value="5"/>
				<float name="ER" value="150."/>
				<string name="Hull" value="Std_Lboard"/>
				<string name="Name" value="Stern1_LBoard"/>
				<string name="TypHL" value="Hull"/>
				<string name="UnitName" value="Barbiano"/>
			</object>
			<object name="Bar5166">
				<integer name="Country" value="5"/>
				<float name="ER" value="150."/>
				<string name="Hull" value="Barbiano_RBelt"/>
				<string name="Name" value="Stern1_RBelt"/>
				<string name="TypHL" value="Hull"/>
				<string name="UnitName" value="Barbiano"/>
			</object>
			<object name="Bar5167">
				<integer name="Country" value="5"/>
				<float name="ER" value="150."/>
				<string name="Hull" value="Barbiano_LBelt"/>
				<string name="Name" value="Stern1_LBelt"/>
				<string name="TypHL" value="Hull"/>
				<string name="UnitName" value="Barbiano"/>
			</object>
			<object name="Bar5168">
				<integer name="Country" value="5"/>
				<float name="ER" value="150."/>
				<string name="Hull" value="Std_UpperHull"/>
				<string name="Name" value="BattleCabine"/>
				<string name="TypHL" value="Hull"/>
				<string name="UnitName" value="Barbiano"/>
			</object>
			<object name="Bar5169">
				<integer name="Country" value="5"/>
				<float name="ER" value="150."/>
				<string name="Hull" value="Std_Probe"/>
				<string name="Name" value="Radar"/>
				<string name="TypHL" value="Probe"/>
				<string name="UnitName" value="Barbiano"/>
			</object>
			<object name="Bar5170">
				<integer name="Country" value="5"/>
				<float name="ER" value="150."/>
				<string name="Hull" value="Std_Probe"/>
				<string name="Name" value="Radio"/>
				<string name="TypHL" value="Probe"/>
				<string name="UnitName" value="Barbiano"/>
			</object>
			<object name="Bar5171">
				<string name="ConnectName" value="Tiller;"/>
				<integer name="Country" value="5"/>
				<float name="ER" value="150."/>
				<string name="Hull" value="Std_Rudder"/>
				<string name="Name" value="Rudder"/>
				<string name="TypHL" value="Rudder"/>
				<string name="UnitName" value="Barbiano"/>
			</object>
			<object name="Bar5172">
				<string name="ConnectName" value="Engine3"/>
				<integer name="Country" value="5"/>
				<float name="ER" value="150."/>
				<string name="Hull" value="Std_Mover"/>
				<string name="Name" value="Mover4"/>
				<string name="TypHL" value="Mover"/>
				<string name="UnitName" value="Barbiano"/>
			</object>
			<object name="Bar5173">
				<string name="ConnectName" value="Engine3"/>
				<integer name="Country" value="5"/>
				<float name="ER" value="150."/>
				<string name="Hull" value="Std_Mover"/>
				<string name="Name" value="Mover3"/>
				<string name="TypHL" value="Mover"/>
				<string name="UnitName" value="Barbiano"/>
			</object>
			<object name="Bar5174">
				<string name="ConnectName" value="Engine2"/>
				<integer name="Country" value="5"/>
				<float name="ER" value="150."/>
				<string name="Hull" value="Std_Mover"/>
				<string name="Name" value="Mover2"/>
				<string name="TypHL" value="Mover"/>
				<string name="UnitName" value="Barbiano"/>
			</object>
			<object name="Bar5175">
				<string name="ConnectName" value="Engine1"/>
				<integer name="Country" value="5"/>
				<float name="ER" value="150."/>
				<string name="Hull" value="Std_Mover"/>
				<string name="Name" value="Mover1"/>
				<string name="TypHL" value="Mover"/>
				<string name="UnitName" value="Barbiano"/>
			</object>
			<object name="Bar5176">
				<integer name="Country" value="5"/>
				<float name="ER" value="150."/>
				<string name="Hull" value="Std_Hull"/>
				<string name="Name" value="Barbet4"/>
				<string name="TypHL" value="Hull"/>
				<string name="UnitName" value="Barbiano"/>
			</object>
			<object name="Bar5177">
				<integer name="Country" value="5"/>
				<float name="ER" value="150."/>
				<string name="Hull" value="Std_Hull"/>
				<string name="Name" value="Barbet2"/>
				<string name="TypHL" value="Hull"/>
				<string name="UnitName" value="Barbiano"/>
			</object>
			<object name="Bar5178">
				<integer name="Country" value="5"/>
				<float name="ER" value="150."/>
				<string name="Hull" value="Std_Hull"/>
				<string name="Name" value="Barbet1"/>
				<string name="TypHL" value="Hull"/>
				<string name="UnitName" value="Barbiano"/>
			</object>
			<object name="Bar5179">
				<integer name="Country" value="5"/>
				<float name="ER" value="150."/>
				<string name="Hull" value="Std_Probe"/>
				<string name="Name" value="Probe_AA"/>
				<string name="TypHL" value="Probe"/>
				<string name="UnitName" value="Barbiano"/>
			</object>
			<object name="Bar5180">
				<integer name="Country" value="5"/>
				<float name="ER" value="150."/>
				<string name="Hull" value="Std_Probe"/>
				<string name="Name" value="Probe_MG"/>
				<string name="TypHL" value="Probe"/>
				<string name="UnitName" value="Barbiano"/>
			</object>
			<object name="Bar5181">
				<integer name="Country" value="5"/>
				<integer name="Crew" value="280"/>
				<float name="ER" value="150."/>
				<string name="Hull" value="Std_UpperHull"/>
				<string name="Name" value="Bow_LSuperstructure"/>
				<string name="TypHL" value="Crew"/>
				<string name="UnitName" value="Barbiano"/>
			</object>
			<object name="Bar5182">
				<integer name="Country" value="5"/>
				<float name="ER" value="150."/>
				<string name="Hull" value="Std_Hull"/>
				<string name="Name" value="Bow1_Bottom"/>
				<string name="TypHL" value="Hull"/>
				<string name="UnitName" value="Barbiano"/>
			</object>
			<object name="Bar5183">
				<integer name="Country" value="5"/>
				<float name="ER" value="150."/>
				<string name="Hull" value="Std_Hull"/>
				<string name="Name" value="Bow1_LowerDeck"/>
				<string name="TypHL" value="Hull"/>
				<string name="UnitName" value="Barbiano"/>
			</object>
			<object name="Bar5184">
				<integer name="Country" value="5"/>
				<float name="ER" value="150."/>
				<string name="Hull" value="Std_Probe"/>
				<string name="Name" value="Sonar"/>
				<string name="TypHL" value="Probe"/>
				<string name="UnitName" value="Barbiano"/>
			</object>
			<object name="Bar5185">
				<integer name="Country" value="5"/>
				<float name="ER" value="150."/>
				<string name="Hull" value="Std_UpperHull"/>
				<string name="Name" value="Bow1_UpperDeck"/>
				<string name="TypHL" value="Hull"/>
				<string name="UnitName" value="Barbiano"/>
			</object>
			<object name="Bar5186">
				<integer name="Country" value="5"/>
				<float name="ER" value="150."/>
				<string name="Hull" value="Std_UpperHull"/>
				<string name="Name" value="Stern2"/>
				<string name="TypHL" value="Hull"/>
				<string name="UnitName" value="Barbiano"/>
			</object>
			<object name="Bar5187">
				<integer name="Country" value="5"/>
				<float name="ER" value="150."/>
				<string name="Hull" value="Std_Hull"/>
				<string name="Name" value="Tiller"/>
				<string name="TypHL" value="Hull"/>
				<string name="UnitName" value="Barbiano"/>
			</object>
		</object>
		<object name="Hulls">
			<object name="Barbiano_ADeck">
				<integer name="Back" value="5"/>
				<integer name="Bottom" value="5"/>
				<integer name="Country" value="5"/>
				<float name="ExplProb" value="0."/>
				<float name="FireProb" value="15."/>
				<integer name="Front" value="5"/>
				<integer name="Left" value="5"/>
				<string name="Material" value="Armored"/>
				<integer name="Right" value="5"/>
				<integer name="Top" value="20"/>
				<integer name="UnitName" value="0"/>
				<string name="UnitTyp" value="Ship"/>
			</object>
			<object name="Barbiano_LBelt">
				<integer name="Back" value="5"/>
				<integer name="Bottom" value="5"/>
				<integer name="Country" value="5"/>
				<float name="ExplProb" value="0."/>
				<float name="FireProb" value="0."/>
				<integer name="Front" value="5"/>
				<integer name="Left" value="24"/>
				<string name="Material" value="Armored"/>
				<integer name="Right" value="24"/>
				<integer name="Top" value="24"/>
				<integer name="UnitName" value="0"/>
				<string name="UnitTyp" value="Ship"/>
			</object>
			<object name="Barbiano_RBelt">
				<integer name="Back" value="5"/>
				<integer name="Bottom" value="5"/>
				<integer name="Country" value="5"/>
				<float name="ExplProb" value="0."/>
				<float name="FireProb" value="0."/>
				<integer name="Front" value="5"/>
				<integer name="Left" value="24"/>
				<string name="Material" value="Armored"/>
				<integer name="Right" value="24"/>
				<integer name="Top" value="24"/>
				<integer name="UnitName" value="0"/>
				<string name="UnitTyp" value="Ship"/>
			</object>
		</object>
		<object name="ShipsNames">
			<object name="Barbiano">
				<string name="1" value="Barbiano1"/>
				<string name="2" value="Barbiano2"/>
				<string name="3" value="Barbiano3"/>
				<string name="4" value="Barbiano4"/>
				<string name="5" value="Barbiano5"/>
				<string name="6" value="Barbiano6"/>
			</object>
		</object>
		<object name="UnitsByType">
			<object name="3">
				<object name="Barbiano">
					<string name="ChildTable" value="Ships"/>
				</object>
			</object>
		</object>
	</object>
</root>
