﻿<?xml version="1.0" standalone="yes" ?>
<root>
	<object name="Modifications">
		<object name="Ships">
			<object name="Barbiano">
				<object name="Prototype">
					<string name="AAGunControl" value="Mark0_AA"/>
					<float name="AAVolleyWeight" value="3.24507976"/>
					<float name="Aluminium" value="0."/>
					<float name="AmmoWeight" value="218.399979"/>
					<float name="Armour" value="0."/>
					<float name="FuelConsumption" value="6.67215014"/>
					<float name="FuelProtect" value="0."/>
					<string name="FullModName" value="Ships.Barbiano.Prototype"/>
					<float name="Iron" value="10189.502"/>
					<boolean name="IsAvailable" value="true"/>
					<boolean name="IsJammer" value="false"/>
					<string name="MainGunControl" value="Mk_7_M"/>
					<float name="MaxFuel" value="1850."/>
					<float name="MaxSpeed" value="37."/>
					<float name="MinSpeed" value="0."/>
					<float name="Money" value="20416.5"/>
					<widestring name="Name" value="SQBuAGMAcgBvAGMAaQBhAHQAbwByAGkAIABsAGUAZwBnAGUAcgBpACAAQwBvAG4AZABvAHQAdABpAGUAcgBpACAASQA="/>
					<float name="RadarRange" value="0."/>
					<float name="RadioGain" value="32258.0645"/>
					<float name="RadioPowerHF" value="100."/>
					<float name="RadioPowerVHF" value="0."/>
					<float name="RadioSensitivityHF" value="3.10000009e-003"/>
					<float name="RadioSensitivityVHF" value="0."/>
					<object name="Slots">
						<object name="TPort_MG01">
							<string name="Device" value="2x152mm_Condottieri_TurretA"/>
							<string name="Table" value="Turrets"/>
						</object>
						<object name="TPort_MG02">
							<string name="Device" value="2x152mm_Condottieri_TurretB"/>
							<string name="Table" value="Turrets"/>
						</object>
						<object name="TPort_MG03">
							<string name="Device" value="2x152mm_Condottieri_TurretX"/>
							<string name="Table" value="Turrets"/>
						</object>
						<object name="TPort_MG04">
							<string name="Device" value="2x152mm_Condottieri_TurretY"/>
							<string name="Table" value="Turrets"/>
						</object>
						<object name="TPort_TORPR">
							<string name="Device" value="Narvik_Torp_App_Turret"/>
							<string name="Table" value="Turrets"/>
						</object>
						<object name="TPort_TORPL">
							<string name="Device" value="Narvik_Torp_App_Turret"/>
							<string name="Table" value="Turrets"/>
						</object>
						<object name="TPort_SecFR">
							<string name="Device" value="Zara_2x100mm_Turret"/>
							<string name="Table" value="Turrets"/>
						</object>
						<object name="TPort_SecFL">
							<string name="Device" value="Zara_2x100mm_Turret"/>
							<string name="Table" value="Turrets"/>
						</object>
						<object name="TPort_SecB">
							<string name="Device" value="Zara_2x100mm_Turret"/>
							<string name="Table" value="Turrets"/>
						</object>
						<object name="TPort_AA37FR">
							<string name="Device" value="Bismark_FLAK3_37mm_SK_C30_Turret"/>
							<string name="Table" value="Turrets"/>
						</object>

						<object name="TPort_AA37FL">
							<string name="Device" value="Bismark_FLAK3_37mm_SK_C30_Turret"/>
							<string name="Table" value="Turrets"/>
						</object>
						<object name="TPort_AA37BR">
							<string name="Device" value="Bismark_FLAK3_37mm_SK_C30_Turret"/>
							<string name="Table" value="Turrets"/>
						</object>
						<object name="TPort_AA37BL">
							<string name="Device" value="Bismark_FLAK3_37mm_SK_C30_Turret"/>
							<string name="Table" value="Turrets"/>
						</object>
						<object name="TPort_AA20mmFR">
							<string name="Device" value="Bismark_FLAK5_20mm_MG_C30_3V_Turret"/>
							<string name="Table" value="Turrets"/>
						</object>
						<object name="TPort_AA20mmFL">
							<string name="Device" value="Bismark_FLAK5_20mm_MG_C30_3V_Turret"/>
							<string name="Table" value="Turrets"/>
						</object>
						<object name="TPort_AA20mmBR">
							<string name="Device" value="Bismark_FLAK5_20mm_MG_C30_3V_Turret"/>
							<string name="Table" value="Turrets"/>
						</object>
						<object name="TPort_AA20mmBL">
							<string name="Device" value="Bismark_FLAK5_20mm_MG_C30_3V_Turret"/>
							<string name="Table" value="Turrets"/>
						</object>
						<object name="TPort_Proj">
							<string name="Device" value="Bismark_Projector_Turret"/>
							<string name="Table" value="Turrets"/>
						</object>


						<object name="TPort_RF01FR">
							<string name="Device" value="Barbiano_Rangefinder4m1V"/>
							<string name="Table" value="Turrets"/>
						</object>
						<object name="TPort_RF3mR">
							<string name="Device" value="Bismark_Rangefinder3m"/>
							<string name="Table" value="Turrets"/>
						</object>
						<object name="TPort_RF3mL">
							<string name="Device" value="Bismark_Rangefinder3m"/>
							<string name="Table" value="Turrets"/>
						</object>
						<object name="TPort_RF4mB">
							<string name="Device" value="Barbiano_Rangefinder4m2V"/>
							<string name="Table" value="Turrets"/>
						</object>
						<object name="TPort_RFSF">
							<string name="Device" value="Bismark_RangefinderSmall"/>
							<string name="Table" value="Turrets"/>
						</object>
						<object name="TPort_RFSBR">
							<string name="Device" value="Bismark_RangefinderSmall"/>
							<string name="Table" value="Turrets"/>
						</object>
						<object name="TPort_RFSBL">
							<string name="Device" value="Bismark_RangefinderSmall"/>
							<string name="Table" value="Turrets"/>
						</object>


						<object name="TPort_VINTR">
							<string name="Device" value="Vint_Fletcher"/>
							<string name="Table" value="Turrets"/>
						</object>
						<object name="TPort_VINTL">
							<string name="Device" value="Vint_Fletcher"/>
							<string name="Table" value="Turrets"/>
						</object>
						<object name="TPort_KATAPULT">
							<string name="Device" value="Zara_Katapult"/>
							<string name="Table" value="Turrets"/>
						</object>
						<object name="ZPort_AAGunContr1">
							<string name="Device" value="Mark0_AA"/>
							<string name="Table" value="AimSystems"/>
						</object>
						<object name="ZPort_Jammer_US_A1">
							<string name="Device" value=""/>
							<string name="Table" value="Probes"/>
						</object>
						<object name="ZPort_MainGunContr">
							<string name="Device" value="Mk_7_M"/>
							<string name="Table" value="AimSystems"/>
						</object>
						<object name="ZPort_Radio">
							<string name="Device" value="TBL7"/>
							<string name="Table" value="Probes"/>
						</object>
						<object name="ZPort_Sonar">
							<string name="Device" value=""/>
							<string name="Table" value="Probes"/>
						</object>
						<object name="ZPort_SteamTurbine_01">
							<string name="Device" value="MPP_Barbiano"/>
							<string name="Table" value="Engins"/>
						</object>
					</object>
					<string name="Sonar" value=""/>
					<float name="Speed" value="18."/>
					<string name="SuperRifles" value="Narvik_Torp_Tube.8."/>
					<float name="VolleyWeight" value="2.60699987"/>
					<float name="Weight" value="11166.002"/>
				</object>	   
				<object name="ai_43">
					<string name="AAGunControl" value="Mark1_AA"/>
					<float name="AAVolleyWeight" value="3.93115997"/>
					<float name="Aluminium" value="0."/>
					<float name="AmmoWeight" value="226.239975"/>
					<float name="Armour" value="0."/>
					<float name="FuelConsumption" value="6.67215014"/>
					<float name="FuelProtect" value="0."/>
					<string name="FullModName" value="Ships.Barbiano.ai_43"/>
					<float name="Iron" value="10189.4023"/>
					<boolean name="IsAvailable" value="false"/>
					<boolean name="IsJammer" value="false"/>
					<string name="MainGunControl" value="Mk_8R_M"/>
					<float name="MaxFuel" value="1850."/>
					<float name="MaxSpeed" value="37."/>
					<float name="MinSpeed" value="0."/>
					<float name="Money" value="20801.5"/>
					<widestring name="Name" value="SQBuAGMAcgBvAGMAaQBhAHQAbwByAGkAIABsAGUAZwBnAGUAcgBpACAAQwBvAG4AZABvAHQAdABpAGUAcgBpACAASQRfAGEAaQA0ADMA"/>
					<float name="RadarRange" value="101.739784"/>
					<float name="RadioGain" value="10000."/>
					<float name="RadioPowerHF" value="0."/>
					<float name="RadioPowerVHF" value="50."/>
					<float name="RadioSensitivityHF" value="0."/>
					<float name="RadioSensitivityVHF" value="4.99999989e-003"/>
					<object name="Slots">
						<object name="TPort_MG01">
							<string name="Device" value="2x152mm_Condottieri_TurretA"/>
							<string name="Table" value="Turrets"/>
						</object>
						<object name="TPort_MG02">
							<string name="Device" value="2x152mm_Condottieri_TurretB"/>
							<string name="Table" value="Turrets"/>
						</object>
						<object name="TPort_MG03">
							<string name="Device" value="2x152mm_Condottieri_TurretX"/>
							<string name="Table" value="Turrets"/>
						</object>
						<object name="TPort_MG04">
							<string name="Device" value="2x152mm_Condottieri_TurretY"/>
							<string name="Table" value="Turrets"/>
						</object>
						<object name="TPort_TORPR">
							<string name="Device" value="Narvik_Torp_App_Turret"/>
							<string name="Table" value="Turrets"/>
						</object>
						<object name="TPort_TORPL">
							<string name="Device" value="Narvik_Torp_App_Turret"/>
							<string name="Table" value="Turrets"/>
						</object>
						<object name="TPort_SecFR">
							<string name="Device" value="Zara_2x100mm_Turret"/>
							<string name="Table" value="Turrets"/>
						</object>
						<object name="TPort_SecFL">
							<string name="Device" value="Zara_2x100mm_Turret"/>
							<string name="Table" value="Turrets"/>
						</object>
						<object name="TPort_SecB">
							<string name="Device" value="Zara_2x100mm_Turret"/>
							<string name="Table" value="Turrets"/>
						</object>
						<object name="TPort_AA37FR">
							<string name="Device" value="Bismark_FLAK3_37mm_SK_C30_Turret"/>
							<string name="Table" value="Turrets"/>
						</object>

						<object name="TPort_AA37FL">
							<string name="Device" value="Bismark_FLAK3_37mm_SK_C30_Turret"/>
							<string name="Table" value="Turrets"/>
						</object>
						<object name="TPort_AA37BR">
							<string name="Device" value="Bismark_FLAK3_37mm_SK_C30_Turret"/>
							<string name="Table" value="Turrets"/>
						</object>
						<object name="TPort_AA37BL">
							<string name="Device" value="Bismark_FLAK3_37mm_SK_C30_Turret"/>
							<string name="Table" value="Turrets"/>
						</object>
						<object name="TPort_AA20mmFR">
							<string name="Device" value="Bismark_FLAK4_20mm_MG_C38Quad_Turret"/>
							<string name="Table" value="Turrets"/>
						</object>
						<object name="TPort_AA20mmFL">
							<string name="Device" value="Bismark_FLAK4_20mm_MG_C38Quad_Turret"/>
							<string name="Table" value="Turrets"/>
						</object>
						<object name="TPort_AA20mmBR">
							<string name="Device" value="Bismark_FLAK5_20mm_MG_C30_3V_Turret"/>
							<string name="Table" value="Turrets"/>
						</object>
						<object name="TPort_AA20mmBL">
							<string name="Device" value="Bismark_FLAK5_20mm_MG_C30_3V_Turret"/>
							<string name="Table" value="Turrets"/>
						</object>
						<object name="TPort_Proj">
							<string name="Device" value="Bismark_Projector_Turret"/>
							<string name="Table" value="Turrets"/>
						</object>


						<object name="TPort_RF01FR">
							<string name="Device" value="Barbiano_Rangefinder4m1V"/>
							<string name="Table" value="Turrets"/>
						</object>
						<object name="TPort_RF3mR">
							<string name="Device" value="Bismark_Rangefinder3m"/>
							<string name="Table" value="Turrets"/>
						</object>
						<object name="TPort_RF3mL">
							<string name="Device" value="Bismark_Rangefinder3m"/>
							<string name="Table" value="Turrets"/>
						</object>
						<object name="TPort_RF4mB">
							<string name="Device" value="Zara_Radar_FuMO213"/>
							<string name="Table" value="Turrets"/>
						</object>
						<object name="TPort_RFSF">
							<string name="Device" value="Bismark_RangefinderSmall"/>
							<string name="Table" value="Turrets"/>
						</object>
						<object name="TPort_RFSBR">
							<string name="Device" value="Bismark_RangefinderSmall"/>
							<string name="Table" value="Turrets"/>
						</object>
						<object name="TPort_RFSBL">
							<string name="Device" value="Bismark_RangefinderSmall"/>
							<string name="Table" value="Turrets"/>
						</object>


						<object name="TPort_VINTR">
							<string name="Device" value="Vint_Fletcher"/>
							<string name="Table" value="Turrets"/>
						</object>
						<object name="TPort_VINTL">
							<string name="Device" value="Vint_Fletcher"/>
							<string name="Table" value="Turrets"/>
						</object>
						<object name="TPort_KATAPULT">
							<string name="Device" value="Zara_Katapult"/>
							<string name="Table" value="Turrets"/>
						</object>
						<object name="ZPort_AAGunContr1">
							<string name="Device" value="Mark1_AA"/>
							<string name="Table" value="AimSystems"/>
						</object>
						<object name="ZPort_Jammer_US_A1">
							<string name="Device" value=""/>
							<string name="Table" value="Probes"/>
						</object>
						<object name="ZPort_MainGunContr">
							<string name="Device" value="Mk_8R_M"/>
							<string name="Table" value="AimSystems"/>
						</object>
						<object name="ZPort_Radio">
							<string name="Device" value="TBS"/>
							<string name="Table" value="Probes"/>
						</object>
						<object name="ZPort_Sonar">
							<string name="Device" value="SearchLight_U"/>
							<string name="Table" value="Probes"/>
						</object>
						<object name="ZPort_SteamTurbine_01">
							<string name="Device" value="MPP_Barbiano"/>
							<string name="Table" value="Engins"/>
						</object>
					</object>
					<string name="Sonar" value="SearchLight_U"/>
					<float name="Speed" value="18."/>
					<string name="SuperRifles" value="Narvik_Torp_Tube.8."/>
					<float name="VolleyWeight" value="2.60699987"/>
					<float name="Weight" value="11177.1416"/>
				</object> 
				<object name="ai_45">
					<string name="AAGunControl" value="Mark12R_AA"/>
					<float name="AAVolleyWeight" value="8.75484085"/>
					<float name="Aluminium" value="0."/>
					<float name="AmmoWeight" value="222.079971"/>
					<float name="Armour" value="0."/>
					<float name="FuelConsumption" value="6.67215014"/>
					<float name="FuelProtect" value="0."/>
					<string name="FullModName" value="Ships.Barbiano.ai_45"/>
					<float name="Iron" value="10188.1406"/>
					<boolean name="IsAvailable" value="false"/>
					<boolean name="IsJammer" value="true"/>
					<string name="MainGunControl" value="Mk_8R_M"/>
					<float name="MaxFuel" value="1850."/>
					<float name="MaxSpeed" value="37."/>
					<float name="MinSpeed" value="0."/>
					<float name="Money" value="21037.5"/>
					<widestring name="Name" value="SQBuAGMAcgBvAGMAaQBhAHQAbwByAGkAIABsAGUAZwBnAGUAcgBpACAAQwBvAG4AZABvAHQAdABpAGUAcgBpACAASQRfAGEAaQA0ADUA"/>
					<float name="RadarRange" value="101.739784"/>
					<float name="RadioGain" value="10000."/>
					<float name="RadioPowerHF" value="0."/>
					<float name="RadioPowerVHF" value="50."/>
					<float name="RadioSensitivityHF" value="0."/>
					<float name="RadioSensitivityVHF" value="4.99999989e-003"/>
					<object name="Slots">
						<object name="TPort_MG01">
							<string name="Device" value="2x152mm_Condottieri_TurretA"/>
							<string name="Table" value="Turrets"/>
						</object>
						<object name="TPort_MG02">
							<string name="Device" value="2x152mm_Condottieri_TurretB"/>
							<string name="Table" value="Turrets"/>
						</object>
						<object name="TPort_MG03">
							<string name="Device" value="2x152mm_Condottieri_TurretX"/>
							<string name="Table" value="Turrets"/>
						</object>
						<object name="TPort_MG04">
							<string name="Device" value="2x152mm_Condottieri_TurretY"/>
							<string name="Table" value="Turrets"/>
						</object>
						<object name="TPort_TORPR">
							<string name="Device" value="Narvik_Torp_App_Turret"/>
							<string name="Table" value="Turrets"/>
						</object>
						<object name="TPort_TORPL">
							<string name="Device" value="Narvik_Torp_App_Turret"/>
							<string name="Table" value="Turrets"/>
						</object>
						<object name="TPort_SecFR">
							<string name="Device" value="Zara_2x100mm_Turret"/>
							<string name="Table" value="Turrets"/>
						</object>
						<object name="TPort_SecFL">
							<string name="Device" value="Zara_2x100mm_Turret"/>
							<string name="Table" value="Turrets"/>
						</object>
						<object name="TPort_SecB">
							<string name="Device" value="Zara_2x100mm_Turret"/>
							<string name="Table" value="Turrets"/>
						</object>
						<object name="TPort_AA37FR">
							<string name="Device" value="G_Bofors_20x8_Turret"/>
							<string name="Table" value="Turrets"/>
						</object>

						<object name="TPort_AA37FL">
							<string name="Device" value="G_Bofors_20x8_Turret"/>
							<string name="Table" value="Turrets"/>
						</object>
						<object name="TPort_AA37BR">
							<string name="Device" value="G_Bofors_20x8_Turret"/>
							<string name="Table" value="Turrets"/>
						</object>
						<object name="TPort_AA37BL">
							<string name="Device" value="G_Bofors_20x8_Turret"/>
							<string name="Table" value="Turrets"/>
						</object>
						<object name="TPort_AA20mmFR">
							<string name="Device" value="Bismark_FLAK4_20mm_MG_C38Quad_Turret"/>
							<string name="Table" value="Turrets"/>
						</object>
						<object name="TPort_AA20mmFL">
							<string name="Device" value="Bismark_FLAK4_20mm_MG_C38Quad_Turret"/>
							<string name="Table" value="Turrets"/>
						</object>
						<object name="TPort_AA20mmBR">
							<string name="Device" value="Bismark_FLAK5_20mm_MG_C30_3V_Turret"/>
							<string name="Table" value="Turrets"/>
						</object>
						<object name="TPort_AA20mmBL">
							<string name="Device" value="Bismark_FLAK5_20mm_MG_C30_3V_Turret"/>
							<string name="Table" value="Turrets"/>
						</object>
						<object name="TPort_Proj">
							<string name="Device" value="Bismark_Projector_Turret"/>
							<string name="Table" value="Turrets"/>
						</object>


						<object name="TPort_RF01FR">
							<string name="Device" value="Barbiano_Rangefinder4m1V"/>
							<string name="Table" value="Turrets"/>
						</object>
						<object name="TPort_RF3mR">
							<string name="Device" value="Bismark_Rangefinder3m"/>
							<string name="Table" value="Turrets"/>
						</object>
						<object name="TPort_RF3mL">
							<string name="Device" value="Bismark_Rangefinder3m"/>
							<string name="Table" value="Turrets"/>
						</object>
						<object name="TPort_RF4mB">
							<string name="Device" value="Zara_Radar_FuMO213"/>
							<string name="Table" value="Turrets"/>
						</object>
						<object name="TPort_RFSF">
							<string name="Device" value="Bismark_RangefinderSmall"/>
							<string name="Table" value="Turrets"/>
						</object>
						<object name="TPort_RFSBR">
							<string name="Device" value="Bismark_RangefinderSmall"/>
							<string name="Table" value="Turrets"/>
						</object>
						<object name="TPort_RFSBL">
							<string name="Device" value="Bismark_RangefinderSmall"/>
							<string name="Table" value="Turrets"/>
						</object>


						<object name="TPort_VINTR">
							<string name="Device" value="Vint_Fletcher"/>
							<string name="Table" value="Turrets"/>
						</object>
						<object name="TPort_VINTL">
							<string name="Device" value="Vint_Fletcher"/>
							<string name="Table" value="Turrets"/>
						</object>
						<object name="TPort_KATAPULT">
							<string name="Device" value="Zara_Katapult"/>
							<string name="Table" value="Turrets"/>
						</object>
						<object name="ZPort_AAGunContr1">
							<string name="Device" value="Mark12R_AA"/>
							<string name="Table" value="AimSystems"/>
						</object>
						<object name="ZPort_Jammer_US_A1">
							<string name="Device" value="Jammer_US_A"/>
							<string name="Table" value="Probes"/>
						</object>
						<object name="ZPort_MainGunContr">
							<string name="Device" value="Mk_8R_M"/>
							<string name="Table" value="AimSystems"/>
						</object>
						<object name="ZPort_Radio">
							<string name="Device" value="TBS"/>
							<string name="Table" value="Probes"/>
						</object>
						<object name="ZPort_Sonar">
							<string name="Device" value="SearchLight_U"/>
							<string name="Table" value="Probes"/>
						</object>
						<object name="ZPort_SteamTurbine_01">
							<string name="Device" value="MPP_Barbiano"/>
							<string name="Table" value="Engins"/>
						</object>
					</object>
					<string name="Sonar" value="SearchLight_U"/>
					<float name="Speed" value="18."/>
					<string name="SuperRifles" value="Narvik_Torp_Tube.8."/>
					<float name="VolleyWeight" value="2.60699987"/>
					<float name="Weight" value="11168.3018"/>
				</object>
			</object>
		</object>
	</object>
</root>