﻿<?xml version = "1.0" encoding = "UTF-8"?>
<root>
	<object name = "SteelMonstersParams">
		<object name="Ships">
			<object name="Mutsu">
				<float name="AccelRate" value="1.e-004"/>
				<string name="Airgroup" value="Scout_Floatplane_Cruiser_Division_1_2_japan"/>
				<integer name="AirplanesCount" value="3"/>
				<string name="AmmoLoadingTemplate" value="Ammo 300"/>
				<boolean name="BoatsTransportationAbility" value="false"/>
				<integer name="CabinArmor" value="370"/>
				<boolean name="CanBeChanged" value="true"/>
				<boolean name="CanUseTorpedos" value="false"/>
				<string name="CatapultAirgroupDefaultUnit" value="F1M"/>
				<integer name="Country" value="2"/>
				<integer name="Crew" value="1368"/>
				<float name="CriticalCareen" value="37."/>
				<float name="CriticalDFT" value="2.9"/>
				<float name="CriticalDifferent" value="5."/>
				<float name="DisplacementMax" value="47097."/>
				<float name="DTimeProd" value="140."/>
				<float name="EPR" value="745."/>
				<float name="FireRisk" value="1500."/>
				<float name="Fuel" value="5560."/>
				<float name="HLShapeCoef" value="0.7"/>
				<integer name="HullArmorSide" value="305"/>
				<integer name="HullArmorTop" value="145"/>
				<float name="Iron" value="33900."/>
				<integer name="Length" value="225"/>
				<float name="MaxSpeed" value="25."/>
				<integer name="MinCrew" value="592"/>
				<float name="Money" value="30000."/>
				<string name="Name" value="Mutsu"/>
				<boolean name="New" value="false"/>
				<float name="NTimeProd" value="350."/>
				<integer name="Nuc_Dest_Prob" value="350"/>
				<integer name="Passengers" value="70"/>
				<boolean name="PlanesTransportationAbility" value="false"/>
				<float name="Range" value="19631.2"/>
				<integer name="Rank" value="2"/>
				<string name="SMU" value="Mutsu"/>
				<float name="Speed" value="16."/>
				<float name="StoreCapacity" value="1600."/>
				<boolean name="Transportable" value="false"/>
				<float name="TurnRate" value="7.e-004"/>
				<integer name="Type" value="1"/>
				<float name="Vitality" value="9000."/>
				<float name="VitalityAA" value="3000."/>
				<float name="Weight" value="33756."/>
				<integer name="Width" value="32.96"/>
				<integer name="Year" value="30"/>
			</object>
		</object>
		<object name="ShipsNames">
			<object name="Mutsu">
				<string name="1" value="Mutsu1"/>
			</object>
		</object>
		<object name="UnitsByType">
			<object name="1">
				<object name="Mutsu">
					<string name="ChildTable" value="Ships"/>
				</object>
			</object>
		</object>
	</object>
</root>
