﻿<?xml version="1.0" standalone="yes" ?>
<root>
	<object name="Modifications">
		<object name="Ships">
			<object name="Mutsu">
				<object name="Prototype">
					<string name="AAGunControl" value="Aim_AA"/>
					<float name="AAVolleyWeight" value="5.44880104"/>
					<float name="Aluminium" value="0."/>
					<float name="AmmoWeight" value="962.896729"/>
					<float name="Armour" value="0."/>
					<float name="FuelConsumption" value="7.54618216"/>
					<float name="FuelProtect" value="0."/>
					<string name="FullModName" value="Ships.Mutsu.Prototype"/>
					<float name="Iron" value="39307.0859"/>
					<boolean name="IsAvailable" value="false"/>
					<boolean name="IsJammer" value="false"/>
					<string name="MainGunControl" value="Typ94_M"/>
					<float name="MaxFuel" value="5560."/>
					<float name="MaxSpeed" value="25."/>
					<float name="MinSpeed" value="0."/>
					<float name="Money" value="52080.9844"/>
					<widestring name="Name" value="QgBhAHQAdABsAGUAcwBoAGkAcAAgAE0AdQB0AHMAdQA="/>
					<float name="RadarRange" value="100."/>
					<float name="RadioGain" value="32000."/>
					<float name="RadioPowerHF" value="160."/>
					<float name="RadioPowerVHF" value="0."/>
					<float name="RadioSensitivityHF" value="4.99999989e-003"/>
					<float name="RadioSensitivityVHF" value="0."/>
					<object name="Slots">
						<object name="TPort_MainGun_A">
							<string name="Device" value="2x410mmNagato_WRF_Turret_A"/>
							<string name="Table" value="Turrets"/>
						</object>
						<object name="TPort_MainGun_B">
							<string name="Device" value="2x410mmNagato_RF_Turret_B"/>
							<string name="Table" value="Turrets"/>
						</object> 
						<object name="TPort_MainGun_X">
							<string name="Device" value="2x410mmNagato_RF_Turret_X"/>
							<string name="Table" value="Turrets"/>
						</object>
						<object name="TPort_MainGun_Y">
							<string name="Device" value="2x410mmNagato_WRF_Turret_Y"/>
							<string name="Table" value="Turrets"/>
						</object>
						<object name="TPort_152mm_casemate_F1UR">
							<string name="Device" value="1x140mmGun_casemate_turret_IJN"/>
							<string name="Table" value="Turrets"/>
						</object>
						<object name="TPort_152mm_casemate_F1UL">
							<string name="Device" value="1x140mmGun_casemate_turret_IJN"/>
							<string name="Table" value="Turrets"/>
						</object>
						<object name="TPort_152mm_casemate_F2UR">
							<string name="Device" value="1x140mmGun_casemate_turret_IJN"/>
							<string name="Table" value="Turrets"/>
						</object>
						<object name="TPort_152mm_casemate_F2UL">
							<string name="Device" value="1x140mmGun_casemate_turret_IJN"/>
							<string name="Table" value="Turrets"/>
						</object>
						<object name="TPort_152mm_casemate_F3UR">
							<string name="Device" value="1x140mmGun_casemate_turret_IJN"/>
							<string name="Table" value="Turrets"/>
						</object>
						<object name="TPort_152mm_casemate_F3UL">
							<string name="Device" value="1x140mmGun_casemate_turret_IJN"/>
							<string name="Table" value="Turrets"/>
						</object>
						<object name="TPort_152mm_casemate_F4R">
							<string name="Device" value="1x140mmGun_casemate_turret_IJN"/>
							<string name="Table" value="Turrets"/>
						</object>
						<object name="TPort_152mm_casemate_F4L">
							<string name="Device" value="1x140mmGun_casemate_turret_IJN"/>
							<string name="Table" value="Turrets"/>
						</object>
						<object name="TPort_152mm_casemate_F5R">
							<string name="Device" value="1x140mmGun_casemate_turret_IJN"/>
							<string name="Table" value="Turrets"/>
						</object>
						<object name="TPort_152mm_casemate_F5L">
							<string name="Device" value="1x140mmGun_casemate_turret_IJN"/>
							<string name="Table" value="Turrets"/>
						</object>
						<object name="TPort_152mm_casemate_F6R">
							<string name="Device" value="1x140mmGun_casemate_turret_IJN"/>
							<string name="Table" value="Turrets"/>
						</object>
						<object name="TPort_152mm_casemate_F6L">
							<string name="Device" value="1x140mmGun_casemate_turret_IJN"/>
							<string name="Table" value="Turrets"/>
						</object>
						<object name="TPort_152mm_casemate_F7R">
							<string name="Device" value="1x140mmGun_casemate_turret_IJN"/>
							<string name="Table" value="Turrets"/>
						</object>
						<object name="TPort_152mm_casemate_F7L">
							<string name="Device" value="1x140mmGun_casemate_turret_IJN"/>
							<string name="Table" value="Turrets"/>
						</object>
						<object name="TPort_152mm_casemate_B1R">
							<string name="Device" value="1x140mmGun_casemate_turret_IJN"/>
							<string name="Table" value="Turrets"/>
						</object>
						<object name="TPort_152mm_casemate_B1L">
							<string name="Device" value="1x140mmGun_casemate_turret_IJN"/>
							<string name="Table" value="Turrets"/>
						</object>
						<object name="TPort_152mm_casemate_B2R">
							<string name="Device" value="1x140mmGun_casemate_turret_IJN"/>
							<string name="Table" value="Turrets"/>
						</object>
						<object name="TPort_152mm_casemate_B2L">
							<string name="Device" value="1x140mmGun_casemate_turret_IJN"/>
							<string name="Table" value="Turrets"/>
						</object>

						<object name="TPort_127mmFR">
							<string name="Device" value="Myoko_Turret_127x2"/>
							<string name="Table" value="Turrets"/>
						</object>
						<object name="TPort_127mmFL">
							<string name="Device" value="Myoko_Turret_127x2"/>
							<string name="Table" value="Turrets"/>
						</object>
						<object name="TPort_127mmBR">
							<string name="Device" value="Myoko_Turret_127x2"/>
							<string name="Table" value="Turrets"/>
						</object>
						<object name="TPort_127mmBL">
							<string name="Device" value="Myoko_Turret_127x2"/>
							<string name="Table" value="Turrets"/>
						</object>
						<object name="TPort_AA3x25mmF1R">
							<string name="Device" value="Jap_Turret_25x1"/>
							<string name="Table" value="Turrets"/>
						</object>

						<object name="TPort_AA3x25mmF1L">
							<string name="Device" value="Jap_Turret_25x1"/>
							<string name="Table" value="Turrets"/>
						</object>
						<object name="TPort_AA3x25mmF2R">
							<string name="Device" value=""/>
							<string name="Table" value="Turrets"/>
						</object>

						<object name="TPort_AA3x25mmF2L">
							<string name="Device" value=""/>
							<string name="Table" value="Turrets"/>
						</object>
						<object name="TPort_AA3x25mmM1R">
							<string name="Device" value="Jap_Turret_25x1"/>
							<string name="Table" value="Turrets"/>
						</object>

						<object name="TPort_AA3x25mmM1L">
							<string name="Device" value="Jap_Turret_25x1"/>
							<string name="Table" value="Turrets"/>
						</object>
						<object name="TPort_AA3x25mmM2R">
							<string name="Device" value=""/>
							<string name="Table" value="Turrets"/>
						</object>

						<object name="TPort_AA3x25mmM2L">
							<string name="Device" value=""/>
							<string name="Table" value="Turrets"/>
						</object>
						<object name="TPort_AA3x25mmM3R">
							<string name="Device" value=""/>
							<string name="Table" value="Turrets"/>
						</object>

						<object name="TPort_AA3x25mmM3L">
							<string name="Device" value=""/>
							<string name="Table" value="Turrets"/>
						</object>
						<object name="TPort_AA3x25mmB1R">
							<string name="Device" value="Jap_Turret_25x1"/>
							<string name="Table" value="Turrets"/>
						</object>

						<object name="TPort_AA3x25mmB1L">
							<string name="Device" value="Jap_Turret_25x1"/>
							<string name="Table" value="Turrets"/>
						</object>
						<object name="TPort_AA3x25mmB2R">
							<string name="Device" value=""/>
							<string name="Table" value="Turrets"/>
						</object>

						<object name="TPort_AA3x25mmB2L">
							<string name="Device" value=""/>
							<string name="Table" value="Turrets"/>
						</object>
						<object name="TPort_AA3x25mmB3R">
							<string name="Device" value=""/>
							<string name="Table" value="Turrets"/>
						</object>

						<object name="TPort_AA3x25mmB3L">
							<string name="Device" value=""/>
							<string name="Table" value="Turrets"/>
						</object>
						<object name="TPort_AA2x25mmF">
							<string name="Device" value="Jap_Turret_25x2"/>
							<string name="Table" value="Turrets"/>
						</object>
						<object name="TPort_AA2x25mmF0R">
							<string name="Device" value="Jap_Turret_25x2"/>
							<string name="Table" value="Turrets"/>
						</object>
						<object name="TPort_AA2x25mmF0L">
							<string name="Device" value="Jap_Turret_25x2"/>
							<string name="Table" value="Turrets"/>
						</object>
						<object name="TPort_AA2x25mmF1R">
							<string name="Device" value="Jap_Turret_25x2"/>
							<string name="Table" value="Turrets"/>
						</object>
						<object name="TPort_AA2x25mmF1L">
							<string name="Device" value="Jap_Turret_25x2"/>
							<string name="Table" value="Turrets"/>
						</object>
						<object name="TPort_AA2x25mmF2R">
							<string name="Device" value="Jap_Turret_25x2"/>
							<string name="Table" value="Turrets"/>
						</object>
						<object name="TPort_AA2x25mmF2L">
							<string name="Device" value="Jap_Turret_25x2"/>
							<string name="Table" value="Turrets"/>
						</object>
						<object name="TPort_AA2x25mmF3R">
							<string name="Device" value="Jap_Turret_25x2"/>
							<string name="Table" value="Turrets"/>
						</object>
						<object name="TPort_AA2x25mmF3L">
							<string name="Device" value="Jap_Turret_25x2"/>
							<string name="Table" value="Turrets"/>
						</object>
						<object name="TPort_AA2x25mmB">
							<string name="Device" value="Jap_Turret_25x2"/>
							<string name="Table" value="Turrets"/>
						</object>
						<object name="TPort_AA1x25mmF00R">
							<string name="Device" value=""/>
							<string name="Table" value="Turrets"/>
						</object>
						<object name="TPort_AA1x25mmF00L">
							<string name="Device" value=""/>
							<string name="Table" value="Turrets"/>
						</object>
						<object name="TPort_AA1x25mmF0R">
							<string name="Device" value=""/>
							<string name="Table" value="Turrets"/>
						</object>
						<object name="TPort_AA1x25mmF0L">
							<string name="Device" value=""/>
							<string name="Table" value="Turrets"/>
						</object>
						<object name="TPort_AA1x25mmF1R">
							<string name="Device" value=""/>
							<string name="Table" value="Turrets"/>
						</object>
						<object name="TPort_AA1x25mmF1L">
							<string name="Device" value=""/>
							<string name="Table" value="Turrets"/>
						</object>
						<object name="TPort_AA1x25mmF2R">
							<string name="Device" value=""/>
							<string name="Table" value="Turrets"/>
						</object>
						<object name="TPort_AA1x25mmF2L">
							<string name="Device" value=""/>
							<string name="Table" value="Turrets"/>
						</object>
						<object name="TPort_AA1x25mmF3R">
							<string name="Device" value=""/>
							<string name="Table" value="Turrets"/>
						</object>
						<object name="TPort_AA1x25mmF3L">
							<string name="Device" value=""/>
							<string name="Table" value="Turrets"/>
						</object>
						<object name="TPort_AA1x25mmF4R">
							<string name="Device" value=""/>
							<string name="Table" value="Turrets"/>
						</object>
						<object name="TPort_AA1x25mmF4L">
							<string name="Device" value=""/>
							<string name="Table" value="Turrets"/>
						</object>
						<object name="TPort_AA1x25mmF5R">
							<string name="Device" value=""/>
							<string name="Table" value="Turrets"/>
						</object>
						<object name="TPort_AA1x25mmF5L">
							<string name="Device" value=""/>
							<string name="Table" value="Turrets"/>
						</object>
						<object name="TPort_AA1x25mmF6R">
							<string name="Device" value=""/>
							<string name="Table" value="Turrets"/>
						</object>
						<object name="TPort_AA1x25mmF6L">
							<string name="Device" value=""/>
							<string name="Table" value="Turrets"/>
						</object>
						<object name="TPort_AA1x25mmF7R">
							<string name="Device" value=""/>
							<string name="Table" value="Turrets"/>
						</object>
						<object name="TPort_AA1x25mmF7L">
							<string name="Device" value=""/>
							<string name="Table" value="Turrets"/>
						</object>
						<object name="TPort_AA1x25mmF8R">
							<string name="Device" value=""/>
							<string name="Table" value="Turrets"/>
						</object>
						<object name="TPort_AA1x25mmF8L">
							<string name="Device" value=""/>
							<string name="Table" value="Turrets"/>
						</object>
						<object name="TPort_AA1x25mmF9R">
							<string name="Device" value=""/>
							<string name="Table" value="Turrets"/>
						</object>
						<object name="TPort_AA1x25mmF9L">
							<string name="Device" value=""/>
							<string name="Table" value="Turrets"/>
						</object>
						<object name="TPort_AA1x25mmF10R">
							<string name="Device" value=""/>
							<string name="Table" value="Turrets"/>
						</object>
						<object name="TPort_AA1x25mmF10L">
							<string name="Device" value=""/>
							<string name="Table" value="Turrets"/>
						</object>
						<object name="TPort_AA1x25mmF11R">
							<string name="Device" value=""/>
							<string name="Table" value="Turrets"/>
						</object>
						<object name="TPort_AA1x25mmF11L">
							<string name="Device" value=""/>
							<string name="Table" value="Turrets"/>
						</object>
						<object name="TPort_AA1x25mmF12R">
							<string name="Device" value=""/>
							<string name="Table" value="Turrets"/>
						</object>
						<object name="TPort_AA1x25mmF12L">
							<string name="Device" value=""/>
							<string name="Table" value="Turrets"/>
						</object>
						<object name="TPort_AA1x25mmF13R">
							<string name="Device" value=""/>
							<string name="Table" value="Turrets"/>
						</object>
						<object name="TPort_AA1x25mmF13L">
							<string name="Device" value=""/>
							<string name="Table" value="Turrets"/>
						</object>
						<object name="TPort_ProjBisFR">
							<string name="Device" value="Bismark_Projector_Turret"/>
							<string name="Table" value="Turrets"/>
						</object> 
						<object name="TPort_ProjBisFL">
							<string name="Device" value="Bismark_Projector_Turret"/>
							<string name="Table" value="Turrets"/>
						</object>
						<object name="TPort_ProjBisBR">
							<string name="Device" value="Bismark_Projector_Turret"/>
							<string name="Table" value="Turrets"/>
						</object> 
						<object name="TPort_ProjBisBL">
							<string name="Device" value="Bismark_Projector_Turret"/>
							<string name="Table" value="Turrets"/>
						</object>
						<object name="TPort_ProjFR">
							<string name="Device" value="Jap_Projector"/>
							<string name="Table" value="Turrets"/>
						</object> 
						<object name="TPort_ProjFL">
							<string name="Device" value="Jap_Projector"/>
							<string name="Table" value="Turrets"/>
						</object>
						<object name="TPort_ProjM1R">
							<string name="Device" value=""/>
							<string name="Table" value="Turrets"/>
						</object>
						<object name="TPort_ProjM1L">
							<string name="Device" value=""/>
							<string name="Table" value="Turrets"/>
						</object>
						<object name="TPort_RF_Typ95_02_F1R">
							<string name="Device" value="Director_Typ95_Yamato_02"/>
							<string name="Table" value="Turrets"/>
						</object> 
						<object name="TPort_RF_Typ95_02_F1L">
							<string name="Device" value="Director_Typ95_Yamato_02"/>
							<string name="Table" value="Turrets"/>
						</object>
						<object name="TPort_RF_Typ95_02_F2R">
							<string name="Device" value="Director_Typ95_Yamato_02"/>
							<string name="Table" value="Turrets"/>
						</object> 
						<object name="TPort_RF_Typ95_02_F2L">
							<string name="Device" value="Director_Typ95_Yamato_02"/>
							<string name="Table" value="Turrets"/>
						</object>
						<object name="TPort_RF_Typ95_02_F3R">
							<string name="Device" value="Director_Typ95_Yamato_02"/>
							<string name="Table" value="Turrets"/>
						</object> 
						<object name="TPort_RF_Typ95_02_F3L">
							<string name="Device" value="Director_Typ95_Yamato_02"/>
							<string name="Table" value="Turrets"/>
						</object>
						<object name="TPort_RF_Typ95_02_F4R">
							<string name="Device" value="Director_Typ95_Yamato_02"/>
							<string name="Table" value="Turrets"/>
						</object> 
						<object name="TPort_RF_Typ95_02_F4L">
							<string name="Device" value="Director_Typ95_Yamato_02"/>
							<string name="Table" value="Turrets"/>
						</object>
						<object name="TPort_RF_Jap_Mk52_FR">
							<string name="Device" value="Jap_RangeFinder_Mk52"/>
							<string name="Table" value="Turrets"/>
						</object>
						<object name="TPort_RF_Jap_Mk52_FL">
							<string name="Device" value="Jap_RangeFinder_Mk52"/>
							<string name="Table" value="Turrets"/>
						</object>
						<object name="TPort_RF_Jap_Mk52_F1R">
							<string name="Device" value="Jap_RangeFinder_Mk52"/>
							<string name="Table" value="Turrets"/>
						</object>
						<object name="TPort_RF_Jap_Mk52_F1L">
							<string name="Device" value="Jap_RangeFinder_Mk52"/>
							<string name="Table" value="Turrets"/>
						</object>
						<object name="TPort_RF_Jap_Mk52_MR">
							<string name="Device" value=""/>
							<string name="Table" value="Turrets"/>
						</object>
						<object name="TPort_RF_Jap_Mk52_ML">
							<string name="Device" value=""/>
							<string name="Table" value="Turrets"/>
						</object>
						<object name="TPort_RF_C1_FR">
							<string name="Device" value="Dalnomer_C1"/>
							<string name="Table" value="Turrets"/>
						</object>
						<object name="TPort_RF_C1_FL">
							<string name="Device" value="Dalnomer_C1"/>
							<string name="Table" value="Turrets"/>
						</object>
						<object name="TPort_RF_Myoko_OP_1var_FR">
							<string name="Device" value="Myoko_Optical_RF_1Var"/>
							<string name="Table" value="Turrets"/>
						</object>
						<object name="TPort_RF_Myoko_OP_1var_FL">
							<string name="Device" value="Myoko_Optical_RF_1Var"/>
							<string name="Table" value="Turrets"/>
						</object>
						<object name="TPort_RF_Fuso_OP_2var_F1R">
							<string name="Device" value="Fuso_Optical_RF_2Var"/>
							<string name="Table" value="Turrets"/>
						</object>
						<object name="TPort_RF_Fuso_OP_2var_F1L">
							<string name="Device" value="Fuso_Optical_RF_2Var"/>
							<string name="Table" value="Turrets"/>
						</object>
						<object name="TPort_RF_Fuso_OP_2var_F2R">
							<string name="Device" value="Fuso_Optical_RF_2Var"/>
							<string name="Table" value="Turrets"/>
						</object>
						<object name="TPort_RF_Fuso_OP_2var_F2L">
							<string name="Device" value="Fuso_Optical_RF_2Var"/>
							<string name="Table" value="Turrets"/>
						</object>
						<object name="TPort_RF_Fuso_OP_2var_F3R">
							<string name="Device" value="Fuso_Optical_RF_2Var"/>
							<string name="Table" value="Turrets"/>
						</object>
						<object name="TPort_RF_Fuso_OP_2var_F3L">
							<string name="Device" value="Fuso_Optical_RF_2Var"/>
							<string name="Table" value="Turrets"/>
						</object>
						<object name="TPort_RF_Myoko_Dir_3var_BR">
							<string name="Device" value="Myoko_Director_3Var"/>
							<string name="Table" value="Turrets"/>
						</object>
						<object name="TPort_RF_Myoko_Dir_3var_BL">
							<string name="Device" value="Myoko_Director_3Var"/>
							<string name="Table" value="Turrets"/>
						</object>
						<object name="TPort_RF_Fuso_Dir_2var_F1R">
							<string name="Device" value="Fuso_Director_2Var"/>
							<string name="Table" value="Turrets"/>
						</object>
						<object name="TPort_RF_Fuso_Dir_2var_F1L">
							<string name="Device" value="Fuso_Director_2Var"/>
							<string name="Table" value="Turrets"/>
						</object>
						<object name="TPort_RF_Fuso_Dir_2var_F2R">
							<string name="Device" value="Fuso_Director_2Var"/>
							<string name="Table" value="Turrets"/>
						</object>
						<object name="TPort_RF_Fuso_Dir_2var_F2L">
							<string name="Device" value="Fuso_Director_2Var"/>
							<string name="Table" value="Turrets"/>
						</object>
						<object name="TPort_Main_Gun_Director1">
							<string name="Device" value="Fuso_DirectorMG_1Var"/>
							<string name="Table" value="Turrets"/>
						</object>
						<object name="TPort_Main_Gun_Director2">
							<string name="Device" value="Fuso_DirectorMG_2Var"/>
							<string name="Table" value="Turrets"/>
						</object>
						<object name="TPort_Main_Gun_Director3">
							<string name="Device" value="Dalnomer45_Akagi"/>
							<string name="Table" value="Turrets"/>
						</object>
						<object name="TPort_RADAR1">
							<string name="Device" value=""/>
							<string name="Table" value="Turrets"/>
						</object>
						<object name="TPort_RADAR2">
							<string name="Device" value=""/>
							<string name="Table" value="Turrets"/>
						</object>
						<object name="TPort_RADAR3">
							<string name="Device" value=""/>
							<string name="Table" value="Turrets"/>
						</object>
						<object name="TPort_RADAR4">
							<string name="Device" value="Dalnomer_C1"/>
							<string name="Table" value="Turrets"/>
						</object>
						<object name="TPort_RADAR5">
							<string name="Device" value="Dalnomer_C1"/>
							<string name="Table" value="Turrets"/>
						</object>
						<object name="TPort_KATAPULT">
							<string name="Device" value="Katapulta"/>
							<string name="Table" value="Turrets"/>
						</object>
						
						<object name="TPort_VINTBR">
							<string name="Device" value="Vint_Bismark"/>
							<string name="Table" value="Turrets"/>
						</object>
						<object name="TPort_VINTBL">
							<string name="Device" value="Vint_Bismark"/>
							<string name="Table" value="Turrets"/>
						</object> 
						<object name="TPort_VINTFR">
							<string name="Device" value="Vint_Bismark"/>
							<string name="Table" value="Turrets"/>
						</object>
						<object name="TPort_VINTFL">
							<string name="Device" value="Vint_Bismark"/>
							<string name="Table" value="Turrets"/>
						</object>	  
						<object name="ZPort_AAGunContr1">
							<string name="Device" value="Aim_AA"/>
							<string name="Table" value="AimSystems"/>
						</object>
						<object name="ZPort_Jammer_US_A1">
							<string name="Device" value=""/>
							<string name="Table" value="Probes"/>
						</object>
						<object name="ZPort_MainGunContr">
							<string name="Device" value="Typ94_M"/>
							<string name="Table" value="AimSystems"/>
						</object>
						<object name="ZPort_Radio">
							<string name="Device" value="J_ShipRadioHF"/>
							<string name="Table" value="Probes"/>
						</object>
						<object name="ZPort_Sonar">
							<string name="Device" value=""/>
							<string name="Table" value="Probes"/>
						</object>
						<object name="ZPort_SteamTurbine_01">
							<string name="Device" value="MPP_Nagato"/>
							<string name="Table" value="Engins"/>
						</object>
					</object>
					<string name="Sonar" value=""/>
					<float name="Speed" value="16."/>
					<string name="SuperRifles" value=""/>
					<float name="VolleyWeight" value="26.2952843"/>
					<float name="Weight" value="42167.2344"/>
				</object>
			</object>
		</object>
	</object>
</root>