﻿<?xml version = "1.0" encoding = "UTF-8"?>
<root>
	<object name = "SteelMonstersParams">
		<object name="Ships">
			<object name="Carolina">
				<float name="AccelRate" value="1.e-004"/>
				<string name="Airgroup" value="Scout_ShipWater_Battleship_Battaliom_usa"/>
				<integer name="AirplanesCount" value="4"/>
				<string name="AmmoLoadingTemplate" value="Ammo 300"/>
				<boolean name="BoatsTransportationAbility" value="false"/>
				<integer name="CabinArmor" value="533"/>
				<boolean name="CanBeChanged" value="true"/>
				<boolean name="CanUseTorpedos" value="false"/>
				<string name="CatapultAirgroupDefaultUnit" value="OS2U"/>
				<integer name="Country" value="1"/>
				<integer name="Crew" value="1880"/>
				<float name="CriticalCareen" value="31."/>
				<float name="CriticalDFT" value="2.7"/>
				<float name="CriticalDifferent" value="2.3"/>
				<float name="DisplacementMax" value="44377."/>
				<float name="DTimeProd" value="160."/>
				<float name="EPR" value="630."/>
				<float name="FireRisk" value="1667."/>
				<float name="Fuel" value="6959."/>
				<float name="HLShapeCoef" value="0.65"/>
				<integer name="HullArmorSide" value="310"/>
				<integer name="HullArmorTop" value="265"/>
				<float name="Iron" value="50000."/>
				<integer name="Length" value="222.19"/>
				<float name="MaxSpeed" value="28.0"/>
				<integer name="MinCrew" value="860"/>
				<float name="Money" value="42000."/>
				<string name="Name" value="Carolina"/>
				<boolean name="New" value="false"/>
				<float name="NTimeProd" value="400."/>
				<integer name="Nuc_Dest_Prob" value="300"/>
				<integer name="Passengers" value="70"/>
				<boolean name="PlanesTransportationAbility" value="false"/>
				<float name="Range" value="27000."/>
				<integer name="Rank" value="2"/>
				<string name="SMU" value="Carolina"/>
				<float name="Speed" value="15."/>
				<float name="StoreCapacity" value="2500."/>
				<boolean name="Transportable" value="false"/>
				<float name="TurnRate" value="7.e-004"/>
				<integer name="Type" value="1"/>
				<float name="Vitality" value="8400."/>
				<float name="VitalityAA" value="3500."/>
				<float name="Weight" value="38083."/>
				<integer name="Width" value="33"/>
				<integer name="Year" value="41"/>
			</object>
		</object>
		<object name="Engins">
			<object name="MPP_Carolina">
				<float name="Consumption" value="3.511e-004"/>
				<integer name="Country" value="1"/>
				<float name="Money" value="22000."/>
				<integer name="Power_Max" value="121000"/>
				<integer name="RPM_Max" value="0"/>
				<integer name="Type" value="8"/>
				<integer name="Unreliability" value="10"/>
				<string name="Usage" value="Ships"/>
				<float name="Weight" value="3000."/>
			</object>
		</object>
		<object name="Hit_Location">
			<object name="Carolina5945">
				<integer name="Country" value="1"/>
				<float name="ER" value="500."/>
				<string name="Hull" value="Carolina_BattleCabine"/>
				<string name="Name" value="BattleCabine"/>
				<string name="TypHL" value="Hull"/>
				<string name="UnitName" value="Carolina"/>
			</object>
			<object name="Carolina5947">
				<string name="ConnectName" value="Middle6_Engine"/>
				<integer name="Country" value="1"/>
				<float name="ER" value="500."/>
				<string name="Hull" value="Std_Mover"/>
				<string name="Name" value="Mover4"/>
				<string name="TypHL" value="Mover"/>
				<string name="UnitName" value="Carolina"/>
			</object>
			<object name="Carolina5948">
				<string name="ConnectName" value="Middle8_Engine"/>
				<integer name="Country" value="1"/>
				<float name="ER" value="500."/>
				<string name="Hull" value="Std_Mover"/>
				<string name="Name" value="Mover3"/>
				<string name="TypHL" value="Mover"/>
				<string name="UnitName" value="Carolina"/>
			</object>
			<object name="Carolina5949">
				<string name="ConnectName" value="Middle4_Engine"/>
				<integer name="Country" value="1"/>
				<float name="ER" value="500."/>
				<string name="Hull" value="Std_Mover"/>
				<string name="Name" value="Mover1"/>
				<string name="TypHL" value="Mover"/>
				<string name="UnitName" value="Carolina"/>
			</object>
			<object name="Carolina5950">
				<string name="ConnectName" value="Middle2_Engine"/>
				<integer name="Country" value="1"/>
				<float name="ER" value="500."/>
				<string name="Hull" value="Std_Mover"/>
				<string name="Name" value="Mover2"/>
				<string name="TypHL" value="Mover"/>
				<string name="UnitName" value="Carolina"/>
			</object>
			<object name="Carolina5951">
				<string name="ConnectName" value="Tiller;"/>
				<integer name="Country" value="1"/>
				<float name="ER" value="500."/>
				<string name="Hull" value="Std_Rudder"/>
				<string name="Name" value="Rudder2"/>
				<string name="TypHL" value="Rudder"/>
				<string name="UnitName" value="Carolina"/>
			</object>
			<object name="Carolina5952">
				<string name="ConnectName" value="Tiller;"/>
				<integer name="Country" value="1"/>
				<float name="ER" value="500."/>
				<string name="Hull" value="Std_Rudder"/>
				<string name="Name" value="Rudder1"/>
				<string name="TypHL" value="Rudder"/>
				<string name="UnitName" value="Carolina"/>
			</object>
			<object name="Carolina5953">
				<integer name="Country" value="1"/>
				<float name="ER" value="500."/>
				<string name="Hull" value="Carolina_Barbet_Bow"/>
				<string name="Name" value="Barbett1"/>
				<float name="Param_1" value="0."/>
				<string name="TypHL" value="AmmoStore"/>
				<string name="UnitName" value="Carolina"/>
			</object>
			<object name="Carolina5954">
				<integer name="Country" value="1"/>
				<float name="ER" value="500."/>
				<string name="Hull" value="Carolina_Barbet"/>
				<string name="Name" value="Barbett2"/>
				<float name="Param_1" value="0."/>
				<string name="TypHL" value="AmmoStore"/>
				<string name="UnitName" value="Carolina"/>
			</object>
			<object name="Carolina5955">
				<integer name="Country" value="1"/>
				<float name="ER" value="500."/>
				<string name="Hull" value="Carolina_LBBelt"/>
				<string name="Name" value="Bow3_LLowerBeltM"/>
				<string name="TypHL" value="Hull"/>
				<string name="UnitName" value="Carolina"/>
			</object>
			<object name="Carolina5956">
				<integer name="Country" value="1"/>
				<float name="ER" value="500."/>
				<string name="Hull" value="Carolina_ABDeck"/>
				<string name="Name" value="Bow3_MiddleDeck"/>
				<string name="TypHL" value="Hull"/>
				<string name="UnitName" value="Carolina"/>
			</object>
			<object name="Carolina5957">
				<integer name="Country" value="1"/>
				<float name="ER" value="500."/>
				<string name="Hull" value="Std_Probe"/>
				<string name="Name" value="DamageControl"/>
				<string name="TypHL" value="Probe"/>
				<string name="UnitName" value="Carolina"/>
			</object>
			<object name="Carolina5958">
				<integer name="Country" value="1"/>
				<float name="ER" value="500."/>
				<string name="Hull" value="Std_Probe"/>
				<string name="Name" value="Probe_MG_Bow"/>
				<string name="TypHL" value="Probe"/>
				<string name="UnitName" value="Carolina"/>
			</object>
			<object name="Carolina5959">
				<integer name="Country" value="1"/>
				<float name="ER" value="500."/>
				<string name="Hull" value="Carolina_UADeck"/>
				<string name="Name" value="Bow3_UpperBelt"/>
				<string name="TypHL" value="Hull"/>
				<string name="UnitName" value="Carolina"/>
			</object>
			<object name="Carolina5960">
				<integer name="Country" value="1"/>
				<float name="ER" value="500."/>
				<string name="Hull" value="Carolina_RBBelt"/>
				<string name="Name" value="Bow3_RLowerBelt"/>
				<string name="TypHL" value="Hull"/>
				<string name="UnitName" value="Carolina"/>
			</object>
			<object name="Carolina5961">
				<integer name="Country" value="1"/>
				<float name="ER" value="500."/>
				<string name="Hull" value="Carolina_RUBBelt"/>
				<string name="Name" value="Bow3_RUpperBelt"/>
				<string name="TypHL" value="Hull"/>
				<string name="UnitName" value="Carolina"/>
			</object>
			<object name="Carolina5962">
				<integer name="Country" value="1"/>
				<float name="ER" value="500."/>
				<string name="Hull" value="Carolina_LUBBelt"/>
				<string name="Name" value="Bow3_LUpperBelt"/>
				<string name="TypHL" value="Hull"/>
				<string name="UnitName" value="Carolina"/>
			</object>
			<object name="Carolina5963">
				<integer name="Country" value="1"/>
				<float name="ER" value="500."/>
				<string name="Hull" value="Std_LAMP"/>
				<string name="Name" value="Bow3_LAMP"/>
				<string name="TypHL" value="Hull"/>
				<string name="UnitName" value="Carolina"/>
			</object>
			<object name="Carolina5964">
				<integer name="Country" value="1"/>
				<float name="ER" value="500."/>
				<string name="Hull" value="Std_RAMP"/>
				<string name="Name" value="Bow3_RAMP"/>
				<string name="TypHL" value="Hull"/>
				<string name="UnitName" value="Carolina"/>
			</object>
			<object name="Carolina5965">
				<integer name="Country" value="1"/>
				<float name="ER" value="500."/>
				<string name="Hull" value="Carolina_ABLDeck"/>
				<string name="Name" value="Bow3_LowerDeck"/>
				<string name="TypHL" value="Hull"/>
				<string name="UnitName" value="Carolina"/>
			</object>
			<object name="Carolina5966">
				<integer name="Country" value="1"/>
				<float name="ER" value="500."/>
				<string name="Hull" value="Std_AS_T2"/>
				<string name="Name" value="AmmoStore2_2"/>
				<float name="Param_1" value="0."/>
				<string name="TypHL" value="AmmoStore"/>
				<string name="UnitName" value="Carolina"/>
			</object>
			<object name="Carolina5967">
				<integer name="Country" value="1"/>
				<float name="ER" value="500."/>
				<string name="Hull" value="Std_AS_T1"/>
				<string name="Name" value="AmmoStore2_1"/>
				<float name="Param_1" value="0."/>
				<string name="TypHL" value="AmmoStore"/>
				<string name="UnitName" value="Carolina"/>
			</object>
			<object name="Carolina5968">
				<integer name="Country" value="1"/>
				<float name="ER" value="500."/>
				<string name="Hull" value="Std_AS_T1"/>
				<string name="Name" value="AmmoStore1_1"/>
				<float name="Param_1" value="0."/>
				<string name="TypHL" value="AmmoStore"/>
				<string name="UnitName" value="Carolina"/>
			</object>
			<object name="Carolina5969">
				<integer name="Country" value="1"/>
				<float name="ER" value="500."/>
				<string name="Hull" value="Std_AS_T2"/>
				<string name="Name" value="AmmoStore1_2"/>
				<float name="Param_1" value="0."/>
				<string name="TypHL" value="AmmoStore"/>
				<string name="UnitName" value="Carolina"/>
			</object>
			<object name="Carolina5970">
				<integer name="Country" value="1"/>
				<float name="ER" value="500."/>
				<string name="Hull" value="Std_Bottom"/>
				<string name="Name" value="Bow3_LBottom"/>
				<string name="TypHL" value="Hull"/>
				<string name="UnitName" value="Carolina"/>
			</object>
			<object name="Carolina5971">
				<integer name="Country" value="1"/>
				<float name="ER" value="500."/>
				<string name="Hull" value="Std_Bottom"/>
				<string name="Name" value="Bow3_RBottom"/>
				<string name="TypHL" value="Hull"/>
				<string name="UnitName" value="Carolina"/>
			</object>
			<object name="Carolina5972">
				<integer name="Country" value="1"/>
				<float name="ER" value="500."/>
				<string name="Hull" value="Carolina_UADeck"/>
				<string name="Name" value="Middle1_UpperDeck"/>
				<string name="TypHL" value="Hull"/>
				<string name="UnitName" value="Carolina"/>
			</object>
			<object name="Carolina5973">
				<integer name="Country" value="1"/>
				<float name="ER" value="500."/>
				<string name="Hull" value="Carolina_ADeck"/>
				<string name="Name" value="Middle1_MiddleDeck"/>
				<string name="TypHL" value="Hull"/>
				<string name="UnitName" value="Carolina"/>
			</object>
			<object name="Carolina5974">
				<integer name="Country" value="1"/>
				<float name="ER" value="500."/>
				<string name="Hull" value="Std_Probe"/>
				<string name="Name" value="Radio_Bow"/>
				<string name="TypHL" value="Probe"/>
				<string name="UnitName" value="Carolina"/>
			</object>
			<object name="Carolina5975">
				<integer name="Country" value="1"/>
				<float name="ER" value="500."/>
				<string name="Hull" value="Std_Probe"/>
				<string name="Name" value="Radar_Bow"/>
				<string name="TypHL" value="Probe"/>
				<string name="UnitName" value="Carolina"/>
			</object>
			<object name="Carolina5976">
				<integer name="Country" value="1"/>
				<float name="ER" value="500."/>
				<string name="Hull" value="Std_BoilerHull"/>
				<string name="Name" value="Middle1_LowerDeck"/>
				<string name="TypHL" value="Hull"/>
				<string name="UnitName" value="Carolina"/>
			</object>
			<object name="Carolina5977">
				<integer name="Country" value="1"/>
				<float name="ER" value="500."/>
				<string name="Hull" value="Std_Boiler"/>
				<string name="Name" value="Middle1_Boiler"/>
				<string name="TypHL" value="Boiler"/>
				<string name="UnitName" value="Carolina"/>
			</object>
			<object name="Carolina5978">
				<integer name="Country" value="1"/>
				<float name="ER" value="500."/>
				<string name="Hull" value="Std_LAMP"/>
				<string name="Name" value="Middle1_LAMP"/>
				<string name="TypHL" value="Hull"/>
				<string name="UnitName" value="Carolina"/>
			</object>
			<object name="Carolina5979">
				<integer name="Country" value="1"/>
				<float name="ER" value="500."/>
				<string name="Hull" value="Std_RAMP"/>
				<string name="Name" value="Middle1_RAMP"/>
				<string name="TypHL" value="Hull"/>
				<string name="UnitName" value="Carolina"/>
			</object>
			<object name="Carolina5980">
				<integer name="Country" value="1"/>
				<float name="ER" value="700."/>
				<string name="Hull" value="Carolina_RUBelt"/>
				<string name="Name" value="Middle1_RUpperBelt"/>
				<string name="TypHL" value="Hull"/>
				<string name="UnitName" value="Carolina"/>
			</object>
			<object name="Carolina5981">
				<integer name="Country" value="1"/>
				<float name="ER" value="700."/>
				<string name="Hull" value="Carolina_RLBelt"/>
				<string name="Name" value="Middle1_RLowerBelt"/>
				<string name="TypHL" value="Hull"/>
				<string name="UnitName" value="Carolina"/>
			</object>
			<object name="Carolina5982">
				<integer name="Country" value="1"/>
				<float name="ER" value="700."/>
				<string name="Hull" value="Carolina_LLBelt"/>
				<string name="Name" value="Middle1_LLowerBelt"/>
				<string name="TypHL" value="Hull"/>
				<string name="UnitName" value="Carolina"/>
			</object>
			<object name="Carolina5983">
				<integer name="Country" value="1"/>
				<float name="ER" value="700."/>
				<string name="Hull" value="Carolina_LUBelt"/>
				<string name="Name" value="Middle1_LUpperBelt"/>
				<string name="TypHL" value="Hull"/>
				<string name="UnitName" value="Carolina"/>
			</object>
			<object name="Carolina5984">
				<integer name="Country" value="1"/>
				<float name="ER" value="500."/>
				<string name="Hull" value="Std_Bottom"/>
				<string name="Name" value="Middle1_RBottom"/>
				<string name="TypHL" value="FuelTank"/>
				<string name="UnitName" value="Carolina"/>
			</object>
			<object name="Carolina5985">
				<integer name="Country" value="1"/>
				<float name="ER" value="500."/>
				<string name="Hull" value="Std_Bottom"/>
				<string name="Name" value="Middle1_LBottom"/>
				<string name="TypHL" value="FuelTank"/>
				<string name="UnitName" value="Carolina"/>
			</object>
			<object name="Carolina5986">
				<integer name="Country" value="1"/>
				<float name="ER" value="500."/>
				<string name="Hull" value="Carolina_UADeck"/>
				<string name="Name" value="Middle2_UpperDeck"/>
				<string name="TypHL" value="Hull"/>
				<string name="UnitName" value="Carolina"/>
			</object>
			<object name="Carolina5987">
				<integer name="Country" value="1"/>
				<float name="ER" value="500."/>
				<string name="Hull" value="Carolina_ADeck"/>
				<string name="Name" value="Middle2_MiddleDeck"/>
				<string name="TypHL" value="Hull"/>
				<string name="UnitName" value="Carolina"/>
			</object>
			<object name="Carolina5988">
				<integer name="Country" value="1"/>
				<float name="ER" value="500."/>
				<string name="Hull" value="Std_Probe"/>
				<string name="Name" value="Probe_AA_Bow"/>
				<string name="TypHL" value="Probe"/>
				<string name="UnitName" value="Carolina"/>
			</object>
			<object name="Carolina5989">
				<integer name="Country" value="1"/>
				<float name="ER" value="500."/>
				<string name="Hull" value="Std_EngineHull"/>
				<string name="Name" value="Middle2_LowerDeck"/>
				<string name="TypHL" value="Hull"/>
				<string name="UnitName" value="Carolina"/>
			</object>
			<object name="Carolina5991">
				<integer name="Country" value="1"/>
				<float name="ER" value="500."/>
				<string name="Hull" value="Std_LAMP"/>
				<string name="Name" value="Middle2_LAMP"/>
				<string name="TypHL" value="Hull"/>
				<string name="UnitName" value="Carolina"/>
			</object>
			<object name="Carolina5992">
				<integer name="Country" value="1"/>
				<float name="ER" value="500."/>
				<string name="Hull" value="Std_RAMP"/>
				<string name="Name" value="Middle2_RAMP"/>
				<string name="TypHL" value="Hull"/>
				<string name="UnitName" value="Carolina"/>
			</object>
			<object name="Carolina5993">
				<integer name="Country" value="1"/>
				<float name="ER" value="700."/>
				<string name="Hull" value="Carolina_RUBelt"/>
				<string name="Name" value="Middle2_RUpperBelt"/>
				<string name="TypHL" value="Hull"/>
				<string name="UnitName" value="Carolina"/>
			</object>
			<object name="Carolina5994">
				<integer name="Country" value="1"/>
				<float name="ER" value="700."/>
				<string name="Hull" value="Carolina_LLBelt"/>
				<string name="Name" value="Middle2_LLowerBelt"/>
				<string name="TypHL" value="Hull"/>
				<string name="UnitName" value="Carolina"/>
			</object>
			<object name="Carolina5995">
				<integer name="Country" value="1"/>
				<float name="ER" value="700."/>
				<string name="Hull" value="Carolina_LUBelt"/>
				<string name="Name" value="Middle2_LUpperBelt"/>
				<string name="TypHL" value="Hull"/>
				<string name="UnitName" value="Carolina"/>
			</object>
			<object name="Carolina5996">
				<integer name="Country" value="1"/>
				<float name="ER" value="500."/>
				<string name="Hull" value="Std_Bottom"/>
				<string name="Name" value="Middle2_RBottom"/>
				<string name="TypHL" value="FuelTank"/>
				<string name="UnitName" value="Carolina"/>
			</object>
			<object name="Carolina5997">
				<integer name="Country" value="1"/>
				<float name="ER" value="500."/>
				<string name="Hull" value="Std_Bottom"/>
				<string name="Name" value="Middle2_LBottom"/>
				<string name="TypHL" value="FuelTank"/>
				<string name="UnitName" value="Carolina"/>
			</object>
			<object name="Carolina5998">
				<integer name="Country" value="1"/>
				<float name="ER" value="700."/>
				<string name="Hull" value="Carolina_RLBelt"/>
				<string name="Name" value="Middle2_RLowerBelt"/>
				<string name="TypHL" value="Hull"/>
				<string name="UnitName" value="Carolina"/>
			</object>
			<object name="Carolina5999">
				<integer name="Country" value="1"/>
				<float name="ER" value="500."/>
				<string name="Hull" value="Carolina_UADeck"/>
				<string name="Name" value="Middle3_UpperDeck"/>
				<string name="TypHL" value="Hull"/>
				<string name="UnitName" value="Carolina"/>
			</object>
			<object name="Carolina6000">
				<integer name="Country" value="1"/>
				<float name="ER" value="500."/>
				<string name="Hull" value="Carolina_ADeck"/>
				<string name="Name" value="Middle3_MiddleDeck"/>
				<string name="TypHL" value="Hull"/>
				<string name="UnitName" value="Carolina"/>
			</object>
			<object name="Carolina6001">
				<integer name="Country" value="1"/>
				<float name="ER" value="500."/>
				<string name="Hull" value="Std_BoilerHull"/>
				<string name="Name" value="Middle3_LowerDeck"/>
				<string name="TypHL" value="Hull"/>
				<string name="UnitName" value="Carolina"/>
			</object>
			<object name="Carolina6002">
				<integer name="Country" value="1"/>
				<float name="ER" value="500."/>
				<string name="Hull" value="Std_Boiler"/>
				<string name="Name" value="Middle3_Boiler"/>
				<string name="TypHL" value="Boiler"/>
				<string name="UnitName" value="Carolina"/>
			</object>
			<object name="Carolina6003">
				<integer name="Country" value="1"/>
				<float name="ER" value="500."/>
				<string name="Hull" value="Std_LAMP"/>
				<string name="Name" value="Middle3_LAMP"/>
				<string name="TypHL" value="Hull"/>
				<string name="UnitName" value="Carolina"/>
			</object>
			<object name="Carolina6004">
				<integer name="Country" value="1"/>
				<float name="ER" value="500."/>
				<string name="Hull" value="Std_RAMP"/>
				<string name="Name" value="Middle3_RAMP"/>
				<string name="TypHL" value="Hull"/>
				<string name="UnitName" value="Carolina"/>
			</object>
			<object name="Carolina6005">
				<integer name="Country" value="1"/>
				<float name="ER" value="700."/>
				<string name="Hull" value="Carolina_RUBelt"/>
				<string name="Name" value="Middle3_RUpperBelt"/>
				<string name="TypHL" value="Hull"/>
				<string name="UnitName" value="Carolina"/>
			</object>
			<object name="Carolina6006">
				<integer name="Country" value="1"/>
				<float name="ER" value="700."/>
				<string name="Hull" value="Carolina_RLBelt"/>
				<string name="Name" value="Middle3_RLowerBelt"/>
				<string name="TypHL" value="Hull"/>
				<string name="UnitName" value="Carolina"/>
			</object>
			<object name="Carolina6007">
				<integer name="Country" value="1"/>
				<float name="ER" value="700."/>
				<string name="Hull" value="Carolina_LLBelt"/>
				<string name="Name" value="Middle3_LLowerBelt"/>
				<string name="TypHL" value="Hull"/>
				<string name="UnitName" value="Carolina"/>
			</object>
			<object name="Carolina6008">
				<integer name="Country" value="1"/>
				<float name="ER" value="700."/>
				<string name="Hull" value="Carolina_LUBelt"/>
				<string name="Name" value="Middle3_LUpperBelt"/>
				<string name="TypHL" value="Hull"/>
				<string name="UnitName" value="Carolina"/>
			</object>
			<object name="Carolina6009">
				<integer name="Country" value="1"/>
				<float name="ER" value="500."/>
				<string name="Hull" value="Std_Bottom"/>
				<string name="Name" value="Middle3_RBottom"/>
				<string name="TypHL" value="FuelTank"/>
				<string name="UnitName" value="Carolina"/>
			</object>
			<object name="Carolina6010">
				<integer name="Country" value="1"/>
				<float name="ER" value="500."/>
				<string name="Hull" value="Std_Bottom"/>
				<string name="Name" value="Middle3_LBottom"/>
				<string name="TypHL" value="FuelTank"/>
				<string name="UnitName" value="Carolina"/>
			</object>
			<object name="Carolina6011">
				<integer name="Country" value="1"/>
				<float name="ER" value="500."/>
				<string name="Hull" value="Carolina_UADeck"/>
				<string name="Name" value="Middle4_UpperDeck"/>
				<string name="TypHL" value="Hull"/>
				<string name="UnitName" value="Carolina"/>
			</object>
			<object name="Carolina6012">
				<integer name="Country" value="1"/>
				<float name="ER" value="500."/>
				<string name="Hull" value="Carolina_ADeck"/>
				<string name="Name" value="Middle4_MiddleDeck"/>
				<string name="TypHL" value="Hull"/>
				<string name="UnitName" value="Carolina"/>
			</object>
			<object name="Carolina6013">
				<integer name="Country" value="1"/>
				<float name="ER" value="500."/>
				<string name="Hull" value="Std_Probe"/>
				<string name="Name" value="Probe_AA_Left"/>
				<string name="TypHL" value="Probe"/>
				<string name="UnitName" value="Carolina"/>
			</object>
			<object name="Carolina6014">
				<integer name="Country" value="1"/>
				<float name="ER" value="500."/>
				<string name="Hull" value="Std_Probe"/>
				<string name="Name" value="Probe_AA_Right"/>
				<string name="TypHL" value="Probe"/>
				<string name="UnitName" value="Carolina"/>
			</object>
			<object name="Carolina6015">
				<integer name="Country" value="1"/>
				<float name="ER" value="500."/>
				<string name="Hull" value="Std_EngineHull"/>
				<string name="Name" value="Middle4_LowerDeck"/>
				<string name="TypHL" value="Hull"/>
				<string name="UnitName" value="Carolina"/>
			</object>
			<object name="Carolina6016">
				<string name="ConnectName" value="Middle1_Boiler;Middle3_Boiler"/>
				<integer name="Country" value="1"/>
				<float name="ER" value="500."/>
				<string name="Hull" value="Std_Engine"/>
				<string name="Name" value="Middle4_Engine"/>
				<string name="TypHL" value="Engine"/>
				<string name="UnitName" value="Carolina"/>
			</object>
			<object name="Carolina6017">
				<integer name="Country" value="1"/>
				<float name="ER" value="500."/>
				<string name="Hull" value="Std_LAMP"/>
				<string name="Name" value="Middle4_LAMP"/>
				<string name="TypHL" value="Hull"/>
				<string name="UnitName" value="Carolina"/>
			</object>
			<object name="Carolina6018">
				<integer name="Country" value="1"/>
				<float name="ER" value="500."/>
				<string name="Hull" value="Std_RAMP"/>
				<string name="Name" value="Middle4_RAMP"/>
				<string name="TypHL" value="Hull"/>
				<string name="UnitName" value="Carolina"/>
			</object>
			<object name="Carolina6019">
				<integer name="Country" value="1"/>
				<float name="ER" value="700."/>
				<string name="Hull" value="Carolina_RUBelt"/>
				<string name="Name" value="Middle4_RUpperBelt"/>
				<string name="TypHL" value="Hull"/>
				<string name="UnitName" value="Carolina"/>
			</object>
			<object name="Carolina6020">
				<integer name="Country" value="1"/>
				<float name="ER" value="700."/>
				<string name="Hull" value="Carolina_RLBelt"/>
				<string name="Name" value="Middle4_RLowerBelt"/>
				<string name="TypHL" value="Hull"/>
				<string name="UnitName" value="Carolina"/>
			</object>
			<object name="Carolina6021">
				<integer name="Country" value="1"/>
				<float name="ER" value="700."/>
				<string name="Hull" value="Carolina_LLBelt"/>
				<string name="Name" value="Middle4_LLowerBelt"/>
				<string name="TypHL" value="Hull"/>
				<string name="UnitName" value="Carolina"/>
			</object>
			<object name="Carolina6022">
				<integer name="Country" value="1"/>
				<float name="ER" value="700."/>
				<string name="Hull" value="Carolina_LUBelt"/>
				<string name="Name" value="Middle4_LUpperBelt"/>
				<string name="TypHL" value="Hull"/>
				<string name="UnitName" value="Carolina"/>
			</object>
			<object name="Carolina6023">
				<integer name="Country" value="1"/>
				<float name="ER" value="500."/>
				<string name="Hull" value="Std_Bottom"/>
				<string name="Name" value="Middle4_RBottom"/>
				<string name="TypHL" value="FuelTank"/>
				<string name="UnitName" value="Carolina"/>
			</object>
			<object name="Carolina6024">
				<integer name="Country" value="1"/>
				<float name="ER" value="500."/>
				<string name="Hull" value="Std_Bottom"/>
				<string name="Name" value="Middle4_LBottom"/>
				<string name="TypHL" value="FuelTank"/>
				<string name="UnitName" value="Carolina"/>
			</object>
			<object name="Carolina6025">
				<integer name="Country" value="1"/>
				<float name="ER" value="500."/>
				<string name="Hull" value="Carolina_UADeck"/>
				<string name="Name" value="Middle5_UpperDeck"/>
				<string name="TypHL" value="Hull"/>
				<string name="UnitName" value="Carolina"/>
			</object>
			<object name="Carolina6026">
				<integer name="Country" value="1"/>
				<float name="ER" value="500."/>
				<string name="Hull" value="Carolina_ADeck"/>
				<string name="Name" value="Middle5_MiddleDeck"/>
				<string name="TypHL" value="Hull"/>
				<string name="UnitName" value="Carolina"/>
			</object>
			<object name="Carolina6027">
				<integer name="Country" value="1"/>
				<float name="ER" value="500."/>
				<string name="Hull" value="Std_BoilerHull"/>
				<string name="Name" value="Middle5_LowerDeck"/>
				<string name="TypHL" value="Hull"/>
				<string name="UnitName" value="Carolina"/>
			</object>
			<object name="Carolina6029">
				<integer name="Country" value="1"/>
				<float name="ER" value="500."/>
				<string name="Hull" value="Std_LAMP"/>
				<string name="Name" value="Middle5_LAMP"/>
				<string name="TypHL" value="Hull"/>
				<string name="UnitName" value="Carolina"/>
			</object>
			<object name="Carolina6030">
				<integer name="Country" value="1"/>
				<float name="ER" value="500."/>
				<string name="Hull" value="Std_RAMP"/>
				<string name="Name" value="Middle5_RAMP"/>
				<string name="TypHL" value="Hull"/>
				<string name="UnitName" value="Carolina"/>
			</object>
			<object name="Carolina6031">
				<integer name="Country" value="1"/>
				<float name="ER" value="700."/>
				<string name="Hull" value="Carolina_RUBelt"/>
				<string name="Name" value="Middle5_RUpperBelt"/>
				<string name="TypHL" value="Hull"/>
				<string name="UnitName" value="Carolina"/>
			</object>
			<object name="Carolina6032">
				<integer name="Country" value="1"/>
				<float name="ER" value="700."/>
				<string name="Hull" value="Carolina_RLBelt"/>
				<string name="Name" value="Middle5_RLowerBelt"/>
				<string name="TypHL" value="Hull"/>
				<string name="UnitName" value="Carolina"/>
			</object>
			<object name="Carolina6033">
				<integer name="Country" value="1"/>
				<float name="ER" value="700."/>
				<string name="Hull" value="Carolina_RUBelt"/>
				<string name="Name" value="Middle5_LUpperBelt"/>
				<string name="TypHL" value="Hull"/>
				<string name="UnitName" value="Carolina"/>
			</object>
			<object name="Carolina6034">
				<integer name="Country" value="1"/>
				<float name="ER" value="700."/>
				<string name="Hull" value="Carolina_LLBelt"/>
				<string name="Name" value="Middle5_LLowerBelt"/>
				<string name="TypHL" value="Hull"/>
				<string name="UnitName" value="Carolina"/>
			</object>
			<object name="Carolina6035">
				<integer name="Country" value="1"/>
				<float name="ER" value="500."/>
				<string name="Hull" value="Std_Bottom"/>
				<string name="Name" value="Middle5_RBottom"/>
				<string name="TypHL" value="FuelTank"/>
				<string name="UnitName" value="Carolina"/>
			</object>
			<object name="Carolina6036">
				<integer name="Country" value="1"/>
				<float name="ER" value="500."/>
				<string name="Hull" value="Std_Bottom"/>
				<string name="Name" value="Middle5_LBottom"/>
				<string name="TypHL" value="FuelTank"/>
				<string name="UnitName" value="Carolina"/>
			</object>
			<object name="Carolina6037">
				<integer name="Country" value="1"/>
				<float name="ER" value="500."/>
				<string name="Hull" value="Carolina_UADeck"/>
				<string name="Name" value="Middle6_UpperDeck"/>
				<string name="TypHL" value="Hull"/>
				<string name="UnitName" value="Carolina"/>
			</object>
			<object name="Carolina6038">
				<integer name="Country" value="1"/>
				<float name="ER" value="500."/>
				<string name="Hull" value="Carolina_ADeck"/>
				<string name="Name" value="Middle6_MiddleDeck"/>
				<string name="TypHL" value="Hull"/>
				<string name="UnitName" value="Carolina"/>
			</object>
			<object name="Carolina6039">
				<integer name="Country" value="1"/>
				<float name="ER" value="500."/>
				<string name="Hull" value="Std_Probe"/>
				<string name="Name" value="Probe_AA_Stern"/>
				<string name="TypHL" value="Probe"/>
				<string name="UnitName" value="Carolina"/>
			</object>
			<object name="Carolina6040">
				<integer name="Country" value="1"/>
				<float name="ER" value="500."/>
				<string name="Hull" value="Std_EngineHull"/>
				<string name="Name" value="Middle6_LowerDeck"/>
				<string name="TypHL" value="Hull"/>
				<string name="UnitName" value="Carolina"/>
			</object>
			<object name="Carolina6041">
				<string name="ConnectName" value="Middle5_Boiler;Middle7_Boiler"/>
				<integer name="Country" value="1"/>
				<float name="ER" value="500."/>
				<string name="Hull" value="Std_Engine"/>
				<string name="Name" value="Middle6_Engine"/>
				<string name="TypHL" value="Engine"/>
				<string name="UnitName" value="Carolina"/>
			</object>
			<object name="Carolina6042">
				<integer name="Country" value="1"/>
				<float name="ER" value="500."/>
				<string name="Hull" value="Std_LAMP"/>
				<string name="Name" value="Middle6_LAMP"/>
				<string name="TypHL" value="Hull"/>
				<string name="UnitName" value="Carolina"/>
			</object>
			<object name="Carolina6043">
				<integer name="Country" value="1"/>
				<float name="ER" value="500."/>
				<string name="Hull" value="Std_RAMP"/>
				<string name="Name" value="Middle6_RAMP"/>
				<string name="TypHL" value="Hull"/>
				<string name="UnitName" value="Carolina"/>
			</object>
			<object name="Carolina6044">
				<integer name="Country" value="1"/>
				<float name="ER" value="700."/>
				<string name="Hull" value="Carolina_RLBelt"/>
				<string name="Name" value="Middle6_RLowerBelt"/>
				<string name="TypHL" value="Hull"/>
				<string name="UnitName" value="Carolina"/>
			</object>
			<object name="Carolina6045">
				<integer name="Country" value="1"/>
				<float name="ER" value="700."/>
				<string name="Hull" value="Carolina_RUBelt"/>
				<string name="Name" value="Middle6_RUpperBelt"/>
				<string name="TypHL" value="Hull"/>
				<string name="UnitName" value="Carolina"/>
			</object>
			<object name="Carolina6046">
				<integer name="Country" value="1"/>
				<float name="ER" value="700."/>
				<string name="Hull" value="Carolina_LLBelt"/>
				<string name="Name" value="Middle6_LLowerBelt"/>
				<string name="TypHL" value="Hull"/>
				<string name="UnitName" value="Carolina"/>
			</object>
			<object name="Carolina6047">
				<integer name="Country" value="1"/>
				<float name="ER" value="700."/>
				<string name="Hull" value="Carolina_LUBelt"/>
				<string name="Name" value="Middle6_LUpperBelt"/>
				<string name="TypHL" value="Hull"/>
				<string name="UnitName" value="Carolina"/>
			</object>
			<object name="Carolina6048">
				<integer name="Country" value="1"/>
				<float name="ER" value="500."/>
				<string name="Hull" value="Std_Bottom"/>
				<string name="Name" value="Middle6_LBottom"/>
				<string name="TypHL" value="FuelTank"/>
				<string name="UnitName" value="Carolina"/>
			</object>
			<object name="Carolina6049">
				<integer name="Country" value="1"/>
				<float name="ER" value="500."/>
				<string name="Hull" value="Std_Bottom"/>
				<string name="Name" value="Middle6_RBottom"/>
				<string name="TypHL" value="FuelTank"/>
				<string name="UnitName" value="Carolina"/>
			</object>
			<object name="Carolina6050">
				<integer name="Country" value="1"/>
				<float name="ER" value="500."/>
				<string name="Hull" value="Carolina_UADeck"/>
				<string name="Name" value="Middle7_UpperDeck"/>
				<string name="TypHL" value="Hull"/>
				<string name="UnitName" value="Carolina"/>
			</object>
			<object name="Carolina6051">
				<integer name="Country" value="1"/>
				<float name="ER" value="500."/>
				<string name="Hull" value="Std_BoilerHull"/>
				<string name="Name" value="Middle7_LowerDeck"/>
				<string name="TypHL" value="Hull"/>
				<string name="UnitName" value="Carolina"/>
			</object>
			<object name="Carolina6052">
				<integer name="Country" value="1"/>
				<float name="ER" value="500."/>
				<string name="Hull" value="Std_Boiler"/>
				<string name="Name" value="Middle7_Boiler"/>
				<string name="TypHL" value="Boiler"/>
				<string name="UnitName" value="Carolina"/>
			</object>
			<object name="Carolina6053">
				<integer name="Country" value="1"/>
				<float name="ER" value="500."/>
				<string name="Hull" value="Carolina_ADeck"/>
				<string name="Name" value="Middle7_MiddleDeck"/>
				<string name="TypHL" value="Hull"/>
				<string name="UnitName" value="Carolina"/>
			</object>
			<object name="Carolina6054">
				<integer name="Country" value="1"/>
				<float name="ER" value="500."/>
				<string name="Hull" value="Std_Probe"/>
				<string name="Name" value="Probe_MG_Stern"/>
				<string name="TypHL" value="Probe"/>
				<string name="UnitName" value="Carolina"/>
			</object>
			<object name="Carolina6055">
				<integer name="Country" value="1"/>
				<float name="ER" value="500."/>
				<string name="Hull" value="Std_LAMP"/>
				<string name="Name" value="Middle7_LAMP"/>
				<string name="TypHL" value="Hull"/>
				<string name="UnitName" value="Carolina"/>
			</object>
			<object name="Carolina6056">
				<integer name="Country" value="1"/>
				<float name="ER" value="500."/>
				<string name="Hull" value="Std_RAMP"/>
				<string name="Name" value="Middle7_RAMP"/>
				<string name="TypHL" value="Hull"/>
				<string name="UnitName" value="Carolina"/>
			</object>
			<object name="Carolina6057">
				<integer name="Country" value="1"/>
				<float name="ER" value="700."/>
				<string name="Hull" value="Carolina_RUBelt"/>
				<string name="Name" value="Middle7_RUpperBelt"/>
				<string name="TypHL" value="Hull"/>
				<string name="UnitName" value="Carolina"/>
			</object>
			<object name="Carolina6058">
				<integer name="Country" value="1"/>
				<float name="ER" value="700."/>
				<string name="Hull" value="Carolina_RLBelt"/>
				<string name="Name" value="Middle7_RLowerBelt"/>
				<string name="TypHL" value="Hull"/>
				<string name="UnitName" value="Carolina"/>
			</object>
			<object name="Carolina6059">
				<integer name="Country" value="1"/>
				<float name="ER" value="700."/>
				<string name="Hull" value="Carolina_LUBelt"/>
				<string name="Name" value="Middle7_LUpperBelt"/>
				<string name="TypHL" value="Hull"/>
				<string name="UnitName" value="Carolina"/>
			</object>
			<object name="Carolina6060">
				<integer name="Country" value="1"/>
				<float name="ER" value="700."/>
				<string name="Hull" value="Carolina_LLBelt"/>
				<string name="Name" value="Middle7_LLowerBelt"/>
				<string name="TypHL" value="Hull"/>
				<string name="UnitName" value="Carolina"/>
			</object>
			<object name="Carolina6061">
				<integer name="Country" value="1"/>
				<float name="ER" value="500."/>
				<string name="Hull" value="Std_Bottom"/>
				<string name="Name" value="Middle7_RBottom"/>
				<string name="TypHL" value="FuelTank"/>
				<string name="UnitName" value="Carolina"/>
			</object>
			<object name="Carolina6062">
				<integer name="Country" value="1"/>
				<float name="ER" value="500."/>
				<string name="Hull" value="Std_Bottom"/>
				<string name="Name" value="Middle7_LBottom"/>
				<string name="TypHL" value="FuelTank"/>
				<string name="UnitName" value="Carolina"/>
			</object>
			<object name="Carolina6063">
				<integer name="Country" value="1"/>
				<float name="ER" value="500."/>
				<string name="Hull" value="Carolina_UADeck"/>
				<string name="Name" value="Middle8_UpperDeck"/>
				<string name="TypHL" value="Hull"/>
				<string name="UnitName" value="Carolina"/>
			</object>
			<object name="Carolina6064">
				<integer name="Country" value="1"/>
				<float name="ER" value="500."/>
				<string name="Hull" value="Std_LAMP"/>
				<string name="Name" value="Middle8_LAMP"/>
				<string name="TypHL" value="Hull"/>
				<string name="UnitName" value="Carolina"/>
			</object>
			<object name="Carolina6065">
				<integer name="Country" value="1"/>
				<float name="ER" value="500."/>
				<string name="Hull" value="Std_RAMP"/>
				<string name="Name" value="Middle8_RAMP"/>
				<string name="TypHL" value="Hull"/>
				<string name="UnitName" value="Carolina"/>
			</object>
			<object name="Carolina6066">
				<integer name="Country" value="1"/>
				<float name="ER" value="500."/>
				<string name="Hull" value="Std_EngineHull"/>
				<string name="Name" value="Middle8_LowerDeck"/>
				<string name="TypHL" value="Hull"/>
				<string name="UnitName" value="Carolina"/>
			</object>
			<object name="Carolina6067">
				<string name="ConnectName" value="Middle5_Boiler;Middle7_Boiler;"/>
				<integer name="Country" value="1"/>
				<float name="ER" value="500."/>
				<string name="Hull" value="Std_Engine"/>
				<string name="Name" value="Middle8_Engine"/>
				<string name="TypHL" value="Engine"/>
				<string name="UnitName" value="Carolina"/>
			</object>
			<object name="Carolina6068">
				<integer name="Country" value="1"/>
				<float name="ER" value="500."/>
				<string name="Hull" value="Carolina_ADeck"/>
				<string name="Name" value="Middle8_MiddleDeck"/>
				<string name="TypHL" value="Hull"/>
				<string name="UnitName" value="Carolina"/>
			</object>
			<object name="Carolina6069">
				<integer name="Country" value="1"/>
				<float name="ER" value="500."/>
				<string name="Hull" value="Std_Probe"/>
				<string name="Name" value="Radio_Stern"/>
				<string name="TypHL" value="Probe"/>
				<string name="UnitName" value="Carolina"/>
			</object>
			<object name="Carolina6070">
				<integer name="Country" value="1"/>
				<float name="ER" value="500."/>
				<string name="Hull" value="Std_Probe"/>
				<string name="Name" value="Radar_Stern"/>
				<string name="TypHL" value="Probe"/>
				<string name="UnitName" value="Carolina"/>
			</object>
			<object name="Carolina6071">
				<integer name="Country" value="1"/>
				<float name="ER" value="700."/>
				<string name="Hull" value="Carolina_RUBelt"/>
				<string name="Name" value="Middle8_RUpperBelt"/>
				<string name="TypHL" value="Hull"/>
				<string name="UnitName" value="Carolina"/>
			</object>
			<object name="Carolina6072">
				<integer name="Country" value="1"/>
				<float name="ER" value="700."/>
				<string name="Hull" value="Carolina_RLBelt"/>
				<string name="Name" value="Middle8_RLowerBelt"/>
				<string name="TypHL" value="Hull"/>
				<string name="UnitName" value="Carolina"/>
			</object>
			<object name="Carolina6073">
				<integer name="Country" value="1"/>
				<float name="ER" value="700."/>
				<string name="Hull" value="Carolina_LLBelt"/>
				<string name="Name" value="Middle8_LLowerBelt"/>
				<string name="TypHL" value="Hull"/>
				<string name="UnitName" value="Carolina"/>
			</object>
			<object name="Carolina6074">
				<integer name="Country" value="1"/>
				<float name="ER" value="700."/>
				<string name="Hull" value="Carolina_LUBelt"/>
				<string name="Name" value="Middle8_LUpperBelt"/>
				<string name="TypHL" value="Hull"/>
				<string name="UnitName" value="Carolina"/>
			</object>
			<object name="v6075">
				<integer name="Country" value="1"/>
				<float name="ER" value="500."/>
				<string name="Hull" value="Std_Bottom"/>
				<string name="Name" value="Middle8_RBottom"/>
				<string name="TypHL" value="FuelTank"/>
				<string name="UnitName" value="Carolina"/>
			</object>
			<object name="Carolina6076">
				<integer name="Country" value="1"/>
				<float name="ER" value="500."/>
				<string name="Hull" value="Std_Bottom"/>
				<string name="Name" value="Middle8_LBottom"/>
				<string name="TypHL" value="FuelTank"/>
				<string name="UnitName" value="Carolina"/>
			</object>
			<object name="Carolina6077">
				<integer name="Country" value="1"/>
				<float name="ER" value="500."/>
				<string name="Hull" value="Std_RAMP"/>
				<string name="Name" value="Stern1_RAMP1"/>
				<string name="TypHL" value="Hull"/>
				<string name="UnitName" value="Carolina"/>
			</object>
			<object name="Carolina6078">
				<integer name="Country" value="1"/>
				<float name="ER" value="500."/>
				<string name="Hull" value="Std_LAMP"/>
				<string name="Name" value="Stern1_LAMP1"/>
				<string name="TypHL" value="Hull"/>
				<string name="UnitName" value="Carolina"/>
			</object>
			<object name="Carolina6079">
				<integer name="Country" value="1"/>
				<float name="ER" value="500."/>
				<string name="Hull" value="Carolina_Barbet_Stern"/>
				<string name="Name" value="Barbett3"/>
				<float name="Param_1" value="0."/>
				<string name="TypHL" value="AmmoStore"/>
				<string name="UnitName" value="Carolina"/>
			</object>
			<object name="Carolina6080">
				<integer name="Country" value="1"/>
				<float name="ER" value="500."/>
				<string name="Hull" value="Carolina_LLBelt"/>
				<string name="Name" value="Stern1_LBelt"/>
				<string name="TypHL" value="Hull"/>
				<string name="UnitName" value="Carolina"/>
			</object>
			<object name="v6081">
				<integer name="Country" value="1"/>
				<float name="ER" value="500."/>
				<string name="Hull" value="Carolina_RLBelt"/>
				<string name="Name" value="Stern1_RBelt"/>
				<string name="TypHL" value="Hull"/>
				<string name="UnitName" value="Carolina"/>
			</object>
			<object name="Carolina6082">
				<integer name="Country" value="1"/>
				<float name="ER" value="500."/>
				<string name="Hull" value="Carolina_RUSBelt"/>
				<string name="Name" value="Stern1_RUpperBelt"/>
				<string name="TypHL" value="Hull"/>
				<string name="UnitName" value="Carolina"/>
			</object>
			<object name="Carolina6083">
				<integer name="Country" value="1"/>
				<float name="ER" value="500."/>
				<string name="Hull" value="Carolina_LLBelt"/>
				<string name="Name" value="Stern1_RLowerBelt"/>
				<string name="TypHL" value="Hull"/>
				<string name="UnitName" value="Carolina"/>
			</object>
			<object name="Carolina6086">
				<integer name="Country" value="1"/>
				<float name="ER" value="500."/>
				<string name="Hull" value="Carolina_LLBelt"/>
				<string name="Name" value="Stern1_LLowerBelt"/>
				<string name="TypHL" value="Hull"/>
				<string name="UnitName" value="Carolina"/>
			</object>
			<object name="Carolina6087">
				<integer name="Country" value="1"/>
				<float name="ER" value="500."/>
				<string name="Hull" value="Carolina_LUSBelt"/>
				<string name="Name" value="Stern1_LUpperBelt"/>
				<string name="TypHL" value="Hull"/>
				<string name="UnitName" value="Carolina"/>
			</object>
			<object name="Carolina6088">
				<integer name="Country" value="1"/>
				<float name="ER" value="500."/>
				<string name="Hull" value="Carolina_ASDeck"/>
				<string name="Name" value="Stern1_MiddleDeck1"/>
				<string name="TypHL" value="Hull"/>
				<string name="UnitName" value="Carolina"/>
			</object>
			<object name="v6089">
				<integer name="Country" value="1"/>
				<float name="ER" value="500."/>
				<string name="Hull" value="Carolina_UADeck"/>
				<string name="Name" value="Stern1_MiddleDeck2"/>
				<string name="TypHL" value="Hull"/>
				<string name="UnitName" value="Carolina"/>
			</object>
			<object name="Carolina6090">
				<integer name="Country" value="1"/>
				<float name="ER" value="500."/>
				<string name="Hull" value="Carolina_UADeck"/>
				<string name="Name" value="Stern1_UpperDeck"/>
				<string name="TypHL" value="Hull"/>
				<string name="UnitName" value="Carolina"/>
			</object>
			<object name="Carolina6091">
				<integer name="Country" value="1"/>
				<float name="ER" value="500."/>
				<string name="Hull" value="Std_Bottom"/>
				<string name="Name" value="Stern1_Bottom"/>
				<string name="TypHL" value="Hull"/>
				<string name="UnitName" value="Carolina"/>
			</object>
			<object name="Carolina6092">
				<integer name="Country" value="1"/>
				<float name="ER" value="500."/>
				<string name="Hull" value="Std_Hull"/>
				<string name="Name" value="Stern1_LowerDeck"/>
				<string name="TypHL" value="Hull"/>
				<string name="UnitName" value="Carolina"/>
			</object>
			<object name="Carolina6093">
				<integer name="Country" value="1"/>
				<float name="ER" value="500."/>
				<string name="Hull" value="Std_AS_T2"/>
				<string name="Name" value="AmmoStore3_2"/>
				<float name="Param_1" value="0."/>
				<string name="TypHL" value="AmmoStore"/>
				<string name="UnitName" value="Carolina"/>
			</object>
			<object name="Carolina6094">
				<integer name="Country" value="1"/>
				<float name="ER" value="500."/>
				<string name="Hull" value="Std_AS_T1"/>
				<string name="Name" value="AmmoStore3_1"/>
				<float name="Param_1" value="0."/>
				<string name="TypHL" value="AmmoStore"/>
				<string name="UnitName" value="Carolina"/>
			</object>
			<object name="Carolina6095">
				<integer name="Country" value="1"/>
				<float name="ER" value="500."/>
				<string name="Hull" value="Std_Bottom"/>
				<string name="Name" value="Bow1_Bottom"/>
				<string name="TypHL" value="Hull"/>
				<string name="UnitName" value="Carolina"/>
			</object>
			<object name="Carolina6096">
				<integer name="Country" value="1"/>
				<float name="ER" value="500."/>
				<string name="Hull" value="Std_Hull"/>
				<string name="Name" value="Bow1_LowerDeck"/>
				<string name="TypHL" value="Hull"/>
				<string name="UnitName" value="Carolina"/>
			</object>
			<object name="Carolina6098">
				<integer name="Country" value="1"/>
				<float name="ER" value="500."/>
				<string name="Hull" value="Std_UpperHull"/>
				<string name="Name" value="Bow1_UpperDeck"/>
				<string name="TypHL" value="Hull"/>
				<string name="UnitName" value="Carolina"/>
			</object>
			<object name="Carolina6099">
				<integer name="Country" value="1"/>
				<float name="ER" value="500."/>
				<string name="Hull" value="Std_Bottom"/>
				<string name="Name" value="Bow2_Bottom"/>
				<string name="TypHL" value="Hull"/>
				<string name="UnitName" value="Carolina"/>
			</object>
			<object name="Carolina6100">
				<integer name="Country" value="1"/>
				<float name="ER" value="500."/>
				<string name="Hull" value="Std_Hull"/>
				<string name="Name" value="Bow2_LowerDeck"/>
				<string name="TypHL" value="Hull"/>
				<string name="UnitName" value="Carolina"/>
			</object>
			<object name="Carolina6101">
				<integer name="Country" value="1"/>
				<float name="ER" value="500."/>
				<string name="Hull" value="Std_UpperHull"/>
				<string name="Name" value="Bow2_UpperDeck"/>
				<string name="TypHL" value="Hull"/>
				<string name="UnitName" value="Carolina"/>
			</object>
			<object name="Carolina8778">
				<integer name="Country" value="1"/>
				<float name="ER" value="500."/>
				<string name="Hull" value="Std_Boiler"/>
				<string name="Name" value="Middle5_Boiler"/>
				<string name="TypHL" value="Boiler"/>
				<string name="UnitName" value="Carolina"/>
			</object>
			<object name="Carolina8781">
				<string name="ConnectName" value="Middle1_Boiler;Middle3_Boiler"/>
				<integer name="Country" value="1"/>
				<float name="ER" value="500."/>
				<string name="Hull" value="Std_Engine"/>
				<string name="Name" value="Middle2_Engine"/>
				<string name="TypHL" value="Engine"/>
				<string name="UnitName" value="Carolina"/>
			</object>
			<object name="Carolina8794">
				<integer name="Country" value="1"/>
				<float name="ER" value="500."/>
				<string name="Hull" value="Carolina_Tiller"/>
				<string name="Name" value="Tiller"/>
				<string name="TypHL" value="Hull"/>
				<string name="UnitName" value="Carolina"/>
			</object>
			<object name="Carolina8795">
				<integer name="Country" value="1"/>
				<float name="ER" value="500."/>
				<string name="Hull" value="Std_UpperHull"/>
				<string name="Name" value="Stern2_Deck"/>
				<string name="TypHL" value="Hull"/>
				<string name="UnitName" value="Carolina"/>
			</object>
			<object name="Carolina9217">
				<integer name="Country" value="1"/>
				<float name="ER" value="500."/>
				<string name="Hull" value="Std_LAMP"/>
				<string name="Name" value="Stern1_LAMP2"/>
				<string name="TypHL" value="Hull"/>
				<string name="UnitName" value="Carolina"/>
			</object>
			<object name="Carolina9218">
				<integer name="Country" value="1"/>
				<float name="ER" value="500."/>
				<string name="Hull" value="Std_RAMP"/>
				<string name="Name" value="Stern1_RAMP2"/>
				<string name="TypHL" value="Hull"/>
				<string name="UnitName" value="Carolina"/>
			</object>
			<object name="Carolina9309">
				<integer name="Country" value="1"/>
				<float name="ER" value="500."/>
				<string name="Hull" value="Std_Hull"/>
				<string name="Name" value="SternSmokeStack"/>
				<string name="TypHL" value="Hull"/>
				<string name="UnitName" value="Carolina"/>
			</object>
			<object name="Carolina9310">
				<integer name="Country" value="1"/>
				<float name="ER" value="500."/>
				<string name="Hull" value="Std_Hull"/>
				<string name="Name" value="BowSmokeStack"/>
				<string name="TypHL" value="Hull"/>
				<string name="UnitName" value="Carolina"/>
			</object>
			<object name="Carolina9311">
				<integer name="Country" value="1"/>
				<integer name="Crew" value="343"/>
				<float name="ER" value="500."/>
				<string name="Hull" value="Std_Hull"/>
				<string name="Name" value="BowMSuperstructure"/>
				<string name="TypHL" value="Crew"/>
				<string name="UnitName" value="Carolina"/>
			</object>
			<object name="Carolina9312">
				<integer name="Country" value="1"/>
				<integer name="Crew" value="343"/>
				<float name="ER" value="500."/>
				<string name="Hull" value="Std_Hull"/>
				<string name="Name" value="BowUSuperstructure"/>
				<string name="TypHL" value="Crew"/>
				<string name="UnitName" value="Carolina"/>
			</object>
			<object name="Carolina9313">
				<integer name="Country" value="1"/>
				<integer name="Crew" value="342"/>
				<float name="ER" value="500."/>
				<string name="Hull" value="Std_Hull"/>
				<string name="Name" value="BowLSuperstructure"/>
				<string name="TypHL" value="Crew"/>
				<string name="UnitName" value="Carolina"/>
			</object>
			<object name="Carolina9345">
				<integer name="Country" value="1"/>
				<integer name="Crew" value="342"/>
				<float name="ER" value="500."/>
				<string name="Hull" value="Std_Hull"/>
				<string name="Name" value="LS"/>
				<string name="TypHL" value="Crew"/>
				<string name="UnitName" value="Carolina"/>
			</object>
			<object name="Carolina9346">
				<integer name="Country" value="1"/>
				<integer name="Crew" value="343"/>
				<float name="ER" value="500."/>
				<string name="Hull" value="Std_Hull"/>
				<string name="Name" value="MS"/>
				<string name="TypHL" value="Crew"/>
				<string name="UnitName" value="Carolina"/>
			</object>
			<object name="Carolina">
				<integer name="Country" value="1"/>
				<integer name="Crew" value="343"/>
				<float name="ER" value="500."/>
				<string name="Hull" value="Std_Hull"/>
				<string name="Name" value="SternLS"/>
				<string name="TypHL" value="Crew"/>
				<string name="UnitName" value="Carolina"/>
			</object>
			<object name="Carolina9348">
				<integer name="Country" value="1"/>
				<integer name="Crew" value="343"/>
				<float name="ER" value="500."/>
				<string name="Hull" value="Std_Hull"/>
				<string name="Name" value="SternMS"/>
				<string name="TypHL" value="Crew"/>
				<string name="UnitName" value="Carolina"/>
			</object>
			<object name="Carolina9349">
				<integer name="Country" value="1"/>
				<float name="ER" value="500."/>
				<string name="Hull" value="Std_Probe"/>
				<string name="Name" value="SternStack"/>
				<string name="TypHL" value="Probe"/>
				<string name="UnitName" value="Carolina"/>
			</object>
		</object>
		<object name="Hulls">
			<object name="Carolina_ABDeck">
				<integer name="Back" value="2"/>
				<integer name="Bottom" value="2"/>
				<integer name="Country" value="1"/>
				<float name="ExplProb" value="0."/>
				<float name="FireProb" value="0."/>
				<integer name="Front" value="287"/>
				<integer name="Left" value="2"/>
				<string name="Material" value="Armored"/>
				<integer name="Right" value="2"/>
				<integer name="Top" value="121"/>
				<integer name="UnitName" value="0"/>
				<string name="UnitTyp" value="Ship"/>
			</object>
			<object name="Carolina_ABLDeck">
				<integer name="Back" value="2"/>
				<integer name="Bottom" value="3"/>
				<integer name="Country" value="1"/>
				<float name="ExplProb" value="0."/>
				<float name="FireProb" value="0."/>
				<integer name="Front" value="216"/>
				<integer name="Left" value="2"/>
				<string name="Material" value="Armored"/>
				<integer name="Right" value="2"/>
				<integer name="Top" value="0"/>
				<integer name="UnitName" value="0"/>
				<string name="UnitTyp" value="Ship"/>
			</object>
			<object name="Carolina_ADeck">
				<integer name="Back" value="1"/>
				<integer name="Bottom" value="8"/>
				<integer name="Country" value="1"/>
				<float name="ExplProb" value="0."/>
				<float name="FireProb" value="0."/>
				<integer name="Front" value="1"/>
				<integer name="Left" value="1"/>
				<string name="Material" value="Armored"/>
				<integer name="Right" value="1"/>
				<integer name="Top" value="121"/>
				<integer name="UnitName" value="0"/>
				<string name="UnitTyp" value="Ship"/>
			</object>
			<object name="Carolina_ASDeck">
				<integer name="Back" value="2"/>
				<integer name="Bottom" value="2"/>
				<integer name="Country" value="1"/>
				<float name="ExplProb" value="0."/>
				<float name="FireProb" value="0."/>
				<integer name="Front" value="287"/>
				<integer name="Left" value="2"/>
				<string name="Material" value="Armored"/>
				<integer name="Right" value="2"/>
				<integer name="Top" value="121"/>
				<integer name="UnitName" value="0"/>
				<string name="UnitTyp" value="Ship"/>
			</object>
			<object name="Carolina_Barbet">
				<integer name="Back" value="295"/>
				<integer name="Bottom" value="10"/>
				<integer name="Country" value="1"/>
				<float name="ExplProb" value="0."/>
				<float name="FireProb" value="0."/>
				<integer name="Front" value="295"/>
				<integer name="Left" value="440"/>
				<string name="Material" value="Armored"/>
				<integer name="Right" value="440"/>
				<integer name="Top" value="10"/>
				<integer name="UnitName" value="0"/>
				<string name="UnitTyp" value="Ship"/>
			</object>
			<object name="Carolina_Barbet_Bow">
				<integer name="Back" value="295"/>
				<integer name="Bottom" value="10"/>
				<integer name="Country" value="1"/>
				<float name="ExplProb" value="0."/>
				<float name="FireProb" value="0."/>
				<integer name="Front" value="440"/>
				<integer name="Left" value="440"/>
				<string name="Material" value="Armored"/>
				<integer name="Right" value="440"/>
				<integer name="Top" value="10"/>
				<integer name="UnitName" value="0"/>
				<string name="UnitTyp" value="Ship"/>
			</object>
			<object name="Carolina_Barbet_Stern">
				<integer name="Back" value="440"/>
				<integer name="Bottom" value="10"/>
				<integer name="Country" value="1"/>
				<float name="ExplProb" value="0."/>
				<float name="FireProb" value="0."/>
				<integer name="Front" value="295"/>
				<integer name="Left" value="440"/>
				<string name="Material" value="Armored"/>
				<integer name="Right" value="440"/>
				<integer name="Top" value="10"/>
				<integer name="UnitName" value="0"/>
				<string name="UnitTyp" value="Ship"/>
			</object>
			<object name="Carolina_BattleCabine">
				<integer name="Back" value="440"/>
				<integer name="Bottom" value="102"/>
				<integer name="Country" value="1"/>
				<float name="ExplProb" value="0."/>
				<float name="FireProb" value="0."/>
				<integer name="Front" value="440"/>
				<integer name="Left" value="440"/>
				<string name="Material" value="Armored"/>
				<integer name="Right" value="440"/>
				<integer name="Top" value="184"/>
				<integer name="UnitName" value="0"/>
				<string name="UnitTyp" value="Ship"/>
			</object>
			<object name="Carolina_LBBelt">
				<integer name="Back" value="2"/>
				<integer name="Bottom" value="2"/>
				<integer name="Country" value="1"/>
				<float name="ExplProb" value="0."/>
				<float name="FireProb" value="0."/>
				<integer name="Front" value="216"/>
				<integer name="Left" value="249"/>
				<string name="Material" value="Armored"/>
				<integer name="Right" value="2"/>
				<integer name="Top" value="2"/>
				<integer name="UnitName" value="0"/>
				<string name="UnitTyp" value="Ship"/>
			</object>
			<object name="Carolina_LLBelt">
				<integer name="Back" value="2"/>
				<integer name="Bottom" value="2"/>
				<integer name="Country" value="1"/>
				<float name="ExplProb" value="0."/>
				<float name="FireProb" value="0."/>
				<integer name="Front" value="2"/>
				<integer name="Left" value="249"/>
				<string name="Material" value="Armored"/>
				<integer name="Right" value="2"/>
				<integer name="Top" value="2"/>
				<integer name="UnitName" value="0"/>
				<string name="UnitTyp" value="Ship"/>
			</object>
			<object name="Carolina_LUBBelt">
				<integer name="Back" value="2"/>
				<integer name="Bottom" value="2"/>
				<integer name="Country" value="1"/>
				<float name="ExplProb" value="0."/>
				<float name="FireProb" value="0."/>
				<integer name="Front" value="287"/>
				<integer name="Left" value="307"/>
				<string name="Material" value="Armored"/>
				<integer name="Right" value="2"/>
				<integer name="Top" value="147"/>
				<integer name="UnitName" value="0"/>
				<string name="UnitTyp" value="Ship"/>
			</object>
			<object name="Carolina_LUBelt">
				<integer name="Back" value="2"/>
				<integer name="Bottom" value="2"/>
				<integer name="Country" value="1"/>
				<float name="ExplProb" value="0."/>
				<float name="FireProb" value="0."/>
				<integer name="Front" value="2"/>
				<integer name="Left" value="307"/>
				<string name="Material" value="Armored"/>
				<integer name="Right" value="2"/>
				<integer name="Top" value="147"/>
				<integer name="UnitName" value="0"/>
				<string name="UnitTyp" value="Ship"/>
			</object>
			<object name="Carolina_LUSBelt">
				<integer name="Back" value="287"/>
				<integer name="Bottom" value="2"/>
				<integer name="Country" value="1"/>
				<float name="ExplProb" value="0."/>
				<float name="FireProb" value="0."/>
				<integer name="Front" value="2"/>
				<integer name="Left" value="307"/>
				<string name="Material" value="Armored"/>
				<integer name="Right" value="2"/>
				<integer name="Top" value="147"/>
				<integer name="UnitName" value="0"/>
				<string name="UnitTyp" value="Ship"/>
			</object>
			<object name="Carolina_RBBelt">
				<integer name="Back" value="2"/>
				<integer name="Bottom" value="2"/>
				<integer name="Country" value="1"/>
				<float name="ExplProb" value="0."/>
				<float name="FireProb" value="0."/>
				<integer name="Front" value="216"/>
				<integer name="Left" value="2"/>
				<string name="Material" value="Armored"/>
				<integer name="Right" value="249"/>
				<integer name="Top" value="2"/>
				<integer name="UnitName" value="0"/>
				<string name="UnitTyp" value="Ship"/>
			</object>
			<object name="Carolina_RLBelt">
				<integer name="Back" value="2"/>
				<integer name="Bottom" value="2"/>
				<integer name="Country" value="1"/>
				<float name="ExplProb" value="0."/>
				<float name="FireProb" value="0."/>
				<integer name="Front" value="2"/>
				<integer name="Left" value="2"/>
				<string name="Material" value="Armored"/>
				<integer name="Right" value="249"/>
				<integer name="Top" value="2"/>
				<integer name="UnitName" value="0"/>
				<string name="UnitTyp" value="Ship"/>
			</object>
			<object name="Carolina_RUBBelt">
				<integer name="Back" value="2"/>
				<integer name="Bottom" value="2"/>
				<integer name="Country" value="1"/>
				<float name="ExplProb" value="0."/>
				<float name="FireProb" value="0."/>
				<integer name="Front" value="287"/>
				<integer name="Left" value="2"/>
				<string name="Material" value="Armored"/>
				<integer name="Right" value="307"/>
				<integer name="Top" value="147"/>
				<integer name="UnitName" value="0"/>
				<string name="UnitTyp" value="Ship"/>
			</object>
			<object name="Carolina_RUBelt">
				<integer name="Back" value="2"/>
				<integer name="Bottom" value="2"/>
				<integer name="Country" value="1"/>
				<float name="ExplProb" value="0."/>
				<float name="FireProb" value="0."/>
				<integer name="Front" value="2"/>
				<integer name="Left" value="2"/>
				<string name="Material" value="Armored"/>
				<integer name="Right" value="307"/>
				<integer name="Top" value="147"/>
				<integer name="UnitName" value="0"/>
				<string name="UnitTyp" value="Ship"/>
			</object>
			<object name="Carolina_RUSBelt">
				<integer name="Back" value="287"/>
				<integer name="Bottom" value="2"/>
				<integer name="Country" value="1"/>
				<float name="ExplProb" value="0."/>
				<float name="FireProb" value="0."/>
				<integer name="Front" value="2"/>
				<integer name="Left" value="2"/>
				<string name="Material" value="Armored"/>
				<integer name="Right" value="307"/>
				<integer name="Top" value="147"/>
				<integer name="UnitName" value="0"/>
				<string name="UnitTyp" value="Ship"/>
			</object>
			<object name="Carolina_Tiller">
				<integer name="Back" value="343"/>
				<integer name="Bottom" value="149"/>
				<integer name="Country" value="1"/>
				<float name="ExplProb" value="0."/>
				<float name="FireProb" value="0."/>
				<integer name="Front" value="343"/>
				<integer name="Left" value="343"/>
				<string name="Material" value="Armored"/>
				<integer name="Right" value="343"/>
				<integer name="Top" value="149"/>
				<integer name="UnitName" value="0"/>
				<string name="UnitTyp" value="Ship"/>
			</object>
			<object name="Carolina_UADeck">
				<integer name="Back" value="1"/>
				<integer name="Bottom" value="0"/>
				<integer name="Country" value="1"/>
				<float name="ExplProb" value="0."/>
				<float name="FireProb" value="0."/>
				<integer name="Front" value="1"/>
				<integer name="Left" value="16"/>
				<string name="Material" value="Steel"/>
				<integer name="Right" value="16"/>
				<integer name="Top" value="37"/>
				<integer name="UnitName" value="0"/>
				<string name="UnitTyp" value="Ship"/>
			</object>
		</object>
		<object name="ShipsNames">
			<object name="Carolina">
				<string name="1" value="Carolina"/>
			</object>
		</object>
		<object name="UnitsByType">
			<object name="1">
				<object name="Carolina">
					<string name="ChildTable" value="Ships"/>
				</object>
			</object>
		</object>
	</object>
</root>
