﻿<?xml version="1.0" standalone="yes" ?>
<root>
	<object name="SteelMonstersParams">
		<object name="Hit_Location"> 
			<object name="3237">
				<string name="ConnectName" value="Engine1"/>
				<integer name="Country" value="1"/>
				<float name="ER" value="70."/>
				<string name="Hull" value="Std_Mover"/>
				<string name="Name" value="Mover1"/>
				<string name="TypHL" value="Mover"/>
				<string name="UnitName" value="Evarts"/>
			</object>
			<object name="3238">
				<string name="ConnectName" value="Engine2"/>
				<integer name="Country" value="1"/>
				<float name="ER" value="70."/>
				<string name="Hull" value="Std_Mover"/>
				<string name="Name" value="Mover2"/>
				<string name="TypHL" value="Mover"/>
				<string name="UnitName" value="Evarts"/>
			</object>
			<object name="3239">
				<string name="ConnectName" value="Tiller"/>
				<integer name="Country" value="1"/>
				<float name="ER" value="70."/>
				<string name="Hull" value="Std_Rudder"/>
				<string name="Name" value="Rudder"/>
				<string name="TypHL" value="Rudder"/>
				<string name="UnitName" value="Evarts"/>
			</object>
			<object name="3240">
				<integer name="Country" value="1"/>
				<float name="ER" value="100."/>
				<string name="Hull" value="Std_AS_T1"/>
				<string name="Name" value="AmmoStore_3"/>
				<float name="Param_1" value="0."/>
				<string name="TypHL" value="AmmoStore"/>
				<string name="UnitName" value="Evarts"/>
			</object>
			<object name="3241">
				<integer name="Country" value="1"/>
				<float name="ER" value="100."/>
				<string name="Hull" value="Std_AS_T1"/>
				<string name="Name" value="AmmoStore_2"/>
				<float name="Param_1" value="0."/>
				<string name="TypHL" value="AmmoStore"/>
				<string name="UnitName" value="Evarts"/>
			</object>
			<object name="3242">
				<integer name="Country" value="1"/>
				<float name="ER" value="80."/>
				<string name="Hull" value="Evarts_Ordinary"/>
				<string name="Name" value="BattleCabine"/>
				<string name="TypHL" value="Hull"/>
				<string name="UnitName" value="Evarts"/>
			</object>
			<object name="3243">
				<integer name="Country" value="1"/>
				<float name="ER" value="30."/>
				<string name="Hull" value="Std_Probe"/>
				<string name="Name" value="Radar"/>
				<string name="TypHL" value="Probe"/>
				<string name="UnitName" value="Evarts"/>
			</object>
			<object name="3244">
				<integer name="Country" value="1"/>
				<float name="ER" value="30."/>
				<string name="Hull" value="Std_Probe"/>
				<string name="Name" value="Radio"/>
				<string name="TypHL" value="Probe"/>
				<string name="UnitName" value="Evarts"/>
			</object>
			<object name="3245">
				<integer name="Country" value="1"/>
				<float name="ER" value="30."/>
				<string name="Hull" value="Std_Probe"/>
				<string name="Name" value="Probe_MG"/>
				<string name="TypHL" value="Probe"/>
				<string name="UnitName" value="Evarts"/>
			</object>
			<object name="3246">
				<integer name="Country" value="1"/>
				<float name="ER" value="30."/>
				<string name="Hull" value="Std_Probe"/>
				<string name="Name" value="Probe_AA"/>
				<string name="TypHL" value="Probe"/>
				<string name="UnitName" value="Evarts"/>
			</object>
			<object name="3248">
				<integer name="Country" value="1"/>
				<float name="ER" value="80."/>
				<string name="Hull" value="Std_Bottom"/>
				<string name="Name" value="Middle1_Bottom"/>
				<string name="TypHL" value="Hull"/>
				<string name="UnitName" value="Evarts"/>
			</object>
			<object name="3249">
				<integer name="Country" value="1"/>
				<float name="ER" value="80."/>
				<string name="Hull" value="Evarts_Ordinary"/>
				<string name="Name" value="Middle1_Deck"/>
				<string name="TypHL" value="Hull"/>
				<string name="UnitName" value="Evarts"/>
			</object>
			<object name="3250">
				<integer name="Country" value="1"/>
				<float name="ER" value="30."/>
				<string name="Hull" value="Std_Probe"/>
				<string name="Name" value="Sonar"/>
				<string name="TypHL" value="Probe"/>
				<string name="UnitName" value="Evarts"/>
			</object>
			<object name="3252">
				<integer name="Country" value="1"/>
				<float name="ER" value="80."/>
				<string name="Hull" value="Std_Bottom"/>
				<string name="Name" value="Middle2_Bottom"/>
				<string name="TypHL" value="FuelTank"/>
				<string name="UnitName" value="Evarts"/>
			</object>
			<object name="3253">
				<integer name="Country" value="1"/>
				<float name="ER" value="80."/>
				<string name="Hull" value="Evarts_Ordinary"/>
				<string name="Name" value="Middle2_Deck"/>
				<string name="TypHL" value="Hull"/>
				<string name="UnitName" value="Evarts"/>
			</object>
			<object name="3254">
				<integer name="Country" value="1"/>
				<float name="ER" value="100."/>
				<string name="Hull" value="Std_Barbet"/>
				<string name="Name" value="Middle2_Boiler"/>
				<string name="TypHL" value="Boiler"/>
				<string name="UnitName" value="Evarts"/>
			</object>
			<object name="3256">
				<integer name="Country" value="1"/>
				<float name="ER" value="100."/>
				<string name="Hull" value="Std_Barbet"/>
				<string name="Name" value="Middle3_Boiler"/>
				<string name="TypHL" value="Boiler"/>
				<string name="UnitName" value="Evarts"/>
			</object>
			<object name="3257">
				<integer name="Country" value="1"/>
				<float name="ER" value="80."/>
				<string name="Hull" value="Evarts_Ordinary"/>
				<string name="Name" value="Middle3_Deck"/>
				<string name="TypHL" value="Hull"/>
				<string name="UnitName" value="Evarts"/>
			</object>
			<object name="3258">
				<integer name="Country" value="1"/>
				<float name="ER" value="80."/>
				<string name="Hull" value="Std_Bottom"/>
				<string name="Name" value="Middle3_Bottom"/>
				<string name="TypHL" value="FuelTank"/>
				<string name="UnitName" value="Evarts"/>
			</object>
			<object name="3260">
				<integer name="Country" value="1"/>
				<float name="ER" value="80."/>
				<string name="Hull" value="Evarts_Ordinary"/>
				<string name="Name" value="Middle4_Deck"/>
				<string name="TypHL" value="Hull"/>
				<string name="UnitName" value="Evarts"/>
			</object>
			<object name="3261">
				<string name="ConnectName" value="Middle2_Boiler;Middle3_Boiler"/>
				<integer name="Country" value="1"/>
				<float name="ER" value="80."/>
				<string name="Hull" value="Std_Engine"/>
				<string name="Name" value="Engine1"/>
				<string name="TypHL" value="Engine"/>
				<string name="UnitName" value="Evarts"/>
			</object>
			<object name="3262">
				<string name="ConnectName" value="Middle2_Boiler;Middle3_Boiler"/>
				<integer name="Country" value="1"/>
				<float name="ER" value="80."/>
				<string name="Hull" value="Std_Engine"/>
				<string name="Name" value="Engine2"/>
				<string name="TypHL" value="Engine"/>
				<string name="UnitName" value="Evarts"/>
			</object>
			<object name="3263">
				<integer name="Country" value="1"/>
				<float name="ER" value="80."/>
				<string name="Hull" value="Std_Bottom"/>
				<string name="Name" value="Middle4_Bottom"/>
				<string name="TypHL" value="FuelTank"/>
				<string name="UnitName" value="Evarts"/>
			</object>
			<object name="3264">
				<integer name="Country" value="1"/>
				<float name="ER" value="80."/>
				<string name="Hull" value="Std_Bottom"/>
				<string name="Name" value="Bow1_Bottom"/>
				<string name="TypHL" value="Hull"/>
				<string name="UnitName" value="Evarts"/>
			</object>
			<object name="3265">
				<integer name="Country" value="1"/>
				<float name="ER" value="80."/>
				<string name="Hull" value="Evarts_Ordinary"/>
				<string name="Name" value="Bow1_Deck"/>
				<string name="TypHL" value="Hull"/>
				<string name="UnitName" value="Evarts"/>
			</object>
			<object name="3266">
				<integer name="Country" value="1"/>
				<float name="ER" value="100."/>
				<string name="Hull" value="Std_AS_T1"/>
				<string name="Name" value="AmmoStore_1"/>
				<float name="Param_1" value="0."/>
				<string name="TypHL" value="AmmoStore"/>
				<string name="UnitName" value="Evarts"/>
			</object>
			<object name="3267">
				<integer name="Country" value="1"/>
				<float name="ER" value="80."/>
				<string name="Hull" value="Evarts_Ordinary"/>
				<string name="Name" value="Stern1_Deck"/>
				<string name="TypHL" value="Hull"/>
				<string name="UnitName" value="Evarts"/>
			</object>
			<object name="3268">
				<integer name="Country" value="1"/>
				<float name="ER" value="100."/>
				<string name="Hull" value="Std_AS_T1"/>
				<string name="Name" value="AmmoStore_4"/>
				<float name="Param_1" value="0."/>
				<string name="TypHL" value="AmmoStore"/>
				<string name="UnitName" value="Evarts"/>
			</object>
			<object name="3269">
				<integer name="Country" value="1"/>
				<float name="ER" value="80."/>
				<string name="Hull" value="Evarts_Ordinary"/>
				<string name="Name" value="Stern2_Deck"/>
				<string name="TypHL" value="Hull"/>
				<string name="UnitName" value="Evarts"/>
			</object>
			<object name="3270">
				<integer name="Country" value="1"/>
				<float name="ER" value="30."/>
				<string name="Hull" value="Std_Hull"/>
				<string name="Name" value="Tiller"/>
				<string name="TypHL" value="Hull"/>
				<string name="UnitName" value="Evarts"/>
			</object>
			<object name="9295">
				<integer name="Country" value="1"/>
				<integer name="Crew" value="50"/>
				<float name="ER" value="50."/>
				<string name="Hull" value="Evarts_Ordinary"/>
				<string name="Name" value="ConingBridje"/>
				<string name="TypHL" value="Crew"/>
				<string name="UnitName" value="Evarts"/>
			</object>
			<object name="9296">
				<integer name="Country" value="1"/>
				<integer name="Crew" value="40"/>
				<float name="ER" value="80."/>
				<string name="Hull" value="Std_Hull"/>
				<string name="Name" value="BowSuperstructure"/>
				<string name="TypHL" value="Crew"/>
				<string name="UnitName" value="Evarts"/>
			</object>
			<object name="9297">
				<integer name="Country" value="1"/>
				<integer name="Crew" value="40"/>
				<float name="ER" value="80."/>
				<string name="Hull" value="Std_Hull"/>
				<string name="Name" value="SternSuperstructure"/>
				<string name="TypHL" value="Crew"/>
				<string name="UnitName" value="Evarts"/>
			</object>
			<object name="9298">
				<integer name="Country" value="1"/>
				<float name="ER" value="50."/>
				<string name="Hull" value="Std_Hull"/>
				<string name="Name" value="SmokeStack"/>
				<string name="TypHL" value="Hull"/>
				<string name="UnitName" value="Evarts"/> 
			</object>
		</object>
		<object name="Hulls">	
			<object name="Evarts_Ordinary">
				<integer name="Back" value="20"/>
				<integer name="Bottom" value="10"/>
				<integer name="Country" value="1"/>
				<float name="ExplProb" value="0."/>
				<float name="FireProb" value="15."/>
				<integer name="Front" value="20"/>
				<integer name="Left" value="20"/>
				<string name="Material" value="Steel"/>
				<integer name="Right" value="20"/>
				<integer name="Top" value="10"/>
				<integer name="UnitName" value="0"/>
				<string name="UnitTyp" value="Ship"/>
			</object>
		</object>
	</object>
</root>
