﻿<?xml version="1.0" standalone="yes" ?>
<root>
	<object name="SteelMonstersParams">
		<object name="Hit_Location">
			<object name="1260">
				<integer name="Country" value="3"/>
				<float name="ER" value="500."/>
				<string name="Hull" value="KGV_EUUpperDeck"/>
				<string name="Name" value="Stern3_LowerDeck"/>
				<string name="TypHL" value="Hull"/>
				<string name="UnitName" value="KingGeorgV"/>
			</object>
			<object name="1261">
				<integer name="Country" value="3"/>
				<float name="ER" value="500."/>
				<string name="Hull" value="KGV_Tiller"/>
				<string name="Name" value="Tiller"/>
				<string name="TypHL" value="Hull"/>
				<string name="UnitName" value="KingGeorgV"/>
			</object>
			<object name="1262">
				<integer name="Country" value="3"/>
				<float name="ER" value="600."/>
				<string name="Hull" value="KGV_ArmourDeckEU"/>
				<string name="Name" value="Stern3_UpperDeck"/>
				<string name="TypHL" value="Hull"/>
				<string name="UnitName" value="KingGeorgV"/>
			</object>
			<object name="1263">
				<integer name="Country" value="3"/>
				<float name="ER" value="700."/>
				<string name="Hull" value="KGV_Barbet"/>
				<string name="Name" value="Barbet1"/>
				<string name="TypHL" value="Hull"/>
				<string name="UnitName" value="KingGeorgV"/>
			</object>
			<object name="1264">
				<integer name="Country" value="3"/>
				<float name="ER" value="700."/>
				<string name="Hull" value="KGV_Barbet"/>
				<string name="Name" value="Barbet2"/>
				<string name="TypHL" value="Hull"/>
				<string name="UnitName" value="KingGeorgV"/>
			</object>
			<object name="1265">
				<integer name="Country" value="3"/>
				<float name="ER" value="700."/>
				<string name="Hull" value="KGV_Barbet"/>
				<string name="Name" value="Barbet3"/>
				<string name="TypHL" value="Hull"/>
				<string name="UnitName" value="KingGeorgV"/>
			</object>
			<object name="1266">
				<integer name="Country" value="3"/>
				<float name="ER" value="550."/>
				<string name="Hull" value="KGV_BattleCabine"/>
				<string name="Name" value="BattleCabin"/>
				<string name="TypHL" value="Probe"/>
				<string name="UnitName" value="KingGeorgV"/>
			</object>
			<object name="1267">
				<integer name="Country" value="3"/>
				<float name="ER" value="500."/>
				<string name="Hull" value="Std_Probe"/>
				<string name="Name" value="Probe_AA_Bow"/>
				<string name="TypHL" value="Probe"/>
				<string name="UnitName" value="KingGeorgV"/>
			</object>
			<object name="1268">
				<integer name="Country" value="3"/>
				<float name="ER" value="500."/>
				<string name="Hull" value="Std_Probe"/>
				<string name="Name" value="Probe_AA_Stern"/>
				<string name="TypHL" value="Probe"/>
				<string name="UnitName" value="KingGeorgV"/>
			</object>
			<object name="1269">
				<string name="ConnectName" value="Middle4_Engine"/>
				<integer name="Country" value="3"/>
				<float name="ER" value="500."/>
				<string name="Hull" value="Std_Mover"/>
				<string name="Name" value="Mover3"/>
				<string name="TypHL" value="Mover"/>
				<string name="UnitName" value="KingGeorgV"/>
			</object>
			<object name="1270">
				<string name="ConnectName" value="Middle5_Engine"/>
				<integer name="Country" value="3"/>
				<float name="ER" value="500."/>
				<string name="Hull" value="Std_Mover"/>
				<string name="Name" value="Mover4"/>
				<string name="TypHL" value="Mover"/>
				<string name="UnitName" value="KingGeorgV"/>
			</object>
			<object name="1271">
				<string name="ConnectName" value="Middle3_Engine"/>
				<integer name="Country" value="3"/>
				<float name="ER" value="500."/>
				<string name="Hull" value="Std_Mover"/>
				<string name="Name" value="Mover2"/>
				<string name="TypHL" value="Mover"/>
				<string name="UnitName" value="KingGeorgV"/>
			</object>
			<object name="1272">
				<string name="ConnectName" value="Middle2_Engine"/>
				<integer name="Country" value="3"/>
				<float name="ER" value="500."/>
				<string name="Hull" value="Std_Mover"/>
				<string name="Name" value="Mover1"/>
				<string name="TypHL" value="Mover"/>
				<string name="UnitName" value="KingGeorgV"/>
			</object>
			<object name="1273">
				<string name="ConnectName" value="Tiller;"/>
				<integer name="Country" value="3"/>
				<float name="ER" value="500."/>
				<string name="Hull" value="Std_Rudder"/>
				<string name="Name" value="Rudder"/>
				<string name="TypHL" value="Rudder"/>
				<string name="UnitName" value="KingGeorgV"/>
			</object>
			<object name="1275">
				<integer name="Country" value="3"/>
				<float name="ER" value="500."/>
				<string name="Hull" value="KGV_LAMP"/>
				<string name="Name" value="Bow3_LAMP"/>
				<string name="TypHL" value="Hull"/>
				<string name="UnitName" value="KingGeorgV"/>
			</object>
			<object name="1276">
				<integer name="Country" value="3"/>
				<float name="ER" value="700."/>
				<string name="Hull" value="KGV_LASBelt_Lower"/>
				<string name="Name" value="Bow3_LLowerBelt"/>
				<string name="TypHL" value="Hull"/>
				<string name="UnitName" value="KingGeorgV"/>
			</object>
			<object name="1277">
				<integer name="Country" value="3"/>
				<float name="ER" value="700."/>
				<string name="Hull" value="KGV_LASBelt_Upper"/>
				<string name="Name" value="Bow3_LUpperBelt"/>
				<string name="TypHL" value="Hull"/>
				<string name="UnitName" value="KingGeorgV"/>
			</object>
			<object name="1278">
				<integer name="Country" value="3"/>
				<float name="ER" value="500."/>
				<string name="Hull" value="KGV_RAMP"/>
				<string name="Name" value="Bow3_RAMP"/>
				<string name="TypHL" value="Hull"/>
				<string name="UnitName" value="KingGeorgV"/>
			</object>
			<object name="1279">
				<integer name="Country" value="3"/>
				<float name="ER" value="700."/>
				<string name="Hull" value="KGV_RASBelt_Lower"/>
				<string name="Name" value="Bow3_RLowerBelt"/>
				<string name="TypHL" value="Hull"/>
				<string name="UnitName" value="KingGeorgV"/>
			</object>
			<object name="1280">
				<integer name="Country" value="3"/>
				<float name="ER" value="700."/>
				<string name="Hull" value="KGV_RASBelt_Upper"/>
				<string name="Name" value="Bow3_RUpperBelt"/>
				<string name="TypHL" value="Hull"/>
				<string name="UnitName" value="KingGeorgV"/>
			</object>
			<object name="1281">
				<integer name="Country" value="3"/>
				<float name="ER" value="500."/>
				<string name="Hull" value="KGV_Bottom"/>
				<string name="Name" value="Bow3_RBottom"/>
				<string name="TypHL" value="Hull"/>
				<string name="UnitName" value="KingGeorgV"/>
			</object>
			<object name="1282">
				<integer name="Country" value="3"/>
				<float name="ER" value="500."/>
				<string name="Hull" value="KGV_Bottom"/>
				<string name="Name" value="Bow3_LBottom"/>
				<string name="TypHL" value="Hull"/>
				<string name="UnitName" value="KingGeorgV"/>
			</object>
			<object name="1283">
				<integer name="Country" value="3"/>
				<float name="ER" value="600."/>
				<string name="Hull" value="KGV_ArmourDeckEU"/>
				<string name="Name" value="Bow3_UpperDeck"/>
				<string name="TypHL" value="Hull"/>
				<string name="UnitName" value="KingGeorgV"/>
			</object>
			<object name="1284">
				<integer name="Country" value="3"/>
				<float name="ER" value="600."/>
				<string name="Hull" value="KGV_ArmourDeckAS"/>
				<string name="Name" value="Bow3_MiddleDeck"/>
				<string name="TypHL" value="Hull"/>
				<string name="UnitName" value="KingGeorgV"/>
			</object>
			<object name="1285">
				<integer name="Country" value="3"/>
				<float name="ER" value="500."/>
				<string name="Hull" value="KGV_EUUpperDeck"/>
				<string name="Name" value="Bow3_LowerDeck1"/>
				<string name="TypHL" value="Hull"/>
				<string name="UnitName" value="KingGeorgV"/>
			</object>
			<object name="1286">
				<integer name="Country" value="3"/>
				<float name="ER" value="500."/>
				<string name="Hull" value="KGV_AS_T2"/>
				<string name="Name" value="AmmoStore_2_2"/>
				<float name="Param_1" value="0."/>
				<string name="TypHL" value="AmmoStore"/>
				<string name="UnitName" value="KingGeorgV"/>
			</object>
			<object name="1287">
				<integer name="Country" value="3"/>
				<float name="ER" value="500."/>
				<string name="Hull" value="KGV_AS_T1"/>
				<string name="Name" value="AmmoStore_2_1"/>
				<float name="Param_1" value="0."/>
				<string name="TypHL" value="AmmoStore"/>
				<string name="UnitName" value="KingGeorgV"/>
			</object>
			<object name="1288">
				<integer name="Country" value="3"/>
				<float name="ER" value="500."/>
				<string name="Hull" value="KGV_AS_T2"/>
				<string name="Name" value="AmmoStore_1_2"/>
				<float name="Param_1" value="0."/>
				<string name="TypHL" value="AmmoStore"/>
				<string name="UnitName" value="KingGeorgV"/>
			</object>
			<object name="1289">
				<integer name="Country" value="3"/>
				<float name="ER" value="500."/>
				<string name="Hull" value="KGV_AS_T1"/>
				<string name="Name" value="AmmoStore_1_1"/>
				<float name="Param_1" value="0."/>
				<string name="TypHL" value="AmmoStore"/>
				<string name="UnitName" value="KingGeorgV"/>
			</object>
			<object name="1291">
				<integer name="Country" value="3"/>
				<float name="ER" value="600."/>
				<string name="Hull" value="KGV_ArmourDeckEU"/>
				<string name="Name" value="Stern2_UpperDeck"/>
				<string name="TypHL" value="Hull"/>
				<string name="UnitName" value="KingGeorgV"/>
			</object>
			<object name="1292">
				<integer name="Country" value="3"/>
				<float name="ER" value="500."/>
				<string name="Hull" value="KGV_Bottom"/>
				<string name="Name" value="Stern1_RBottom"/>
				<string name="TypHL" value="Hull"/>
				<string name="UnitName" value="KingGeorgV"/>
			</object>
			<object name="1293">
				<integer name="Country" value="3"/>
				<float name="ER" value="500."/>
				<string name="Hull" value="KGV_Bottom"/>
				<string name="Name" value="Stern1_LBottom"/>
				<string name="TypHL" value="Hull"/>
				<string name="UnitName" value="KingGeorgV"/>
			</object>
			<object name="1294">
				<integer name="Country" value="3"/>
				<float name="ER" value="500."/>
				<string name="Hull" value="KGV_RAMP"/>
				<string name="Name" value="Stern1_RAMP"/>
				<string name="TypHL" value="Hull"/>
				<string name="UnitName" value="KingGeorgV"/>
			</object>
			<object name="1295">
				<integer name="Country" value="3"/>
				<float name="ER" value="500."/>
				<string name="Hull" value="KGV_LAMP"/>
				<string name="Name" value="Stern1_LAMP"/>
				<string name="TypHL" value="Hull"/>
				<string name="UnitName" value="KingGeorgV"/>
			</object>
			<object name="1296">
				<integer name="Country" value="3"/>
				<float name="ER" value="700."/>
				<string name="Hull" value="KGV_LASBelt_Upper"/>
				<string name="Name" value="Stern1_LUpperBelt"/>
				<string name="TypHL" value="Hull"/>
				<string name="UnitName" value="KingGeorgV"/>
			</object>
			<object name="1297">
				<integer name="Country" value="3"/>
				<float name="ER" value="600."/>
				<string name="Hull" value="KGV_EUUpperDeck"/>
				<string name="Name" value="Stern1_LowerDeck"/>
				<string name="TypHL" value="Hull"/>
				<string name="UnitName" value="KingGeorgV"/>
			</object>
			<object name="1298">
				<integer name="Country" value="3"/>
				<float name="ER" value="500."/>
				<string name="Hull" value="KGV_AS_T1"/>
				<string name="Name" value="AmmoStore_3_1"/>
				<float name="Param_1" value="0."/>
				<string name="TypHL" value="AmmoStore"/>
				<string name="UnitName" value="KingGeorgV"/>
			</object>
			<object name="1299">
				<integer name="Country" value="3"/>
				<float name="ER" value="500."/>
				<string name="Hull" value="KGV_AS_T2"/>
				<string name="Name" value="AmmoStore_3_2"/>
				<float name="Param_1" value="0."/>
				<string name="TypHL" value="AmmoStore"/>
				<string name="UnitName" value="KingGeorgV"/>
			</object>
			<object name="1300">
				<integer name="Country" value="3"/>
				<float name="ER" value="700."/>
				<string name="Hull" value="KGV_RASBelt_Lower"/>
				<string name="Name" value="Stern1_RLowerBelt"/>
				<string name="TypHL" value="Hull"/>
				<string name="UnitName" value="KingGeorgV"/>
			</object>
			<object name="1301">
				<integer name="Country" value="3"/>
				<float name="ER" value="700."/>
				<string name="Hull" value="KGV_RASBelt_Upper"/>
				<string name="Name" value="Stern1_RUpperBelt"/>
				<string name="TypHL" value="Hull"/>
				<string name="UnitName" value="KingGeorgV"/>
			</object>
			<object name="1302">
				<integer name="Country" value="3"/>
				<float name="ER" value="600."/>
				<string name="Hull" value="KGV_ArmourDeckEU"/>
				<string name="Name" value="Stern1_UpperDeck"/>
				<string name="TypHL" value="Hull"/>
				<string name="UnitName" value="KingGeorgV"/>
			</object>
			<object name="1303">
				<integer name="Country" value="3"/>
				<float name="ER" value="600."/>
				<string name="Hull" value="KGV_ArmourDeckAS"/>
				<string name="Name" value="Stern1_MiddleDeck"/>
				<string name="TypHL" value="Hull"/>
				<string name="UnitName" value="KingGeorgV"/>
			</object>
			<object name="1304">
				<integer name="Country" value="3"/>
				<float name="ER" value="500."/>
				<string name="Hull" value="Std_Probe"/>
				<string name="Name" value="Probe_MG_Stern"/>
				<string name="TypHL" value="Probe"/>
				<string name="UnitName" value="KingGeorgV"/>
			</object>
			<object name="1306">
				<integer name="Country" value="3"/>
				<float name="ER" value="500."/>
				<string name="Hull" value="KGV_EUUpperDeck"/>
				<string name="Name" value="Middle5_LLowerDeck"/>
				<string name="TypHL" value="Hull"/>
				<string name="UnitName" value="KingGeorgV"/>
			</object>
			<object name="1307">
				<integer name="Country" value="3"/>
				<float name="ER" value="700."/>
				<string name="Hull" value="KGV_ArmourDeckEU"/>
				<string name="Name" value="Middle5_REngineDeck"/>
				<string name="TypHL" value="Hull"/>
				<string name="UnitName" value="KingGeorgV"/>
			</object>
			<object name="1308">
				<string name="ConnectName" value="Middle2_Boiler;Middle3_Boiler;Middle4_Boiler;Middle5_Boiler"/>
				<integer name="Country" value="3"/>
				<float name="ER" value="500."/>
				<string name="Hull" value="Std_Engine"/>
				<string name="Name" value="Middle5_Engine"/>
				<string name="TypHL" value="Engine"/>
				<string name="UnitName" value="KingGeorgV"/>
			</object>
			<object name="1309">
				<integer name="Country" value="3"/>
				<float name="ER" value="500."/>
				<string name="Hull" value="KGV_EUUpperDeck"/>
				<string name="Name" value="Middle5_RLowerDeck"/>
				<string name="TypHL" value="Hull"/>
				<string name="UnitName" value="KingGeorgV"/>
			</object>
			<object name="1310">
				<integer name="Country" value="3"/>
				<float name="ER" value="600."/>
				<string name="Hull" value="KGV_ArmourDeckEU"/>
				<string name="Name" value="Middle5_RMiddleDeck"/>
				<string name="TypHL" value="Hull"/>
				<string name="UnitName" value="KingGeorgV"/>
			</object>
			<object name="1311">
				<integer name="Country" value="3"/>
				<float name="ER" value="500."/>
				<string name="Hull" value="KGV_EUUpperDeck"/>
				<string name="Name" value="Middle5_UpperDeck"/>
				<string name="TypHL" value="Hull"/>
				<string name="UnitName" value="KingGeorgV"/>
			</object>
			<object name="1312">
				<integer name="Country" value="3"/>
				<float name="ER" value="600."/>
				<string name="Hull" value="KGV_ArmourDeckEU"/>
				<string name="Name" value="Middle5_LEngineDeck"/>
				<string name="TypHL" value="Hull"/>
				<string name="UnitName" value="KingGeorgV"/>
			</object>
			<object name="1313">
				<integer name="Country" value="3"/>
				<float name="ER" value="500."/>
				<string name="Hull" value="Std_Boiler"/>
				<string name="Name" value="Middle5_Boiler"/>
				<string name="TypHL" value="Boiler"/>
				<string name="UnitName" value="KingGeorgV"/>
			</object>
			<object name="1314">
				<integer name="Country" value="3"/>
				<float name="ER" value="600."/>
				<string name="Hull" value="KGV_ArmourDeckEU"/>
				<string name="Name" value="Middle5_Middle2Deck"/>
				<string name="TypHL" value="Hull"/>
				<string name="UnitName" value="KingGeorgV"/>
			</object>
			<object name="1315">
				<integer name="Country" value="3"/>
				<float name="ER" value="600."/>
				<string name="Hull" value="KGV_ArmourDeckEU"/>
				<string name="Name" value="Middle5_LMiddleDeck"/>
				<string name="TypHL" value="Hull"/>
				<string name="UnitName" value="KingGeorgV"/>
			</object>
			<object name="1316">
				<integer name="Country" value="3"/>
				<float name="ER" value="500."/>
				<string name="Hull" value="KGV_Bottom"/>
				<string name="Name" value="Middle5_RBottom"/>
				<string name="TypHL" value="FuelTank"/>
				<string name="UnitName" value="KingGeorgV"/>
			</object>
			<object name="1317">
				<integer name="Country" value="3"/>
				<float name="ER" value="500."/>
				<string name="Hull" value="KGV_LAMP"/>
				<string name="Name" value="Middle5_LAMP"/>
				<string name="TypHL" value="Hull"/>
				<string name="UnitName" value="KingGeorgV"/>
			</object>
			<object name="1318">
				<integer name="Country" value="3"/>
				<float name="ER" value="500."/>
				<string name="Hull" value="KGV_Bottom"/>
				<string name="Name" value="Middle5_LBottom"/>
				<string name="TypHL" value="FuelTank"/>
				<string name="UnitName" value="KingGeorgV"/>
			</object>
			<object name="1319">
				<integer name="Country" value="3"/>
				<float name="ER" value="500."/>
				<string name="Hull" value="KGV_RAMP"/>
				<string name="Name" value="Middle5_RAMP"/>
				<string name="TypHL" value="Hull"/>
				<string name="UnitName" value="KingGeorgV"/>
			</object>
			<object name="1320">
				<integer name="Country" value="3"/>
				<float name="ER" value="700."/>
				<string name="Hull" value="KGV_LEUBelt_Lower"/>
				<string name="Name" value="Middle5_LLowerBelt"/>
				<string name="TypHL" value="Hull"/>
				<string name="UnitName" value="KingGeorgV"/>
			</object>
			<object name="1321">
				<integer name="Country" value="3"/>
				<float name="ER" value="700."/>
				<string name="Hull" value="KGV_REUBelt_Lower"/>
				<string name="Name" value="Middle5_RLowerBelt"/>
				<string name="TypHL" value="Hull"/>
				<string name="UnitName" value="KingGeorgV"/>
			</object>
			<object name="1322">
				<integer name="Country" value="3"/>
				<float name="ER" value="700."/>
				<string name="Hull" value="KGV_REUBelt_Upper"/>
				<string name="Name" value="Middle5_RUpperBelt"/>
				<string name="TypHL" value="Hull"/>
				<string name="UnitName" value="KingGeorgV"/>
			</object>
			<object name="1323">
				<integer name="Country" value="3"/>
				<float name="ER" value="700."/>
				<string name="Hull" value="KGV_LEUBelt_Upper"/>
				<string name="Name" value="Middle5_LUpperBelt"/>
				<string name="TypHL" value="Hull"/>
				<string name="UnitName" value="KingGeorgV"/>
			</object>
			<object name="1325">
				<integer name="Country" value="3"/>
				<float name="ER" value="500."/>
				<string name="Hull" value="KGV_EUUpperDeck"/>
				<string name="Name" value="Middle4_LLowerDeck"/>
				<string name="TypHL" value="Hull"/>
				<string name="UnitName" value="KingGeorgV"/>
			</object>
			<object name="1326">
				<integer name="Country" value="3"/>
				<float name="ER" value="600."/>
				<string name="Hull" value="KGV_ArmourDeckEU"/>
				<string name="Name" value="Middle4_LEngineDeck"/>
				<string name="TypHL" value="Hull"/>
				<string name="UnitName" value="KingGeorgV"/>
			</object>
			<object name="1327">
				<string name="ConnectName" value="Middle2_Boiler;Middle3_Boiler;Middle4_Boiler;Middle5_Boiler"/>
				<integer name="Country" value="3"/>
				<float name="ER" value="500."/>
				<string name="Hull" value="Std_Engine"/>
				<string name="Name" value="Middle4_Engine"/>
				<string name="TypHL" value="Engine"/>
				<string name="UnitName" value="KingGeorgV"/>
			</object>
			<object name="1328">
				<integer name="Country" value="3"/>
				<float name="ER" value="600."/>
				<string name="Hull" value="KGV_ArmourDeckEU"/>
				<string name="Name" value="Middle4_REngineDeck"/>
				<string name="TypHL" value="Hull"/>
				<string name="UnitName" value="KingGeorgV"/>
			</object>
			<object name="1329">
				<integer name="Country" value="3"/>
				<float name="ER" value="500."/>
				<string name="Hull" value="Std_Boiler"/>
				<string name="Name" value="Middle4_Boiler"/>
				<string name="TypHL" value="Boiler"/>
				<string name="UnitName" value="KingGeorgV"/>
			</object>
			<object name="1330">
				<integer name="Country" value="3"/>
				<float name="ER" value="500."/>
				<string name="Hull" value="KGV_EUUpperDeck"/>
				<string name="Name" value="Middle4_RLowerDeck"/>
				<string name="TypHL" value="Hull"/>
				<string name="UnitName" value="KingGeorgV"/>
			</object>
			<object name="1331">
				<integer name="Country" value="3"/>
				<float name="ER" value="600."/>
				<string name="Hull" value="KGV_ArmourDeckEU"/>
				<string name="Name" value="Middle4_Middle2Deck"/>
				<string name="TypHL" value="Hull"/>
				<string name="UnitName" value="KingGeorgV"/>
			</object>
			<object name="1332">
				<integer name="Country" value="3"/>
				<float name="ER" value="500."/>
				<string name="Hull" value="KGV_EUUpperDeck"/>
				<string name="Name" value="Middle4_UpperDeck"/>
				<string name="TypHL" value="Hull"/>
				<string name="UnitName" value="KingGeorgV"/>
			</object>
			<object name="1333">
				<integer name="Country" value="3"/>
				<float name="ER" value="600."/>
				<string name="Hull" value="KGV_ArmourDeckEU"/>
				<string name="Name" value="Middle4_LMiddleDeck"/>
				<string name="TypHL" value="Hull"/>
				<string name="UnitName" value="KingGeorgV"/>
			</object>
			<object name="1334">
				<integer name="Country" value="3"/>
				<float name="ER" value="600."/>
				<string name="Hull" value="KGV_ArmourDeckEU"/>
				<string name="Name" value="Middle4_RMiddleDeck"/>
				<string name="TypHL" value="Hull"/>
				<string name="UnitName" value="KingGeorgV"/>
			</object>
			<object name="1335">
				<integer name="Country" value="3"/>
				<float name="ER" value="500."/>
				<string name="Hull" value="KGV_Bottom"/>
				<string name="Name" value="Middle4_RBottom"/>
				<string name="TypHL" value="FuelTank"/>
				<string name="UnitName" value="KingGeorgV"/>
			</object>
			<object name="1336">
				<integer name="Country" value="3"/>
				<float name="ER" value="500."/>
				<string name="Hull" value="KGV_Bottom"/>
				<string name="Name" value="Middle4_LBottom"/>
				<string name="TypHL" value="FuelTank"/>
				<string name="UnitName" value="KingGeorgV"/>
			</object>
			<object name="1337">
				<integer name="Country" value="3"/>
				<float name="ER" value="500."/>
				<string name="Hull" value="KGV_RAMP"/>
				<string name="Name" value="Middle4_RAMP"/>
				<string name="TypHL" value="Hull"/>
				<string name="UnitName" value="KingGeorgV"/>
			</object>
			<object name="1338">
				<integer name="Country" value="3"/>
				<float name="ER" value="500."/>
				<string name="Hull" value="KGV_LAMP"/>
				<string name="Name" value="Middle4_LAMP"/>
				<string name="TypHL" value="Hull"/>
				<string name="UnitName" value="KingGeorgV"/>
			</object>
			<object name="1339">
				<integer name="Country" value="3"/>
				<float name="ER" value="700."/>
				<string name="Hull" value="KGV_LEUBelt_Lower"/>
				<string name="Name" value="Middle4_LLowerBelt"/>
				<string name="TypHL" value="Hull"/>
				<string name="UnitName" value="KingGeorgV"/>
			</object>
			<object name="1340">
				<integer name="Country" value="3"/>
				<float name="ER" value="700."/>
				<string name="Hull" value="KGV_REUBelt_Upper"/>
				<string name="Name" value="Middle4_RUpperBelt"/>
				<string name="TypHL" value="Hull"/>
				<string name="UnitName" value="KingGeorgV"/>
			</object>
			<object name="1341">
				<integer name="Country" value="3"/>
				<float name="ER" value="700."/>
				<string name="Hull" value="KGV_REUBelt_Lower"/>
				<string name="Name" value="Middle4_RLowerBelt"/>
				<string name="TypHL" value="Hull"/>
				<string name="UnitName" value="KingGeorgV"/>
			</object>
			<object name="1342">
				<integer name="Country" value="3"/>
				<float name="ER" value="700."/>
				<string name="Hull" value="KGV_LEUBelt_Upper"/>
				<string name="Name" value="Middle4_LUpperBelt"/>
				<string name="TypHL" value="Hull"/>
				<string name="UnitName" value="KingGeorgV"/>
			</object>
			<object name="1344">
				<integer name="Country" value="3"/>
				<float name="ER" value="600."/>
				<string name="Hull" value="KGV_ArmourDeckEU"/>
				<string name="Name" value="Middle3_LEngineDeck"/>
				<string name="TypHL" value="Hull"/>
				<string name="UnitName" value="KingGeorgV"/>
			</object>
			<object name="1345">
				<integer name="Country" value="3"/>
				<float name="ER" value="500."/>
				<string name="Hull" value="Std_Boiler"/>
				<string name="Name" value="Middle3_Boiler"/>
				<string name="TypHL" value="Boiler"/>
				<string name="UnitName" value="KingGeorgV"/>
			</object>
			<object name="1346">
				<integer name="Country" value="3"/>
				<float name="ER" value="600."/>
				<string name="Hull" value="KGV_ArmourDeckEU"/>
				<string name="Name" value="Middle3_REngineDeck"/>
				<string name="TypHL" value="Hull"/>
				<string name="UnitName" value="KingGeorgV"/>
			</object>
			<object name="1347">
				<string name="ConnectName" value="Middle2_Boiler;Middle3_Boiler;Middle4_Boiler;Middle5_Boiler;"/>
				<integer name="Country" value="3"/>
				<float name="ER" value="500."/>
				<string name="Hull" value="Std_Engine"/>
				<string name="Name" value="Middle3_Engine"/>
				<string name="TypHL" value="Engine"/>
				<string name="UnitName" value="KingGeorgV"/>
			</object>
			<object name="1348">
				<integer name="Country" value="3"/>
				<float name="ER" value="500."/>
				<string name="Hull" value="KGV_EUUpperDeck"/>
				<string name="Name" value="Middle3_LLowerDeck"/>
				<string name="TypHL" value="Hull"/>
				<string name="UnitName" value="KingGeorgV"/>
			</object>
			<object name="1349">
				<integer name="Country" value="3"/>
				<float name="ER" value="500."/>
				<string name="Hull" value="KGV_EUUpperDeck"/>
				<string name="Name" value="Middle3_RLowerDeck"/>
				<string name="TypHL" value="Hull"/>
				<string name="UnitName" value="KingGeorgV"/>
			</object>
			<object name="1350">
				<integer name="Country" value="3"/>
				<float name="ER" value="600."/>
				<string name="Hull" value="KGV_ArmourDeckEU"/>
				<string name="Name" value="Middle3_RMiddleDeck"/>
				<string name="TypHL" value="Hull"/>
				<string name="UnitName" value="KingGeorgV"/>
			</object>
			<object name="1351">
				<integer name="Country" value="3"/>
				<float name="ER" value="600."/>
				<string name="Hull" value="KGV_ArmourDeckEU"/>
				<string name="Name" value="Middle3_LMiddleDeck"/>
				<string name="TypHL" value="Hull"/>
				<string name="UnitName" value="KingGeorgV"/>
			</object>
			<object name="1352">
				<integer name="Country" value="3"/>
				<float name="ER" value="600."/>
				<string name="Hull" value="KGV_ArmourDeckEU"/>
				<string name="Name" value="Middle3_Middle2Deck"/>
				<string name="TypHL" value="Hull"/>
				<string name="UnitName" value="KingGeorgV"/>
			</object>
			<object name="1353">
				<integer name="Country" value="3"/>
				<float name="ER" value="500."/>
				<string name="Hull" value="KGV_EUUpperDeck"/>
				<string name="Name" value="Middle3_UpperDeck"/>
				<string name="TypHL" value="Hull"/>
				<string name="UnitName" value="KingGeorgV"/>
			</object>
			<object name="1354">
				<integer name="Country" value="3"/>
				<float name="ER" value="500."/>
				<string name="Hull" value="KGV_Bottom"/>
				<string name="Name" value="Middle3_LBottom"/>
				<string name="TypHL" value="FuelTank"/>
				<string name="UnitName" value="KingGeorgV"/>
			</object>
			<object name="1355">
				<integer name="Country" value="3"/>
				<float name="ER" value="500."/>
				<string name="Hull" value="KGV_Bottom"/>
				<string name="Name" value="Middle3_RBottom"/>
				<string name="TypHL" value="FuelTank"/>
				<string name="UnitName" value="KingGeorgV"/>
			</object>
			<object name="1356">
				<integer name="Country" value="3"/>
				<float name="ER" value="500."/>
				<string name="Hull" value="KGV_RAMP"/>
				<string name="Name" value="Middle3_RAMP"/>
				<string name="TypHL" value="Hull"/>
				<string name="UnitName" value="KingGeorgV"/>
			</object>
			<object name="1357">
				<integer name="Country" value="3"/>
				<float name="ER" value="700."/>
				<string name="Hull" value="KGV_LEUBelt_Upper"/>
				<string name="Name" value="Middle3_LUpperBelt"/>
				<string name="TypHL" value="Hull"/>
				<string name="UnitName" value="KingGeorgV"/>
			</object>
			<object name="1358">
				<integer name="Country" value="3"/>
				<float name="ER" value="500."/>
				<string name="Hull" value="KGV_RAMP"/>
				<string name="Name" value="Middle3_LAMP"/>
				<string name="TypHL" value="Hull"/>
				<string name="UnitName" value="KingGeorgV"/>
			</object>
			<object name="1359">
				<integer name="Country" value="3"/>
				<float name="ER" value="700."/>
				<string name="Hull" value="KGV_LEUBelt_Lower"/>
				<string name="Name" value="Middle3_LLowerBelt"/>
				<string name="TypHL" value="Hull"/>
				<string name="UnitName" value="KingGeorgV"/>
			</object>
			<object name="1360">
				<integer name="Country" value="3"/>
				<float name="ER" value="700."/>
				<string name="Hull" value="KGV_REUBelt_Lower"/>
				<string name="Name" value="Middle3_RLowerBelt"/>
				<string name="TypHL" value="Hull"/>
				<string name="UnitName" value="KingGeorgV"/>
			</object>
			<object name="1361">
				<integer name="Country" value="3"/>
				<float name="ER" value="700."/>
				<string name="Hull" value="KGV_REUBelt_Upper"/>
				<string name="Name" value="Middle3_RUpperBelt"/>
				<string name="TypHL" value="Hull"/>
				<string name="UnitName" value="KingGeorgV"/>
			</object>
			<object name="1363">
				<integer name="Country" value="3"/>
				<float name="ER" value="600."/>
				<string name="Hull" value="KGV_ArmourDeckEU"/>
				<string name="Name" value="Middle2_LMiddleDeck"/>
				<string name="TypHL" value="Hull"/>
				<string name="UnitName" value="KingGeorgV"/>
			</object>
			<object name="1364">
				<integer name="Country" value="3"/>
				<float name="ER" value="600."/>
				<string name="Hull" value="KGV_ArmourDeckEU"/>
				<string name="Name" value="Middle2_Middle2Deck"/>
				<string name="TypHL" value="Hull"/>
				<string name="UnitName" value="KingGeorgV"/>
			</object>
			<object name="1365">
				<integer name="Country" value="3"/>
				<float name="ER" value="500."/>
				<string name="Hull" value="KGV_EUUpperDeck"/>
				<string name="Name" value="Middle2_UpperDeck"/>
				<string name="TypHL" value="Hull"/>
				<string name="UnitName" value="KingGeorgV"/>
			</object>
			<object name="1366">
				<integer name="Country" value="3"/>
				<float name="ER" value="600."/>
				<string name="Hull" value="KGV_ArmourDeckEU"/>
				<string name="Name" value="Middle2_RMiddleDeck"/>
				<string name="TypHL" value="Hull"/>
				<string name="UnitName" value="KingGeorgV"/>
			</object>
			<object name="1367">
				<integer name="Country" value="3"/>
				<float name="ER" value="500."/>
				<string name="Hull" value="KGV_EUUpperDeck"/>
				<string name="Name" value="Middle2_LLowerDeck"/>
				<string name="TypHL" value="Hull"/>
				<string name="UnitName" value="KingGeorgV"/>
			</object>
			<object name="1368">
				<integer name="Country" value="3"/>
				<float name="ER" value="600."/>
				<string name="Hull" value="KGV_ArmourDeckEU"/>
				<string name="Name" value="Middle2_REngineDeck"/>
				<string name="TypHL" value="Hull"/>
				<string name="UnitName" value="KingGeorgV"/>
			</object>
			<object name="1369">
				<integer name="Country" value="3"/>
				<float name="ER" value="500."/>
				<string name="Hull" value="Std_Boiler"/>
				<string name="Name" value="Middle2_Boiler"/>
				<string name="TypHL" value="Boiler"/>
				<string name="UnitName" value="KingGeorgV"/>
			</object>
			<object name="1370">
				<integer name="Country" value="3"/>
				<float name="ER" value="600."/>
				<string name="Hull" value="KGV_ArmourDeckEU"/>
				<string name="Name" value="Middle2_LEngineDeck"/>
				<string name="TypHL" value="Hull"/>
				<string name="UnitName" value="KingGeorgV"/>
			</object>
			<object name="1371">
				<string name="ConnectName" value="Middle2_Boiler;Middle3_Boiler;Middle4_Boiler;Middle5_Boiler"/>
				<integer name="Country" value="3"/>
				<float name="ER" value="500."/>
				<string name="Hull" value="Std_Engine"/>
				<string name="Name" value="Middle2_Engine"/>
				<string name="TypHL" value="Engine"/>
				<string name="UnitName" value="KingGeorgV"/>
			</object>
			<object name="1372">
				<integer name="Country" value="3"/>
				<float name="ER" value="500."/>
				<string name="Hull" value="KGV_EUUpperDeck"/>
				<string name="Name" value="Middle2_RLowerDeck"/>
				<string name="TypHL" value="Hull"/>
				<string name="UnitName" value="KingGeorgV"/>
			</object>
			<object name="1373">
				<integer name="Country" value="3"/>
				<float name="ER" value="700."/>
				<string name="Hull" value="KGV_LEUBelt_Upper"/>
				<string name="Name" value="Middle2_LUpperBelt"/>
				<string name="TypHL" value="Hull"/>
				<string name="UnitName" value="KingGeorgV"/>
			</object>
			<object name="1374">
				<integer name="Country" value="3"/>
				<float name="ER" value="500."/>
				<string name="Hull" value="KGV_LAMP"/>
				<string name="Name" value="Middle2_LAMP"/>
				<string name="TypHL" value="Hull"/>
				<string name="UnitName" value="KingGeorgV"/>
			</object>
			<object name="1375">
				<integer name="Country" value="3"/>
				<float name="ER" value="700."/>
				<string name="Hull" value="KGV_LEUBelt_Lower"/>
				<string name="Name" value="Middle2_LLowerBelt"/>
				<string name="TypHL" value="Hull"/>
				<string name="UnitName" value="KingGeorgV"/>
			</object>
			<object name="1376">
				<integer name="Country" value="3"/>
				<float name="ER" value="700."/>
				<string name="Hull" value="KGV_REUBelt_Upper"/>
				<string name="Name" value="Middle2_RUpperBelt"/>
				<string name="TypHL" value="Hull"/>
				<string name="UnitName" value="KingGeorgV"/>
			</object>
			<object name="1377">
				<integer name="Country" value="3"/>
				<float name="ER" value="700."/>
				<string name="Hull" value="KGV_REUBelt_Lower"/>
				<string name="Name" value="Middle2_RLowerBelt"/>
				<string name="TypHL" value="Hull"/>
				<string name="UnitName" value="KingGeorgV"/>
			</object>
			<object name="1378">
				<integer name="Country" value="3"/>
				<float name="ER" value="500."/>
				<string name="Hull" value="KGV_RAMP"/>
				<string name="Name" value="Middle2_RAMP"/>
				<string name="TypHL" value="Hull"/>
				<string name="UnitName" value="KingGeorgV"/>
			</object>
			<object name="1379">
				<integer name="Country" value="3"/>
				<float name="ER" value="500."/>
				<string name="Hull" value="KGV_Bottom"/>
				<string name="Name" value="Middle2_LBottom"/>
				<string name="TypHL" value="FuelTank"/>
				<string name="UnitName" value="KingGeorgV"/>
			</object>
			<object name="1380">
				<integer name="Country" value="3"/>
				<float name="ER" value="500."/>
				<string name="Hull" value="KGV_Bottom"/>
				<string name="Name" value="Middle2_RBottom"/>
				<string name="TypHL" value="FuelTank"/>
				<string name="UnitName" value="KingGeorgV"/>
			</object>
			<object name="1382">
				<integer name="Country" value="3"/>
				<float name="ER" value="500."/>
				<string name="Hull" value="KGV_EUUpperDeck"/>
				<string name="Name" value="Middle1_LCLowerDeck"/>
				<string name="TypHL" value="Hull"/>
				<string name="UnitName" value="KingGeorgV"/>
			</object>
			<object name="1383">
				<integer name="Country" value="3"/>
				<float name="ER" value="500."/>
				<string name="Hull" value="KGV_AS_T1"/>
				<string name="Name" value="AmmoStore_LSG"/>
				<string name="TypHL" value="AmmoStore"/>
				<string name="UnitName" value="KingGeorgV"/>
			</object>
			<object name="1384">
				<integer name="Country" value="3"/>
				<float name="ER" value="500."/>
				<string name="Hull" value="Std_Probe"/>
				<string name="Name" value="Probe_MG_Bow"/>
				<string name="TypHL" value="Probe"/>
				<string name="UnitName" value="KingGeorgV"/>
			</object>
			<object name="1385">
				<integer name="Country" value="3"/>
				<float name="ER" value="500."/>
				<string name="Hull" value="KGV_EUUpperDeck"/>
				<string name="Name" value="Middle1_RCLowerDeck"/>
				<string name="TypHL" value="Hull"/>
				<string name="UnitName" value="KingGeorgV"/>
			</object>
			<object name="1386">
				<integer name="Country" value="3"/>
				<float name="ER" value="500."/>
				<string name="Hull" value="KGV_AS_T1"/>
				<string name="Name" value="AmmoStore_RSG"/>
				<string name="TypHL" value="AmmoStore"/>
				<string name="UnitName" value="KingGeorgV"/>
			</object>
			<object name="1387">
				<integer name="Country" value="3"/>
				<float name="ER" value="500."/>
				<string name="Hull" value="Std_Probe"/>
				<string name="Name" value="CentralPost"/>
				<string name="TypHL" value="Probe"/>
				<string name="UnitName" value="KingGeorgV"/>
			</object>
			<object name="1388">
				<integer name="Country" value="3"/>
				<float name="ER" value="500."/>
				<string name="Hull" value="KGV_EUUpperDeck"/>
				<string name="Name" value="Middle1_RLowerDeck"/>
				<string name="TypHL" value="Hull"/>
				<string name="UnitName" value="KingGeorgV"/>
			</object>
			<object name="1389">
				<integer name="Country" value="3"/>
				<float name="ER" value="500."/>
				<string name="Hull" value="KGV_EUUpperDeck"/>
				<string name="Name" value="Middle1_LLowerDeck"/>
				<string name="TypHL" value="Hull"/>
				<string name="UnitName" value="KingGeorgV"/>
			</object>
			<object name="1390">
				<integer name="Country" value="3"/>
				<float name="ER" value="600."/>
				<string name="Hull" value="KGV_ArmourDeckEU"/>
				<string name="Name" value="Middle1_RMiddleDeck"/>
				<string name="TypHL" value="Hull"/>
				<string name="UnitName" value="KingGeorgV"/>
			</object>
			<object name="1391">
				<integer name="Country" value="3"/>
				<float name="ER" value="600."/>
				<string name="Hull" value="KGV_ArmourDeckEU"/>
				<string name="Name" value="Middle1_LMiddleDeck"/>
				<string name="TypHL" value="Hull"/>
				<string name="UnitName" value="KingGeorgV"/>
			</object>
			<object name="1392">
				<integer name="Country" value="3"/>
				<float name="ER" value="600."/>
				<string name="Hull" value="KGV_ArmourDeckEU"/>
				<string name="Name" value="Middle1_Middle2Deck"/>
				<string name="TypHL" value="Hull"/>
				<string name="UnitName" value="KingGeorgV"/>
			</object>
			<object name="1393">
				<integer name="Country" value="3"/>
				<float name="ER" value="600."/>
				<string name="Hull" value="KGV_ArmourDeckEU"/>
				<string name="Name" value="Middle1_UpperDeck"/>
				<string name="TypHL" value="Hull"/>
				<string name="UnitName" value="KingGeorgV"/>
			</object>
			<object name="1394">
				<integer name="Country" value="3"/>
				<float name="ER" value="600."/>
				<string name="Hull" value="KGV_ArmourDeckEU"/>
				<string name="Name" value="Middle1_MiddleDeck"/>
				<string name="TypHL" value="Hull"/>
				<string name="UnitName" value="KingGeorgV"/>
			</object>
			<object name="1395">
				<integer name="Country" value="3"/>
				<float name="ER" value="500."/>
				<string name="Hull" value="Std_Probe"/>
				<string name="Name" value="Radar"/>
				<string name="TypHL" value="Probe"/>
				<string name="UnitName" value="KingGeorgV"/>
			</object>
			<object name="1396">
				<integer name="Country" value="3"/>
				<float name="ER" value="500."/>
				<string name="Hull" value="Std_Probe"/>
				<string name="Name" value="Radio"/>
				<string name="TypHL" value="Probe"/>
				<string name="UnitName" value="KingGeorgV"/>
			</object>
			<object name="1397">
				<integer name="Country" value="3"/>
				<float name="ER" value="500."/>
				<string name="Hull" value="KGV_Bottom"/>
				<string name="Name" value="Middle1_RBottom"/>
				<string name="TypHL" value="FuelTank"/>
				<string name="UnitName" value="KingGeorgV"/>
			</object>
			<object name="1398">
				<integer name="Country" value="3"/>
				<float name="ER" value="500."/>
				<string name="Hull" value="KGV_Bottom"/>
				<string name="Name" value="Middle1_LBottom"/>
				<string name="TypHL" value="FuelTank"/>
				<string name="UnitName" value="KingGeorgV"/>
			</object>
			<object name="1399">
				<integer name="Country" value="3"/>
				<float name="ER" value="500."/>
				<string name="Hull" value="KGV_RAMP"/>
				<string name="Name" value="Middle1_RAMP"/>
				<string name="TypHL" value="Hull"/>
				<string name="UnitName" value="KingGeorgV"/>
			</object>
			<object name="1400">
				<integer name="Country" value="3"/>
				<float name="ER" value="500."/>
				<string name="Hull" value="KGV_LAMP"/>
				<string name="Name" value="Middle1_LAMP"/>
				<string name="TypHL" value="Hull"/>
				<string name="UnitName" value="KingGeorgV"/>
			</object>
			<object name="1401">
				<integer name="Country" value="3"/>
				<float name="ER" value="700."/>
				<string name="Hull" value="KGV_LEUBelt_Upper"/>
				<string name="Name" value="Middle1_LUpperBelt"/>
				<string name="TypHL" value="Hull"/>
				<string name="UnitName" value="KingGeorgV"/>
			</object>
			<object name="1402">
				<integer name="Country" value="3"/>
				<float name="ER" value="700."/>
				<string name="Hull" value="KGV_LEUBelt_Lower"/>
				<string name="Name" value="Middle1_LLowerBelt"/>
				<string name="TypHL" value="Hull"/>
				<string name="UnitName" value="KingGeorgV"/>
			</object>
			<object name="1403">
				<integer name="Country" value="3"/>
				<float name="ER" value="700."/>
				<string name="Hull" value="KGV_REUBelt_Upper"/>
				<string name="Name" value="Middle1_RUpperBelt"/>
				<string name="TypHL" value="Hull"/>
				<string name="UnitName" value="KingGeorgV"/>
			</object>
			<object name="1404">
				<integer name="Country" value="3"/>
				<float name="ER" value="700."/>
				<string name="Hull" value="KGV_REUBelt_Lower"/>
				<string name="Name" value="Middle1_RLowerBelt"/>
				<string name="TypHL" value="Hull"/>
				<string name="UnitName" value="KingGeorgV"/>
			</object>
			<object name="1405">
				<integer name="Country" value="3"/>
				<float name="ER" value="500."/>
				<string name="Hull" value="KGV_Bottom"/>
				<string name="Name" value="Bow2_RBottom"/>
				<string name="TypHL" value="Hull"/>
				<string name="UnitName" value="KingGeorgV"/>
			</object>
			<object name="1406">
				<integer name="Country" value="3"/>
				<float name="ER" value="500."/>
				<string name="Hull" value="KGV_Bottom"/>
				<string name="Name" value="Bow2_LBottom"/>
				<string name="TypHL" value="Hull"/>
				<string name="UnitName" value="KingGeorgV"/>
			</object>
			<object name="1407">
				<integer name="Country" value="3"/>
				<float name="ER" value="600."/>
				<string name="Hull" value="KGV_ArmourDeckEU"/>
				<string name="Name" value="Bow1_MiddleDeck"/>
				<string name="TypHL" value="Hull"/>
				<string name="UnitName" value="KingGeorgV"/>
			</object>
			<object name="1408">
				<integer name="Country" value="3"/>
				<float name="ER" value="700."/>
				<string name="Hull" value="KGV_LASBelt_Lower"/>
				<string name="Name" value="Stern1_LLowerBelt"/>
				<string name="TypHL" value="Hull"/>
				<string name="UnitName" value="KingGeorgV"/>
			</object>
			<object name="1409">
				<integer name="Country" value="3"/>
				<float name="ER" value="500."/>
				<string name="Hull" value="KGV_RAMP"/>
				<string name="Name" value="Bow2_RAMP"/>
				<string name="TypHL" value="Hull"/>
				<string name="UnitName" value="KingGeorgV"/>
			</object>
			<object name="1410">
				<integer name="Country" value="3"/>
				<float name="ER" value="700."/>
				<string name="Hull" value="KGV_LBelt_Sides"/>
				<string name="Name" value="Bow2_LBelt"/>
				<string name="TypHL" value="Hull"/>
				<string name="UnitName" value="KingGeorgV"/>
			</object>
			<object name="1411">
				<integer name="Country" value="3"/>
				<float name="ER" value="500."/>
				<string name="Hull" value="KGV_LAMP"/>
				<string name="Name" value="Bow2_LAMP"/>
				<string name="TypHL" value="Hull"/>
				<string name="UnitName" value="KingGeorgV"/>
			</object>
			<object name="1412">
				<integer name="Country" value="3"/>
				<float name="ER" value="700."/>
				<string name="Hull" value="KGV_RBelt_Sides"/>
				<string name="Name" value="Bow2_RBelt"/>
				<string name="TypHL" value="Hull"/>
				<string name="UnitName" value="KingGeorgV"/>
			</object>
			<object name="1413">
				<integer name="Country" value="3"/>
				<float name="ER" value="700."/>
				<string name="Hull" value="KGV_LBelt_Sides"/>
				<string name="Name" value="Stern2_LBelt"/>
				<string name="TypHL" value="Hull"/>
				<string name="UnitName" value="KingGeorgV"/>
			</object>
			<object name="1414">
				<integer name="Country" value="3"/>
				<float name="ER" value="700."/>
				<string name="Hull" value="KGV_RBelt_Sides"/>
				<string name="Name" value="Stern2_RBelt"/>
				<string name="TypHL" value="Hull"/>
				<string name="UnitName" value="KingGeorgV"/>
			</object>
			<object name="1415">
				<integer name="Country" value="3"/>
				<float name="ER" value="600."/>
				<string name="Hull" value="KGV_ArmourDeckEU"/>
				<string name="Name" value="Bow2_RUpperDeck"/>
				<string name="TypHL" value="Hull"/>
				<string name="UnitName" value="KingGeorgV"/>
			</object>
			<object name="1416">
				<integer name="Country" value="3"/>
				<float name="ER" value="600."/>
				<string name="Hull" value="KGV_ArmourDeckEU"/>
				<string name="Name" value="Bow2_LUpperDeck"/>
				<string name="TypHL" value="Hull"/>
				<string name="UnitName" value="KingGeorgV"/>
			</object>
			<object name="1417">
				<integer name="Country" value="3"/>
				<float name="ER" value="600."/>
				<string name="Hull" value="KGV_ArmourDeckEU"/>
				<string name="Name" value="Bow2_LMiddleDeck"/>
				<string name="TypHL" value="Hull"/>
				<string name="UnitName" value="KingGeorgV"/>
			</object>
			<object name="1418">
				<integer name="Country" value="3"/>
				<float name="ER" value="600."/>
				<string name="Hull" value="KGV_ArmourDeckEU"/>
				<string name="Name" value="Bow2_RMiddleDeck"/>
				<string name="TypHL" value="Hull"/>
				<string name="UnitName" value="KingGeorgV"/>
			</object>
			<object name="1419">
				<integer name="Country" value="3"/>
				<float name="ER" value="600."/>
				<string name="Hull" value="KGV_ArmourDeckEU"/>
				<string name="Name" value="Bow1_UpperDeck"/>
				<string name="TypHL" value="Hull"/>
				<string name="UnitName" value="KingGeorgV"/>
			</object>
			<object name="1420">
				<integer name="Country" value="3"/>
				<float name="ER" value="600."/>
				<string name="Hull" value="KGV_ArmourDeckEU"/>
				<string name="Name" value="Stern2_LMiddleDeck"/>
				<string name="TypHL" value="Hull"/>
				<string name="UnitName" value="KingGeorgV"/>
			</object>
			<object name="1421">
				<integer name="Country" value="3"/>
				<float name="ER" value="600."/>
				<string name="Hull" value="KGV_ArmourDeckEU"/>
				<string name="Name" value="Stern2_RMiddleDeck"/>
				<string name="TypHL" value="Hull"/>
				<string name="UnitName" value="KingGeorgV"/>
			</object>
			<object name="1422">
				<integer name="Country" value="3"/>
				<float name="ER" value="500."/>
				<string name="Hull" value="KGV_EUUpperDeck"/>
				<string name="Name" value="Bow2_lowerDeck"/>
				<string name="TypHL" value="Hull"/>
				<string name="UnitName" value="KingGeorgV"/>
			</object>
			<object name="1423">
				<integer name="Country" value="3"/>
				<float name="ER" value="500."/>
				<string name="Hull" value="KGV_EUUpperDeck"/>
				<string name="Name" value="Stern2_LowerDeck"/>
				<string name="TypHL" value="Hull"/>
				<string name="UnitName" value="KingGeorgV"/>
			</object>
			<object name="7814">
				<integer name="Country" value="3"/>
				<float name="ER" value="500."/>
				<string name="Hull" value="Std_Turret_RF"/>
				<string name="Name" value="RRangefinder"/>
				<string name="TypHL" value="Probe"/>
				<string name="UnitName" value="KingGeorgV_Gun_356x2_Turret"/>
			</object>
			<object name="7815">
				<integer name="Country" value="3"/>
				<float name="ER" value="500."/>
				<string name="Hull" value="Std_Turret_RF"/>
				<string name="Name" value="LRangefinder"/>
				<string name="TypHL" value="Probe"/>
				<string name="UnitName" value="KingGeorgV_Gun_356x2_Turret"/>
			</object>
			<object name="7816">
				<integer name="Country" value="3"/>
				<float name="ER" value="500."/>
				<string name="Hull" value="KingGeorgV_MTurretx2"/>
				<string name="Name" value="Turret"/>
				<string name="TypHL" value="AmmoStore"/>
				<string name="UnitName" value="KingGeorgV_Gun_356x2_Turret"/>
			</object>
			<object name="7817">
				<integer name="Country" value="3"/>
				<float name="ER" value="500."/>
				<string name="Hull" value="KingGeorgV_MTShakegebanx2"/>
				<string name="Name" value="Shakegeban"/>
				<string name="TypHL" value="Hull"/>
				<string name="UnitName" value="KingGeorgV_Gun_356x2_Turret"/>
			</object>
			<object name="7818">
				<integer name="Country" value="3"/>
				<float name="ER" value="500."/>
				<string name="Hull" value="Std_Turret_RF"/>
				<string name="Name" value="RRAngefinder"/>
				<string name="TypHL" value="Probe"/>
				<string name="UnitName" value="KingGeorgV_Gun_356x4_Turret"/>
			</object>
			<object name="7819">
				<integer name="Country" value="3"/>
				<float name="ER" value="500."/>
				<string name="Hull" value="Std_Turret_RF"/>
				<string name="Name" value="LRangefinder"/>
				<string name="TypHL" value="Probe"/>
				<string name="UnitName" value="KingGeorgV_Gun_356x4_Turret"/>
			</object>
			<object name="7820">
				<integer name="Country" value="3"/>
				<float name="ER" value="500."/>
				<string name="Hull" value="KingGeorgV_MTurretx4"/>
				<string name="Name" value="Turret"/>
				<string name="TypHL" value="AmmoStore"/>
				<string name="UnitName" value="KingGeorgV_Gun_356x4_Turret"/>
			</object>
			<object name="7821">
				<integer name="Country" value="3"/>
				<float name="ER" value="500."/>
				<string name="Hull" value="KingGeorgV_MTShakegebanx4"/>
				<string name="Name" value="Shakegeban"/>
				<string name="TypHL" value="Hull"/>
				<string name="UnitName" value="KingGeorgV_Gun_356x4_Turret"/>
			</object>
			<object name="7822">
				<integer name="Country" value="3"/>
				<float name="ER" value="100."/>
				<string name="Hull" value="Std_Guns"/>
				<string name="Name" value="KGVTurretSG"/>
				<string name="TypHL" value="AmmoStore"/>
				<string name="UnitName" value="KingGeorgV_Gun_133x2_Turret"/>
			</object>
			<object name="8121">
				<integer name="Country" value="3"/>
				<float name="ER" value="2.e-002"/>
				<string name="Hull" value="Std_RF"/>
				<string name="Name" value="LRangefinder"/>
				<string name="TypHL" value="Probe"/>
				<string name="UnitName" value="KingGeorgV_Director_MkIV_Type285"/>
			</object>
			<object name="8122">
				<integer name="Country" value="3"/>
				<float name="ER" value="2.e-002"/>
				<string name="Hull" value="Std_RF"/>
				<string name="Name" value="RRangefinder"/>
				<string name="TypHL" value="Probe"/>
				<string name="UnitName" value="KingGeorgV_Director_MkIV_Type285"/>
			</object>
			<object name="8123">
				<integer name="Country" value="3"/>
				<float name="ER" value="4."/>
				<string name="Hull" value="Std_Guns"/>
				<string name="Name" value="KDP"/>
				<string name="TypHL" value="Probe"/>
				<string name="UnitName" value="KingGeorgV_Director_MkIV_Type285"/>
			</object>
			<object name="8124">
				<integer name="Country" value="3"/>
				<float name="ER" value="100."/>
				<string name="Hull" value="Std_Hull"/>
				<string name="Name" value="KDP_Base"/>
				<string name="TypHL" value="Hull"/>
				<string name="UnitName" value="KingGeorgV_Director_MkIV_Type285"/>
			</object>
			<object name="8125">
				<integer name="Country" value="3"/>
				<float name="ER" value="0.3"/>
				<string name="Hull" value="Std_RF"/>
				<string name="Name" value="RangefinderAA"/>
				<string name="TypHL" value="Probe"/>
				<string name="UnitName" value="KingGeorgV_Director_MkIV_Type285"/>
			</object>
			<object name="8126">
				<integer name="Country" value="3"/>
				<float name="ER" value="3.e-002"/>
				<string name="Hull" value="Std_RF"/>
				<string name="Name" value="Rangefinder_Lower"/>
				<string name="TypHL" value="Probe"/>
				<string name="UnitName" value="KingGeorgV_RF_274"/>
			</object>
			<object name="8127">
				<integer name="Country" value="3"/>
				<float name="ER" value="3.e-002"/>
				<string name="Hull" value="Std_RF"/>
				<string name="Name" value="Rangefinder_Upper"/>
				<string name="TypHL" value="Probe"/>
				<string name="UnitName" value="KingGeorgV_RF_274"/>
			</object>
			<object name="8128">
				<integer name="Country" value="3"/>
				<float name="ER" value="4."/>
				<string name="Hull" value="Std_Guns"/>
				<string name="Name" value="KDP"/>
				<string name="TypHL" value="Probe"/>
				<string name="UnitName" value="KingGeorgV_RF_274"/>
			</object>
			<object name="8129">
				<integer name="Country" value="3"/>
				<float name="ER" value="2.e-002"/>
				<string name="Hull" value="Std_RF"/>
				<string name="Name" value="RRangefinder"/>
				<string name="TypHL" value="Probe"/>
				<string name="UnitName" value="KingGeorgV_RF_275"/>
			</object>
			<object name="8130">
				<integer name="Country" value="3"/>
				<float name="ER" value="2.e-002"/>
				<string name="Hull" value="Std_RF"/>
				<string name="Name" value="LRangefinder"/>
				<string name="TypHL" value="Probe"/>
				<string name="UnitName" value="KingGeorgV_RF_275"/>
			</object>
			<object name="8131">
				<integer name="Country" value="3"/>
				<float name="ER" value="3.e-002"/>
				<string name="Hull" value="Std_Guns"/>
				<string name="Name" value="AAKDP"/>
				<string name="TypHL" value="Probe"/>
				<string name="UnitName" value="KingGeorgV_RF_275"/>
			</object>
			<object name="8132">
				<integer name="Country" value="3"/>
				<float name="ER" value="2."/>
				<string name="Hull" value="Std_Guns"/>
				<string name="Name" value="KDP"/>
				<string name="TypHL" value="Probe"/>
				<string name="UnitName" value="KingGeorgV_RF_275"/>
			</object>
			<object name="8133">
				<integer name="Country" value="3"/>
				<float name="ER" value="0.5"/>
				<string name="Hull" value="Std_RF"/>
				<string name="Name" value="Rangefinder"/>
				<string name="TypHL" value="Probe"/>
				<string name="UnitName" value="KingGeorgV_RF_285"/>
			</object>
			<object name="9239">
				<integer name="Country" value="3"/>
				<integer name="Crew" value="300"/>
				<float name="ER" value="500."/>
				<string name="Hull" value="KGV_Hull"/>
				<string name="Name" value="SternStuperstructure2"/>
				<string name="TypHL" value="Crew"/>
				<string name="UnitName" value="KingGeorgV"/>
			</object>
			<object name="9240">
				<integer name="Country" value="3"/>
				<integer name="Crew" value="300"/>
				<float name="ER" value="500."/>
				<string name="Hull" value="KGV_Hull"/>
				<string name="Name" value="SternStuperstructure1"/>
				<string name="TypHL" value="Crew"/>
				<string name="UnitName" value="KingGeorgV"/>
			</object>
			<object name="9241">
				<integer name="Country" value="3"/>
				<float name="ER" value="500."/>
				<string name="Hull" value="KGV_SmokeStack"/>
				<string name="Name" value="SternSmokeStack"/>
				<string name="TypHL" value="Hull"/>
				<string name="UnitName" value="KingGeorgV"/>
			</object>
			<object name="9242">
				<integer name="Country" value="3"/>
				<float name="ER" value="500."/>
				<string name="Hull" value="KGV_SmokeStack"/>
				<string name="Name" value="BowSmokeStack"/>
				<string name="TypHL" value="Hull"/>
				<string name="UnitName" value="KingGeorgV"/>
			</object>
			<object name="9243">
				<integer name="Country" value="3"/>
				<float name="ER" value="500."/>
				<string name="Hull" value="KGV_Hull"/>
				<string name="Name" value="MiddleUSuperstructure"/>
				<string name="TypHL" value="Hull"/>
				<string name="UnitName" value="KingGeorgV"/>
			</object>
			<object name="9244">
				<integer name="Country" value="3"/>
				<float name="ER" value="500."/>
				<string name="Hull" value="KGV_Hull"/>
				<string name="Name" value="MiddleLSuperstructure"/>
				<string name="TypHL" value="Hull"/>
				<string name="UnitName" value="KingGeorgV"/>
			</object>
			<object name="9245">
				<integer name="Country" value="3"/>
				<integer name="Crew" value="300"/>
				<float name="ER" value="500."/>
				<string name="Hull" value="KGV_Hull"/>
				<string name="Name" value="BowUSuperstructure"/>
				<string name="TypHL" value="Crew"/>
				<string name="UnitName" value="KingGeorgV"/>
			</object>
			<object name="9246">
				<integer name="Country" value="3"/>
				<integer name="Crew" value="300"/>
				<float name="ER" value="500."/>
				<string name="Hull" value="KGV_Hull"/>
				<string name="Name" value="BowMSuperstructure"/>
				<string name="TypHL" value="Crew"/>
				<string name="UnitName" value="KingGeorgV"/>
			</object>
			<object name="9247">
				<integer name="Country" value="3"/>
				<integer name="Crew" value="300"/>
				<float name="ER" value="500."/>
				<string name="Hull" value="KGV_Hull"/>
				<string name="Name" value="BowLSuperstructure"/>
				<string name="TypHL" value="Crew"/>
				<string name="UnitName" value="KingGeorgV"/>
			</object>
			<object name="9340">
				<integer name="Country" value="3"/>
				<integer name="Crew" value="300"/>
				<float name="ER" value="500."/>
				<string name="Hull" value="KGV_Hull"/>
				<string name="Name" value="SternSuperstructure1"/>
				<string name="TypHL" value="Crew"/>
				<string name="UnitName" value="KingGeorgV"/>
			</object>
			<object name="9341">
				<integer name="Country" value="3"/>
				<float name="ER" value="500."/>
				<string name="Hull" value="KGV_Bottom"/>
				<string name="Name" value="Bow1_LBottom"/>
				<string name="TypHL" value="Hull"/>
				<string name="UnitName" value="KingGeorgV"/>
			</object>
			<object name="9342">
				<integer name="Country" value="3"/>
				<float name="ER" value="500."/>
				<string name="Hull" value="KGV_Bottom"/>
				<string name="Name" value="Bow1_RBottom"/>
				<string name="TypHL" value="Hull"/>
				<string name="UnitName" value="KingGeorgV"/>
			</object>
		</object>
		<object name="Hulls">
			<object name="KGV_ArmourDeckAS">
				<integer name="Back" value="50"/>
				<integer name="Bottom" value="40"/>
				<integer name="Country" value="3"/>
				<float name="ExplProb" value="0."/>
				<float name="FireProb" value="10."/>
				<integer name="Front" value="50"/>
				<integer name="Left" value="50"/>
				<string name="Material" value="Armored"/>
				<integer name="Right" value="50"/>
				<integer name="Top" value="152"/>
				<integer name="UnitName" value="751"/>
				<string name="UnitTyp" value="Ship"/>
			</object>
			<object name="KGV_ArmourDeckEU">
				<integer name="Back" value="50"/>
				<integer name="Bottom" value="50"/>
				<integer name="Country" value="3"/>
				<float name="ExplProb" value="0."/>
				<float name="FireProb" value="20."/>
				<integer name="Front" value="50"/>
				<integer name="Left" value="50"/>
				<string name="Material" value="Armored"/>
				<integer name="Right" value="50"/>
				<integer name="Top" value="127"/>
				<integer name="UnitName" value="751"/>
				<string name="UnitTyp" value="Ship"/>
			</object>
			<object name="KGV_AS_T1">
				<integer name="Back" value="50"/>
				<integer name="Bottom" value="50"/>	
				<integer name="Country" value="3"/>
				<float name="ExplProb" value="30."/>
				<float name="FireProb" value="0."/>
				<integer name="Front" value="50"/>
				<integer name="Left" value="50"/>
				<string name="Material" value="Steel"/>
				<integer name="Right" value="50"/>
				<integer name="Top" value="50"/>
				<integer name="UnitName" value="751"/>
				<string name="UnitTyp" value="Ship"/>
			</object>	  
			<object name="KGV_AS_T2">
				<integer name="Back" value="50"/>
				<integer name="Bottom" value="50"/>
				<integer name="Country" value="3"/>
				<float name="ExplProb" value="20."/>
				<float name="FireProb" value="10."/>
				<integer name="Front" value="50"/>
				<integer name="Left" value="50"/>
				<string name="Material" value="Steel"/>
				<integer name="Right" value="50"/>
				<integer name="Top" value="50"/>
				<integer name="UnitName" value="751"/>
				<string name="UnitTyp" value="Ship"/>
			</object>
			<object name="KGV_Barbet">
				<integer name="Back" value="406"/>
				<integer name="Country" value="3"/>
				<float name="ExplProb" value="5."/>
				<float name="FireProb" value="25."/>
				<integer name="Front" value="406"/>
				<integer name="Left" value="406"/>
				<string name="Material" value="Armored"/>
				<integer name="Right" value="406"/>
				<integer name="Top" value="50"/>
				<integer name="UnitName" value="751"/>
				<string name="UnitTyp" value="Ship"/>
			</object>
			<object name="KGV_BattleCabine">
				<integer name="Back" value="100"/>
				<integer name="Bottom" value="38"/>
				<integer name="Country" value="3"/>
				<float name="ExplProb" value="0."/>
				<float name="FireProb" value="0."/>
				<integer name="Front" value="100"/>
				<integer name="Left" value="75"/>
				<string name="Material" value="Armored"/>
				<integer name="Right" value="75"/>
				<integer name="Top" value="38"/>
				<integer name="UnitName" value="751"/>
				<string name="UnitTyp" value="Ship"/>
			</object>
			<object name="KGV_Bottom">
				<integer name="Back" value="25"/>
				<integer name="Bottom" value="25"/>
				<integer name="Country" value="3"/>
				<float name="ExplProb" value="0."/>
				<float name="FireProb" value="0."/>
				<integer name="Front" value="25"/>
				<integer name="Left" value="25"/>
				<string name="Material" value="Steel"/>
				<integer name="Right" value="25"/>
				<integer name="Top" value="25"/>
				<integer name="UnitName" value="751"/>
				<string name="UnitTyp" value="Ship"/>
			</object>
			<object name="KGV_EUUpperDeck">
				<integer name="Back" value="50"/>
				<integer name="Bottom" value="50"/>
				<integer name="Country" value="3"/>
				<float name="ExplProb" value="0."/>
				<float name="FireProb" value="10."/>
				<integer name="Front" value="50"/>
				<integer name="Left" value="50"/>
				<string name="Material" value="Armored"/>
				<integer name="Right" value="50"/>
				<integer name="Top" value="127"/>
				<integer name="UnitName" value="751"/>
				<string name="UnitTyp" value="Ship"/>
			</object>
			<object name="KGV_Hull">
				<integer name="Back" value="50"/>
				<integer name="Bottom" value="50"/>
				<integer name="Country" value="3"/>
				<float name="ExplProb" value="0."/>
				<float name="FireProb" value="10."/>
				<integer name="Front" value="50"/>
				<integer name="Left" value="50"/>
				<string name="Material" value="Steel"/>
				<integer name="Right" value="50"/>
				<integer name="Top" value="50"/>
				<integer name="UnitName" value="751"/>
				<string name="UnitTyp" value="Ship"/>
			</object>  
			<object name="KGV_LAMP">
				<integer name="Back" value="50"/>
				<integer name="Bottom" value="50"/>
				<integer name="Country" value="3"/>
				<float name="ExplProb" value="0."/>
				<float name="FireProb" value="0."/>
				<integer name="Front" value="50"/>
				<integer name="Left" value="55"/>
				<string name="Material" value="Steel"/>
				<integer name="Right" value="50"/>
				<integer name="Top" value="50"/>
				<integer name="UnitName" value="751"/>
				<string name="UnitTyp" value="Ship"/>
			</object>  
			<object name="KGV_LASBelt_Lower">
				<integer name="Back" value="50"/>
				<integer name="Bottom" value="50"/>
				<integer name="Country" value="3"/>
				<float name="ExplProb" value="0."/>
				<float name="FireProb" value="0."/>
				<integer name="Front" value="50"/>
				<integer name="Left" value="115"/>
				<string name="Material" value="Armored"/>
				<integer name="Right" value="25"/>
				<integer name="Top" value="50"/>
				<integer name="UnitName" value="751"/>
				<string name="UnitTyp" value="Ship"/>
			</object>
			<object name="KGV_LASBelt_Upper">
				<integer name="Back" value="50"/>
				<integer name="Bottom" value="50"/>
				<integer name="Country" value="3"/>
				<float name="ExplProb" value="0."/>
				<float name="FireProb" value="0."/>
				<integer name="Front" value="50"/>
				<integer name="Left" value="140"/>
				<string name="Material" value="Armored"/>
				<integer name="Right" value="25"/>
				<integer name="Top" value="50"/>
				<integer name="UnitName" value="751"/>
				<string name="UnitTyp" value="Ship"/>
			</object>
			<object name="KGV_LBelt_Sides">
				<integer name="Back" value="100"/>
				<integer name="Bottom" value="50"/>
				<integer name="Country" value="3"/>
				<float name="ExplProb" value="0."/>
				<float name="FireProb" value="0."/>
				<integer name="Front" value="100"/>
				<integer name="Left" value="381"/>
				<string name="Material" value="Armored"/>
				<integer name="Right" value="25"/>
				<integer name="Top" value="100"/>
				<integer name="UnitName" value="751"/>
				<string name="UnitTyp" value="Ship"/>
			</object>
			<object name="KGV_Lboard">
				<integer name="Back" value="5"/>
				<integer name="Bottom" value="5"/>
				<integer name="Country" value="3"/>
				<float name="ExplProb" value="0."/>
				<float name="FireProb" value="10."/>
				<integer name="Front" value="5"/>
				<integer name="Left" value="10"/>
				<string name="Material" value="Steel"/>
				<integer name="Right" value="5"/>
				<integer name="Top" value="5"/>
				<integer name="UnitName" value="751"/>
				<string name="UnitTyp" value="Ship"/>
			</object>
			<object name="KGV_LEUBelt_Lower">
				<integer name="Back" value="50"/>
				<integer name="Bottom" value="50"/>
				<integer name="Country" value="3"/>
				<float name="ExplProb" value="0."/>
				<float name="FireProb" value="0."/>
				<integer name="Front" value="50"/>
				<integer name="Left" value="140"/>
				<string name="Material" value="Armored"/>
				<integer name="Right" value="25"/>
				<integer name="Top" value="50"/>
				<integer name="UnitName" value="751"/>
				<string name="UnitTyp" value="Ship"/>
			</object>
			<object name="KGV_LEUBelt_Upper">
				<integer name="Back" value="50"/>
				<integer name="Bottom" value="50"/>
				<integer name="Country" value="3"/>
				<float name="ExplProb" value="0."/>
				<float name="FireProb" value="0."/>
				<integer name="Front" value="50"/>
				<integer name="Left" value="178"/>
				<string name="Material" value="Armored"/>
				<integer name="Right" value="25"/>
				<integer name="Top" value="100"/>
				<integer name="UnitName" value="751"/>
				<string name="UnitTyp" value="Ship"/>
			</object>
			<object name="KGV_RAMP">
				<integer name="Back" value="50"/>
				<integer name="Bottom" value="50"/>
				<integer name="Country" value="3"/>
				<float name="ExplProb" value="0."/>
				<float name="FireProb" value="0."/>
				<integer name="Front" value="50"/>
				<integer name="Left" value="50"/>
				<string name="Material" value="Steel"/>
				<integer name="Right" value="55"/>
				<integer name="Top" value="50"/>
				<integer name="UnitName" value="751"/>
				<string name="UnitTyp" value="Ship"/>
			</object> 
			<object name="KGV_RASBelt_Lower">
				<integer name="Back" value="50"/>
				<integer name="Bottom" value="50"/>
				<integer name="Country" value="3"/>
				<float name="ExplProb" value="0."/>
				<float name="FireProb" value="0."/>
				<integer name="Front" value="50"/>
				<integer name="Left" value="25"/>
				<string name="Material" value="Armored"/>
				<integer name="Right" value="115"/>
				<integer name="Top" value="50"/>
				<integer name="UnitName" value="751"/>
				<string name="UnitTyp" value="Ship"/>
			</object>
			<object name="KGV_RASBelt_Upper">
				<integer name="Back" value="50"/>
				<integer name="Bottom" value="50"/>
				<integer name="Country" value="3"/>
				<float name="ExplProb" value="0."/>
				<float name="FireProb" value="0."/>
				<integer name="Front" value="50"/>
				<integer name="Left" value="25"/>
				<string name="Material" value="Armored"/>
				<integer name="Right" value="140"/>
				<integer name="Top" value="100"/>
				<integer name="UnitName" value="751"/>
				<string name="UnitTyp" value="Ship"/>
			</object>
			<object name="KGV_RBelt_Sides">
				<integer name="Back" value="100"/>
				<integer name="Bottom" value="50"/>
				<integer name="Country" value="3"/>
				<float name="ExplProb" value="0."/>
				<float name="FireProb" value="0."/>
				<integer name="Front" value="100"/>
				<integer name="Left" value="25"/>
				<string name="Material" value="Armored"/>
				<integer name="Right" value="381"/>
				<integer name="Top" value="100"/>
				<integer name="UnitName" value="751"/>
				<string name="UnitTyp" value="Ship"/>
			</object>
			<object name="KGV_Rboard">
				<integer name="Back" value="5"/>
				<integer name="Bottom" value="5"/>
				<integer name="Country" value="3"/>
				<float name="ExplProb" value="0."/>
				<float name="FireProb" value="10."/>
				<integer name="Front" value="5"/>
				<integer name="Left" value="5"/>
				<string name="Material" value="Steel"/>
				<integer name="Right" value="10"/>
				<integer name="Top" value="5"/>
				<integer name="UnitName" value="751"/>
				<string name="UnitTyp" value="Ship"/>
			</object>	  
			<object name="KGV_REUBelt_Lower">
				<integer name="Back" value="50"/>
				<integer name="Bottom" value="50"/>
				<integer name="Country" value="3"/>
				<float name="ExplProb" value="0."/>
				<float name="FireProb" value="0."/>
				<integer name="Front" value="50"/>
				<integer name="Left" value="25"/>
				<string name="Material" value="Armored"/>
				<integer name="Right" value="140"/>
				<integer name="Top" value="50"/>
				<integer name="UnitName" value="751"/>
				<string name="UnitTyp" value="Ship"/>
			</object>
			<object name="KGV_REUBelt_Upper">
				<integer name="Back" value="50"/>
				<integer name="Bottom" value="50"/>
				<integer name="Country" value="3"/>
				<float name="ExplProb" value="0."/>
				<float name="FireProb" value="0."/>
				<integer name="Front" value="50"/>
				<integer name="Left" value="25"/>
				<string name="Material" value="Armored"/>
				<integer name="Right" value="178"/>
				<integer name="Top" value="100"/>
				<integer name="UnitName" value="751"/>
				<string name="UnitTyp" value="Ship"/>
			</object>
			<object name="KGV_SmokeStack">
				<integer name="Back" value="20"/>
				<integer name="Bottom" value="20"/>
				<integer name="Country" value="3"/>
				<float name="ExplProb" value="0."/>
				<float name="FireProb" value="0."/>
				<integer name="Front" value="20"/>
				<integer name="Left" value="20"/>
				<string name="Material" value="Steel"/>
				<integer name="Right" value="20"/>
				<integer name="Top" value="20"/>
				<integer name="UnitName" value="751"/>
				<string name="UnitTyp" value="Ship"/>
			</object>	
			<object name="KGV_Tiller">
				<integer name="Back" value="152"/>
				<integer name="Bottom" value="150"/>
				<integer name="Country" value="3"/>
				<float name="ExplProb" value="0."/>
				<float name="FireProb" value="0."/>
				<integer name="Front" value="50"/>
				<integer name="Left" value="50"/>
				<string name="Material" value="Armored"/>
				<integer name="Right" value="50"/>
				<integer name="Top" value="150"/>
				<integer name="UnitName" value="751"/>
				<string name="UnitTyp" value="Ship"/>
			</object> 
			<object name="KGV_UpperHull">
				<integer name="Back" value="5"/>
				<integer name="Bottom" value="5"/>
				<integer name="Country" value="3"/>
				<float name="ExplProb" value="0."/>
				<float name="FireProb" value="10."/>
				<integer name="Front" value="5"/>
				<integer name="Left" value="5"/>
				<string name="Material" value="Armored"/>
				<integer name="Right" value="5"/>
				<integer name="Top" value="5"/>
				<integer name="UnitName" value="751"/>
				<string name="UnitTyp" value="Ship"/>
			</object> 
			<object name="KingGeorgV_MTShakegebanx2">
				<integer name="Back" value="150"/>
				<integer name="Bottom" value="75"/>
				<integer name="Country" value="3"/>
				<float name="ExplProb" value="0."/>
				<float name="FireProb" value="5."/>
				<integer name="Front" value="150"/>
				<integer name="Left" value="150"/>
				<string name="Material" value="Armored"/>
				<integer name="Right" value="150"/>
				<integer name="Top" value="150"/>
				<integer name="UnitName" value="894"/>
				<string name="UnitTyp" value="Turret"/>
			</object>
			<object name="KingGeorgV_MTShakegebanx4">
				<integer name="Back" value="150"/>
				<integer name="Bottom" value="75"/>
				<integer name="Country" value="3"/>
				<float name="ExplProb" value="0."/>
				<float name="FireProb" value="5."/>
				<integer name="Front" value="150"/>
				<integer name="Left" value="150"/>
				<string name="Material" value="Armored"/>
				<integer name="Right" value="150"/>
				<integer name="Top" value="150"/>
				<integer name="UnitName" value="892"/>
				<string name="UnitTyp" value="Turret"/>
			</object>
			<object name="KingGeorgV_MTurretx2">
				<integer name="Back" value="174"/>
				<integer name="Bottom" value="75"/>
				<integer name="Country" value="3"/>
				<float name="ExplProb" value="20."/>
				<float name="FireProb" value="20."/>
				<integer name="Front" value="324"/>
				<integer name="Left" value="284"/>
				<string name="Material" value="Armored"/>
				<integer name="Right" value="284"/>
				<integer name="Top" value="152"/>
				<integer name="UnitName" value="894"/>
				<string name="UnitTyp" value="Turret"/>
			</object>
			<object name="KingGeorgV_MTurretx4">
				<integer name="Back" value="174"/>
				<integer name="Bottom" value="75"/>
				<integer name="Country" value="3"/>
				<float name="ExplProb" value="20."/>
				<float name="FireProb" value="20."/>
				<integer name="Front" value="324"/>
				<integer name="Left" value="284"/>
				<string name="Material" value="Armored"/>
				<integer name="Right" value="284"/>
				<integer name="Top" value="152"/>
				<integer name="UnitName" value="892"/>
				<string name="UnitTyp" value="Turret"/>
			</object>
		</object>			
	</object>
</root>
