﻿<?xml version="1.0" standalone="yes" ?>
<root>
	<object name="SteelMonstersParams">
		<object name="Engins">
			<object name="MPP_Scharnhorst">
				<float name="Consumption" value="3.8188e-004"/>
				<integer name="Country" value="5"/>
				<float name="Money" value="22000."/>
				<integer name="Power_Max" value="160000"/>
				<integer name="RPM_Max" value="0"/>
				<integer name="Type" value="8"/>
				<integer name="Unreliability" value="10"/>
				<string name="Usage" value="Ships"/>
				<float name="Weight" value="3000."/>
			</object>
		</object>
		<object name="Hit_Location">
			<object name="Sc0">
				<integer name="Country" value="5"/>
				<float name="ER" value="1000"/>
				<string name="Hull" value="Scharnhorst_Shell"/>
				<string name="Name" value="Dummy0"/>
				<string name="TypHL" value="Hull"/>
				<string name="UnitName" value="Scharnhorst"/>
			</object>
			<object name="Sc01">
				<integer name="Country" value="5"/>
				<float name="ER" value="500"/>
				<string name="Hull" value="Scharnhorst_AMP"/>
				<string name="Name" value="HullSection_Stern1"/>
				<string name="TypHL" value="Hull"/>
				<string name="UnitName" value="ScharnhorstX"/>
			</object>
			<object name="Sc1">
				<integer name="Country" value="5"/>
				<float name="ER" value="1000"/>
				<string name="Hull" value="Scharnhorst_Shell"/>
				<string name="Name" value="Dummy1"/>
				<string name="TypHL" value="Hull"/>
				<string name="UnitName" value="Scharnhorst"/>
			</object>
			<object name="Sc2">
				<integer name="Country" value="5"/>
				<float name="ER" value="1000"/>
				<string name="Hull" value="Scharnhorst_Shell"/>
				<string name="Name" value="Dummy2"/>
				<string name="TypHL" value="Hull"/>
				<string name="UnitName" value="Scharnhorst"/>
			</object>
			<object name="Sc3">
				<integer name="Country" value="5"/>
				<float name="ER" value="1000"/>
				<string name="Hull" value="Scharnhorst_Shell"/>
				<string name="Name" value="Dummy3"/>
				<string name="TypHL" value="Hull"/>
				<string name="UnitName" value="Scharnhorst"/>
			</object>
			<object name="Sc4">
				<integer name="Country" value="5"/>
				<float name="ER" value="1000"/>
				<string name="Hull" value="Scharnhorst_Shell"/>
				<string name="Name" value="Dummy4"/>
				<string name="TypHL" value="Hull"/>
				<string name="UnitName" value="Scharnhorst"/>
			</object>
			<object name="Sc4297">
				<integer name="Country" value="5"/>
				<float name="ER" value="500"/>
				<string name="Hull" value="Scharnhorst_ABLowerDeck"/>
				<string name="Name" value="Bow2_LowerDeck"/>
				<string name="TypHL" value="Hull"/>
				<string name="UnitName" value="Scharnhorst"/>
			</object>
			<object name="Sc4298">
				<integer name="Country" value="5"/>
				<float name="ER" value="500"/>
				<string name="Hull" value="Scharnhorst_AmmoStore"/>
				<string name="Name" value="Bow_AmmoStore1"/>
				<float name="Param_1" value="0."/>
				<string name="TypHL" value="AmmoStore"/>
				<string name="UnitName" value="Scharnhorst"/>
			</object>
			<object name="Sc4299">
				<integer name="Country" value="5"/>
				<float name="ER" value="500"/>
				<string name="Hull" value="Scharnhorst_AmmoStore"/>
				<string name="Name" value="Bow_AmmoStore2"/>
				<float name="Param_1" value="0."/>
				<string name="TypHL" value="AmmoStore"/>
				<string name="UnitName" value="Scharnhorst"/>
			</object>
			<object name="Sc4300">
				<integer name="Country" value="5"/>
				<float name="ER" value="550"/>
				<string name="Hull" value="Scharnhorst_ABLowerDeck"/>
				<string name="Name" value="Bow2_ArmorDeck"/>
				<string name="TypHL" value="Hull"/>
				<string name="UnitName" value="Scharnhorst"/>
			</object>
			<object name="Sc4301">
				<integer name="Country" value="5"/>
				<float name="ER" value="500"/>
				<string name="Hull" value="Scharnhorst_ABMiddleDeck"/>
				<string name="Name" value="Bow2_MiddleDeck"/>
				<string name="TypHL" value="Hull"/>
				<string name="UnitName" value="Scharnhorst"/>
			</object>
			<object name="Sc4302">
				<integer name="Country" value="5"/>
				<float name="ER" value="500"/>
				<string name="Hull" value="Scharnhorst_ABUpperDeck"/>
				<string name="Name" value="Bow2_UpperDeck"/>
				<string name="TypHL" value="Hull"/>
				<string name="UnitName" value="Scharnhorst"/>
			</object>
			<object name="Sc4303">
				<integer name="Country" value="5"/>
				<float name="ER" value="500"/>
				<string name="Hull" value="Scharnhorst_Bottom"/>
				<string name="Name" value="Bow2_RBottom"/>
				<string name="TypHL" value="Hull"/>
				<string name="UnitName" value="Scharnhorst"/>
			</object>
			<object name="Sc4304">
				<integer name="Country" value="5"/>
				<float name="ER" value="600"/>
				<string name="Hull" value="Scharnhorst_AMP"/>
				<string name="Name" value="Bow2_RAMP"/>
				<string name="TypHL" value="Hull"/>
				<string name="UnitName" value="Scharnhorst"/>
			</object>
			<object name="Sc4305">
				<integer name="Country" value="5"/>
				<float name="ER" value="700"/>
				<string name="Hull" value="Scharnhorst_ABRLBelt"/>
				<string name="Name" value="Bow2_RLowerBelt"/>
				<string name="TypHL" value="Hull"/>
				<string name="UnitName" value="Scharnhorst"/>
			</object>
			<object name="Sc4306">
				<integer name="Country" value="5"/>
				<float name="ER" value="700"/>
				<string name="Hull" value="Scharnhorst_ABRMBelt"/>
				<string name="Name" value="Bow2_RMiddleBelt"/>
				<string name="TypHL" value="Hull"/>
				<string name="UnitName" value="Scharnhorst"/>
			</object>
			<object name="Sc4307">
				<integer name="Country" value="5"/>
				<float name="ER" value="700"/>
				<string name="Hull" value="Scharnhorst_ABRHBelt"/>
				<string name="Name" value="Bow2_RUpperBelt"/>
				<string name="TypHL" value="Hull"/>
				<string name="UnitName" value="Scharnhorst"/>
			</object>
			<object name="Sc4308">
				<integer name="Country" value="5"/>
				<float name="ER" value="500"/>
				<string name="Hull" value="Scharnhorst_Bottom"/>
				<string name="Name" value="Bow2_LBottom"/>
				<string name="TypHL" value="Hull"/>
				<string name="UnitName" value="Scharnhorst"/>
			</object>
			<object name="Sc4309">
				<integer name="Country" value="5"/>
				<float name="ER" value="600"/>
				<string name="Hull" value="Scharnhorst_AMP"/>
				<string name="Name" value="Bow2_LAMP"/>
				<string name="TypHL" value="Hull"/>
				<string name="UnitName" value="Scharnhorst"/>
			</object>
			<object name="Sc4310">
				<integer name="Country" value="5"/>
				<float name="ER" value="700"/>
				<string name="Hull" value="Scharnhorst_ABLLBelt"/>
				<string name="Name" value="Bow2_LLowerBelt"/>
				<string name="TypHL" value="Hull"/>
				<string name="UnitName" value="Scharnhorst"/>
			</object>
			<object name="Sc4311">
				<integer name="Country" value="5"/>
				<float name="ER" value="700"/>
				<string name="Hull" value="Scharnhorst_ABLMBelt"/>
				<string name="Name" value="Bow2_LMiddleBelt"/>
				<string name="TypHL" value="Hull"/>
				<string name="UnitName" value="Scharnhorst"/>
			</object>
			<object name="Sc4312">
				<integer name="Country" value="5"/>
				<float name="ER" value="700"/>
				<string name="Hull" value="Scharnhorst_ABLHBelt"/>
				<string name="Name" value="Bow2_LUpperBelt"/>
				<string name="TypHL" value="Hull"/>
				<string name="UnitName" value="Scharnhorst"/>
			</object>
			<object name="Sc4313">
				<integer name="Country" value="5"/>
				<float name="ER" value="600"/>
				<string name="Hull" value="Scharnhorst_Barbet"/>
				<string name="Name" value="Barbet1"/>
				<string name="TypHL" value="Hull"/>
				<string name="UnitName" value="Scharnhorst"/>
			</object>
			<object name="Sc4315">
				<integer name="Country" value="5"/>
				<float name="ER" value="600"/>
				<string name="Hull" value="Scharnhorst_Barbet"/>
				<string name="Name" value="Barbet2"/>
				<string name="TypHL" value="Hull"/>
				<string name="UnitName" value="Scharnhorst"/>
			</object>
			<object name="Sc4317">
				<integer name="Country" value="5"/>
				<float name="ER" value="500"/>
				<string name="Hull" value="Scharnhorst_MiddleDeck"/>
				<string name="Name" value="Middle1_LowerDeck"/>
				<string name="TypHL" value="Hull"/>
				<string name="UnitName" value="Scharnhorst"/>
			</object>
			<object name="Sc4318">
				<integer name="Country" value="5"/>
				<float name="ER" value="550"/>
				<string name="Hull" value="Scharnhorst_ArmorDeck"/>
				<string name="Name" value="Middle1_ArmorDeck"/>
				<string name="TypHL" value="Hull"/>
				<string name="UnitName" value="Scharnhorst"/>
			</object>
			<object name="Sc4319">
				<integer name="Country" value="5"/>
				<float name="ER" value="500"/>
				<string name="Hull" value="Scharnhorst_MiddleDeck"/>
				<string name="Name" value="Middle1_MiddleDeck"/>
				<string name="TypHL" value="Hull"/>
				<string name="UnitName" value="Scharnhorst"/>
			</object>
			<object name="Sc4320">
				<integer name="Country" value="5"/>
				<float name="ER" value="500"/>
				<string name="Hull" value="Scharnhorst_UpperDeck"/>
				<string name="Name" value="Middle1_UpperDeck"/>
				<string name="TypHL" value="Hull"/>
				<string name="UnitName" value="Scharnhorst"/>
			</object>
			<object name="Sc4321">
				<integer name="Country" value="5"/>
				<float name="ER" value="500"/>
				<string name="Hull" value="Scharnhorst_Bottom"/>
				<string name="Name" value="Middle1_RBottom"/>
				<string name="TypHL" value="FuelTank"/>
				<string name="UnitName" value="Scharnhorst"/>
			</object>
			<object name="Sc4322">
				<integer name="Country" value="5"/>
				<float name="ER" value="800"/>
				<string name="Hull" value="Scharnhorst_AMP"/>
				<string name="Name" value="Middle1_RAMP"/>
				<string name="TypHL" value="Hull"/>
				<string name="UnitName" value="Scharnhorst"/>
			</object>
			<object name="Sc4323">
				<integer name="Country" value="5"/>
				<float name="ER" value="700"/>
				<string name="Hull" value="Scharnhorst_RLBelt"/>
				<string name="Name" value="Middle1_RLowerBelt"/>
				<string name="TypHL" value="Hull"/>
				<string name="UnitName" value="Scharnhorst"/>
			</object>
			<object name="Sc4324">
				<integer name="Country" value="5"/>
				<float name="ER" value="700"/>
				<string name="Hull" value="Scharnhorst_RMBelt"/>
				<string name="Name" value="Middle1_RMainBelt"/>
				<string name="TypHL" value="Hull"/>
				<string name="UnitName" value="Scharnhorst"/>
			</object>
			<object name="Sc4325">
				<integer name="Country" value="5"/>
				<float name="ER" value="700"/>
				<string name="Hull" value="Scharnhorst_RHBelt"/>
				<string name="Name" value="Middle1_RUpperBelt"/>
				<string name="TypHL" value="Hull"/>
				<string name="UnitName" value="Scharnhorst"/>
			</object>
			<object name="Sc4326">
				<integer name="Country" value="5"/>
				<float name="ER" value="500"/>
				<string name="Hull" value="Scharnhorst_Bottom"/>
				<string name="Name" value="Middle1_LBottom"/>
				<string name="TypHL" value="FuelTank"/>
				<string name="UnitName" value="Scharnhorst"/>
			</object>
			<object name="Sc4327">
				<integer name="Country" value="5"/>
				<float name="ER" value="800"/>
				<string name="Hull" value="Scharnhorst_AMP"/>
				<string name="Name" value="Middle1_LAMP"/>
				<string name="TypHL" value="Hull"/>
				<string name="UnitName" value="Scharnhorst"/>
			</object>
			<object name="Sc4328">
				<integer name="Country" value="5"/>
				<float name="ER" value="700"/>
				<string name="Hull" value="Scharnhorst_LLBelt"/>
				<string name="Name" value="Middle1_LLowerBelt"/>
				<string name="TypHL" value="Hull"/>
				<string name="UnitName" value="Scharnhorst"/>
			</object>
			<object name="Sc4330">
				<integer name="Country" value="5"/>
				<float name="ER" value="700"/>
				<string name="Hull" value="Scharnhorst_LMBelt"/>
				<string name="Name" value="Middle1_LMainBelt"/>
				<string name="TypHL" value="Hull"/>
				<string name="UnitName" value="Scharnhorst"/>
			</object>
			<object name="Sc4331">
				<integer name="Country" value="5"/>
				<float name="ER" value="700"/>
				<string name="Hull" value="Scharnhorst_LHBelt"/>
				<string name="Name" value="Middle1_LUpperBelt"/>
				<string name="TypHL" value="Hull"/>
				<string name="UnitName" value="Scharnhorst"/>
			</object>
			<object name="Sc4333">
				<integer name="Country" value="5"/>
				<float name="ER" value="500"/>
				<string name="Hull" value="Scharnhorst_BoilerHull"/>
				<string name="Name" value="Middle2_LBoilerCover"/>
				<string name="TypHL" value="Hull"/>
				<string name="UnitName" value="Scharnhorst"/>
			</object>
			<object name="Sc4334">
				<integer name="Country" value="5"/>
				<float name="ER" value="500"/>
				<string name="Hull" value="Scharnhorst_Boiler"/>
				<string name="Name" value="Boiler1"/>
				<string name="TypHL" value="Boiler"/>
				<string name="UnitName" value="Scharnhorst"/>
			</object>
			<object name="Sc4335">
				<integer name="Country" value="5"/>
				<float name="ER" value="500"/>
				<string name="Hull" value="Scharnhorst_BoilerHull"/>
				<string name="Name" value="Middle2_CBoilerCover"/>
				<string name="TypHL" value="Hull"/>
				<string name="UnitName" value="Scharnhorst"/>
			</object>
			<object name="Sc4336">
				<integer name="Country" value="5"/>
				<float name="ER" value="500"/>
				<string name="Hull" value="Scharnhorst_Boiler"/>
				<string name="Name" value="Boiler2"/>
				<string name="TypHL" value="Boiler"/>
				<string name="UnitName" value="Scharnhorst"/>
			</object>
			<object name="Sc4337">
				<integer name="Country" value="5"/>
				<float name="ER" value="500"/>
				<string name="Hull" value="Scharnhorst_BoilerHull"/>
				<string name="Name" value="Middle2_RBoilerCover"/>
				<string name="TypHL" value="Hull"/>
				<string name="UnitName" value="Scharnhorst"/>
			</object>
			<object name="Sc4338">
				<integer name="Country" value="5"/>
				<float name="ER" value="500"/>
				<string name="Hull" value="Scharnhorst_Boiler"/>
				<string name="Name" value="Boiler3"/>
				<string name="TypHL" value="Boiler"/>
				<string name="UnitName" value="Scharnhorst"/>
			</object>
			<object name="Sc4339">
				<integer name="Country" value="5"/>
				<float name="ER" value="500"/>
				<string name="Hull" value="Scharnhorst_MiddleDeck"/>
				<string name="Name" value="Middle2_MiddleDeck"/>
				<string name="TypHL" value="Hull"/>
				<string name="UnitName" value="Scharnhorst"/>
			</object>
			<object name="Sc4340">
				<integer name="Country" value="5"/>
				<float name="ER" value="500"/>
				<string name="Hull" value="Scharnhorst_UpperDeck"/>
				<string name="Name" value="Middle2_UpperDeck"/>
				<string name="TypHL" value="Hull"/>
				<string name="UnitName" value="Scharnhorst"/>
			</object>
			<object name="Sc4341">
				<integer name="Country" value="5"/>
				<float name="ER" value="700"/>
				<string name="Hull" value="Scharnhorst_RHBelt"/>
				<string name="Name" value="Middle2_RUpperBelt"/>
				<string name="TypHL" value="Hull"/>
				<string name="UnitName" value="Scharnhorst"/>
			</object>
			<object name="Sc4342">
				<integer name="Country" value="5"/>
				<float name="ER" value="700"/>
				<string name="Hull" value="Scharnhorst_RMBelt"/>
				<string name="Name" value="Middle2_RMainBelt"/>
				<string name="TypHL" value="Hull"/>
				<string name="UnitName" value="Scharnhorst"/>
			</object>
			<object name="Sc4343">
				<integer name="Country" value="5"/>
				<float name="ER" value="700"/>
				<string name="Hull" value="Scharnhorst_RLBelt"/>
				<string name="Name" value="Middle2_RLowerBelt"/>
				<string name="TypHL" value="Hull"/>
				<string name="UnitName" value="Scharnhorst"/>
			</object>
			<object name="Sc4344">
				<integer name="Country" value="5"/>
				<float name="ER" value="800"/>
				<string name="Hull" value="Scharnhorst_AMP"/>
				<string name="Name" value="Middle2_RAMP"/>
				<string name="TypHL" value="Hull"/>
				<string name="UnitName" value="Scharnhorst"/>
			</object>
			<object name="Sc4345">
				<integer name="Country" value="5"/>
				<float name="ER" value="500"/>
				<string name="Hull" value="Scharnhorst_Bottom"/>
				<string name="Name" value="Middle2_RBottom"/>
				<string name="TypHL" value="FuelTank"/>
				<string name="UnitName" value="Scharnhorst"/>
			</object>
			<object name="Sc4346">
				<integer name="Country" value="5"/>
				<float name="ER" value="500"/>
				<string name="Hull" value="Scharnhorst_Bottom"/>
				<string name="Name" value="Middle2_LBottom"/>
				<string name="TypHL" value="FuelTank"/>
				<string name="UnitName" value="Scharnhorst"/>
			</object>
			<object name="Sc4347">
				<integer name="Country" value="5"/>
				<float name="ER" value="800"/>
				<string name="Hull" value="Scharnhorst_AMP"/>
				<string name="Name" value="Middle2_LAMP"/>
				<string name="TypHL" value="Hull"/>
				<string name="UnitName" value="Scharnhorst"/>
			</object>
			<object name="Sc4348">
				<integer name="Country" value="5"/>
				<float name="ER" value="700"/>
				<string name="Hull" value="Scharnhorst_LLBelt"/>
				<string name="Name" value="Middle2_LLowerBelt"/>
				<string name="TypHL" value="Hull"/>
				<string name="UnitName" value="Scharnhorst"/>
			</object>
			<object name="Sc4349">
				<integer name="Country" value="5"/>
				<float name="ER" value="700"/>
				<string name="Hull" value="Scharnhorst_LMBelt"/>
				<string name="Name" value="Middle2_LMainBelt"/>
				<string name="TypHL" value="Hull"/>
				<string name="UnitName" value="Scharnhorst"/>
			</object>
			<object name="Sc4350">
				<integer name="Country" value="5"/>
				<float name="ER" value="700"/>
				<string name="Hull" value="Scharnhorst_LHBelt"/>
				<string name="Name" value="Middle2_LUpperBelt"/>
				<string name="TypHL" value="Hull"/>
				<string name="UnitName" value="Scharnhorst"/>
			</object>
			<object name="Sc4353">
				<integer name="Country" value="5"/>
				<float name="ER" value="500"/>
				<string name="Hull" value="Scharnhorst_BoilerHull"/>
				<string name="Name" value="Middle3_LBoilerCover"/>
				<string name="TypHL" value="Hull"/>
				<string name="UnitName" value="Scharnhorst"/>
			</object>
			<object name="Sc4354">
				<integer name="Country" value="5"/>
				<float name="ER" value="500"/>
				<string name="Hull" value="Scharnhorst_Boiler"/>
				<string name="Name" value="Boiler4"/>
				<string name="TypHL" value="Boiler"/>
				<string name="UnitName" value="Scharnhorst"/>
			</object>
			<object name="Sc4355">
				<integer name="Country" value="5"/>
				<float name="ER" value="500"/>
				<string name="Hull" value="Scharnhorst_BoilerHull"/>
				<string name="Name" value="Middle3_CBoilerCover"/>
				<string name="TypHL" value="Hull"/>
				<string name="UnitName" value="Scharnhorst"/>
			</object>
			<object name="Sc4356">
				<integer name="Country" value="5"/>
				<float name="ER" value="500"/>
				<string name="Hull" value="Scharnhorst_Boiler"/>
				<string name="Name" value="Boiler5"/>
				<string name="TypHL" value="Boiler"/>
				<string name="UnitName" value="Scharnhorst"/>
			</object>
			<object name="Sc4357">
				<integer name="Country" value="5"/>
				<float name="ER" value="500"/>
				<string name="Hull" value="Scharnhorst_BoilerHull"/>
				<string name="Name" value="Middle3_RBoilerCover"/>
				<string name="TypHL" value="Hull"/>
				<string name="UnitName" value="Scharnhorst"/>
			</object>
			<object name="Sc4358">
				<integer name="Country" value="5"/>
				<float name="ER" value="500"/>
				<string name="Hull" value="Scharnhorst_Boiler"/>
				<string name="Name" value="Boiler6"/>
				<string name="TypHL" value="Boiler"/>
				<string name="UnitName" value="Scharnhorst"/>
			</object>
			<object name="Sc4359">
				<integer name="Country" value="5"/>
				<float name="ER" value="500"/>
				<string name="Hull" value="Scharnhorst_MiddleDeck"/>
				<string name="Name" value="Middle3_MiddleDeck"/>
				<string name="TypHL" value="Hull"/>
				<string name="UnitName" value="Scharnhorst"/>
			</object>
			<object name="Sc4360">
				<integer name="Country" value="5"/>
				<float name="ER" value="500"/>
				<string name="Hull" value="Scharnhorst_UpperDeck"/>
				<string name="Name" value="Middle3_UpperDeck"/>
				<string name="TypHL" value="Hull"/>
				<string name="UnitName" value="Scharnhorst"/>
			</object>
			<object name="Sc4361">
				<integer name="Country" value="5"/>
				<float name="ER" value="700"/>
				<string name="Hull" value="Scharnhorst_RHBelt"/>
				<string name="Name" value="Middle3_RUpperBelt"/>
				<string name="TypHL" value="Hull"/>
				<string name="UnitName" value="Scharnhorst"/>
			</object>
			<object name="Sc4362">
				<integer name="Country" value="5"/>
				<float name="ER" value="700"/>
				<string name="Hull" value="Scharnhorst_RMBelt"/>
				<string name="Name" value="Middle3_RMainBelt"/>
				<string name="TypHL" value="Hull"/>
				<string name="UnitName" value="Scharnhorst"/>
			</object>
			<object name="Sc4363">
				<integer name="Country" value="5"/>
				<float name="ER" value="700"/>
				<string name="Hull" value="Scharnhorst_RLBelt"/>
				<string name="Name" value="Middle3_RLowerBelt"/>
				<string name="TypHL" value="Hull"/>
				<string name="UnitName" value="Scharnhorst"/>
			</object>
			<object name="Sc4364">
				<integer name="Country" value="5"/>
				<float name="ER" value="800"/>
				<string name="Hull" value="Scharnhorst_AMP"/>
				<string name="Name" value="Middle3_RAMP"/>
				<string name="TypHL" value="Hull"/>
				<string name="UnitName" value="Scharnhorst"/>
			</object>
			<object name="Sc4365">
				<integer name="Country" value="5"/>
				<float name="ER" value="500"/>
				<string name="Hull" value="Scharnhorst_Bottom"/>
				<string name="Name" value="Middle3_RBottom"/>
				<string name="TypHL" value="FuelTank"/>
				<string name="UnitName" value="Scharnhorst"/>
			</object>
			<object name="Sc4366">
				<integer name="Country" value="5"/>
				<float name="ER" value="700"/>
				<string name="Hull" value="Scharnhorst_LHBelt"/>
				<string name="Name" value="Middle3_LUpperBelt"/>
				<string name="TypHL" value="Hull"/>
				<string name="UnitName" value="Scharnhorst"/>
			</object>
			<object name="Sc4367">
				<integer name="Country" value="5"/>
				<float name="ER" value="700"/>
				<string name="Hull" value="Scharnhorst_LMBelt"/>
				<string name="Name" value="Middle3_LMainBelt"/>
				<string name="TypHL" value="Hull"/>
				<string name="UnitName" value="Scharnhorst"/>
			</object>
			<object name="Sc4368">
				<integer name="Country" value="5"/>
				<float name="ER" value="700"/>
				<string name="Hull" value="Scharnhorst_LLBelt"/>
				<string name="Name" value="Middle3_LLowerBelt"/>
				<string name="TypHL" value="Hull"/>
				<string name="UnitName" value="Scharnhorst"/>
			</object>
			<object name="Sc4369">
				<integer name="Country" value="5"/>
				<float name="ER" value="800"/>
				<string name="Hull" value="Scharnhorst_AMP"/>
				<string name="Name" value="Middle3_LAMP"/>
				<string name="TypHL" value="Hull"/>
				<string name="UnitName" value="Scharnhorst"/>
			</object>
			<object name="Sc4370">
				<integer name="Country" value="5"/>
				<float name="ER" value="500"/>
				<string name="Hull" value="Scharnhorst_Bottom"/>
				<string name="Name" value="Middle3_LBottom"/>
				<string name="TypHL" value="FuelTank"/>
				<string name="UnitName" value="Scharnhorst"/>
			</object>
			<object name="Sc4372">
				<integer name="Country" value="5"/>
				<float name="ER" value="500"/>
				<string name="Hull" value="Scharnhorst_MTOHull"/>
				<string name="Name" value="Middle4_LEngineCover"/>
				<string name="TypHL" value="Hull"/>
				<string name="UnitName" value="Scharnhorst"/>
			</object>
			<object name="Sc4373">
				<string name="ConnectName" value="Boiler1;Boiler4"/>
				<integer name="Country" value="5"/>
				<float name="ER" value="500"/>
				<string name="Hull" value="Scharnhorst_Engine"/>
				<string name="Name" value="Engine1"/>
				<string name="TypHL" value="Engine"/>
				<string name="UnitName" value="Scharnhorst"/>
			</object>
			<object name="Sc4374">
				<integer name="Country" value="5"/>
				<float name="ER" value="500"/>
				<string name="Hull" value="Scharnhorst_MTOHull"/>
				<string name="Name" value="Middle4_REngineCover"/>
				<string name="TypHL" value="Hull"/>
				<string name="UnitName" value="Scharnhorst"/>
			</object>
			<object name="Sc4376">
				<string name="ConnectName" value="Boiler3;Boiler6;"/>
				<integer name="Country" value="5"/>
				<float name="ER" value="500"/>
				<string name="Hull" value="Scharnhorst_Engine"/>
				<string name="Name" value="Engine2"/>
				<string name="TypHL" value="Engine"/>
				<string name="UnitName" value="Scharnhorst"/>
			</object>
			<object name="Sc4377">
				<integer name="Country" value="5"/>
				<float name="ER" value="500"/>
				<string name="Hull" value="Scharnhorst_MiddleDeck"/>
				<string name="Name" value="Middle4_MiddleDeck"/>
				<string name="TypHL" value="Hull"/>
				<string name="UnitName" value="Scharnhorst"/>
			</object>
			<object name="Sc4378">
				<integer name="Country" value="5"/>
				<float name="ER" value="500"/>
				<string name="Hull" value="Scharnhorst_UpperDeck"/>
				<string name="Name" value="Middle4_UpperDeck"/>
				<string name="TypHL" value="Hull"/>
				<string name="UnitName" value="Scharnhorst"/>
			</object>
			<object name="Sc4379">
				<integer name="Country" value="5"/>
				<float name="ER" value="700"/>
				<string name="Hull" value="Scharnhorst_RHBelt"/>
				<string name="Name" value="Middle4_RUpperBelt"/>
				<string name="TypHL" value="Hull"/>
				<string name="UnitName" value="Scharnhorst"/>
			</object>
			<object name="Sc4380">
				<integer name="Country" value="5"/>
				<float name="ER" value="700"/>
				<string name="Hull" value="Scharnhorst_RMBelt"/>
				<string name="Name" value="Middle4_RMainBelt"/>
				<string name="TypHL" value="Hull"/>
				<string name="UnitName" value="Scharnhorst"/>
			</object>
			<object name="Sc4381">
				<integer name="Country" value="5"/>
				<float name="ER" value="700"/>
				<string name="Hull" value="Scharnhorst_RLBelt"/>
				<string name="Name" value="Middle4_RLowerBelt"/>
				<string name="TypHL" value="Hull"/>
				<string name="UnitName" value="Scharnhorst"/>
			</object>
			<object name="Sc4382">
				<integer name="Country" value="5"/>
				<float name="ER" value="800"/>
				<string name="Hull" value="Scharnhorst_AMP"/>
				<string name="Name" value="Middle4_RAMP"/>
				<string name="TypHL" value="Hull"/>
				<string name="UnitName" value="Scharnhorst"/>
			</object>
			<object name="Sc4383">
				<integer name="Country" value="5"/>
				<float name="ER" value="500"/>
				<string name="Hull" value="Scharnhorst_Bottom"/>
				<string name="Name" value="Middle4_RBottom"/>
				<string name="TypHL" value="FuelTank"/>
				<string name="UnitName" value="Scharnhorst"/>
			</object>
			<object name="Sc4384">
				<integer name="Country" value="5"/>
				<float name="ER" value="700"/>
				<string name="Hull" value="Scharnhorst_LHBelt"/>
				<string name="Name" value="Middle4_LUpperBelt"/>
				<string name="TypHL" value="Hull"/>
				<string name="UnitName" value="Scharnhorst"/>
			</object>
			<object name="Sc4385">
				<integer name="Country" value="5"/>
				<float name="ER" value="700"/>
				<string name="Hull" value="Scharnhorst_LMBelt"/>
				<string name="Name" value="Middle4_LMainBelt"/>
				<string name="TypHL" value="Hull"/>
				<string name="UnitName" value="Scharnhorst"/>
			</object>
			<object name="Sc4386">
				<integer name="Country" value="5"/>
				<float name="ER" value="700"/>
				<string name="Hull" value="Scharnhorst_LLBelt"/>
				<string name="Name" value="Middle4_LLowerBelt"/>
				<string name="TypHL" value="Hull"/>
				<string name="UnitName" value="Scharnhorst"/>
			</object>
			<object name="Sc4387">
				<integer name="Country" value="5"/>
				<float name="ER" value="800"/>
				<string name="Hull" value="Scharnhorst_AMP"/>
				<string name="Name" value="Middle4_LAMP"/>
				<string name="TypHL" value="Hull"/>
				<string name="UnitName" value="Scharnhorst"/>
			</object>
			<object name="Sc4388">
				<integer name="Country" value="5"/>
				<float name="ER" value="500"/>
				<string name="Hull" value="Scharnhorst_Bottom"/>
				<string name="Name" value="Middle4_LBottom"/>
				<string name="TypHL" value="FuelTank"/>
				<string name="UnitName" value="Scharnhorst"/>
			</object>
			<object name="Sc4390">
				<integer name="Country" value="5"/>
				<float name="ER" value="500"/>
				<string name="Hull" value="Scharnhorst_MTOHull"/>
				<string name="Name" value="Middle5_EngineCover"/>
				<string name="TypHL" value="Hull"/>
				<string name="UnitName" value="Scharnhorst"/>
			</object>
			<object name="Sc4391">
				<string name="ConnectName" value="Boiler2;Boiler5;"/>
				<integer name="Country" value="5"/>
				<float name="ER" value="500"/>
				<string name="Hull" value="Scharnhorst_Engine"/>
				<string name="Name" value="Engine3"/>
				<string name="TypHL" value="Engine"/>
				<string name="UnitName" value="Scharnhorst"/>
			</object>
			<object name="Sc4392">
				<integer name="Country" value="5"/>
				<float name="ER" value="500"/>
				<string name="Hull" value="Scharnhorst_AMP"/>
				<string name="Name" value="Middle5_RLowerDeck"/>
				<string name="TypHL" value="Hull"/>
				<string name="UnitName" value="Scharnhorst"/>
			</object>
			<object name="Sc4393">
				<integer name="Country" value="5"/>
				<float name="ER" value="500"/>
				<string name="Hull" value="Scharnhorst_AMP"/>
				<string name="Name" value="Middle5_LLowerDeck"/>
				<string name="TypHL" value="Hull"/>
				<string name="UnitName" value="Scharnhorst"/>
			</object>
			<object name="Sc4395">
				<integer name="Country" value="5"/>
				<float name="ER" value="500"/>
				<string name="Hull" value="Scharnhorst_MiddleDeck"/>
				<string name="Name" value="Middle5_MiddleDeck"/>
				<string name="TypHL" value="Hull"/>
				<string name="UnitName" value="Scharnhorst"/>
			</object>
			<object name="Sc4396">
				<integer name="Country" value="5"/>
				<float name="ER" value="500"/>
				<string name="Hull" value="Scharnhorst_UpperDeck"/>
				<string name="Name" value="Middle5_UpperDeck"/>
				<string name="TypHL" value="Hull"/>
				<string name="UnitName" value="Scharnhorst"/>
			</object>
			<object name="Sc4397">
				<integer name="Country" value="5"/>
				<float name="ER" value="700"/>
				<string name="Hull" value="Scharnhorst_RHBelt"/>
				<string name="Name" value="Middle5_RUpperBelt"/>
				<string name="TypHL" value="Hull"/>
				<string name="UnitName" value="Scharnhorst"/>
			</object>
			<object name="Sc4398">
				<integer name="Country" value="5"/>
				<float name="ER" value="700"/>
				<string name="Hull" value="Scharnhorst_RMBelt"/>
				<string name="Name" value="Middle5_RMainBelt"/>
				<string name="TypHL" value="Hull"/>
				<string name="UnitName" value="Scharnhorst"/>
			</object>
			<object name="Sc4399">
				<integer name="Country" value="5"/>
				<float name="ER" value="700"/>
				<string name="Hull" value="Scharnhorst_RLBelt"/>
				<string name="Name" value="Middle5_RLowerBelt"/>
				<string name="TypHL" value="Hull"/>
				<string name="UnitName" value="Scharnhorst"/>
			</object>
			<object name="Sc4400">
				<integer name="Country" value="5"/>
				<float name="ER" value="800"/>
				<string name="Hull" value="Scharnhorst_AMP"/>
				<string name="Name" value="Middle5_RAMP"/>
				<string name="TypHL" value="Hull"/>
				<string name="UnitName" value="Scharnhorst"/>
			</object>
			<object name="Sc4401">
				<integer name="Country" value="5"/>
				<float name="ER" value="500"/>
				<string name="Hull" value="Scharnhorst_Bottom"/>
				<string name="Name" value="Middle5_RBottom"/>
				<string name="TypHL" value="FuelTank"/>
				<string name="UnitName" value="Scharnhorst"/>
			</object>
			<object name="Sc4402">
				<integer name="Country" value="5"/>
				<float name="ER" value="700"/>
				<string name="Hull" value="Scharnhorst_LHBelt"/>
				<string name="Name" value="Middle5_LUpperBelt"/>
				<string name="TypHL" value="Hull"/>
				<string name="UnitName" value="Scharnhorst"/>
			</object>
			<object name="Sc4403">
				<integer name="Country" value="5"/>
				<float name="ER" value="700"/>
				<string name="Hull" value="Scharnhorst_LMBelt"/>
				<string name="Name" value="Middle5_LMainBelt"/>
				<string name="TypHL" value="Hull"/>
				<string name="UnitName" value="Scharnhorst"/>
			</object>
			<object name="Sc4404">
				<integer name="Country" value="5"/>
				<float name="ER" value="700"/>
				<string name="Hull" value="Scharnhorst_LLBelt"/>
				<string name="Name" value="Middle5_LLowerBelt"/>
				<string name="TypHL" value="Hull"/>
				<string name="UnitName" value="Scharnhorst"/>
			</object>
			<object name="Sc4405">
				<integer name="Country" value="5"/>
				<float name="ER" value="800"/>
				<string name="Hull" value="Scharnhorst_AMP"/>
				<string name="Name" value="Middle5_LAMP"/>
				<string name="TypHL" value="Hull"/>
				<string name="UnitName" value="Scharnhorst"/>
			</object>
			<object name="Sc4406">
				<integer name="Country" value="5"/>
				<float name="ER" value="500"/>
				<string name="Hull" value="Scharnhorst_Bottom"/>
				<string name="Name" value="Middle5_LBottom"/>
				<string name="TypHL" value="FuelTank"/>
				<string name="UnitName" value="Scharnhorst"/>
			</object>
			<object name="Sc4408">
				<integer name="Country" value="5"/>
				<float name="ER" value="500"/>
				<string name="Hull" value="Scharnhorst_ASLowerDeck"/>
				<string name="Name" value="Stern1_LowerDeck"/>
				<string name="TypHL" value="Hull"/>
				<string name="UnitName" value="Scharnhorst"/>
			</object>
			<object name="Sc4409">
				<integer name="Country" value="5"/>
				<float name="ER" value="500"/>
				<string name="Hull" value="Scharnhorst_AmmoStore"/>
				<string name="Name" value="Stern_AmmoStore1"/>
				<float name="Param_1" value="0."/>
				<string name="TypHL" value="AmmoStore"/>
				<string name="UnitName" value="Scharnhorst"/>
			</object>
			<object name="Sc4410">
				<integer name="Country" value="5"/>
				<float name="ER" value="500"/>
				<string name="Hull" value="Scharnhorst_AmmoStore"/>
				<string name="Name" value="Stern_AmmoStore2"/>
				<float name="Param_1" value="0."/>
				<string name="TypHL" value="AmmoStore"/>
				<string name="UnitName" value="Scharnhorst"/>
			</object>
			<object name="Sc4411">
				<integer name="Country" value="5"/>
				<float name="ER" value="700"/>
				<string name="Hull" value="Scharnhorst_ArmorDeck"/>
				<string name="Name" value="Stern1_ArmorDeck"/>
				<string name="TypHL" value="Hull"/>
				<string name="UnitName" value="Scharnhorst"/>
			</object>
			<object name="Sc4412">
				<integer name="Country" value="5"/>
				<float name="ER" value="500"/>
				<string name="Hull" value="Scharnhorst_ASLowerDeck"/>
				<string name="Name" value="Stern1_MiddleDeck"/>
				<string name="TypHL" value="Hull"/>
				<string name="UnitName" value="Scharnhorst"/>
			</object>
			<object name="Sc4413">
				<integer name="Country" value="5"/>
				<float name="ER" value="500"/>
				<string name="Hull" value="Scharnhorst_ASUpperDeck"/>
				<string name="Name" value="Stern1_UpperDeck"/>
				<string name="TypHL" value="Hull"/>
				<string name="UnitName" value="Scharnhorst"/>
			</object>
			<object name="Sc4414">
				<integer name="Country" value="5"/>
				<float name="ER" value="700"/>
				<string name="Hull" value="Scharnhorst_ASLHBelt"/>
				<string name="Name" value="Stern1_LUpperBelt"/>
				<string name="TypHL" value="Hull"/>
				<string name="UnitName" value="Scharnhorst"/>
			</object>
			<object name="Sc4416">
				<integer name="Country" value="5"/>
				<float name="ER" value="700"/>
				<string name="Hull" value="Scharnhorst_ASLMBelt"/>
				<string name="Name" value="Stern1_LMainBelt"/>
				<string name="TypHL" value="Hull"/>
				<string name="UnitName" value="Scharnhorst"/>
			</object>
			<object name="Sc4417">
				<integer name="Country" value="5"/>
				<float name="ER" value="700"/>
				<string name="Hull" value="Scharnhorst_ASLLBelt"/>
				<string name="Name" value="Stern1_LLowerBelt"/>
				<string name="TypHL" value="Hull"/>
				<string name="UnitName" value="Scharnhorst"/>
			</object>
			<object name="Sc4418">
				<integer name="Country" value="5"/>
				<float name="ER" value="600"/>
				<string name="Hull" value="Scharnhorst_AMP"/>
				<string name="Name" value="Stern1_LAMP"/>
				<string name="TypHL" value="Hull"/>
				<string name="UnitName" value="Scharnhorst"/>
			</object>
			<object name="Sc4419">
				<integer name="Country" value="5"/>
				<float name="ER" value="700"/>
				<string name="Hull" value="Scharnhorst_ASRHBelt"/>
				<string name="Name" value="Stern1_RUpperBelt"/>
				<string name="TypHL" value="Hull"/>
				<string name="UnitName" value="Scharnhorst"/>
			</object>
			<object name="Sc4420">
				<integer name="Country" value="5"/>
				<float name="ER" value="700"/>
				<string name="Hull" value="Scharnhorst_ASRMBelt"/>
				<string name="Name" value="Stern1_RMainBelt"/>
				<string name="TypHL" value="Hull"/>
				<string name="UnitName" value="Scharnhorst"/>
			</object>
			<object name="Sc4422">
				<integer name="Country" value="5"/>
				<float name="ER" value="700"/>
				<string name="Hull" value="Scharnhorst_ASRLBelt"/>
				<string name="Name" value="Stern1_RLowerBelt"/>
				<string name="TypHL" value="Hull"/>
				<string name="UnitName" value="Scharnhorst"/>
			</object>
			<object name="Sc4423">
				<integer name="Country" value="5"/>
				<float name="ER" value="600"/>
				<string name="Hull" value="Scharnhorst_AMP"/>
				<string name="Name" value="Stern1_RAMP"/>
				<string name="TypHL" value="Hull"/>
				<string name="UnitName" value="Scharnhorst"/>
			</object>
			<object name="Sc4424">
				<integer name="Country" value="5"/>
				<float name="ER" value="600"/>
				<string name="Hull" value="Scharnhorst_Barbet"/>
				<string name="Name" value="Barbet3"/>
				<string name="TypHL" value="Hull"/>
				<string name="UnitName" value="Scharnhorst"/>
			</object>
			<object name="Sc4425">
				<integer name="Country" value="5"/>
				<float name="ER" value="600"/>
				<string name="Hull" value="Scharnhorst_Barbet"/>
				<string name="Name" value="Barbet4"/>
				<string name="TypHL" value="Hull"/>
				<string name="UnitName" value="Scharnhorst"/>
			</object>
			<object name="Sc4426">
				<string name="ConnectName" value="Engine3"/>
				<integer name="Country" value="5"/>
				<float name="ER" value="200"/>
				<string name="Hull" value="Std_Mover"/>
				<string name="Name" value="Mover3"/>
				<string name="TypHL" value="Mover"/>
				<string name="UnitName" value="Scharnhorst"/>
			</object>
			<object name="Sc4427">
				<string name="ConnectName" value="Engine2"/>
				<integer name="Country" value="5"/>
				<float name="ER" value="200"/>
				<string name="Hull" value="Std_Mover"/>
				<string name="Name" value="Mover2"/>
				<string name="TypHL" value="Mover"/>
				<string name="UnitName" value="Scharnhorst"/>
			</object>
			<object name="Sc4428">
				<string name="ConnectName" value="Engine1"/>
				<integer name="Country" value="5"/>
				<float name="ER" value="200"/>
				<string name="Hull" value="Std_Mover"/>
				<string name="Name" value="Mover1"/>
				<string name="TypHL" value="Mover"/>
				<string name="UnitName" value="Scharnhorst"/>
			</object>
			<object name="Sc4429">
				<string name="ConnectName" value="Tiller;"/>
				<integer name="Country" value="5"/>
				<float name="ER" value="300"/>
				<string name="Hull" value="Std_Rudder"/>
				<string name="Name" value="Rudder1"/>
				<string name="TypHL" value="Rudder"/>
				<string name="UnitName" value="Scharnhorst"/>
			</object>
			<object name="Sc4430">
				<string name="ConnectName" value="Tiller;"/>
				<integer name="Country" value="5"/>
				<float name="ER" value="300"/>
				<string name="Hull" value="Std_Rudder"/>
				<string name="Name" value="Rudder2"/>
				<string name="TypHL" value="Rudder"/>
				<string name="UnitName" value="Scharnhorst"/>
			</object>
			<object name="Sc4431">
				<integer name="Country" value="5"/>
				<float name="ER" value="200"/>
				<string name="Hull" value="Std_Probe"/>
				<string name="Name" value="Stern_Probe_MG"/>
				<string name="TypHL" value="Probe"/>
				<string name="UnitName" value="Scharnhorst"/>
			</object>
			<object name="Sc4432">
				<integer name="Country" value="5"/>
				<float name="ER" value="200"/>
				<string name="Hull" value="Std_Probe"/>
				<string name="Name" value="Probe_SG"/>
				<string name="TypHL" value="Probe"/>
				<string name="UnitName" value="Scharnhorst"/>
			</object>
			<object name="Sc4433">
				<integer name="Country" value="5"/>
				<float name="ER" value="200"/>
				<string name="Hull" value="Std_Probe"/>
				<string name="Name" value="Probe_AA"/>
				<string name="TypHL" value="Probe"/>
				<string name="UnitName" value="Scharnhorst"/>
			</object>
			<object name="Sc4434">
				<integer name="Country" value="5"/>
				<integer name="Crew" value="240"/>
				<float name="ER" value="500"/>
				<string name="Hull" value="Std_UpperHull"/>
				<string name="Name" value="Stern_MSuperstructure2"/>
				<string name="TypHL" value="Crew"/>
				<string name="UnitName" value="Scharnhorst"/>
			</object>
			<object name="Sc4435">
				<integer name="Country" value="5"/>
				<integer name="Crew" value="240"/>
				<float name="ER" value="500"/>
				<string name="Hull" value="Std_UpperHull"/>
				<string name="Name" value="Stern_MSuperstructure1"/>
				<string name="TypHL" value="Crew"/>
				<string name="UnitName" value="Scharnhorst"/>
			</object>
			<object name="Sc4436">
				<integer name="Country" value="5"/>
				<integer name="Crew" value="240"/>
				<float name="ER" value="500"/>
				<string name="Hull" value="Std_UpperHull"/>
				<string name="Name" value="Stern_MSuperstructure"/>
				<string name="TypHL" value="Crew"/>
				<string name="UnitName" value="Scharnhorst"/>
			</object>
			<object name="Sc4437">
				<integer name="Country" value="5"/>
				<integer name="Crew" value="240"/>
				<float name="ER" value="500"/>
				<string name="Hull" value="Std_UpperHull"/>
				<string name="Name" value="Stern_LSuperstructure"/>
				<string name="TypHL" value="Crew"/>
				<string name="UnitName" value="Scharnhorst"/>
			</object>
			<object name="Sc4438">
				<integer name="Country" value="5"/>
				<float name="ER" value="500"/>
				<string name="Hull" value="Std_Rudder"/>
				<string name="Name" value="SmokeStack"/>
				<string name="TypHL" value="Hull"/>
				<string name="UnitName" value="Scharnhorst"/>
			</object>
			<object name="Sc4439">
				<integer name="Country" value="5"/>
				<integer name="Crew" value="240"/>
				<float name="ER" value="500"/>
				<string name="Hull" value="Std_UpperHull"/>
				<string name="Name" value="Bow_USuperstructure2"/>
				<string name="TypHL" value="Crew"/>
				<string name="UnitName" value="Scharnhorst"/>
			</object>
			<object name="Sc4440">
				<integer name="Country" value="5"/>
				<integer name="Crew" value="240"/>
				<float name="ER" value="500"/>
				<string name="Hull" value="Std_UpperHull"/>
				<string name="Name" value="USuperstructure1"/>
				<string name="TypHL" value="Crew"/>
				<string name="UnitName" value="Scharnhorst"/>
			</object>
			<object name="Sc4441">
				<integer name="Country" value="5"/>
				<float name="ER" value="200"/>
				<string name="Hull" value="Std_Probe"/>
				<string name="Name" value="Radio"/>
				<string name="TypHL" value="Probe"/>
				<string name="UnitName" value="Scharnhorst"/>
			</object>
			<object name="Sc4442">
				<integer name="Country" value="5"/>
				<float name="ER" value="200"/>
				<string name="Hull" value="Std_Probe"/>
				<string name="Name" value="Radar"/>
				<string name="TypHL" value="Probe"/>
				<string name="UnitName" value="Scharnhorst"/>
			</object>
			<object name="Sc4443">
				<integer name="Country" value="5"/>
				<float name="ER" value="800"/>
				<string name="Hull" value="Scharnhorst_BattleCabine"/>
				<string name="Name" value="BattleCabine"/>
				<string name="TypHL" value="Hull"/>
				<string name="UnitName" value="Scharnhorst"/>
			</object>
			<object name="Sc4444">
				<integer name="Country" value="5"/>
				<integer name="Crew" value="240"/>
				<float name="ER" value="500"/>
				<string name="Hull" value="Std_UpperHull"/>
				<string name="Name" value="Bow_MSuperstructure3"/>
				<string name="TypHL" value="Crew"/>
				<string name="UnitName" value="Scharnhorst"/>
			</object>
			<object name="Sc4445">
				<integer name="Country" value="5"/>
				<integer name="Crew" value="240"/>
				<float name="ER" value="500"/>
				<string name="Hull" value="Std_UpperHull"/>
				<string name="Name" value="Bow_MSuperstructure1"/>
				<string name="TypHL" value="Crew"/>
				<string name="UnitName" value="Scharnhorst"/>
			</object>
			<object name="Sc4446">
				<integer name="Country" value="5"/>
				<integer name="Crew" value="240"/>
				<float name="ER" value="500"/>
				<string name="Hull" value="Std_UpperHull"/>
				<string name="Name" value="Bow_MSuperstructure2"/>
				<string name="TypHL" value="Crew"/>
				<string name="UnitName" value="Scharnhorst"/>
			</object>
			<object name="Sc4447">
				<integer name="Country" value="5"/>
				<integer name="Crew" value="240"/>
				<float name="ER" value="500"/>
				<string name="Hull" value="Std_UpperHull"/>
				<string name="Name" value="Bow_LSuperstructure"/>
				<string name="TypHL" value="Crew"/>
				<string name="UnitName" value="Scharnhorst"/>
			</object>
			<object name="Sc4448">
				<integer name="Country" value="5"/>
				<float name="ER" value="200"/>
				<string name="Hull" value="Std_Probe"/>
				<string name="Name" value="Bow_Probe_MG"/>
				<string name="TypHL" value="Probe"/>
				<string name="UnitName" value="Scharnhorst"/>
			</object>
			<object name="Sc4449">
				<integer name="Country" value="5"/>
				<float name="ER" value="500"/>
				<string name="Hull" value="Scharnhorst_Bottom"/>
				<string name="Name" value="Bow1_Bottom"/>
				<string name="TypHL" value="Hull"/>
				<string name="UnitName" value="Scharnhorst"/>
			</object>
			<object name="Sc4450">
				<integer name="Country" value="5"/>
				<float name="ER" value="500"/>
				<string name="Hull" value="Scharnhorst_AB1LowerDeck"/>
				<string name="Name" value="Bow1_LowerDeck"/>
				<string name="TypHL" value="Hull"/>
				<string name="UnitName" value="Scharnhorst"/>
			</object>
			<object name="Sc4451">
				<integer name="Country" value="5"/>
				<float name="ER" value="200"/>
				<string name="Hull" value="Std_Probe"/>
				<string name="Name" value="Bow_Probe_Sonar"/>
				<string name="TypHL" value="Probe"/>
				<string name="UnitName" value="Scharnhorst"/>
			</object>
			<object name="Sc4452">
				<integer name="Country" value="5"/>
				<float name="ER" value="500"/>
				<string name="Hull" value="Scharnhorst_AB1MiddleDeck"/>
				<string name="Name" value="Bow1_MiddleDeck"/>
				<string name="TypHL" value="Hull"/>
				<string name="UnitName" value="Scharnhorst"/>
			</object>
			<object name="Sc4453">
				<integer name="Country" value="5"/>
				<float name="ER" value="500"/>
				<string name="Hull" value="Scharnhorst_AB1MiddleDeck"/>
				<string name="Name" value="Bow1_MiddleDeck2"/>
				<string name="TypHL" value="Hull"/>
				<string name="UnitName" value="Scharnhorst"/>
			</object>
			<object name="Sc4454">
				<integer name="Country" value="5"/>
				<float name="ER" value="500"/>
				<string name="Hull" value="Scharnhorst_AB1UpperDeck"/>
				<string name="Name" value="Bow1_UpperDeck"/>
				<string name="TypHL" value="Hull"/>
				<string name="UnitName" value="Scharnhorst"/>
			</object>
			<object name="Sc4455">
				<integer name="Country" value="5"/>
				<float name="ER" value="500"/>
				<string name="Hull" value="Scharnhorst_AS2LowerDeck"/>
				<string name="Name" value="Stern2_LowerDeck"/>
				<string name="TypHL" value="Hull"/>
				<string name="UnitName" value="Scharnhorst"/>
			</object>
			<object name="Sc4456">
				<integer name="Country" value="5"/>
				<float name="ER" value="500"/>
				<string name="Hull" value="Scharnhorst_Tiller"/>
				<string name="Name" value="Tiller"/>
				<string name="TypHL" value="Hull"/>
				<string name="UnitName" value="Scharnhorst"/>
			</object>
			<object name="Sc4457">
				<integer name="Country" value="5"/>
				<float name="ER" value="500"/>
				<string name="Hull" value="Scharnhorst_AS2UpperDeck"/>
				<string name="Name" value="Stern2_UpperDeck"/>
				<string name="TypHL" value="Hull"/>
				<string name="UnitName" value="Scharnhorst"/>
			</object>
			<object name="Sc5">
				<integer name="Country" value="5"/>
				<float name="ER" value="1000"/>
				<string name="Hull" value="Scharnhorst_Shell"/>
				<string name="Name" value="Dummy5"/>
				<string name="TypHL" value="Hull"/>
				<string name="UnitName" value="Scharnhorst"/>
			</object>
			<object name="Sc6">
				<integer name="Country" value="5"/>
				<float name="ER" value="1000"/>
				<string name="Hull" value="Scharnhorst_Shell"/>
				<string name="Name" value="Dummy6"/>
				<string name="TypHL" value="Hull"/>
				<string name="UnitName" value="Scharnhorst"/>
			</object>
		</object>
		<object name="Hulls">
			<object name="Scharnhorst_AB1LowerDeck">
				<integer name="Back" value="180"/>
				<integer name="Bottom" value="45"/>
				<integer name="Country" value="5"/>
				<float name="ExplProb" value="0"/>
				<float name="FireProb" value="0"/>
				<integer name="Front" value="60"/>
				<integer name="Left" value="60"/>
				<string name="Material" value="Wh"/>
				<integer name="Right" value="60"/>
				<integer name="Top" value="20"/>
				<integer name="UnitName" value="0"/>
				<string name="UnitTyp" value="Ship"/>
			</object>
			<object name="Scharnhorst_AB1MiddleDeck">
				<integer name="Back" value="220"/>
				<integer name="Bottom" value="45"/>
				<integer name="Country" value="5"/>
				<float name="ExplProb" value="0"/>
				<float name="FireProb" value="0"/>
				<integer name="Front" value="60"/>
				<integer name="Left" value="60"/>
				<string name="Material" value="Wh"/>
				<integer name="Right" value="60"/>
				<integer name="Top" value="60"/>
				<integer name="UnitName" value="0"/>
				<string name="UnitTyp" value="Ship"/>
			</object>
			<object name="Scharnhorst_AB1UpperDeck">
				<integer name="Back" value="145"/>
				<integer name="Bottom" value="60"/>
				<integer name="Country" value="5"/>
				<float name="ExplProb" value="0"/>
				<float name="FireProb" value="0"/>
				<integer name="Front" value="60"/>
				<integer name="Left" value="60"/>
				<string name="Material" value="Wh"/>
				<integer name="Right" value="60"/>
				<integer name="Top" value="50"/>
				<integer name="UnitName" value="0"/>
				<string name="UnitTyp" value="Ship"/>
			</object>
			<object name="Scharnhorst_ABLHBelt">
				<integer name="Back" value="1"/>
				<integer name="Bottom" value="1"/>
				<integer name="Country" value="5"/>
				<float name="ExplProb" value="0"/>
				<float name="FireProb" value="0"/>
				<integer name="Front" value="1"/>
				<integer name="Left" value="145"/>
				<string name="Material" value="Kcn/A"/>
				<integer name="Right" value="145"/>
				<integer name="Top" value="145"/>
				<integer name="UnitName" value="0"/>
				<string name="UnitTyp" value="Ship"/>
			</object>
			<object name="Scharnhorst_ABLLBelt">
				<integer name="Back" value="1"/>
				<integer name="Bottom" value="45"/>
				<integer name="Country" value="5"/>
				<float name="ExplProb" value="0"/>
				<float name="FireProb" value="0"/>
				<integer name="Front" value="1"/>
				<integer name="Left" value="260"/>
				<string name="Material" value="Kcn/A"/>
				<integer name="Right" value="260"/>
				<integer name="Top" value="260"/>
				<integer name="UnitName" value="0"/>
				<string name="UnitTyp" value="Ship"/>
			</object>
			<object name="Scharnhorst_ABLMBelt">
				<integer name="Back" value="1"/>
				<integer name="Bottom" value="1"/>
				<integer name="Country" value="5"/>
				<float name="ExplProb" value="0"/>
				<float name="FireProb" value="0"/>
				<integer name="Front" value="1"/>
				<integer name="Left" value="320"/>
				<string name="Material" value="Kcn/A"/>
				<integer name="Right" value="320"/>
				<integer name="Top" value="320"/>
				<integer name="UnitName" value="0"/>
				<string name="UnitTyp" value="Ship"/>
			</object>
			<object name="Scharnhorst_ABLowerDeck">
				<integer name="Back" value="1"/>
				<integer name="Bottom" value="45"/>
				<integer name="Country" value="5"/>
				<float name="ExplProb" value="0"/>
				<float name="FireProb" value="0"/>
				<integer name="Front" value="190"/>
				<integer name="Left" value="145"/>
				<string name="Material" value="Wh"/>
				<integer name="Right" value="145"/>
				<integer name="Top" value="100"/>
				<integer name="UnitName" value="0"/>
				<string name="UnitTyp" value="Ship"/>
			</object>
			<object name="Scharnhorst_ABMiddleDeck">
				<integer name="Back" value="1"/>
				<integer name="Bottom" value="100"/>
				<integer name="Country" value="5"/>
				<float name="ExplProb" value="0"/>
				<float name="FireProb" value="0"/>
				<integer name="Front" value="220"/>
				<integer name="Left" value="320"/>
				<string name="Material" value="Wh"/>
				<integer name="Right" value="320"/>
				<integer name="Top" value="100"/>
				<integer name="UnitName" value="0"/>
				<string name="UnitTyp" value="Ship"/>
			</object>
			<object name="Scharnhorst_ABRHBelt">
				<integer name="Back" value="0"/>
				<integer name="Bottom" value="1"/>
				<integer name="Country" value="5"/>
				<float name="ExplProb" value="0"/>
				<float name="FireProb" value="0"/>
				<integer name="Front" value="0"/>
				<integer name="Left" value="145"/>
				<string name="Material" value="Kcn/A"/>
				<integer name="Right" value="145"/>
				<integer name="Top" value="145"/>
				<integer name="UnitName" value="0"/>
				<string name="UnitTyp" value="Ship"/>
			</object>
			<object name="Scharnhorst_ABRLBelt">
				<integer name="Back" value="1"/>
				<integer name="Bottom" value="45"/>
				<integer name="Country" value="5"/>
				<float name="ExplProb" value="0"/>
				<float name="FireProb" value="0"/>
				<integer name="Front" value="1"/>
				<integer name="Left" value="260"/>
				<string name="Material" value="Kcn/A"/>
				<integer name="Right" value="260"/>
				<integer name="Top" value="260"/>
				<integer name="UnitName" value="0"/>
				<string name="UnitTyp" value="Ship"/>
			</object>
			<object name="Scharnhorst_ABRMBelt">
				<integer name="Back" value="1"/>
				<integer name="Bottom" value="1"/>
				<integer name="Country" value="5"/>
				<float name="ExplProb" value="0"/>
				<float name="FireProb" value="0"/>
				<integer name="Front" value="1"/>
				<integer name="Left" value="320"/>
				<string name="Material" value="Kcn/A"/>
				<integer name="Right" value="320"/>
				<integer name="Top" value="320"/>
				<integer name="UnitName" value="0"/>
				<string name="UnitTyp" value="Ship"/>
			</object>
			<object name="Scharnhorst_ABUpperDeck">
				<integer name="Back" value="1"/>
				<integer name="Bottom" value="1"/>
				<integer name="Country" value="5"/>
				<float name="ExplProb" value="0"/>
				<float name="FireProb" value="0"/>
				<integer name="Front" value="145"/>
				<integer name="Left" value="145"/>
				<string name="Material" value="Wh"/>
				<integer name="Right" value="145"/>
				<integer name="Top" value="50"/>
				<integer name="UnitName" value="0"/>
				<string name="UnitTyp" value="Ship"/>
			</object>
			<object name="Scharnhorst_AmmoStore">
				<integer name="Back" value="30"/>
				<integer name="Bottom" value="40"/>
				<integer name="Country" value="5"/>
				<float name="ExplProb" value="0"/>
				<float name="FireProb" value="0"/>
				<integer name="Front" value="30"/>
				<integer name="Left" value="30"/>
				<string name="Material" value="Armored"/>
				<integer name="Right" value="30"/>
				<integer name="Top" value="40"/>
				<integer name="UnitName" value="0"/>
				<string name="UnitTyp" value="Ship"/>
			</object>
			<object name="Scharnhorst_AMP">
				<integer name="Back" value="77"/>
				<integer name="Bottom" value="77"/>
				<integer name="Country" value="5"/>
				<float name="ExplProb" value="0"/>
				<float name="FireProb" value="0"/>
				<integer name="Front" value="77"/>
				<integer name="Left" value="77"/>
				<string name="Material" value="Armored"/>
				<integer name="Right" value="77"/>
				<integer name="Top" value="110"/>
				<integer name="UnitName" value="0"/>
				<string name="UnitTyp" value="Ship"/>
			</object>
			<object name="Scharnhorst_ArmorDeck">
				<integer name="Back" value="145"/>
				<integer name="Bottom" value="1"/>
				<integer name="Country" value="5"/>
				<float name="ExplProb" value="0"/>
				<float name="FireProb" value="0"/>
				<integer name="Front" value="145"/>
				<integer name="Left" value="145"/>
				<string name="Material" value="Wh"/>
				<integer name="Right" value="145"/>
				<integer name="Top" value="100"/>
				<integer name="UnitName" value="0"/>
				<string name="UnitTyp" value="Ship"/>
			</object>
			<object name="Scharnhorst_AS2LowerDeck">
				<integer name="Back" value="150"/>
				<integer name="Bottom" value="45"/>
				<integer name="Country" value="5"/>
				<float name="ExplProb" value="0"/>
				<float name="FireProb" value="0"/>
				<integer name="Front" value="220"/>
				<integer name="Left" value="80"/>
				<string name="Material" value="Wh"/>
				<integer name="Right" value="80"/>
				<integer name="Top" value="110"/>
				<integer name="UnitName" value="0"/>
				<string name="UnitTyp" value="Ship"/>
			</object>
			<object name="Scharnhorst_AS2UpperDeck">
				<integer name="Back" value="45"/>
				<integer name="Bottom" value="45"/>
				<integer name="Country" value="5"/>
				<float name="ExplProb" value="0"/>
				<float name="FireProb" value="0"/>
				<integer name="Front" value="220"/>
				<integer name="Left" value="80"/>
				<string name="Material" value="Wh"/>
				<integer name="Right" value="80"/>
				<integer name="Top" value="50"/>
				<integer name="UnitName" value="0"/>
				<string name="UnitTyp" value="Ship"/>
			</object>
			<object name="Scharnhorst_ASLHBelt">
				<integer name="Back" value="1"/>
				<integer name="Bottom" value="1"/>
				<integer name="Country" value="5"/>
				<float name="ExplProb" value="0"/>
				<float name="FireProb" value="0"/>
				<integer name="Front" value="1"/>
				<integer name="Left" value="145"/>
				<string name="Material" value="Kcn/A"/>
				<integer name="Right" value="145"/>
				<integer name="Top" value="145"/>
				<integer name="UnitName" value="0"/>
				<string name="UnitTyp" value="Ship"/>
			</object>
			<object name="Scharnhorst_ASLLBelt">
				<integer name="Back" value="1"/>
				<integer name="Bottom" value="1"/>
				<integer name="Country" value="5"/>
				<float name="ExplProb" value="0"/>
				<float name="FireProb" value="0"/>
				<integer name="Front" value="1"/>
				<integer name="Left" value="260"/>
				<string name="Material" value="Kcn/A"/>
				<integer name="Right" value="260"/>
				<integer name="Top" value="260"/>
				<integer name="UnitName" value="0"/>
				<string name="UnitTyp" value="Ship"/>
			</object>
			<object name="Scharnhorst_ASLMBelt">
				<integer name="Back" value="1"/>
				<integer name="Bottom" value="1"/>
				<integer name="Country" value="5"/>
				<float name="ExplProb" value="0"/>
				<float name="FireProb" value="0"/>
				<integer name="Front" value="1"/>
				<integer name="Left" value="320"/>
				<string name="Material" value="Kcn/A"/>
				<integer name="Right" value="320"/>
				<integer name="Top" value="320"/>
				<integer name="UnitName" value="0"/>
				<string name="UnitTyp" value="Ship"/>
			</object>
			<object name="Scharnhorst_ASLowerDeck">
				<integer name="Back" value="200"/>
				<integer name="Bottom" value="45"/>
				<integer name="Country" value="5"/>
				<float name="ExplProb" value="0"/>
				<float name="FireProb" value="0"/>
				<integer name="Front" value="1"/>
				<integer name="Left" value="145"/>
				<string name="Material" value="Wh"/>
				<integer name="Right" value="145"/>
				<integer name="Top" value="110"/>
				<integer name="UnitName" value="0"/>
				<string name="UnitTyp" value="Ship"/>
			</object>
			<object name="Scharnhorst_ASMiddleDeck">
				<integer name="Back" value="180"/>
				<integer name="Bottom" value="110"/>
				<integer name="Country" value="5"/>
				<float name="ExplProb" value="0"/>
				<float name="FireProb" value="0"/>
				<integer name="Front" value="1"/>
				<integer name="Left" value="145"/>
				<string name="Material" value="Wh"/>
				<integer name="Right" value="145"/>
				<integer name="Top" value="100"/>
				<integer name="UnitName" value="0"/>
				<string name="UnitTyp" value="Ship"/>
			</object>
			<object name="Scharnhorst_ASRHBelt">
				<integer name="Back" value="1"/>
				<integer name="Bottom" value="1"/>
				<integer name="Country" value="5"/>
				<float name="ExplProb" value="0"/>
				<float name="FireProb" value="0"/>
				<integer name="Front" value="1"/>
				<integer name="Left" value="145"/>
				<string name="Material" value="Kcn/A"/>
				<integer name="Right" value="145"/>
				<integer name="Top" value="145"/>
				<integer name="UnitName" value="0"/>
				<string name="UnitTyp" value="Ship"/>
			</object>
			<object name="Scharnhorst_ASRLBelt">
				<integer name="Back" value="1"/>
				<integer name="Bottom" value="1"/>
				<integer name="Country" value="5"/>
				<float name="ExplProb" value="0"/>
				<float name="FireProb" value="0"/>
				<integer name="Front" value="1"/>
				<integer name="Left" value="260"/>
				<string name="Material" value="Kcn/A"/>
				<integer name="Right" value="260"/>
				<integer name="Top" value="260"/>
				<integer name="UnitName" value="0"/>
				<string name="UnitTyp" value="Ship"/>
			</object>
			<object name="Scharnhorst_ASRMBelt">
				<integer name="Back" value="1"/>
				<integer name="Bottom" value="1"/>
				<integer name="Country" value="5"/>
				<float name="ExplProb" value="0"/>
				<float name="FireProb" value="0"/>
				<integer name="Front" value="1"/>
				<integer name="Left" value="320"/>
				<string name="Material" value="Kcn/A"/>
				<integer name="Right" value="320"/>
				<integer name="Top" value="320"/>
				<integer name="UnitName" value="0"/>
				<string name="UnitTyp" value="Ship"/>
			</object>
			<object name="Scharnhorst_ASUpperDeck">
				<integer name="Back" value="145"/>
				<integer name="Bottom" value="1"/>
				<integer name="Country" value="5"/>
				<float name="ExplProb" value="0"/>
				<float name="FireProb" value="0"/>
				<integer name="Front" value="1"/>
				<integer name="Left" value="145"/>
				<string name="Material" value="Wh"/>
				<integer name="Right" value="145"/>
				<integer name="Top" value="50"/>
				<integer name="UnitName" value="0"/>
				<string name="UnitTyp" value="Ship"/>
			</object>
			<object name="Scharnhorst_Barbet">
				<integer name="Back" value="340"/>
				<integer name="Bottom" value="70"/>
				<integer name="Country" value="5"/>
				<float name="ExplProb" value="0"/>
				<float name="FireProb" value="0"/>
				<integer name="Front" value="340"/>
				<integer name="Left" value="340"/>
				<string name="Material" value="Kcn/A"/>
				<integer name="Right" value="340"/>
				<integer name="Top" value="220"/>
				<integer name="UnitName" value="0"/>
				<string name="UnitTyp" value="Ship"/>
			</object>
			<object name="Scharnhorst_BattleCabine">
				<integer name="Back" value="200"/>
				<integer name="Bottom" value="52"/>
				<integer name="Country" value="5"/>
				<float name="ExplProb" value="0"/>
				<float name="FireProb" value="0"/>
				<integer name="Front" value="350"/>
				<integer name="Left" value="220"/>
				<string name="Material" value="Kcn/A"/>
				<integer name="Right" value="220"/>
				<integer name="Top" value="100"/>
				<integer name="UnitName" value="0"/>
				<string name="UnitTyp" value="Ship"/>
			</object>
			<object name="Scharnhorst_Boiler">
				<integer name="Back" value="80"/>
				<integer name="Bottom" value="80"/>
				<integer name="Country" value="5"/>
				<float name="ExplProb" value="80"/>
				<float name="FireProb" value="40"/>
				<integer name="Front" value="80"/>
				<integer name="Left" value="80"/>
				<string name="Material" value="Steel"/>
				<integer name="Right" value="80"/>
				<integer name="Top" value="80"/>
				<integer name="UnitName" value="0"/>
				<string name="UnitTyp" value="Ship"/>
			</object>
			<object name="Scharnhorst_BoilerHull">
				<integer name="Back" value="80"/>
				<integer name="Bottom" value="80"/>
				<integer name="Country" value="5"/>
				<float name="ExplProb" value="0"/>
				<float name="FireProb" value="40"/>
				<integer name="Front" value="80"/>
				<integer name="Left" value="80"/>
				<string name="Material" value="Steel"/>
				<integer name="Right" value="80"/>
				<integer name="Top" value="80"/>
				<integer name="UnitName" value="0"/>
				<string name="UnitTyp" value="Ship"/>
			</object>
			<object name="Scharnhorst_Bottom">
				<integer name="Back" value="60"/>
				<integer name="Bottom" value="45"/>
				<integer name="Country" value="5"/>
				<float name="ExplProb" value="0"/>
				<float name="FireProb" value="0"/>
				<integer name="Front" value="80"/>
				<integer name="Left" value="45"/>
				<string name="Material" value="Steel"/>
				<integer name="Right" value="45"/>
				<integer name="Top" value="3"/>
				<integer name="UnitName" value="0"/>
				<string name="UnitTyp" value="Ship"/>
			</object>
			<object name="Scharnhorst_Engine">
				<integer name="Back" value="80"/>
				<integer name="Bottom" value="80"/>
				<integer name="Country" value="5"/>
				<float name="ExplProb" value="0"/>
				<float name="FireProb" value="30"/>
				<integer name="Front" value="80"/>
				<integer name="Left" value="80"/>
				<string name="Material" value="Steel"/>
				<integer name="Right" value="80"/>
				<integer name="Top" value="80"/>
				<integer name="UnitName" value="0"/>
				<string name="UnitTyp" value="Ship"/>
			</object>
			<object name="Scharnhorst_LHBelt">
				<integer name="Back" value="1"/>
				<integer name="Bottom" value="1"/>
				<integer name="Country" value="5"/>
				<float name="ExplProb" value="0"/>
				<float name="FireProb" value="0"/>
				<integer name="Front" value="1"/>
				<integer name="Left" value="145"/>
				<string name="Material" value="Kcn/A"/>
				<integer name="Right" value="145"/>
				<integer name="Top" value="145"/>
				<integer name="UnitName" value="0"/>
				<string name="UnitTyp" value="Ship"/>
			</object>
			<object name="Scharnhorst_LLBelt">
				<integer name="Back" value="1"/>
				<integer name="Bottom" value="45"/>
				<integer name="Country" value="5"/>
				<float name="ExplProb" value="0"/>
				<float name="FireProb" value="0"/>
				<integer name="Front" value="1"/>
				<integer name="Left" value="260"/>
				<string name="Material" value="Kcn/A"/>
				<integer name="Right" value="260"/>
				<integer name="Top" value="260"/>
				<integer name="UnitName" value="0"/>
				<string name="UnitTyp" value="Ship"/>
			</object>
			<object name="Scharnhorst_LMBelt">
				<integer name="Back" value="1"/>
				<integer name="Bottom" value="1"/>
				<integer name="Country" value="5"/>
				<float name="ExplProb" value="0"/>
				<float name="FireProb" value="0"/>
				<integer name="Front" value="1"/>
				<integer name="Left" value="320"/>
				<string name="Material" value="Kcn/A"/>
				<integer name="Right" value="320"/>
				<integer name="Top" value="320"/>
				<integer name="UnitName" value="0"/>
				<string name="UnitTyp" value="Ship"/>
			</object>
			<object name="Scharnhorst_MiddleDeck">
				<integer name="Back" value="1"/>
				<integer name="Bottom" value="100"/>
				<integer name="Country" value="5"/>
				<float name="ExplProb" value="0"/>
				<float name="FireProb" value="0"/>
				<integer name="Front" value="1"/>
				<integer name="Left" value="145"/>
				<string name="Material" value="Wh"/>
				<integer name="Right" value="145"/>
				<integer name="Top" value="100"/>
				<integer name="UnitName" value="0"/>
				<string name="UnitTyp" value="Ship"/>
			</object>
			<object name="Scharnhorst_MTOHull">
				<integer name="Back" value="150"/>
				<integer name="Bottom" value="100"/>
				<integer name="Country" value="5"/>
				<float name="ExplProb" value="0"/>
				<float name="FireProb" value="20"/>
				<integer name="Front" value="150"/>
				<integer name="Left" value="150"/>
				<string name="Material" value="Armored"/>
				<integer name="Right" value="150"/>
				<integer name="Top" value="150"/>
				<integer name="UnitName" value="0"/>
				<string name="UnitTyp" value="Ship"/>
			</object>
			<object name="Scharnhorst_RHBelt">
				<integer name="Back" value="1"/>
				<integer name="Bottom" value="1"/>
				<integer name="Country" value="5"/>
				<float name="ExplProb" value="0"/>
				<float name="FireProb" value="0"/>
				<integer name="Front" value="1"/>
				<integer name="Left" value="145"/>
				<string name="Material" value="Kcn/A"/>
				<integer name="Right" value="145"/>
				<integer name="Top" value="145"/>
				<integer name="UnitName" value="0"/>
				<string name="UnitTyp" value="Ship"/>
			</object>
			<object name="Scharnhorst_RLBelt">
				<integer name="Back" value="1"/>
				<integer name="Bottom" value="45"/>
				<integer name="Country" value="5"/>
				<float name="ExplProb" value="0"/>
				<float name="FireProb" value="0"/>
				<integer name="Front" value="1"/>
				<integer name="Left" value="260"/>
				<string name="Material" value="Kcn/A"/>
				<integer name="Right" value="260"/>
				<integer name="Top" value="260"/>
				<integer name="UnitName" value="0"/>
				<string name="UnitTyp" value="Ship"/>
			</object>
			<object name="Scharnhorst_RMBelt">
				<integer name="Back" value="1"/>
				<integer name="Bottom" value="1"/>
				<integer name="Country" value="5"/>
				<float name="ExplProb" value="0"/>
				<float name="FireProb" value="0"/>
				<integer name="Front" value="1"/>
				<integer name="Left" value="320"/>
				<string name="Material" value="Kcn/A"/>
				<integer name="Right" value="320"/>
				<integer name="Top" value="320"/>
				<integer name="UnitName" value="0"/>
				<string name="UnitTyp" value="Ship"/>
			</object>
			<object name="Scharnhorst_Shell">
				<integer name="Back" value="320"/>
				<integer name="Bottom" value="320"/>
				<integer name="Country" value="5"/>
				<float name="ExplProb" value="0"/>
				<float name="FireProb" value="0"/>
				<integer name="Front" value="320"/>
				<integer name="Left" value="320"/>
				<string name="Material" value="Armored"/>
				<integer name="Right" value="320"/>
				<integer name="Top" value="100"/>
				<integer name="UnitName" value="0"/>
				<string name="UnitTyp" value="Ship"/>
			</object>
			<object name="Scharnhorst_Tiller">
				<integer name="Back" value="110"/>
				<integer name="Bottom" value="150"/>
				<integer name="Country" value="5"/>
				<float name="ExplProb" value="0"/>
				<float name="FireProb" value="0"/>
				<integer name="Front" value="110"/>
				<integer name="Left" value="150"/>
				<string name="Material" value="Armored"/>
				<integer name="Right" value="110"/>
				<integer name="Top" value="110"/>
				<integer name="UnitName" value="0"/>
				<string name="UnitTyp" value="Ship"/>
			</object>
			<object name="Scharnhorst_UpperDeck">
				<integer name="Back" value="1"/>
				<integer name="Bottom" value="1"/>
				<integer name="Country" value="5"/>
				<float name="ExplProb" value="0"/>
				<float name="FireProb" value="0"/>
				<integer name="Front" value="1"/>
				<integer name="Left" value="145"/>
				<string name="Material" value="Wh"/>
				<integer name="Right" value="145"/>
				<integer name="Top" value="50"/>
				<integer name="UnitName" value="0"/>
				<string name="UnitTyp" value="Ship"/>
			</object>
		</object>			
		<object name="Ships">
			<object name="Scharnhorst">
				<float name="AccelRate" value="1.e-004"/>
				<string name="Airgroup" value="Scout_ShipWater_Battleship_Battalion_germany"/>
				<integer name="AirplanesCount" value="3"/>
				<string name="AmmoLoadingTemplate" value="Ammo 300"/>
				<boolean name="BoatsTransportationAbility" value="false"/>
				<integer name="CabinArmor" value="533"/>
				<boolean name="CanBeChanged" value="true"/>
				<boolean name="CanUseTorpedos" value="true"/>
				<string name="CatapultAirgroupDefaultUnit" value="Ar196"/>
				<integer name="Country" value="5"/>
				<integer name="Crew" value="1968"/>
				<float name="CriticalCareen" value="37."/>
				<float name="CriticalDFT" value="4.5"/>
				<float name="CriticalDifferent" value="5."/>
				<float name="DisplacementMax" value="38100."/>
				<float name="DTimeProd" value="160."/>
				<float name="EPR" value="630."/>
				<float name="FireRisk" value="1667."/>
				<float name="Fuel" value="6200."/>
				<float name="HLShapeCoef" value="0.6"/>
				<integer name="HullArmorSide" value="310"/>
				<integer name="HullArmorTop" value="265"/>
				<float name="Iron" value="48300."/>
				<integer name="Length" value="235.4"/>
				<float name="MaxSpeed" value="33."/>
				<integer name="MinCrew" value="960"/>
				<float name="Money" value="42000."/>
				<string name="Name" value="Scharnhorst"/>
				<boolean name="New" value="true"/>
				<float name="NTimeProd" value="400."/>
				<integer name="Nuc_Dest_Prob" value="300"/>
				<integer name="Passengers" value="70"/>
				<boolean name="PlanesTransportationAbility" value="false"/>
				<float name="Range" value="18700."/>
				<integer name="Rank" value="2"/>
				<string name="SMU" value="Scharnhorst"/>
				<float name="Speed" value="19."/>
				<float name="StoreCapacity" value="1600."/>
				<boolean name="Transportable" value="false"/>
				<float name="TurnRate" value="1.4e-003"/>
				<integer name="Type" value="1"/>
				<float name="Vitality" value="8400."/>
				<float name="VitalityAA" value="3500."/>
				<float name="Weight" value="36108."/>
				<integer name="Width" value="30"/>
				<integer name="Year" value="39"/>
			</object>
		</object>
		<object name="ShipsNames">
			<object name="Scharnhorst">
				<string name="1" value="Scharnhorst"/>
			</object>
		</object>
		<object name="UnitsByType">
			<object name="1">
				<object name="Scharnhorst">
					<string name="ChildTable" value="Ships"/>
				</object>
			</object>
		</object>
	</object>
</root>
