﻿<?xml version="1.0" standalone="yes" ?>
<root>
	<object name="Prototypes">
		<object name="Ships">
			<object name="Leander">
				<object name="Slots">
					<object name="TPort_MG01">
						<object name="SubSlots">
							<object name="TPort_MG02">
								<integer name="icon_x" value="480"/>
								<integer name="icon_y" value="21"/>
							</object>
							<object name="TPort_MG03">
								<integer name="icon_x" value="249"/>
								<integer name="icon_y" value="85"/>
							</object>
							<object name="TPort_MG04">
								<integer name="icon_x" value="249"/>
								<integer name="icon_y" value="85"/>
							</object>
						</object>
						<integer name="icon_x" value="161"/>
						<integer name="icon_y" value="15"/>
					</object>
					<object name="TPort_TORPFR">
						<object name="SubSlots">
							<object name="TPort_TORPFL">
								<object name="SubSlots"/>
								<integer name="icon_x" value="272"/>
								<integer name="icon_y" value="16"/>
							</object>
						</object>
						<integer name="icon_x" value="498"/>
						<integer name="icon_y" value="15"/>
					</object>
					<object name="TPort_AAQ20mmFR">
						<object name="SubSlots">
							<object name="TPort_AAQ20mmFL">
								<object name="SubSlots"/>
								<integer name="icon_x" value="420"/>
								<integer name="icon_y" value="191"/>
							</object>
						</object>
						<integer name="icon_x" value="22"/>
						<integer name="icon_y" value="91"/>
					</object>
					<object name="TPort_102mmFR">
						<object name="SubSlots">
							<object name="TPort_102mmFL">
								<object name="SubSlots"/>
								<integer name="icon_x" value="539"/>
								<integer name="icon_y" value="16"/>
							</object>
							<object name="TPort_102mmBR">
								<integer name="icon_x" value="3"/>
								<integer name="icon_y" value="126"/>
							</object>
							<object name="TPort_102mmBL">
								<integer name="icon_x" value="3"/>
								<integer name="icon_y" value="126"/>
							</object>
						</object>
						<integer name="icon_x" value="161"/>
						<integer name="icon_y" value="91"/>
					</object>
					<object name="TPort_AA20mmFR">
						<object name="SubSlots">
							<object name="TPort_AA20mmFL">
								<object name="SubSlots"/>
								<integer name="icon_x" value="225"/>
								<integer name="icon_y" value="119"/>
							</object>
							<object name="TPort_AA20mmMR">
								<integer name="icon_x" value="255"/>
								<integer name="icon_y" value="331"/>
							</object>
							<object name="TPort_AA20mmML">
								<integer name="icon_x" value="310"/>
								<integer name="icon_y" value="335"/>
							</object>
							<object name="TPort_AA20mmBR">
								<integer name="icon_x" value="378"/>
								<integer name="icon_y" value="337"/>
							</object>
							<object name="TPort_AA20mmBL">
								<object name="SubSlots"/>
								<integer name="icon_x" value="110"/>
								<integer name="icon_y" value="22"/>
							</object>
						</object>
						<integer name="icon_x" value="275"/>
						<integer name="icon_y" value="91"/>
					</object>
					<object name="TPort_4x40mmBR">
						<object name="SubSlots">
							<object name="TPort_4x40mmBL">
								<integer name="icon_x" value="58"/>
								<integer name="icon_y" value="190"/>
							</object>
						</object>
						<integer name="icon_x" value="395"/>
						<integer name="icon_y" value="91"/>
					</object>

					<object name="TPort_RF01F">
						<integer name="icon_x" value="200"/>
						<integer name="icon_y" value="185"/>
					</object>
					<object name="TPort_RF02B">
						<integer name="icon_x" value="300"/>
						<integer name="icon_y" value="185"/>
					</object>
					<object name="TPort_RADAR1">
						<integer name="icon_x" value="180"/>
						<integer name="icon_y" value="260"/>
					</object>
					<object name="TPort_KATAPULT">
						<integer name="icon_x" value="372"/>
						<integer name="icon_y" value="258"/>
					</object>
					<object name="ZPort_AAGunContr1">
						<integer name="icon_x" value="150"/>
						<integer name="icon_y" value="220"/>
					</object>
					<object name="ZPort_Bridge">
						<integer name="icon_x" value="44"/>
						<integer name="icon_y" value="3"/>
					</object>
					<object name="ZPort_FuelTank">
						<integer name="icon_x" value="85"/>
						<integer name="icon_y" value="3"/>
					</object>
					<object name="ZPort_Jammer_JS_A">
						<integer name="icon_x" value="126"/>
						<integer name="icon_y" value="275"/>
					</object>
					<object name="ZPort_Jammer_US_A1">
						<integer name="icon_x" value="554"/>
						<integer name="icon_y" value="277"/>
					</object>
					<object name="ZPort_MainGunContr">
						<integer name="icon_x" value="14"/>
						<integer name="icon_y" value="275"/>
					</object>
					<object name="ZPort_Radio">
						<integer name="icon_x" value="100"/>
						<integer name="icon_y" value="275"/>
					</object>
					<object name="ZPort_Rudder">
						<integer name="icon_x" value="290"/>
						<integer name="icon_y" value="3"/>
					</object>
					<object name="ZPort_Sonar">
						<integer name="icon_x" value="555"/>
						<integer name="icon_y" value="340"/>
					</object>
					<object name="ZPort_Sonar1">
						<integer name="icon_x" value="500"/>
						<integer name="icon_y" value="340"/>
					</object>
					<object name="ZPort_SteamTurbine_01">
						<integer name="icon_x" value="279"/>
						<integer name="icon_y" value="348"/>
					</object>
				</object>
			</object>
		</object>
	</object>
</root>