﻿<?xml version="1.0" standalone="yes" ?>
<root>
	<object name="SteelMonstersParams">
		<object name="Hit_Location">
			<object name="5188">
				<integer name="Country" value="3"/>
				<float name="ER" value="100."/>
				<string name="Hull" value="Std_DDBarbet"/>
				<string name="Name" value="Ammostore1"/>
				<string name="TypHL" value="AmmoStore"/>
				<string name="UnitName" value="Tribal"/>
			</object>
			<object name="5189">
				<integer name="Country" value="3"/>
				<float name="ER" value="100."/>
				<string name="Hull" value="Std_DDBarbet"/>
				<string name="Name" value="Ammostore3"/>
				<string name="TypHL" value="AmmoStore"/>
				<string name="UnitName" value="Tribal"/>
			</object>
			<object name="5190">
				<integer name="Country" value="3"/>
				<float name="ER" value="100."/>
				<string name="Hull" value="Std_DDHull"/>
				<string name="Name" value="BattleCabine"/>
				<string name="TypHL" value="Hull"/>
				<string name="UnitName" value="Tribal"/>
			</object>
			<object name="5191">
				<integer name="Country" value="3"/>
				<float name="ER" value="50."/>
				<string name="Hull" value="Std_Probe"/>
				<string name="Name" value="Radio"/>
				<string name="TypHL" value="Probe"/>
				<string name="UnitName" value="Tribal"/>
			</object>
			<object name="5192">
				<integer name="Country" value="3"/>
				<float name="ER" value="50."/>
				<string name="Hull" value="Std_Probe"/>
				<string name="Name" value="Radar"/>
				<string name="TypHL" value="Probe"/>
				<string name="UnitName" value="Tribal"/>
			</object>
			<object name="5193">
				<integer name="Country" value="3"/>
				<float name="ER" value="50."/>
				<string name="Hull" value="Std_Probe"/>
				<string name="Name" value="Probe_MG"/>
				<string name="TypHL" value="Probe"/>
				<string name="UnitName" value="Tribal"/>
			</object>
			<object name="5194">
				<integer name="Country" value="3"/>
				<float name="ER" value="50."/>
				<string name="Hull" value="Std_Probe"/>
				<string name="Name" value="Probe_AA"/>
				<string name="TypHL" value="Probe"/>
				<string name="UnitName" value="Tribal"/>
			</object>
			<object name="5195">
				<integer name="Country" value="3"/>
				<float name="ER" value="100."/>
				<string name="Hull" value="Std_DDBarbet"/>
				<string name="Name" value="Ammostore4"/>
				<string name="TypHL" value="AmmoStore"/>
				<string name="UnitName" value="Tribal"/>
			</object>
			<object name="5196">
				<string name="ConnectName" value="Engine2"/>
				<integer name="Country" value="3"/>
				<float name="ER" value="80."/>
				<string name="Hull" value="Std_Mover"/>
				<string name="Name" value="Mover2"/>
				<string name="TypHL" value="Mover"/>
				<string name="UnitName" value="Tribal"/>
			</object>
			<object name="5197">
				<string name="ConnectName" value="Engine1"/>
				<integer name="Country" value="3"/>
				<float name="ER" value="80."/>
				<string name="Hull" value="Std_Mover"/>
				<string name="Name" value="Mover1"/>
				<string name="TypHL" value="Mover"/>
				<string name="UnitName" value="Tribal"/>
			</object>
			<object name="5198">
				<string name="ConnectName" value="Tiller"/>
				<integer name="Country" value="3"/>
				<float name="ER" value="80."/>
				<string name="Hull" value="Std_Rudder"/>
				<string name="Name" value="Rudder"/>
				<string name="TypHL" value="Rudder"/>
				<string name="UnitName" value="Tribal"/>
			</object>
			<object name="5199">
				<integer name="Country" value="3"/>
				<float name="ER" value="100."/>
				<string name="Hull" value="Std_DDBarbet"/>
				<string name="Name" value="Ammostore2"/>
				<string name="TypHL" value="AmmoStore"/>
				<string name="UnitName" value="Tribal"/>
			</object>
			<object name="5200">
				<integer name="Country" value="3"/>
				<integer name="Crew" value="100"/>
				<float name="ER" value="100."/>
				<string name="Hull" value="Std_DDUpperHull"/>
				<string name="Name" value="Bow_Superstructure"/>
				<string name="TypHL" value="Crew"/>
				<string name="UnitName" value="Tribal"/>
			</object>
			<object name="5201">
				<integer name="Country" value="3"/>
				<integer name="Crew" value="100"/>
				<float name="ER" value="100."/>
				<string name="Hull" value="Std_DDUpperHull"/>
				<string name="Name" value="Stern_SuperStructure"/>
				<string name="TypHL" value="Crew"/>
				<string name="UnitName" value="Tribal"/>
			</object>
			<object name="5202">
				<integer name="Country" value="3"/>
				<float name="ER" value="100."/>
				<string name="Hull" value="Std_DDHull"/>
				<string name="Name" value="Middle2_Deck1"/>
				<string name="TypHL" value="Hull"/>
				<string name="UnitName" value="Tribal"/>
			</object>
			<object name="5203">
				<integer name="Country" value="3"/>
				<float name="ER" value="100."/>
				<string name="Hull" value="Std_Boiler"/>
				<string name="Name" value="Boiler1"/>
				<string name="TypHL" value="Boiler"/>
				<string name="UnitName" value="Tribal"/>
			</object>
			<object name="5204">
				<integer name="Country" value="3"/>
				<float name="ER" value="100."/>
				<string name="Hull" value="Std_Boiler"/>
				<string name="Name" value="Boiler2"/>
				<string name="TypHL" value="Boiler"/>
				<string name="UnitName" value="Tribal"/>
			</object>
			<object name="5205">
				<integer name="Country" value="3"/>
				<float name="ER" value="100."/>
				<string name="Hull" value="Std_DDHull"/>
				<string name="Name" value="Middle2_Deck2"/>
				<string name="TypHL" value="Hull"/>
				<string name="UnitName" value="Tribal"/>
			</object>
			<object name="5206">
				<integer name="Country" value="3"/>
				<float name="ER" value="100."/>
				<string name="Hull" value="Std_Boiler"/>
				<string name="Name" value="Boiler3"/>
				<string name="TypHL" value="Boiler"/>
				<string name="UnitName" value="Tribal"/>
			</object>
			<object name="5207">
				<integer name="Country" value="3"/>
				<float name="ER" value="100."/>
				<string name="Hull" value="Std_DDBottom"/>
				<string name="Name" value="Middle2_Bottom2"/>
				<string name="TypHL" value="Hull"/>
				<string name="UnitName" value="Tribal"/>
			</object>
			<object name="5208">
				<integer name="Country" value="3"/>
				<float name="ER" value="100."/>
				<string name="Hull" value="Std_DDBottom"/>
				<string name="Name" value="Middle2_Bottom1"/>
				<string name="TypHL" value="Hull"/>
				<string name="UnitName" value="Tribal"/>
			</object>
			<object name="5209">
				<integer name="Country" value="3"/>
				<float name="ER" value="100."/>
				<string name="Hull" value="Std_DDHull"/>
				<string name="Name" value="Middle3_UpperDeck"/>
				<string name="TypHL" value="Hull"/>
				<string name="UnitName" value="Tribal"/>
			</object>
			<object name="5210">
				<integer name="Country" value="3"/>
				<float name="ER" value="100."/>
				<string name="Hull" value="Std_DDAmmoStore"/>
				<string name="Name" value="Middle3_TAS"/>
				<string name="TypHL" value="AmmoStore"/>
				<string name="UnitName" value="Tribal"/>
			</object>
			<object name="5211">
				<integer name="Country" value="3"/>
				<float name="ER" value="100."/>
				<string name="Hull" value="Std_DDHull"/>
				<string name="Name" value="Middle3_LowerDeck"/>
				<string name="TypHL" value="Hull"/>
				<string name="UnitName" value="Tribal"/>
			</object>
			<object name="5212">
				<string name="ConnectName" value="Boiler1;Boiler2;Boiler3"/>
				<integer name="Country" value="3"/>
				<float name="ER" value="100."/>
				<string name="Hull" value="Std_Engine"/>
				<string name="Name" value="Engine1"/>
				<string name="TypHL" value="Engine"/>
				<string name="UnitName" value="Tribal"/>
			</object>
			<object name="5213">
				<string name="ConnectName" value="Boiler1;Boiler2;Boiler3"/>
				<integer name="Country" value="3"/>
				<float name="ER" value="100."/>
				<string name="Hull" value="Std_Engine"/>
				<string name="Name" value="Engine2"/>
				<string name="TypHL" value="Engine"/>
				<string name="UnitName" value="Tribal"/>
			</object>
			<object name="5214">
				<integer name="Country" value="3"/>
				<float name="ER" value="100."/>
				<string name="Hull" value="Std_DDBottom"/>
				<string name="Name" value="Middle3_Bottom"/>
				<string name="TypHL" value="Hull"/>
				<string name="UnitName" value="Tribal"/>
			</object>
			<object name="5215">
				<integer name="Country" value="3"/>
				<float name="ER" value="100."/>
				<string name="Hull" value="Std_DDBottom"/>
				<string name="Name" value="Stern1_Bottom"/>
				<string name="TypHL" value="Hull"/>
				<string name="UnitName" value="Tribal"/>
			</object>
			<object name="5216">
				<integer name="Country" value="3"/>
				<float name="ER" value="100."/>
				<string name="Hull" value="Std_DDHull"/>
				<string name="Name" value="Stern1_LowerDeck"/>
				<string name="TypHL" value="Hull"/>
				<string name="UnitName" value="Tribal"/>
			</object>
			<object name="5217">
				<integer name="Country" value="3"/>
				<float name="ER" value="100."/>
				<string name="Hull" value="Std_DDHull"/>
				<string name="Name" value="Stern1_UpperDeck"/>
				<string name="TypHL" value="Hull"/>
				<string name="UnitName" value="Tribal"/>
			</object>
			<object name="5218">
				<integer name="Country" value="3"/>
				<float name="ER" value="100."/>
				<string name="Hull" value="Std_DDHull"/>
				<string name="Name" value="Middle1_LowerDeck"/>
				<string name="TypHL" value="Hull"/>
				<string name="UnitName" value="Tribal"/>
			</object>
			<object name="5219">
				<integer name="Country" value="3"/>
				<float name="ER" value="80."/>
				<string name="Hull" value="Std_FuelTank"/>
				<string name="Name" value="FuelTank2"/>
				<string name="TypHL" value="FuelTank"/>
				<string name="UnitName" value="Tribal"/>
			</object>
			<object name="5220">
				<integer name="Country" value="3"/>
				<float name="ER" value="80."/>
				<string name="Hull" value="Std_FuelTank"/>
				<string name="Name" value="FuelTank1"/>
				<string name="TypHL" value="FuelTank"/>
				<string name="UnitName" value="Tribal"/>
			</object>
			<object name="5221">
				<integer name="Country" value="3"/>
				<float name="ER" value="100."/>
				<string name="Hull" value="Std_DDHull"/>
				<string name="Name" value="Middle1_UpperDeck"/>
				<string name="TypHL" value="Hull"/>
				<string name="UnitName" value="Tribal"/>
			</object>
			<object name="5222">
				<integer name="Country" value="3"/>
				<float name="ER" value="100."/>
				<string name="Hull" value="Std_DDHull"/>
				<string name="Name" value="Middle1_ForeDeck"/>
				<string name="TypHL" value="Hull"/>
				<string name="UnitName" value="Tribal"/>
			</object>
			<object name="5223">
				<integer name="Country" value="3"/>
				<float name="ER" value="100."/>
				<string name="Hull" value="Std_DDBottom"/>
				<string name="Name" value="Middle1_Bottom"/>
				<string name="TypHL" value="Hull"/>
				<string name="UnitName" value="Tribal"/>
			</object>
			<object name="5224">
				<integer name="Country" value="3"/>
				<float name="ER" value="100."/>
				<string name="Hull" value="Std_DDHull"/>
				<string name="Name" value="Bow2_LowerDeck"/>
				<string name="TypHL" value="Hull"/>
				<string name="UnitName" value="Tribal"/>
			</object>
			<object name="5225">
				<integer name="Country" value="3"/>
				<float name="ER" value="50."/>
				<string name="Hull" value="Std_Probe"/>
				<string name="Name" value="Sonar"/>
				<string name="TypHL" value="Probe"/>
				<string name="UnitName" value="Tribal"/>
			</object>
			<object name="5226">
				<integer name="Country" value="3"/>
				<float name="ER" value="100."/>
				<string name="Hull" value="Std_DDHull"/>
				<string name="Name" value="Bow2_MiddleDeck"/>
				<string name="TypHL" value="Hull"/>
				<string name="UnitName" value="Tribal"/>
			</object>
			<object name="5227">
				<integer name="Country" value="3"/>
				<float name="ER" value="100."/>
				<string name="Hull" value="Std_DDHull"/>
				<string name="Name" value="Bow2_ForeDeck"/>
				<string name="TypHL" value="Hull"/>
				<string name="UnitName" value="Tribal"/>
			</object>
			<object name="5228">
				<integer name="Country" value="3"/>
				<float name="ER" value="100."/>
				<string name="Hull" value="Std_DDBottom"/>
				<string name="Name" value="Bow2_Bottom"/>
				<string name="TypHL" value="Hull"/>
				<string name="UnitName" value="Tribal"/>
			</object>
			<object name="5229">
				<integer name="Country" value="3"/>
				<float name="ER" value="50."/>
				<string name="Hull" value="Std_Probe"/>
				<string name="Name" value="Probe_Torpedos"/>
				<string name="TypHL" value="Probe"/>
				<string name="UnitName" value="Tribal"/>
			</object>
			<object name="5230">
				<integer name="Country" value="3"/>
				<float name="ER" value="100."/>
				<string name="Hull" value="Std_DDBottom"/>
				<string name="Name" value="Bow1_Bottom"/>
				<string name="TypHL" value="Hull"/>
				<string name="UnitName" value="Tribal"/>
			</object>
			<object name="5231">
				<integer name="Country" value="3"/>
				<float name="ER" value="100."/>
				<string name="Hull" value="Std_DDHull"/>
				<string name="Name" value="Bow1_LowerDeck"/>
				<string name="TypHL" value="Hull"/>
				<string name="UnitName" value="Tribal"/>
			</object>
			<object name="5232">
				<integer name="Country" value="3"/>
				<float name="ER" value="100."/>
				<string name="Hull" value="Std_DDHull"/>
				<string name="Name" value="Stern2_Deck"/>
				<string name="TypHL" value="Hull"/>
				<string name="UnitName" value="Tribal"/>
			</object>
			<object name="5233">
				<integer name="Country" value="3"/>
				<float name="ER" value="70."/>
				<string name="Hull" value="Std_Tiller"/>
				<string name="Name" value="Tiller"/>
				<string name="TypHL" value="Hull"/>
				<string name="UnitName" value="Tribal"/>
			</object>
			<object name="5234">
				<integer name="Country" value="3"/>
				<float name="ER" value="100."/>
				<string name="Hull" value="Std_DDHull"/>
				<string name="Name" value="Bow1_UpperDeck"/>
				<string name="TypHL" value="Hull"/>
				<string name="UnitName" value="Tribal"/>
			</object>
			<object name="5235">
				<integer name="Country" value="3"/>
				<float name="ER" value="100."/>
				<string name="Hull" value="Std_DDHull"/>
				<string name="Name" value="Bow1_ForeDeck"/>
				<string name="TypHL" value="Hull"/>
				<string name="UnitName" value="Tribal"/>
			</object>
			<object name="5236">
				<integer name="Country" value="3"/>
				<float name="ER" value="50."/>
				<string name="Hull" value="Std_SmokeStack"/>
				<string name="Name" value="Bow_SmokeStack"/>
				<string name="TypHL" value="Hull"/>
				<string name="UnitName" value="Tribal"/>
			</object>
			<object name="5237">
				<integer name="Country" value="3"/>
				<float name="ER" value="50."/>
				<string name="Hull" value="Std_SmokeStack"/>
				<string name="Name" value="Stern_SmokeStack"/>
				<string name="TypHL" value="Hull"/>
				<string name="UnitName" value="Tribal"/>
			</object>
			<object name="7829">
				<integer name="Country" value="3"/>
				<integer name="Crew" value="1"/>
				<float name="ER" value="3.e-002"/>
				<string name="Hull" value="Std_Crew"/>
				<string name="Name" value="Gunner1"/>
				<string name="TypHL" value="Crew"/>
				<string name="UnitName" value="Traibal_Gun_120x2_Base"/>
			</object>
			<object name="7830">
				<integer name="Country" value="3"/>
				<float name="ER" value="100."/>
				<string name="Hull" value="Tribal_Gun"/>
				<string name="Name" value="Turret"/>
				<string name="TypHL" value="AmmoStore"/>
				<string name="UnitName" value="Traibal_Gun_120x2_Base"/>
			</object>
			<object name="7831">
				<integer name="Country" value="3"/>
				<integer name="Crew" value="1"/>
				<float name="ER" value="3.e-002"/>
				<string name="Hull" value="Std_Crew"/>
				<string name="Name" value="Gunner4"/>
				<string name="TypHL" value="Crew"/>
				<string name="UnitName" value="Traibal_Gun_120x2_Base"/>
			</object>
			<object name="7832">
				<integer name="Country" value="3"/>
				<integer name="Crew" value="1"/>
				<float name="ER" value="3.e-002"/>
				<string name="Hull" value="Std_Crew"/>
				<string name="Name" value="Gunner2"/>
				<string name="TypHL" value="Crew"/>
				<string name="UnitName" value="Traibal_Gun_120x2_Base"/>
			</object>
			<object name="7833">
				<integer name="Country" value="3"/>
				<integer name="Crew" value="1"/>
				<float name="ER" value="3.e-002"/>
				<string name="Hull" value="Std_Crew"/>
				<string name="Name" value="Gunner3"/>
				<string name="TypHL" value="Crew"/>
				<string name="UnitName" value="Traibal_Gun_120x2_Base"/>
			</object>
		</object>
		<object name="Hulls">
			<object name="Tribal_Gun">
				<integer name="Back" value="0"/>
				<integer name="Bottom" value="25"/>
				<integer name="Country" value="3"/>
				<float name="ExplProb" value="0."/>
				<float name="FireProb" value="0."/>
				<integer name="Front" value="25"/>
				<integer name="Left" value="25"/>
				<string name="Material" value="Armored"/>
				<integer name="Right" value="25"/>
				<integer name="Top" value="25"/>
				<integer name="UnitName" value="0"/>
				<string name="UnitTyp" value="Turret"/>
			</object>
		</object>
	</object>
</root>
