<?xml version="1.0" standalone="yes" ?>
<root>
	<object name="SteelMonstersParams">
		<object name="Ships">
			<object name="Furious">
				<float name="AccelRate" value="1.5e-003"/>
				<string name="Airgroup" value="AircraftCarrier_Group_Furious_england"/>
				<integer name="AirplanesCount" value="48"/>
				<string name="AmmoLoadingTemplate" value="Ammo 550, uk_torp_avia 50, Torp_UK_Mk13 15, UK_Bat_ASM2_SAR 10, UK_Gargoyle_R 5, UK_Gargoyle_P 5, UK_Gargoyle_SAR 5"/>
				<integer name="Avia" value="2"/>
				<boolean name="BoatsTransportationAbility" value="false"/>
				<integer name="CabinArmor" value="51"/>
				<boolean name="CanBeChanged" value="true"/>
				<boolean name="CanUseTorpedos" value="false"/>
				<integer name="Country" value="3"/>
				<integer name="Crew" value="1218"/>
				<float name="CriticalCareen" value="34."/>
				<float name="CriticalDFT" value="1.2"/>
				<float name="CriticalDifferent" value="2.5"/>
				<float name="DTimeProd" value="130."/>
				<float name="DisplacementMax" value="27165."/>
				<float name="EPR" value="705."/>
				<float name="FireRisk" value="1600."/>
				<float name="Fuel" value="3630."/>
				<float name="HLShapeCoef" value="1."/>
				<integer name="HullArmorSide" value="102"/>
				<integer name="HullArmorTop" value="120"/>
				<float name="Iron" value="30000."/>
				<integer name="Length" value="239.7"/>
				<float name="MaxSpeed" value="30."/>
				<integer name="MinCrew" value="800"/>
				<float name="Money" value="35000."/>
				<float name="NTimeProd" value="325."/>
				<string name="Name" value="Furious"/>
				<boolean name="New" value="true"/>
				<integer name="Nuc_Dest_Prob" value="400"/>
				<integer name="Passengers" value="100"/>
				<boolean name="PlanesTransportationAbility" value="true"/>
				<float name="Range" value="11112."/>
				<integer name="Rank" value="1"/>
				<string name="SMU" value="Furious"/>
				<float name="Speed" value="20."/>
				<float name="StoreCapacity" value="3600."/>
				<boolean name="Transportable" value="false"/>
				<float name="TurnRate" value="1.5e-003"/>
				<integer name="Type" value="0"/>
				<float name="Vitality" value="4500."/>
				<float name="VitalityAA" value="1500."/>
				<float name="Weight" value="22450."/>
				<integer name="Width" value="27.9"/>
				<integer name="Year" value="36"/>
			</object>
		</object>
		<object name="ShipsNames">
			<object name="Furious">
				<string name="1" value="Furious1"/>
			</object>
		</object>
		<object name="UnitsByType">
			<object name="0">
				<object name="Furious">
					<string name="ChildTable" value="Ships"/>
				</object>
			</object>
		</object>
	</object>
</root>
