﻿<?xml version="1.0" standalone="yes" ?>
<root>
	<object name="SteelMonstersParams">
		<object name="Hit_Location">
			<object name="610mm7939">
				<integer name="Country" value="2"/>
				<float name="ER" value="5."/>
				<string name="Hull" value="610mm_Torp_turret"/>
				<string name="Name" value="TA"/>
				<string name="TypHL" value="AmmoStore"/>
				<string name="UnitName" value="610mm_Jap_Torp_App_4x_Turret"/>
			</object>
			<object name="TorpApp2x">
				<integer name="Country" value="2"/>
				<float name="ER" value="5."/>
				<string name="Hull" value="610mm_Torp_turret"/>
				<string name="Name" value="TA"/>
				<string name="TypHL" value="AmmoStore"/>
				<string name="UnitName" value="Jap_Torp_App_2x_Turret"/>
			</object>
			<object name="TorpApp2xopen">
				<integer name="Country" value="2"/>
				<float name="ER" value="2.5"/>
				<string name="Hull" value="610mm_Torp_turret"/>
				<string name="Name" value="TA"/>
				<string name="TypHL" value="AmmoStore"/>
				<string name="UnitName" value="Jap_Torp_App_2x_Turret_v2"/>
			</object>
			<object name="TorpApp5x">
				<integer name="Country" value="2"/>
				<float name="ER" value="5."/>
				<string name="Hull" value="610mm_Torp_turret"/>
				<string name="Name" value="TA"/>
				<string name="TypHL" value="AmmoStore"/>
				<string name="UnitName" value="Jap_Torp_App_5x_Turret"/>
			</object>
			<object name="TorpApp3x">
				<integer name="Country" value="2"/>
				<float name="ER" value="5."/>
				<string name="Hull" value="610mm_Torp_turret"/>
				<string name="Name" value="TA"/>
				<string name="TypHL" value="AmmoStore"/>
				<string name="UnitName" value="Jap_Torp_App_3x_Turret"/>
			</object>
			<object name="TorpApp4xOpen">
				<integer name="Country" value="2"/>
				<float name="ER" value="2.5"/>
				<string name="Hull" value="610mm_Torp_turret"/>
				<string name="Name" value="TA"/>
				<string name="TypHL" value="AmmoStore"/>
				<string name="UnitName" value="Jap_Torp_App_4x_Turret_v2"/>
			</object>
			<object name="Kaiten_Launcher">
				<integer name="Country" value="2"/>
				<float name="ER" value="2.5"/>
				<string name="Hull" value="610mm_Torp_turret"/>
				<string name="Name" value="TA"/>
				<string name="TypHL" value="AmmoStore"/>
				<string name="UnitName" value="Kaiten_Launcher_Turret"/>
			</object>
		</object>
		<object name="Hulls">
			<object name="610mm_Torp_turret">
				<integer name="Back" value="5"/>
				<integer name="Bottom" value="5"/>
				<integer name="Country" value="2"/>
				<float name="ExplProb" value="40."/>
				<float name="FireProb" value="30."/>
				<integer name="Front" value="5"/>
				<integer name="Left" value="5"/>
				<string name="Material" value="Steel"/>
				<integer name="Right" value="5"/>
				<integer name="Top" value="5"/>
				<integer name="UnitName" value="0"/>
				<string name="UnitTyp" value="Turret"/>
			</object>
		</object>
        <object name="Ammos">
			<object name="KaitenTorp">
				<string name="_s_Modification" value="Ïðîñòàÿ"/>
				<string name="AmmoType" value="Torpedo"/>
				<float name="Caliber" value="0."/>
				<integer name="Country" value="2"/>
				<string name="DamagePlace" value="Side"/>
				<float name="DamageRadius" value="97.3"/>
				<float name="DTimeProd" value="0.2"/>
				<float name="EPR" value="0.276"/>
				<string name="Icon" value="pic_KaitenTorp"/>
				<float name="Iron" value="1."/>
				<float name="MaxHeight" value="0."/>
				<integer name="MaxSpeed" value="30.0"/>
				<string name="Mesh_or_SMU" value="KaitenTorp"/>
				<float name="Money" value="3."/>
				<boolean name="New" value="true"/>
				<float name="NTimeProd" value="10."/>
				<boolean name="Production" value="true"/>
				<float name="Range" value="78."/>
				<boolean name="SLMissile" value="false"/>
				<integer name="StartSpeed" value="0"/>
				<boolean name="TorpedoForShip" value="true"/>
				<integer name="Unreliability" value="350"/>
				<string name="WarHeadTyp" value="HE"/>
				<float name="Weight" value="8.3"/>
				<float name="WeightExplosive" value="1.55"/>
			</object>
			<object name="Torp_Jap_Mk93">
				<string name="_s_Modification" value="Ïðîñòàÿ"/>
				<string name="AmmoType" value="Torpedo"/>
				<string name="Analog" value="Torp_Jap_Mk93_A_SA;Torp_Jap_Mk93_M_I"/>
				<float name="Caliber" value="0."/>
				<integer name="Country" value="2"/>
				<string name="DamagePlace" value="Side"/>
				<float name="DamageRadius" value="74.1"/>
				<float name="DTimeProd" value="0.2"/>
				<float name="EPR" value="0.276"/>
				<string name="Icon" value="pic_japtorn"/>
				<float name="Iron" value="1.9"/>
				<float name="MaxHeight" value="0."/>
				<integer name="MaxSpeed" value="50"/>
				<string name="Mesh_or_SMU" value="Torp_Jap_Mk93"/>
				<float name="Money" value="1.2"/>
				<boolean name="New" value="false"/>
				<float name="NTimeProd" value="10."/>
				<boolean name="Production" value="true"/>
				<float name="Range" value="20."/>
				<boolean name="SLMissile" value="false"/>
				<integer name="StartSpeed" value="0"/>
				<boolean name="TorpedoForShip" value="true"/>
				<integer name="Unreliability" value="70"/>
				<string name="WarHeadTyp" value="HE"/>
				<float name="Weight" value="2.7"/>
				<float name="WeightExplosive" value="0.49"/>
			</object>
			<object name="Torp_Jap_Mk93_A_SA">
				<string name="_s_Modification" value="Ñàìîíàâîäÿùàÿñÿ ïî àêóñòè÷åñêîìó ñèãíàëó"/>
				<string name="AmmoType" value="Torpedo"/>
				<string name="Analog" value="Torp_Jap_Mk93;Torp_Jap_Mk93_M_I"/>
				<float name="Caliber" value="0."/>
				<integer name="Country" value="2"/>
				<string name="DamagePlace" value="Side"/>
				<float name="DamageRadius" value="100.0"/>
				<float name="DTimeProd" value="0.2"/>
				<float name="EPR" value="0.276"/>
				<string name="Icon" value="pic_japtorn"/>
				<float name="Iron" value="1.9"/>
				<float name="MaxHeight" value="0."/>
				<integer name="MaxSpeed" value="50"/>
				<string name="Mesh_or_SMU" value="Torp_Jap_Mk93"/>
				<float name="Money" value="6."/>
				<boolean name="New" value="false"/>
				<float name="NTimeProd" value="10."/>
				<boolean name="Production" value="true"/>
				<float name="Range" value="15."/>
				<boolean name="SLMissile" value="false"/>
				<integer name="StartSpeed" value="0"/>
				<string name="Technology" value="AcusticProxi, SelfCtr, MagnetProxi"/>
				<boolean name="TorpedoForShip" value="false"/>
				<integer name="Unreliability" value="600"/>
				<string name="WarHeadTyp" value="HE"/>
				<float name="Weight" value="2.8"/>
				<float name="WeightExplosive" value="0.78"/>
			</object>
			<object name="Torp_Jap_Mk93_M_I">
				<string name="_s_Modification" value="Èíåðöèàëüíîãî íàâåäåíèÿ ñ ìàãíèòíûì âçðûâàòåëåì"/>
				<string name="AmmoType" value="Torpedo"/>
				<string name="Analog" value="Torp_Jap_Mk93;Torp_Jap_Mk93_A_SA"/>
				<float name="Caliber" value="0."/>
				<integer name="Country" value="2"/>
				<string name="DamagePlace" value="Side"/>
				<float name="DamageRadius" value="100.0"/>
				<float name="DTimeProd" value="0.2"/>
				<float name="EPR" value="0.276"/>
				<string name="Icon" value="pic_japtorn"/>
				<float name="Iron" value="1.9"/>
				<float name="MaxHeight" value="0."/>
				<integer name="MaxSpeed" value="50"/>
				<string name="Mesh_or_SMU" value="Torp_Jap_Mk93"/>
				<float name="Money" value="2."/>
				<boolean name="New" value="false"/>
				<float name="NTimeProd" value="10."/>
				<boolean name="Production" value="true"/>
				<float name="Range" value="15."/>
				<boolean name="SLMissile" value="false"/>
				<integer name="StartSpeed" value="0"/>
				<string name="Technology" value="MagnetProxi"/>
				<boolean name="TorpedoForShip" value="true"/>
				<integer name="Unreliability" value="70"/>
				<string name="WarHeadTyp" value="HE"/>
				<float name="Weight" value="2.8"/>
				<float name="WeightExplosive" value="0.78"/>
			</object>
		</object>
		<object name="Rifles">
			<object name="610mm_Jap_Torp_App_4x">
				<float name="AARange" value="0."/>
				<string name="Ammo" value="Torp_US_Mk15;Torp_US_Mk15_M_I;Torp_US_Mk15_A_SA;Torp_Jap_Mk93;Torp_Jap_Mk93_M_I;Torp_Jap_Mk93_A_SA;hl_torp_fleet;uk_torp_fleet;Germany_Torpedoes_G7a;Torp_Ger_G7es_M_I;Torp_Ger_G7es_A_SA;Torp_SU_53_39"/>
				<integer name="AmmoStorage" value="2"/>
				<float name="AmmoWeight" value="2700."/>
				<float name="Caliber" value="610."/>
				<integer name="Country" value="2"/>
				<string name="DefaultAmmo" value="Torp_Jap_Mk93"/>
				<integer name="FinalSpeed" value="0"/>
				<string name="FireSound" value="Guns\Torpedo"/>
				<boolean name="IgnoreXMLFile" value="false"/>
				<float name="Money" value="9."/>
				<boolean name="New" value="false"/>
				<float name="Range" value="20."/>
				<float name="ROF" value="0.6"/>
				<boolean name="SLLauncher" value="false"/>
				<string name="SMU_File" value="Jap_Torp_App_4x"/>
				<integer name="StartSpeed" value="0"/>
				<integer name="Unreliability" value="0"/>
				<string name="Usage" value="Ships"/>
				<float name="Weight" value="0.5"/>
			</object>
			<object name="Jap_Torp_App_1x">
				<float name="AARange" value="0."/>
				<string name="Ammo" value="Torp_Jap_Mk93;Torp_Jap_Mk93_M_I"/>
				<integer name="AmmoStorage" value="2"/>
				<float name="AmmoWeight" value="2700."/>
				<float name="Caliber" value="610."/>
				<integer name="Country" value="2"/>
				<string name="DefaultAmmo" value="Torp_Jap_Mk93"/>
				<integer name="FinalSpeed" value="0"/>
				<string name="FireSound" value="Guns\Torpedo"/>
				<boolean name="IgnoreXMLFile" value="false"/>
				<float name="Money" value="6."/>
				<boolean name="New" value="false"/>
				<float name="ROF" value="0.6"/>
				<float name="Range" value="20."/>
				<boolean name="SLLauncher" value="false"/>
				<string name="SMU_File" value="Jap_Torp_App_1x_stvol"/>
				<integer name="StartSpeed" value="0"/>
				<integer name="Unreliability" value="0"/>
				<string name="Usage" value="Ships"/>
				<float name="Weight" value="0.5"/>
			</object>
			<object name="Kaiten_Launcher">
				<float name="AARange" value="0."/>
				<string name="Ammo" value="KaitenTorp"/>
				<integer name="AmmoStorage" value="2"/>
				<float name="AmmoWeight" value="8300."/>
				<float name="Caliber" value="1000."/>
				<integer name="Country" value="2"/>
				<string name="DefaultAmmo" value="KaitenTorp"/>
				<integer name="FinalSpeed" value="0"/>
				<string name="FireSound" value="Guns\Torpedo"/>
				<boolean name="IgnoreXMLFile" value="false"/>
				<float name="Money" value="6."/>
				<boolean name="New" value="false"/>
				<float name="ROF" value="0.2"/>
				<float name="Range" value="78."/>
				<boolean name="SLLauncher" value="false"/>
				<string name="SMU_File" value="Jap_Torp_App_1x_stvol"/>
				<integer name="StartSpeed" value="0"/>
				<integer name="Unreliability" value="0"/>
				<string name="Usage" value="Ships"/>
				<float name="Weight" value="1.5"/>
			</object>
		</object>
		<object name="Turrets">
			<object name="Kaiten_Launcher_Turret">
				<integer name="Amount" value="1"/>
				<integer name="ArmorFront" value="0"/>
				<integer name="ArmorSide" value="0"/>
				<integer name="ArmorTop" value="0"/>
				<string name="Content" value="Rifles.Kaiten_Launcher"/>
				<integer name="Country" value="2"/>
				<integer name="Elevation" value="0"/>
				<integer name="ElevationRate" value="0"/>
				<boolean name="IgnoreXMLFile" value="false"/>
				<float name="Iron" value="1."/>
				<float name="Money" value="2.5"/>
				<boolean name="New" value="false"/>
				<boolean name="Production" value="false"/>
				<integer name="RotationRate" value="14"/>
				<string name="SMU_File" value="Kaiten_Launcher_Turret"/>
				<string name="Type" value="Gun"/>
				<float name="Vitality" value="300."/>
				<float name="Weight" value="1.5"/>
			</object>
			<object name="Jap_Torp_App_4x_Turret_v2">
				<integer name="Amount" value="4"/>
				<integer name="ArmorFront" value="25"/>
				<integer name="ArmorSide" value="25"/>
				<integer name="ArmorTop" value="25"/>
				<string name="Content" value="Rifles.Jap_Torp_App_1x"/>
				<integer name="Country" value="2"/>
				<integer name="Elevation" value="0"/>
				<integer name="ElevationRate" value="0"/>
				<boolean name="IgnoreXMLFile" value="false"/>
				<float name="Iron" value="0.65"/>
				<float name="Money" value="0.5"/>
				<boolean name="New" value="false"/>
				<boolean name="Production" value="false"/>
				<integer name="RotationRate" value="14"/>
				<string name="SMU_File" value="Jap_Torp_App_4x_Turret_v2"/>
				<string name="Type" value="Gun"/>
				<float name="Vitality" value="200."/>
				<float name="Weight" value="0.65"/>
			</object>
			<object name="610mm_Jap_Torp_App_4x_Turret">
				<integer name="Amount" value="4"/>
				<integer name="ArmorFront" value="25"/>
				<integer name="ArmorSide" value="25"/>
				<integer name="ArmorTop" value="25"/>
				<string name="Content" value="Rifles.Jap_Torp_App_4x"/>
				<integer name="Country" value="2"/>
				<integer name="Elevation" value="0"/>
				<integer name="ElevationRate" value="0"/>
				<boolean name="IgnoreXMLFile" value="false"/>
				<float name="Iron" value="0.65"/>
				<float name="Money" value="0.5"/>
				<boolean name="New" value="false"/>
				<boolean name="Production" value="false"/>
				<integer name="RotationRate" value="14"/>
				<string name="SMU_File" value="machine_gun_turret"/>
				<string name="Type" value="Gun"/>
				<float name="Vitality" value="200."/>
				<float name="Weight" value="0.65"/>
			</object>
			<object name="Jap_Torp_App_2x_Turret">
				<integer name="Amount" value="2"/>
				<integer name="ArmorFront" value="25"/>
				<integer name="ArmorSide" value="25"/>
				<integer name="ArmorTop" value="25"/>
				<string name="Content" value="Rifles.Jap_Torp_App_1x"/>
				<integer name="Country" value="2"/>
				<integer name="Elevation" value="0"/>
				<integer name="ElevationRate" value="0"/>
				<boolean name="IgnoreXMLFile" value="false"/>
				<float name="Iron" value="0.45"/>
				<float name="Money" value="1."/>
				<boolean name="New" value="false"/>
				<boolean name="Production" value="false"/>
				<integer name="RotationRate" value="14"/>
				<string name="SMU_File" value="Jap_Torp_App_2x_Turret"/>
				<string name="Type" value="Gun"/>
				<float name="Vitality" value="200."/>
				<float name="Weight" value="0.4"/>
			</object>
			<object name="Jap_Torp_App_2x_Turret_v2">
				<integer name="Amount" value="2"/>
				<integer name="ArmorFront" value="25"/>
				<integer name="ArmorSide" value="25"/>
				<integer name="ArmorTop" value="25"/>
				<string name="Content" value="Rifles.Jap_Torp_App_1x"/>
				<integer name="Country" value="2"/>
				<integer name="Elevation" value="0"/>
				<integer name="ElevationRate" value="0"/>
				<boolean name="IgnoreXMLFile" value="false"/>
				<float name="Iron" value="0.45"/>
				<float name="Money" value="1."/>
				<boolean name="New" value="false"/>
				<boolean name="Production" value="false"/>
				<integer name="RotationRate" value="14"/>
				<string name="SMU_File" value="Jap_Torp_App_2x_Turret_v2"/>
				<string name="Type" value="Gun"/>
				<float name="Vitality" value="200."/>
				<float name="Weight" value="0.4"/>
			</object>
			<object name="Jap_Torp_App_5x_Turret">
				<integer name="Amount" value="5"/>
				<integer name="ArmorFront" value="25"/>
				<integer name="ArmorSide" value="25"/>
				<integer name="ArmorTop" value="25"/>
				<string name="Content" value="Rifles.Jap_Torp_App_1x"/>
				<integer name="Country" value="2"/>
				<integer name="Elevation" value="0"/>
				<integer name="ElevationRate" value="0"/>
				<boolean name="IgnoreXMLFile" value="false"/>
				<float name="Iron" value="1."/>
				<float name="Money" value="2.5"/>
				<boolean name="New" value="false"/>
				<boolean name="Production" value="false"/>
				<integer name="RotationRate" value="14"/>
				<string name="SMU_File" value="Jap_Torp_App_5x_Turret"/>
				<string name="Type" value="Gun"/>
				<float name="Vitality" value="300."/>
				<float name="Weight" value="0.8"/>
			</object>
			<object name="Jap_Torp_App_3x_Turret">
				<integer name="Amount" value="3"/>
				<integer name="ArmorFront" value="25"/>
				<integer name="ArmorSide" value="25"/>
				<integer name="ArmorTop" value="25"/>
				<string name="Content" value="Rifles.Jap_Torp_App_1x"/>
				<integer name="Country" value="2"/>
				<integer name="Elevation" value="0"/>
				<integer name="ElevationRate" value="0"/>
				<boolean name="IgnoreXMLFile" value="false"/>
				<float name="Iron" value="1."/>
				<float name="Money" value="2.5"/>
				<boolean name="New" value="false"/>
				<boolean name="Production" value="false"/>
				<integer name="RotationRate" value="14"/>
				<string name="SMU_File" value="Jap_Torp_App_3x_Turret"/>
				<string name="Type" value="Gun"/>
				<float name="Vitality" value="300."/>
				<float name="Weight" value="0.5"/>
			</object>
		</object>
		<object name="Ships">
			<object name="Kaiten">
				<float name="AccelRate" value="4.e-004"/>
				<integer name="AirplanesCount" value="0"/>
				<boolean name="BoatsTransportationAbility" value="false"/>
				<integer name="CabinArmor" value="10"/>
				<boolean name="CanBeChanged" value="false"/>
				<boolean name="CanUseTorpedos" value="true"/>
				<integer name="Country" value="2"/>
				<integer name="Crew" value="1"/>
				<float name="CriticalCareen" value="37."/>
				<float name="CriticalDFT" value="7.e-002"/>
				<float name="CriticalDifferent" value="5."/>
				<float name="DTimeProd" value="20."/>
				<float name="DisplacementMax" value="18.3"/>
				<float name="EPR" value="33."/>
				<float name="FireRisk" value="267."/>
				<float name="Fuel" value="10."/>
				<float name="HLShapeCoef" value="1.5"/>
				<integer name="HullArmorSide" value="10"/>
				<integer name="HullArmorTop" value="10"/>
				<float name="Iron" value="1500."/>
				<integer name="Length" value="14.75"/>
				<float name="MaxSpeed" value="35."/>
				<integer name="MinCrew" value="1"/>
				<float name="Money" value="5800."/>
				<float name="NTimeProd" value="30."/>
				<string name="Name" value="Kaiten"/>
				<boolean name="New" value="true"/>
				<integer name="Nuc_Dest_Prob" value="50"/>
				<integer name="Passengers" value="0"/>
				<boolean name="PlanesTransportationAbility" value="false"/>
				<float name="Range" value="9."/>
				<integer name="Rank" value="6"/>
				<string name="SMU" value="Kaiten"/>
				<float name="Speed" value="12."/>
				<float name="StoreCapacity" value="600."/>
				<boolean name="Transportable" value="false"/>
				<float name="TurnRate" value="1.8e-003"/>
				<integer name="Type" value="6"/>
				<float name="Vitality" value="1200."/>
				<float name="VitalityAA" value="78."/>
				<float name="Weight" value="8.3"/>
				<integer name="Width" value="1.0"/>
				<integer name="Year" value="45"/>
			</object>
		</object>
		<object name="Engins">
			<object name="MPP_Kaitenik">
				<float name="Consumption" value="1.e-004"/>
				<integer name="Country" value="2"/>
				<float name="Money" value="26."/>
				<integer name="Power_Max" value="4500"/>
				<integer name="RPM_Max" value="0"/>
				<integer name="Type" value="9"/>
				<integer name="Unreliability" value="25"/>
				<string name="Usage" value="Ships"/>
				<float name="Weight" value="0.5"/>
			</object>
			<object name="MPP_Kaiten">
				<float name="Consumption" value="0.2"/>
				<integer name="Country" value="2"/>
				<float name="Money" value="4000."/>
				<integer name="Power_Max" value="550"/>
				<integer name="RPM_Max" value="0"/>
				<integer name="Type" value="8"/>
				<integer name="Unreliability" value="20"/>
				<string name="Usage" value="Ships"/>
				<float name="Weight" value="0.6"/>
			</object>
			<object name="MPP_Kaiten2">
				<float name="Consumption" value="1.7e-003"/>
				<integer name="Country" value="2"/>
				<float name="Money" value="4000."/>
				<integer name="Power_Max" value="1500"/>
				<integer name="RPM_Max" value="0"/>
				<integer name="Type" value="8"/>
				<integer name="Unreliability" value="10"/>
				<string name="Usage" value="Ships"/>
				<float name="Weight" value="0.75"/>
			</object>
			<object name="MPP_Kaiten3">
				<float name="Consumption" value="1.1e-003"/>
				<integer name="Country" value="2"/>
				<float name="Money" value="4000."/>
				<integer name="Power_Max" value="1800"/>
				<integer name="RPM_Max" value="0"/>
				<integer name="Type" value="8"/>
				<integer name="Unreliability" value="10"/>
				<string name="Usage" value="Ships"/>
				<float name="Weight" value="0.8"/>
			</object>
		</object>
	</object>
</root>