﻿xml version="1.0" standalone="yes" ?>
<root>
	<object name="Modifications">
		<object name="SubUnits">
			<object name="Kaiten">
				<object name="Prototype">
					<string name="AAGunControl" value=""/>
					<float name="AAVolleyWeight" value="0."/>
					<float name="Aluminium" value="0."/>
					<float name="AmmoWeight" value="0."/>
					<float name="Armour" value="0."/>
					<float name="FuelConsumption" value="0.0001"/>
					<float name="FuelProtect" value="0."/>
					<string name="FullModName" value="Ships.Kaiten.Prototype"/>
					<float name="Iron" value="1500."/>
					<boolean name="IsJammer" value="false"/>
					<string name="MainGunControl" value=""/>
					<float name="MaxFuel" value="10."/>
					<float name="MaxSpeed" value="30."/>
					<float name="MinSpeed" value="0."/>
					<float name="Money" value="9800."/>
					<widestring name="Name" value="GgQwBDkEQgQ1BD0E"/>
					<float name="RadarRange" value="0."/>
					<float name="RadioGain" value="0."/>
					<float name="RadioPowerHF" value="0."/>
					<float name="RadioPowerVHF" value="0."/>
					<float name="RadioSensitivityHF" value="0."/>
					<float name="RadioSensitivityVHF" value="0."/>
					<object name="Slots">
						<object name="ZPort_SteamTurbine_01">
							<string name="Device" value="MPP_Kaitenik"/>
							<string name="Table" value="Engins"/>
						</object>
					</object>
					<string name="Sonar" value=""/>
					<float name="Speed" value="20."/>
					<string name="SuperRifles" value=""/>
					<float name="VolleyWeight" value="0."/>
					<float name="Weight" value="8.3"/>
				</object>
			</object>
			<object name="610mm_Jap_Torp_App_4x_Turret">
				<object name="TPort_01">
					<string name="Device" value="610mm_Jap_Torp_App_4x"/>
					<string name="Table" value="Rifles"/>
				</object>
			</object>
			<object name="Jap_Torp_App_2x_Turret">
				<object name="TPort_01">
					<string name="Device" value="Jap_Torp_App_1x"/>
					<string name="Table" value="Rifles"/>
				</object>
				<object name="TPort_02">
					<string name="Device" value="Jap_Torp_App_1x"/>
					<string name="Table" value="Rifles"/>
				</object>
			</object>
			<object name="Jap_Torp_App_2x_Turret_v2">
				<object name="TPort_01">
					<string name="Device" value="Jap_Torp_App_1x"/>
					<string name="Table" value="Rifles"/>
				</object>
				<object name="TPort_02">
					<string name="Device" value="Jap_Torp_App_1x"/>
					<string name="Table" value="Rifles"/>
				</object>
			</object>
			<object name="Jap_Torp_App_3x_Turret">
				<object name="TPort_01">
					<string name="Device" value="Jap_Torp_App_1x"/>
					<string name="Table" value="Rifles"/>
				</object>
				<object name="TPort_02">
					<string name="Device" value="Jap_Torp_App_1x"/>
					<string name="Table" value="Rifles"/>
				</object>
				<object name="TPort_03">
					<string name="Device" value="Jap_Torp_App_1x"/>
					<string name="Table" value="Rifles"/>
				</object>
			</object>
			<object name="Jap_Torp_App_5x_Turret">
				<object name="TPort_01">
					<string name="Device" value="Jap_Torp_App_1x"/>
					<string name="Table" value="Rifles"/>
				</object>
				<object name="TPort_02">
					<string name="Device" value="Jap_Torp_App_1x"/>
					<string name="Table" value="Rifles"/>
				</object>
				<object name="TPort_03">
					<string name="Device" value="Jap_Torp_App_1x"/>
					<string name="Table" value="Rifles"/>
				</object>
				<object name="TPort_04">
					<string name="Device" value="Jap_Torp_App_1x"/>
					<string name="Table" value="Rifles"/>
				</object>
				<object name="TPort_05">
					<string name="Device" value="Jap_Torp_App_1x"/>
					<string name="Table" value="Rifles"/>
				</object>
			</object>
			<object name="Jap_Torp_App_4x_Turret_v2">
				<object name="TPort_01">
					<string name="Device" value="Jap_Torp_App_1x"/>
					<string name="Table" value="Rifles"/>
				</object>
				<object name="TPort_02">
					<string name="Device" value="Jap_Torp_App_1x"/>
					<string name="Table" value="Rifles"/>
				</object>
				<object name="TPort_03">
					<string name="Device" value="Jap_Torp_App_1x"/>
					<string name="Table" value="Rifles"/>
				</object>
				<object name="TPort_04">
					<string name="Device" value="Jap_Torp_App_1x"/>
					<string name="Table" value="Rifles"/>
				</object>
			</object>
			<object name="Kaiten_Launcher_Turret">
				<object name="TPort_01">
					<string name="Device" value="Kaiten_Launcher"/>
					<string name="Table" value="Rifles"/>
				</object>
			</object>
		</object>
	</object>
</root>
