﻿<?xml version="1.0" standalone="yes" ?>
<root>
	<object name="Modifications">
		<object name="Ships">
			<object name="Canbera">
				<object name="Prototype">
					<string name="AAGunControl" value="Mark0_AA"/>
					<float name="AAVolleyWeight" value="5.12215996"/>
					<float name="Aluminium" value="0."/>
					<float name="AmmoWeight" value="138.031998"/>
					<float name="Armour" value="0."/>
					<float name="FuelConsumption" value="2.89945364"/>
					<float name="FuelProtect" value="0."/>
					<string name="FullModName" value="Ships.Canbera.Prototype"/>
					<float name="Iron" value="19773.9844"/>
					<boolean name="IsJammer" value="false"/>
					<string name="MainGunControl" value="Mk_7_M"/>
					<float name="MaxFuel" value="3210."/>
					<float name="MaxSpeed" value="32.5"/>
					<float name="MinSpeed" value="0."/>
					<float name="Money" value="34620."/>
					<widestring name="Name" value="KCAQ+BEAEQQQ1BEIESAQ4BEAE"/>
					<float name="RadarRange" value="0."/>
					<float name="RadioGain" value="32258.0645"/>
					<float name="RadioPowerHF" value="100."/>
					<float name="RadioPowerVHF" value="0."/>
					<float name="RadioSensitivityHF" value="3.10000009e-003"/>
					<float name="RadioSensitivityVHF" value="0."/>
					<object name="Slots">
						<object name="TPort_Anton">
							<string name="Device" value="Dorsetshire_Gun_203_Turret_A"/>
							<string name="Table" value="Turrets"/>
						</object>
						<object name="TPort_Bruno">
							<string name="Device" value="Dorsetshire_Gun_203_Turret_B"/>
							<string name="Table" value="Turrets"/>
						</object> 
						<object name="TPort_Cesar">
							<string name="Device" value="Dorsetshire_Gun_203_Turret_C"/>
							<string name="Table" value="Turrets"/>
						</object>
						<object name="TPort_Dora">
							<string name="Device" value="Dorsetshire_Gun_203_Turret_D"/>
							<string name="Table" value="Turrets"/>
						</object>
						<object name="TPort_TORPR">
							<string name="Device" value="Traibal_Torp_Ap"/>
							<string name="Table" value="Turrets"/>
						</object>
						<object name="TPort_TORPL">
							<string name="Device" value="Traibal_Torp_Ap"/>
							<string name="Table" value="Turrets"/>
						</object>
						<object name="TPort_K1">
							<string name="Device" value="Bomb_Kletka_Small_4x"/>
							<string name="Table" value="Rifles"/>
						</object>
						<object name="TPort_K2">
							<string name="Device" value="Bomb_Kletka_Small_4x"/>
							<string name="Table" value="Rifles"/>
						</object>

						<object name="TPort_102mmFR">
							<string name="Device" value="Hood_Gun_102x2_Turret"/>
							<string name="Table" value="Turrets"/>
						</object>
						<object name="TPort_102mmFL">
							<string name="Device" value="Hood_Gun_102x2_Turret"/>
							<string name="Table" value="Turrets"/>
						</object>
						<object name="TPort_102mmBR">
							<string name="Device" value="Hood_Gun_102x2_Turret"/>
							<string name="Table" value="Turrets"/>
						</object>
						<object name="TPort_102mmBL">
							<string name="Device" value="Hood_Gun_102x2_Turret"/>
							<string name="Table" value="Turrets"/>
						</object>
						<object name="TPort_AA40mmFR">
							<string name="Device" value="Hood_Gun_40x8_Turret"/>
							<string name="Table" value="Turrets"/>
						</object>

						<object name="TPort_AA40mmFL">
							<string name="Device" value="Hood_Gun_40x8_Turret"/>
							<string name="Table" value="Turrets"/>
						</object>
						<object name="TPort_AAQFR">
							<string name="Device" value="Hood_Gun_12_5x4_Turret"/>
							<string name="Table" value="Turrets"/>
						</object> 
						<object name="TPort_AAQFL">
							<string name="Device" value="Hood_Gun_12_5x4_Turret"/>
							<string name="Table" value="Turrets"/>
						</object>
						<object name="TPort_AA20mmF1R">
							<string name="Device" value="Turret_20x1_ENG"/>
							<string name="Table" value="Turrets"/>
						</object>
						<object name="TPort_AA20mmF1L">
							<string name="Device" value="Turret_20x1_ENG"/>
							<string name="Table" value="Turrets"/>
						</object>
						<object name="TPort_AA20mmF2R">
							<string name="Device" value="Turret_20x1_ENG"/>
							<string name="Table" value="Turrets"/>
						</object>
						<object name="TPort_AA20mmF2L">
							<string name="Device" value="Turret_20x1_ENG"/>
							<string name="Table" value="Turrets"/>
						</object>
						<object name="TPort_AA20mmF3R">
							<string name="Device" value="Turret_20x1_ENG"/>
							<string name="Table" value="Turrets"/>
						</object>
						<object name="TPort_AA20mmF3L">
							<string name="Device" value="Turret_20x1_ENG"/>
							<string name="Table" value="Turrets"/>
						</object>
						<object name="TPort_AA20mmF4R">
							<string name="Device" value="Turret_20x1_ENG"/>
							<string name="Table" value="Turrets"/>
						</object>
						<object name="TPort_AA20mmF4L">
							<string name="Device" value="Turret_20x1_ENG"/>
							<string name="Table" value="Turrets"/>
						</object>
						<object name="TPort_ProjBR">
							<string name="Device" value="Britain_Projector"/>
							<string name="Table" value="Turrets"/>
						</object>
						<object name="TPort_ProjBL">
							<string name="Device" value="Britain_Projector"/>
							<string name="Table" value="Turrets"/>
						</object> 
						<object name="TPort_ProjMR">
							<string name="Device" value="Britain_Projector"/>
							<string name="Table" value="Turrets"/>
						</object>
						<object name="TPort_ProjML">
							<string name="Device" value="Britain_Projector"/>
							<string name="Table" value="Turrets"/>
						</object>  
						<object name="TPort_ProjFR">
							<string name="Device" value="Britain_Projector"/>
							<string name="Table" value="Turrets"/>
						</object> 
						<object name="TPort_ProjFL">
							<string name="Device" value="Britain_Projector"/>
							<string name="Table" value="Turrets"/>
						</object>


						<object name="TPort_RF01F">
							<string name="Device" value="Hood_RF_9feet_2V"/>
							<string name="Table" value="Turrets"/>
						</object>
						<object name="TPort_RF02B">
							<string name="Device" value="Hood_RF_9feet_2V"/>
							<string name="Table" value="Turrets"/>
						</object>
						<object name="TPort_RADAR1">
							<string name="Device" value="KingGeorgV_RF_275"/>
							<string name="Table" value="Turrets"/>
						</object>
						<object name="TPort_RADAR2">
							<string name="Device" value="Hood_RF_9feet_1V"/>
							<string name="Table" value="Turrets"/>
						</object>
						<object name="TPort_RADAR3">
							<string name="Device" value="County273Radar"/>
							<string name="Table" value="Turrets"/>
						</object>
						<object name="TPort_KATAPULT">
							<string name="Device" value="Dorsetshire_Katapulta"/>
							<string name="Table" value="Turrets"/>
						</object>
						<object name="TPort_KRAN">
							<string name="Device" value="Illustrias_Kran"/>
							<string name="Table" value="Turrets"/>
						</object> 
						
						<object name="TPort_VINTBR">
							<string name="Device" value="Vint_Fletcher"/>
							<string name="Table" value="Turrets"/>
						</object>
						<object name="TPort_VINTBL">
							<string name="Device" value="Vint_Fletcher"/>
							<string name="Table" value="Turrets"/>
						</object> 
						<object name="TPort_VINTFR">
							<string name="Device" value="Vint_Fletcher"/>
							<string name="Table" value="Turrets"/>
						</object>
						<object name="TPort_VINTFL">
							<string name="Device" value="Vint_Fletcher"/>
							<string name="Table" value="Turrets"/>
						</object>	  
						<object name="ZPort_AAGunContr1">
							<string name="Device" value="Mark0_AA"/>
							<string name="Table" value="AimSystems"/>
						</object>
						<object name="ZPort_Jammer_US_A1">
							<string name="Device" value=""/>
							<string name="Table" value="Probes"/>
						</object>
						<object name="ZPort_MainGunContr">
							<string name="Device" value="Mk_7_M"/>
							<string name="Table" value="AimSystems"/>
						</object>
						<object name="ZPort_Radio">
							<string name="Device" value="TBL7"/>
							<string name="Table" value="Probes"/>
						</object>
						<object name="ZPort_Sonar">
							<string name="Device" value="SearchLight_E"/>
							<string name="Table" value="Probes"/>
						</object>
						<object name="ZPort_SteamTurbine_01">
							<string name="Device" value="MPP_Kent"/>
							<string name="Table" value="Engins"/>
						</object>
					</object>
					<string name="Sonar" value="SearchLight_E"/>
					<float name="Speed" value="12."/>
					<string name="SuperRifles" value="Traibal_Torp_Tube.8."/>
					<float name="VolleyWeight" value="5.18399954"/>
					<float name="Weight" value="17107.4746"/>
				</object>
			</object>
		</object>
	</object>
</root>