﻿<?xml version = "1.0" encoding = "UTF-8"?>
<root>
	<object name = "SteelMonstersParams">
		<object name="Ships">
			<object name="Bolzano">
				<float name="AccelRate" value="3.e-004"/>
				<string name="Airgroup" value="Scout_ShipWater_Battleship_Battalion_germany"/>
				<integer name="AirplanesCount" value="3"/>
				<string name="AmmoLoadingTemplate" value="Ammo 300"/>
				<boolean name="BoatsTransportationAbility" value="false"/>
				<integer name="CabinArmor" value="165"/>
				<boolean name="CanBeChanged" value="true"/>
				<boolean name="CanUseTorpedos" value="false"/>
				<string name="CatapultAirgroupDefaultUnit" value="Ar196"/>
				<integer name="Country" value="5"/>
				<integer name="Crew" value="725"/>
				<float name="CriticalCareen" value="37."/>
				<float name="CriticalDFT" value="2.2"/>
				<float name="CriticalDifferent" value="2.5"/>
				<float name="DTimeProd" value="100."/>
				<float name="DisplacementMax" value="14600."/>
				<float name="EPR" value="400."/>
				<float name="FireRisk" value="1467."/>
				<float name="Fuel" value="2400."/>
				<integer name="HullArmorSide" value="152"/>
				<integer name="HullArmorTop" value="130"/>
				<float name="HLShapeCoef" value="0.6"/>
				<float name="Iron" value="18500."/>
				<integer name="Length" value="197.1"/>
				<float name="MaxSpeed" value="36."/>
				<integer name="MinCrew" value="400"/>
				<float name="Money" value="22000."/>
				<float name="NTimeProd" value="250."/>
				<string name="Name" value="Bolzano"/>
				<boolean name="New" value="false"/>
				<integer name="Nuc_Dest_Prob" value="250"/>
				<integer name="Passengers" value="50"/>
				<boolean name="PlanesTransportationAbility" value="false"/>
				<float name="Range" value="7488."/>
				<integer name="Rank" value="2"/>
				<string name="SMU" value="Bolzano"/>
				<float name="Speed" value="16."/>
				<float name="StoreCapacity" value="700."/>
				<boolean name="Transportable" value="false"/>
				<float name="TurnRate" value="1.5e-003"/>
				<integer name="Type" value="2"/>
				<float name="Vitality" value="7000."/>
				<float name="VitalityAA" value="1000."/>
				<float name="Weight" value="11870."/>
				<integer name="Width" value="20"/>
				<integer name="Year" value="39"/>
			</object>
		</object>
		<object name="Hit_Location">
			<object name="Bol5835">
				<integer name="Country" value="5"/>
				<integer name="Crew" value="140"/>
				<float name="ER" value="200."/>
				<string name="Hull" value="Bol_UpperHull"/>
				<string name="Name" value="Bow_LSuperstructure1"/>
				<string name="TypHL" value="Crew"/>
				<string name="UnitName" value="Bolzano"/>
			</object>
			<object name="Bol5836">
				<integer name="Country" value="5"/>
				<float name="ER" value="200."/>
				<string name="Hull" value="Bol_BattleCabine"/>
				<string name="Name" value="BattleCabine"/>
				<string name="TypHL" value="Hull"/>
				<string name="UnitName" value="Bolzano"/>
			</object>
			<object name="Bol5837">
				<integer name="Country" value="5"/>
				<float name="ER" value="200."/>
				<string name="Hull" value="Std_Probe"/>
				<string name="Name" value="Radio"/>
				<string name="TypHL" value="Probe"/>
				<string name="UnitName" value="Bolzano"/>
			</object>
			<object name="Bol5838">
				<integer name="Country" value="5"/>
				<float name="ER" value="200."/>
				<string name="Hull" value="Std_Probe"/>
				<string name="Name" value="Radar"/>
				<string name="TypHL" value="Probe"/>
				<string name="UnitName" value="Bolzano"/>
			</object>
			<object name="Bol5839">
				<integer name="Country" value="5"/>
				<integer name="Crew" value="140"/>
				<float name="ER" value="200."/>
				<string name="Hull" value="Bol_UpperHull"/>
				<string name="Name" value="Bow_USuperstructure"/>
				<string name="TypHL" value="Crew"/>
				<string name="UnitName" value="Bolzano"/>
			</object>
			<object name="Bol5840">
				<integer name="Country" value="5"/>
				<integer name="Crew" value="140"/>
				<float name="ER" value="200."/>
				<string name="Hull" value="Bol_UpperHull"/>
				<string name="Name" value="Bow_MSupersturcture"/>
				<string name="TypHL" value="Crew"/>
				<string name="UnitName" value="Bolzano"/>
			</object>
			<object name="Bol5841">
				<integer name="Country" value="5"/>
				<integer name="Crew" value="140"/>
				<float name="ER" value="200."/>
				<string name="Hull" value="Bol_UpperHull"/>
				<string name="Name" value="Bow_LSuperstructure2"/>
				<string name="TypHL" value="Crew"/>
				<string name="UnitName" value="Bolzano"/>
			</object>
			<object name="Bol5842">
				<integer name="Country" value="5"/>
				<integer name="Crew" value="140"/>
				<float name="ER" value="200."/>
				<string name="Hull" value="Bol_UpperHull"/>
				<string name="Name" value="Bow_LSuperstructure3"/>
				<string name="TypHL" value="Crew"/>
				<string name="UnitName" value="Bolzano"/>
			</object>
			<object name="Bol5843">
				<integer name="Country" value="5"/>
				<float name="ER" value="200."/>
				<string name="Hull" value="Bol_Barbet"/>
				<string name="Name" value="Barbet2"/>
				<string name="TypHL" value="AmmoStore"/>
				<string name="UnitName" value="Bolzano"/>
			</object>
			<object name="Bol5844">
				<integer name="Country" value="5"/>
				<float name="ER" value="200."/>
				<string name="Hull" value="Bol_Barbet"/>
				<string name="Name" value="Barbet3"/>
				<string name="TypHL" value="AmmoStore"/>
				<string name="UnitName" value="Bolzano"/>
			</object>
			<object name="Bol5845">
				<string name="ConnectName" value="LEngine"/>
				<integer name="Country" value="5"/>
				<float name="ER" value="200."/>
				<string name="Hull" value="Std_Mover"/>
				<string name="Name" value="Mover1"/>
				<string name="TypHL" value="Mover"/>
				<string name="UnitName" value="Bolzano"/>
			</object>
			<object name="Bol5846">
				<string name="ConnectName" value="REngine"/>
				<integer name="Country" value="5"/>
				<float name="ER" value="200."/>
				<string name="Hull" value="Std_Mover"/>
				<string name="Name" value="Mover2"/>
				<string name="TypHL" value="Mover"/>
				<string name="UnitName" value="Bolzano"/>
			</object>
			<object name="Bol5847">
				<string name="ConnectName" value="Tiller;"/>
				<integer name="Country" value="5"/>
				<float name="ER" value="200."/>
				<string name="Hull" value="Std_Rudder"/>
				<string name="Name" value="Rudder"/>
				<string name="TypHL" value="Rudder"/>
				<string name="UnitName" value="Bolzano"/>
			</object>
			<object name="Bol5848">
				<integer name="Country" value="5"/>
				<float name="ER" value="200."/>
				<string name="Hull" value="Bol_Barbet"/>
				<string name="Name" value="Barbet1"/>
				<string name="TypHL" value="AmmoStore"/>
				<string name="UnitName" value="Bolzano"/>
			</object>
			<object name="Bol5849">
				<integer name="Country" value="5"/>
				<float name="ER" value="200."/>
				<string name="Hull" value="Bol_ABDeck"/>
				<string name="Name" value="Bow2_LowerDeck"/>
				<string name="TypHL" value="Hull"/>
				<string name="UnitName" value="Bolzano"/>
			</object>
			<object name="Bol5850">
				<integer name="Country" value="5"/>
				<float name="ER" value="200."/>
				<string name="Hull" value="Bol_AS_T1"/>
				<string name="Name" value="AmmoStore1_1"/>
				<string name="TypHL" value="AmmoStore"/>
				<string name="UnitName" value="Bolzano"/>
			</object>
			<object name="Bol5851">
				<integer name="Country" value="5"/>
				<float name="ER" value="200."/>
				<string name="Hull" value="Std_Probe"/>
				<string name="Name" value="Sonar"/>
				<string name="TypHL" value="Probe"/>
				<string name="UnitName" value="Bolzano"/>
			</object>
			<object name="Bol5852">
				<integer name="Country" value="5"/>
				<float name="ER" value="200."/>
				<string name="Hull" value="Bol_AS_T1"/>
				<string name="Name" value="AmmoStore2_1"/>
				<string name="TypHL" value="AmmoStore"/>
				<string name="UnitName" value="Bolzano"/>
			</object>
			<object name="Bol5853">
				<integer name="Country" value="5"/>
				<float name="ER" value="200."/>
				<string name="Hull" value="Bol_AS_T2"/>
				<string name="Name" value="AmmoStore12_2"/>
				<string name="TypHL" value="AmmoStore"/>
				<string name="UnitName" value="Bolzano"/>
			</object>
			<object name="Bol5854">
				<integer name="Country" value="5"/>
				<float name="ER" value="200."/>
				<string name="Hull" value="Std_Probe"/>
				<string name="Name" value="Probe_MG"/>
				<string name="TypHL" value="Probe"/>
				<string name="UnitName" value="Bolzano"/>
			</object>
			<object name="Bol5855">
				<integer name="Country" value="5"/>
				<float name="ER" value="200."/>
				<string name="Hull" value="Bol_Bottom"/>
				<string name="Name" value="Bow2_Bottom"/>
				<string name="TypHL" value="Hull"/>
				<string name="UnitName" value="Bolzano"/>
			</object>
			<object name="Bol5856">
				<integer name="Country" value="5"/>
				<float name="ER" value="200."/>
				<string name="Hull" value="Bol_UpperHull"/>
				<string name="Name" value="Bow2_UpperDeck"/>
				<string name="TypHL" value="Hull"/>
				<string name="UnitName" value="Bolzano"/>
			</object>
			<object name="Bol5857">
				<integer name="Country" value="5"/>
				<float name="ER" value="200."/>
				<string name="Hull" value="Bol_LAMP"/>
				<string name="Name" value="Bow2_LAMP"/>
				<string name="TypHL" value="Hull"/>
				<string name="UnitName" value="Bolzano"/>
			</object>
			<object name="Bol5858">
				<integer name="Country" value="5"/>
				<float name="ER" value="200."/>
				<string name="Hull" value="Bol_RAMP"/>
				<string name="Name" value="Bow2_RAMP"/>
				<string name="TypHL" value="Hull"/>
				<string name="UnitName" value="Bolzano"/>
			</object>
			<object name="Bol5859">
				<integer name="Country" value="5"/>
				<float name="ER" value="200."/>
				<string name="Hull" value="Bol_LBBelt"/>
				<string name="Name" value="Bow2_LBelt"/>
				<string name="TypHL" value="Hull"/>
				<string name="UnitName" value="Bolzano"/>
			</object>
			<object name="Bol5860">
				<integer name="Country" value="5"/>
				<float name="ER" value="200."/>
				<string name="Hull" value="Bol_RBBelt"/>
				<string name="Name" value="Bow2_RBelt"/>
				<string name="TypHL" value="Hull"/>
				<string name="UnitName" value="Bolzano"/>
			</object>
			<object name="Bol5861">
				<integer name="Country" value="5"/>
				<float name="ER" value="200."/>
				<string name="Hull" value="Bol_UpperHull"/>
				<string name="Name" value="Middle1_UpperDeck"/>
				<string name="TypHL" value="Hull"/>
				<string name="UnitName" value="Bolzano"/>
			</object>
			<object name="Bol5862">
				<integer name="Country" value="5"/>
				<float name="ER" value="200."/>
				<string name="Hull" value="Bol_Bottom"/>
				<string name="Name" value="Middle1_Bottom"/>
				<string name="TypHL" value="FuelTank"/>
				<string name="UnitName" value="Bolzano"/>
			</object>
			<object name="Bol5863">
				<integer name="Country" value="5"/>
				<float name="ER" value="200."/>
				<string name="Hull" value="Bol_ADeck"/>
				<string name="Name" value="Middle1_LowerDeck"/>
				<string name="TypHL" value="Hull"/>
				<string name="UnitName" value="Bolzano"/>
			</object>
			<object name="Bol5864">
				<integer name="Country" value="5"/>
				<float name="ER" value="200."/>
				<string name="Hull" value="Std_Boiler"/>
				<string name="Name" value="Boiler1"/>
				<string name="TypHL" value="Boiler"/>
				<string name="UnitName" value="Bolzano"/>
			</object>
			<object name="Bol5865">
				<integer name="Country" value="5"/>
				<float name="ER" value="200."/>
				<string name="Hull" value="Bol_RAMP"/>
				<string name="Name" value="Middle1_RAMP"/>
				<string name="TypHL" value="Hull"/>
				<string name="UnitName" value="Bolzano"/>
			</object>
			<object name="Bol5866">
				<integer name="Country" value="5"/>
				<float name="ER" value="200."/>
				<string name="Hull" value="Bol_LAMP"/>
				<string name="Name" value="Middle1_LAMP"/>
				<string name="TypHL" value="Hull"/>
				<string name="UnitName" value="Bolzano"/>
			</object>
			<object name="Bol5867">
				<integer name="Country" value="5"/>
				<float name="ER" value="200."/>
				<string name="Hull" value="Bol_RBelt"/>
				<string name="Name" value="Middle1_RBelt"/>
				<string name="TypHL" value="Hull"/>
				<string name="UnitName" value="Bolzano"/>
			</object>
			<object name="Bol5868">
				<integer name="Country" value="5"/>
				<float name="ER" value="200."/>
				<string name="Hull" value="Bol_LBelt"/>
				<string name="Name" value="Middle1_LBelt"/>
				<string name="TypHL" value="Hull"/>
				<string name="UnitName" value="Bolzano"/>
			</object>
			<object name="Bol5869">
				<integer name="Country" value="5"/>
				<float name="ER" value="200."/>
				<string name="Hull" value="Bol_Bottom"/>
				<string name="Name" value="Middle2_Bottom"/>
				<string name="TypHL" value="FuelTank"/>
				<string name="UnitName" value="Bolzano"/>
			</object>
			<object name="Bol5870">
				<integer name="Country" value="5"/>
				<float name="ER" value="200."/>
				<string name="Hull" value="Bol_UpperHull"/>
				<string name="Name" value="Middle2_UpperDeck"/>
				<string name="TypHL" value="Hull"/>
				<string name="UnitName" value="Bolzano"/>
			</object>
			<object name="Bol5871">
				<integer name="Country" value="5"/>
				<float name="ER" value="200."/>
				<string name="Hull" value="Bol_ADeck"/>
				<string name="Name" value="Middle2_LowerDeck"/>
				<string name="TypHL" value="Hull"/>
				<string name="UnitName" value="Bolzano"/>
			</object>
			<object name="Bol5872">
				<integer name="Country" value="5"/>
				<float name="ER" value="200."/>
				<string name="Hull" value="Std_Boiler"/>
				<string name="Name" value="Boiler2"/>
				<string name="TypHL" value="Boiler"/>
				<string name="UnitName" value="Bolzano"/>
			</object>
			<object name="Bol5873">
				<integer name="Country" value="5"/>
				<float name="ER" value="200."/>
				<string name="Hull" value="Bol_RAMP"/>
				<string name="Name" value="Middle2_RAMP"/>
				<string name="TypHL" value="Hull"/>
				<string name="UnitName" value="Bolzano"/>
			</object>
			<object name="Bol5874">
				<integer name="Country" value="5"/>
				<float name="ER" value="200."/>
				<string name="Hull" value="Bol_LAMP"/>
				<string name="Name" value="Middle2_LAMP"/>
				<string name="TypHL" value="Hull"/>
				<string name="UnitName" value="Bolzano"/>
			</object>
			<object name="Bol5875">
				<integer name="Country" value="5"/>
				<float name="ER" value="200."/>
				<string name="Hull" value="Bol_RBelt"/>
				<string name="Name" value="Middle2_RBelt"/>
				<string name="TypHL" value="Hull"/>
				<string name="UnitName" value="Bolzano"/>
			</object>
			<object name="Bol5876">
				<integer name="Country" value="5"/>
				<float name="ER" value="200."/>
				<string name="Hull" value="Bol_LBelt"/>
				<string name="Name" value="Middle2_LBelt"/>
				<string name="TypHL" value="Hull"/>
				<string name="UnitName" value="Bolzano"/>
			</object>
			<object name="Bol5877">
				<integer name="Country" value="5"/>
				<float name="ER" value="200."/>
				<string name="Hull" value="Bol_UpperHull"/>
				<string name="Name" value="Middle3_UpperDeck"/>
				<string name="TypHL" value="Hull"/>
				<string name="UnitName" value="Bolzano"/>
			</object>
			<object name="Bol5878">
				<integer name="Country" value="5"/>
				<float name="ER" value="200."/>
				<string name="Hull" value="Bol_Bottom"/>
				<string name="Name" value="Middle3_Bottom"/>
				<string name="TypHL" value="FuelTank"/>
				<string name="UnitName" value="Bolzano"/>
			</object>
			<object name="Bol5879">
				<integer name="Country" value="5"/>
				<float name="ER" value="200."/>
				<string name="Hull" value="Bol_ADeck"/>
				<string name="Name" value="Middle3_LowerDeck"/>
				<string name="TypHL" value="Hull"/>
				<string name="UnitName" value="Bolzano"/>
			</object>
			<object name="Bol5880">
				<integer name="Country" value="5"/>
				<float name="ER" value="200."/>
				<string name="Hull" value="Std_Boiler"/>
				<string name="Name" value="Boiler3"/>
				<string name="TypHL" value="Boiler"/>
				<string name="UnitName" value="Bolzano"/>
			</object>
			<object name="Bol5881">
				<integer name="Country" value="5"/>
				<float name="ER" value="200."/>
				<string name="Hull" value="Bol_RAMP"/>
				<string name="Name" value="Middle3_RAMP"/>
				<string name="TypHL" value="Hull"/>
				<string name="UnitName" value="Bolzano"/>
			</object>
			<object name="Bol5882">
				<integer name="Country" value="5"/>
				<float name="ER" value="200."/>
				<string name="Hull" value="Bol_LAMP"/>
				<string name="Name" value="Middle3_LAMP"/>
				<string name="TypHL" value="Hull"/>
				<string name="UnitName" value="Bolzano"/>
			</object>
			<object name="Bol5883">
				<integer name="Country" value="5"/>
				<float name="ER" value="200."/>
				<string name="Hull" value="Bol_RBelt"/>
				<string name="Name" value="Middle3_RBelt"/>
				<string name="TypHL" value="Hull"/>
				<string name="UnitName" value="Bolzano"/>
			</object>
			<object name="Bol5884">
				<integer name="Country" value="5"/>
				<float name="ER" value="200."/>
				<string name="Hull" value="Bol_LBelt"/>
				<string name="Name" value="Middle3_LBelt"/>
				<string name="TypHL" value="Hull"/>
				<string name="UnitName" value="Bolzano"/>
			</object>
			<object name="Bol5885">
				<integer name="Country" value="5"/>
				<float name="ER" value="200."/>
				<string name="Hull" value="Bol_UpperHull"/>
				<string name="Name" value="Middle5_UpperDeck"/>
				<string name="TypHL" value="Hull"/>
				<string name="UnitName" value="Bolzano"/>
			</object>
			<object name="Bol5886">
				<integer name="Country" value="5"/>
				<float name="ER" value="200."/>
				<string name="Hull" value="Bol_ABDeck"/>
				<string name="Name" value="Middle5_LowerDeck"/>
				<string name="TypHL" value="Hull"/>
				<string name="UnitName" value="Bolzano"/>
			</object>
			<object name="Bol5887">
				<integer name="Country" value="5"/>
				<float name="ER" value="200."/>
				<string name="Hull" value="Std_Boiler"/>
				<string name="Name" value="Boiler4"/>
				<string name="TypHL" value="Boiler"/>
				<string name="UnitName" value="Bolzano"/>
			</object>
			<object name="Bol5888">
				<integer name="Country" value="5"/>
				<float name="ER" value="200."/>
				<string name="Hull" value="Bol_Bottom"/>
				<string name="Name" value="Middle5_Bottom"/>
				<string name="TypHL" value="FuelTank"/>
				<string name="UnitName" value="Bolzano"/>
			</object>
			<object name="Bol5889">
				<integer name="Country" value="5"/>
				<float name="ER" value="200."/>
				<string name="Hull" value="Bol_RAMP"/>
				<string name="Name" value="Middle5_RAMP"/>
				<string name="TypHL" value="Hull"/>
				<string name="UnitName" value="Bolzano"/>
			</object>
			<object name="Bol5890">
				<integer name="Country" value="5"/>
				<float name="ER" value="200."/>
				<string name="Hull" value="Bol_LAMP"/>
				<string name="Name" value="Middle5_LAMP"/>
				<string name="TypHL" value="Hull"/>
				<string name="UnitName" value="Bolzano"/>
			</object>
			<object name="Bol5891">
				<integer name="Country" value="5"/>
				<float name="ER" value="200."/>
				<string name="Hull" value="Bol_RBelt"/>
				<string name="Name" value="Middle5_RBelt"/>
				<string name="TypHL" value="Hull"/>
				<string name="UnitName" value="Bolzano"/>
			</object>
			<object name="Bol5892">
				<integer name="Country" value="5"/>
				<float name="ER" value="200."/>
				<string name="Hull" value="Bol_LBelt"/>
				<string name="Name" value="Middle5_LBelt"/>
				<string name="TypHL" value="Hull"/>
				<string name="UnitName" value="Bolzano"/>
			</object>
			<object name="Bol5893">
				<integer name="Country" value="5"/>
				<float name="ER" value="200."/>
				<string name="Hull" value="Bol_Bottom"/>
				<string name="Name" value="Middle6_Bottom"/>
				<string name="TypHL" value="FuelTank"/>
				<string name="UnitName" value="Bolzano"/>
			</object>
			<object name="Bol5894">
				<integer name="Country" value="5"/>
				<float name="ER" value="200."/>
				<string name="Hull" value="Bol_UpperHull"/>
				<string name="Name" value="Middle6_UpperDeck"/>
				<string name="TypHL" value="Hull"/>
				<string name="UnitName" value="Bolzano"/>
			</object>
			<object name="Bol5895">
				<integer name="Country" value="5"/>
				<float name="ER" value="200."/>
				<string name="Hull" value="Bol_ADeck"/>
				<string name="Name" value="Middle6_LowerDeck"/>
				<string name="TypHL" value="Hull"/>
				<string name="UnitName" value="Bolzano"/>
			</object>
			<object name="Bol5896">
				<integer name="Country" value="5"/>
				<float name="ER" value="200."/>
				<string name="Hull" value="Std_Boiler"/>
				<string name="Name" value="Boiler5"/>
				<string name="TypHL" value="Boiler"/>
				<string name="UnitName" value="Bolzano"/>
			</object>
			<object name="Bol5897">
				<integer name="Country" value="5"/>
				<float name="ER" value="200."/>
				<string name="Hull" value="Bol_RAMP"/>
				<string name="Name" value="Middle6_RAMP"/>
				<string name="TypHL" value="Hull"/>
				<string name="UnitName" value="Bolzano"/>
			</object>
			<object name="Bol5898">
				<integer name="Country" value="5"/>
				<float name="ER" value="200."/>
				<string name="Hull" value="Bol_LAMP"/>
				<string name="Name" value="Middle6_LAMP"/>
				<string name="TypHL" value="Hull"/>
				<string name="UnitName" value="Bolzano"/>
			</object>
			<object name="Bol5899">
				<integer name="Country" value="5"/>
				<float name="ER" value="200."/>
				<string name="Hull" value="Bol_RBelt"/>
				<string name="Name" value="Middle6_RBelt"/>
				<string name="TypHL" value="Hull"/>
				<string name="UnitName" value="Bolzano"/>
			</object>
			<object name="Bol5900">
				<integer name="Country" value="5"/>
				<float name="ER" value="200."/>
				<string name="Hull" value="Bol_LBelt"/>
				<string name="Name" value="Middle6_LBelt"/>
				<string name="TypHL" value="Hull"/>
				<string name="UnitName" value="Bolzano"/>
			</object>
			<object name="Bol5901">
				<integer name="Country" value="5"/>
				<float name="ER" value="200."/>
				<string name="Hull" value="Bol_ADeck"/>
				<string name="Name" value="Middle7_LowerDeck"/>
				<string name="TypHL" value="Hull"/>
				<string name="UnitName" value="Bolzano"/>
			</object>
			<object name="Bol5902">
				<integer name="Country" value="5"/>
				<float name="ER" value="200."/>
				<string name="Hull" value="Std_Boiler"/>
				<string name="Name" value="Boiler6"/>
				<string name="TypHL" value="Boiler"/>
				<string name="UnitName" value="Bolzano"/>
			</object>
			<object name="Bol5903">
				<integer name="Country" value="5"/>
				<float name="ER" value="200."/>
				<string name="Hull" value="Bol_Bottom"/>
				<string name="Name" value="Middle7_Bottom"/>
				<string name="TypHL" value="FuelTank"/>
				<string name="UnitName" value="Bolzano"/>
			</object>
			<object name="Bol5904">
				<integer name="Country" value="5"/>
				<float name="ER" value="200."/>
				<string name="Hull" value="Bol_RAMP"/>
				<string name="Name" value="Middle7_RAMP"/>
				<string name="TypHL" value="Hull"/>
				<string name="UnitName" value="Bolzano"/>
			</object>
			<object name="Bol5905">
				<integer name="Country" value="5"/>
				<float name="ER" value="200."/>
				<string name="Hull" value="Bol_LAMP"/>
				<string name="Name" value="Middle7_LAMP"/>
				<string name="TypHL" value="Hull"/>
				<string name="UnitName" value="Bolzano"/>
			</object>
			<object name="Bol5906">
				<integer name="Country" value="5"/>
				<float name="ER" value="200."/>
				<string name="Hull" value="Bol_RBelt"/>
				<string name="Name" value="Middle7_RBelt"/>
				<string name="TypHL" value="Hull"/>
				<string name="UnitName" value="Bolzano"/>
			</object>
			<object name="Bol5907">
				<integer name="Country" value="5"/>
				<float name="ER" value="200."/>
				<string name="Hull" value="Bol_LBelt"/>
				<string name="Name" value="Middle7_LBelt"/>
				<string name="TypHL" value="Hull"/>
				<string name="UnitName" value="Bolzano"/>
			</object>
			<object name="Bol5908">
				<integer name="Country" value="5"/>
				<float name="ER" value="200."/>
				<string name="Hull" value="Bol_UpperHull"/>
				<string name="Name" value="Middle7_UpperDeck"/>
				<string name="TypHL" value="Hull"/>
				<string name="UnitName" value="Bolzano"/>
			</object>
			<object name="Bol5909">
				<integer name="Country" value="5"/>
				<float name="ER" value="200."/>
				<string name="Hull" value="Bol_Bottom"/>
				<string name="Name" value="Middle4_Bottom"/>
				<string name="TypHL" value="FuelTank"/>
				<string name="UnitName" value="Bolzano"/>
			</object>
			<object name="Bol5910">
				<integer name="Country" value="5"/>
				<float name="ER" value="200."/>
				<string name="Hull" value="Bol_UpperHull"/>
				<string name="Name" value="Middle4_UpperDeck"/>
				<string name="TypHL" value="Hull"/>
				<string name="UnitName" value="Bolzano"/>
			</object>
			<object name="Bol5911">
				<integer name="Country" value="5"/>
				<float name="ER" value="200."/>
				<string name="Hull" value="Bol_ADeck"/>
				<string name="Name" value="Middle4_LowerDeck"/>
				<string name="TypHL" value="Hull"/>
				<string name="UnitName" value="Bolzano"/>
			</object>
			<object name="Bol5912">
				<string name="ConnectName" value="Boiler1;Boiler2;Boiler3;"/>
				<integer name="Country" value="5"/>
				<float name="ER" value="200."/>
				<string name="Hull" value="Std_Engine"/>
				<string name="Name" value="REngine"/>
				<string name="TypHL" value="Engine"/>
				<string name="UnitName" value="Bolzano"/>
			</object>
			<object name="Bol5913">
				<integer name="Country" value="5"/>
				<float name="ER" value="200."/>
				<string name="Hull" value="Bol_RAMP"/>
				<string name="Name" value="Middle4_RAMP"/>
				<string name="TypHL" value="Hull"/>
				<string name="UnitName" value="Bolzano"/>
			</object>
			<object name="Bol5914">
				<integer name="Country" value="5"/>
				<float name="ER" value="200."/>
				<string name="Hull" value="Bol_LAMP"/>
				<string name="Name" value="Middle4_LAMP"/>
				<string name="TypHL" value="Hull"/>
				<string name="UnitName" value="Bolzano"/>
			</object>
			<object name="Bol5915">
				<integer name="Country" value="5"/>
				<float name="ER" value="200."/>
				<string name="Hull" value="Bol_RBelt"/>
				<string name="Name" value="Middle4_RBelt"/>
				<string name="TypHL" value="Hull"/>
				<string name="UnitName" value="Bolzano"/>
			</object>
			<object name="Bol5916">
				<integer name="Country" value="5"/>
				<float name="ER" value="200."/>
				<string name="Hull" value="Bol_LBelt"/>
				<string name="Name" value="Middle4_LBelt"/>
				<string name="TypHL" value="Hull"/>
				<string name="UnitName" value="Bolzano"/>
			</object>
			<object name="Bol5917">
				<integer name="Country" value="5"/>
				<float name="ER" value="200."/>
				<string name="Hull" value="Bol_Bottom"/>
				<string name="Name" value="Middle8_Bottom"/>
				<string name="TypHL" value="FuelTank"/>
				<string name="UnitName" value="Bolzano"/>
			</object>
			<object name="Bol5918">
				<integer name="Country" value="5"/>
				<float name="ER" value="200."/>
				<string name="Hull" value="Bol_UpperHull"/>
				<string name="Name" value="Middle8_UpperDeck"/>
				<string name="TypHL" value="Hull"/>
				<string name="UnitName" value="Bolzano"/>
			</object>
			<object name="Bol5919">
				<integer name="Country" value="5"/>
				<float name="ER" value="200."/>
				<string name="Hull" value="Bol_ADeck"/>
				<string name="Name" value="Middle8_LowerDeck"/>
				<string name="TypHL" value="Hull"/>
				<string name="UnitName" value="Bolzano"/>
			</object>
			<object name="Bol5920">
				<string name="ConnectName" value="Boiler4;Boiler5;Boiler6;"/>
				<integer name="Country" value="5"/>
				<float name="ER" value="200."/>
				<string name="Hull" value="Std_Engine"/>
				<string name="Name" value="LEngine"/>
				<string name="TypHL" value="Engine"/>
				<string name="UnitName" value="Bolzano"/>
			</object>
			<object name="Bol5921">
				<integer name="Country" value="5"/>
				<float name="ER" value="200."/>
				<string name="Hull" value="Bol_RAMP"/>
				<string name="Name" value="Middle8_RAMP"/>
				<string name="TypHL" value="Hull"/>
				<string name="UnitName" value="Bolzano"/>
			</object>
			<object name="Bol5922">
				<integer name="Country" value="5"/>
				<float name="ER" value="200."/>
				<string name="Hull" value="Bol_LAMP"/>
				<string name="Name" value="Middle8_LAMP"/>
				<string name="TypHL" value="Hull"/>
				<string name="UnitName" value="Bolzano"/>
			</object>
			<object name="Bol5923">
				<integer name="Country" value="5"/>
				<float name="ER" value="200."/>
				<string name="Hull" value="Bol_RBelt"/>
				<string name="Name" value="Middle8_RBelt"/>
				<string name="TypHL" value="Hull"/>
				<string name="UnitName" value="Bolzano"/>
			</object>
			<object name="Bol5924">
				<integer name="Country" value="5"/>
				<float name="ER" value="200."/>
				<string name="Hull" value="Bol_LBelt"/>
				<string name="Name" value="Middle8_LBelt"/>
				<string name="TypHL" value="Hull"/>
				<string name="UnitName" value="Bolzano"/>
			</object>
			<object name="Bol5925">
				<integer name="Country" value="5"/>
				<float name="ER" value="200."/>
				<string name="Hull" value="Bol_UpperHull"/>
				<string name="Name" value="Stern1_UpperDeck"/>
				<string name="TypHL" value="Hull"/>
				<string name="UnitName" value="Bolzano"/>
			</object>
			<object name="Bol5926">
				<integer name="Country" value="5"/>
				<float name="ER" value="200."/>
				<string name="Hull" value="Bol_ASDeck"/>
				<string name="Name" value="Stern1_LowerDeck"/>
				<string name="TypHL" value="Hull"/>
				<string name="UnitName" value="Bolzano"/>
			</object>
			<object name="Bol5927">
				<integer name="Country" value="5"/>
				<float name="ER" value="200."/>
				<string name="Hull" value="Bol_AS_T2"/>
				<string name="Name" value="AmmoStore3_2"/>
				<string name="TypHL" value="AmmoStore"/>
				<string name="UnitName" value="Bolzano"/>
			</object>
			<object name="Bol5928">
				<integer name="Country" value="5"/>
				<float name="ER" value="200."/>
				<string name="Hull" value="Bol_AS_T1"/>
				<string name="Name" value="AmmoStore3_1"/>
				<string name="TypHL" value="AmmoStore"/>
				<string name="UnitName" value="Bolzano"/>
			</object>
			<object name="Bol5929">
				<integer name="Country" value="5"/>
				<float name="ER" value="200."/>
				<string name="Hull" value="Bol_RAMP"/>
				<string name="Name" value="Stern1_RAMP"/>
				<string name="TypHL" value="Hull"/>
				<string name="UnitName" value="Bolzano"/>
			</object>
			<object name="Bol5930">
				<integer name="Country" value="5"/>
				<float name="ER" value="200."/>
				<string name="Hull" value="Bol_LAMP"/>
				<string name="Name" value="Stern1_LAMP"/>
				<string name="TypHL" value="Hull"/>
				<string name="UnitName" value="Bolzano"/>
			</object>
			<object name="Bol5931">
				<integer name="Country" value="5"/>
				<float name="ER" value="200."/>
				<string name="Hull" value="Bol_RSBelt"/>
				<string name="Name" value="Stern1_RBelt"/>
				<string name="TypHL" value="Hull"/>
				<string name="UnitName" value="Bolzano"/>
			</object>
			<object name="Bol5932">
				<integer name="Country" value="5"/>
				<float name="ER" value="200."/>
				<string name="Hull" value="Bol_LSBelt"/>
				<string name="Name" value="Stern1_LBelt"/>
				<string name="TypHL" value="Hull"/>
				<string name="UnitName" value="Bolzano"/>
			</object>
			<object name="Bol5933">
				<integer name="Country" value="5"/>
				<float name="ER" value="200."/>
				<string name="Hull" value="Bol_Bottom"/>
				<string name="Name" value="Bow1_Bottom"/>
				<string name="TypHL" value="Hull"/>
				<string name="UnitName" value="Bolzano"/>
			</object>
			<object name="Bol5934">
				<integer name="Country" value="5"/>
				<float name="ER" value="200."/>
				<string name="Hull" value="Bol_ADeck"/>
				<string name="Name" value="Bow1_LowerDeck"/>
				<string name="TypHL" value="Hull"/>
				<string name="UnitName" value="Bolzano"/>
			</object>
			<object name="Bol5935">
				<integer name="Country" value="5"/>
				<float name="ER" value="200."/>
				<string name="Hull" value="Bol_UpperHull"/>
				<string name="Name" value="Bow1_UpperDeck"/>
				<string name="TypHL" value="Hull"/>
				<string name="UnitName" value="Bolzano"/>
			</object>
			<object name="Bol5936">
				<integer name="Country" value="5"/>
				<float name="ER" value="200."/>
				<string name="Hull" value="Bol_UpperHull"/>
				<string name="Name" value="Stern2_UpperDeck"/>
				<string name="TypHL" value="Hull"/>
				<string name="UnitName" value="Bolzano"/>
			</object>
			<object name="Bol5937">
				<integer name="Country" value="5"/>
				<float name="ER" value="200."/>
				<string name="Hull" value="Bol_Bottom"/>
				<string name="Name" value="Stern2_LowerDeck"/>
				<string name="TypHL" value="Hull"/>
				<string name="UnitName" value="Bolzano"/>
			</object>
			<object name="Bol5938">
				<integer name="Country" value="5"/>
				<float name="ER" value="200."/>
				<string name="Hull" value="Bol_Tiller"/>
				<string name="Name" value="Tiller"/>
				<string name="TypHL" value="Hull"/>
				<string name="UnitName" value="Bolzano"/>
			</object>
			<object name="Bol5939">
				<integer name="Country" value="5"/>
				<float name="ER" value="200."/>
				<string name="Hull" value="Bol_SmokeStack"/>
				<string name="Name" value="SmokeStack_Bow"/>
				<string name="TypHL" value="Hull"/>
				<string name="UnitName" value="Bolzano"/>
			</object>
			<object name="Bol5940">
				<integer name="Country" value="5"/>
				<float name="ER" value="200."/>
				<string name="Hull" value="Bol_UpperHull"/>
				<string name="Name" value="ConingBridge"/>
				<string name="TypHL" value="Hull"/>
				<string name="UnitName" value="Bolzano"/>
			</object>
			<object name="Bol5941">
				<integer name="Country" value="5"/>
				<float name="ER" value="200."/>
				<string name="Hull" value="Bol_SmokeStack"/>
				<string name="Name" value="SmokeStack_Stern"/>
				<string name="TypHL" value="Hull"/>
				<string name="UnitName" value="Bolzano"/>
			</object>
			<object name="Bol5942">
				<integer name="Country" value="5"/>
				<integer name="Crew" value="140"/>
				<float name="ER" value="200."/>
				<string name="Hull" value="Bol_UpperHull"/>
				<string name="Name" value="Stern_Superstructure1"/>
				<string name="TypHL" value="Crew"/>
				<string name="UnitName" value="Bolzano"/>
			</object>
			<object name="Bol5943">
				<integer name="Country" value="5"/>
				<integer name="Crew" value="140"/>
				<float name="ER" value="200."/>
				<string name="Hull" value="Bol_UpperHull"/>
				<string name="Name" value="Middle_Superstructure"/>
				<string name="TypHL" value="Crew"/>
				<string name="UnitName" value="Bolzano"/>
			</object>
			<object name="Bol5944">
				<integer name="Country" value="5"/>
				<integer name="Crew" value="140"/>
				<float name="ER" value="200."/>
				<string name="Hull" value="Bol_UpperHull"/>
				<string name="Name" value="Stern_Superstructure2"/>
				<string name="TypHL" value="Crew"/>
				<string name="UnitName" value="Bolzano"/>
			</object>
		</object>
		<object name="Hulls">	  
			<object name="Bol_UpperHull">
				<integer name="Back" value="30"/>
				<integer name="Bottom" value="30"/>
				<integer name="Country" value="5"/>
				<float name="ExplProb" value="0."/>
				<float name="FireProb" value="10."/>
				<integer name="Front" value="30"/>
				<integer name="Left" value="30"/>
				<string name="Material" value="Armored"/>
				<integer name="Right" value="30"/>
				<integer name="Top" value="30"/>
				<integer name="UnitName" value="0"/>
				<string name="UnitTyp" value="Ship"/>
			</object>
			<object name="Bol_BattleCabine">
				<integer name="Back" value="100"/>
				<integer name="Bottom" value="10"/>
				<integer name="Country" value="5"/>
				<float name="ExplProb" value="0."/>
				<float name="FireProb" value="0."/>
				<integer name="Front" value="100"/>
				<integer name="Left" value="100"/>
				<string name="Material" value="Armored"/>
				<integer name="Right" value="100"/>
				<integer name="Top" value="50"/>
				<integer name="UnitName" value="0"/>
				<string name="UnitTyp" value="Ship"/>
			</object>
			<object name="Bol_ABDeck">
				<integer name="Back" value="10"/>
				<integer name="Bottom" value="20"/>
				<integer name="Country" value="5"/>
				<float name="ExplProb" value="0."/>
				<float name="FireProb" value="0."/>
				<integer name="Front" value="10"/>
				<integer name="Left" value="10"/>
				<string name="Material" value="Armored"/>
				<integer name="Right" value="10"/>
				<integer name="Top" value="50"/>
				<integer name="UnitName" value="0"/>
				<string name="UnitTyp" value="Ship"/>
			</object>
			<object name="Bol_ADeck">
				<integer name="Back" value="10"/>
				<integer name="Bottom" value="20"/>
				<integer name="Country" value="5"/>
				<float name="ExplProb" value="0."/>
				<float name="FireProb" value="0."/>
				<integer name="Front" value="10"/>
				<integer name="Left" value="10"/>
				<string name="Material" value="Armored"/>
				<integer name="Right" value="10"/>
				<integer name="Top" value="50"/>
				<integer name="UnitName" value="0"/>
				<string name="UnitTyp" value="Ship"/>
			</object>
			<object name="Bol_ASDeck">
				<integer name="Back" value="10"/>
				<integer name="Bottom" value="20"/>
				<integer name="Country" value="5"/>
				<float name="ExplProb" value="0."/>
				<float name="FireProb" value="0."/>
				<integer name="Front" value="10"/>
				<integer name="Left" value="10"/>
				<string name="Material" value="Armored"/>
				<integer name="Right" value="10"/>
				<integer name="Top" value="50"/>
				<integer name="UnitName" value="0"/>
				<string name="UnitTyp" value="Ship"/>
			</object>
			<object name="Bol_Barbet">
				<integer name="Back" value="150"/>
				<integer name="Bottom" value="10"/>
				<integer name="Country" value="5"/>
				<float name="ExplProb" value="10."/>
				<float name="FireProb" value="20."/>
				<integer name="Front" value="150"/>
				<integer name="Left" value="150"/>
				<string name="Material" value="Armored"/>
				<integer name="Right" value="150"/>
				<integer name="Top" value="150"/>
				<integer name="UnitName" value="0"/>
				<string name="UnitTyp" value="Ship"/>
			</object>
			<object name="Bol_LBBelt">
				<integer name="Back" value="10"/>
				<integer name="Bottom" value="20"/>
				<integer name="Country" value="5"/>
				<float name="ExplProb" value="0."/>
				<float name="FireProb" value="0."/>
				<integer name="Front" value="70"/>
				<integer name="Left" value="70"/>
				<string name="Material" value="Armored"/>
				<integer name="Right" value="20"/>
				<integer name="Top" value="70"/>
				<integer name="UnitName" value="0"/>
				<string name="UnitTyp" value="Ship"/>
			</object>
			<object name="Bol_LBelt">
				<integer name="Back" value="10"/>
				<integer name="Bottom" value="20"/>
				<integer name="Country" value="5"/>
				<float name="ExplProb" value="0."/>
				<float name="FireProb" value="0."/>
				<integer name="Front" value="70"/>
				<integer name="Left" value="70"/>
				<string name="Material" value="Armored"/>
				<integer name="Right" value="20"/>
				<integer name="Top" value="70"/>
				<integer name="UnitName" value="0"/>
				<string name="UnitTyp" value="Ship"/>
			</object>
			<object name="Bol_LSBelt">
				<integer name="Back" value="10"/>
				<integer name="Bottom" value="20"/>
				<integer name="Country" value="5"/>
				<float name="ExplProb" value="0."/>
				<float name="FireProb" value="0."/>
				<integer name="Front" value="70"/>
				<integer name="Left" value="70"/>
				<string name="Material" value="Armored"/>
				<integer name="Right" value="20"/>
				<integer name="Top" value="70"/>
				<integer name="UnitName" value="0"/>
				<string name="UnitTyp" value="Ship"/>
			</object>
			<object name="Bol_RBBelt">
				<integer name="Back" value="10"/>
				<integer name="Bottom" value="20"/>
				<integer name="Country" value="5"/>
				<float name="ExplProb" value="0."/>
				<float name="FireProb" value="0."/>
				<integer name="Front" value="70"/>
				<integer name="Left" value="20"/>
				<string name="Material" value="Armored"/>
				<integer name="Right" value="70"/>
				<integer name="Top" value="70"/>
				<integer name="UnitName" value="0"/>
				<string name="UnitTyp" value="Ship"/>
			</object>
			<object name="Bol_RBelt">
				<integer name="Back" value="10"/>
				<integer name="Bottom" value="20"/>
				<integer name="Country" value="5"/>
				<float name="ExplProb" value="0."/>
				<float name="FireProb" value="0."/>
				<integer name="Front" value="70"/>
				<integer name="Left" value="20"/>
				<string name="Material" value="Armored"/>
				<integer name="Right" value="70"/>
				<integer name="Top" value="70"/>
				<integer name="UnitName" value="0"/>
				<string name="UnitTyp" value="Ship"/>
			</object>
			<object name="Bol_RSBelt">
				<integer name="Back" value="10"/>
				<integer name="Bottom" value="20"/>
				<integer name="Country" value="5"/>
				<float name="ExplProb" value="0."/>
				<float name="FireProb" value="0."/>
				<integer name="Front" value="70"/>
				<integer name="Left" value="20"/>
				<string name="Material" value="Armored"/>
				<integer name="Right" value="70"/>
				<integer name="Top" value="70"/>
				<integer name="UnitName" value="0"/>
				<string name="UnitTyp" value="Ship"/>
			</object>
			<object name="Bol_Tiller">
				<integer name="Back" value="30"/>
				<integer name="Bottom" value="30"/>
				<integer name="Country" value="5"/>
				<float name="ExplProb" value="0."/>
				<float name="FireProb" value="0."/>
				<integer name="Front" value="30"/>
				<integer name="Left" value="30"/>
				<string name="Material" value="Armored"/>
				<integer name="Right" value="30"/>
				<integer name="Top" value="30"/>
				<integer name="UnitName" value="0"/>
				<string name="UnitTyp" value="Ship"/>
			</object>
			<object name="Bol_AS_T1">
				<integer name="Back" value="40"/>
				<integer name="Bottom" value="20"/>
				<integer name="Country" value="5"/>
				<float name="ExplProb" value="20."/>
				<float name="FireProb" value="10."/>
				<integer name="Front" value="40"/>
				<integer name="Left" value="40"/>
				<string name="Material" value="Armored"/>
				<integer name="Right" value="40"/>
				<integer name="Top" value="40"/>  
				<integer name="UnitName" value="0"/>
				<string name="UnitTyp" value="Ship"/>
			</object>
			<object name="Bol_AS_T2">
				<integer name="Back" value="40"/>
				<integer name="Bottom" value="20"/>
				<integer name="Country" value="5"/>
				<float name="ExplProb" value="20."/>
				<float name="FireProb" value="10."/>
				<integer name="Front" value="10"/>
				<integer name="Left" value="40"/>
				<string name="Material" value="Armored"/>
				<integer name="Right" value="40"/>
				<integer name="Top" value="40"/>
				<integer name="UnitName" value="0"/>
				<string name="UnitTyp" value="Ship"/>
			</object>	
			<object name="Bol_Bottom">
				<integer name="Back" value="25"/>
				<integer name="Bottom" value="25"/>
				<integer name="Country" value="5"/>
				<float name="ExplProb" value="0."/>
				<float name="FireProb" value="0."/>
				<integer name="Front" value="25"/>
				<integer name="Left" value="25"/>
				<string name="Material" value="Steel"/>
				<integer name="Right" value="25"/>
				<integer name="Top" value="25"/>
				<integer name="UnitName" value="0"/>
				<string name="UnitTyp" value="Ship"/>
			</object>
			<object name="Bol_LAMP">
				<integer name="Back" value="20"/>
				<integer name="Bottom" value="10"/>
				<integer name="Country" value="5"/>
				<float name="ExplProb" value="0."/>
				<float name="FireProb" value="0."/>
				<integer name="Front" value="20"/>
				<integer name="Left" value="40"/>
				<string name="Material" value="Armored"/>
				<integer name="Right" value="40"/>
				<integer name="Top" value="20"/>
				<integer name="UnitName" value="0"/>
				<string name="UnitTyp" value="Ship"/>
			</object> 
			<object name="Bol_RAMP">
				<integer name="Back" value="20"/>
				<integer name="Bottom" value="10"/>
				<integer name="Country" value="5"/>
				<float name="ExplProb" value="0."/>
				<float name="FireProb" value="0."/>
				<integer name="Front" value="20"/>
				<integer name="Left" value="40"/>
				<string name="Material" value="Armored"/>
				<integer name="Right" value="40"/>
				<integer name="Top" value="20"/>
				<integer name="UnitName" value="0"/>
				<string name="UnitTyp" value="Ship"/>
			</object> 
			<object name="Bol_SmokeStack">
				<integer name="Back" value="25"/>
				<integer name="Bottom" value="25"/>
				<integer name="Country" value="5"/>
				<float name="ExplProb" value="0."/>
				<float name="FireProb" value="0."/>
				<integer name="Front" value="25"/>
				<integer name="Left" value="25"/>
				<string name="Material" value="Steel"/>
				<integer name="Right" value="25"/>
				<integer name="Top" value="25"/>
				<integer name="UnitName" value="0"/>
				<string name="UnitTyp" value="Ship"/>
			</object>
        	</object>
		<object name="Engins">
			<object name="MPP_Bolzano">
				<float name="Consumption" value="3.3e-004"/>
				<integer name="Country" value="5"/>
				<float name="Money" value="12000."/>
				<integer name="Power_Max" value="150000"/>
				<integer name="RPM_Max" value="0"/>
				<integer name="Type" value="8"/>
				<integer name="Unreliability" value="10"/>
				<string name="Usage" value="Ships"/>
				<float name="Weight" value="1100."/>
			</object>
		</object>
		<object name="ShipsNames">
			<object name="Bolzano">
				<string name="1" value="Bolzano"/>
			</object>
		</object>
		<object name="UnitsByType">
			<object name="2">
				<object name="Bolzano">
					<string name="ChildTable" value="Ships"/>
				</object>
			</object>
		</object>
	</object>
</root>
