﻿<?xml version="1.0" standalone="yes" ?>
<root>
	<object name="SteelMonstersParams">
		<object name="Hit_Location">
			<object name="HippA858">
				<integer name="Country" value="5"/>
				<float name="ER" value="50."/>
				<string name="Hull" value="AdmiralHipper_Turret_RF"/>
				<string name="Name" value="LRangefinder"/>
				<string name="TypHL" value="Probe"/>
				<string name="UnitName" value="AdmiralHipper_MG_Turret_1V_Anton"/>
			</object>
			<object name="HippA859">
				<integer name="Country" value="5"/>
				<float name="ER" value="50."/>
				<string name="Hull" value="AdmiralHipper_Turret_RF"/>
				<string name="Name" value="RRangefinder"/>
				<string name="TypHL" value="Probe"/>
				<string name="UnitName" value="AdmiralHipper_MG_Turret_1V_Anton"/>
			</object>
			<object name="HippA860">
				<integer name="Country" value="5"/>
				<float name="ER" value="200."/>
				<string name="Hull" value="AdmiralHipper_MTurretV1"/>
				<string name="Name" value="Turret"/>
				<string name="TypHL" value="AmmoStore"/>
				<string name="UnitName" value="AdmiralHipper_MG_Turret_1V_Anton"/>
			</object>
			<object name="HippA861">
				<integer name="Country" value="5"/>
				<float name="ER" value="50."/>
				<string name="Hull" value="AdmiralHipper_MTurretV1_Shakegeban"/>
				<string name="Name" value="Shakegeban"/>
				<string name="TypHL" value="Probe"/>
				<string name="UnitName" value="AdmiralHipper_MG_Turret_1V_Anton"/>
			</object>
			<object name="HippB858">
				<integer name="Country" value="5"/>
				<float name="ER" value="50."/>
				<string name="Hull" value="AdmiralHipper_Turret_RF"/>
				<string name="Name" value="LRangefinder"/>
				<string name="TypHL" value="Probe"/>
				<string name="UnitName" value="AdmiralHipper_MG_Turret_1V_Bruno"/>
			</object>
			<object name="HippB859">
				<integer name="Country" value="5"/>
				<float name="ER" value="50."/>
				<string name="Hull" value="AdmiralHipper_Turret_RF"/>
				<string name="Name" value="RRangefinder"/>
				<string name="TypHL" value="Probe"/>
				<string name="UnitName" value="AdmiralHipper_MG_Turret_1V_Bruno"/>
			</object>
			<object name="HippB860">
				<integer name="Country" value="5"/>
				<float name="ER" value="200."/>
				<string name="Hull" value="AdmiralHipper_MTurretV1"/>
				<string name="Name" value="Turret"/>
				<string name="TypHL" value="AmmoStore"/>
				<string name="UnitName" value="AdmiralHipper_MG_Turret_1V_Bruno"/>
			</object>
			<object name="HippB861">
				<integer name="Country" value="5"/>
				<float name="ER" value="50."/>
				<string name="Hull" value="AdmiralHipper_MTurretV1_Shakegeban"/>
				<string name="Name" value="Shakegeban"/>
				<string name="TypHL" value="Probe"/>
				<string name="UnitName" value="AdmiralHipper_MG_Turret_1V_Bruno"/>
			</object>
			<object name="HippC858">
				<integer name="Country" value="5"/>
				<float name="ER" value="50."/>
				<string name="Hull" value="AdmiralHipper_Turret_RF"/>
				<string name="Name" value="LRangefinder"/>
				<string name="TypHL" value="Probe"/>
				<string name="UnitName" value="AdmiralHipper_MG_Turret_1V_Cesar"/>
			</object>
			<object name="HippC859">
				<integer name="Country" value="5"/>
				<float name="ER" value="50."/>
				<string name="Hull" value="AdmiralHipper_Turret_RF"/>
				<string name="Name" value="RRangefinder"/>
				<string name="TypHL" value="Probe"/>
				<string name="UnitName" value="AdmiralHipper_MG_Turret_1V_Cesar"/>
			</object>
			<object name="HippC860">
				<integer name="Country" value="5"/>
				<float name="ER" value="200."/>
				<string name="Hull" value="AdmiralHipper_MTurretV1"/>
				<string name="Name" value="Turret"/>
				<string name="TypHL" value="AmmoStore"/>
				<string name="UnitName" value="AdmiralHipper_MG_Turret_1V_Cesar"/>
			</object>
			<object name="HippC861">
				<integer name="Country" value="5"/>
				<float name="ER" value="50."/>
				<string name="Hull" value="AdmiralHipper_MTurretV1_Shakegeban"/>
				<string name="Name" value="Shakegeban"/>
				<string name="TypHL" value="Probe"/>
				<string name="UnitName" value="AdmiralHipper_MG_Turret_1V_Cesar"/>
			</object>
			<object name="HippD858">
				<integer name="Country" value="5"/>
				<float name="ER" value="50."/>
				<string name="Hull" value="AdmiralHipper_Turret_RF"/>
				<string name="Name" value="LRangefinder"/>
				<string name="TypHL" value="Probe"/>
				<string name="UnitName" value="AdmiralHipper_MG_Turret_1V_Dora"/>
			</object>
			<object name="HippD859">
				<integer name="Country" value="5"/>
				<float name="ER" value="50."/>
				<string name="Hull" value="AdmiralHipper_Turret_RF"/>
				<string name="Name" value="RRangefinder"/>
				<string name="TypHL" value="Probe"/>
				<string name="UnitName" value="AdmiralHipper_MG_Turret_1V_Dora"/>
			</object>
			<object name="HippD860">
				<integer name="Country" value="5"/>
				<float name="ER" value="200."/>
				<string name="Hull" value="AdmiralHipper_MTurretV1"/>
				<string name="Name" value="Turret"/>
				<string name="TypHL" value="AmmoStore"/>
				<string name="UnitName" value="AdmiralHipper_MG_Turret_1V_Dora"/>
			</object>
			<object name="HippD861">
				<integer name="Country" value="5"/>
				<float name="ER" value="50."/>
				<string name="Hull" value="AdmiralHipper_MTurretV1_Shakegeban"/>
				<string name="Name" value="Shakegeban"/>
				<string name="TypHL" value="Probe"/>
				<string name="UnitName" value="AdmiralHipper_MG_Turret_1V_Dora"/>
			</object>
		</object>
		<object name="Hulls">
			<object name="AdmiralHipper_MTurretV1">
				<integer name="Back" value="70"/>
				<integer name="Bottom" value="105"/>
				<integer name="Country" value="5"/>
				<float name="ExplProb" value="10."/>
				<float name="FireProb" value="10."/>
				<integer name="Front" value="105"/>
				<integer name="Left" value="70"/>
				<string name="Material" value="KCn/A"/>
				<integer name="Right" value="70"/>
				<integer name="Top" value="70"/>
				<integer name="UnitName" value="0"/>
				<string name="UnitTyp" value="Turret"/>
			</object>
			<object name="AdmiralHipper_MTurretV1_Shakegeban">
				<integer name="Back" value="70"/>
				<integer name="Bottom" value="105"/>
				<integer name="Country" value="5"/>
				<float name="ExplProb" value="0."/>
				<float name="FireProb" value="10."/>
				<integer name="Front" value="105"/>
				<integer name="Left" value="70"/>
				<string name="Material" value="Armored"/>
				<integer name="Right" value="70"/>
				<integer name="Top" value="105"/>
				<integer name="UnitName" value="0"/>
				<string name="UnitTyp" value="Turret"/>
			</object>
			<object name="AdmiralHipper_Turret_RF">
				<integer name="Back" value="20"/>
				<integer name="Bottom" value="40"/>
				<integer name="Country" value="5"/>
				<float name="ExplProb" value="0."/>
				<float name="FireProb" value="10."/>
				<integer name="Front" value="20"/>
				<integer name="Left" value="20"/>
				<string name="Material" value="Armored"/>
				<integer name="Right" value="20"/>
				<integer name="Top" value="20"/>
				<integer name="UnitName" value="0"/>
				<string name="UnitTyp" value="Turret"/>
			</object>
		</object>
		<object name="Rifles">
			<object name="AdmiralHipper_MG_Stvol_1V">
				<float name="AARange" value="0."/>
				<string name="Ammo" value="Proj_203_G"/>
				<integer name="AmmoStorage" value="140"/>
				<float name="AmmoWeight" value="122."/>
				<string name="ArmPiercing" value="Proj_203_G_AP"/>
				<float name="Caliber" value="203."/>
				<integer name="Country" value="5"/>
				<float name="Dispersion" value="4."/>
				<integer name="FinalSpeed" value="463"/>
				<string name="FireSound" value="Guns\203mm"/>
				<string name="HighExp" value="Proj_203_G_HE"/>
				<boolean name="IgnoreXMLFile" value="false"/>
				<float name="Money" value="24.2"/>
				<boolean name="New" value="false"/>
				<float name="Range" value="33.5"/>
				<float name="ROF" value="5."/>
				<boolean name="SLLauncher" value="false"/>
				<string name="SMU_File" value="AdmiralHipper_MG_Stvol_1V"/>
				<integer name="StartSpeed" value="925"/>
				<integer name="Unreliability" value="0"/>
				<string name="Usage" value="Ships"/>
				<float name="Weight" value="20.7"/>
			</object>
		</object>
		<object name="Turrets">
			<object name="AdmiralHipper_MG_Turret_1V_Anton">
				<integer name="Amount" value="2"/>
				<integer name="ArmorFront" value="105"/>
				<integer name="ArmorSide" value="70"/>
				<integer name="ArmorTop" value="70"/>
				<string name="Building" value="Artillery"/>
				<string name="Content" value="Rifles.AdmiralHipper_MG_Stvol_1V"/>
				<integer name="Country" value="5"/>
				<float name="DTimeProd" value="15."/>
				<integer name="Elevation" value="37"/>
				<integer name="ElevationRate" value="8"/>
				<string name="Icon" value="Artillery"/>
				<boolean name="IgnoreXMLFile" value="false"/>
				<float name="Iron" value="250."/>
				<float name="Money" value="250."/>
				<boolean name="New" value="true"/>
				<float name="NTimeProd" value="75."/>
				<boolean name="Production" value="false"/>
				<integer name="QualityRate" value="6"/>
				<integer name="RotationRate" value="7"/>
				<string name="SMU_File" value="AdmiralHipper_MG_Turret_1V_Anton"/>
				<string name="Type" value="Gun"/>
				<float name="Vitality" value="900."/>
				<float name="Weight" value="262."/>
			</object>
			<object name="AdmiralHipper_MG_Turret_1V_Bruno">
				<integer name="Amount" value="2"/>
				<integer name="ArmorFront" value="105"/>
				<integer name="ArmorSide" value="70"/>
				<integer name="ArmorTop" value="70"/>
				<string name="Building" value="Artillery"/>
				<string name="Content" value="Rifles.AdmiralHipper_MG_Stvol_1V"/>
				<integer name="Country" value="5"/>
				<float name="DTimeProd" value="15."/>
				<integer name="Elevation" value="37"/>
				<integer name="ElevationRate" value="8"/>
				<string name="Icon" value="Artillery"/>
				<boolean name="IgnoreXMLFile" value="false"/>
				<float name="Iron" value="250."/>
				<float name="Money" value="250."/>
				<boolean name="New" value="true"/>
				<float name="NTimeProd" value="75."/>
				<boolean name="Production" value="false"/>
				<integer name="QualityRate" value="6"/>
				<integer name="RotationRate" value="7"/>
				<string name="SMU_File" value="AdmiralHipper_MG_Turret_1V_Bruno"/>
				<string name="Type" value="Gun"/>
				<float name="Vitality" value="900."/>
				<float name="Weight" value="262."/>
			</object>
			<object name="AdmiralHipper_MG_Turret_1V_Cesar">
				<integer name="Amount" value="2"/>
				<integer name="ArmorFront" value="105"/>
				<integer name="ArmorSide" value="70"/>
				<integer name="ArmorTop" value="70"/>
				<string name="Building" value="Artillery"/>
				<string name="Content" value="Rifles.AdmiralHipper_MG_Stvol_1V"/>
				<integer name="Country" value="5"/>
				<float name="DTimeProd" value="15."/>
				<integer name="Elevation" value="37"/>
				<integer name="ElevationRate" value="8"/>
				<string name="Icon" value="Artillery"/>
				<boolean name="IgnoreXMLFile" value="false"/>
				<float name="Iron" value="250."/>
				<float name="Money" value="250."/>
				<boolean name="New" value="true"/>
				<float name="NTimeProd" value="75."/>
				<boolean name="Production" value="false"/>
				<integer name="QualityRate" value="6"/>
				<integer name="RotationRate" value="7"/>
				<string name="SMU_File" value="AdmiralHipper_MG_Turret_1V_Cesar"/>
				<string name="Type" value="Gun"/>
				<float name="Vitality" value="900."/>
				<float name="Weight" value="262."/>
			</object>			
			<object name="AdmiralHipper_MG_Turret_1V_Dora">
				<integer name="Amount" value="2"/>
				<integer name="ArmorFront" value="105"/>
				<integer name="ArmorSide" value="70"/>
				<integer name="ArmorTop" value="70"/>
				<string name="Building" value="Artillery"/>
				<string name="Content" value="Rifles.AdmiralHipper_MG_Stvol_1V"/>
				<integer name="Country" value="5"/>
				<float name="DTimeProd" value="15."/>
				<integer name="Elevation" value="37"/>
				<integer name="ElevationRate" value="8"/>
				<string name="Icon" value="Artillery"/>
				<boolean name="IgnoreXMLFile" value="false"/>
				<float name="Iron" value="250."/>
				<float name="Money" value="250."/>
				<boolean name="New" value="true"/>
				<float name="NTimeProd" value="75."/>
				<boolean name="Production" value="false"/>
				<integer name="QualityRate" value="6"/>
				<integer name="RotationRate" value="7"/>
				<string name="SMU_File" value="AdmiralHipper_MG_Turret_1V_Dora"/>
				<string name="Type" value="Gun"/>
				<float name="Vitality" value="900."/>
				<float name="Weight" value="262."/>
			</object>
		</object>
	</object>
</root>
