﻿xml version="1.0" standalone="yes" ?>
<root>
	<object name="Modifications">
		<object name="SubUnits">
			<object name="AdmiralHipper_MG_Turret_1V_Anton">
				<object name="TPort_0">
					<string name="Device" value="AdmiralHipper_MG_Stvol_1V"/>
					<string name="Table" value="Rifles"/>
				</object>
				<object name="TPort_1">
					<string name="Device" value="AdmiralHipper_MG_Stvol_1V"/>
					<string name="Table" value="Rifles"/>
				</object>
			</object>
			<object name="AdmiralHipper_MG_Turret_1V_Bruno">
				<object name="TPort_0">
					<string name="Device" value="AdmiralHipper_MG_Stvol_1V"/>
					<string name="Table" value="Rifles"/>
				</object>
				<object name="TPort_1">
					<string name="Device" value="AdmiralHipper_MG_Stvol_1V"/>
					<string name="Table" value="Rifles"/>
				</object>
			</object>
			<object name="AdmiralHipper_MG_Turret_1V_Cesar">
				<object name="TPort_0">
					<string name="Device" value="AdmiralHipper_MG_Stvol_1V"/>
					<string name="Table" value="Rifles"/>
				</object>
				<object name="TPort_1">
					<string name="Device" value="AdmiralHipper_MG_Stvol_1V"/>
					<string name="Table" value="Rifles"/>
				</object>
			</object>
			<object name="AdmiralHipper_MG_Turret_1V_Dora">
				<object name="TPort_0">
					<string name="Device" value="AdmiralHipper_MG_Stvol_1V"/>
					<string name="Table" value="Rifles"/>
				</object>
				<object name="TPort_1">
					<string name="Device" value="AdmiralHipper_MG_Stvol_1V"/>
					<string name="Table" value="Rifles"/>
				</object>
			</object>
		</object>
	</object>
</root>

