<?xml version="1.0" standalone="yes" ?>
<root>
	<object name="SteelMonstersParams">
		<object name="Hit_Location">
			<object name="Gn0">
				<integer name="Country" value="5"/>
				<float name="ER" value="1000"/>
				<string name="Hull" value="Scharnhorst_Shell"/>
				<string name="Name" value="Dummy0"/>
				<string name="TypHL" value="Hull"/>
				<string name="UnitName" value="Gneisenau"/>
			</object>
			<object name="Gn01">
				<integer name="Country" value="5"/>
				<float name="ER" value="500"/>
				<string name="Hull" value="Scharnhorst_AMP"/>
				<string name="Name" value="HullSection_Stern1"/>
				<string name="TypHL" value="Hull"/>
				<string name="UnitName" value="GneisenauX"/>
			</object>
			<object name="Gn1">
				<integer name="Country" value="5"/>
				<float name="ER" value="1000"/>
				<string name="Hull" value="Scharnhorst_Shell"/>
				<string name="Name" value="Dummy1"/>
				<string name="TypHL" value="Hull"/>
				<string name="UnitName" value="Gneisenau"/>
			</object>
			<object name="Gn2">
				<integer name="Country" value="5"/>
				<float name="ER" value="1000"/>
				<string name="Hull" value="Scharnhorst_Shell"/>
				<string name="Name" value="Dummy2"/>
				<string name="TypHL" value="Hull"/>
				<string name="UnitName" value="Gneisenau"/>
			</object>
			<object name="Gn3">
				<integer name="Country" value="5"/>
				<float name="ER" value="1000"/>
				<string name="Hull" value="Scharnhorst_Shell"/>
				<string name="Name" value="Dummy3"/>
				<string name="TypHL" value="Hull"/>
				<string name="UnitName" value="Gneisenau"/>
			</object>
			<object name="Gn4">
				<integer name="Country" value="5"/>
				<float name="ER" value="1000"/>
				<string name="Hull" value="Scharnhorst_Shell"/>
				<string name="Name" value="Dummy4"/>
				<string name="TypHL" value="Hull"/>
				<string name="UnitName" value="Gneisenau"/>
			</object>
			<object name="Gn4297">
				<integer name="Country" value="5"/>
				<float name="ER" value="500"/>
				<string name="Hull" value="Scharnhorst_ABLowerDeck"/>
				<string name="Name" value="Bow2_LowerDeck"/>
				<string name="TypHL" value="Hull"/>
				<string name="UnitName" value="Gneisenau"/>
			</object>
			<object name="Gn4298">
				<integer name="Country" value="5"/>
				<float name="ER" value="500"/>
				<string name="Hull" value="Scharnhorst_AmmoStore"/>
				<string name="Name" value="Bow_AmmoStore1"/>
				<float name="Param_1" value="0."/>
				<string name="TypHL" value="AmmoStore"/>
				<string name="UnitName" value="Gneisenau"/>
			</object>
			<object name="Gn4299">
				<integer name="Country" value="5"/>
				<float name="ER" value="500"/>
				<string name="Hull" value="Scharnhorst_AmmoStore"/>
				<string name="Name" value="Bow_AmmoStore2"/>
				<float name="Param_1" value="0."/>
				<string name="TypHL" value="AmmoStore"/>
				<string name="UnitName" value="Gneisenau"/>
			</object>
			<object name="Gn4300">
				<integer name="Country" value="5"/>
				<float name="ER" value="550"/>
				<string name="Hull" value="Scharnhorst_ABLowerDeck"/>
				<string name="Name" value="Bow2_ArmorDeck"/>
				<string name="TypHL" value="Hull"/>
				<string name="UnitName" value="Gneisenau"/>
			</object>
			<object name="Gn4301">
				<integer name="Country" value="5"/>
				<float name="ER" value="500"/>
				<string name="Hull" value="Scharnhorst_ABMiddleDeck"/>
				<string name="Name" value="Bow2_MiddleDeck"/>
				<string name="TypHL" value="Hull"/>
				<string name="UnitName" value="Gneisenau"/>
			</object>
			<object name="Gn4302">
				<integer name="Country" value="5"/>
				<float name="ER" value="500"/>
				<string name="Hull" value="Scharnhorst_ABUpperDeck"/>
				<string name="Name" value="Bow2_UpperDeck"/>
				<string name="TypHL" value="Hull"/>
				<string name="UnitName" value="Gneisenau"/>
			</object>
			<object name="Gn4303">
				<integer name="Country" value="5"/>
				<float name="ER" value="500"/>
				<string name="Hull" value="Scharnhorst_Bottom"/>
				<string name="Name" value="Bow2_RBottom"/>
				<string name="TypHL" value="Hull"/>
				<string name="UnitName" value="Gneisenau"/>
			</object>
			<object name="Gn4304">
				<integer name="Country" value="5"/>
				<float name="ER" value="600"/>
				<string name="Hull" value="Scharnhorst_AMP"/>
				<string name="Name" value="Bow2_RAMP"/>
				<string name="TypHL" value="Hull"/>
				<string name="UnitName" value="Gneisenau"/>
			</object>
			<object name="Gn4305">
				<integer name="Country" value="5"/>
				<float name="ER" value="700"/>
				<string name="Hull" value="Scharnhorst_ABRLBelt"/>
				<string name="Name" value="Bow2_RLowerBelt"/>
				<string name="TypHL" value="Hull"/>
				<string name="UnitName" value="Gneisenau"/>
			</object>
			<object name="Gn4306">
				<integer name="Country" value="5"/>
				<float name="ER" value="700"/>
				<string name="Hull" value="Scharnhorst_ABRMBelt"/>
				<string name="Name" value="Bow2_RMiddleBelt"/>
				<string name="TypHL" value="Hull"/>
				<string name="UnitName" value="Gneisenau"/>
			</object>
			<object name="Gn4307">
				<integer name="Country" value="5"/>
				<float name="ER" value="700"/>
				<string name="Hull" value="Scharnhorst_ABRHBelt"/>
				<string name="Name" value="Bow2_RUpperBelt"/>
				<string name="TypHL" value="Hull"/>
				<string name="UnitName" value="Gneisenau"/>
			</object>
			<object name="Gn4308">
				<integer name="Country" value="5"/>
				<float name="ER" value="500"/>
				<string name="Hull" value="Scharnhorst_Bottom"/>
				<string name="Name" value="Bow2_LBottom"/>
				<string name="TypHL" value="Hull"/>
				<string name="UnitName" value="Gneisenau"/>
			</object>
			<object name="Gn4309">
				<integer name="Country" value="5"/>
				<float name="ER" value="600"/>
				<string name="Hull" value="Scharnhorst_AMP"/>
				<string name="Name" value="Bow2_LAMP"/>
				<string name="TypHL" value="Hull"/>
				<string name="UnitName" value="Gneisenau"/>
			</object>
			<object name="Gn4310">
				<integer name="Country" value="5"/>
				<float name="ER" value="700"/>
				<string name="Hull" value="Scharnhorst_ABLLBelt"/>
				<string name="Name" value="Bow2_LLowerBelt"/>
				<string name="TypHL" value="Hull"/>
				<string name="UnitName" value="Gneisenau"/>
			</object>
			<object name="Gn4311">
				<integer name="Country" value="5"/>
				<float name="ER" value="700"/>
				<string name="Hull" value="Scharnhorst_ABLMBelt"/>
				<string name="Name" value="Bow2_LMiddleBelt"/>
				<string name="TypHL" value="Hull"/>
				<string name="UnitName" value="Gneisenau"/>
			</object>
			<object name="Gn4312">
				<integer name="Country" value="5"/>
				<float name="ER" value="700"/>
				<string name="Hull" value="Scharnhorst_ABLHBelt"/>
				<string name="Name" value="Bow2_LUpperBelt"/>
				<string name="TypHL" value="Hull"/>
				<string name="UnitName" value="Gneisenau"/>
			</object>
			<object name="Gn4313">
				<integer name="Country" value="5"/>
				<float name="ER" value="600"/>
				<string name="Hull" value="Scharnhorst_Barbet"/>
				<string name="Name" value="Barbet1"/>
				<string name="TypHL" value="Hull"/>
				<string name="UnitName" value="Gneisenau"/>
			</object>
			<object name="Gn4315">
				<integer name="Country" value="5"/>
				<float name="ER" value="600"/>
				<string name="Hull" value="Scharnhorst_Barbet"/>
				<string name="Name" value="Barbet2"/>
				<string name="TypHL" value="Hull"/>
				<string name="UnitName" value="Gneisenau"/>
			</object>
			<object name="Gn4317">
				<integer name="Country" value="5"/>
				<float name="ER" value="500"/>
				<string name="Hull" value="Scharnhorst_MiddleDeck"/>
				<string name="Name" value="Middle1_LowerDeck"/>
				<string name="TypHL" value="Hull"/>
				<string name="UnitName" value="Gneisenau"/>
			</object>
			<object name="Gn4318">
				<integer name="Country" value="5"/>
				<float name="ER" value="550"/>
				<string name="Hull" value="Scharnhorst_ArmorDeck"/>
				<string name="Name" value="Middle1_ArmorDeck"/>
				<string name="TypHL" value="Hull"/>
				<string name="UnitName" value="Gneisenau"/>
			</object>
			<object name="Gn4319">
				<integer name="Country" value="5"/>
				<float name="ER" value="500"/>
				<string name="Hull" value="Scharnhorst_MiddleDeck"/>
				<string name="Name" value="Middle1_MiddleDeck"/>
				<string name="TypHL" value="Hull"/>
				<string name="UnitName" value="Gneisenau"/>
			</object>
			<object name="Gn4320">
				<integer name="Country" value="5"/>
				<float name="ER" value="500"/>
				<string name="Hull" value="Scharnhorst_UpperDeck"/>
				<string name="Name" value="Middle1_UpperDeck"/>
				<string name="TypHL" value="Hull"/>
				<string name="UnitName" value="Gneisenau"/>
			</object>
			<object name="Gn4321">
				<integer name="Country" value="5"/>
				<float name="ER" value="500"/>
				<string name="Hull" value="Scharnhorst_Bottom"/>
				<string name="Name" value="Middle1_RBottom"/>
				<string name="TypHL" value="FuelTank"/>
				<string name="UnitName" value="Gneisenau"/>
			</object>
			<object name="Gn4322">
				<integer name="Country" value="5"/>
				<float name="ER" value="800"/>
				<string name="Hull" value="Scharnhorst_AMP"/>
				<string name="Name" value="Middle1_RAMP"/>
				<string name="TypHL" value="Hull"/>
				<string name="UnitName" value="Gneisenau"/>
			</object>
			<object name="Gn4323">
				<integer name="Country" value="5"/>
				<float name="ER" value="700"/>
				<string name="Hull" value="Scharnhorst_RLBelt"/>
				<string name="Name" value="Middle1_RLowerBelt"/>
				<string name="TypHL" value="Hull"/>
				<string name="UnitName" value="Gneisenau"/>
			</object>
			<object name="Gn4324">
				<integer name="Country" value="5"/>
				<float name="ER" value="700"/>
				<string name="Hull" value="Scharnhorst_RMBelt"/>
				<string name="Name" value="Middle1_RMainBelt"/>
				<string name="TypHL" value="Hull"/>
				<string name="UnitName" value="Gneisenau"/>
			</object>
			<object name="Gn4325">
				<integer name="Country" value="5"/>
				<float name="ER" value="700"/>
				<string name="Hull" value="Scharnhorst_RHBelt"/>
				<string name="Name" value="Middle1_RUpperBelt"/>
				<string name="TypHL" value="Hull"/>
				<string name="UnitName" value="Gneisenau"/>
			</object>
			<object name="Gn4326">
				<integer name="Country" value="5"/>
				<float name="ER" value="500"/>
				<string name="Hull" value="Scharnhorst_Bottom"/>
				<string name="Name" value="Middle1_LBottom"/>
				<string name="TypHL" value="FuelTank"/>
				<string name="UnitName" value="Gneisenau"/>
			</object>
			<object name="Gn4327">
				<integer name="Country" value="5"/>
				<float name="ER" value="800"/>
				<string name="Hull" value="Scharnhorst_AMP"/>
				<string name="Name" value="Middle1_LAMP"/>
				<string name="TypHL" value="Hull"/>
				<string name="UnitName" value="Gneisenau"/>
			</object>
			<object name="Gn4328">
				<integer name="Country" value="5"/>
				<float name="ER" value="700"/>
				<string name="Hull" value="Scharnhorst_LLBelt"/>
				<string name="Name" value="Middle1_LLowerBelt"/>
				<string name="TypHL" value="Hull"/>
				<string name="UnitName" value="Gneisenau"/>
			</object>
			<object name="Gn4330">
				<integer name="Country" value="5"/>
				<float name="ER" value="700"/>
				<string name="Hull" value="Scharnhorst_LMBelt"/>
				<string name="Name" value="Middle1_LMainBelt"/>
				<string name="TypHL" value="Hull"/>
				<string name="UnitName" value="Gneisenau"/>
			</object>
			<object name="Gn4331">
				<integer name="Country" value="5"/>
				<float name="ER" value="700"/>
				<string name="Hull" value="Scharnhorst_LHBelt"/>
				<string name="Name" value="Middle1_LUpperBelt"/>
				<string name="TypHL" value="Hull"/>
				<string name="UnitName" value="Gneisenau"/>
			</object>
			<object name="Gn4333">
				<integer name="Country" value="5"/>
				<float name="ER" value="500"/>
				<string name="Hull" value="Scharnhorst_BoilerHull"/>
				<string name="Name" value="Middle2_LBoilerCover"/>
				<string name="TypHL" value="Hull"/>
				<string name="UnitName" value="Gneisenau"/>
			</object>
			<object name="Gn4334">
				<integer name="Country" value="5"/>
				<float name="ER" value="500"/>
				<string name="Hull" value="Scharnhorst_Boiler"/>
				<string name="Name" value="Boiler1"/>
				<string name="TypHL" value="Boiler"/>
				<string name="UnitName" value="Gneisenau"/>
			</object>
			<object name="Gn4335">
				<integer name="Country" value="5"/>
				<float name="ER" value="500"/>
				<string name="Hull" value="Scharnhorst_BoilerHull"/>
				<string name="Name" value="Middle2_CBoilerCover"/>
				<string name="TypHL" value="Hull"/>
				<string name="UnitName" value="Gneisenau"/>
			</object>
			<object name="Gn4336">
				<integer name="Country" value="5"/>
				<float name="ER" value="500"/>
				<string name="Hull" value="Scharnhorst_Boiler"/>
				<string name="Name" value="Boiler2"/>
				<string name="TypHL" value="Boiler"/>
				<string name="UnitName" value="Gneisenau"/>
			</object>
			<object name="Gn4337">
				<integer name="Country" value="5"/>
				<float name="ER" value="500"/>
				<string name="Hull" value="Scharnhorst_BoilerHull"/>
				<string name="Name" value="Middle2_RBoilerCover"/>
				<string name="TypHL" value="Hull"/>
				<string name="UnitName" value="Gneisenau"/>
			</object>
			<object name="Gn4338">
				<integer name="Country" value="5"/>
				<float name="ER" value="500"/>
				<string name="Hull" value="Scharnhorst_Boiler"/>
				<string name="Name" value="Boiler3"/>
				<string name="TypHL" value="Boiler"/>
				<string name="UnitName" value="Gneisenau"/>
			</object>
			<object name="Gn4339">
				<integer name="Country" value="5"/>
				<float name="ER" value="500"/>
				<string name="Hull" value="Scharnhorst_MiddleDeck"/>
				<string name="Name" value="Middle2_MiddleDeck"/>
				<string name="TypHL" value="Hull"/>
				<string name="UnitName" value="Gneisenau"/>
			</object>
			<object name="Gn4340">
				<integer name="Country" value="5"/>
				<float name="ER" value="500"/>
				<string name="Hull" value="Scharnhorst_UpperDeck"/>
				<string name="Name" value="Middle2_UpperDeck"/>
				<string name="TypHL" value="Hull"/>
				<string name="UnitName" value="Gneisenau"/>
			</object>
			<object name="Gn4341">
				<integer name="Country" value="5"/>
				<float name="ER" value="700"/>
				<string name="Hull" value="Scharnhorst_RHBelt"/>
				<string name="Name" value="Middle2_RUpperBelt"/>
				<string name="TypHL" value="Hull"/>
				<string name="UnitName" value="Gneisenau"/>
			</object>
			<object name="Gn4342">
				<integer name="Country" value="5"/>
				<float name="ER" value="700"/>
				<string name="Hull" value="Scharnhorst_RMBelt"/>
				<string name="Name" value="Middle2_RMainBelt"/>
				<string name="TypHL" value="Hull"/>
				<string name="UnitName" value="Gneisenau"/>
			</object>
			<object name="Gn4343">
				<integer name="Country" value="5"/>
				<float name="ER" value="700"/>
				<string name="Hull" value="Scharnhorst_RLBelt"/>
				<string name="Name" value="Middle2_RLowerBelt"/>
				<string name="TypHL" value="Hull"/>
				<string name="UnitName" value="Gneisenau"/>
			</object>
			<object name="Gn4344">
				<integer name="Country" value="5"/>
				<float name="ER" value="800"/>
				<string name="Hull" value="Scharnhorst_AMP"/>
				<string name="Name" value="Middle2_RAMP"/>
				<string name="TypHL" value="Hull"/>
				<string name="UnitName" value="Gneisenau"/>
			</object>
			<object name="Gn4345">
				<integer name="Country" value="5"/>
				<float name="ER" value="500"/>
				<string name="Hull" value="Scharnhorst_Bottom"/>
				<string name="Name" value="Middle2_RBottom"/>
				<string name="TypHL" value="FuelTank"/>
				<string name="UnitName" value="Gneisenau"/>
			</object>
			<object name="Gn4346">
				<integer name="Country" value="5"/>
				<float name="ER" value="500"/>
				<string name="Hull" value="Scharnhorst_Bottom"/>
				<string name="Name" value="Middle2_LBottom"/>
				<string name="TypHL" value="FuelTank"/>
				<string name="UnitName" value="Gneisenau"/>
			</object>
			<object name="Gn4347">
				<integer name="Country" value="5"/>
				<float name="ER" value="800"/>
				<string name="Hull" value="Scharnhorst_AMP"/>
				<string name="Name" value="Middle2_LAMP"/>
				<string name="TypHL" value="Hull"/>
				<string name="UnitName" value="Gneisenau"/>
			</object>
			<object name="Gn4348">
				<integer name="Country" value="5"/>
				<float name="ER" value="700"/>
				<string name="Hull" value="Scharnhorst_LLBelt"/>
				<string name="Name" value="Middle2_LLowerBelt"/>
				<string name="TypHL" value="Hull"/>
				<string name="UnitName" value="Gneisenau"/>
			</object>
			<object name="Gn4349">
				<integer name="Country" value="5"/>
				<float name="ER" value="700"/>
				<string name="Hull" value="Scharnhorst_LMBelt"/>
				<string name="Name" value="Middle2_LMainBelt"/>
				<string name="TypHL" value="Hull"/>
				<string name="UnitName" value="Gneisenau"/>
			</object>
			<object name="Gn4350">
				<integer name="Country" value="5"/>
				<float name="ER" value="700"/>
				<string name="Hull" value="Scharnhorst_LHBelt"/>
				<string name="Name" value="Middle2_LUpperBelt"/>
				<string name="TypHL" value="Hull"/>
				<string name="UnitName" value="Gneisenau"/>
			</object>
			<object name="Gn4353">
				<integer name="Country" value="5"/>
				<float name="ER" value="500"/>
				<string name="Hull" value="Scharnhorst_BoilerHull"/>
				<string name="Name" value="Middle3_LBoilerCover"/>
				<string name="TypHL" value="Hull"/>
				<string name="UnitName" value="Gneisenau"/>
			</object>
			<object name="Gn4354">
				<integer name="Country" value="5"/>
				<float name="ER" value="500"/>
				<string name="Hull" value="Scharnhorst_Boiler"/>
				<string name="Name" value="Boiler4"/>
				<string name="TypHL" value="Boiler"/>
				<string name="UnitName" value="Gneisenau"/>
			</object>
			<object name="Gn4355">
				<integer name="Country" value="5"/>
				<float name="ER" value="500"/>
				<string name="Hull" value="Scharnhorst_BoilerHull"/>
				<string name="Name" value="Middle3_CBoilerCover"/>
				<string name="TypHL" value="Hull"/>
				<string name="UnitName" value="Gneisenau"/>
			</object>
			<object name="Gn4356">
				<integer name="Country" value="5"/>
				<float name="ER" value="500"/>
				<string name="Hull" value="Scharnhorst_Boiler"/>
				<string name="Name" value="Boiler5"/>
				<string name="TypHL" value="Boiler"/>
				<string name="UnitName" value="Gneisenau"/>
			</object>
			<object name="Gn4357">
				<integer name="Country" value="5"/>
				<float name="ER" value="500"/>
				<string name="Hull" value="Scharnhorst_BoilerHull"/>
				<string name="Name" value="Middle3_RBoilerCover"/>
				<string name="TypHL" value="Hull"/>
				<string name="UnitName" value="Gneisenau"/>
			</object>
			<object name="Gn4358">
				<integer name="Country" value="5"/>
				<float name="ER" value="500"/>
				<string name="Hull" value="Scharnhorst_Boiler"/>
				<string name="Name" value="Boiler6"/>
				<string name="TypHL" value="Boiler"/>
				<string name="UnitName" value="Gneisenau"/>
			</object>
			<object name="Gn4359">
				<integer name="Country" value="5"/>
				<float name="ER" value="500"/>
				<string name="Hull" value="Scharnhorst_MiddleDeck"/>
				<string name="Name" value="Middle3_MiddleDeck"/>
				<string name="TypHL" value="Hull"/>
				<string name="UnitName" value="Gneisenau"/>
			</object>
			<object name="Gn4360">
				<integer name="Country" value="5"/>
				<float name="ER" value="500"/>
				<string name="Hull" value="Scharnhorst_UpperDeck"/>
				<string name="Name" value="Middle3_UpperDeck"/>
				<string name="TypHL" value="Hull"/>
				<string name="UnitName" value="Gneisenau"/>
			</object>
			<object name="Gn4361">
				<integer name="Country" value="5"/>
				<float name="ER" value="700"/>
				<string name="Hull" value="Scharnhorst_RHBelt"/>
				<string name="Name" value="Middle3_RUpperBelt"/>
				<string name="TypHL" value="Hull"/>
				<string name="UnitName" value="Gneisenau"/>
			</object>
			<object name="Gn4362">
				<integer name="Country" value="5"/>
				<float name="ER" value="700"/>
				<string name="Hull" value="Scharnhorst_RMBelt"/>
				<string name="Name" value="Middle3_RMainBelt"/>
				<string name="TypHL" value="Hull"/>
				<string name="UnitName" value="Gneisenau"/>
			</object>
			<object name="Gn4363">
				<integer name="Country" value="5"/>
				<float name="ER" value="700"/>
				<string name="Hull" value="Scharnhorst_RLBelt"/>
				<string name="Name" value="Middle3_RLowerBelt"/>
				<string name="TypHL" value="Hull"/>
				<string name="UnitName" value="Gneisenau"/>
			</object>
			<object name="Gn4364">
				<integer name="Country" value="5"/>
				<float name="ER" value="800"/>
				<string name="Hull" value="Scharnhorst_AMP"/>
				<string name="Name" value="Middle3_RAMP"/>
				<string name="TypHL" value="Hull"/>
				<string name="UnitName" value="Gneisenau"/>
			</object>
			<object name="Gn4365">
				<integer name="Country" value="5"/>
				<float name="ER" value="500"/>
				<string name="Hull" value="Scharnhorst_Bottom"/>
				<string name="Name" value="Middle3_RBottom"/>
				<string name="TypHL" value="FuelTank"/>
				<string name="UnitName" value="Gneisenau"/>
			</object>
			<object name="Gn4366">
				<integer name="Country" value="5"/>
				<float name="ER" value="700"/>
				<string name="Hull" value="Scharnhorst_LHBelt"/>
				<string name="Name" value="Middle3_LUpperBelt"/>
				<string name="TypHL" value="Hull"/>
				<string name="UnitName" value="Gneisenau"/>
			</object>
			<object name="Gn4367">
				<integer name="Country" value="5"/>
				<float name="ER" value="700"/>
				<string name="Hull" value="Scharnhorst_LMBelt"/>
				<string name="Name" value="Middle3_LMainBelt"/>
				<string name="TypHL" value="Hull"/>
				<string name="UnitName" value="Gneisenau"/>
			</object>
			<object name="Gn4368">
				<integer name="Country" value="5"/>
				<float name="ER" value="700"/>
				<string name="Hull" value="Scharnhorst_LLBelt"/>
				<string name="Name" value="Middle3_LLowerBelt"/>
				<string name="TypHL" value="Hull"/>
				<string name="UnitName" value="Gneisenau"/>
			</object>
			<object name="Gn4369">
				<integer name="Country" value="5"/>
				<float name="ER" value="800"/>
				<string name="Hull" value="Scharnhorst_AMP"/>
				<string name="Name" value="Middle3_LAMP"/>
				<string name="TypHL" value="Hull"/>
				<string name="UnitName" value="Gneisenau"/>
			</object>
			<object name="Gn4370">
				<integer name="Country" value="5"/>
				<float name="ER" value="500"/>
				<string name="Hull" value="Scharnhorst_Bottom"/>
				<string name="Name" value="Middle3_LBottom"/>
				<string name="TypHL" value="FuelTank"/>
				<string name="UnitName" value="Gneisenau"/>
			</object>
			<object name="Gn4372">
				<integer name="Country" value="5"/>
				<float name="ER" value="500"/>
				<string name="Hull" value="Scharnhorst_MTOHull"/>
				<string name="Name" value="Middle4_LEngineCover"/>
				<string name="TypHL" value="Hull"/>
				<string name="UnitName" value="Gneisenau"/>
			</object>
			<object name="Gn4373">
				<string name="ConnectName" value="Boiler1;Boiler4"/>
				<integer name="Country" value="5"/>
				<float name="ER" value="500"/>
				<string name="Hull" value="Scharnhorst_Engine"/>
				<string name="Name" value="Engine1"/>
				<string name="TypHL" value="Engine"/>
				<string name="UnitName" value="Gneisenau"/>
			</object>
			<object name="Gn4374">
				<integer name="Country" value="5"/>
				<float name="ER" value="500"/>
				<string name="Hull" value="Scharnhorst_MTOHull"/>
				<string name="Name" value="Middle4_REngineCover"/>
				<string name="TypHL" value="Hull"/>
				<string name="UnitName" value="Gneisenau"/>
			</object>
			<object name="Gn4376">
				<string name="ConnectName" value="Boiler3;Boiler6;"/>
				<integer name="Country" value="5"/>
				<float name="ER" value="500"/>
				<string name="Hull" value="Scharnhorst_Engine"/>
				<string name="Name" value="Engine2"/>
				<string name="TypHL" value="Engine"/>
				<string name="UnitName" value="Gneisenau"/>
			</object>
			<object name="Gn4377">
				<integer name="Country" value="5"/>
				<float name="ER" value="500"/>
				<string name="Hull" value="Scharnhorst_MiddleDeck"/>
				<string name="Name" value="Middle4_MiddleDeck"/>
				<string name="TypHL" value="Hull"/>
				<string name="UnitName" value="Gneisenau"/>
			</object>
			<object name="Gn4378">
				<integer name="Country" value="5"/>
				<float name="ER" value="500"/>
				<string name="Hull" value="Scharnhorst_UpperDeck"/>
				<string name="Name" value="Middle4_UpperDeck"/>
				<string name="TypHL" value="Hull"/>
				<string name="UnitName" value="Gneisenau"/>
			</object>
			<object name="Gn4379">
				<integer name="Country" value="5"/>
				<float name="ER" value="700"/>
				<string name="Hull" value="Scharnhorst_RHBelt"/>
				<string name="Name" value="Middle4_RUpperBelt"/>
				<string name="TypHL" value="Hull"/>
				<string name="UnitName" value="Gneisenau"/>
			</object>
			<object name="Gn4380">
				<integer name="Country" value="5"/>
				<float name="ER" value="700"/>
				<string name="Hull" value="Scharnhorst_RMBelt"/>
				<string name="Name" value="Middle4_RMainBelt"/>
				<string name="TypHL" value="Hull"/>
				<string name="UnitName" value="Gneisenau"/>
			</object>
			<object name="Gn4381">
				<integer name="Country" value="5"/>
				<float name="ER" value="700"/>
				<string name="Hull" value="Scharnhorst_RLBelt"/>
				<string name="Name" value="Middle4_RLowerBelt"/>
				<string name="TypHL" value="Hull"/>
				<string name="UnitName" value="Gneisenau"/>
			</object>
			<object name="Gn4382">
				<integer name="Country" value="5"/>
				<float name="ER" value="800"/>
				<string name="Hull" value="Scharnhorst_AMP"/>
				<string name="Name" value="Middle4_RAMP"/>
				<string name="TypHL" value="Hull"/>
				<string name="UnitName" value="Gneisenau"/>
			</object>
			<object name="Gn4383">
				<integer name="Country" value="5"/>
				<float name="ER" value="500"/>
				<string name="Hull" value="Scharnhorst_Bottom"/>
				<string name="Name" value="Middle4_RBottom"/>
				<string name="TypHL" value="FuelTank"/>
				<string name="UnitName" value="Gneisenau"/>
			</object>
			<object name="Gn4384">
				<integer name="Country" value="5"/>
				<float name="ER" value="700"/>
				<string name="Hull" value="Scharnhorst_LHBelt"/>
				<string name="Name" value="Middle4_LUpperBelt"/>
				<string name="TypHL" value="Hull"/>
				<string name="UnitName" value="Gneisenau"/>
			</object>
			<object name="Gn4385">
				<integer name="Country" value="5"/>
				<float name="ER" value="700"/>
				<string name="Hull" value="Scharnhorst_LMBelt"/>
				<string name="Name" value="Middle4_LMainBelt"/>
				<string name="TypHL" value="Hull"/>
				<string name="UnitName" value="Gneisenau"/>
			</object>
			<object name="Gn4386">
				<integer name="Country" value="5"/>
				<float name="ER" value="700"/>
				<string name="Hull" value="Scharnhorst_LLBelt"/>
				<string name="Name" value="Middle4_LLowerBelt"/>
				<string name="TypHL" value="Hull"/>
				<string name="UnitName" value="Gneisenau"/>
			</object>
			<object name="Gn4387">
				<integer name="Country" value="5"/>
				<float name="ER" value="800"/>
				<string name="Hull" value="Scharnhorst_AMP"/>
				<string name="Name" value="Middle4_LAMP"/>
				<string name="TypHL" value="Hull"/>
				<string name="UnitName" value="Gneisenau"/>
			</object>
			<object name="Gn4388">
				<integer name="Country" value="5"/>
				<float name="ER" value="500"/>
				<string name="Hull" value="Scharnhorst_Bottom"/>
				<string name="Name" value="Middle4_LBottom"/>
				<string name="TypHL" value="FuelTank"/>
				<string name="UnitName" value="Gneisenau"/>
			</object>
			<object name="Gn4390">
				<integer name="Country" value="5"/>
				<float name="ER" value="500"/>
				<string name="Hull" value="Scharnhorst_MTOHull"/>
				<string name="Name" value="Middle5_EngineCover"/>
				<string name="TypHL" value="Hull"/>
				<string name="UnitName" value="Gneisenau"/>
			</object>
			<object name="Gn4391">
				<string name="ConnectName" value="Boiler2;Boiler5;"/>
				<integer name="Country" value="5"/>
				<float name="ER" value="500"/>
				<string name="Hull" value="Scharnhorst_Engine"/>
				<string name="Name" value="Engine3"/>
				<string name="TypHL" value="Engine"/>
				<string name="UnitName" value="Gneisenau"/>
			</object>
			<object name="Gn4392">
				<integer name="Country" value="5"/>
				<float name="ER" value="500"/>
				<string name="Hull" value="Scharnhorst_AMP"/>
				<string name="Name" value="Middle5_RLowerDeck"/>
				<string name="TypHL" value="Hull"/>
				<string name="UnitName" value="Gneisenau"/>
			</object>
			<object name="Gn4393">
				<integer name="Country" value="5"/>
				<float name="ER" value="500"/>
				<string name="Hull" value="Scharnhorst_AMP"/>
				<string name="Name" value="Middle5_LLowerDeck"/>
				<string name="TypHL" value="Hull"/>
				<string name="UnitName" value="Gneisenau"/>
			</object>
			<object name="Gn4395">
				<integer name="Country" value="5"/>
				<float name="ER" value="500"/>
				<string name="Hull" value="Scharnhorst_MiddleDeck"/>
				<string name="Name" value="Middle5_MiddleDeck"/>
				<string name="TypHL" value="Hull"/>
				<string name="UnitName" value="Gneisenau"/>
			</object>
			<object name="Gn4396">
				<integer name="Country" value="5"/>
				<float name="ER" value="500"/>
				<string name="Hull" value="Scharnhorst_UpperDeck"/>
				<string name="Name" value="Middle5_UpperDeck"/>
				<string name="TypHL" value="Hull"/>
				<string name="UnitName" value="Gneisenau"/>
			</object>
			<object name="Gn4397">
				<integer name="Country" value="5"/>
				<float name="ER" value="700"/>
				<string name="Hull" value="Scharnhorst_RHBelt"/>
				<string name="Name" value="Middle5_RUpperBelt"/>
				<string name="TypHL" value="Hull"/>
				<string name="UnitName" value="Gneisenau"/>
			</object>
			<object name="Gn4398">
				<integer name="Country" value="5"/>
				<float name="ER" value="700"/>
				<string name="Hull" value="Scharnhorst_RMBelt"/>
				<string name="Name" value="Middle5_RMainBelt"/>
				<string name="TypHL" value="Hull"/>
				<string name="UnitName" value="Gneisenau"/>
			</object>
			<object name="Gn4399">
				<integer name="Country" value="5"/>
				<float name="ER" value="700"/>
				<string name="Hull" value="Scharnhorst_RLBelt"/>
				<string name="Name" value="Middle5_RLowerBelt"/>
				<string name="TypHL" value="Hull"/>
				<string name="UnitName" value="Gneisenau"/>
			</object>
			<object name="Gn4400">
				<integer name="Country" value="5"/>
				<float name="ER" value="800"/>
				<string name="Hull" value="Scharnhorst_AMP"/>
				<string name="Name" value="Middle5_RAMP"/>
				<string name="TypHL" value="Hull"/>
				<string name="UnitName" value="Gneisenau"/>
			</object>
			<object name="Gn4401">
				<integer name="Country" value="5"/>
				<float name="ER" value="500"/>
				<string name="Hull" value="Scharnhorst_Bottom"/>
				<string name="Name" value="Middle5_RBottom"/>
				<string name="TypHL" value="FuelTank"/>
				<string name="UnitName" value="Gneisenau"/>
			</object>
			<object name="Gn4402">
				<integer name="Country" value="5"/>
				<float name="ER" value="700"/>
				<string name="Hull" value="Scharnhorst_LHBelt"/>
				<string name="Name" value="Middle5_LUpperBelt"/>
				<string name="TypHL" value="Hull"/>
				<string name="UnitName" value="Gneisenau"/>
			</object>
			<object name="Gn4403">
				<integer name="Country" value="5"/>
				<float name="ER" value="700"/>
				<string name="Hull" value="Scharnhorst_LMBelt"/>
				<string name="Name" value="Middle5_LMainBelt"/>
				<string name="TypHL" value="Hull"/>
				<string name="UnitName" value="Gneisenau"/>
			</object>
			<object name="Gn4404">
				<integer name="Country" value="5"/>
				<float name="ER" value="700"/>
				<string name="Hull" value="Scharnhorst_LLBelt"/>
				<string name="Name" value="Middle5_LLowerBelt"/>
				<string name="TypHL" value="Hull"/>
				<string name="UnitName" value="Gneisenau"/>
			</object>
			<object name="Gn4405">
				<integer name="Country" value="5"/>
				<float name="ER" value="800"/>
				<string name="Hull" value="Scharnhorst_AMP"/>
				<string name="Name" value="Middle5_LAMP"/>
				<string name="TypHL" value="Hull"/>
				<string name="UnitName" value="Gneisenau"/>
			</object>
			<object name="Gn4406">
				<integer name="Country" value="5"/>
				<float name="ER" value="500"/>
				<string name="Hull" value="Scharnhorst_Bottom"/>
				<string name="Name" value="Middle5_LBottom"/>
				<string name="TypHL" value="FuelTank"/>
				<string name="UnitName" value="Gneisenau"/>
			</object>
			<object name="Gn4408">
				<integer name="Country" value="5"/>
				<float name="ER" value="500"/>
				<string name="Hull" value="Scharnhorst_ASLowerDeck"/>
				<string name="Name" value="Stern1_LowerDeck"/>
				<string name="TypHL" value="Hull"/>
				<string name="UnitName" value="Gneisenau"/>
			</object>
			<object name="Gn4409">
				<integer name="Country" value="5"/>
				<float name="ER" value="500"/>
				<string name="Hull" value="Scharnhorst_AmmoStore"/>
				<string name="Name" value="Stern_AmmoStore1"/>
				<float name="Param_1" value="0."/>
				<string name="TypHL" value="AmmoStore"/>
				<string name="UnitName" value="Gneisenau"/>
			</object>
			<object name="Gn4410">
				<integer name="Country" value="5"/>
				<float name="ER" value="500"/>
				<string name="Hull" value="Scharnhorst_AmmoStore"/>
				<string name="Name" value="Stern_AmmoStore2"/>
				<float name="Param_1" value="0."/>
				<string name="TypHL" value="AmmoStore"/>
				<string name="UnitName" value="Gneisenau"/>
			</object>
			<object name="Gn4411">
				<integer name="Country" value="5"/>
				<float name="ER" value="700"/>
				<string name="Hull" value="Scharnhorst_ArmorDeck"/>
				<string name="Name" value="Stern1_ArmorDeck"/>
				<string name="TypHL" value="Hull"/>
				<string name="UnitName" value="Gneisenau"/>
			</object>
			<object name="Gn4412">
				<integer name="Country" value="5"/>
				<float name="ER" value="500"/>
				<string name="Hull" value="Scharnhorst_ASLowerDeck"/>
				<string name="Name" value="Stern1_MiddleDeck"/>
				<string name="TypHL" value="Hull"/>
				<string name="UnitName" value="Gneisenau"/>
			</object>
			<object name="Gn4413">
				<integer name="Country" value="5"/>
				<float name="ER" value="500"/>
				<string name="Hull" value="Scharnhorst_ASUpperDeck"/>
				<string name="Name" value="Stern1_UpperDeck"/>
				<string name="TypHL" value="Hull"/>
				<string name="UnitName" value="Gneisenau"/>
			</object>
			<object name="Gn4414">
				<integer name="Country" value="5"/>
				<float name="ER" value="700"/>
				<string name="Hull" value="Scharnhorst_ASLHBelt"/>
				<string name="Name" value="Stern1_LUpperBelt"/>
				<string name="TypHL" value="Hull"/>
				<string name="UnitName" value="Gneisenau"/>
			</object>
			<object name="Gn4416">
				<integer name="Country" value="5"/>
				<float name="ER" value="700"/>
				<string name="Hull" value="Scharnhorst_ASLMBelt"/>
				<string name="Name" value="Stern1_LMainBelt"/>
				<string name="TypHL" value="Hull"/>
				<string name="UnitName" value="Gneisenau"/>
			</object>
			<object name="Gn4417">
				<integer name="Country" value="5"/>
				<float name="ER" value="700"/>
				<string name="Hull" value="Scharnhorst_ASLLBelt"/>
				<string name="Name" value="Stern1_LLowerBelt"/>
				<string name="TypHL" value="Hull"/>
				<string name="UnitName" value="Gneisenau"/>
			</object>
			<object name="Gn4418">
				<integer name="Country" value="5"/>
				<float name="ER" value="600"/>
				<string name="Hull" value="Scharnhorst_AMP"/>
				<string name="Name" value="Stern1_LAMP"/>
				<string name="TypHL" value="Hull"/>
				<string name="UnitName" value="Gneisenau"/>
			</object>
			<object name="Gn4419">
				<integer name="Country" value="5"/>
				<float name="ER" value="700"/>
				<string name="Hull" value="Scharnhorst_ASRHBelt"/>
				<string name="Name" value="Stern1_RUpperBelt"/>
				<string name="TypHL" value="Hull"/>
				<string name="UnitName" value="Gneisenau"/>
			</object>
			<object name="Gn4420">
				<integer name="Country" value="5"/>
				<float name="ER" value="700"/>
				<string name="Hull" value="Scharnhorst_ASRMBelt"/>
				<string name="Name" value="Stern1_RMainBelt"/>
				<string name="TypHL" value="Hull"/>
				<string name="UnitName" value="Gneisenau"/>
			</object>
			<object name="Gn4422">
				<integer name="Country" value="5"/>
				<float name="ER" value="700"/>
				<string name="Hull" value="Scharnhorst_ASRLBelt"/>
				<string name="Name" value="Stern1_RLowerBelt"/>
				<string name="TypHL" value="Hull"/>
				<string name="UnitName" value="Gneisenau"/>
			</object>
			<object name="Gn4423">
				<integer name="Country" value="5"/>
				<float name="ER" value="600"/>
				<string name="Hull" value="Scharnhorst_AMP"/>
				<string name="Name" value="Stern1_RAMP"/>
				<string name="TypHL" value="Hull"/>
				<string name="UnitName" value="Gneisenau"/>
			</object>
			<object name="Gn4424">
				<integer name="Country" value="5"/>
				<float name="ER" value="600"/>
				<string name="Hull" value="Scharnhorst_Barbet"/>
				<string name="Name" value="Barbet3"/>
				<string name="TypHL" value="Hull"/>
				<string name="UnitName" value="Gneisenau"/>
			</object>
			<object name="Gn4425">
				<integer name="Country" value="5"/>
				<float name="ER" value="600"/>
				<string name="Hull" value="Scharnhorst_Barbet"/>
				<string name="Name" value="Barbet4"/>
				<string name="TypHL" value="Hull"/>
				<string name="UnitName" value="Gneisenau"/>
			</object>
			<object name="Gn4426">
				<string name="ConnectName" value="Engine3"/>
				<integer name="Country" value="5"/>
				<float name="ER" value="500"/>
				<string name="Hull" value="Std_Mover"/>
				<string name="Name" value="Mover3"/>
				<string name="TypHL" value="Mover"/>
				<string name="UnitName" value="Gneisenau"/>
			</object>
			<object name="Gn4427">
				<string name="ConnectName" value="Engine2"/>
				<integer name="Country" value="5"/>
				<float name="ER" value="200"/>
				<string name="Hull" value="Std_Mover"/>
				<string name="Name" value="Mover2"/>
				<string name="TypHL" value="Mover"/>
				<string name="UnitName" value="Gneisenau"/>
			</object>
			<object name="Gn4428">
				<string name="ConnectName" value="Engine1"/>
				<integer name="Country" value="5"/>
				<float name="ER" value="200"/>
				<string name="Hull" value="Std_Mover"/>
				<string name="Name" value="Mover1"/>
				<string name="TypHL" value="Mover"/>
				<string name="UnitName" value="Gneisenau"/>
			</object>
			<object name="Gn4429">
				<string name="ConnectName" value="Tiller;"/>
				<integer name="Country" value="5"/>
				<float name="ER" value="300"/>
				<string name="Hull" value="Std_Rudder"/>
				<string name="Name" value="Rudder1"/>
				<string name="TypHL" value="Rudder"/>
				<string name="UnitName" value="Gneisenau"/>
			</object>
			<object name="Gn4430">
				<string name="ConnectName" value="Tiller;"/>
				<integer name="Country" value="5"/>
				<float name="ER" value="300"/>
				<string name="Hull" value="Std_Rudder"/>
				<string name="Name" value="Rudder2"/>
				<string name="TypHL" value="Rudder"/>
				<string name="UnitName" value="Gneisenau"/>
			</object>
			<object name="Gn4431">
				<integer name="Country" value="5"/>
				<float name="ER" value="200"/>
				<string name="Hull" value="Std_Probe"/>
				<string name="Name" value="Stern_Probe_MG"/>
				<string name="TypHL" value="Probe"/>
				<string name="UnitName" value="Gneisenau"/>
			</object>
			<object name="Gn4432">
				<integer name="Country" value="5"/>
				<float name="ER" value="200"/>
				<string name="Hull" value="Std_Probe"/>
				<string name="Name" value="Probe_SG"/>
				<string name="TypHL" value="Probe"/>
				<string name="UnitName" value="Gneisenau"/>
			</object>
			<object name="Gn4433">
				<integer name="Country" value="5"/>
				<float name="ER" value="200"/>
				<string name="Hull" value="Std_Probe"/>
				<string name="Name" value="Probe_AA"/>
				<string name="TypHL" value="Probe"/>
				<string name="UnitName" value="Gneisenau"/>
			</object>
			<object name="Gn4434">
				<integer name="Country" value="5"/>
				<integer name="Crew" value="240"/>
				<float name="ER" value="500"/>
				<string name="Hull" value="Std_UpperHull"/>
				<string name="Name" value="Stern_MSuperstructure2"/>
				<string name="TypHL" value="Crew"/>
				<string name="UnitName" value="Gneisenau"/>
			</object>
			<object name="Gn4435">
				<integer name="Country" value="5"/>
				<integer name="Crew" value="240"/>
				<float name="ER" value="500"/>
				<string name="Hull" value="Std_UpperHull"/>
				<string name="Name" value="Stern_MSuperstructure1"/>
				<string name="TypHL" value="Crew"/>
				<string name="UnitName" value="Gneisenau"/>
			</object>
			<object name="Gn4436">
				<integer name="Country" value="5"/>
				<integer name="Crew" value="240"/>
				<float name="ER" value="500"/>
				<string name="Hull" value="Std_UpperHull"/>
				<string name="Name" value="Stern_MSuperstructure"/>
				<string name="TypHL" value="Crew"/>
				<string name="UnitName" value="Gneisenau"/>
			</object>
			<object name="Gn4437">
				<integer name="Country" value="5"/>
				<integer name="Crew" value="240"/>
				<float name="ER" value="500"/>
				<string name="Hull" value="Std_UpperHull"/>
				<string name="Name" value="Stern_LSuperstructure"/>
				<string name="TypHL" value="Crew"/>
				<string name="UnitName" value="Gneisenau"/>
			</object>
			<object name="Gn4438">
				<integer name="Country" value="5"/>
				<float name="ER" value="500"/>
				<string name="Hull" value="Std_Rudder"/>
				<string name="Name" value="SmokeStack"/>
				<string name="TypHL" value="Hull"/>
				<string name="UnitName" value="Gneisenau"/>
			</object>
			<object name="Gn4439">
				<integer name="Country" value="5"/>
				<integer name="Crew" value="240"/>
				<float name="ER" value="500"/>
				<string name="Hull" value="Std_UpperHull"/>
				<string name="Name" value="Bow_USuperstructure2"/>
				<string name="TypHL" value="Crew"/>
				<string name="UnitName" value="Gneisenau"/>
			</object>
			<object name="Gn4440">
				<integer name="Country" value="5"/>
				<integer name="Crew" value="240"/>
				<float name="ER" value="500"/>
				<string name="Hull" value="Std_UpperHull"/>
				<string name="Name" value="USuperstructure1"/>
				<string name="TypHL" value="Crew"/>
				<string name="UnitName" value="Gneisenau"/>
			</object>
			<object name="Gn4441">
				<integer name="Country" value="5"/>
				<float name="ER" value="200"/>
				<string name="Hull" value="Std_Probe"/>
				<string name="Name" value="Radio"/>
				<string name="TypHL" value="Probe"/>
				<string name="UnitName" value="Gneisenau"/>
			</object>
			<object name="Gn4442">
				<integer name="Country" value="5"/>
				<float name="ER" value="200"/>
				<string name="Hull" value="Std_Probe"/>
				<string name="Name" value="Radar"/>
				<string name="TypHL" value="Probe"/>
				<string name="UnitName" value="Gneisenau"/>
			</object>
			<object name="Gn4443">
				<integer name="Country" value="5"/>
				<float name="ER" value="800"/>
				<string name="Hull" value="Scharnhorst_BattleCabine"/>
				<string name="Name" value="BattleCabine"/>
				<string name="TypHL" value="Hull"/>
				<string name="UnitName" value="Gneisenau"/>
			</object>
			<object name="Gn4444">
				<integer name="Country" value="5"/>
				<integer name="Crew" value="240"/>
				<float name="ER" value="500"/>
				<string name="Hull" value="Std_UpperHull"/>
				<string name="Name" value="Bow_MSuperstructure3"/>
				<string name="TypHL" value="Crew"/>
				<string name="UnitName" value="Gneisenau"/>
			</object>
			<object name="Gn4445">
				<integer name="Country" value="5"/>
				<integer name="Crew" value="240"/>
				<float name="ER" value="500"/>
				<string name="Hull" value="Std_UpperHull"/>
				<string name="Name" value="Bow_MSuperstructure1"/>
				<string name="TypHL" value="Crew"/>
				<string name="UnitName" value="Gneisenau"/>
			</object>
			<object name="Gn4446">
				<integer name="Country" value="5"/>
				<integer name="Crew" value="240"/>
				<float name="ER" value="500"/>
				<string name="Hull" value="Std_UpperHull"/>
				<string name="Name" value="Bow_MSuperstructure2"/>
				<string name="TypHL" value="Crew"/>
				<string name="UnitName" value="Gneisenau"/>
			</object>
			<object name="Gn4447">
				<integer name="Country" value="5"/>
				<integer name="Crew" value="240"/>
				<float name="ER" value="500"/>
				<string name="Hull" value="Std_UpperHull"/>
				<string name="Name" value="Bow_LSuperstructure"/>
				<string name="TypHL" value="Crew"/>
				<string name="UnitName" value="Gneisenau"/>
			</object>
			<object name="Gn4448">
				<integer name="Country" value="5"/>
				<float name="ER" value="200"/>
				<string name="Hull" value="Std_Probe"/>
				<string name="Name" value="Bow_Probe_MG"/>
				<string name="TypHL" value="Probe"/>
				<string name="UnitName" value="Gneisenau"/>
			</object>
			<object name="Gn4449">
				<integer name="Country" value="5"/>
				<float name="ER" value="500"/>
				<string name="Hull" value="Scharnhorst_Bottom"/>
				<string name="Name" value="Bow1_Bottom"/>
				<string name="TypHL" value="Hull"/>
				<string name="UnitName" value="Gneisenau"/>
			</object>
			<object name="Gn4450">
				<integer name="Country" value="5"/>
				<float name="ER" value="500"/>
				<string name="Hull" value="Scharnhorst_AB1LowerDeck"/>
				<string name="Name" value="Bow1_LowerDeck"/>
				<string name="TypHL" value="Hull"/>
				<string name="UnitName" value="Gneisenau"/>
			</object>
			<object name="Gn4451">
				<integer name="Country" value="5"/>
				<float name="ER" value="200"/>
				<string name="Hull" value="Std_Probe"/>
				<string name="Name" value="Bow_Probe_Sonar"/>
				<string name="TypHL" value="Probe"/>
				<string name="UnitName" value="Gneisenau"/>
			</object>
			<object name="Gn4452">
				<integer name="Country" value="5"/>
				<float name="ER" value="500"/>
				<string name="Hull" value="Scharnhorst_AB1MiddleDeck"/>
				<string name="Name" value="Bow1_MiddleDeck"/>
				<string name="TypHL" value="Hull"/>
				<string name="UnitName" value="Gneisenau"/>
			</object>
			<object name="Gn4453">
				<integer name="Country" value="5"/>
				<float name="ER" value="500"/>
				<string name="Hull" value="Scharnhorst_AB1MiddleDeck"/>
				<string name="Name" value="Bow1_MiddleDeck2"/>
				<string name="TypHL" value="Hull"/>
				<string name="UnitName" value="Gneisenau"/>
			</object>
			<object name="Gn4454">
				<integer name="Country" value="5"/>
				<float name="ER" value="500"/>
				<string name="Hull" value="Scharnhorst_AB1UpperDeck"/>
				<string name="Name" value="Bow1_UpperDeck"/>
				<string name="TypHL" value="Hull"/>
				<string name="UnitName" value="Gneisenau"/>
			</object>
			<object name="Gn4455">
				<integer name="Country" value="5"/>
				<float name="ER" value="500"/>
				<string name="Hull" value="Scharnhorst_AS2LowerDeck"/>
				<string name="Name" value="Stern2_LowerDeck"/>
				<string name="TypHL" value="Hull"/>
				<string name="UnitName" value="Gneisenau"/>
			</object>
			<object name="Gn4456">
				<integer name="Country" value="5"/>
				<float name="ER" value="500"/>
				<string name="Hull" value="Scharnhorst_Tiller"/>
				<string name="Name" value="Tiller"/>
				<string name="TypHL" value="Hull"/>
				<string name="UnitName" value="Gneisenau"/>
			</object>
			<object name="Gn4457">
				<integer name="Country" value="5"/>
				<float name="ER" value="500"/>
				<string name="Hull" value="Scharnhorst_AS2UpperDeck"/>
				<string name="Name" value="Stern2_UpperDeck"/>
				<string name="TypHL" value="Hull"/>
				<string name="UnitName" value="Gneisenau"/>
			</object>
			<object name="Gn5">
				<integer name="Country" value="5"/>
				<float name="ER" value="1000"/>
				<string name="Hull" value="Scharnhorst_Shell"/>
				<string name="Name" value="Dummy5"/>
				<string name="TypHL" value="Hull"/>
				<string name="UnitName" value="Gneisenau"/>
			</object>
			<object name="Gn6">
				<integer name="Country" value="5"/>
				<float name="ER" value="1000"/>
				<string name="Hull" value="Scharnhorst_Shell"/>
				<string name="Name" value="Dummy6"/>
				<string name="TypHL" value="Hull"/>
				<string name="UnitName" value="Gneisenau"/>
			</object>
		</object>			
		<object name="Ships">
			<object name="Gneisenau">
				<float name="AccelRate" value="1.e-004"/>
				<string name="Airgroup" value="Scout_ShipWater_Battleship_Battalion_germany"/>
				<integer name="AirplanesCount" value="3"/>
				<string name="AmmoLoadingTemplate" value="Ammo 626"/>
				<boolean name="BoatsTransportationAbility" value="false"/>
				<integer name="CabinArmor" value="533"/>
				<boolean name="CanBeChanged" value="true"/>
				<boolean name="CanUseTorpedos" value="true"/>
				<string name="CatapultAirgroupDefaultUnit" value="Ar196"/>
				<integer name="Country" value="5"/>
				<integer name="Crew" value="1968"/>
				<float name="CriticalCareen" value="37."/>
				<float name="CriticalDFT" value="4.5"/>
				<float name="CriticalDifferent" value="5."/>
				<float name="DisplacementMax" value="38100."/>
				<float name="DTimeProd" value="160."/>
				<float name="EPR" value="630."/>
				<float name="FireRisk" value="1667."/>
				<float name="Fuel" value="6200."/>
				<float name="HLShapeCoef" value="0.6"/>
				<integer name="HullArmorSide" value="310"/>
				<integer name="HullArmorTop" value="265"/>
				<float name="Iron" value="48300."/>
				<integer name="Length" value="235.4"/>
				<float name="MaxSpeed" value="33."/>
				<integer name="MinCrew" value="960"/>
				<float name="Money" value="42000."/>
				<string name="Name" value="Gneisenau"/>
				<boolean name="New" value="true"/>
				<float name="NTimeProd" value="400."/>
				<integer name="Nuc_Dest_Prob" value="300"/>
				<integer name="Passengers" value="70"/>
				<boolean name="PlanesTransportationAbility" value="false"/>
				<float name="Range" value="18700."/>
				<integer name="Rank" value="2"/>
				<string name="SMU" value="Gneisenau"/>
				<float name="Speed" value="19."/>
				<float name="StoreCapacity" value="1600."/>
				<boolean name="Transportable" value="false"/>
				<float name="TurnRate" value="1.4e-003"/>
				<integer name="Type" value="1"/>
				<float name="Vitality" value="8400."/>
				<float name="VitalityAA" value="3500."/>
				<float name="Weight" value="36108."/>
				<integer name="Width" value="30"/>
				<integer name="Year" value="39"/>
			</object>
		</object>
		<object name="ShipsNames">
			<object name="Gneisenau">
				<string name="1" value="Gneisenau"/>
			</object>
		</object>
		<object name="UnitsByType">
			<object name="1">
				<object name="Gneisenau">
					<string name="ChildTable" value="Ships"/>
				</object>
			</object>
		</object>
	</object>
</root>
