﻿<?xml version="1.0" standalone="yes" ?>
<root>
	<object name="Modifications">
		<object name="Ships">
			<object name="Gneisenau">
				<object name="Prototype">
					<string name="AAGunControl" value="Mark1_AA"/>
					<float name="AAVolleyWeight" value="10.4899206"/>
					<float name="Aluminium" value="0."/>
					<float name="AmmoWeight" value="769.679932"/>
					<float name="Armour" value="0."/>
					<float name="FuelConsumption" value="9.16604137"/>
					<float name="FuelProtect" value="0."/>
					<string name="FullModName" value="Ships.Gneisenau.Prototype"/>
					<float name="Iron" value="50755.457"/>
					<boolean name="IsAvailable" value="true"/>
					<boolean name="IsJammer" value="false"/>
					<string name="MainGunControl" value="Mk_8_M"/>
					<float name="MaxFuel" value="5355."/>
					<float name="MaxSpeed" value="33."/>
					<float name="MinSpeed" value="0."/>
					<float name="Money" value="54656."/>
					<widestring name="Name" value="UwBjAGgAbABhAGMAaAB0AHMAYwBoAGkAZgBmACAARwBuAGUAaQBzAGUAbgBhAHUA="/>
					<float name="RadarRange" value="0."/>
					<float name="RadioGain" value="32258.0645"/>
					<float name="RadioPowerHF" value="100."/>
					<float name="RadioPowerVHF" value="0."/>
					<float name="RadioSensitivityHF" value="3.10000009e-003"/>
					<float name="RadioSensitivityVHF" value="0."/>
					<object name="Slots">
						<object name="TPort_Anton">
							<string name="Device" value="Main_Turret_280_Scharnhorst_Anton"/>
							<string name="Table" value="Turrets"/>
						</object>
						<object name="TPort_Bruno">
							<string name="Device" value="Main_Turret_280_Scharnhorst_Bruno"/>
							<string name="Table" value="Turrets"/>
						</object>
						<object name="TPort_Dora">
							<string name="Device" value="Main_Turret_280_Scharnhorst_Dora"/>
							<string name="Table" value="Turrets"/>
						</object>
						<object name="TPort_TORPR">
							<string name="Device" value="Narvik_Torp_App_Turret"/>
							<string name="Table" value="Turrets"/>
						</object>
						<object name="TPort_TORPL">
							<string name="Device" value="Narvik_Torp_App_Turret"/>
							<string name="Table" value="Turrets"/>
						</object>
						<object name="TPort_150mmFR">
							<string name="Device" value="Bismark_SK2_150mm_Turret"/>
							<string name="Table" value="Turrets"/>
						</object>
						<object name="TPort_150mmFL">
							<string name="Device" value="Bismark_SK2_150mm_Turret"/>
							<string name="Table" value="Turrets"/>
						</object>
						<object name="TPort_150mmBR">
							<string name="Device" value="Bismark_SK1_150mm_Turret"/>
							<string name="Table" value="Turrets"/>
						</object>
						<object name="TPort_150mmBL">
							<string name="Device" value="Bismark_SK1_150mm_Turret"/>
							<string name="Table" value="Turrets"/>
						</object>
						<object name="TPort_150mmSingleFR">
							<string name="Device" value="KGM_Gun_150_Turret"/>
							<string name="Table" value="Turrets"/>
						</object>
						<object name="TPort_150mmSingleFL">
							<string name="Device" value="KGM_Gun_150_Turret"/>
							<string name="Table" value="Turrets"/>
						</object>
						<object name="TPort_150mmSingleBR">
							<string name="Device" value="KGM_Gun_150_Turret"/>
							<string name="Table" value="Turrets"/>
						</object>
						<object name="TPort_150mmSingleBL">
							<string name="Device" value="KGM_Gun_150_Turret"/>
							<string name="Table" value="Turrets"/>
						</object>
						<object name="TPort_105mmFR">
							<string name="Device" value="Bismark_FLAK1_105mm_SK_C33_Turret"/>
							<string name="Table" value="Turrets"/>
						</object>
						<object name="TPort_105mmFL">
							<string name="Device" value="Bismark_FLAK1_105mm_SK_C33_Turret"/>
							<string name="Table" value="Turrets"/>
						</object>
						<object name="TPort_105mmMR">
							<string name="Device" value="Bismark_FLAK1_105mm_SK_C33_Turret"/>
							<string name="Table" value="Turrets"/>
						</object>
						<object name="TPort_105mmML">
							<string name="Device" value="Bismark_FLAK1_105mm_SK_C33_Turret"/>
							<string name="Table" value="Turrets"/>
						</object>
						<object name="TPort_105mmBR">
							<string name="Device" value="Bismark_FLAK1_105mm_SK_C33_Turret"/>
							<string name="Table" value="Turrets"/>
						</object>
						<object name="TPort_105mmBL">
							<string name="Device" value="Bismark_FLAK1_105mm_SK_C33_Turret"/>
							<string name="Table" value="Turrets"/>
						</object>
						<object name="TPort_105mmB">
							<string name="Device" value="Bismark_FLAK1_105mm_SK_C33_Turret"/>
							<string name="Table" value="Turrets"/>
						</object>
						<object name="TPort_AA37FR">
							<string name="Device" value="Bismark_FLAK3_37mm_SK_C30_Turret"/>
							<string name="Table" value="Turrets"/>
						</object>

						<object name="TPort_AA37FL">
							<string name="Device" value="Bismark_FLAK3_37mm_SK_C30_Turret"/>
							<string name="Table" value="Turrets"/>
						</object>
						<object name="TPort_AA37MR">
							<string name="Device" value="Bismark_FLAK3_37mm_SK_C30_Turret"/>
							<string name="Table" value="Turrets"/>
						</object>
						<object name="TPort_AA37ML">
							<string name="Device" value="Bismark_FLAK3_37mm_SK_C30_Turret"/>
							<string name="Table" value="Turrets"/>
						</object>
						<object name="TPort_AA37MBR">
							<string name="Device" value="Bismark_FLAK3_37mm_SK_C30_Turret"/>
							<string name="Table" value="Turrets"/>
						</object>
						<object name="TPort_AA37MBL">
							<string name="Device" value="Bismark_FLAK3_37mm_SK_C30_Turret"/>
							<string name="Table" value="Turrets"/>
						</object>
						<object name="TPort_AA37BR">
							<string name="Device" value="Bismark_FLAK3_37mm_SK_C30_Turret"/>
							<string name="Table" value="Turrets"/>
						</object>
						<object name="TPort_AA37BL">
							<string name="Device" value="Bismark_FLAK3_37mm_SK_C30_Turret"/>
							<string name="Table" value="Turrets"/>
						</object>
						<object name="TPort_AAQFR">
							<string name="Device" value="Bismark_FLAK4_20mm_MG_C38Quad_Turret"/>
							<string name="Table" value="Turrets"/>
						</object>
						<object name="TPort_AAQFL">
							<string name="Device" value="Bismark_FLAK4_20mm_MG_C38Quad_Turret"/>
							<string name="Table" value="Turrets"/>
						</object>
						<object name="TPort_AAQMR">
							<string name="Device" value="Bismark_FLAK4_20mm_MG_C38Quad_Turret"/>
							<string name="Table" value="Turrets"/>
						</object>
						<object name="TPort_AAQML">
							<string name="Device" value="Bismark_FLAK4_20mm_MG_C38Quad_Turret"/>
							<string name="Table" value="Turrets"/>
						</object>
						<object name="TPort_AAQBR">
							<string name="Device" value="Bismark_FLAK4_20mm_MG_C38Quad_Turret"/>
							<string name="Table" value="Turrets"/>
						</object>
						<object name="TPort_AAQBL">
							<string name="Device" value="Bismark_FLAK4_20mm_MG_C38Quad_Turret"/>
							<string name="Table" value="Turrets"/>
						</object>
						<object name="TPort_AA20mmFR">
							<string name="Device" value="Bismark_FLAK5_20mm_MG_C30_Turret"/>
							<string name="Table" value="Turrets"/>
						</object>
						<object name="TPort_AA20mmFL">
							<string name="Device" value="Bismark_FLAK5_20mm_MG_C30_Turret"/>
							<string name="Table" value="Turrets"/>
						</object>
						<object name="TPort_AA20mmF2R">
							<string name="Device" value="Bismark_FLAK5_20mm_MG_C30_Turret"/>
							<string name="Table" value="Turrets"/>
						</object>
						<object name="TPort_AA20mmF2L">
							<string name="Device" value="Bismark_FLAK5_20mm_MG_C30_Turret"/>
							<string name="Table" value="Turrets"/>
						</object>
						<object name="TPort_AA20mmUR">
							<string name="Device" value="Bismark_FLAK5_20mm_MG_C30_Turret"/>
							<string name="Table" value="Turrets"/>
						</object>
						<object name="TPort_AA20mmUL">
							<string name="Device" value="Bismark_FLAK5_20mm_MG_C30_Turret"/>
							<string name="Table" value="Turrets"/>
						</object>
						<object name="TPort_AA20mmBR">
							<string name="Device" value="Bismark_FLAK5_20mm_MG_C30_Turret"/>
							<string name="Table" value="Turrets"/>
						</object>
						<object name="TPort_AA20mmBL">
							<string name="Device" value="Bismark_FLAK5_20mm_MG_C30_Turret"/>
							<string name="Table" value="Turrets"/>
						</object>
						<object name="TPort_AA20mmBUR">
							<string name="Device" value="Bismark_FLAK5_20mm_MG_C30_Turret"/>
							<string name="Table" value="Turrets"/>
						</object>
						<object name="TPort_AA20mmBUL">
							<string name="Device" value="Bismark_FLAK5_20mm_MG_C30_Turret"/>
							<string name="Table" value="Turrets"/>
						</object>
						<object name="TPort_ProjF">
							<string name="Device" value="Bismark_Projector_Turret"/>
							<string name="Table" value="Turrets"/>
						</object>
						<object name="TPort_ProjMR">
							<string name="Device" value="Bismark_Projector_Turret"/>
							<string name="Table" value="Turrets"/>
						</object>
						<object name="TPort_ProjML">
							<string name="Device" value="Bismark_Projector_Turret"/>
							<string name="Table" value="Turrets"/>
						</object>
						<object name="TPort_ProjB">
							<string name="Device" value="Bismark_Projector_Turret"/>
							<string name="Table" value="Turrets"/>
						</object>
						<object name="TPort_RFSFR">
							<string name="Device" value="Bismark_RangefinderSmall"/>
							<string name="Table" value="Turrets"/>
						</object>
						<object name="TPort_RFSFL">
							<string name="Device" value="Bismark_RangefinderSmall"/>
							<string name="Table" value="Turrets"/>
						</object>
						<object name="TPort_RFSBR">
							<string name="Device" value="Bismark_RangefinderSmall"/>
							<string name="Table" value="Turrets"/>
						</object>
						<object name="TPort_RFSBL">
							<string name="Device" value="Bismark_RangefinderSmall"/>
							<string name="Table" value="Turrets"/>
						</object>


						<object name="TPort_RF01FR">
							<string name="Device" value="Bismark_Rangefinder4mTypeSL_8V"/>
							<string name="Table" value="Turrets"/>
						</object>
						<object name="TPort_RF02FL">
							<string name="Device" value="Bismark_Rangefinder4mTypeSL_8V"/>
							<string name="Table" value="Turrets"/>
						</object>
						<object name="TPort_RF03BR">
							<string name="Device" value="Bismark_Rangefinder4mTypeSL_8V"/>
							<string name="Table" value="Turrets"/>
						</object>
						<object name="TPort_RF04BL">
							<string name="Device" value="Bismark_Rangefinder4mTypeSL_8V"/>
							<string name="Table" value="Turrets"/>
						</object>
						<object name="TPort_RF3mR">
							<string name="Device" value="Bismark_Rangefinder3m"/>
							<string name="Table" value="Turrets"/>
						</object>
						<object name="TPort_RF3mL">
							<string name="Device" value="Bismark_Rangefinder3m"/>
							<string name="Table" value="Turrets"/>
						</object>
						<object name="TPort_RF4mF">
							<string name="Device" value="Bismark_Rangefinder4m2V"/>
							<string name="Table" value="Turrets"/>
						</object>
						<object name="TPort_RF4mB">
							<string name="Device" value="Bismark_Rangefinder4m2V"/>
							<string name="Table" value="Turrets"/>
						</object>
						<object name="TPort_RADAR1">
							<string name="Device" value="Bismark_Radar_FuMO_23_1V"/>
							<string name="Table" value="Turrets"/>
						</object>
						<object name="TPort_RADAR2">
							<string name="Device" value="Tirpitz_Radar_FuMO_27_1V"/>
							<string name="Table" value="Turrets"/>
						</object>
						<object name="TPort_RADAR3">
							<string name="Device" value="Bismark_Radar_FuMO_23_3V"/>
							<string name="Table" value="Turrets"/>
						</object>


						<object name="TPort_VINTR">
							<string name="Device" value="Vint_Bismark"/>
							<string name="Table" value="Turrets"/>
						</object>
						<object name="TPort_VINTL">
							<string name="Device" value="Vint_Bismark"/>
							<string name="Table" value="Turrets"/>
						</object>
						<object name="TPort_KATAPULT">
							<string name="Device" value="Scharnhorst_Katapult"/>
							<string name="Table" value="Turrets"/>
						</object>
						<object name="ZPort_AAGunContr1">
							<string name="Device" value="Mark1_AA"/>
							<string name="Table" value="AimSystems"/>
						</object>
						<object name="ZPort_Jammer_US_A1">
							<string name="Device" value=""/>
							<string name="Table" value="Probes"/>
						</object>
						<object name="ZPort_MainGunContr">
							<string name="Device" value="Mk_8_M"/>
							<string name="Table" value="AimSystems"/>
						</object>
						<object name="ZPort_Radio">
							<string name="Device" value="TBL7"/>
							<string name="Table" value="Probes"/>
						</object>
						<object name="ZPort_Sonar">
							<string name="Device" value=""/>
							<string name="Table" value="Probes"/>
						</object>
						<object name="ZPort_SteamTurbine_01">
							<string name="Device" value="MPP_Scharnhorst"/>
							<string name="Table" value="Engins"/>
						</object>
					</object>
					<string name="Sonar" value=""/>
					<float name="Speed" value="15."/>
					<string name="SuperRifles" value="Narvik_Torp_Tube.8."/>
					<float name="VolleyWeight" value="17.7913017"/>
					<float name="Weight" value="42048.2617"/>
				</object>
				<object name="ai_43">
					<string name="AAGunControl" value="Mark1_AA"/>
					<float name="AAVolleyWeight" value="11.4547205"/>
					<float name="Aluminium" value="0."/>
					<float name="AmmoWeight" value="775.679932"/>
					<float name="Armour" value="0."/>
					<float name="FuelConsumption" value="9.16604137"/>
					<float name="FuelProtect" value="0."/>
					<string name="FullModName" value="Ships.Gneisenau.ai_43"/>
					<float name="Iron" value="50755.457"/>
					<boolean name="IsAvailable" value="false"/>
					<boolean name="IsJammer" value="false"/>
					<string name="MainGunControl" value="Mk_8R_M"/>
					<float name="MaxFuel" value="5355."/>
					<float name="MaxSpeed" value="33."/>
					<float name="MinSpeed" value="0."/>
					<float name="Money" value="55040."/>
					<widestring name="Name" value="UwBjAGgAbABhAGMAaAB0AHMAYwBoAGkAZgBmACAARwBuAGUAaQBzAGUAbgBhAHUAXwBhAGkANAAzAAA="/>
					<float name="RadarRange" value="101.739784"/>
					<float name="RadioGain" value="10000."/>
					<float name="RadioPowerHF" value="0."/>
					<float name="RadioPowerVHF" value="50."/>
					<float name="RadioSensitivityHF" value="0."/>
					<float name="RadioSensitivityVHF" value="4.99999989e-003"/>
					<object name="Slots">
						<object name="TPort_Anton">
							<string name="Device" value="Main_Turret_280_Scharnhorst_Anton"/>
							<string name="Table" value="Turrets"/>
						</object>
						<object name="TPort_Bruno">
							<string name="Device" value="Main_Turret_280_Scharnhorst_Bruno"/>
							<string name="Table" value="Turrets"/>
						</object>
						<object name="TPort_Dora">
							<string name="Device" value="Main_Turret_280_Scharnhorst_Dora"/>
							<string name="Table" value="Turrets"/>
						</object>
						<object name="TPort_TORPR">
							<string name="Device" value="Narvik_Torp_App_Turret"/>
							<string name="Table" value="Turrets"/>
						</object>
						<object name="TPort_TORPL">
							<string name="Device" value="Narvik_Torp_App_Turret"/>
							<string name="Table" value="Turrets"/>
						</object>
						<object name="TPort_150mmFR">
							<string name="Device" value="Bismark_SK2_150mm_Turret"/>
							<string name="Table" value="Turrets"/>
						</object>
						<object name="TPort_150mmFL">
							<string name="Device" value="Bismark_SK2_150mm_Turret"/>
							<string name="Table" value="Turrets"/>
						</object>
						<object name="TPort_150mmBR">
							<string name="Device" value="Bismark_SK1_150mm_Turret"/>
							<string name="Table" value="Turrets"/>
						</object>
						<object name="TPort_150mmBL">
							<string name="Device" value="Bismark_SK1_150mm_Turret"/>
							<string name="Table" value="Turrets"/>
						</object>
						<object name="TPort_150mmSingleFR">
							<string name="Device" value="KGM_Gun_150_Turret"/>
							<string name="Table" value="Turrets"/>
						</object>
						<object name="TPort_150mmSingleFL">
							<string name="Device" value="KGM_Gun_150_Turret"/>
							<string name="Table" value="Turrets"/>
						</object>
						<object name="TPort_150mmSingleBR">
							<string name="Device" value="KGM_Gun_150_Turret"/>
							<string name="Table" value="Turrets"/>
						</object>
						<object name="TPort_150mmSingleBL">
							<string name="Device" value="KGM_Gun_150_Turret"/>
							<string name="Table" value="Turrets"/>
						</object>
						<object name="TPort_105mmFR">
							<string name="Device" value="Bismark_FLAK1_105mm_SK_C33_Turret"/>
							<string name="Table" value="Turrets"/>
						</object>
						<object name="TPort_105mmFL">
							<string name="Device" value="Bismark_FLAK1_105mm_SK_C33_Turret"/>
							<string name="Table" value="Turrets"/>
						</object>
						<object name="TPort_105mmMR">
							<string name="Device" value="Bismark_FLAK1_105mm_SK_C33_Turret"/>
							<string name="Table" value="Turrets"/>
						</object>
						<object name="TPort_105mmML">
							<string name="Device" value="Bismark_FLAK1_105mm_SK_C33_Turret"/>
							<string name="Table" value="Turrets"/>
						</object>
						<object name="TPort_105mmBR">
							<string name="Device" value="Bismark_FLAK1_105mm_SK_C33_Turret"/>
							<string name="Table" value="Turrets"/>
						</object>
						<object name="TPort_105mmBL">
							<string name="Device" value="Bismark_FLAK1_105mm_SK_C33_Turret"/>
							<string name="Table" value="Turrets"/>
						</object>
						<object name="TPort_105mmB">
							<string name="Device" value="Bismark_FLAK1_105mm_SK_C33_Turret"/>
							<string name="Table" value="Turrets"/>
						</object>
						<object name="TPort_AA37FR">
							<string name="Device" value="Bismark_FLAK3_37mm_SK_C30_Turret"/>
							<string name="Table" value="Turrets"/>
						</object>

						<object name="TPort_AA37FL">
							<string name="Device" value="Bismark_FLAK3_37mm_SK_C30_Turret"/>
							<string name="Table" value="Turrets"/>
						</object>
						<object name="TPort_AA37MR">
							<string name="Device" value="Bismark_FLAK3_37mm_SK_C30_Turret"/>
							<string name="Table" value="Turrets"/>
						</object>
						<object name="TPort_AA37ML">
							<string name="Device" value="Bismark_FLAK3_37mm_SK_C30_Turret"/>
							<string name="Table" value="Turrets"/>
						</object>
						<object name="TPort_AA37MBR">
							<string name="Device" value="Bismark_FLAK3_37mm_SK_C30_Turret"/>
							<string name="Table" value="Turrets"/>
						</object>
						<object name="TPort_AA37MBL">
							<string name="Device" value="Bismark_FLAK3_37mm_SK_C30_Turret"/>
							<string name="Table" value="Turrets"/>
						</object>
						<object name="TPort_AA37BR">
							<string name="Device" value="Bismark_FLAK3_37mm_SK_C30_Turret"/>
							<string name="Table" value="Turrets"/>
						</object>
						<object name="TPort_AA37BL">
							<string name="Device" value="Bismark_FLAK3_37mm_SK_C30_Turret"/>
							<string name="Table" value="Turrets"/>
						</object>
						<object name="TPort_AAQFR">
							<string name="Device" value="Bismark_FLAK4_20mm_MG_C38Quad_Turret"/>
							<string name="Table" value="Turrets"/>
						</object>
						<object name="TPort_AAQFL">
							<string name="Device" value="Bismark_FLAK4_20mm_MG_C38Quad_Turret"/>
							<string name="Table" value="Turrets"/>
						</object>
						<object name="TPort_AAQMR">
							<string name="Device" value="Bismark_FLAK4_20mm_MG_C38Quad_Turret"/>
							<string name="Table" value="Turrets"/>
						</object>
						<object name="TPort_AAQML">
							<string name="Device" value="Bismark_FLAK4_20mm_MG_C38Quad_Turret"/>
							<string name="Table" value="Turrets"/>
						</object>
						<object name="TPort_AAQBR">
							<string name="Device" value="Bismark_FLAK4_20mm_MG_C38Quad_Turret"/>
							<string name="Table" value="Turrets"/>
						</object>
						<object name="TPort_AAQBL">
							<string name="Device" value="Bismark_FLAK4_20mm_MG_C38Quad_Turret"/>
							<string name="Table" value="Turrets"/>
						</object>
						<object name="TPort_AA20mmFR">
							<string name="Device" value="Bismark_FLAK5_20mm_MG_C30_3V_Turret"/>
							<string name="Table" value="Turrets"/>
						</object>
						<object name="TPort_AA20mmFL">
							<string name="Device" value="Bismark_FLAK5_20mm_MG_C30_3V_Turret"/>
							<string name="Table" value="Turrets"/>
						</object>
						<object name="TPort_AA20mmF2R">
							<string name="Device" value="Bismark_FLAK5_20mm_MG_C30_3V_Turret"/>
							<string name="Table" value="Turrets"/>
						</object>
						<object name="TPort_AA20mmF2L">
							<string name="Device" value="Bismark_FLAK5_20mm_MG_C30_3V_Turret"/>
							<string name="Table" value="Turrets"/>
						</object>
						<object name="TPort_AA20mmUR">
							<string name="Device" value="Bismark_FLAK5_20mm_MG_C30_3V_Turret"/>
							<string name="Table" value="Turrets"/>
						</object>
						<object name="TPort_AA20mmUL">
							<string name="Device" value="Bismark_FLAK5_20mm_MG_C30_3V_Turret"/>
							<string name="Table" value="Turrets"/>
						</object>
						<object name="TPort_AA20mmBR">
							<string name="Device" value="Bismark_FLAK5_20mm_MG_C30_3V_Turret"/>
							<string name="Table" value="Turrets"/>
						</object>
						<object name="TPort_AA20mmBL">
							<string name="Device" value="Bismark_FLAK5_20mm_MG_C30_3V_Turret"/>
							<string name="Table" value="Turrets"/>
						</object>
						<object name="TPort_AA20mmBUR">
							<string name="Device" value="Bismark_FLAK5_20mm_MG_C30_3V_Turret"/>
							<string name="Table" value="Turrets"/>
						</object>
						<object name="TPort_AA20mmBUL">
							<string name="Device" value="Bismark_FLAK5_20mm_MG_C30_3V_Turret"/>
							<string name="Table" value="Turrets"/>
						</object>
						<object name="TPort_ProjF">
							<string name="Device" value="Bismark_Projector_Turret"/>
							<string name="Table" value="Turrets"/>
						</object>
						<object name="TPort_ProjMR">
							<string name="Device" value="Bismark_Projector_Turret"/>
							<string name="Table" value="Turrets"/>
						</object>
						<object name="TPort_ProjML">
							<string name="Device" value="Bismark_Projector_Turret"/>
							<string name="Table" value="Turrets"/>
						</object>
						<object name="TPort_ProjB">
							<string name="Device" value="Bismark_Projector_Turret"/>
							<string name="Table" value="Turrets"/>
						</object>
						<object name="TPort_RFSFR">
							<string name="Device" value="Bismark_RangefinderSmall"/>
							<string name="Table" value="Turrets"/>
						</object>
						<object name="TPort_RFSFL">
							<string name="Device" value="Bismark_RangefinderSmall"/>
							<string name="Table" value="Turrets"/>
						</object>
						<object name="TPort_RFSBR">
							<string name="Device" value="Bismark_RangefinderSmall"/>
							<string name="Table" value="Turrets"/>
						</object>
						<object name="TPort_RFSBL">
							<string name="Device" value="Bismark_RangefinderSmall"/>
							<string name="Table" value="Turrets"/>
						</object>


						<object name="TPort_RF01FR">
							<string name="Device" value="Radar_FuMOFX"/>
							<string name="Table" value="Turrets"/>
						</object>
						<object name="TPort_RF02FL">
							<string name="Device" value="Radar_FuMOFX"/>
							<string name="Table" value="Turrets"/>
						</object>
						<object name="TPort_RF03BR">
							<string name="Device" value="Bismark_Rangefinder4mTypeSL_8V"/>
							<string name="Table" value="Turrets"/>
						</object>
						<object name="TPort_RF04BL">
							<string name="Device" value="Bismark_Rangefinder4mTypeSL_8V"/>
							<string name="Table" value="Turrets"/>
						</object>
						<object name="TPort_RF3mR">
							<string name="Device" value="Bismark_Rangefinder3m"/>
							<string name="Table" value="Turrets"/>
						</object>
						<object name="TPort_RF3mL">
							<string name="Device" value="Bismark_Rangefinder3m"/>
							<string name="Table" value="Turrets"/>
						</object>
						<object name="TPort_RF4mF">
							<string name="Device" value="Bismark_Rangefinder4m2V"/>
							<string name="Table" value="Turrets"/>
						</object>
						<object name="TPort_RF4mB">
							<string name="Device" value="Bismark_Rangefinder4m2V"/>
							<string name="Table" value="Turrets"/>
						</object>
						<object name="TPort_RADAR1">
							<string name="Device" value="Radar_FuMO213"/>
							<string name="Table" value="Turrets"/>
						</object>
						<object name="TPort_RADAR2">
							<string name="Device" value="Tirpitz_Radar_FuMO_27_1V"/>
							<string name="Table" value="Turrets"/>
						</object>
						<object name="TPort_RADAR3">
							<string name="Device" value="Bismark_Radar_FuMO_23_3V"/>
							<string name="Table" value="Turrets"/>
						</object>


						<object name="TPort_VINTR">
							<string name="Device" value="Vint_Bismark"/>
							<string name="Table" value="Turrets"/>
						</object>
						<object name="TPort_VINTL">
							<string name="Device" value="Vint_Bismark"/>
							<string name="Table" value="Turrets"/>
						</object>
						<object name="TPort_KATAPULT">
							<string name="Device" value="Scharnhorst_Katapult"/>
							<string name="Table" value="Turrets"/>
						</object>
						<object name="ZPort_AAGunContr1">
							<string name="Device" value="Mark1_AA"/>
							<string name="Table" value="AimSystems"/>
						</object>
						<object name="ZPort_Jammer_US_A1">
							<string name="Device" value=""/>
							<string name="Table" value="Probes"/>
						</object>
						<object name="ZPort_MainGunContr">
							<string name="Device" value="Mk_8R_M"/>
							<string name="Table" value="AimSystems"/>
						</object>
						<object name="ZPort_Radio">
							<string name="Device" value="TBS"/>
							<string name="Table" value="Probes"/>
						</object>
						<object name="ZPort_Sonar">
							<string name="Device" value="SearchLight_U"/>
							<string name="Table" value="Probes"/>
						</object>
						<object name="ZPort_SteamTurbine_01">
							<string name="Device" value="MPP_Scharnhorst"/>
							<string name="Table" value="Engins"/>
						</object>
					</object>
					<string name="Sonar" value="SearchLight_U"/>
					<float name="Speed" value="15."/>
					<string name="SuperRifles" value="Narvik_Torp_Tube.8."/>
					<float name="VolleyWeight" value="17.7913017"/>
					<float name="Weight" value="42055.9609"/>
				</object>
				<object name="ai_45">
					<string name="AAGunControl" value="Mark12R_AA"/>
					<float name="AAVolleyWeight" value="29.0464764"/>
					<float name="Aluminium" value="0."/>
					<float name="AmmoWeight" value="730.859985"/>
					<float name="Armour" value="0."/>
					<float name="FuelConsumption" value="9.16604137"/>
					<float name="FuelProtect" value="0."/>
					<string name="FullModName" value="Ships.Gneisenau.ai_45"/>
					<float name="Iron" value="51046.168"/>
					<boolean name="IsAvailable" value="false"/>
					<boolean name="IsJammer" value="true"/>
					<string name="MainGunControl" value="Mk_8R_M"/>
					<float name="MaxFuel" value="5355."/>
					<float name="MaxSpeed" value="33."/>
					<float name="MinSpeed" value="0."/>
					<float name="Money" value="55343."/>
					<widestring name="Name" value="UwBjAGgAbABhAGMAaAB0AHMAYwBoAGkAZgBmACAARwBuAGUAaQBzAGUAbgBhAHUAXwBhAGkANAA1AAA="/>
					<float name="RadarRange" value="101.739784"/>
					<float name="RadioGain" value="10000."/>
					<float name="RadioPowerHF" value="0."/>
					<float name="RadioPowerVHF" value="50."/>
					<float name="RadioSensitivityHF" value="0."/>
					<float name="RadioSensitivityVHF" value="4.99999989e-003"/>
					<object name="Slots">
						<object name="TPort_Anton">
							<string name="Device" value="Main_Turret_280_Scharnhorst_Anton"/>
							<string name="Table" value="Turrets"/>
						</object>
						<object name="TPort_Bruno">
							<string name="Device" value="Main_Turret_280_Scharnhorst_Bruno"/>
							<string name="Table" value="Turrets"/>
						</object>
						<object name="TPort_Dora">
							<string name="Device" value="Main_Turret_280_Scharnhorst_Dora"/>
							<string name="Table" value="Turrets"/>
						</object>
						<object name="TPort_TORPR">
							<string name="Device" value="Narvik_Torp_App_Turret"/>
							<string name="Table" value="Turrets"/>
						</object>
						<object name="TPort_TORPL">
							<string name="Device" value="Narvik_Torp_App_Turret"/>
							<string name="Table" value="Turrets"/>
						</object>
						<object name="TPort_150mmFR">
							<string name="Device" value="Turret_127_KM40"/>
							<string name="Table" value="Turrets"/>
						</object>
						<object name="TPort_150mmFL">
							<string name="Device" value="Turret_127_KM40"/>
							<string name="Table" value="Turrets"/>
						</object>
						<object name="TPort_150mmBR">
							<string name="Device" value="Turret_127_KM40"/>
							<string name="Table" value="Turrets"/>
						</object>
						<object name="TPort_150mmBL">
							<string name="Device" value="Turret_127_KM40"/>
							<string name="Table" value="Turrets"/>
						</object>
						<object name="TPort_150mmSingleFR">
							<string name="Device" value="Turret_127_KM40"/>
							<string name="Table" value="Turrets"/>
						</object>
						<object name="TPort_150mmSingleFL">
							<string name="Device" value="Turret_127_KM40"/>
							<string name="Table" value="Turrets"/>
						</object>
						<object name="TPort_150mmSingleBR">
							<string name="Device" value="Turret_127_KM40"/>
							<string name="Table" value="Turrets"/>
						</object>
						<object name="TPort_150mmSingleBL">
							<string name="Device" value="Turret_127_KM40"/>
							<string name="Table" value="Turrets"/>
						</object>
						<object name="TPort_105mmFR">
							<string name="Device" value="Turret_127_KM40"/>
							<string name="Table" value="Turrets"/>
						</object>
						<object name="TPort_105mmFL">
							<string name="Device" value="Turret_127_KM40"/>
							<string name="Table" value="Turrets"/>
						</object>
						<object name="TPort_105mmMR">
							<string name="Device" value="Turret_127_KM40"/>
							<string name="Table" value="Turrets"/>
						</object>
						<object name="TPort_105mmML">
							<string name="Device" value="Turret_127_KM40"/>
							<string name="Table" value="Turrets"/>
						</object>
						<object name="TPort_105mmBR">
							<string name="Device" value="Turret_127_KM40"/>
							<string name="Table" value="Turrets"/>
						</object>
						<object name="TPort_105mmBL">
							<string name="Device" value="Turret_127_KM40"/>
							<string name="Table" value="Turrets"/>
						</object>
						<object name="TPort_105mmB">
							<string name="Device" value="Turret_127_KM40"/>
							<string name="Table" value="Turrets"/>
						</object>
						<object name="TPort_AA37FR">
							<string name="Device" value="G_Bofors_20x8_Turret"/>
							<string name="Table" value="Turrets"/>
						</object>

						<object name="TPort_AA37FL">
							<string name="Device" value="G_Bofors_20x8_Turret"/>
							<string name="Table" value="Turrets"/>
						</object>
						<object name="TPort_AA37MR">
							<string name="Device" value="G_Bofors_20x8_Turret"/>
							<string name="Table" value="Turrets"/>
						</object>
						<object name="TPort_AA37ML">
							<string name="Device" value="G_Bofors_20x8_Turret"/>
							<string name="Table" value="Turrets"/>
						</object>
						<object name="TPort_AA37MBR">
							<string name="Device" value="G_Bofors_20x8_Turret"/>
							<string name="Table" value="Turrets"/>
						</object>
						<object name="TPort_AA37MBL">
							<string name="Device" value="G_Bofors_20x8_Turret"/>
							<string name="Table" value="Turrets"/>
						</object>
						<object name="TPort_AA37BR">
							<string name="Device" value="G_Bofors_20x8_Turret"/>
							<string name="Table" value="Turrets"/>
						</object>
						<object name="TPort_AA37BL">
							<string name="Device" value="G_Bofors_20x8_Turret"/>
							<string name="Table" value="Turrets"/>
						</object>
						<object name="TPort_AAQFR">
							<string name="Device" value="Bismark_FLAK4_20mm_MG_C38Quad_Turret"/>
							<string name="Table" value="Turrets"/>
						</object>
						<object name="TPort_AAQFL">
							<string name="Device" value="Bismark_FLAK4_20mm_MG_C38Quad_Turret"/>
							<string name="Table" value="Turrets"/>
						</object>
						<object name="TPort_AAQMR">
							<string name="Device" value="Bismark_FLAK4_20mm_MG_C38Quad_Turret"/>
							<string name="Table" value="Turrets"/>
						</object>
						<object name="TPort_AAQML">
							<string name="Device" value="Bismark_FLAK4_20mm_MG_C38Quad_Turret"/>
							<string name="Table" value="Turrets"/>
						</object>
						<object name="TPort_AAQBR">
							<string name="Device" value="Bismark_FLAK4_20mm_MG_C38Quad_Turret"/>
							<string name="Table" value="Turrets"/>
						</object>
						<object name="TPort_AAQBL">
							<string name="Device" value="Bismark_FLAK4_20mm_MG_C38Quad_Turret"/>
							<string name="Table" value="Turrets"/>
						</object>
						<object name="TPort_AA20mmFR">
							<string name="Device" value="Bismark_FLAK5_20mm_MG_C30_3V_Turret"/>
							<string name="Table" value="Turrets"/>
						</object>
						<object name="TPort_AA20mmFL">
							<string name="Device" value="Bismark_FLAK5_20mm_MG_C30_3V_Turret"/>
							<string name="Table" value="Turrets"/>
						</object>
						<object name="TPort_AA20mmF2R">
							<string name="Device" value="Bismark_FLAK5_20mm_MG_C30_3V_Turret"/>
							<string name="Table" value="Turrets"/>
						</object>
						<object name="TPort_AA20mmF2L">
							<string name="Device" value="Bismark_FLAK5_20mm_MG_C30_3V_Turret"/>
							<string name="Table" value="Turrets"/>
						</object>
						<object name="TPort_AA20mmUR">
							<string name="Device" value="Bismark_FLAK5_20mm_MG_C30_3V_Turret"/>
							<string name="Table" value="Turrets"/>
						</object>
						<object name="TPort_AA20mmUL">
							<string name="Device" value="Bismark_FLAK5_20mm_MG_C30_3V_Turret"/>
							<string name="Table" value="Turrets"/>
						</object>
						<object name="TPort_AA20mmBR">
							<string name="Device" value="Bismark_FLAK5_20mm_MG_C30_3V_Turret"/>
							<string name="Table" value="Turrets"/>
						</object>
						<object name="TPort_AA20mmBL">
							<string name="Device" value="Bismark_FLAK5_20mm_MG_C30_3V_Turret"/>
							<string name="Table" value="Turrets"/>
						</object>
						<object name="TPort_AA20mmBUR">
							<string name="Device" value="Bismark_FLAK5_20mm_MG_C30_3V_Turret"/>
							<string name="Table" value="Turrets"/>
						</object>
						<object name="TPort_AA20mmBUL">
							<string name="Device" value="Bismark_FLAK5_20mm_MG_C30_3V_Turret"/>
							<string name="Table" value="Turrets"/>
						</object>
						<object name="TPort_ProjF">
							<string name="Device" value="Bismark_Projector_Turret"/>
							<string name="Table" value="Turrets"/>
						</object>
						<object name="TPort_ProjMR">
							<string name="Device" value="Bismark_Projector_Turret"/>
							<string name="Table" value="Turrets"/>
						</object>
						<object name="TPort_ProjML">
							<string name="Device" value="Bismark_Projector_Turret"/>
							<string name="Table" value="Turrets"/>
						</object>
						<object name="TPort_ProjB">
							<string name="Device" value="Bismark_Projector_Turret"/>
							<string name="Table" value="Turrets"/>
						</object>
						<object name="TPort_RFSFR">
							<string name="Device" value="Bismark_RangefinderSmall"/>
							<string name="Table" value="Turrets"/>
						</object>
						<object name="TPort_RFSFL">
							<string name="Device" value="Bismark_RangefinderSmall"/>
							<string name="Table" value="Turrets"/>
						</object>
						<object name="TPort_RFSBR">
							<string name="Device" value="Bismark_RangefinderSmall"/>
							<string name="Table" value="Turrets"/>
						</object>
						<object name="TPort_RFSBL">
							<string name="Device" value="Bismark_RangefinderSmall"/>
							<string name="Table" value="Turrets"/>
						</object>


						<object name="TPort_RF01FR">
							<string name="Device" value="Radar_FuMOFX"/>
							<string name="Table" value="Turrets"/>
						</object>
						<object name="TPort_RF02FL">
							<string name="Device" value="Radar_FuMOFX"/>
							<string name="Table" value="Turrets"/>
						</object>
						<object name="TPort_RF03BR">
							<string name="Device" value="Bismark_Rangefinder4mTypeSL_8V"/>
							<string name="Table" value="Turrets"/>
						</object>
						<object name="TPort_RF04BL">
							<string name="Device" value="Bismark_Rangefinder4mTypeSL_8V"/>
							<string name="Table" value="Turrets"/>
						</object>
						<object name="TPort_RF3mR">
							<string name="Device" value="Bismark_Rangefinder3m"/>
							<string name="Table" value="Turrets"/>
						</object>
						<object name="TPort_RF3mL">
							<string name="Device" value="Bismark_Rangefinder3m"/>
							<string name="Table" value="Turrets"/>
						</object>
						<object name="TPort_RF4mF">
							<string name="Device" value="Bismark_Rangefinder4m2V"/>
							<string name="Table" value="Turrets"/>
						</object>
						<object name="TPort_RF4mB">
							<string name="Device" value="Bismark_Rangefinder4m2V"/>
							<string name="Table" value="Turrets"/>
						</object>
						<object name="TPort_RADAR1">
							<string name="Device" value="Radar_FuMO213"/>
							<string name="Table" value="Turrets"/>
						</object>
						<object name="TPort_RADAR2">
							<string name="Device" value="Tirpitz_Radar_FuMO_27_1V"/>
							<string name="Table" value="Turrets"/>
						</object>
						<object name="TPort_RADAR3">
							<string name="Device" value="Bismark_Radar_FuMO_23_3V"/>
							<string name="Table" value="Turrets"/>
						</object>


						<object name="TPort_VINTR">
							<string name="Device" value="Vint_Bismark"/>
							<string name="Table" value="Turrets"/>
						</object>
						<object name="TPort_VINTL">
							<string name="Device" value="Vint_Bismark"/>
							<string name="Table" value="Turrets"/>
						</object>
						<object name="TPort_KATAPULT">
							<string name="Device" value="Scharnhorst_Katapult"/>
							<string name="Table" value="Turrets"/>
						</object>
						<object name="ZPort_AAGunContr1">
							<string name="Device" value="Mark12R_AA"/>
							<string name="Table" value="AimSystems"/>
						</object>
						<object name="ZPort_Jammer_US_A1">
							<string name="Device" value="Jammer_US_A"/>
							<string name="Table" value="Probes"/>
						</object>
						<object name="ZPort_MainGunContr">
							<string name="Device" value="Mk_8R_M"/>
							<string name="Table" value="AimSystems"/>
						</object>
						<object name="ZPort_Radio">
							<string name="Device" value="TBS"/>
							<string name="Table" value="Probes"/>
						</object>
						<object name="ZPort_Sonar">
							<string name="Device" value="SearchLight_U"/>
							<string name="Table" value="Probes"/>
						</object>
						<object name="ZPort_SteamTurbine_01">
							<string name="Device" value="MPP_Scharnhorst"/>
							<string name="Table" value="Engins"/>
						</object>
					</object>
					<string name="Sonar" value="SearchLight_U"/>
					<float name="Speed" value="15."/>
					<string name="SuperRifles" value="Narvik_Torp_Tube.8."/>
					<float name="VolleyWeight" value="22.1805"/>
					<float name="Weight" value="41901.4766"/>
				</object>
			</object>
		</object>
	</object>
</root>