<?xml version="1.0" standalone="yes" ?>
<root>
	<object name="Modifications">
		<object name="Ships">
			<object name="B64">
				<object name="Prototype">
					<string name="AAGunControl" value="Typ94_AA"/>
					<float name="AAVolleyWeight" value="7.47840118"/>
					<float name="Aluminium" value="0."/>
					<float name="AmmoWeight" value="1370.92993"/>
					<float name="Armour" value="0."/>
					<float name="FuelConsumption" value="42.1289291"/>
					<float name="FuelProtect" value="0."/>
					<string name="FullModName" value="Ships.B64.Prototype"/>
					<float name="Iron" value="38553.1172"/>
					<boolean name="IsAvailable" value="false"/>
					<boolean name="IsJammer" value="true"/>
					<string name="MainGunControl" value="Typ98_M"/>
					<float name="MaxFuel" value="5200."/>
					<float name="MaxSpeed" value="34."/>
					<float name="MinSpeed" value="0."/>
					<float name="Money" value="21007.5"/>
					<widestring name="Name" value="QgBhAHQAdABsAGUAYwByAHUAaQBzAGUAcgAgAEsAYQB3AGEAYwBoAGkA"/>
					<float name="RadarRange" value="100."/>
					<float name="RadioGain" value="32000."/>
					<float name="RadioPowerHF" value="160."/>
					<float name="RadioPowerVHF" value="0."/>
					<float name="RadioSensitivityHF" value="4.99999989e-003"/>
					<float name="RadioSensitivityVHF" value="0."/>
					<object name="Slots">
						<object name="TPort_MG01">
							<string name="Device" value="3x310mm_B65_Turret_A"/>
							<string name="Table" value="Turrets"/>
						</object>
						<object name="TPort_MG02">
							<string name="Device" value="3x310mm_B65_Turret_B"/>
							<string name="Table" value="Turrets"/>
						</object>
						<object name="TPort_MG03">
							<string name="Device" value="3x310mm_B65_Turret_X"/>
							<string name="Table" value="Turrets"/>
						</object>
						<object name="TPort_TORPL">
							<string name="Device" value="610mm_Jap_Torp_App_4x_Turret"/>
							<string name="Table" value="Turrets"/>
						</object>
						<object name="TPort_TORPR">
							<string name="Device" value="610mm_Jap_Torp_App_4x_Turret"/>
							<string name="Table" value="Turrets"/>
						</object>
						<object name="TPort_AA01L">
							<string name="Device" value="Main_Turret_100_Akitsuki"/>
							<string name="Table" value="Turrets"/>
						</object>
						<object name="TPort_AA01R">
							<string name="Device" value="Main_Turret_100_Akitsuki"/>
							<string name="Table" value="Turrets"/>
						</object>
						<object name="TPort_AA02L">
							<string name="Device" value="Main_Turret_100_Akitsuki"/>
							<string name="Table" value="Turrets"/>
						</object>
						<object name="TPort_AA02R">
							<string name="Device" value="Main_Turret_100_Akitsuki"/>
							<string name="Table" value="Turrets"/>
						</object>
						<object name="TPort_AA03L">
							<string name="Device" value="Main_Turret_100_Akitsuki"/>
							<string name="Table" value="Turrets"/>
						</object>
						<object name="TPort_AA03R">
							<string name="Device" value="Main_Turret_100_Akitsuki"/>
							<string name="Table" value="Turrets"/>
						</object>
						<object name="TPort_AA04L">
							<string name="Device" value="Main_Turret_100_Akitsuki"/>
							<string name="Table" value="Turrets"/>
						</object>
						<object name="TPort_AA04R">
							<string name="Device" value="Main_Turret_100_Akitsuki"/>
							<string name="Table" value="Turrets"/>
						</object>

						<object name="TPort_AAMG00">
							<string name="Device" value="Jap_Turret_25x3"/>
							<string name="Table" value="Turrets"/>
						</object>
						<object name="TPort_AAMG01L">
							<string name="Device" value="Jap_Turret_25x3"/>
							<string name="Table" value="Turrets"/>
						</object>
						<object name="TPort_AAMG01R">
							<string name="Device" value="Jap_Turret_25x3"/>
							<string name="Table" value="Turrets"/>
						</object>
						<object name="TPort_AAMG02L">
							<string name="Device" value="Jap_Turret_25x3"/>
							<string name="Table" value="Turrets"/>
						</object>
						<object name="TPort_AAMG02R">
							<string name="Device" value="Jap_Turret_25x3"/>
							<string name="Table" value="Turrets"/>
						</object>
						<object name="TPort_AAMG03L">
							<string name="Device" value="Jap_Turret_25x3"/>
							<string name="Table" value="Turrets"/>
						</object>
						<object name="TPort_AAMG03R">
							<string name="Device" value="Jap_Turret_25x3"/>
							<string name="Table" value="Turrets"/>
						</object>
						<object name="TPort_AAMG04L">
							<string name="Device" value="AA_Turret_25x3_Yamato"/>
							<string name="Table" value="Turrets"/>
						</object>
						<object name="TPort_AAMG04R">
							<string name="Device" value="AA_Turret_25x3_Yamato"/>
							<string name="Table" value="Turrets"/>
						</object>
						<object name="TPort_AAMG05L">
							<string name="Device" value="Jap_Turret_25x3"/>
							<string name="Table" value="Turrets"/>
						</object>
						<object name="TPort_AAMG05R">
							<string name="Device" value="Jap_Turret_25x3"/>
							<string name="Table" value="Turrets"/>
						</object>
						<object name="TPort_AAMG06L">
							<string name="Device" value="Jap_Turret_25x3"/>
							<string name="Table" value="Turrets"/>
						</object>
						<object name="TPort_AAMG06R">
							<string name="Device" value="Jap_Turret_25x3"/>
							<string name="Table" value="Turrets"/>
						</object>
						<object name="TPort_AAMG07L">
							<string name="Device" value="Jap_Turret_25x3"/>
							<string name="Table" value="Turrets"/>
						</object>
						<object name="TPort_AAMG07R">
							<string name="Device" value="Jap_Turret_25x3"/>
							<string name="Table" value="Turrets"/>
						</object>
						<object name="TPort_AAMG08L">
							<string name="Device" value="AA_Turret_25x3_Yamato"/>
							<string name="Table" value="Turrets"/>
						</object>
						<object name="TPort_AAMG08R">
							<string name="Device" value="AA_Turret_25x3_Yamato"/>
							<string name="Table" value="Turrets"/>
						</object>
						<object name="TPort_AAMG09L">
							<string name="Device" value="AA_Turret_25x3_Yamato"/>
							<string name="Table" value="Turrets"/>
						</object>
						<object name="TPort_AAMG09R">
							<string name="Device" value="AA_Turret_25x3_Yamato"/>
							<string name="Table" value="Turrets"/>
						</object>
						<object name="TPort_AAMG10L">
							<string name="Device" value="AA_Turret_25x3_Yamato"/>
							<string name="Table" value="Turrets"/>
						</object>
						<object name="TPort_AAMG10R">
							<string name="Device" value="AA_Turret_25x3_Yamato"/>
							<string name="Table" value="Turrets"/>
						</object>
						<object name="TPort_AAMG11L">
							<string name="Device" value="Jap_Turret_25x3"/>
							<string name="Table" value="Turrets"/>
						</object>
						<object name="TPort_AAMG11R">
							<string name="Device" value="Jap_Turret_25x3"/>
							<string name="Table" value="Turrets"/>
						</object>
						<object name="TPort_AAMG12L">
							<string name="Device" value="Jap_Turret_25x3"/>
							<string name="Table" value="Turrets"/>
						</object>
						<object name="TPort_AAMG12R">
							<string name="Device" value="Jap_Turret_25x3"/>
							<string name="Table" value="Turrets"/>
						</object>
						<object name="TPort_AAMG13L">
							<string name="Device" value="AA_Turret_25x3_Yamato"/>
							<string name="Table" value="Turrets"/>
						</object>
						<object name="TPort_AAMG13R">
							<string name="Device" value="AA_Turret_25x3_Yamato"/>
							<string name="Table" value="Turrets"/>
						</object>
						<object name="TPort_AAMG14L">
							<string name="Device" value="AA_Turret_25x3_Yamato"/>
							<string name="Table" value="Turrets"/>
						</object>
						<object name="TPort_AAMG14R">
							<string name="Device" value="AA_Turret_25x3_Yamato"/>
							<string name="Table" value="Turrets"/>
						</object>
						<object name="TPort_AAMG15L">
							<string name="Device" value="AA_Turret_25x3_Yamato"/>
							<string name="Table" value="Turrets"/>
						</object>
						<object name="TPort_AAMG15R">
							<string name="Device" value="AA_Turret_25x3_Yamato"/>
							<string name="Table" value="Turrets"/>
						</object>
						<object name="TPort_AAMG16L">
							<string name="Device" value="Jap_Turret_25x3"/>
							<string name="Table" value="Turrets"/>
						</object>
						<object name="TPort_AAMG16R">
							<string name="Device" value="Jap_Turret_25x3"/>
							<string name="Table" value="Turrets"/>
						</object>
						<object name="TPort_AAMG17L">
							<string name="Device" value="Jap_Turret_25x3"/>
							<string name="Table" value="Turrets"/>
						</object>
						<object name="TPort_AAMG17R">
							<string name="Device" value="Jap_Turret_25x3"/>
							<string name="Table" value="Turrets"/>
						</object>
						<object name="TPort_AAMG18">
							<string name="Device" value="Jap_Turret_25x3"/>
							<string name="Table" value="Turrets"/>
						</object>

						<object name="TPort_RF_Typ95_02_F1R">
							<string name="Device" value="Director_Typ95_Yamato_02"/>
							<string name="Table" value="Turrets"/>
						</object> 
						<object name="TPort_RF_Typ95_02_F1L">
							<string name="Device" value="Director_Typ95_Yamato_02"/>
							<string name="Table" value="Turrets"/>
						</object>
						<object name="TPort_RF_Typ95_02_F2R">
							<string name="Device" value="Director_Typ95_Yamato_02"/>
							<string name="Table" value="Turrets"/>
						</object> 
						<object name="TPort_RF_Typ95_02_F2L">
							<string name="Device" value="Director_Typ95_Yamato_02"/>
							<string name="Table" value="Turrets"/>
						</object>
						<object name="TPort_RF_Typ95_02_F3R">
							<string name="Device" value="Director_Typ95_Yamato_02"/>
							<string name="Table" value="Turrets"/>
						</object> 
						<object name="TPort_RF_Typ95_02_F3L">
							<string name="Device" value="Director_Typ95_Yamato_02"/>
							<string name="Table" value="Turrets"/>
						</object>
						<object name="TPort_RF_Typ95_02_F4R">
							<string name="Device" value="Director_Typ95_Yamato_02"/>
							<string name="Table" value="Turrets"/>
						</object> 
						<object name="TPort_RF_Typ95_02_F4L">
							<string name="Device" value="Director_Typ95_Yamato_02"/>
							<string name="Table" value="Turrets"/>
						</object>
						<object name="TPort_RF_Typ95_02_F5R">
							<string name="Device" value="Director_Typ95_Yamato_02"/>
							<string name="Table" value="Turrets"/>
						</object> 
						<object name="TPort_RF_Typ95_02_F5L">
							<string name="Device" value="Director_Typ95_Yamato_02"/>
							<string name="Table" value="Turrets"/>
						</object>
						<object name="TPort_RF_Typ95_02_F6R">
							<string name="Device" value="Director_Typ95_Yamato_02"/>
							<string name="Table" value="Turrets"/>
						</object> 
						<object name="TPort_RF_Typ95_02_F6L">
							<string name="Device" value="Director_Typ95_Yamato_02"/>
							<string name="Table" value="Turrets"/>
						</object>
						<object name="TPort_RF_Typ95_02_B">
							<string name="Device" value="Director_Typ95_Yamato_02"/>
							<string name="Table" value="Turrets"/>
						</object>
						<object name="TPort_RF01">
							<string name="Device" value="Dalnomer150_Yamato_V3"/>
							<string name="Table" value="Turrets"/>
						</object>
						<object name="TPort_RF02">
							<string name="Device" value="Dalnomer100_Yamato_V3"/>
							<string name="Table" value="Turrets"/>
						</object>
						<object name="TPort_RF03L">
							<string name="Device" value="Dalnomer45_Yamato_V3"/>
							<string name="Table" value="Turrets"/>
						</object>
						<object name="TPort_RF03R">
							<string name="Device" value="Dalnomer45_Yamato_V3"/>
							<string name="Table" value="Turrets"/>
						</object>
						<object name="TPort_RF04L">
							<string name="Device" value="Dalnomer45_Yamato_V3"/>
							<string name="Table" value="Turrets"/>
						</object>
						<object name="TPort_RF04R">
							<string name="Device" value="Dalnomer45_Yamato_V3"/>
							<string name="Table" value="Turrets"/>
						</object>
						<object name="TPort_Dalnomer_C1">
							<string name="Device" value="Dalnomer_C1"/>
							<string name="Table" value="Turrets"/>
						</object>
						<object name="TPort_RF05L">
							<string name="Device" value="Jap_Projector"/>
							<string name="Table" value="Turrets"/>
						</object>
						<object name="TPort_RF05R">
							<string name="Device" value="Jap_Projector"/>
							<string name="Table" value="Turrets"/>
						</object>
						<object name="TPort_RADAR1">
							<string name="Device" value="Radar_Typ21"/>
							<string name="Table" value="Turrets"/>
						</object>
						<object name="TPort_RADAR2">
							<string name="Device" value="Radar_Typ13"/>
							<string name="Table" value="Turrets"/>
						</object>
						<object name="TPort_RADAR3">
							<string name="Device" value="Radar_Typ_22"/>
							<string name="Table" value="Turrets"/>
						</object>
						<object name="TPort_RADAR4">
							<string name="Device" value="Radar_Typ_22"/>
							<string name="Table" value="Turrets"/>
						</object>


						<object name="TPort_VINT1">
							<string name="Device" value="Vint_Fletcher"/>
							<string name="Table" value="Turrets"/>
						</object>
						<object name="TPort_VINT2">
							<string name="Device" value="Vint_Fletcher"/>
							<string name="Table" value="Turrets"/>
						</object>
						<object name="TPort_VINT3">
							<string name="Device" value="Vint_Fletcher"/>
							<string name="Table" value="Turrets"/>
						</object>
						<object name="TPort_VINT4">
							<string name="Device" value="Vint_Fletcher"/>
							<string name="Table" value="Turrets"/>
						</object>
						<object name="TPort_KRAN1">
							<string name="Device" value="Kran_Yamato"/>
							<string name="Table" value="Turrets"/>
						</object>
						<object name="TPort_KRAN2">
							<string name="Device" value="Kran_Yamato"/>
							<string name="Table" value="Turrets"/>
						</object>
						<object name="TPort_KATAPULT">
							<string name="Device" value="Katapulta"/>
							<string name="Table" value="Turrets"/>
						</object>
						<object name="ZPort_AAGunContr1">
							<string name="Device" value="Typ94_AA"/>
							<string name="Table" value="AimSystems"/>
						</object>
						<object name="ZPort_Jammer_JS_A">
							<string name="Device" value="Jammer_JS_A"/>
							<string name="Table" value="Probes"/>
						</object>
						<object name="ZPort_MainGunContr">
							<string name="Device" value="Typ98_M"/>
							<string name="Table" value="AimSystems"/>
						</object>
						<object name="ZPort_Radio">
							<string name="Device" value="J_ShipRadioHF"/>
							<string name="Table" value="Probes"/>
						</object>
						<object name="ZPort_SteamTurbine">
							<string name="Device" value="MPP_B64"/>
							<string name="Table" value="Engins"/>
						</object>
					</object>
					<string name="Sonar" value=""/>
					<float name="Speed" value="18."/>
					<string name="SuperRifles" value="Jap_Torp_App_4x.8."/>
					<float name="VolleyWeight" value="19.5149994"/>
					<float name="Weight" value="37112.5156"/>
				</object>
			</object>
		</object>
	</object>
</root>