<?xml version="1.0" standalone="yes" ?>
<root>
	<object name="Prototypes">
		<object name="Ships">
			<object name="B64">
				<object name="Slots">
					<object name="TPort_MG01">
						<object name="SubSlots">
							<object name="TPort_MG02">
								<integer name="icon_x" value="480"/>
								<integer name="icon_y" value="21"/>
							</object>
							<object name="TPort_MG03">
								<integer name="icon_x" value="249"/>
								<integer name="icon_y" value="85"/>
							</object>
						</object>
						<integer name="icon_x" value="161"/>
						<integer name="icon_y" value="15"/>
					</object>
					<object name="TPort_AA01L">
						<object name="SubSlots">
							<object name="TPort_AA01R">
								<object name="SubSlots"/>
								<integer name="icon_x" value="176"/>
								<integer name="icon_y" value="271"/>
							</object>
							<object name="TPort_AA02L">
								<integer name="icon_x" value="176"/>
								<integer name="icon_y" value="194"/>
							</object>
							<object name="TPort_AA02R">
								<object name="SubSlots"/>
								<integer name="icon_x" value="381"/>
								<integer name="icon_y" value="18"/>
							</object>
						</object>
						<integer name="icon_x" value="275"/>
						<integer name="icon_y" value="15"/>
					</object>
					<object name="TPort_AA03L">
						<object name="SubSlots">
							<object name="TPort_AA03R">
								<object name="SubSlots"/>
								<integer name="icon_x" value="427"/>
								<integer name="icon_y" value="36"/>
							</object>
							<object name="TPort_AA04L">
								<integer name="icon_x" value="126"/>
								<integer name="icon_y" value="3"/>
							</object>
							<object name="TPort_AA04R">
								<integer name="icon_x" value="290"/>
								<integer name="icon_y" value="3"/>
							</object>
						</object>
						<integer name="icon_x" value="384"/>
						<integer name="icon_y" value="15"/>
					</object>
					<object name="TPort_TORPL">
						<object name="SubSlots">
							<object name="TPort_TORPR">
								<object name="SubSlots"/>
								<integer name="icon_x" value="272"/>
								<integer name="icon_y" value="16"/>
							</object>
						</object>
						<integer name="icon_x" value="498"/>
						<integer name="icon_y" value="15"/>
					</object>
					<object name="TPort_AAMG00">
						<object name="SubSlots">
							<object name="TPort_AAMG01L">
								<object name="SubSlots"/>
								<integer name="icon_x" value="420"/>
								<integer name="icon_y" value="191"/>
							</object>
							<object name="TPort_AAMG01R">
								<object name="SubSlots"/>
								<integer name="icon_x" value="420"/>
								<integer name="icon_y" value="191"/>
							</object>
							<object name="TPort_AAMG02L">
								<object name="SubSlots"/>
								<integer name="icon_x" value="420"/>
								<integer name="icon_y" value="191"/>
							</object>
							<object name="TPort_AAMG02R">
								<object name="SubSlots"/>
								<integer name="icon_x" value="420"/>
								<integer name="icon_y" value="191"/>
							</object>
							<object name="TPort_AAMG03L">
								<object name="SubSlots"/>
								<integer name="icon_x" value="420"/>
								<integer name="icon_y" value="191"/>
							</object>
							<object name="TPort_AAMG03R">
								<object name="SubSlots"/>
								<integer name="icon_x" value="420"/>
								<integer name="icon_y" value="191"/>
							</object>
							<object name="TPort_AAMG04L">
								<object name="SubSlots"/>
								<integer name="icon_x" value="420"/>
								<integer name="icon_y" value="191"/>
							</object>
							<object name="TPort_AAMG04R">
								<object name="SubSlots"/>
								<integer name="icon_x" value="420"/>
								<integer name="icon_y" value="191"/>
							</object>
						</object>
						<integer name="icon_x" value="22"/>
						<integer name="icon_y" value="91"/>
					</object>
					<object name="TPort_AAMG05L">
						<object name="SubSlots">
							<object name="TPort_AAMG05R">
								<object name="SubSlots"/>
								<integer name="icon_x" value="539"/>
								<integer name="icon_y" value="16"/>
							</object>
							<object name="TPort_AAMG11L">
								<object name="SubSlots"/>
								<integer name="icon_x" value="461"/>
								<integer name="icon_y" value="39"/>
							</object>
							<object name="TPort_AAMG11R">
								<integer name="icon_x" value="3"/>
								<integer name="icon_y" value="126"/>
							</object>
							<object name="TPort_AAMG13L">
								<object name="SubSlots"/>
								<integer name="icon_x" value="461"/>
								<integer name="icon_y" value="39"/>
							</object>
							<object name="TPort_AAMG13R">
								<integer name="icon_x" value="3"/>
								<integer name="icon_y" value="126"/>
							</object>
						</object>
						<integer name="icon_x" value="161"/>
						<integer name="icon_y" value="91"/>
					</object>
					<object name="TPort_AAMG08L">
						<object name="SubSlots">
							<object name="TPort_AAMG08R">
								<object name="SubSlots"/>
								<integer name="icon_x" value="225"/>
								<integer name="icon_y" value="119"/>
							</object>
							<object name="TPort_AAMG09L">
								<integer name="icon_x" value="180"/>
								<integer name="icon_y" value="332"/>
							</object>
							<object name="TPort_AAMG09R">
								<integer name="icon_x" value="236"/>
								<integer name="icon_y" value="304"/>
							</object>
							<object name="TPort_AAMG10L">
								<integer name="icon_x" value="255"/>
								<integer name="icon_y" value="331"/>
							</object>
							<object name="TPort_AAMG10R">
								<integer name="icon_x" value="310"/>
								<integer name="icon_y" value="335"/>
							</object>
							<object name="TPort_AAMG04L">
								<integer name="icon_x" value="378"/>
								<integer name="icon_y" value="337"/>
							</object>
							<object name="TPort_AAMG04R">
								<object name="SubSlots"/>
								<integer name="icon_x" value="110"/>
								<integer name="icon_y" value="22"/>
							</object>
						</object>
						<integer name="icon_x" value="275"/>
						<integer name="icon_y" value="91"/>
					</object>
					<object name="TPort_AAMG13L">
						<object name="SubSlots">
							<object name="TPort_AAMG13R">
								<integer name="icon_x" value="58"/>
								<integer name="icon_y" value="190"/>
							</object>
							<object name="TPort_AAMG14L">
								<object name="SubSlots"/>
								<integer name="icon_x" value="398"/>
								<integer name="icon_y" value="158"/>
							</object>
							<object name="TPort_AAMG14R">
								<integer name="icon_x" value="44"/>
								<integer name="icon_y" value="3"/>
							</object>
							<object name="TPort_AAMG15L">
								<object name="SubSlots"/>
								<integer name="icon_x" value="85"/>
								<integer name="icon_y" value="3"/>
							</object>
							<object name="TPort_AAMG15R">
								<object name="SubSlots"/>
								<integer name="icon_x" value="126"/>
								<integer name="icon_y" value="3"/>
							</object>
						</object>
						<integer name="icon_x" value="395"/>
						<integer name="icon_y" value="91"/>
					</object>
					<object name="TPort_AAMG16L">
						<object name="SubSlots">
							<object name="TPort_AAMG16R">
								<integer name="icon_x" value="44"/>
								<integer name="icon_y" value="208"/>
							</object>
							<object name="TPort_AAMG17L">
								<integer name="icon_x" value="85"/>
								<integer name="icon_y" value="208"/>
							</object>
							<object name="TPort_AAMG17R">
								<integer name="icon_x" value="126"/>
								<integer name="icon_y" value="208"/>
							</object>
							<object name="TPort_AAMG18">
								<integer name="icon_x" value="167"/>
								<integer name="icon_y" value="208"/>
							</object>
						</object>
						<integer name="icon_x" value="498"/>
						<integer name="icon_y" value="91"/>
					</object>

					<object name="TPort_RF03L">
						<object name="SubSlots">
							<object name="TPort_RF03R">
								<integer name="icon_x" value="331"/>
								<integer name="icon_y" value="126"/>
							</object>
						</object>
						<integer name="icon_x" value="161"/>
						<integer name="icon_y" value="185"/>
					</object>
					<object name="TPort_RF01">
						<integer name="icon_x" value="275"/>
						<integer name="icon_y" value="185"/>
					</object>
					<object name="TPort_RF02">
						<integer name="icon_x" value="384"/>
						<integer name="icon_y" value="185"/>
					</object>
					<object name="TPort_RF04L">
						<object name="SubSlots">
							<object name="TPort_RF04R">
								<integer name="icon_x" value="495"/>
								<integer name="icon_y" value="126"/>
							</object>
						</object>
						<integer name="icon_x" value="498"/>
						<integer name="icon_y" value="185"/>
					</object>
					<object name="TPort_RF_Typ95_02_F1R">
						<object name="SubSlots">
							<object name="TPort_RF_Typ95_02_F1L">
								<integer name="icon_x" value="333"/>
								<integer name="icon_y" value="126"/>
							</object>
							<object name="TPort_RF_Typ95_02_F2R">
								<integer name="icon_x" value="335"/>
								<integer name="icon_y" value="126"/>
							</object>
							<object name="TPort_RF_Typ95_02_F2L">
								<integer name="icon_x" value="335"/>
								<integer name="icon_y" value="126"/>
							</object>
							<object name="TPort_RF_Typ95_02_F3R">
								<integer name="icon_x" value="335"/>
								<integer name="icon_y" value="126"/>
							</object>
							<object name="TPort_RF_Typ95_02_F3L">
								<integer name="icon_x" value="335"/>
								<integer name="icon_y" value="126"/>
							</object>
							<object name="TPort_RF_Typ95_02_F4R">
								<integer name="icon_x" value="335"/>
								<integer name="icon_y" value="126"/>
							</object>
							<object name="TPort_RF_Typ95_02_F4L">
								<integer name="icon_x" value="335"/>
								<integer name="icon_y" value="126"/>
							</object>
							<object name="TPort_RF_Typ95_02_F5R">
								<integer name="icon_x" value="335"/>
								<integer name="icon_y" value="126"/>
							</object>
							<object name="TPort_RF_Typ95_02_F5L">
								<integer name="icon_x" value="335"/>
								<integer name="icon_y" value="126"/>
							</object>
							<object name="TPort_RF_Typ95_02_F6R">
								<integer name="icon_x" value="335"/>
								<integer name="icon_y" value="126"/>
							</object>
							<object name="TPort_RF_Typ95_02_F6L">
								<integer name="icon_x" value="335"/>
								<integer name="icon_y" value="126"/>
							</object>
							<object name="TPort_RF_Typ95_02_B">
								<integer name="icon_x" value="335"/>
								<integer name="icon_y" value="126"/>
							</object>
						</object>
						<integer name="icon_x" value="100"/>
						<integer name="icon_y" value="185"/>
					</object>
					<object name="TPort_RADAR1">
						<integer name="icon_x" value="180"/>
						<integer name="icon_y" value="258"/>
					</object>
					<object name="TPort_RADAR2">
						<integer name="icon_x" value="430"/>
						<integer name="icon_y" value="258"/>
					</object>
					<object name="TPort_RADAR3">
						<object name="SubSlots">
							<object name="TPort_RADAR4">
								<integer name="icon_x" value="333"/>
								<integer name="icon_y" value="126"/>
							</object>
						</object>
						<integer name="icon_x" value="300"/>
						<integer name="icon_y" value="280"/>
					</object>
					<object name="TPort_KATAPULT">
						<integer name="icon_x" value="372"/>
						<integer name="icon_y" value="258"/>
					</object>
					<object name="TPort_KRAN1">
						<object name="SubSlots">
							<object name="TPort_KRAN2">
								<integer name="icon_x" value="331"/>
								<integer name="icon_y" value="126"/>
							</object>
						</object>
						<integer name="icon_x" value="512"/>
						<integer name="icon_y" value="258"/>
					</object>
					<object name="ZPort_Radio">
						<integer name="icon_x" value="22"/>
						<integer name="icon_y" value="370"/>
					</object>
					<object name="ZPort_MainGunContr">
						<integer name="icon_x" value="134"/>
						<integer name="icon_y" value="370"/>
					</object>
					<object name="ZPort_SteamTurbine">
						<integer name="icon_x" value="275"/>
						<integer name="icon_y" value="370"/>
					</object>
					<object name="ZPort_AAGunContr1">
						<integer name="icon_x" value="384"/>
						<integer name="icon_y" value="370"/>
					</object>
					<object name="ZPort_Jammer_JS_A">
						<integer name="icon_x" value="514"/>
						<integer name="icon_y" value="370"/>
					</object>
				</object>
			</object>
		</object>
	</object>
</root>