﻿<?xml version="1.0" standalone="yes" ?>
<root>
	<object name="SteelMonstersParams">
		<object name="Hit_Location">
			<object name="5238">
				<integer name="Country" value="3"/>
				<float name="ER" value="100."/>
				<string name="Hull" value="Eclipse_Ordinary"/>
				<string name="Name" value="Middle3_Bottom"/>
				<string name="TypHL" value="FuelTank"/>
				<string name="UnitName" value="Eclipse"/>
			</object>
			<object name="5239">
				<integer name="Country" value="3"/>
				<float name="ER" value="80."/>
				<string name="Hull" value="Std_Boiler"/>
				<string name="Name" value="Boiler4"/>
				<string name="TypHL" value="Boiler"/>
				<string name="UnitName" value="Eclipse"/>
			</object>
			<object name="5240">
				<integer name="Country" value="3"/>
				<float name="ER" value="80."/>
				<string name="Hull" value="Std_Boiler"/>
				<string name="Name" value="Boiler3"/>
				<string name="TypHL" value="Boiler"/>
				<string name="UnitName" value="Eclipse"/>
			</object>
			<object name="5241">
				<integer name="Country" value="3"/>
				<float name="ER" value="100."/>
				<string name="Hull" value="Eclipse_Ordinary"/>
				<string name="Name" value="Middle3_Deck"/>
				<string name="TypHL" value="Hull"/>
				<string name="UnitName" value="Eclipse"/>
			</object>
			<object name="5242">
				<integer name="Country" value="3"/>
				<float name="ER" value="100."/>
				<string name="Hull" value="Eclipse_Ordinary"/>
				<string name="Name" value="Middle4_Bottom"/>
				<string name="TypHL" value="FuelTank"/>
				<string name="UnitName" value="Eclipse"/>
			</object>
			<object name="5243">
				<string name="ConnectName" value="Boiler1;Boiler2;"/>
				<integer name="Country" value="3"/>
				<float name="ER" value="100."/>
				<string name="Hull" value="Std_Engine"/>
				<string name="Name" value="Engine1"/>
				<string name="TypHL" value="Engine"/>
				<string name="UnitName" value="Eclipse"/>
			</object>
			<object name="5244">
				<integer name="Country" value="3"/>
				<float name="ER" value="100."/>
				<string name="Hull" value="Eclipse_Ordinary"/>
				<string name="Name" value="Middle4_LowerDeck"/>
				<string name="TypHL" value="Hull"/>
				<string name="UnitName" value="Eclipse"/>
			</object>
			<object name="5245">
				<integer name="Country" value="3"/>
				<float name="ER" value="80."/>
				<string name="Hull" value="Std_Boiler"/>
				<string name="Name" value="Boiler1"/>
				<string name="TypHL" value="Boiler"/>
				<string name="UnitName" value="Eclipse"/>
			</object>
			<object name="5246">
				<integer name="Country" value="3"/>
				<float name="ER" value="100."/>
				<string name="Hull" value="Eclipse_AmmoStore"/>
				<string name="Name" value="AmmoStore_Torpedos1"/>
				<string name="TypHL" value="AmmoStore"/>
				<string name="UnitName" value="Eclipse"/>
			</object>
			<object name="5247">
				<integer name="Country" value="3"/>
				<float name="ER" value="100."/>
				<string name="Hull" value="Eclipse_Ordinary"/>
				<string name="Name" value="Middle5_LowerDeck"/>
				<string name="TypHL" value="Hull"/>
				<string name="UnitName" value="Eclipse"/>
			</object>
			<object name="5248">
				<integer name="Country" value="3"/>
				<float name="ER" value="100."/>
				<string name="Hull" value="Eclipse_Ordinary"/>
				<string name="Name" value="Middle4_UpperDeck"/>
				<string name="TypHL" value="Hull"/>
				<string name="UnitName" value="Eclipse"/>
			</object>
			<object name="5249">
				<integer name="Country" value="3"/>
				<float name="ER" value="100."/>
				<string name="Hull" value="Eclipse_Ordinary"/>
				<string name="Name" value="Middle5_Bottom"/>
				<string name="TypHL" value="FuelTank"/>
				<string name="UnitName" value="Eclipse"/>
			</object>
			<object name="5250">
				<string name="ConnectName" value="Boiler3;Boiler4;"/>
				<integer name="Country" value="3"/>
				<float name="ER" value="100."/>
				<string name="Hull" value="Std_Engine"/>
				<string name="Name" value="Engine2"/>
				<string name="TypHL" value="Engine"/>
				<string name="UnitName" value="Eclipse"/>
			</object>
			<object name="5251">
				<string name="ConnectName" value="Tiller"/>
				<integer name="Country" value="3"/>
				<float name="ER" value="80."/>
				<string name="Hull" value="Std_Rudder"/>
				<string name="Name" value="Rudder"/>
				<string name="TypHL" value="Rudder"/>
				<string name="UnitName" value="Eclipse"/>
			</object>
			<object name="5252">
				<integer name="Country" value="3"/>
				<float name="ER" value="100."/>
				<string name="Hull" value="Eclipse_AmmoStore"/>
				<string name="Name" value="AmmoStore_Torpedos2"/>
				<string name="TypHL" value="AmmoStore"/>
				<string name="UnitName" value="Eclipse"/>
			</object>
			<object name="5253">
				<integer name="Country" value="3"/>
				<float name="ER" value="100."/>
				<string name="Hull" value="Eclipse_Ordinary"/>
				<string name="Name" value="Middle2_Deck"/>
				<string name="TypHL" value="Hull"/>
				<string name="UnitName" value="Eclipse"/>
			</object>
			<object name="5254">
				<integer name="Country" value="3"/>
				<float name="ER" value="100."/>
				<string name="Hull" value="Eclipse_AmmoStore"/>
				<string name="Name" value="AmmoStore3"/>
				<string name="TypHL" value="AmmoStore"/>
				<string name="UnitName" value="Eclipse"/>
			</object>
			<object name="5255">
				<integer name="Country" value="3"/>
				<float name="ER" value="100."/>
				<string name="Hull" value="Eclipse_AmmoStore"/>
				<string name="Name" value="AmmoStore2"/>
				<string name="TypHL" value="AmmoStore"/>
				<string name="UnitName" value="Eclipse"/>
			</object>
			<object name="5256">
				<integer name="Country" value="3"/>
				<float name="ER" value="30."/>
				<string name="Hull" value="Eclipse_Probe"/>
				<string name="Name" value="Probe_Torpedo"/>
				<string name="TypHL" value="Probe"/>
				<string name="UnitName" value="Eclipse"/>
			</object>
			<object name="5257">
				<integer name="Country" value="3"/>
				<float name="ER" value="30."/>
				<string name="Hull" value="Eclipse_Probe"/>
				<string name="Name" value="Probe_AA"/>
				<string name="TypHL" value="Probe"/>
				<string name="UnitName" value="Eclipse"/>
			</object>
			<object name="5258">
				<integer name="Country" value="3"/>
				<float name="ER" value="30."/>
				<string name="Hull" value="Eclipse_Probe"/>
				<string name="Name" value="Probe_MG"/>
				<string name="TypHL" value="Probe"/>
				<string name="UnitName" value="Eclipse"/>
			</object>
			<object name="5259">
				<integer name="Country" value="3"/>
				<float name="ER" value="30."/>
				<string name="Hull" value="Eclipse_Probe"/>
				<string name="Name" value="Radar"/>
				<string name="TypHL" value="Probe"/>
				<string name="UnitName" value="Eclipse"/>
			</object>
			<object name="5260">
				<integer name="Country" value="3"/>
				<float name="ER" value="30."/>
				<string name="Hull" value="Eclipse_Probe"/>
				<string name="Name" value="Radio"/>
				<string name="TypHL" value="Probe"/>
				<string name="UnitName" value="Eclipse"/>
			</object>
			<object name="5261">
				<integer name="Country" value="3"/>
				<float name="ER" value="100."/>
				<string name="Hull" value="Eclipse_Ordinary"/>
				<string name="Name" value="BattleCabine"/>
				<string name="TypHL" value="Hull"/>
				<string name="UnitName" value="Eclipse"/>
			</object>
			<object name="5262">
				<string name="ConnectName" value="Engine2"/>
				<integer name="Country" value="3"/>
				<float name="ER" value="80."/>
				<string name="Hull" value="Std_Mover"/>
				<string name="Name" value="Mover2"/>
				<string name="TypHL" value="Mover"/>
				<string name="UnitName" value="Eclipse"/>
			</object>
			<object name="5263">
				<string name="ConnectName" value="Engine1"/>
				<integer name="Country" value="3"/>
				<float name="ER" value="80."/>
				<string name="Hull" value="Std_Mover"/>
				<string name="Name" value="Mover1"/>
				<string name="TypHL" value="Mover"/>
				<string name="UnitName" value="Eclipse"/>
			</object>
			<object name="5264">
				<integer name="Country" value="3"/>
				<float name="ER" value="100."/>
				<string name="Hull" value="Eclipse_Ordinary"/>
				<string name="Name" value="Middle5_UpperDeck"/>
				<string name="TypHL" value="Hull"/>
				<string name="UnitName" value="Eclipse"/>
			</object>
			<object name="5265">
				<integer name="Country" value="3"/>
				<float name="ER" value="100."/>
				<string name="Hull" value="Eclipse_Ordinary"/>
				<string name="Name" value="Bow2_Bottom"/>
				<string name="TypHL" value="Hull"/>
				<string name="UnitName" value="Eclipse"/>
			</object>
			<object name="5266">
				<integer name="Country" value="3"/>
				<float name="ER" value="100."/>
				<string name="Hull" value="Eclipse_Ordinary"/>
				<string name="Name" value="Stern1_LowerDeck"/>
				<string name="TypHL" value="Hull"/>
				<string name="UnitName" value="Eclipse"/>
			</object>
			<object name="5267">
				<integer name="Country" value="3"/>
				<float name="ER" value="100."/>
				<string name="Hull" value="Eclipse_Ordinary"/>
				<string name="Name" value="Stern1_UpperDeck"/>
				<string name="TypHL" value="Hull"/>
				<string name="UnitName" value="Eclipse"/>
			</object>
			<object name="5268">
				<integer name="Country" value="3"/>
				<float name="ER" value="50."/>
				<string name="Hull" value="Std_SmokeStack"/>
				<string name="Name" value="Stern_SmokeStack"/>
				<string name="TypHL" value="Hull"/>
				<string name="UnitName" value="Eclipse"/>
			</object>
			<object name="5269">
				<integer name="Country" value="3"/>
				<float name="ER" value="100."/>
				<string name="Hull" value="Eclipse_Ordinary"/>
				<string name="Name" value="Bow2_LowerDeck"/>
				<string name="TypHL" value="Hull"/>
				<string name="UnitName" value="Eclipse"/>
			</object>
			<object name="5270">
				<integer name="Country" value="3"/>
				<float name="ER" value="50."/>
				<string name="Hull" value="Eclipse_Ordinary"/>
				<string name="Name" value="Tiller"/>
				<string name="TypHL" value="Hull"/>
				<string name="UnitName" value="Eclipse"/>
			</object>
			<object name="5271">
				<integer name="Country" value="3"/>
				<float name="ER" value="100."/>
				<string name="Hull" value="Eclipse_Ordinary"/>
				<string name="Name" value="Bow2_UpperDeck"/>
				<string name="TypHL" value="Hull"/>
				<string name="UnitName" value="Eclipse"/>
			</object>
			<object name="5272">
				<integer name="Country" value="3"/>
				<float name="ER" value="100."/>
				<string name="Hull" value="Eclipse_Ordinary"/>
				<string name="Name" value="Bow1_UpperDeck"/>
				<string name="TypHL" value="Hull"/>
				<string name="UnitName" value="Eclipse"/>
			</object>
			<object name="5273">
				<integer name="Country" value="3"/>
				<float name="ER" value="100."/>
				<string name="Hull" value="Eclipse_Ordinary"/>
				<string name="Name" value="Bow2_ForeDeck"/>
				<string name="TypHL" value="Hull"/>
				<string name="UnitName" value="Eclipse"/>
			</object>
			<object name="5274">
				<integer name="Country" value="3"/>
				<float name="ER" value="100."/>
				<string name="Hull" value="Eclipse_AmmoStore"/>
				<string name="Name" value="AmmoStore1"/>
				<string name="TypHL" value="AmmoStore"/>
				<string name="UnitName" value="Eclipse"/>
			</object>
			<object name="5275">
				<integer name="Country" value="3"/>
				<float name="ER" value="100."/>
				<string name="Hull" value="Eclipse_Ordinary"/>
				<string name="Name" value="Bow1_ForeDeck"/>
				<string name="TypHL" value="Hull"/>
				<string name="UnitName" value="Eclipse"/>
			</object>
			<object name="5276">
				<integer name="Country" value="3"/>
				<float name="ER" value="50."/>
				<string name="Hull" value="Std_SmokeStack"/>
				<string name="Name" value="Bow_SmokeStack"/>
				<string name="TypHL" value="Hull"/>
				<string name="UnitName" value="Eclipse"/>
			</object>
			<object name="5277">
				<integer name="Country" value="3"/>
				<float name="ER" value="100."/>
				<string name="Hull" value="Eclipse_Ordinary"/>
				<string name="Name" value="Bow1_LowerDeck"/>
				<string name="TypHL" value="Hull"/>
				<string name="UnitName" value="Eclipse"/>
			</object>
			<object name="5278">
				<integer name="Country" value="3"/>
				<float name="ER" value="100."/>
				<string name="Hull" value="Eclipse_Ordinary"/>
				<string name="Name" value="Stern2"/>
				<string name="TypHL" value="Hull"/>
				<string name="UnitName" value="Eclipse"/>
			</object>
			<object name="5279">
				<integer name="Country" value="3"/>
				<float name="ER" value="80."/>
				<string name="Hull" value="Std_Boiler"/>
				<string name="Name" value="Boiler2"/>
				<string name="TypHL" value="Boiler"/>
				<string name="UnitName" value="Eclipse"/>
			</object>
			<object name="5280">
				<integer name="Country" value="3"/>
				<float name="ER" value="100."/>
				<string name="Hull" value="Eclipse_Ordinary"/>
				<string name="Name" value="Stern1_Bottom"/>
				<string name="TypHL" value="Hull"/>
				<string name="UnitName" value="Eclipse"/>
			</object>
			<object name="5281">
				<integer name="Country" value="3"/>
				<float name="ER" value="100."/>
				<string name="Hull" value="Eclipse_AmmoStore"/>
				<string name="Name" value="AmmoStore4"/>
				<string name="TypHL" value="AmmoStore"/>
				<string name="UnitName" value="Eclipse"/>
			</object>
			<object name="5282">
				<integer name="Country" value="3"/>
				<integer name="Crew" value="145"/>
				<float name="ER" value="100."/>
				<string name="Hull" value="Eclipse_Ordinary"/>
				<string name="Name" value="Middle1_ForeDeck"/>
				<string name="TypHL" value="Crew"/>
				<string name="UnitName" value="Eclipse"/>
			</object>
			<object name="5283">
				<integer name="Country" value="3"/>
				<float name="ER" value="100."/>
				<string name="Hull" value="Eclipse_Ordinary"/>
				<string name="Name" value="Middle1_Bottom"/>
				<string name="TypHL" value="FuelTank"/>
				<string name="UnitName" value="Eclipse"/>
			</object>
			<object name="5284">
				<integer name="Country" value="3"/>
				<float name="ER" value="100."/>
				<string name="Hull" value="Eclipse_Ordinary"/>
				<string name="Name" value="Middle2_Bottom"/>
				<string name="TypHL" value="FuelTank"/>
				<string name="UnitName" value="Eclipse"/>
			</object>
			<object name="5285">
				<integer name="Country" value="3"/>
				<float name="ER" value="100."/>
				<string name="Hull" value="Eclipse_Ordinary"/>
				<string name="Name" value="Middle1_LowerDeck"/>
				<string name="TypHL" value="Hull"/>
				<string name="UnitName" value="Eclipse"/>
			</object>
			<object name="5286">
				<integer name="Country" value="3"/>
				<float name="ER" value="30."/>
				<string name="Hull" value="Eclipse_Probe"/>
				<string name="Name" value="Sonar"/>
				<string name="TypHL" value="Probe"/>
				<string name="UnitName" value="Eclipse"/>
			</object>
			<object name="5287">
				<integer name="Country" value="3"/>
				<float name="ER" value="100."/>
				<string name="Hull" value="Eclipse_Ordinary"/>
				<string name="Name" value="Middle1_UpperDeck"/>
				<string name="TypHL" value="Hull"/>
				<string name="UnitName" value="Eclipse"/>
			</object>
			<object name="5288">
				<integer name="Country" value="3"/>
				<float name="ER" value="100."/>
				<string name="Hull" value="Eclipse_Ordinary"/>
				<string name="Name" value="Bow1_Bottom"/>
				<string name="TypHL" value="Hull"/>
				<string name="UnitName" value="Eclipse"/>
			</object>
			<object name="7834">
				<integer name="Country" value="3"/>
				<float name="ER" value="100."/>
				<string name="Hull" value="Eclipse_120mmTurret"/>
				<string name="Name" value="Turretr"/>
				<string name="TypHL" value="AmmoStore"/>
				<string name="UnitName" value="Eclipse_Gun_120x1_Turret"/>
			</object>
			<object name="7835">
				<integer name="Country" value="3"/>
				<integer name="Crew" value="1"/>
				<float name="ER" value="3.e-002"/>
				<string name="Hull" value="Std_Crew"/>
				<string name="Name" value="Gunner2"/>
				<string name="TypHL" value="Crew"/>
				<string name="UnitName" value="Eclipse_Gun_120x1_Turret"/>
			</object>
			<object name="7836">
				<integer name="Country" value="3"/>
				<integer name="Crew" value="1"/>
				<float name="ER" value="3.e-002"/>
				<string name="Hull" value="Std_Crew"/>
				<string name="Name" value="Gunner1"/>
				<string name="TypHL" value="Crew"/>
				<string name="UnitName" value="Eclipse_Gun_120x1_Turret"/>
			</object>
		</object>
		<object name="Hulls"> 
			<object name="Eclipse_120mmTurret">
				<integer name="Back" value="0"/>
				<integer name="Bottom" value="25"/>
				<integer name="Country" value="3"/>
				<float name="ExplProb" value="0."/>
				<float name="FireProb" value="5."/>
				<integer name="Front" value="25"/>
				<integer name="Left" value="25"/>
				<string name="Material" value="Armored"/>
				<integer name="Right" value="25"/>
				<integer name="Top" value="25"/>
				<integer name="UnitName" value="0"/>
				<string name="UnitTyp" value="Turret"/>
			</object> 
			<object name="Eclipse_AmmoStore">
				<integer name="Back" value="30"/>
				<integer name="Bottom" value="30"/>
				<integer name="Country" value="3"/>
				<float name="ExplProb" value="20."/>
				<float name="FireProb" value="20."/>
				<integer name="Front" value="30"/>
				<integer name="Left" value="30"/>
				<string name="Material" value="Armored"/>
				<integer name="Right" value="30"/>
				<integer name="Top" value="30"/>
				<integer name="UnitName" value="0"/>
				<string name="UnitTyp" value="Ship"/>
			</object>
			<object name="Eclipse_Ordinary">
				<integer name="Back" value="25"/>
				<integer name="Bottom" value="20"/>
				<integer name="Country" value="3"/>
				<float name="ExplProb" value="0."/>
				<float name="FireProb" value="5."/>
				<integer name="Front" value="25"/>
				<integer name="Left" value="25"/>
				<string name="Material" value="Steel"/>
				<integer name="Right" value="25"/>
				<integer name="Top" value="15"/>
				<integer name="UnitName" value="0"/>
				<string name="UnitTyp" value="Ship"/>
			</object>  
			<object name="Eclipse_Probe">
				<integer name="Back" value="10"/>
				<integer name="Bottom" value="10"/>
				<integer name="Country" value="3"/>
				<float name="ExplProb" value="0."/>
				<float name="FireProb" value="5."/>
				<integer name="Front" value="10"/>
				<integer name="Left" value="10"/>
				<string name="Material" value="Steel"/>
				<integer name="Right" value="10"/>
				<integer name="Top" value="10"/>
				<integer name="UnitName" value="0"/>
				<string name="UnitTyp" value="Ship"/>
			</object>  
		</object>
	</object>
</root>
