﻿<?xml version="1.0" standalone="yes" ?>
<root>
	<object name="SteelMonstersParams">
		<object name="Engins">
			<object name="MPP_Zeppelin">
				<float name="Consumption" value="3.2762e-004"/>
				<integer name="Country" value="5"/>
				<float name="Money" value="6500."/>
				<integer name="Power_Max" value="200000"/>
				<integer name="RPM_Max" value="0"/>
				<integer name="Type" value="8"/>
				<integer name="Unreliability" value="10"/>
				<string name="Usage" value="Ships"/>
				<float name="Weight" value="2100."/>
			</object>
		</object>
		<object name="Hit_Location">
			<object name="Zepp668">
				<integer name="Country" value="5"/>
				<float name="ER" value="200."/>
				<string name="Hull" value="Zeppelin_Ordinary"/>
				<string name="Name" value="Bow1_LBottom"/>
				<string name="TypHL" value="Hull"/>
				<string name="UnitName" value="Zeppelin"/>
			</object>
			<object name="Zepp669">
				<integer name="Country" value="5"/>
				<float name="ER" value="200."/>
				<string name="Hull" value="Zeppelin_Ordinary"/>
				<string name="Name" value="Bow1_RBottom"/>
				<string name="TypHL" value="Hull"/>
				<string name="UnitName" value="Zeppelin"/>
			</object>
			<object name="Zepp670">
				<integer name="Country" value="5"/>
				<float name="ER" value="400."/>
				<string name="Hull" value="Zeppelin_LowerDeck"/>
				<string name="Name" value="Bow1_LowerDeck"/>
				<string name="TypHL" value="Hull"/>
				<string name="UnitName" value="Zeppelin"/>
			</object>
			<object name="Zepp671">
				<integer name="Country" value="5"/>
				<float name="ER" value="400."/>
				<string name="Hull" value="Zeppelin_LowerDeck"/>
				<string name="Name" value="Stern2_LowerDeck"/>
				<string name="TypHL" value="Hull"/>
				<string name="UnitName" value="Zeppelin"/>
			</object>
			<object name="Zepp672">
				<integer name="Country" value="5"/>
				<float name="ER" value="400."/>
				<string name="Hull" value="Zeppelin_Ordinary"/>
				<string name="Name" value="Bow1_MiddleDeck"/>
				<string name="TypHL" value="Hull"/>
				<string name="UnitName" value="Zeppelin"/>
			</object>
			<object name="Zepp673">
				<integer name="Country" value="5"/>
				<float name="ER" value="400."/>
				<string name="Hull" value="Zeppelin_AmmoStore"/>
				<string name="Name" value="AmmoStore_Bow"/>
				<float name="Param_1" value="0."/>
				<string name="TypHL" value="AmmoStore"/>
				<string name="UnitName" value="Zeppelin"/>
			</object>
			<object name="Zepp674">
				<integer name="Country" value="5"/>
				<float name="ER" value="400."/>
				<string name="Hull" value="Zeppelin_Ordinary"/>
				<string name="Name" value="Stern2_MiddleDeck"/>
				<string name="TypHL" value="Hull"/>
				<string name="UnitName" value="Zeppelin"/>
			</object>
			<object name="Zepp675">
				<integer name="Country" value="5"/>
				<float name="ER" value="400."/>
				<string name="Hull" value="Std_AFuelTank"/>
				<string name="Name" value="AFuelTank_Stern"/>
				<float name="Param_1" value="500."/>
				<string name="TypHL" value="FuelTank"/>
				<string name="UnitName" value="Zeppelin"/>
			</object>
			<object name="Zepp676">
				<integer name="Country" value="5"/>
				<float name="ER" value="400."/>
				<string name="Hull" value="Zeppelin_FDeck"/>
				<string name="Name" value="Stern2_FlightDeck"/>
				<string name="TypHL" value="Hull"/>
				<string name="UnitName" value="Zeppelin"/>
			</object>
			<object name="Zepp677">
				<integer name="Country" value="5"/>
				<float name="ER" value="400."/>
				<string name="Hull" value="Zeppelin_FDeck"/>
				<string name="Name" value="Bow1_FlightDeck"/>
				<string name="TypHL" value="Hull"/>
				<string name="UnitName" value="Zeppelin"/>
			</object>
			<object name="Zepp678">
				<integer name="Country" value="5"/>
				<float name="ER" value="400."/>
				<string name="Hull" value="Zeppelin_Ordinary"/>
				<string name="Name" value="Bow1_UpperDeck"/>
				<string name="TypHL" value="Hull"/>
				<string name="UnitName" value="Zeppelin"/>
			</object>
			<object name="Zepp679">
				<integer name="Country" value="5"/>
				<float name="ER" value="200."/>
				<string name="Hull" value="Zeppelin_BattleCabin"/>
				<string name="Name" value="BattleCabin"/>
				<string name="TypHL" value="Hull"/>
				<string name="UnitName" value="Zeppelin"/>
			</object>
			<object name="Zepp680">
				<integer name="Country" value="5"/>
				<float name="ER" value="100."/>
				<string name="Hull" value="Zeppelin_Ordinary"/>
				<string name="Name" value="Radar"/>
				<string name="TypHL" value="Probe"/>
				<string name="UnitName" value="Zeppelin"/>
			</object>
			<object name="Zepp681">
				<integer name="Country" value="5"/>
				<float name="ER" value="100."/>
				<string name="Hull" value="Zeppelin_Ordinary"/>
				<string name="Name" value="Radio"/>
				<string name="TypHL" value="Probe"/>
				<string name="UnitName" value="Zeppelin"/>
			</object>
			<object name="Zepp682">
				<integer name="Country" value="5"/>
				<float name="ER" value="100."/>
				<string name="Hull" value="Zeppelin_Ordinary"/>
				<string name="Name" value="ConingBridge"/>
				<string name="TypHL" value="Hull"/>
				<string name="UnitName" value="Zeppelin"/>
			</object>
			<object name="Zepp683">
				<integer name="Country" value="5"/>
				<float name="ER" value="100."/>
				<string name="Hull" value="Zeppelin_Ordinary"/>
				<string name="Name" value="SternCabin"/>
				<string name="TypHL" value="Hull"/>
				<string name="UnitName" value="Zeppelin"/>
			</object>
			<object name="Zepp684">
				<integer name="Country" value="5"/>
				<float name="ER" value="100."/>
				<string name="Hull" value="Zeppelin_Ordinary"/>
				<string name="Name" value="AAGunProbe"/>
				<string name="TypHL" value="Probe"/>
				<string name="UnitName" value="Zeppelin"/>
			</object>
			<object name="Zepp685">
				<integer name="Country" value="5"/>
				<float name="ER" value="100."/>
				<string name="Hull" value="Zeppelin_Ordinary"/>
				<string name="Name" value="OperationalControl"/>
				<string name="TypHL" value="Probe"/>
				<string name="UnitName" value="Zeppelin"/>
			</object>
			<object name="Zepp686">
				<string name="ConnectName" value="Engine1"/>
				<integer name="Country" value="5"/>
				<float name="ER" value="100."/>
				<string name="Hull" value="Std_Mover"/>
				<string name="Name" value="Mover1"/>
				<string name="TypHL" value="Mover"/>
				<string name="UnitName" value="Zeppelin"/>
			</object>
			<object name="Zepp687">
				<string name="ConnectName" value="Engine2"/>
				<integer name="Country" value="5"/>
				<float name="ER" value="100."/>
				<string name="Hull" value="Std_Mover"/>
				<string name="Name" value="Mover2"/>
				<string name="TypHL" value="Mover"/>
				<string name="UnitName" value="Zeppelin"/>
			</object>
			<object name="Zepp688">
				<string name="ConnectName" value="Engine4"/>
				<integer name="Country" value="5"/>
				<float name="ER" value="100."/>
				<string name="Hull" value="Std_Mover"/>
				<string name="Name" value="Mover4"/>
				<string name="TypHL" value="Mover"/>
				<string name="UnitName" value="Zeppelin"/>
			</object>
			<object name="Zepp689">
				<string name="ConnectName" value="Engine3"/>
				<integer name="Country" value="5"/>
				<float name="ER" value="100."/>
				<string name="Hull" value="Std_Mover"/>
				<string name="Name" value="Mover3"/>
				<string name="TypHL" value="Mover"/>
				<string name="UnitName" value="Zeppelin"/>
			</object>
			<object name="Zepp690">
				<string name="ConnectName" value="Tiller"/>
				<integer name="Country" value="5"/>
				<float name="ER" value="200."/>
				<string name="Hull" value="Std_Rudder"/>
				<string name="Name" value="Rudder"/>
				<string name="TypHL" value="Rudder"/>
				<string name="UnitName" value="Zeppelin"/>
			</object>
			<object name="Zepp691">
				<integer name="Country" value="5"/>
				<float name="ER" value="200."/>
				<string name="Hull" value="Zeppelin_Ordinary"/>
				<string name="Name" value="Stern1_LBottom"/>
				<string name="TypHL" value="Hull"/>
				<string name="UnitName" value="Zeppelin"/>
			</object>
			<object name="Zepp692">
				<integer name="Country" value="5"/>
				<float name="ER" value="200."/>
				<string name="Hull" value="Zeppelin_Ordinary"/>
				<string name="Name" value="Stern1_RBottom"/>
				<string name="TypHL" value="Hull"/>
				<string name="UnitName" value="Zeppelin"/>
			</object>
			<object name="Zepp693">
				<integer name="Country" value="5"/>
				<float name="ER" value="400."/>
				<string name="Hull" value="Std_LAMP"/>
				<string name="Name" value="Stern1_LAMP"/>
				<string name="TypHL" value="Hull"/>
				<string name="UnitName" value="Zeppelin"/>
			</object>
			<object name="Zepp694">
				<integer name="Country" value="5"/>
				<float name="ER" value="400."/>
				<string name="Hull" value="Std_RAMP"/>
				<string name="Name" value="Stern1_RAMP"/>
				<string name="TypHL" value="Hull"/>
				<string name="UnitName" value="Zeppelin"/>
			</object>
			<object name="Zepp695">
				<integer name="Country" value="5"/>
				<float name="ER" value="400."/>
				<string name="Hull" value="Zeppelin_LowerDeck"/>
				<string name="Name" value="Stern1_LowerDeck"/>
				<string name="TypHL" value="Hull"/>
				<string name="UnitName" value="Zeppelin"/>
			</object>
			<object name="Zepp696">
				<integer name="Country" value="5"/>
				<float name="ER" value="400."/>
				<string name="Hull" value="Std_FuelTank"/>
				<string name="Name" value="FuelTank_Stern"/>
				<float name="Param_1" value="500."/>
				<string name="TypHL" value="FuelTank"/>
				<string name="UnitName" value="Zeppelin"/>
			</object>
			<object name="Zepp697">
				<integer name="Country" value="5"/>
				<float name="ER" value="400."/>
				<string name="Hull" value="Zeppelin_RBelt"/>
				<string name="Name" value="Stern1_RBeltLower"/>
				<string name="TypHL" value="Hull"/>
				<string name="UnitName" value="Zeppelin"/>
			</object>
			<object name="Zepp698">
				<integer name="Country" value="5"/>
				<float name="ER" value="400."/>
				<string name="Hull" value="Zeppelin_LBelt"/>
				<string name="Name" value="Stern1_LBeltLower"/>
				<string name="TypHL" value="Hull"/>
				<string name="UnitName" value="Zeppelin"/>
			</object>			
			<object name="Zepp699">
				<integer name="Country" value="5"/>
				<float name="ER" value="400."/>
				<string name="Hull" value="Zeppelin_Ordinary"/>
				<string name="Name" value="Stern1_MiddleDeck"/>
				<string name="TypHL" value="Hull"/>
				<string name="UnitName" value="Zeppelin"/>
			</object>
			<object name="Zepp700">
				<integer name="Country" value="5"/>
				<float name="ER" value="400."/>
				<string name="Hull" value="Zeppelin_AmmoStore"/>
				<string name="Name" value="AmmoStore_Stern"/>
				<float name="Param_1" value="0."/>
				<string name="TypHL" value="AmmoStore"/>
				<string name="UnitName" value="Zeppelin"/>
			</object>
			<object name="Zepp701">
				<integer name="Country" value="5"/>
				<float name="ER" value="400."/>
				<string name="Hull" value="Zeppelin_Ordinary"/>
				<string name="Name" value="Stern2_RBeltUpper"/>
				<string name="TypHL" value="Hull"/>
				<string name="UnitName" value="Zeppelin"/>
			</object>
			<object name="Zepp702">
				<integer name="Country" value="5"/>
				<float name="ER" value="400."/>
				<string name="Hull" value="Zeppelin_Ordinary"/>
				<string name="Name" value="Stern2_LBeltUpper"/>
				<string name="TypHL" value="Hull"/>
				<string name="UnitName" value="Zeppelin"/>
			</object>
			<object name="Zepp703">
				<integer name="Country" value="5"/>
				<float name="ER" value="400."/>
				<string name="Hull" value="Zeppelin_Hungur"/>
				<string name="Name" value="Stern_Hungur"/>
				<string name="TypHL" value="Hull"/>
				<string name="UnitName" value="Zeppelin"/>
			</object>
			<object name="Zepp704">
				<integer name="Country" value="5"/>
				<float name="ER" value="400."/>
				<string name="Hull" value="Zeppelin_Elevator"/>
				<string name="Name" value="Stern_Elevator"/>
				<string name="TypHL" value="Hull"/>
				<string name="UnitName" value="Zeppelin"/>
			</object>
			<object name="Zepp705">
				<integer name="Country" value="5"/>
				<float name="ER" value="400."/>
				<string name="Hull" value="Zeppelin_FDeck"/>
				<string name="Name" value="Stern1_FlightDeck"/>
				<string name="TypHL" value="Hull"/>
				<string name="UnitName" value="Zeppelin"/>
			</object>
			<object name="Zepp706">
				<integer name="Country" value="5"/>
				<float name="ER" value="200."/>
				<string name="Hull" value="Zeppelin_Ordinary"/>
				<string name="Name" value="Middle3_LBottom"/>
				<string name="TypHL" value="Hull"/>
				<string name="UnitName" value="Zeppelin"/>
			</object>
			<object name="Zepp707">
				<integer name="Country" value="5"/>
				<float name="ER" value="200."/>
				<string name="Hull" value="Zeppelin_Ordinary"/>
				<string name="Name" value="Middle3_RBottom"/>
				<string name="TypHL" value="Hull"/>
				<string name="UnitName" value="Zeppelin"/>
			</object>
			<object name="Zepp708">
				<integer name="Country" value="5"/>
				<float name="ER" value="200."/>
				<string name="Hull" value="Zeppelin_Ordinary"/>
				<string name="Name" value="Middle4_RBottom"/>
				<string name="TypHL" value="Hull"/>
				<string name="UnitName" value="Zeppelin"/>
			</object>
			<object name="Zepp709">
				<integer name="Country" value="5"/>
				<float name="ER" value="200."/>
				<string name="Hull" value="Zeppelin_Ordinary"/>
				<string name="Name" value="Middle4_LBottom"/>
				<string name="TypHL" value="Hull"/>
				<string name="UnitName" value="Zeppelin"/>
			</object>
			<object name="Zepp710">
				<integer name="Country" value="5"/>
				<float name="ER" value="400."/>
				<string name="Hull" value="Zeppelin_LowerDeck"/>
				<string name="Name" value="Middle3_LowerDeck"/>
				<string name="TypHL" value="Hull"/>
				<string name="UnitName" value="Zeppelin"/>
			</object>
			<object name="Zepp711">
				<string name="ConnectName" value="Main_Boilers;Sup_Boilers;"/>
				<integer name="Country" value="5"/>
				<float name="ER" value="200."/>
				<string name="Hull" value="Std_Engine"/>
				<string name="Name" value="Engine1"/>
				<string name="TypHL" value="Engine"/>
				<string name="UnitName" value="Zeppelin"/>
			</object>
			<object name="Zepp712">
				<string name="ConnectName" value="Main_Boilers;Sup_Boilers;"/>
				<integer name="Country" value="5"/>
				<float name="ER" value="200."/>
				<string name="Hull" value="Std_Engine"/>
				<string name="Name" value="Engine2"/>
				<string name="TypHL" value="Engine"/>
				<string name="UnitName" value="Zeppelin"/>
			</object>
			<object name="Zepp713">
				<integer name="Country" value="5"/>
				<float name="ER" value="400."/>
				<string name="Hull" value="Zeppelin_LowerDeck"/>
				<string name="Name" value="Middle4_LowerDeck"/>
				<string name="TypHL" value="Hull"/>
				<string name="UnitName" value="Zeppelin"/>
			</object>
			<object name="Zepp714">
				<string name="ConnectName" value="Main_Boilers;Sup_Boilers;"/>
				<integer name="Country" value="5"/>
				<float name="ER" value="200."/>
				<string name="Hull" value="Std_Engine"/>
				<string name="Name" value="Engine3"/>
				<string name="TypHL" value="Engine"/>
				<string name="UnitName" value="Zeppelin"/>
			</object>
			<object name="Zepp715">
				<string name="ConnectName" value="Main_Boilers;Sup_Boilers;"/>
				<integer name="Country" value="5"/>
				<float name="ER" value="200."/>
				<string name="Hull" value="Std_Engine"/>
				<string name="Name" value="Engine4"/>
				<string name="TypHL" value="Engine"/>
				<string name="UnitName" value="Zeppelin"/>
			</object>
			<object name="Zepp716">
				<integer name="Country" value="5"/>
				<float name="ER" value="400."/>
				<string name="Hull" value="Std_LAMP"/>
				<string name="Name" value="Middle3_LAMP"/>
				<string name="TypHL" value="Hull"/>
				<string name="UnitName" value="Zeppelin"/>
			</object>
			<object name="Zepp717">
				<integer name="Country" value="5"/>
				<float name="ER" value="400."/>
				<string name="Hull" value="Std_RAMP"/>
				<string name="Name" value="Middle3_RAMP"/>
				<string name="TypHL" value="Hull"/>
				<string name="UnitName" value="Zeppelin"/>
			</object>
			<object name="Zepp718">
				<integer name="Country" value="5"/>
				<float name="ER" value="400."/>
				<string name="Hull" value="Std_RAMP"/>
				<string name="Name" value="Middle4_RAMP"/>
				<string name="TypHL" value="Hull"/>
				<string name="UnitName" value="Zeppelin"/>
			</object>
			<object name="Zepp719">
				<integer name="Country" value="5"/>
				<float name="ER" value="400."/>
				<string name="Hull" value="Std_LAMP"/>
				<string name="Name" value="Middle4_LAMP"/>
				<string name="TypHL" value="Hull"/>
				<string name="UnitName" value="Zeppelin"/>
			</object>
			<object name="Zepp720">
				<integer name="Country" value="5"/>
				<float name="ER" value="400."/>
				<string name="Hull" value="Zeppelin_Ordinary"/>
				<string name="Name" value="Middle3_MiddleDeck"/>
				<string name="TypHL" value="Hull"/>
				<string name="UnitName" value="Zeppelin"/>
			</object>
			<object name="Zepp721">
				<integer name="Country" value="5"/>
				<float name="ER" value="400."/>
				<string name="Hull" value="Zeppelin_AmmoStore"/>
				<string name="Name" value="AmmoStore_Middle"/>
				<float name="Param_1" value="0."/>
				<string name="TypHL" value="AmmoStore"/>
				<string name="UnitName" value="Zeppelin"/>
			</object>
			<object name="Zepp722">
				<integer name="Country" value="5"/>
				<float name="ER" value="400."/>
				<string name="Hull" value="Zeppelin_Ordinary"/>
				<string name="Name" value="Middle4_MiddleDeck"/>
				<string name="TypHL" value="Hull"/>
				<string name="UnitName" value="Zeppelin"/>
			</object>
			<object name="Zepp723">
				<integer name="Country" value="5"/>
				<float name="ER" value="400."/>
				<string name="Hull" value="Zeppelin_LBelt"/>
				<string name="Name" value="Middle3_LBeltLower"/>
				<string name="TypHL" value="Hull"/>
				<string name="UnitName" value="Zeppelin"/>
			</object>
			<object name="Zepp724">
				<integer name="Country" value="5"/>
				<float name="ER" value="400."/>
				<string name="Hull" value="Zeppelin_LBelt"/>
				<string name="Name" value="Middle4_LBeltLower"/>
				<string name="TypHL" value="Hull"/>
				<string name="UnitName" value="Zeppelin"/>
			</object>
			<object name="Zepp725">
				<integer name="Country" value="5"/>
				<float name="ER" value="400."/>
				<string name="Hull" value="Zeppelin_RBelt"/>
				<string name="Name" value="Middle3_RBeltLower"/>
				<string name="TypHL" value="Hull"/>
				<string name="UnitName" value="Zeppelin"/>
			</object>
			<object name="Zepp726">
				<integer name="Country" value="5"/>
				<float name="ER" value="400."/>
				<string name="Hull" value="Zeppelin_RBelt"/>
				<string name="Name" value="Middle4_RBeltLower"/>
				<string name="TypHL" value="Hull"/>
				<string name="UnitName" value="Zeppelin"/>
			</object>
			<object name="Zepp727">
				<integer name="Country" value="5"/>
				<float name="ER" value="400."/>
				<string name="Hull" value="Zeppelin_Hungur"/>
				<string name="Name" value="Middle_Hungur2"/>
				<string name="TypHL" value="Hull"/>
				<string name="UnitName" value="Zeppelin"/>
			</object>
			<object name="Zepp728">
				<integer name="Country" value="5"/>
				<float name="ER" value="400."/>
				<string name="Hull" value="Zeppelin_Elevator"/>
				<string name="Name" value="Middle_Elevator"/>
				<string name="TypHL" value="Hull"/>
				<string name="UnitName" value="Zeppelin"/>
			</object>
			<object name="Zepp729">
				<integer name="Country" value="5"/>
				<float name="ER" value="400."/>
				<string name="Hull" value="Zeppelin_Ordinary"/>
				<string name="Name" value="Middle_3_4_RBeltUpper"/>
				<string name="TypHL" value="Hull"/>
				<string name="UnitName" value="Zeppelin"/>
			</object>
			<object name="Zepp730">
				<integer name="Country" value="5"/>
				<float name="ER" value="400."/>
				<string name="Hull" value="Zeppelin_Ordinary"/>
				<string name="Name" value="Middle_3_4_LBeltUpper"/>
				<string name="TypHL" value="Hull"/>
				<string name="UnitName" value="Zeppelin"/>
			</object>
			<object name="Zepp731">
				<integer name="Country" value="5"/>
				<float name="ER" value="400."/>
				<string name="Hull" value="Zeppelin_FDeck"/>
				<string name="Name" value="Middle_3_4_FlightDeck"/>
				<string name="TypHL" value="Hull"/>
				<string name="UnitName" value="Zeppelin"/>
			</object>
			<object name="Zepp732">
				<integer name="Country" value="5"/>
				<float name="ER" value="200."/>
				<string name="Hull" value="Zeppelin_Ordinary"/>
				<string name="Name" value="Middle1_LBottom"/>
				<string name="TypHL" value="Hull"/>
				<string name="UnitName" value="Zeppelin"/>
			</object>
			<object name="Zepp733">
				<integer name="Country" value="5"/>
				<float name="ER" value="200."/>
				<string name="Hull" value="Zeppelin_Ordinary"/>
				<string name="Name" value="Middle1_RBottom"/>
				<string name="TypHL" value="Hull"/>
				<string name="UnitName" value="Zeppelin"/>
			</object>
			<object name="Zepp734">
				<integer name="Country" value="5"/>
				<float name="ER" value="200."/>
				<string name="Hull" value="Zeppelin_Ordinary"/>
				<string name="Name" value="Middle2_RBottom"/>
				<string name="TypHL" value="Hull"/>
				<string name="UnitName" value="Zeppelin"/>
			</object>
			<object name="Zepp735">
				<integer name="Country" value="5"/>
				<float name="ER" value="200."/>
				<string name="Hull" value="Zeppelin_Ordinary"/>
				<string name="Name" value="Middle2_LBottom"/>
				<string name="TypHL" value="Hull"/>
				<string name="UnitName" value="Zeppelin"/>
			</object>
			<object name="Zepp736">
				<integer name="Country" value="5"/>
				<float name="ER" value="400."/>
				<string name="Hull" value="Zeppelin_LowerDeck"/>
				<string name="Name" value="Middle1_LowerDeck"/>
				<string name="TypHL" value="Hull"/>
				<string name="UnitName" value="Zeppelin"/>
			</object>
			<object name="Zepp737">
				<integer name="Country" value="5"/>
				<float name="ER" value="100."/>
				<string name="Hull" value="Std_Boiler"/>
				<string name="Name" value="Sup_Boilers"/>
				<string name="TypHL" value="Boiler"/>
				<string name="UnitName" value="Zeppelin"/>
			</object>
			<object name="Zepp738">
				<integer name="Country" value="5"/>
				<float name="ER" value="400."/>
				<string name="Hull" value="Zeppelin_LowerDeck"/>
				<string name="Name" value="Middle2_LowerDeck"/>
				<string name="TypHL" value="Hull"/>
				<string name="UnitName" value="Zeppelin"/>
			</object>
			<object name="Zepp739">
				<integer name="Country" value="5"/>
				<float name="ER" value="100."/>
				<string name="Hull" value="Std_Boiler"/>
				<string name="Name" value="Main_Boilers"/>
				<string name="TypHL" value="Boiler"/>
				<string name="UnitName" value="Zeppelin"/>
			</object>
			<object name="Zepp740">
				<integer name="Country" value="5"/>
				<float name="ER" value="400."/>
				<string name="Hull" value="Std_RAMP"/>
				<string name="Name" value="Middle1_RAMP"/>
				<string name="TypHL" value="Hull"/>
				<string name="UnitName" value="Zeppelin"/>
			</object>
			<object name="Zepp741">
				<integer name="Country" value="5"/>
				<float name="ER" value="400."/>
				<string name="Hull" value="Std_LAMP"/>
				<string name="Name" value="Middle1_LAMP"/>
				<string name="TypHL" value="Hull"/>
				<string name="UnitName" value="Zeppelin"/>
			</object>
			<object name="Zepp742">
				<integer name="Country" value="5"/>
				<float name="ER" value="400."/>
				<string name="Hull" value="Std_LAMP"/>
				<string name="Name" value="Middle2_LAMP"/>
				<string name="TypHL" value="Hull"/>
				<string name="UnitName" value="Zeppelin"/>
			</object>
			<object name="Zepp743">
				<integer name="Country" value="5"/>
				<float name="ER" value="400."/>
				<string name="Hull" value="Std_RAMP"/>
				<string name="Name" value="Middle2_RAMP"/>
				<string name="TypHL" value="Hull"/>
				<string name="UnitName" value="Zeppelin"/>
			</object>
			<object name="Zepp744">
				<integer name="Country" value="5"/>
				<float name="ER" value="400."/>
				<string name="Hull" value="Zeppelin_Ordinary"/>
				<string name="Name" value="Middle1_MiddleDeck"/>
				<string name="TypHL" value="Hull"/>
				<string name="UnitName" value="Zeppelin"/>
			</object>
			<object name="Zepp745">
				<integer name="Country" value="5"/>
				<float name="ER" value="400."/>
				<string name="Hull" value="Zeppelin_Ordinary"/>
				<string name="Name" value="Middle2_MiddleDeck"/>
				<string name="TypHL" value="Hull"/>
				<string name="UnitName" value="Zeppelin"/>
			</object>
			<object name="Zepp746">
				<integer name="Country" value="5"/>
				<float name="ER" value="400."/>
				<string name="Hull" value="Zeppelin_LBelt"/>
				<string name="Name" value="Middle1_LBeltLower"/>
				<string name="TypHL" value="Hull"/>
				<string name="UnitName" value="Zeppelin"/>
			</object>
			<object name="Zepp747">
				<integer name="Country" value="5"/>
				<float name="ER" value="400."/>
				<string name="Hull" value="Zeppelin_LBelt"/>
				<string name="Name" value="Middle2_LBeltLower"/>
				<string name="TypHL" value="Hull"/>
				<string name="UnitName" value="Zeppelin"/>
			</object>
			<object name="Zepp748">
				<integer name="Country" value="5"/>
				<float name="ER" value="400."/>
				<string name="Hull" value="Zeppelin_RBelt"/>
				<string name="Name" value="Middle1_RBeltLower"/>
				<string name="TypHL" value="Hull"/>
				<string name="UnitName" value="Zeppelin"/>
			</object>
			<object name="Zepp749">
				<integer name="Country" value="5"/>
				<float name="ER" value="400."/>
				<string name="Hull" value="Zeppelin_RBelt"/>
				<string name="Name" value="Middle2_RBeltLower"/>
				<string name="TypHL" value="Hull"/>
				<string name="UnitName" value="Zeppelin"/>
			</object>
			<object name="Zepp750">
				<integer name="Country" value="5"/>
				<float name="ER" value="400."/>
				<string name="Hull" value="Zeppelin_Hungur"/>
				<string name="Name" value="Middle_Hungur1"/>
				<string name="TypHL" value="Hull"/>
				<string name="UnitName" value="Zeppelin"/>
			</object>
			<object name="Zepp751">
				<integer name="Country" value="5"/>
				<float name="ER" value="400."/>
				<string name="Hull" value="Zeppelin_FDeck"/>
				<string name="Name" value="Middle_1_2_FlightDeck"/>
				<string name="TypHL" value="Hull"/>
				<string name="UnitName" value="Zeppelin"/>
			</object>
			<object name="Zepp752">
				<integer name="Country" value="5"/>
				<float name="ER" value="400."/>
				<string name="Hull" value="Zeppelin_Ordinary"/>
				<string name="Name" value="Middle_1_2_RBeltUpper"/>
				<string name="TypHL" value="Hull"/>
				<string name="UnitName" value="Zeppelin"/>
			</object>
			<object name="Zepp753">
				<integer name="Country" value="5"/>
				<float name="ER" value="400."/>
				<string name="Hull" value="Zeppelin_Ordinary"/>
				<string name="Name" value="Middle_1_2_LBeltUpper"/>
				<string name="TypHL" value="Hull"/>
				<string name="UnitName" value="Zeppelin"/>
			</object>
			<object name="Zepp754">
				<integer name="Country" value="5"/>
				<float name="ER" value="200."/>
				<string name="Hull" value="Zeppelin_Ordinary"/>
				<string name="Name" value="Bow2_LBottom"/>
				<string name="TypHL" value="Hull"/>
				<string name="UnitName" value="Zeppelin"/>
			</object>
			<object name="Zepp755">
				<integer name="Country" value="5"/>
				<float name="ER" value="200."/>
				<string name="Hull" value="Zeppelin_Ordinary"/>
				<string name="Name" value="Bow2_RBottom"/>
				<string name="TypHL" value="Hull"/>
				<string name="UnitName" value="Zeppelin"/>
			</object>
			<object name="Zepp756">
				<integer name="Country" value="5"/>
				<float name="ER" value="400."/>
				<string name="Hull" value="Zeppelin_LowerDeck"/>
				<string name="Name" value="Bow2_LowerDeck"/>
				<string name="TypHL" value="Hull"/>
				<string name="UnitName" value="Zeppelin"/>
			</object>
			<object name="Zepp757">
				<integer name="Country" value="5"/>
				<float name="ER" value="400."/>
				<string name="Hull" value="Std_LAMP"/>
				<string name="Name" value="Bow2_LAMP"/>
				<string name="TypHL" value="Hull"/>
				<string name="UnitName" value="Zeppelin"/>
			</object>
			<object name="Zepp758">
				<integer name="Country" value="5"/>
				<float name="ER" value="400."/>
				<string name="Hull" value="Std_RAMP"/>
				<string name="Name" value="Bow2_RAMP"/>
				<string name="TypHL" value="Hull"/>
				<string name="UnitName" value="Zeppelin"/>
			</object>
			<object name="Zepp759">
				<integer name="Country" value="5"/>
				<float name="ER" value="400."/>
				<string name="Hull" value="Zeppelin_Ordinary"/>
				<string name="Name" value="Bow2_MiddleDeck"/>
				<string name="TypHL" value="Hull"/>
				<string name="UnitName" value="Zeppelin"/>
			</object>
			<object name="Zepp760">
				<integer name="Country" value="5"/>
				<float name="ER" value="400."/>
				<string name="Hull" value="Std_AFuelTank"/>
				<string name="Name" value="AFuelTank_Bow"/>
				<float name="Param_1" value="500."/>
				<string name="TypHL" value="FuelTank"/>
				<string name="UnitName" value="Zeppelin"/>
			</object>
			<object name="Zepp761">
				<integer name="Country" value="5"/>
				<float name="ER" value="400."/>
				<string name="Hull" value="Zeppelin_RBelt"/>
				<string name="Name" value="Bow2_RBeltLower"/>
				<string name="TypHL" value="Hull"/>
				<string name="UnitName" value="Zeppelin"/>
			</object>
			<object name="Zepp762">
				<integer name="Country" value="5"/>
				<float name="ER" value="400."/>
				<string name="Hull" value="Zeppelin_LBelt"/>
				<string name="Name" value="Bow2_LBeltLower"/>
				<string name="TypHL" value="Hull"/>
				<string name="UnitName" value="Zeppelin"/>
			</object>
			<object name="Zepp763">
				<integer name="Country" value="5"/>
				<float name="ER" value="400."/>
				<string name="Hull" value="Zeppelin_Hungur"/>
				<string name="Name" value="Bow_Hungur"/>
				<string name="TypHL" value="Hull"/>
				<string name="UnitName" value="Zeppelin"/>
			</object>
			<object name="Zepp764">
				<integer name="Country" value="5"/>
				<float name="ER" value="400."/>
				<string name="Hull" value="Zeppelin_Elevator"/>
				<string name="Name" value="Bow_Elevator"/>
				<string name="TypHL" value="Hull"/>
				<string name="UnitName" value="Zeppelin"/>
			</object>
			<object name="Zepp765">
				<integer name="Country" value="5"/>
				<float name="ER" value="400."/>
				<string name="Hull" value="Zeppelin_FDeck"/>
				<string name="Name" value="Bow2_FlightDeck"/>
				<string name="TypHL" value="Hull"/>
				<string name="UnitName" value="Zeppelin"/>
			</object>
			<object name="Zepp766">
				<integer name="Country" value="5"/>
				<float name="ER" value="400."/>
				<string name="Hull" value="Zeppelin_Ordinary"/>
				<string name="Name" value="Bow2_RBeltUpper"/>
				<string name="TypHL" value="Hull"/>
				<string name="UnitName" value="Zeppelin"/>
			</object>
			<object name="Zepp767">
				<integer name="Country" value="5"/>
				<float name="ER" value="400."/>
				<string name="Hull" value="Zeppelin_Ordinary"/>
				<string name="Name" value="Bow2_LBeltUpper"/>
				<string name="TypHL" value="Hull"/>
				<string name="UnitName" value="Zeppelin"/>
			</object>
			<object name="Zepp768">
				<integer name="Country" value="5"/>
				<float name="ER" value="400."/>
				<string name="Hull" value="Std_FuelTank"/>
				<string name="Name" value="FuelTank_Bow"/>
				<float name="Param_1" value="500."/>
				<string name="TypHL" value="FuelTank"/>
				<string name="UnitName" value="Zeppelin"/>
			</object>
			<object name="Zepp9259">
				<integer name="Country" value="5"/>
				<integer name="Crew" value="2000"/>
				<float name="ER" value="50."/>
				<string name="Hull" value="Std_Hull"/>
				<string name="Name" value="Crew"/>
				<string name="TypHL" value="Crew"/>
				<string name="UnitName" value="Zeppelin"/>
			</object>
		</object>
		<object name="Hulls">
			<object name="Zeppelin_AmmoStore">
				<integer name="Back" value="20"/>
				<integer name="Bottom" value="20"/>
				<integer name="Country" value="5"/>
				<float name="ExplProb" value="10."/>
				<float name="FireProb" value="20."/>
				<integer name="Front" value="20"/>
				<integer name="Left" value="20"/>
				<string name="Material" value="Armored"/>
				<integer name="Right" value="20"/>
				<integer name="Top" value="20"/>
				<integer name="UnitName" value="0"/>
				<string name="UnitTyp" value="Ship"/>
			</object>
			<object name="Zeppelin_BattleCabin">
				<integer name="Back" value="150"/>
				<integer name="Bottom" value="10"/>
				<integer name="Country" value="5"/>
				<float name="ExplProb" value="0."/>
				<float name="FireProb" value="10."/>
				<integer name="Front" value="150"/>
				<integer name="Left" value="150"/>
				<string name="Material" value="Armored"/>
				<integer name="Right" value="150"/>
				<integer name="Top" value="100"/>
				<integer name="UnitName" value="0"/>
				<string name="UnitTyp" value="Ship"/>
			</object>
			<object name="Zeppelin_Elevator">
				<integer name="Back" value="10"/>
				<integer name="Bottom" value="10"/>
				<integer name="Country" value="5"/>
				<float name="ExplProb" value="0."/>
				<float name="FireProb" value="30."/>
				<integer name="Front" value="10"/>
				<integer name="Left" value="10"/>
				<string name="Material" value="Armored"/>
				<integer name="Right" value="10"/>
				<integer name="Top" value="20"/>
				<integer name="UnitName" value="0"/>
				<string name="UnitTyp" value="Ship"/>
			</object>
			<object name="Zeppelin_FDeck">
				<integer name="Back" value="60"/>
				<integer name="Bottom" value="60"/>
				<integer name="Country" value="5"/>
				<float name="ExplProb" value="0."/>
				<float name="FireProb" value="20."/>
				<integer name="Front" value="60"/>
				<integer name="Left" value="60"/>
				<string name="Material" value="Armored"/>
				<integer name="Right" value="60"/>
				<integer name="Top" value="60"/>
				<integer name="UnitName" value="0"/>
				<string name="UnitTyp" value="Ship"/>
			</object>
			<object name="Zeppelin_Hungur">
				<integer name="Back" value="10"/>
				<integer name="Bottom" value="10"/>
				<integer name="Country" value="5"/>
				<float name="ExplProb" value="0."/>
				<float name="FireProb" value="20."/>
				<integer name="Front" value="10"/>
				<integer name="Left" value="10"/>
				<string name="Material" value="Armored"/>
				<integer name="Right" value="10"/>
				<integer name="Top" value="25"/>
				<integer name="UnitName" value="0"/>
				<string name="UnitTyp" value="Ship"/>
			</object>
			<object name="Zeppelin_LAMP">
				<integer name="Back" value="10"/>
				<integer name="Bottom" value="10"/>
				<integer name="Country" value="5"/>
				<float name="ExplProb" value="0."/>
				<float name="FireProb" value="0."/>
				<integer name="Front" value="10"/>
				<integer name="Left" value="10"/>
				<string name="Material" value="Armored"/>
				<integer name="Right" value="152"/>
				<integer name="Top" value="102"/>
				<integer name="UnitName" value="0"/>
				<string name="UnitTyp" value="Ship"/>
			</object>
			<object name="Zeppelin_LBelt">
				<integer name="Back" value="1"/>
				<integer name="Bottom" value="1"/>
				<integer name="Country" value="5"/>
				<float name="ExplProb" value="0."/>
				<float name="FireProb" value="0."/>
				<integer name="Front" value="1"/>
				<integer name="Left" value="100"/>
				<string name="Material" value="Armored"/>
				<integer name="Right" value="1"/>
				<integer name="Top" value="100"/>
				<integer name="UnitName" value="0"/>
				<string name="UnitTyp" value="Ship"/>
			</object>
			<object name="Zeppelin_LowerDeck">
				<integer name="Back" value="10"/>
				<integer name="Bottom" value="10"/>
				<integer name="Country" value="5"/>
				<float name="ExplProb" value="0."/>
				<float name="FireProb" value="20."/>
				<integer name="Front" value="10"/>
				<integer name="Left" value="10"/>
				<string name="Material" value="Armored"/>
				<integer name="Right" value="10"/>
				<integer name="Top" value="102"/>
				<integer name="UnitName" value="0"/>
				<string name="UnitTyp" value="Ship"/>
			</object>
			<object name="Zeppelin_Ordinary">
				<integer name="Back" value="10"/>
				<integer name="Bottom" value="10"/>
				<integer name="Country" value="5"/>
				<float name="ExplProb" value="0."/>
				<float name="FireProb" value="15."/>
				<integer name="Front" value="10"/>
				<integer name="Left" value="10"/>
				<string name="Material" value="Armored"/>
				<integer name="Right" value="10"/>
				<integer name="Top" value="10"/>
				<integer name="UnitName" value="0"/>
				<string name="UnitTyp" value="Ship"/>
			</object>
			<object name="Zeppelin_RAMP">
				<integer name="Back" value="10"/>
				<integer name="Bottom" value="10"/>
				<integer name="Country" value="5"/>
				<float name="ExplProb" value="0."/>
				<float name="FireProb" value="0."/>
				<integer name="Front" value="10"/>
				<integer name="Left" value="152"/>
				<string name="Material" value="Armored"/>
				<integer name="Right" value="10"/>
				<integer name="Top" value="102"/>
				<integer name="UnitName" value="0"/>
				<string name="UnitTyp" value="Ship"/>
			</object>
			<object name="Zeppelin_RBelt">
				<integer name="Back" value="1"/>
				<integer name="Bottom" value="1"/>
				<integer name="Country" value="5"/>
				<float name="ExplProb" value="0."/>
				<float name="FireProb" value="0."/>
				<integer name="Front" value="1"/>
				<integer name="Left" value="1"/>
				<string name="Material" value="Armored"/>
				<integer name="Right" value="100"/>
				<integer name="Top" value="100"/>
				<integer name="UnitName" value="0"/>
				<string name="UnitTyp" value="Ship"/>
			</object>
			<object name="Zeppelin_Top">
				<integer name="Back" value="15"/>
				<integer name="Bottom" value="10"/>
				<integer name="Country" value="5"/>
				<float name="ExplProb" value="0."/>
				<float name="FireProb" value="10."/>
				<integer name="Front" value="15"/>
				<integer name="Left" value="15"/>
				<string name="Material" value="Armored"/>
				<integer name="Right" value="15"/>
				<integer name="Top" value="25"/>
				<integer name="UnitName" value="0"/>
				<string name="UnitTyp" value="Ship"/>
			</object>
		</object>
		<object name="Ships">
			<object name="Zeppelin">
				<float name="AccelRate" value="3.e-004"/>
				<string name="Airgroup" value="AircraftCarrier_Group_Zeppelin_germany"/>
				<integer name="AirplanesCount" value="42"/>
				<string name="AmmoLoadingTemplate" value="Ammo 500, torp_DE_F5b_M_I 40, torp_DE_F5b 40, torp_DE_F5b_A_SA 40, De_BV_246_Com_SR 40, De_BV_246_Com_ST 40, De_BV_246_Frag_SR 40, De_BV_246_Frag_ST 40, De_Fritz_X_AP_P 40, De_Fritz_X_AP_R 40, De_Fritz_X_HE_P 40, De_Fritz_X_HE_R 40, De_X4M_P 20, De_X4M_R 20, De_X4_P 20, De_X4_R 20, De_WGr21_GP 60"/>
				<integer name="Avia" value="2"/>
				<boolean name="BoatsTransportationAbility" value="false"/>
				<integer name="CabinArmor" value="52"/>
				<boolean name="CanBeChanged" value="true"/>
				<boolean name="CanUseTorpedos" value="false"/>
				<integer name="Country" value="5"/>
				<integer name="Crew" value="1720"/>
				<float name="CriticalCareen" value="33."/>
				<float name="CriticalDFT" value="2.9"/>
				<float name="CriticalDifferent" value="2.4"/>
				<float name="DisplacementMax" value="23200."/>
				<float name="DTimeProd" value="140."/>
				<float name="EPR" value="640."/>
				<float name="FireRisk" value="2667."/>
				<float name="Fuel" value="5775."/>
				<float name="HLShapeCoef" value="0.9"/>
				<integer name="HullArmorSide" value="152"/>
				<integer name="HullArmorTop" value="76"/>
				<float name="Iron" value="35000."/>
				<integer name="Length" value="262"/>
				<float name="MaxSpeed" value="32."/>
				<integer name="MinCrew" value="900"/>
				<float name="Money" value="22600."/>
				<string name="Name" value="Zeppelin"/>
				<boolean name="New" value="true"/>
				<float name="NTimeProd" value="350."/>
				<integer name="Nuc_Dest_Prob" value="500"/>
				<integer name="Passengers" value="100"/>
				<boolean name="PlanesTransportationAbility" value="true"/>
				<float name="Range" value="14816."/>
				<integer name="Rank" value="1"/>
				<string name="SMU" value="Zeppelin"/>
				<float name="Speed" value="19."/>
				<float name="StoreCapacity" value="1600."/>
				<boolean name="Transportable" value="false"/>
				<float name="TurnRate" value="1.5e-003"/>
				<integer name="Type" value="0"/>
				<float name="Vitality" value="5000."/>
				<float name="VitalityAA" value="1200."/>
				<float name="Weight" value="29600."/>
				<integer name="Width" value="31"/>
				<integer name="Year" value="30"/>
			</object>
		</object>
		<object name="ShipsNames">
			<object name="Zeppelin">
				<string name="1" value="Graf_Zeppelin"/>
				<string name="2" value="Peter_Strasser"/>
			</object>
		</object>
		<object name="UnitsByType">
			<object name="0">
				<object name="Zeppelin">
					<string name="ChildTable" value="Ships"/>
				</object>
			</object>
		</object>
	</object>
</root>
