﻿<?xml version="1.0" standalone="yes" ?>
<root>
	<object name="Modifications">
		<object name="Ships">
			<object name="Zeppelin">
				<object name="Prototype">
					<string name="AAGunControl" value="Mark0_AA"/>
					<float name="AAVolleyWeight" value="19.5775967"/>
					<float name="Aluminium" value="0."/>
					<float name="AmmoWeight" value="491.43985"/>
					<float name="Armour" value="0."/>
					<float name="FuelConsumption" value="13.5980206"/>
					<float name="FuelProtect" value="0."/>
					<string name="FullModName" value="Ships.Zeppelin.Prototype"/>
					<float name="Iron" value="35228.543"/>
					<boolean name="IsAvailable" value="true"/>
					<boolean name="IsJammer" value="false"/>
					<string name="MainGunControl" value="Mk_7_M"/>
					<float name="MaxFuel" value="5775."/>
					<float name="MaxSpeed" value="35."/>
					<float name="MinSpeed" value="0."/>
					<float name="Money" value="29576."/>
					<widestring name="Name" value="RgBsAHUAZwB6AGUAdQBnAHQAcgDkAGcAZQByACAARwByAGEAZgAgAFoAZQBwAHAAZQBsAGkAbgA="/>
					<float name="RadarRange" value="0."/>
					<float name="RadioGain" value="32258.0645"/>
					<float name="RadioPowerHF" value="100."/>
					<float name="RadioPowerVHF" value="0."/>
					<float name="RadioSensitivityHF" value="3.10000009e-003"/>
					<float name="RadioSensitivityVHF" value="0."/>
					<object name="Slots">
						<object name="TPort_MGR1">
							<string name="Device" value="Zeppelin_SK1_150mm_Turret"/>
							<string name="Table" value="Turrets"/>
						</object>
						<object name="TPort_MGR2">
							<string name="Device" value="Zeppelin_SK1_150mm_Turret"/>
							<string name="Table" value="Turrets"/>
						</object>
						<object name="TPort_MGR3">
							<string name="Device" value="Zeppelin_SK1_150mm_Turret"/>
							<string name="Table" value="Turrets"/>
						</object>
						<object name="TPort_MGR4">
							<string name="Device" value="Zeppelin_SK1_150mm_Turret"/>
							<string name="Table" value="Turrets"/>
						</object>
						<object name="TPort_MGL1">
							<string name="Device" value="Zeppelin_SK1_150mm_Turret"/>
							<string name="Table" value="Turrets"/>
						</object>
						<object name="TPort_MGL2">
							<string name="Device" value="Zeppelin_SK1_150mm_Turret"/>
							<string name="Table" value="Turrets"/>
						</object>
						<object name="TPort_MGL3">
							<string name="Device" value="Zeppelin_SK1_150mm_Turret"/>
							<string name="Table" value="Turrets"/>
						</object>
						<object name="TPort_MGL4">
							<string name="Device" value="Zeppelin_SK1_150mm_Turret"/>
							<string name="Table" value="Turrets"/>
						</object>
						<object name="TPort_Sec1">
							<string name="Device" value="Bismark_FLAK1_105mm_SK_C33_Turret"/>
							<string name="Table" value="Turrets"/>
						</object>
						<object name="TPort_Sec2">
							<string name="Device" value="Bismark_FLAK1_105mm_SK_C33_Turret"/>
							<string name="Table" value="Turrets"/>
						</object>
						<object name="TPort_Sec3">
							<string name="Device" value="Bismark_FLAK1_105mm_SK_C33_Turret"/>
							<string name="Table" value="Turrets"/>
						</object>
						<object name="TPort_Sec4">
							<string name="Device" value="Bismark_FLAK1_105mm_SK_C33_Turret"/>
							<string name="Table" value="Turrets"/>
						</object>
						<object name="TPort_Sec5">
							<string name="Device" value="Bismark_FLAK1_105mm_SK_C33_Turret"/>
							<string name="Table" value="Turrets"/>
						</object>
						<object name="TPort_Sec6">
							<string name="Device" value="Bismark_FLAK1_105mm_SK_C33_Turret"/>
							<string name="Table" value="Turrets"/>
						</object>
						<object name="TPort_AA37mm01">
							<string name="Device" value="Bismark_FLAK3_37mm_SK_C30_Turret"/>
							<string name="Table" value="Turrets"/>
						</object>

						<object name="TPort_AA37mm02">
							<string name="Device" value="Bismark_FLAK3_37mm_SK_C30_Turret"/>
							<string name="Table" value="Turrets"/>
						</object>
						<object name="TPort_AA37mm03">
							<string name="Device" value="Bismark_FLAK3_37mm_SK_C30_Turret"/>
							<string name="Table" value="Turrets"/>
						</object>
						<object name="TPort_AA37mm04">
							<string name="Device" value="Bismark_FLAK3_37mm_SK_C30_Turret"/>
							<string name="Table" value="Turrets"/>
						</object>
						<object name="TPort_AA37mm05">
							<string name="Device" value="Bismark_FLAK3_37mm_SK_C30_Turret"/>
							<string name="Table" value="Turrets"/>
						</object>

						<object name="TPort_AA37mm06">
							<string name="Device" value="Bismark_FLAK3_37mm_SK_C30_Turret"/>
							<string name="Table" value="Turrets"/>
						</object>
						<object name="TPort_AA37mm07">
							<string name="Device" value="Bismark_FLAK3_37mm_SK_C30_Turret"/>
							<string name="Table" value="Turrets"/>
						</object>
						<object name="TPort_AA37mm08">
							<string name="Device" value="Bismark_FLAK3_37mm_SK_C30_Turret"/>
							<string name="Table" value="Turrets"/>
						</object>
						<object name="TPort_AA37mm09">
							<string name="Device" value="Bismark_FLAK3_37mm_SK_C30_Turret"/>
							<string name="Table" value="Turrets"/>
						</object>
						<object name="TPort_AA37mm10">
							<string name="Device" value="Bismark_FLAK3_37mm_SK_C30_Turret"/>
							<string name="Table" value="Turrets"/>
						</object>
						<object name="TPort_AA37mm11">
							<string name="Device" value="Bismark_FLAK3_37mm_SK_C30_Turret"/>
							<string name="Table" value="Turrets"/>
						</object>
						<object name="TPort_AAQ20mm01">
							<string name="Device" value="Bismark_FLAK4_20mm_MG_C38Quad_Turret"/>
							<string name="Table" value="Turrets"/>
						</object>
						<object name="TPort_AAQ20mm02">
							<string name="Device" value="Bismark_FLAK4_20mm_MG_C38Quad_Turret"/>
							<string name="Table" value="Turrets"/>
						</object>
						<object name="TPort_AAQ20mm03">
							<string name="Device" value="Bismark_FLAK4_20mm_MG_C38Quad_Turret"/>
							<string name="Table" value="Turrets"/>
						</object>
						<object name="TPort_AAQ20mm04">
							<string name="Device" value="Bismark_FLAK4_20mm_MG_C38Quad_Turret"/>
							<string name="Table" value="Turrets"/>
						</object>
						<object name="TPort_AAQ20mm05">
							<string name="Device" value="Bismark_FLAK4_20mm_MG_C38Quad_Turret"/>
							<string name="Table" value="Turrets"/>
						</object>
						<object name="TPort_AAQ20mm06">
							<string name="Device" value="Bismark_FLAK4_20mm_MG_C38Quad_Turret"/>
							<string name="Table" value="Turrets"/>
						</object>
						<object name="TPort_AAQ20mm07">
							<string name="Device" value="Bismark_FLAK4_20mm_MG_C38Quad_Turret"/>
							<string name="Table" value="Turrets"/>
						</object>
						<object name="TPort_AAQ20mm08">
							<string name="Device" value="Bismark_FLAK4_20mm_MG_C38Quad_Turret"/>
							<string name="Table" value="Turrets"/>
						</object>
						<object name="TPort_AAQ20mm09">
							<string name="Device" value="Bismark_FLAK4_20mm_MG_C38Quad_Turret"/>
							<string name="Table" value="Turrets"/>
						</object>
						<object name="TPort_AAQ20mm10">
							<string name="Device" value="Bismark_FLAK4_20mm_MG_C38Quad_Turret"/>
							<string name="Table" value="Turrets"/>
						</object>
						<object name="TPort_AAQ20mm11">
							<string name="Device" value="Bismark_FLAK4_20mm_MG_C38Quad_Turret"/>
							<string name="Table" value="Turrets"/>
						</object>
						<object name="TPort_AAQ20mm12">
							<string name="Device" value="Bismark_FLAK4_20mm_MG_C38Quad_Turret"/>
							<string name="Table" value="Turrets"/>
						</object>
						<object name="TPort_AAQ20mm13">
							<string name="Device" value="Bismark_FLAK4_20mm_MG_C38Quad_Turret"/>
							<string name="Table" value="Turrets"/>
						</object>
						<object name="TPort_AAQ20mm14">
							<string name="Device" value="Bismark_FLAK4_20mm_MG_C38Quad_Turret"/>
							<string name="Table" value="Turrets"/>
						</object>
						<object name="TPort_AAQ20mm15">
							<string name="Device" value="Bismark_FLAK4_20mm_MG_C38Quad_Turret"/>
							<string name="Table" value="Turrets"/>
						</object>
						<object name="TPort_AAQ20mm16">
							<string name="Device" value="Bismark_FLAK4_20mm_MG_C38Quad_Turret"/>
							<string name="Table" value="Turrets"/>
						</object>
						<object name="TPort_AAQ20mm17">
							<string name="Device" value="Bismark_FLAK4_20mm_MG_C38Quad_Turret"/>
							<string name="Table" value="Turrets"/>
						</object>
						<object name="TPort_AAQ20mm18">
							<string name="Device" value="Bismark_FLAK4_20mm_MG_C38Quad_Turret"/>
							<string name="Table" value="Turrets"/>
						</object>
						<object name="TPort_AAQ20mm19">
							<string name="Device" value="Bismark_FLAK4_20mm_MG_C38Quad_Turret"/>
							<string name="Table" value="Turrets"/>
						</object>
						<object name="TPort_AAQ20mm20">
							<string name="Device" value="Bismark_FLAK4_20mm_MG_C38Quad_Turret"/>
							<string name="Table" value="Turrets"/>
						</object>
						<object name="TPort_AAQ20mm21">
							<string name="Device" value="Bismark_FLAK4_20mm_MG_C38Quad_Turret"/>
							<string name="Table" value="Turrets"/>
						</object>
						<object name="TPort_AAQ20mm22">
							<string name="Device" value="Bismark_FLAK4_20mm_MG_C38Quad_Turret"/>
							<string name="Table" value="Turrets"/>
						</object>
						<object name="TPort_AAQ20mm23">
							<string name="Device" value="Bismark_FLAK4_20mm_MG_C38Quad_Turret"/>
							<string name="Table" value="Turrets"/>
						</object>
						<object name="TPort_AAQ20mm24">
							<string name="Device" value="Bismark_FLAK4_20mm_MG_C38Quad_Turret"/>
							<string name="Table" value="Turrets"/>
						</object>
						<object name="TPort_ProjF">
							<string name="Device" value="Bismark_Projector_Turret"/>
							<string name="Table" value="Turrets"/>
						</object>
						<object name="TPort_ProjB">
							<string name="Device" value="Bismark_Projector_Turret"/>
							<string name="Table" value="Turrets"/>
						</object>


						<object name="TPort_RF01">
							<string name="Device" value="Bismark_Rangefinder4mTypeSL_8V"/>
							<string name="Table" value="Turrets"/>
						</object>

						<object name="TPort_RF02">
							<string name="Device" value="Bismark_Rangefinder4mTypeSL_8V"/>
							<string name="Table" value="Turrets"/>
						</object>

						<object name="TPort_RF03">
							<string name="Device" value="Bismark_Rangefinder4mTypeSL_8V"/>
							<string name="Table" value="Turrets"/>
						</object>

						<object name="TPort_RF04">
							<string name="Device" value="Bismark_Rangefinder4mTypeSL_8V"/>
							<string name="Table" value="Turrets"/>
						</object>
						<object name="TPort_RF3mF">
							<string name="Device" value="Bismark_Rangefinder3m"/>
							<string name="Table" value="Turrets"/>
						</object>
						<object name="TPort_RF3mB">
							<string name="Device" value="Bismark_Rangefinder3m"/>
							<string name="Table" value="Turrets"/>
						</object>
						<object name="TPort_RFSR">
							<string name="Device" value="Bismark_RangefinderSmall"/>
							<string name="Table" value="Turrets"/>
						</object>
						<object name="TPort_RFSL">
							<string name="Device" value="Bismark_RangefinderSmall"/>
							<string name="Table" value="Turrets"/>
						</object>
						<object name="TPort_RADAR">
							<string name="Device" value="Bismark_Radar_FuMO_23_1V"/>
							<string name="Table" value="Turrets"/>
						</object>
						<object name="TPort_Airstrip">
							<string name="Device" value="Airstrip_Akagi"/>
							<string name="Table" value="Airstrip"/>
						</object>

						<object name="TPort_VINT1">
							<string name="Device" value="Vint_Bismark"/>
							<string name="Table" value="Turrets"/>
						</object>
						<object name="TPort_VINT2">
							<string name="Device" value="Vint_Bismark"/>
							<string name="Table" value="Turrets"/>
						</object>
						<object name="TPort_VINT3">
							<string name="Device" value="Vint_Bismark"/>
							<string name="Table" value="Turrets"/>
						</object>
						<object name="TPort_VINT4">
							<string name="Device" value="Vint_Bismark"/>
							<string name="Table" value="Turrets"/>
						</object>
						<object name="TPort_KRAN">
							<string name="Device" value="Zeppelin_Crane"/>
							<string name="Table" value="Turrets"/>
						</object>
						<object name="ZPort_AAGunContr1">
							<string name="Device" value="Mark0_AA"/>
							<string name="Table" value="AimSystems"/>
						</object>
						<object name="ZPort_Jammer_US_A1">
							<string name="Device" value=""/>
							<string name="Table" value="Probes"/>
						</object>
						<object name="ZPort_MainGunContr">
							<string name="Device" value="Mk_7_M"/>
							<string name="Table" value="AimSystems"/>
						</object>
						<object name="ZPort_Radio">
							<string name="Device" value="TBL7"/>
							<string name="Table" value="Probes"/>
						</object>
						<object name="ZPort_Sonar">
							<string name="Device" value=""/>
							<string name="Table" value="Probes"/>
						</object>
						<object name="ZPort_SteamTurbine_01">
							<string name="Device" value="MPP_Zeppelin"/>
							<string name="Table" value="Engins"/>
						</object>
					</object>
					<string name="Sonar" value=""/>
					<float name="Speed" value="19."/>
					<string name="SuperRifles" value=""/>
					<float name="VolleyWeight" value="8.46960068"/>
					<float name="Weight" value="32901.5781"/>
				</object>
				<object name="ai_43">
					<string name="AAGunControl" value="Mark1R_AA"/>
					<float name="AAVolleyWeight" value="19.5775967"/>
					<float name="Aluminium" value="0."/>
					<float name="AmmoWeight" value="491.43985"/>
					<float name="Armour" value="0."/>
					<float name="FuelConsumption" value="13.5980206"/>
					<float name="FuelProtect" value="0."/>
					<string name="FullModName" value="Ships.Zeppelin.ai_43"/>
					<float name="Iron" value="35228.1367"/>
					<boolean name="IsAvailable" value="false"/>
					<boolean name="IsJammer" value="false"/>
					<string name="MainGunControl" value="Mk_8R_M"/>
					<float name="MaxFuel" value="5775."/>
					<float name="MaxSpeed" value="35."/>
					<float name="MinSpeed" value="0."/>
					<float name="Money" value="29964."/>
					<widestring name="Name" value="RgBsAHUAZwB6AGUAdQBnAHQAcgDkAGcAZQByACAARwByAGEAZgAgAFoAZQBwAHAAZQBsAGkAbgRfAGEAaQA0ADMA"/>
					<float name="RadarRange" value="101.739784"/>
					<float name="RadioGain" value="10000."/>
					<float name="RadioPowerHF" value="0."/>
					<float name="RadioPowerVHF" value="50."/>
					<float name="RadioSensitivityHF" value="0."/>
					<float name="RadioSensitivityVHF" value="4.99999989e-003"/>
					<object name="Slots">
						<object name="TPort_MGR1">
							<string name="Device" value="Zeppelin_SK1_150mm_Turret"/>
							<string name="Table" value="Turrets"/>
						</object>
						<object name="TPort_MGR2">
							<string name="Device" value="Zeppelin_SK1_150mm_Turret"/>
							<string name="Table" value="Turrets"/>
						</object>
						<object name="TPort_MGR3">
							<string name="Device" value="Zeppelin_SK1_150mm_Turret"/>
							<string name="Table" value="Turrets"/>
						</object>
						<object name="TPort_MGR4">
							<string name="Device" value="Zeppelin_SK1_150mm_Turret"/>
							<string name="Table" value="Turrets"/>
						</object>
						<object name="TPort_MGL1">
							<string name="Device" value="Zeppelin_SK1_150mm_Turret"/>
							<string name="Table" value="Turrets"/>
						</object>
						<object name="TPort_MGL2">
							<string name="Device" value="Zeppelin_SK1_150mm_Turret"/>
							<string name="Table" value="Turrets"/>
						</object>
						<object name="TPort_MGL3">
							<string name="Device" value="Zeppelin_SK1_150mm_Turret"/>
							<string name="Table" value="Turrets"/>
						</object>
						<object name="TPort_MGL4">
							<string name="Device" value="Zeppelin_SK1_150mm_Turret"/>
							<string name="Table" value="Turrets"/>
						</object>
						<object name="TPort_Sec1">
							<string name="Device" value="Bismark_FLAK1_105mm_SK_C33_Turret"/>
							<string name="Table" value="Turrets"/>
						</object>
						<object name="TPort_Sec2">
							<string name="Device" value="Bismark_FLAK1_105mm_SK_C33_Turret"/>
							<string name="Table" value="Turrets"/>
						</object>
						<object name="TPort_Sec3">
							<string name="Device" value="Bismark_FLAK1_105mm_SK_C33_Turret"/>
							<string name="Table" value="Turrets"/>
						</object>
						<object name="TPort_Sec4">
							<string name="Device" value="Bismark_FLAK1_105mm_SK_C33_Turret"/>
							<string name="Table" value="Turrets"/>
						</object>
						<object name="TPort_Sec5">
							<string name="Device" value="Bismark_FLAK1_105mm_SK_C33_Turret"/>
							<string name="Table" value="Turrets"/>
						</object>
						<object name="TPort_Sec6">
							<string name="Device" value="Bismark_FLAK1_105mm_SK_C33_Turret"/>
							<string name="Table" value="Turrets"/>
						</object>
						<object name="TPort_AA37mm01">
							<string name="Device" value="Bismark_FLAK3_37mm_SK_C30_Turret"/>
							<string name="Table" value="Turrets"/>
						</object>

						<object name="TPort_AA37mm02">
							<string name="Device" value="Bismark_FLAK3_37mm_SK_C30_Turret"/>
							<string name="Table" value="Turrets"/>
						</object>
						<object name="TPort_AA37mm03">
							<string name="Device" value="Bismark_FLAK3_37mm_SK_C30_Turret"/>
							<string name="Table" value="Turrets"/>
						</object>
						<object name="TPort_AA37mm04">
							<string name="Device" value="Bismark_FLAK3_37mm_SK_C30_Turret"/>
							<string name="Table" value="Turrets"/>
						</object>
						<object name="TPort_AA37mm05">
							<string name="Device" value="Bismark_FLAK3_37mm_SK_C30_Turret"/>
							<string name="Table" value="Turrets"/>
						</object>

						<object name="TPort_AA37mm06">
							<string name="Device" value="Bismark_FLAK3_37mm_SK_C30_Turret"/>
							<string name="Table" value="Turrets"/>
						</object>
						<object name="TPort_AA37mm07">
							<string name="Device" value="Bismark_FLAK3_37mm_SK_C30_Turret"/>
							<string name="Table" value="Turrets"/>
						</object>
						<object name="TPort_AA37mm08">
							<string name="Device" value="Bismark_FLAK3_37mm_SK_C30_Turret"/>
							<string name="Table" value="Turrets"/>
						</object>
						<object name="TPort_AA37mm09">
							<string name="Device" value="Bismark_FLAK3_37mm_SK_C30_Turret"/>
							<string name="Table" value="Turrets"/>
						</object>
						<object name="TPort_AA37mm10">
							<string name="Device" value="Bismark_FLAK3_37mm_SK_C30_Turret"/>
							<string name="Table" value="Turrets"/>
						</object>
						<object name="TPort_AA37mm11">
							<string name="Device" value="Bismark_FLAK3_37mm_SK_C30_Turret"/>
							<string name="Table" value="Turrets"/>
						</object>
						<object name="TPort_AAQ20mm01">
							<string name="Device" value="Bismark_FLAK4_20mm_MG_C38Quad_Turret"/>
							<string name="Table" value="Turrets"/>
						</object>
						<object name="TPort_AAQ20mm02">
							<string name="Device" value="Bismark_FLAK4_20mm_MG_C38Quad_Turret"/>
							<string name="Table" value="Turrets"/>
						</object>
						<object name="TPort_AAQ20mm03">
							<string name="Device" value="Bismark_FLAK4_20mm_MG_C38Quad_Turret"/>
							<string name="Table" value="Turrets"/>
						</object>
						<object name="TPort_AAQ20mm04">
							<string name="Device" value="Bismark_FLAK4_20mm_MG_C38Quad_Turret"/>
							<string name="Table" value="Turrets"/>
						</object>
						<object name="TPort_AAQ20mm05">
							<string name="Device" value="Bismark_FLAK4_20mm_MG_C38Quad_Turret"/>
							<string name="Table" value="Turrets"/>
						</object>
						<object name="TPort_AAQ20mm06">
							<string name="Device" value="Bismark_FLAK4_20mm_MG_C38Quad_Turret"/>
							<string name="Table" value="Turrets"/>
						</object>
						<object name="TPort_AAQ20mm07">
							<string name="Device" value="Bismark_FLAK4_20mm_MG_C38Quad_Turret"/>
							<string name="Table" value="Turrets"/>
						</object>
						<object name="TPort_AAQ20mm08">
							<string name="Device" value="Bismark_FLAK4_20mm_MG_C38Quad_Turret"/>
							<string name="Table" value="Turrets"/>
						</object>
						<object name="TPort_AAQ20mm09">
							<string name="Device" value="Bismark_FLAK4_20mm_MG_C38Quad_Turret"/>
							<string name="Table" value="Turrets"/>
						</object>
						<object name="TPort_AAQ20mm10">
							<string name="Device" value="Bismark_FLAK4_20mm_MG_C38Quad_Turret"/>
							<string name="Table" value="Turrets"/>
						</object>
						<object name="TPort_AAQ20mm11">
							<string name="Device" value="Bismark_FLAK4_20mm_MG_C38Quad_Turret"/>
							<string name="Table" value="Turrets"/>
						</object>
						<object name="TPort_AAQ20mm12">
							<string name="Device" value="Bismark_FLAK4_20mm_MG_C38Quad_Turret"/>
							<string name="Table" value="Turrets"/>
						</object>
						<object name="TPort_AAQ20mm13">
							<string name="Device" value="Bismark_FLAK4_20mm_MG_C38Quad_Turret"/>
							<string name="Table" value="Turrets"/>
						</object>
						<object name="TPort_AAQ20mm14">
							<string name="Device" value="Bismark_FLAK4_20mm_MG_C38Quad_Turret"/>
							<string name="Table" value="Turrets"/>
						</object>
						<object name="TPort_AAQ20mm15">
							<string name="Device" value="Bismark_FLAK4_20mm_MG_C38Quad_Turret"/>
							<string name="Table" value="Turrets"/>
						</object>
						<object name="TPort_AAQ20mm16">
							<string name="Device" value="Bismark_FLAK4_20mm_MG_C38Quad_Turret"/>
							<string name="Table" value="Turrets"/>
						</object>
						<object name="TPort_AAQ20mm17">
							<string name="Device" value="Bismark_FLAK4_20mm_MG_C38Quad_Turret"/>
							<string name="Table" value="Turrets"/>
						</object>
						<object name="TPort_AAQ20mm18">
							<string name="Device" value="Bismark_FLAK4_20mm_MG_C38Quad_Turret"/>
							<string name="Table" value="Turrets"/>
						</object>
						<object name="TPort_AAQ20mm19">
							<string name="Device" value="Bismark_FLAK4_20mm_MG_C38Quad_Turret"/>
							<string name="Table" value="Turrets"/>
						</object>
						<object name="TPort_AAQ20mm20">
							<string name="Device" value="Bismark_FLAK4_20mm_MG_C38Quad_Turret"/>
							<string name="Table" value="Turrets"/>
						</object>
						<object name="TPort_AAQ20mm21">
							<string name="Device" value="Bismark_FLAK4_20mm_MG_C38Quad_Turret"/>
							<string name="Table" value="Turrets"/>
						</object>
						<object name="TPort_AAQ20mm22">
							<string name="Device" value="Bismark_FLAK4_20mm_MG_C38Quad_Turret"/>
							<string name="Table" value="Turrets"/>
						</object>
						<object name="TPort_AAQ20mm23">
							<string name="Device" value="Bismark_FLAK4_20mm_MG_C38Quad_Turret"/>
							<string name="Table" value="Turrets"/>
						</object>
						<object name="TPort_AAQ20mm24">
							<string name="Device" value="Bismark_FLAK4_20mm_MG_C38Quad_Turret"/>
							<string name="Table" value="Turrets"/>
						</object>
						<object name="TPort_ProjF">
							<string name="Device" value="Bismark_Projector_Turret"/>
							<string name="Table" value="Turrets"/>
						</object>
						<object name="TPort_ProjB">
							<string name="Device" value="Bismark_Projector_Turret"/>
							<string name="Table" value="Turrets"/>
						</object>


						<object name="TPort_RF01">
							<string name="Device" value="Radar_FuMOFX"/>
							<string name="Table" value="Turrets"/>
						</object>

						<object name="TPort_RF02">
							<string name="Device" value="Radar_FuMOFX"/>
							<string name="Table" value="Turrets"/>
						</object>

						<object name="TPort_RF03">
							<string name="Device" value="Radar_FuMOFX"/>
							<string name="Table" value="Turrets"/>
						</object>

						<object name="TPort_RF04">
							<string name="Device" value="Radar_FuMOFX"/>
							<string name="Table" value="Turrets"/>
						</object>
						<object name="TPort_RF3mF">
							<string name="Device" value="Bismark_Rangefinder3m"/>
							<string name="Table" value="Turrets"/>
						</object>
						<object name="TPort_RF3mB">
							<string name="Device" value="Bismark_Rangefinder3m"/>
							<string name="Table" value="Turrets"/>
						</object>
						<object name="TPort_RFSR">
							<string name="Device" value="Bismark_RangefinderSmall"/>
							<string name="Table" value="Turrets"/>
						</object>
						<object name="TPort_RFSL">
							<string name="Device" value="Bismark_RangefinderSmall"/>
							<string name="Table" value="Turrets"/>
						</object>
						<object name="TPort_RADAR">
							<string name="Device" value="Radar_FuMO213"/>
							<string name="Table" value="Turrets"/>
						</object>
						<object name="TPort_Airstrip">
							<string name="Device" value="Airstrip_Akagi"/>
							<string name="Table" value="Airstrip"/>
						</object>

						<object name="TPort_VINT1">
							<string name="Device" value="Vint_Bismark"/>
							<string name="Table" value="Turrets"/>
						</object>
						<object name="TPort_VINT2">
							<string name="Device" value="Vint_Bismark"/>
							<string name="Table" value="Turrets"/>
						</object>
						<object name="TPort_VINT3">
							<string name="Device" value="Vint_Bismark"/>
							<string name="Table" value="Turrets"/>
						</object>
						<object name="TPort_VINT4">
							<string name="Device" value="Vint_Bismark"/>
							<string name="Table" value="Turrets"/>
						</object>
						<object name="TPort_KRAN">
							<string name="Device" value="Zeppelin_Crane"/>
							<string name="Table" value="Turrets"/>
						</object>
						<object name="ZPort_AAGunContr1">
							<string name="Device" value="Mark1R_AA"/>
							<string name="Table" value="AimSystems"/>
						</object>
						<object name="ZPort_Jammer_US_A1">
							<string name="Device" value=""/>
							<string name="Table" value="Probes"/>
						</object>
						<object name="ZPort_MainGunContr">
							<string name="Device" value="Mk_8R_M"/>
							<string name="Table" value="AimSystems"/>
						</object>
						<object name="ZPort_Radio">
							<string name="Device" value="TBS"/>
							<string name="Table" value="Probes"/>
						</object>
						<object name="ZPort_Sonar">
							<string name="Device" value="SearchLight_U"/>
							<string name="Table" value="Probes"/>
						</object>
						<object name="ZPort_SteamTurbine_01">
							<string name="Device" value="MPP_Zeppelin"/>
							<string name="Table" value="Engins"/>
						</object>
					</object>
					<string name="Sonar" value="SearchLight_U"/>
					<float name="Speed" value="19."/>
					<string name="SuperRifles" value=""/>
					<float name="VolleyWeight" value="8.46960068"/>
					<float name="Weight" value="32909.2813"/>
				</object>	 
				<object name="ai_45">
					<string name="AAGunControl" value="Mark12R_AA"/>
					<float name="AAVolleyWeight" value="35.8571053"/>
					<float name="Aluminium" value="0."/>
					<float name="AmmoWeight" value="469.199951"/>
					<float name="Armour" value="0."/>
					<float name="FuelConsumption" value="13.5980206"/>
					<float name="FuelProtect" value="0."/>
					<string name="FullModName" value="Ships.Zeppelin.ai_45"/>
					<float name="Iron" value="35414.3086"/>
					<boolean name="IsAvailable" value="false"/>
					<boolean name="IsJammer" value="true"/>
					<string name="MainGunControl" value="Mk_8R_M"/>
					<float name="MaxFuel" value="5775."/>
					<float name="MaxSpeed" value="35."/>
					<float name="MinSpeed" value="0."/>
					<float name="Money" value="30252.5"/>
					<widestring name="Name" value="RgBsAHUAZwB6AGUAdQBnAHQAcgDkAGcAZQByACAARwByAGEAZgAgAFoAZQBwAHAAZQBsAGkAbgRfAGEAaQA0ADUA"/>
					<float name="RadarRange" value="101.739784"/>
					<float name="RadioGain" value="10000."/>
					<float name="RadioPowerHF" value="0."/>
					<float name="RadioPowerVHF" value="50."/>
					<float name="RadioSensitivityHF" value="0."/>
					<float name="RadioSensitivityVHF" value="4.99999989e-003"/>
					<object name="Slots">
						<object name="TPort_MGR1">
							<string name="Device" value="Zeppelin_SK1_150mm_Turret"/>
							<string name="Table" value="Turrets"/>
						</object>
						<object name="TPort_MGR2">
							<string name="Device" value="Zeppelin_SK1_150mm_Turret"/>
							<string name="Table" value="Turrets"/>
						</object>
						<object name="TPort_MGR3">
							<string name="Device" value="Zeppelin_SK1_150mm_Turret"/>
							<string name="Table" value="Turrets"/>
						</object>
						<object name="TPort_MGR4">
							<string name="Device" value="Zeppelin_SK1_150mm_Turret"/>
							<string name="Table" value="Turrets"/>
						</object>
						<object name="TPort_MGL1">
							<string name="Device" value="Zeppelin_SK1_150mm_Turret"/>
							<string name="Table" value="Turrets"/>
						</object>
						<object name="TPort_MGL2">
							<string name="Device" value="Zeppelin_SK1_150mm_Turret"/>
							<string name="Table" value="Turrets"/>
						</object>
						<object name="TPort_MGL3">
							<string name="Device" value="Zeppelin_SK1_150mm_Turret"/>
							<string name="Table" value="Turrets"/>
						</object>
						<object name="TPort_MGL4">
							<string name="Device" value="Zeppelin_SK1_150mm_Turret"/>
							<string name="Table" value="Turrets"/>
						</object>
						<object name="TPort_Sec1">
							<string name="Device" value="Turret_127_KM40"/>
							<string name="Table" value="Turrets"/>
						</object>
						<object name="TPort_Sec2">
							<string name="Device" value="Turret_127_KM40"/>
							<string name="Table" value="Turrets"/>
						</object>
						<object name="TPort_Sec3">
							<string name="Device" value="Turret_127_KM40"/>
							<string name="Table" value="Turrets"/>
						</object>
						<object name="TPort_Sec4">
							<string name="Device" value="Turret_127_KM40"/>
							<string name="Table" value="Turrets"/>
						</object>
						<object name="TPort_Sec5">
							<string name="Device" value="Turret_127_KM40"/>
							<string name="Table" value="Turrets"/>
						</object>
						<object name="TPort_Sec6">
							<string name="Device" value="Turret_127_KM40"/>
							<string name="Table" value="Turrets"/>
						</object>
						<object name="TPort_AA37mm01">
							<string name="Device" value="G_Bofors_20x8_Turret"/>
							<string name="Table" value="Turrets"/>
						</object>

						<object name="TPort_AA37mm02">
							<string name="Device" value="G_Bofors_20x8_Turret"/>
							<string name="Table" value="Turrets"/>
						</object>
						<object name="TPort_AA37mm03">
							<string name="Device" value="G_Bofors_20x8_Turret"/>
							<string name="Table" value="Turrets"/>
						</object>
						<object name="TPort_AA37mm04">
							<string name="Device" value="G_Bofors_20x8_Turret"/>
							<string name="Table" value="Turrets"/>
						</object>
						<object name="TPort_AA37mm05">
							<string name="Device" value="G_Bofors_20x8_Turret"/>
							<string name="Table" value="Turrets"/>
						</object>

						<object name="TPort_AA37mm06">
							<string name="Device" value="G_Bofors_20x8_Turret"/>
							<string name="Table" value="Turrets"/>
						</object>
						<object name="TPort_AA37mm07">
							<string name="Device" value="G_Bofors_20x8_Turret"/>
							<string name="Table" value="Turrets"/>
						</object>
						<object name="TPort_AA37mm08">
							<string name="Device" value="G_Bofors_20x8_Turret"/>
							<string name="Table" value="Turrets"/>
						</object>
						<object name="TPort_AA37mm09">
							<string name="Device" value="G_Bofors_20x8_Turret"/>
							<string name="Table" value="Turrets"/>
						</object>
						<object name="TPort_AA37mm10">
							<string name="Device" value="G_Bofors_20x8_Turret"/>
							<string name="Table" value="Turrets"/>
						</object>
						<object name="TPort_AA37mm11">
							<string name="Device" value="G_Bofors_20x8_Turret"/>
							<string name="Table" value="Turrets"/>
						</object>
						<object name="TPort_AAQ20mm01">
							<string name="Device" value="Bismark_FLAK4_20mm_MG_C38Quad_Turret"/>
							<string name="Table" value="Turrets"/>
						</object>
						<object name="TPort_AAQ20mm02">
							<string name="Device" value="Bismark_FLAK4_20mm_MG_C38Quad_Turret"/>
							<string name="Table" value="Turrets"/>
						</object>
						<object name="TPort_AAQ20mm03">
							<string name="Device" value="Bismark_FLAK4_20mm_MG_C38Quad_Turret"/>
							<string name="Table" value="Turrets"/>
						</object>
						<object name="TPort_AAQ20mm04">
							<string name="Device" value="Bismark_FLAK4_20mm_MG_C38Quad_Turret"/>
							<string name="Table" value="Turrets"/>
						</object>
						<object name="TPort_AAQ20mm05">
							<string name="Device" value="Bismark_FLAK4_20mm_MG_C38Quad_Turret"/>
							<string name="Table" value="Turrets"/>
						</object>
						<object name="TPort_AAQ20mm06">
							<string name="Device" value="Bismark_FLAK4_20mm_MG_C38Quad_Turret"/>
							<string name="Table" value="Turrets"/>
						</object>
						<object name="TPort_AAQ20mm07">
							<string name="Device" value="Bismark_FLAK4_20mm_MG_C38Quad_Turret"/>
							<string name="Table" value="Turrets"/>
						</object>
						<object name="TPort_AAQ20mm08">
							<string name="Device" value="Bismark_FLAK4_20mm_MG_C38Quad_Turret"/>
							<string name="Table" value="Turrets"/>
						</object>
						<object name="TPort_AAQ20mm09">
							<string name="Device" value="Bismark_FLAK4_20mm_MG_C38Quad_Turret"/>
							<string name="Table" value="Turrets"/>
						</object>
						<object name="TPort_AAQ20mm10">
							<string name="Device" value="Bismark_FLAK4_20mm_MG_C38Quad_Turret"/>
							<string name="Table" value="Turrets"/>
						</object>
						<object name="TPort_AAQ20mm11">
							<string name="Device" value="Bismark_FLAK4_20mm_MG_C38Quad_Turret"/>
							<string name="Table" value="Turrets"/>
						</object>
						<object name="TPort_AAQ20mm12">
							<string name="Device" value="Bismark_FLAK4_20mm_MG_C38Quad_Turret"/>
							<string name="Table" value="Turrets"/>
						</object>
						<object name="TPort_AAQ20mm13">
							<string name="Device" value="Bismark_FLAK4_20mm_MG_C38Quad_Turret"/>
							<string name="Table" value="Turrets"/>
						</object>
						<object name="TPort_AAQ20mm14">
							<string name="Device" value="Bismark_FLAK4_20mm_MG_C38Quad_Turret"/>
							<string name="Table" value="Turrets"/>
						</object>
						<object name="TPort_AAQ20mm15">
							<string name="Device" value="Bismark_FLAK4_20mm_MG_C38Quad_Turret"/>
							<string name="Table" value="Turrets"/>
						</object>
						<object name="TPort_AAQ20mm16">
							<string name="Device" value="Bismark_FLAK4_20mm_MG_C38Quad_Turret"/>
							<string name="Table" value="Turrets"/>
						</object>
						<object name="TPort_AAQ20mm17">
							<string name="Device" value="Bismark_FLAK4_20mm_MG_C38Quad_Turret"/>
							<string name="Table" value="Turrets"/>
						</object>
						<object name="TPort_AAQ20mm18">
							<string name="Device" value="Bismark_FLAK4_20mm_MG_C38Quad_Turret"/>
							<string name="Table" value="Turrets"/>
						</object>
						<object name="TPort_AAQ20mm19">
							<string name="Device" value="Bismark_FLAK4_20mm_MG_C38Quad_Turret"/>
							<string name="Table" value="Turrets"/>
						</object>
						<object name="TPort_AAQ20mm20">
							<string name="Device" value="Bismark_FLAK4_20mm_MG_C38Quad_Turret"/>
							<string name="Table" value="Turrets"/>
						</object>
						<object name="TPort_AAQ20mm21">
							<string name="Device" value="Bismark_FLAK4_20mm_MG_C38Quad_Turret"/>
							<string name="Table" value="Turrets"/>
						</object>
						<object name="TPort_AAQ20mm22">
							<string name="Device" value="Bismark_FLAK4_20mm_MG_C38Quad_Turret"/>
							<string name="Table" value="Turrets"/>
						</object>
						<object name="TPort_AAQ20mm23">
							<string name="Device" value="Bismark_FLAK4_20mm_MG_C38Quad_Turret"/>
							<string name="Table" value="Turrets"/>
						</object>
						<object name="TPort_AAQ20mm24">
							<string name="Device" value="Bismark_FLAK4_20mm_MG_C38Quad_Turret"/>
							<string name="Table" value="Turrets"/>
						</object>
						<object name="TPort_ProjF">
							<string name="Device" value="Bismark_Projector_Turret"/>
							<string name="Table" value="Turrets"/>
						</object>
						<object name="TPort_ProjB">
							<string name="Device" value="Bismark_Projector_Turret"/>
							<string name="Table" value="Turrets"/>
						</object>


						<object name="TPort_RF01">
							<string name="Device" value="Radar_FuMOFX"/>
							<string name="Table" value="Turrets"/>
						</object>

						<object name="TPort_RF02">
							<string name="Device" value="Radar_FuMOFX"/>
							<string name="Table" value="Turrets"/>
						</object>

						<object name="TPort_RF03">
							<string name="Device" value="Radar_FuMOFX"/>
							<string name="Table" value="Turrets"/>
						</object>

						<object name="TPort_RF04">
							<string name="Device" value="Radar_FuMOFX"/>
							<string name="Table" value="Turrets"/>
						</object>
						<object name="TPort_RF3mF">
							<string name="Device" value="Bismark_Rangefinder3m"/>
							<string name="Table" value="Turrets"/>
						</object>
						<object name="TPort_RF3mB">
							<string name="Device" value="Bismark_Rangefinder3m"/>
							<string name="Table" value="Turrets"/>
						</object>
						<object name="TPort_RFSR">
							<string name="Device" value="Bismark_RangefinderSmall"/>
							<string name="Table" value="Turrets"/>
						</object>
						<object name="TPort_RFSL">
							<string name="Device" value="Bismark_RangefinderSmall"/>
							<string name="Table" value="Turrets"/>
						</object>
						<object name="TPort_RADAR">
							<string name="Device" value="Radar_FuMO213"/>
							<string name="Table" value="Turrets"/>
						</object>
						<object name="TPort_Airstrip">
							<string name="Device" value="Airstrip_Akagi"/>
							<string name="Table" value="Airstrip"/>
						</object>

						<object name="TPort_VINT1">
							<string name="Device" value="Vint_Bismark"/>
							<string name="Table" value="Turrets"/>
						</object>
						<object name="TPort_VINT2">
							<string name="Device" value="Vint_Bismark"/>
							<string name="Table" value="Turrets"/>
						</object>
						<object name="TPort_VINT3">
							<string name="Device" value="Vint_Bismark"/>
							<string name="Table" value="Turrets"/>
						</object>
						<object name="TPort_VINT4">
							<string name="Device" value="Vint_Bismark"/>
							<string name="Table" value="Turrets"/>
						</object>
						<object name="TPort_KRAN">
							<string name="Device" value="Zeppelin_Crane"/>
							<string name="Table" value="Turrets"/>
						</object>
						<object name="ZPort_AAGunContr1">
							<string name="Device" value="Mark12R_AA"/>
							<string name="Table" value="AimSystems"/>
						</object>
						<object name="ZPort_Jammer_US_A1">
							<string name="Device" value="Jammer_US_A"/>
							<string name="Table" value="Probes"/>
						</object>
						<object name="ZPort_MainGunContr">
							<string name="Device" value="Mk_8R_M"/>
							<string name="Table" value="AimSystems"/>
						</object>
						<object name="ZPort_Radio">
							<string name="Device" value="TBS"/>
							<string name="Table" value="Probes"/>
						</object>
						<object name="ZPort_Sonar">
							<string name="Device" value="SearchLight_U"/>
							<string name="Table" value="Probes"/>
						</object>
						<object name="ZPort_SteamTurbine_01">
							<string name="Device" value="MPP_Zeppelin"/>
							<string name="Table" value="Engins"/>
						</object>
					</object>
					<string name="Sonar" value="SearchLight_U"/>
					<float name="Speed" value="19."/>
					<string name="SuperRifles" value=""/>
					<float name="VolleyWeight" value="11.4840012"/>
					<float name="Weight" value="32911.3555"/>
				</object>
			</object>
		</object>
	</object>
</root>