﻿<?xml version="1.0" standalone="yes" ?>
<root>
	<object name="Prototypes">
		<object name="Ships">
			<object name="Zeppelin">
				<object name="Slots">
					<object name="TPort_MGR1">
						<object name="SubSlots">
							<object name="TPort_MGR2">
								<integer name="icon_x" value="480"/>
								<integer name="icon_y" value="21"/>
							</object>
							<object name="TPort_MGR3">
								<integer name="icon_x" value="249"/>
								<integer name="icon_y" value="85"/>
							</object>
							<object name="TPort_MGR4">
								<integer name="icon_x" value="279"/>
								<integer name="icon_y" value="85"/>
							</object>
							<object name="TPort_MGL1">
								<integer name="icon_x" value="510"/>
								<integer name="icon_y" value="21"/>
							</object>
							<object name="TPort_MGL2">
								<integer name="icon_x" value="530"/>
								<integer name="icon_y" value="21"/>
							</object>
							<object name="TPort_MGL3">
								<integer name="icon_x" value="550"/>
								<integer name="icon_y" value="85"/>
							</object>
							<object name="TPort_MGL4">
								<integer name="icon_x" value="570"/>
								<integer name="icon_y" value="85"/>
							</object>
						</object>
						<integer name="icon_x" value="161"/>
						<integer name="icon_y" value="15"/>
					</object>
					<object name="TPort_AAQ20mm01">
						<object name="SubSlots">
							<object name="TPort_AAQ20mm03">
								<integer name="icon_x" value="420"/>
								<integer name="icon_y" value="191"/>
							</object>
							<object name="TPort_AAQ20mm05">
								<integer name="icon_x" value="420"/>
								<integer name="icon_y" value="191"/>
							</object>
							<object name="TPort_AAQ20mm07">
								<integer name="icon_x" value="420"/>
								<integer name="icon_y" value="191"/>
							</object>
							<object name="TPort_AAQ20mm09">
								<integer name="icon_x" value="420"/>
								<integer name="icon_y" value="191"/>
							</object>
							<object name="TPort_AAQ20mm11">
								<integer name="icon_x" value="420"/>
								<integer name="icon_y" value="191"/>
							</object>
							<object name="TPort_AAQ20mm13">
								<integer name="icon_x" value="420"/>
								<integer name="icon_y" value="191"/>
							</object>
							<object name="TPort_AAQ20mm15">
								<integer name="icon_x" value="420"/>
								<integer name="icon_y" value="191"/>
							</object>
							<object name="TPort_AAQ20mm17">
								<integer name="icon_x" value="420"/>
								<integer name="icon_y" value="191"/>
							</object>
							<object name="TPort_AAQ20mm19">
								<integer name="icon_x" value="420"/>
								<integer name="icon_y" value="191"/>
							</object>
							<object name="TPort_AAQ20mm21">
								<integer name="icon_x" value="420"/>
								<integer name="icon_y" value="191"/>
							</object>
							<object name="TPort_AAQ20mm23">
								<integer name="icon_x" value="420"/>
								<integer name="icon_y" value="191"/>
							</object>
						</object>
						<integer name="icon_x" value="22"/>
						<integer name="icon_y" value="91"/>
					</object>
					<object name="TPort_Sec1">
						<object name="SubSlots">
							<object name="TPort_Sec2">
								<integer name="icon_x" value="539"/>
								<integer name="icon_y" value="16"/>
							</object>
							<object name="TPort_Sec3">
								<integer name="icon_x" value="3"/>
								<integer name="icon_y" value="126"/>
							</object>
							<object name="TPort_Sec4">
								<integer name="icon_x" value="20"/>
								<integer name="icon_y" value="126"/>
							</object>
							<object name="TPort_Sec5">
								<integer name="icon_x" value="3"/>
								<integer name="icon_y" value="126"/>
							</object>
							<object name="TPort_Sec6">
								<integer name="icon_x" value="20"/>
								<integer name="icon_y" value="126"/>
							</object>
						</object>
						<integer name="icon_x" value="161"/>
						<integer name="icon_y" value="91"/>
					</object>
					<object name="TPort_AAQ20mm02">
						<object name="SubSlots">
							<object name="TPort_AAQ20mm04">
								<integer name="icon_x" value="225"/>
								<integer name="icon_y" value="119"/>
							</object>
							<object name="TPort_AAQ20mm06">
								<integer name="icon_x" value="180"/>
								<integer name="icon_y" value="332"/>
							</object>
							<object name="TPort_AAQ20mm08">
								<integer name="icon_x" value="236"/>
								<integer name="icon_y" value="304"/>
							</object>
							<object name="TPort_AAQ20mm10">
								<integer name="icon_x" value="255"/>
								<integer name="icon_y" value="331"/>
							</object>
							<object name="TPort_AAQ20mm12">
								<integer name="icon_x" value="310"/>
								<integer name="icon_y" value="335"/>
							</object>
							<object name="TPort_AAQ20mm14">
								<integer name="icon_x" value="378"/>
								<integer name="icon_y" value="337"/>
							</object>
							<object name="TPort_AAQ20mm16">
								<integer name="icon_x" value="110"/>
								<integer name="icon_y" value="22"/>
							</object>
							<object name="TPort_AAQ20mm18">
								<integer name="icon_x" value="378"/>
								<integer name="icon_y" value="337"/>
							</object>
							<object name="TPort_AAQ20mm20">
								<integer name="icon_x" value="110"/>
								<integer name="icon_y" value="22"/>
							</object>
							<object name="TPort_AAQ20mm22">
								<integer name="icon_x" value="378"/>
								<integer name="icon_y" value="337"/>
							</object>
							<object name="TPort_AAQ20mm24">
								<integer name="icon_x" value="110"/>
								<integer name="icon_y" value="22"/>
							</object>
						</object>
						<integer name="icon_x" value="275"/>
						<integer name="icon_y" value="91"/>
					</object>
					<object name="TPort_AA37mm01">
						<object name="SubSlots">
							<object name="TPort_AA37mm02">
								<integer name="icon_x" value="58"/>
								<integer name="icon_y" value="190"/>
							</object>
							<object name="TPort_AA37mm03">
								<integer name="icon_x" value="85"/>
								<integer name="icon_y" value="3"/>
							</object>
							<object name="TPort_AA37mm04">
								<integer name="icon_x" value="126"/>
								<integer name="icon_y" value="3"/>
							</object>
							<object name="TPort_AA37mm05">
								<integer name="icon_x" value="88"/>
								<integer name="icon_y" value="190"/>
							</object>
							<object name="TPort_AA37mm06">
								<integer name="icon_x" value="115"/>
								<integer name="icon_y" value="3"/>
							</object>
							<object name="TPort_AA37mm07">
								<integer name="icon_x" value="156"/>
								<integer name="icon_y" value="3"/>
							</object>
							<object name="TPort_AA37mm08">
								<integer name="icon_x" value="58"/>
								<integer name="icon_y" value="220"/>
							</object>
							<object name="TPort_AA37mm09">
								<integer name="icon_x" value="85"/>
								<integer name="icon_y" value="30"/>
							</object>
							<object name="TPort_AA37mm10">
								<integer name="icon_x" value="126"/>
								<integer name="icon_y" value="50"/>
							</object>
							<object name="TPort_AA37mm11">
								<integer name="icon_x" value="58"/>
								<integer name="icon_y" value="210"/>
							</object>
						</object>
						<integer name="icon_x" value="395"/>
						<integer name="icon_y" value="91"/>
					</object>
					<object name="TPort_RFSR">
						<object name="SubSlots">
							<object name="TPort_RFSL">
								<integer name="icon_x" value="333"/>
								<integer name="icon_y" value="146"/>
							</object>
						</object>
						<integer name="icon_x" value="100"/>
						<integer name="icon_y" value="185"/>
					</object>

					<object name="TPort_RF01">
						<object name="SubSlots">
							<object name="TPort_RF02">
								<integer name="icon_x" value="333"/>
								<integer name="icon_y" value="126"/>
							</object>
							<object name="TPort_RF03">
								<integer name="icon_x" value="335"/>
								<integer name="icon_y" value="126"/>
							</object>
							<object name="TPort_RF04">
								<integer name="icon_x" value="337"/>
								<integer name="icon_y" value="126"/>
							</object>
						</object>
						<integer name="icon_x" value="200"/>
						<integer name="icon_y" value="185"/>
					</object>
					<object name="TPort_RF3mF">
						<object name="SubSlots">
							<object name="TPort_RF3mB">
								<integer name="icon_x" value="495"/>
								<integer name="icon_y" value="126"/>
							</object>
						</object>
						<integer name="icon_x" value="400"/>
						<integer name="icon_y" value="185"/>
					</object>
					<object name="TPort_RADAR">
						<integer name="icon_x" value="180"/>
						<integer name="icon_y" value="260"/>
					</object>
					<object name="TPort_KRAN">
						<integer name="icon_x" value="512"/>
						<integer name="icon_y" value="258"/>
					</object>
					<object name="ZPort_AAGunContr1">
						<integer name="icon_x" value="14"/>
						<integer name="icon_y" value="185"/>
					</object>
					<object name="ZPort_Bridge">
						<integer name="icon_x" value="44"/>
						<integer name="icon_y" value="3"/>
					</object>
					<object name="ZPort_FuelTank">
						<integer name="icon_x" value="85"/>
						<integer name="icon_y" value="3"/>
					</object>
					<object name="ZPort_Jammer_JS_A">
						<integer name="icon_x" value="126"/>
						<integer name="icon_y" value="275"/>
					</object>
					<object name="ZPort_Jammer_US_A1">
						<integer name="icon_x" value="554"/>
						<integer name="icon_y" value="277"/>
					</object>
					<object name="ZPort_MainGunContr">
						<integer name="icon_x" value="14"/>
						<integer name="icon_y" value="275"/>
					</object>
					<object name="ZPort_Radio">
						<integer name="icon_x" value="100"/>
						<integer name="icon_y" value="275"/>
					</object>
					<object name="ZPort_Rudder">
						<integer name="icon_x" value="290"/>
						<integer name="icon_y" value="3"/>
					</object>
					<object name="ZPort_Sonar">
						<integer name="icon_x" value="555"/>
						<integer name="icon_y" value="340"/>
					</object>
					<object name="ZPort_Sonar1">
						<integer name="icon_x" value="500"/>
						<integer name="icon_y" value="340"/>
					</object>
					<object name="ZPort_SteamTurbine_01">
						<integer name="icon_x" value="279"/>
						<integer name="icon_y" value="348"/>
					</object>
				</object>
			</object>
		</object>
	</object>
</root>