﻿<?xml version="1.0" standalone="yes" ?>
<root>
	<object name="SteelMonstersParams">
		<object name="Ships">
			<object name="Taiho2">
				<float name="AccelRate" value="3.e-004"/>
				<string name="Airgroup" value="AircraftCarrier_Group_Taiho_japan"/>
				<integer name="AirplanesCount" value="130"/>
				<string name="AmmoLoadingTemplate" value="Ammo 500, BV_246_Frag_ST 10, BV_246_Com_ST 10, BV_246_Frag_SR 10, BV_246_Com_SR 10, Hs_293_R 20, Hs_293_P 20, Hs_293_ST 20, Torp_Jap_Mk91 50, Torp_Jap_Mk91_M_I 10, Torp_Jap_Mk91_A_SA 10"/>
				<integer name="Avia" value="2"/>
				<boolean name="BoatsTransportationAbility" value="false"/>
				<integer name="CabinArmor" value="20"/>
				<boolean name="CanBeChanged" value="true"/>
				<boolean name="CanUseTorpedos" value="false"/>
				<integer name="Country" value="2"/>
				<integer name="Crew" value="1751"/>
				<float name="CriticalCareen" value="37."/>
				<float name="CriticalDFT" value="2.1"/>
				<float name="CriticalDifferent" value="2.5"/>
				<float name="DisplacementMax" value="37270."/>
				<float name="DTimeProd" value="130."/>
				<float name="EPR" value="420."/>
				<float name="FireRisk" value="1000."/>
				<float name="Fuel" value="5700."/>
				<float name="HLShapeCoef" value="0.7"/>
				<integer name="HullArmorSide" value="150"/>
				<integer name="HullArmorTop" value="185"/>
				<float name="Iron" value="40000."/>
				<integer name="Length" value="260.6"/>
				<float name="MaxSpeed" value="33.0"/>
				<integer name="MinCrew" value="945"/>
				<float name="Money" value="35000."/>
				<string name="Name" value="Taiho2"/>
				<boolean name="New" value="false"/>
				<float name="NTimeProd" value="325."/>
				<integer name="Nuc_Dest_Prob" value="400"/>
				<integer name="Passengers" value="100"/>
				<boolean name="PlanesTransportationAbility" value="true"/>
				<float name="Range" value="18520."/>
				<integer name="Rank" value="1"/>
				<string name="SMU" value="Taiho2"/>
				<float name="Speed" value="18."/>
				<float name="StoreCapacity" value="1600."/>
				<boolean name="Transportable" value="false"/>
				<float name="TurnRate" value="1.5e-003"/>
				<integer name="Type" value="0"/>
				<float name="Vitality" value="4500."/>
				<float name="VitalityAA" value="1500."/>
				<float name="Weight" value="30250."/>
				<integer name="Width" value="27.4"/>
				<integer name="Year" value="43"/>
			</object>
        </object>
		<object name="Hit_Location">
			<object name="T2_3030">
				<integer name="Country" value="2"/>
				<float name="ER" value="400."/>
				<string name="Hull" value="Taiho2_FDeck"/>
				<string name="Name" value="Bow1_FlightDeck"/>
				<string name="TypHL" value="Hull"/>
				<string name="UnitName" value="Taiho2"/>
			</object>
			<object name="T2_3031">
				<integer name="Country" value="2"/>
				<float name="ER" value="400."/>
				<string name="Hull" value="Taiho2_FDeck"/>
				<string name="Name" value="Stern2_FlightDeck"/>
				<string name="TypHL" value="Hull"/>
				<string name="UnitName" value="Taiho2"/>
			</object>
			<object name="T2_3032">
				<string name="ConnectName" value="Tiller;"/>
				<integer name="Country" value="2"/>
				<float name="ER" value="400."/>
				<string name="Hull" value="Std_Rudder"/>
				<string name="Name" value="Rudder"/>
				<string name="TypHL" value="Rudder"/>
				<string name="UnitName" value="Taiho2"/>
			</object>
			<object name="T2_3033">
				<string name="ConnectName" value="Middle4_Engine3"/>
				<integer name="Country" value="2"/>
				<float name="ER" value="400."/>
				<string name="Hull" value="Std_Mover"/>
				<string name="Name" value="Mover3"/>
				<string name="TypHL" value="Mover"/>
				<string name="UnitName" value="Taiho2"/>
			</object>
			<object name="T2_3034">
				<string name="ConnectName" value="Middle4_Engine4"/>
				<integer name="Country" value="2"/>
				<float name="ER" value="400."/>
				<string name="Hull" value="Std_Mover"/>
				<string name="Name" value="Mover4"/>
				<string name="TypHL" value="Mover"/>
				<string name="UnitName" value="Taiho2"/>
			</object>
			<object name="T2_3056">
				<string name="ConnectName" value="Middle3_Engine2"/>
				<integer name="Country" value="2"/>
				<float name="ER" value="400."/>
				<string name="Hull" value="Std_Mover"/>
				<string name="Name" value="Mover2"/>
				<string name="TypHL" value="Mover"/>
				<string name="UnitName" value="Taiho2"/>
			</object>
			<object name="T2_3057">
				<string name="ConnectName" value="Middle3_Engine1"/>
				<integer name="Country" value="2"/>
				<float name="ER" value="400."/>
				<string name="Hull" value="Std_Mover"/>
				<string name="Name" value="Mover1"/>
				<string name="TypHL" value="Mover"/>
				<string name="UnitName" value="Taiho2"/>
			</object>
			<object name="T2_3058">
				<integer name="Country" value="2"/>
				<float name="ER" value="400."/>
				<string name="Hull" value="Std_UpperHull"/>
				<string name="Name" value="BattleCabine"/>
				<string name="TypHL" value="Hull"/>
				<string name="UnitName" value="Taiho2"/>
			</object>
			<object name="T2_3059">
				<integer name="Country" value="2"/>
				<float name="ER" value="400."/>
				<string name="Hull" value="Std_Hull"/>
				<string name="Name" value="OperationalControl"/>
				<string name="TypHL" value="Probe"/>
				<string name="UnitName" value="Taiho2"/>
			</object>
			<object name="T2_3060">
				<integer name="Country" value="2"/>
				<float name="ER" value="400."/>
				<string name="Hull" value="Std_Probe"/>
				<string name="Name" value="Probe_AA_Bow"/>
				<string name="TypHL" value="Probe"/>
				<string name="UnitName" value="Taiho2"/>
			</object>
			<object name="T2_3061">
				<integer name="Country" value="2"/>
				<float name="ER" value="400."/>
				<string name="Hull" value="Std_Probe"/>
				<string name="Name" value="Radio"/>
				<string name="TypHL" value="Probe"/>
				<string name="UnitName" value="Taiho2"/>
			</object>
			<object name="T2_3062">
				<integer name="Country" value="2"/>
				<float name="ER" value="400."/>
				<string name="Hull" value="Std_Probe"/>
				<string name="Name" value="Radar"/>
				<string name="TypHL" value="Probe"/>
				<string name="UnitName" value="Taiho2"/>
			</object>
			<object name="T2_3063">
				<integer name="Country" value="2"/>
				<float name="ER" value="400."/>
				<string name="Hull" value="Std_Probe"/>
				<string name="Name" value="Probe_AA_Stern"/>
				<string name="TypHL" value="Probe"/>
				<string name="UnitName" value="Taiho2"/>
			</object>
			<object name="T2_3064">
				<integer name="Country" value="2"/>
				<float name="ER" value="400."/>
				<string name="Hull" value="Std_Engine"/>
				<string name="Name" value="Elevator_Bow"/>
				<string name="TypHL" value="Hull"/>
				<string name="UnitName" value="Taiho2"/>
			</object>
			<object name="T2_3065">
				<integer name="Country" value="2"/>
				<float name="ER" value="400."/>
				<string name="Hull" value="Std_Bottom"/>
				<string name="Name" value="Bow1_Bottom"/>
				<string name="TypHL" value="Hull"/>
				<string name="UnitName" value="Taiho2"/>
			</object>
			<object name="T2_3066">
				<integer name="Country" value="2"/>
				<float name="ER" value="400."/>
				<string name="Hull" value="Std_Hull"/>
				<string name="Name" value="Bow1_LowerDeck"/>
				<string name="TypHL" value="Hull"/>
				<string name="UnitName" value="Taiho2"/>
			</object>
			<object name="T2_3067">
				<integer name="Country" value="2"/>
				<float name="ER" value="400."/>
				<string name="Hull" value="Std_Bottom"/>
				<string name="Name" value="Stern2_Bottom"/>
				<string name="TypHL" value="Hull"/>
				<string name="UnitName" value="Taiho2"/>
			</object>
			<object name="T2_3068">
				<integer name="Country" value="2"/>
				<float name="ER" value="400."/>
				<string name="Hull" value="Std_UpperHull"/>
				<string name="Name" value="Tiller"/>
				<string name="TypHL" value="Hull"/>
				<string name="UnitName" value="Taiho2"/>
			</object>
			<object name="T2_3069">
				<integer name="Country" value="2"/>
				<float name="ER" value="400."/>
				<string name="Hull" value="Std_Hull"/>
				<string name="Name" value="Bow1_HungurDeck"/>
				<string name="TypHL" value="Hull"/>
				<string name="UnitName" value="Taiho2"/>
			</object>
			<object name="T2_3070">
				<integer name="Country" value="2"/>
				<float name="ER" value="400."/>
				<string name="Hull" value="Std_Hull"/>
				<string name="Name" value="Stern2_HungurDeck"/>
				<string name="TypHL" value="Hull"/>
				<string name="UnitName" value="Taiho2"/>
			</object>
			<object name="T2_3072">
				<integer name="Country" value="2"/>
				<float name="ER" value="400."/>
				<string name="Hull" value="Taiho2_FDeck"/>
				<string name="Name" value="Middle2_FlightDeck"/>
				<string name="TypHL" value="Hull"/>
				<string name="UnitName" value="Taiho2"/>
			</object>
			<object name="T2_3073">
				<integer name="Country" value="2"/>
				<float name="ER" value="400."/>
				<string name="Hull" value="Std_Bottom"/>
				<string name="Name" value="Middle2_RBottom"/>
				<string name="TypHL" value="Hull"/>
				<string name="UnitName" value="Taiho2"/>
			</object>
			<object name="T2_3074">
				<integer name="Country" value="2"/>
				<float name="ER" value="400."/>
				<string name="Hull" value="Std_Bottom"/>
				<string name="Name" value="Middle2_LBottom"/>
				<string name="TypHL" value="Hull"/>
				<string name="UnitName" value="Taiho2"/>
			</object>
			<object name="T2_3076">
				<integer name="Country" value="2"/>
				<float name="ER" value="400."/>
				<string name="Hull" value="Taiho2_ADeck"/>
				<string name="Name" value="Middle2_LowerDeck"/>
				<string name="TypHL" value="Hull"/>
				<string name="UnitName" value="Taiho2"/>
			</object>
			<object name="T2_3077">
				<integer name="Country" value="2"/>
				<float name="ER" value="400."/>
				<string name="Hull" value="Std_Boiler"/>
				<string name="Name" value="Middle2_Boiler2"/>
				<string name="TypHL" value="Boiler"/>
				<string name="UnitName" value="Taiho2"/>
			</object>
			<object name="T2_3078">
				<integer name="Country" value="2"/>
				<float name="ER" value="400."/>
				<string name="Hull" value="Std_Boiler"/>
				<string name="Name" value="Middle2_Boiler1"/>
				<string name="TypHL" value="Boiler"/>
				<string name="UnitName" value="Taiho2"/>
			</object>
			<object name="T2_3079">
				<integer name="Country" value="2"/>
				<float name="ER" value="400."/>
				<string name="Hull" value="Taiho2_RBelt"/>
				<string name="Name" value="Middle2_RBelt"/>
				<string name="TypHL" value="Hull"/>
				<string name="UnitName" value="Taiho2"/>
			</object>
			<object name="T2_3080">
				<integer name="Country" value="2"/>
				<float name="ER" value="400."/>
				<string name="Hull" value="Std_LAMP"/>
				<string name="Name" value="Middle2_LAMP"/>
				<string name="TypHL" value="Hull"/>
				<string name="UnitName" value="Taiho2"/>
			</object>
			<object name="T2_3081">
				<integer name="Country" value="2"/>
				<float name="ER" value="400."/>
				<string name="Hull" value="Taiho2_LBelt"/>
				<string name="Name" value="Middle2_LBelt"/>
				<string name="TypHL" value="Hull"/>
				<string name="UnitName" value="Taiho2"/>
			</object>
			<object name="T2_3082">
				<integer name="Country" value="2"/>
				<float name="ER" value="400."/>
				<string name="Hull" value="Taiho2_HDeck"/>
				<string name="Name" value="Middle2_Hungurdeck"/>
				<string name="TypHL" value="Hull"/>
				<string name="UnitName" value="Taiho2"/>
			</object>
			<object name="T2_3083">
				<integer name="Country" value="2"/>
				<float name="ER" value="400."/>
				<string name="Hull" value="Std_AFuelTank"/>
				<string name="Name" value="Middle2_AFuelTank"/>
				<float name="Param_1" value="500."/>
				<string name="TypHL" value="FuelTank"/>
				<string name="UnitName" value="Taiho2"/>
			</object>
			<object name="T2_3085">
				<integer name="Country" value="2"/>
				<float name="ER" value="400."/>
				<string name="Hull" value="Taiho2_FDeck"/>
				<string name="Name" value="Middle1_FlightDeck"/>
				<string name="TypHL" value="Hull"/>
				<string name="UnitName" value="Taiho2"/>
			</object>
			<object name="T2_3086">
				<integer name="Country" value="2"/>
				<float name="ER" value="400."/>
				<string name="Hull" value="Std_Bottom"/>
				<string name="Name" value="Middle1_LBottom"/>
				<string name="TypHL" value="Hull"/>
				<string name="UnitName" value="Taiho2"/>
			</object>
			<object name="T2_3087">
				<integer name="Country" value="2"/>
				<float name="ER" value="400."/>
				<string name="Hull" value="Std_Bottom"/>
				<string name="Name" value="Middle1_RBottom"/>
				<string name="TypHL" value="Hull"/>
				<string name="UnitName" value="Taiho2"/>
			</object>
			<object name="T2_3088">
				<integer name="Country" value="2"/>
				<float name="ER" value="400."/>
				<string name="Hull" value="Std_LAMP"/>
				<string name="Name" value="Middle1_LAMP"/>
				<string name="TypHL" value="Hull"/>
				<string name="UnitName" value="Taiho2"/>
			</object>
			<object name="T2_3089">
				<integer name="Country" value="2"/>
				<float name="ER" value="400."/>
				<string name="Hull" value="Taiho2_ADeck"/>
				<string name="Name" value="Middle1_Lowerdeck"/>
				<string name="TypHL" value="Hull"/>
				<string name="UnitName" value="Taiho2"/>
			</object>
			<object name="T2_3090">
				<integer name="Country" value="2"/>
				<float name="ER" value="400."/>
				<string name="Hull" value="Std_Boiler"/>
				<string name="Name" value="Middle1_Boiler1"/>
				<string name="TypHL" value="Boiler"/>
				<string name="UnitName" value="Taiho2"/>
			</object>
			<object name="T2_3091">
				<integer name="Country" value="2"/>
				<float name="ER" value="400."/>
				<string name="Hull" value="Std_Boiler"/>
				<string name="Name" value="Middle1_Boiler2"/>
				<string name="TypHL" value="Boiler"/>
				<string name="UnitName" value="Taiho2"/>
			</object>
			<object name="T2_3092">
				<integer name="Country" value="2"/>
				<float name="ER" value="400."/>
				<string name="Hull" value="Taiho2_LBelt"/>
				<string name="Name" value="Middle1_LBELT"/>
				<string name="TypHL" value="Hull"/>
				<string name="UnitName" value="Taiho2"/>
			</object>
			<object name="T2_3093">
				<integer name="Country" value="2"/>
				<float name="ER" value="400."/>
				<string name="Hull" value="Taiho2_HDeck"/>
				<string name="Name" value="Middle1_HungurDeck"/>
				<string name="TypHL" value="Hull"/>
				<string name="UnitName" value="Taiho2"/>
			</object>
			<object name="T2_3094">
				<integer name="Country" value="2"/>
				<float name="ER" value="400."/>
				<string name="Hull" value="Std_AS_T1"/>
				<string name="Name" value="Middle1_AMmoStore"/>
				<float name="Param_1" value="0."/>
				<string name="TypHL" value="AmmoStore"/>
				<string name="UnitName" value="Taiho2"/>
			</object>
			<object name="T2_3095">
				<integer name="Country" value="2"/>
				<float name="ER" value="400."/>
				<string name="Hull" value="Std_RAMP"/>
				<string name="Name" value="Middle1_RAMP"/>
				<string name="TypHL" value="Hull"/>
				<string name="UnitName" value="Taiho2"/>
			</object>
			<object name="T2_3096">
				<integer name="Country" value="2"/>
				<float name="ER" value="400."/>
				<string name="Hull" value="Taiho2_RBelt"/>
				<string name="Name" value="Middle1_RBELT"/>
				<string name="TypHL" value="Hull"/>
				<string name="UnitName" value="Taiho2"/>
			</object>
			<object name="T2_3099">
				<integer name="Country" value="2"/>
				<float name="ER" value="400."/>
				<string name="Hull" value="Taiho2_FDeck"/>
				<string name="Name" value="Middle3_FlightDeck"/>
				<string name="TypHL" value="Hull"/>
				<string name="UnitName" value="Taiho2"/>
			</object>
			<object name="T2_3100">
				<integer name="Country" value="2"/>
				<float name="ER" value="400."/>
				<string name="Hull" value="Std_Bottom"/>
				<string name="Name" value="Middle3_LBottom"/>
				<string name="TypHL" value="Hull"/>
				<string name="UnitName" value="Taiho2"/>
			</object>
			<object name="T2_3101">
				<integer name="Country" value="2"/>
				<float name="ER" value="400."/>
				<string name="Hull" value="Std_Bottom"/>
				<string name="Name" value="Middle3_RBottom"/>
				<string name="TypHL" value="Hull"/>
				<string name="UnitName" value="Taiho2"/>
			</object>
			<object name="T2_3102">
				<integer name="Country" value="2"/>
				<float name="ER" value="400."/>
				<string name="Hull" value="Std_LAMP"/>
				<string name="Name" value="Middle3_LAMP"/>
				<string name="TypHL" value="Hull"/>
				<string name="UnitName" value="Taiho2"/>
			</object>
			<object name="T2_3103">
				<integer name="Country" value="2"/>
				<float name="ER" value="400."/>
				<string name="Hull" value="Taiho2_RBelt"/>
				<string name="Name" value="Middle3_RBELT"/>
				<string name="TypHL" value="Hull"/>
				<string name="UnitName" value="Taiho2"/>
			</object>
			<object name="T2_3105">
				<integer name="Country" value="2"/>
				<float name="ER" value="400."/>
				<string name="Hull" value="Taiho2_ADeck"/>
				<string name="Name" value="Middle3_LowerDeck"/>
				<string name="TypHL" value="Hull"/>
				<string name="UnitName" value="Taiho2"/>
			</object>
			<object name="T2_3106">
				<string name="ConnectName" value="Middle1_Boiler1"/>
				<integer name="Country" value="2"/>
				<float name="ER" value="400."/>
				<string name="Hull" value="Std_Engine"/>
				<string name="Name" value="Middle3_Engine1"/>
				<string name="TypHL" value="Engine"/>
				<string name="UnitName" value="Taiho2"/>
			</object>
			<object name="T2_3107">
				<string name="ConnectName" value="Middle1_Boiler2"/>
				<integer name="Country" value="2"/>
				<float name="ER" value="400."/>
				<string name="Hull" value="Std_Engine"/>
				<string name="Name" value="Middle3_Engine2"/>
				<string name="TypHL" value="Engine"/>
				<string name="UnitName" value="Taiho2"/>
			</object>
			<object name="T2_3108">
				<integer name="Country" value="2"/>
				<float name="ER" value="400."/>
				<string name="Hull" value="Taiho2_LBelt"/>
				<string name="Name" value="Middle3_LBELT"/>
				<string name="TypHL" value="Hull"/>
				<string name="UnitName" value="Taiho2"/>
			</object>
			<object name="T2_3109">
				<integer name="Country" value="2"/>
				<float name="ER" value="400."/>
				<string name="Hull" value="Taiho2_HDeck"/>
				<string name="Name" value="Middle3_HungurDeck"/>
				<string name="TypHL" value="Hull"/>
				<string name="UnitName" value="Taiho2"/>
			</object>
			<object name="T2_3110">
				<integer name="Country" value="2"/>
				<float name="ER" value="400."/>
				<string name="Hull" value="Std_AS_T1"/>
				<string name="Name" value="Middle3_AmmoStore"/>
				<float name="Param_1" value="0."/>
				<string name="TypHL" value="AmmoStore"/>
				<string name="UnitName" value="Taiho2"/>
			</object>
			<object name="T2_3112">
				<string name="ConnectName" value="Middle2_Boiler1"/>
				<integer name="Country" value="2"/>
				<float name="ER" value="400."/>
				<string name="Hull" value="Std_Engine"/>
				<string name="Name" value="Middle4_Engine3"/>
				<string name="TypHL" value="Engine"/>
				<string name="UnitName" value="Taiho2"/>
			</object>
			<object name="T2_3113">
				<integer name="Country" value="2"/>
				<float name="ER" value="400."/>
				<string name="Hull" value="Taiho2_FDeck"/>
				<string name="Name" value="Middle4_FlightDeck"/>
				<string name="TypHL" value="Hull"/>
				<string name="UnitName" value="Taiho2"/>
			</object>
			<object name="T2_3114">
				<integer name="Country" value="2"/>
				<float name="ER" value="400."/>
				<string name="Hull" value="Std_Bottom"/>
				<string name="Name" value="Middle4_LBottom"/>
				<string name="TypHL" value="Hull"/>
				<string name="UnitName" value="Taiho2"/>
			</object>
			<object name="T2_3115">
				<integer name="Country" value="2"/>
				<float name="ER" value="400."/>
				<string name="Hull" value="Std_LAMP"/>
				<string name="Name" value="Middle4_LAMP"/>
				<string name="TypHL" value="Hull"/>
				<string name="UnitName" value="Taiho2"/>
			</object>
			<object name="T2_3116">
				<integer name="Country" value="2"/>
				<float name="ER" value="400."/>
				<string name="Hull" value="Taiho2_ADeck"/>
				<string name="Name" value="Middle4_LowerDeck"/>
				<string name="TypHL" value="Hull"/>
				<string name="UnitName" value="Taiho2"/>
			</object>
			<object name="T2_3117">
				<string name="ConnectName" value="Middle2_Boiler2"/>
				<integer name="Country" value="2"/>
				<float name="ER" value="400."/>
				<string name="Hull" value="Std_Engine"/>
				<string name="Name" value="Middle4_Engine4"/>
				<string name="TypHL" value="Engine"/>
				<string name="UnitName" value="Taiho2"/>
			</object>
			<object name="T2_3118">
				<integer name="Country" value="2"/>
				<float name="ER" value="400."/>
				<string name="Hull" value="Std_RAMP"/>
				<string name="Name" value="Middle4_RAMP"/>
				<string name="TypHL" value="Hull"/>
				<string name="UnitName" value="Taiho2"/>
			</object>
			<object name="T2_3119">
				<integer name="Country" value="2"/>
				<float name="ER" value="400."/>
				<string name="Hull" value="Taiho2_HDeck"/>
				<string name="Name" value="Middle4_HungurDeck"/>
				<string name="TypHL" value="Hull"/>
				<string name="UnitName" value="Taiho2"/>
			</object>
			<object name="T2_3120">
				<integer name="Country" value="2"/>
				<float name="ER" value="400."/>
				<string name="Hull" value="Std_AFuelTank"/>
				<string name="Name" value="Middle4_AFuelTank"/>
				<float name="Param_1" value="500."/>
				<string name="TypHL" value="FuelTank"/>
				<string name="UnitName" value="Taiho2"/>
			</object>
			<object name="T2_3121">
				<integer name="Country" value="2"/>
				<float name="ER" value="400."/>
				<string name="Hull" value="Taiho2_RBelt"/>
				<string name="Name" value="Middle4_RBELT"/>
				<string name="TypHL" value="Hull"/>
				<string name="UnitName" value="Taiho2"/>
			</object>
			<object name="T2_3122">
				<integer name="Country" value="2"/>
				<float name="ER" value="400."/>
				<string name="Hull" value="Taiho2_LBelt"/>
				<string name="Name" value="Middle4_LBELT"/>
				<string name="TypHL" value="Hull"/>
				<string name="UnitName" value="Taiho2"/>
			</object>
			<object name="T2_3123">
				<integer name="Country" value="2"/>
				<float name="ER" value="400."/>
				<string name="Hull" value="Std_Bottom"/>
				<string name="Name" value="Middle4_RBottom"/>
				<string name="TypHL" value="Hull"/>
				<string name="UnitName" value="Taiho2"/>
			</object>
			<object name="T2_3125">
				<integer name="Country" value="2"/>
				<float name="ER" value="400."/>
				<string name="Hull" value="Std_Engine"/>
				<string name="Name" value="Elevator_Stern"/>
				<string name="TypHL" value="Hull"/>
				<string name="UnitName" value="Taiho2"/>
			</object>
			<object name="T2_3126">
				<integer name="Country" value="2"/>
				<float name="ER" value="400."/>
				<string name="Hull" value="Taiho2_FDeck"/>
				<string name="Name" value="Stern1_FlightDeck"/>
				<string name="TypHL" value="Hull"/>
				<string name="UnitName" value="Taiho2"/>
			</object>
			<object name="T2_3127">
				<integer name="Country" value="2"/>
				<float name="ER" value="400."/>
				<string name="Hull" value="Std_Bottom"/>
				<string name="Name" value="Stern1_Bottom"/>
				<string name="TypHL" value="Hull"/>
				<string name="UnitName" value="Taiho2"/>
			</object>
			<object name="T2_3128">
				<integer name="Country" value="2"/>
				<float name="ER" value="400."/>
				<string name="Hull" value="Std_LAMP"/>
				<string name="Name" value="Stern1_LAMP"/>
				<string name="TypHL" value="Hull"/>
				<string name="UnitName" value="Taiho2"/>
			</object>
			<object name="T2_3129">
				<integer name="Country" value="2"/>
				<float name="ER" value="400."/>
				<string name="Hull" value="Taiho2_HSDeck"/>
				<string name="Name" value="Stern1_HungurDeck"/>
				<string name="TypHL" value="Hull"/>
				<string name="UnitName" value="Taiho2"/>
			</object>
			<object name="T2_3130">
				<integer name="Country" value="2"/>
				<float name="ER" value="400."/>
				<string name="Hull" value="Taiho2_LSBelt"/>
				<string name="Name" value="Stern1_LBELT"/>
				<string name="TypHL" value="Hull"/>
				<string name="UnitName" value="Taiho2"/>
			</object>
			<object name="T2_3131">
				<integer name="Country" value="2"/>
				<float name="ER" value="400."/>
				<string name="Hull" value="Taiho2_RSBelt"/>
				<string name="Name" value="Stern1_RBELT"/>
				<string name="TypHL" value="Hull"/>
				<string name="UnitName" value="Taiho2"/>
			</object>
			<object name="T2_3132">
				<integer name="Country" value="2"/>
				<float name="ER" value="400."/>
				<string name="Hull" value="Std_RAMP"/>
				<string name="Name" value="Stern1_RAMP"/>
				<string name="TypHL" value="Hull"/>
				<string name="UnitName" value="Taiho2"/>
			</object>
			<object name="T2_3133">
				<integer name="Country" value="2"/>
				<float name="ER" value="400."/>
				<string name="Hull" value="Taiho2_ASDeck"/>
				<string name="Name" value="Stern1_LowerDeck"/>
				<string name="TypHL" value="Hull"/>
				<string name="UnitName" value="Taiho2"/>
			</object>
			<object name="T2_3135">
				<integer name="Country" value="2"/>
				<float name="ER" value="400."/>
				<string name="Hull" value="Taiho2_FDeck"/>
				<string name="Name" value="Bow2_FlightDeck"/>
				<string name="TypHL" value="Hull"/>
				<string name="UnitName" value="Taiho2"/>
			</object>
			<object name="T2_3136">
				<integer name="Country" value="2"/>
				<float name="ER" value="400."/>
				<string name="Hull" value="Std_Bottom"/>
				<string name="Name" value="Bow2_RBottom"/>
				<string name="TypHL" value="Hull"/>
				<string name="UnitName" value="Taiho2"/>
			</object>
			<object name="T2_3137">
				<integer name="Country" value="2"/>
				<float name="ER" value="400."/>
				<string name="Hull" value="Std_Bottom"/>
				<string name="Name" value="Bow2_LBottom"/>
				<string name="TypHL" value="Hull"/>
				<string name="UnitName" value="Taiho2"/>
			</object>
			<object name="T2_3138">
				<integer name="Country" value="2"/>
				<float name="ER" value="400."/>
				<string name="Hull" value="Taiho2_ABDeck"/>
				<string name="Name" value="Bow2_LowerDeck"/>
				<string name="TypHL" value="Hull"/>
				<string name="UnitName" value="Taiho2"/>
			</object>
			<object name="T2_3139">
				<integer name="Country" value="2"/>
				<float name="ER" value="400."/>
				<string name="Hull" value="Std_LAMP"/>
				<string name="Name" value="Bow2_LAMP"/>
				<string name="TypHL" value="Hull"/>
				<string name="UnitName" value="Taiho2"/>
			</object>
			<object name="T2_3140">
				<integer name="Country" value="2"/>
				<float name="ER" value="400."/>
				<string name="Hull" value="Taiho2_LBBelt"/>
				<string name="Name" value="Bow2_LBELT"/>
				<string name="TypHL" value="Hull"/>
				<string name="UnitName" value="Taiho2"/>
			</object>
			<object name="T2_3141">
				<integer name="Country" value="2"/>
				<float name="ER" value="400."/>
				<string name="Hull" value="Std_RAMP"/>
				<string name="Name" value="Bow1_RAMP"/>
				<string name="TypHL" value="Hull"/>
				<string name="UnitName" value="Taiho2"/>
			</object>
			<object name="T2_3142">
				<integer name="Country" value="2"/>
				<float name="ER" value="400."/>
				<string name="Hull" value="Taiho2_RBBelt"/>
				<string name="Name" value="Bow2_RBELT"/>
				<string name="TypHL" value="Hull"/>
				<string name="UnitName" value="Taiho2"/>
			</object>
			<object name="T2_3143">
				<integer name="Country" value="2"/>
				<float name="ER" value="400."/>
				<string name="Hull" value="Taiho2_HBDeck"/>
				<string name="Name" value="Bow2_HungurDeck"/>
				<string name="TypHL" value="Hull"/>
				<string name="UnitName" value="Taiho2"/>
			</object>
			<object name="T2_3144">
				<integer name="Country" value="2"/>
				<float name="ER" value="400."/>
				<string name="Hull" value="Std_AFuelTank"/>
				<string name="Name" value="Bow2_AFuelTank"/>
				<float name="Param_1" value="500."/>
				<string name="TypHL" value="FuelTank"/>
				<string name="UnitName" value="Taiho2"/>
			</object>
			<object name="T2_7710">
				<integer name="Country" value="2"/>
				<float name="ER" value="400."/>
				<string name="Hull" value="Std_RAMP"/>
				<string name="Name" value="Middle2_RAMP"/>
				<string name="TypHL" value="Hull"/>
				<string name="UnitName" value="Taiho2"/>
			</object>
			<object name="T2_7711">
				<integer name="Country" value="2"/>
				<float name="ER" value="400."/>
				<string name="Hull" value="Std_RAMP"/>
				<string name="Name" value="Middle3_RAMP"/>
				<string name="TypHL" value="Hull"/>
				<string name="UnitName" value="Taiho2"/>
			</object>
			<object name="T2_9280">
				<integer name="Country" value="2"/>
				<integer name="Crew" value="500"/>
				<float name="ER" value="400."/>
				<string name="Hull" value="Std_Hull"/>
				<string name="Name" value="ConingBridge"/>
				<string name="TypHL" value="Crew"/>
				<string name="UnitName" value="Taiho2"/>
			</object>
			<object name="T2_9281">
				<integer name="Country" value="2"/>
				<float name="ER" value="400."/>
				<string name="Hull" value="Std_Hull"/>
				<string name="Name" value="Superstructure1"/>
				<string name="TypHL" value="Hull"/>
				<string name="UnitName" value="Taiho2"/>
			</object>
			<object name="T2_9282">
				<integer name="Country" value="2"/>
				<integer name="Crew" value="500"/>
				<float name="ER" value="400."/>
				<string name="Hull" value="Std_Hull"/>
				<string name="Name" value="Superstructure2"/>
				<string name="TypHL" value="Crew"/>
				<string name="UnitName" value="Taiho2"/>
			</object>
			<object name="T2_9283">
				<integer name="Country" value="2"/>
				<integer name="Crew" value="500"/>
				<float name="ER" value="400."/>
				<string name="Hull" value="Std_Hull"/>
				<string name="Name" value="Superstructure3"/>
				<string name="TypHL" value="Crew"/>
				<string name="UnitName" value="Taiho2"/>
			</object>
			<object name="T2_9284">
				<integer name="Country" value="2"/>
				<float name="ER" value="400."/>
				<string name="Hull" value="Std_Hull"/>
				<string name="Name" value="Superstructure_4"/>
				<string name="TypHL" value="Hull"/>
				<string name="UnitName" value="Taiho2"/>
			</object>
			<object name="T2_9285">
				<integer name="Country" value="2"/>
				<float name="ER" value="400."/>
				<string name="Hull" value="Std_Hull"/>
				<string name="Name" value="SmokeStack"/>
				<string name="TypHL" value="Hull"/>
				<string name="UnitName" value="Taiho2"/>
			</object>
		</object>
		<object name="Hulls">
			<object name="Taiho2_ABDeck">
				<integer name="Back" value="10"/>
				<integer name="Bottom" value="5"/>
				<integer name="Country" value="2"/>
				<float name="ExplProb" value="0."/>
				<float name="FireProb" value="0."/>
				<integer name="Front" value="155"/>
				<integer name="Left" value="10"/>
				<string name="Material" value="Armored"/>
				<integer name="Right" value="10"/>
				<integer name="Top" value="125"/>
				<integer name="UnitName" value="0"/>
				<string name="UnitTyp" value="Ship"/>
			</object>
			<object name="Taiho2_ADeck">
				<integer name="Back" value="10"/>
				<integer name="Bottom" value="5"/>
				<integer name="Country" value="2"/>
				<float name="ExplProb" value="0."/>
				<float name="FireProb" value="0."/>
				<integer name="Front" value="10"/>
				<integer name="Left" value="10"/>
				<string name="Material" value="Armored"/>
				<integer name="Right" value="10"/>
				<integer name="Top" value="125"/>
				<integer name="UnitName" value="0"/>
				<string name="UnitTyp" value="Ship"/>
			</object>
			<object name="Taiho2_ASDeck">
				<integer name="Back" value="155"/>
				<integer name="Bottom" value="5"/>
				<integer name="Country" value="2"/>
				<float name="ExplProb" value="0."/>
				<float name="FireProb" value="0."/>
				<integer name="Front" value="10"/>
				<integer name="Left" value="10"/>
				<string name="Material" value="Armored"/>
				<integer name="Right" value="10"/>
				<integer name="Top" value="125"/>
				<integer name="UnitName" value="0"/>
				<string name="UnitTyp" value="Ship"/>
			</object>
			<object name="Taiho2_FDeck">
				<integer name="Back" value="78"/>
				<integer name="Bottom" value="10"/>
				<integer name="Country" value="2"/>
				<float name="ExplProb" value="0."/>
				<float name="FireProb" value="0."/>
				<integer name="Front" value="78"/>
				<integer name="Left" value="78"/>
				<string name="Material" value="Armored"/>
				<integer name="Right" value="78"/>
				<integer name="Top" value="78"/>
				<integer name="UnitName" value="0"/>
				<string name="UnitTyp" value="Ship"/>
			</object>
			<object name="Taiho2_HBDeck">
				<integer name="Back" value="10"/>
				<integer name="Bottom" value="10"/>
				<integer name="Country" value="2"/>
				<float name="ExplProb" value="0."/>
				<float name="FireProb" value="15."/>
				<integer name="Front" value="55"/>
				<integer name="Left" value="55"/>
				<string name="Material" value="Armored"/>
				<integer name="Right" value="55"/>
				<integer name="Top" value="55"/>
				<integer name="UnitName" value="0"/>
				<string name="UnitTyp" value="Ship"/>
			</object>
			<object name="Taiho2_HDeck">
				<integer name="Back" value="10"/>
				<integer name="Bottom" value="10"/>
				<integer name="Country" value="2"/>
				<float name="ExplProb" value="0."/>
				<float name="FireProb" value="15."/>
				<integer name="Front" value="10"/>
				<integer name="Left" value="55"/>
				<string name="Material" value="Armored"/>
				<integer name="Right" value="55"/>
				<integer name="Top" value="55"/>
				<integer name="UnitName" value="0"/>
				<string name="UnitTyp" value="Ship"/>
			</object>
			<object name="Taiho2_HSDeck">
				<integer name="Back" value="55"/>
				<integer name="Bottom" value="10"/>
				<integer name="Country" value="2"/>
				<float name="ExplProb" value="0."/>
				<float name="FireProb" value="15."/>
				<integer name="Front" value="10"/>
				<integer name="Left" value="55"/>
				<string name="Material" value="Armored"/>
				<integer name="Right" value="55"/>
				<integer name="Top" value="55"/>
				<integer name="UnitName" value="0"/>
				<string name="UnitTyp" value="Ship"/>
			</object>
			<object name="Taiho2_LBBelt">
				<integer name="Back" value="10"/>
				<integer name="Bottom" value="10"/>
				<integer name="Country" value="2"/>
				<float name="ExplProb" value="0."/>
				<float name="FireProb" value="0."/>
				<integer name="Front" value="55"/>
				<integer name="Left" value="55"/>
				<string name="Material" value="Armored"/>
				<integer name="Right" value="10"/>
				<integer name="Top" value="25"/>
				<integer name="UnitName" value="0"/>
				<string name="UnitTyp" value="Ship"/>
			</object>
			<object name="Taiho2_LBelt">
				<integer name="Back" value="10"/>
				<integer name="Bottom" value="10"/>
				<integer name="Country" value="2"/>
				<float name="ExplProb" value="0."/>
				<float name="FireProb" value="0."/>
				<integer name="Front" value="10"/>
				<integer name="Left" value="150"/>
				<string name="Material" value="Armored"/>
				<integer name="Right" value="10"/>
				<integer name="Top" value="125"/>
				<integer name="UnitName" value="0"/>
				<string name="UnitTyp" value="Ship"/>
			</object>
			<object name="Taiho2_LSBelt">
				<integer name="Back" value="55"/>
				<integer name="Bottom" value="10"/>
				<integer name="Country" value="2"/>
				<float name="ExplProb" value="0."/>
				<float name="FireProb" value="0."/>
				<integer name="Front" value="10"/>
				<integer name="Left" value="55"/>
				<string name="Material" value="Armored"/>
				<integer name="Right" value="10"/>
				<integer name="Top" value="25"/>
				<integer name="UnitName" value="0"/>
				<string name="UnitTyp" value="Ship"/>
			</object>
			<object name="Taiho2_RBBelt">
				<integer name="Back" value="10"/>
				<integer name="Bottom" value="10"/>
				<integer name="Country" value="2"/>
				<float name="ExplProb" value="0."/>
				<float name="FireProb" value="0."/>
				<integer name="Front" value="55"/>
				<integer name="Left" value="10"/>
				<string name="Material" value="Armored"/>
				<integer name="Right" value="55"/>
				<integer name="Top" value="25"/>
				<integer name="UnitName" value="0"/>
				<string name="UnitTyp" value="Ship"/>
			</object>
			<object name="Taiho2_RBelt">
				<integer name="Back" value="10"/>
				<integer name="Bottom" value="10"/>
				<integer name="Country" value="2"/>
				<float name="ExplProb" value="0."/>
				<float name="FireProb" value="0."/>
				<integer name="Front" value="10"/>
				<integer name="Left" value="10"/>
				<string name="Material" value="Armored"/>
				<integer name="Right" value="150"/>
				<integer name="Top" value="125"/>
				<integer name="UnitName" value="0"/>
				<string name="UnitTyp" value="Ship"/>
			</object>
			<object name="Taiho2_RSBelt">
				<integer name="Back" value="55"/>
				<integer name="Bottom" value="10"/>
				<integer name="Country" value="2"/>
				<float name="ExplProb" value="0."/>
				<float name="FireProb" value="0."/>
				<integer name="Front" value="10"/>
				<integer name="Left" value="10"/>
				<string name="Material" value="Armored"/>
				<integer name="Right" value="55"/>
				<integer name="Top" value="25"/>
				<integer name="UnitName" value="0"/>
				<string name="UnitTyp" value="Ship"/>
			</object>
		</object>
		<object name="ShipsNames">
			<object name = "Taiho2">
				<string name = "1" value = "Taiho2"/>
			</object>
		</object>
		<object name="UnitsByType">
			<object name="0">
				<object name="Taiho2">
					<string name="ChildTable" value="Ships"/>
				</object>
			</object>
		</object>
	</object>
</root>
