﻿<?xml version="1.0" standalone="yes" ?>
<root>
	<object name="SteelMonstersParams">
		<object name="Hit_Location">
			<object name="IJN203casemate">
				<integer name="Country" value="2"/>
				<float name="ER" value="20."/>
				<string name="Hull" value="Std_Guns"/>
				<string name="Name" value="Turret"/>
				<string name="TypHL" value="Hull"/>
				<string name="UnitName" value="1x203mmGun_casemate_turret_IJN"/>
			</object>
		</object>
		<object name="Rifles">
			<object name="1x203mmGun_casemate_turret_IJN_Stvol">
				<float name="AARange" value="0."/>
				<string name="Ammo" value="Proj_203_J"/>
				<integer name="AmmoStorage" value="120"/>
				<float name="AmmoWeight" value="125.85"/>
				<string name="ArmPiercing" value="Proj_203_J_AP"/>
				<float name="Caliber" value="203."/>
				<string name="Common" value="Proj_203_J_Com"/>
				<integer name="Country" value="2"/>
				<float name="Dispersion" value="8."/>
				<integer name="FinalSpeed" value="396"/>
				<string name="FireSound" value="Guns\203mm"/>
				<boolean name="IgnoreXMLFile" value="false"/>
				<float name="Money" value="9.2"/>
				<boolean name="New" value="false"/>
				<float name="ROF" value="4."/>
				<float name="Range" value="29.4"/>
				<boolean name="SLLauncher" value="false"/>
				<string name="SMU_File" value="1x203mmGun_casemate_turret_IJN_Stvol"/>
				<integer name="StartSpeed" value="840"/>
				<integer name="Unreliability" value="0"/>
				<string name="Usage" value="Ships"/>
				<float name="Weight" value="18.7"/>
			</object>
		</object>
		<object name="Turrets">
			<object name="1x203mmGun_casemate_turret_IJN">
				<integer name="Amount" value="2"/>
				<integer name="ArmorFront" value="25"/>
				<integer name="ArmorSide" value="25"/>
				<integer name="ArmorTop" value="25"/>
				<string name="Content" value="Rifles.1x203mmGun_casemate_turret_IJN_Stvol"/>
				<integer name="Country" value="2"/>
				<integer name="Elevation" value="30"/>
				<integer name="ElevationRate" value="8"/>
				<boolean name="IgnoreXMLFile" value="false"/>
				<float name="Iron" value="19."/>
				<float name="Money" value="20."/>
				<boolean name="New" value="true"/>
				<boolean name="Production" value="false"/>
				<integer name="RotationRate" value="6"/>
				<string name="SMU_File" value="1x203mmGun_casemate_turret_IJN"/>
				<string name="Type" value="Gun"/>
				<float name="Vitality" value="500."/>
				<float name="Weight" value="13.375"/>
			</object>
		</object>
	</object>
</root>
