﻿<?xml version="1.0" standalone="yes" ?>
<root>
	<object name="Prototypes">
		<object name="Ships">
			<object name="Gorizia">
				<object name="Slots">
					<object name="TPort_MG01">
						<object name="SubSlots">
							<object name="TPort_MG02">
								<integer name="icon_x" value="480"/>
								<integer name="icon_y" value="21"/>
							</object>
							<object name="TPort_MG03">
								<integer name="icon_x" value="249"/>
								<integer name="icon_y" value="85"/>
							</object>
							<object name="TPort_MG04">
								<integer name="icon_x" value="260"/>
								<integer name="icon_y" value="85"/>
							</object>
						</object>
						<integer name="icon_x" value="161"/>
						<integer name="icon_y" value="15"/>
					</object>
					<object name="TPort_SecFR">
						<object name="SubSlots">
							<object name="TPort_SecFL">
								<integer name="icon_x" value="539"/>
								<integer name="icon_y" value="16"/>
							</object>
							<object name="TPort_SecFMR">
								<integer name="icon_x" value="461"/>
								<integer name="icon_y" value="39"/>
							</object>
							<object name="TPort_SecFML">
								<integer name="icon_x" value="3"/>
								<integer name="icon_y" value="126"/>
							</object>
							<object name="TPort_SecBMR">
								<integer name="icon_x" value="461"/>
								<integer name="icon_y" value="39"/>
							</object>
							<object name="TPort_SecBML">
								<integer name="icon_x" value="3"/>
								<integer name="icon_y" value="126"/>
							</object>
							<object name="TPort_SecBR">
								<integer name="icon_x" value="461"/>
								<integer name="icon_y" value="39"/>
							</object>
							<object name="TPort_SecBL">
								<integer name="icon_x" value="3"/>
								<integer name="icon_y" value="126"/>
							</object>
						</object>
						<integer name="icon_x" value="161"/>
						<integer name="icon_y" value="91"/>
					</object>
					<object name="TPort_AA20mmFR">
						<object name="SubSlots">
							<object name="TPort_AA20mmFL">
								<integer name="icon_x" value="225"/>
								<integer name="icon_y" value="119"/>
							</object>
							</object>
						<integer name="icon_x" value="275"/>
						<integer name="icon_y" value="91"/>
					</object>
					<object name="TPort_AA20mmBR">
						<object name="SubSlots">
							<object name="TPort_AA20mmBL">
								<integer name="icon_x" value="225"/>
								<integer name="icon_y" value="119"/>
							</object>
						</object>
						<integer name="icon_x" value="500"/>
						<integer name="icon_y" value="91"/>
					</object>
					<object name="TPort_AA37FR">
						<object name="SubSlots">
							<object name="TPort_AA37FL">
								<integer name="icon_x" value="58"/>
								<integer name="icon_y" value="190"/>
							</object>
							<object name="TPort_AA37FMR">
								<integer name="icon_x" value="398"/>
								<integer name="icon_y" value="158"/>
							</object>
							<object name="TPort_AA37FML">
								<integer name="icon_x" value="44"/>
								<integer name="icon_y" value="3"/>
							</object>
							<object name="TPort_AA37BMR">
								<integer name="icon_x" value="398"/>
								<integer name="icon_y" value="158"/>
							</object>
							<object name="TPort_AA37BML">
								<integer name="icon_x" value="44"/>
								<integer name="icon_y" value="3"/>
							</object>
							<object name="TPort_AA37BR">
								<integer name="icon_x" value="85"/>
								<integer name="icon_y" value="3"/>
							</object>
							<object name="TPort_AA37BL">
								<integer name="icon_x" value="126"/>
								<integer name="icon_y" value="3"/>
							</object>
						</object>
						<integer name="icon_x" value="395"/>
						<integer name="icon_y" value="91"/>
					</object>
					<object name="TPort_RFSFR">
						<object name="SubSlots">
							<object name="TPort_RFSFL">
								<integer name="icon_x" value="333"/>
								<integer name="icon_y" value="146"/>
							</object>
							<object name="TPort_RFSBR">
								<integer name="icon_x" value="335"/>
								<integer name="icon_y" value="146"/>
							</object>
							<object name="TPort_RFSBL">
								<integer name="icon_x" value="337"/>
								<integer name="icon_y" value="146"/>
							</object>
						</object>
						<integer name="icon_x" value="100"/>
						<integer name="icon_y" value="185"/>
					</object>

					<object name="TPort_RF01FR">
						<object name="SubSlots">
							<object name="TPort_RF02FL">
								<integer name="icon_x" value="333"/>
								<integer name="icon_y" value="126"/>
							</object>
							<object name="TPort_RF03BR">
								<integer name="icon_x" value="335"/>
								<integer name="icon_y" value="126"/>
							</object>
							<object name="TPort_RF04BL">
								<integer name="icon_x" value="335"/>
								<integer name="icon_y" value="126"/>
							</object>
						</object>
						<integer name="icon_x" value="400"/>
						<integer name="icon_y" value="185"/>
					</object>
					<object name="TPort_RF4mF">
						<integer name="icon_x" value="300"/>
						<integer name="icon_y" value="185"/>
					</object>
					<object name="TPort_RF3mF">
						<object name="SubSlots">
							<object name="TPort_RF3mB">
								<integer name="icon_x" value="495"/>
								<integer name="icon_y" value="126"/>
							</object>
						</object>
						<integer name="icon_x" value="550"/>
						<integer name="icon_y" value="140"/>
					</object>
					<object name="TPort_RADAR1">
						<integer name="icon_x" value="180"/>
						<integer name="icon_y" value="200"/>
					</object>
					<object name="TPort_RADAR2">
						<integer name="icon_x" value="400"/>
						<integer name="icon_y" value="262"/>
					</object>
					<object name="TPort_RADAR3">
						<integer name="icon_x" value="500"/>
						<integer name="icon_y" value="262"/>
					</object>
					<object name="TPort_KATAPULT">
						<integer name="icon_x" value="372"/>
						<integer name="icon_y" value="258"/>
					</object>
					<object name="ZPort_AAGunContr1">
						<integer name="icon_x" value="14"/>
						<integer name="icon_y" value="185"/>
					</object>
					<object name="ZPort_Bridge">
						<integer name="icon_x" value="44"/>
						<integer name="icon_y" value="3"/>
					</object>
					<object name="ZPort_FuelTank">
						<integer name="icon_x" value="85"/>
						<integer name="icon_y" value="3"/>
					</object>
					<object name="ZPort_Jammer_JS_A">
						<integer name="icon_x" value="126"/>
						<integer name="icon_y" value="275"/>
					</object>
					<object name="ZPort_Jammer_US_A1">
						<integer name="icon_x" value="554"/>
						<integer name="icon_y" value="277"/>
					</object>
					<object name="ZPort_MainGunContr">
						<integer name="icon_x" value="14"/>
						<integer name="icon_y" value="275"/>
					</object>
					<object name="ZPort_Radio">
						<integer name="icon_x" value="130"/>
						<integer name="icon_y" value="275"/>
					</object>
					<object name="ZPort_Rudder">
						<integer name="icon_x" value="290"/>
						<integer name="icon_y" value="3"/>
					</object>
					<object name="ZPort_Sonar">
						<integer name="icon_x" value="555"/>
						<integer name="icon_y" value="340"/>
					</object>
					<object name="ZPort_Sonar1">
						<integer name="icon_x" value="500"/>
						<integer name="icon_y" value="340"/>
					</object>
					<object name="ZPort_SteamTurbine_01">
						<integer name="icon_x" value="279"/>
						<integer name="icon_y" value="348"/>
					</object>
				</object>
			</object>
		</object>
	</object>
</root>