﻿<?xml version="1.0" standalone="yes" ?>
<root>
	<object name="Prototypes">
		<object name="Ships">
			<object name="Norfolk">
				<object name="Slots">
					<object name="TPort_Anton">
						<object name="SubSlots">
							<object name="TPort_Bruno">
								<integer name="icon_x" value="480"/>
								<integer name="icon_y" value="21"/>
							</object> 
							<object name="TPort_Cesar">
								<integer name="icon_x" value="480"/>
								<integer name="icon_y" value="21"/>
							</object>
							<object name="TPort_Dora">
								<integer name="icon_x" value="249"/>
								<integer name="icon_y" value="85"/>
							</object>
						</object>
						<integer name="icon_x" value="161"/>
						<integer name="icon_y" value="15"/>
					</object>
					<object name="TPort_TORPR">
						<object name="SubSlots">
							<object name="TPort_TORPL">
								<object name="SubSlots"/>
								<integer name="icon_x" value="272"/>
								<integer name="icon_y" value="16"/>
							</object>
						</object>
						<integer name="icon_x" value="498"/>
						<integer name="icon_y" value="15"/>
					</object>

					<object name="TPort_102mmFR">
						<object name="SubSlots">
							<object name="TPort_102mmFL">
								<object name="SubSlots"/>
								<integer name="icon_x" value="539"/>
								<integer name="icon_y" value="16"/>
							</object>
						</object>
						<integer name="icon_x" value="161"/>
						<integer name="icon_y" value="91"/>
					</object>
					<object name="TPort_AAQFR">
						<object name="SubSlots">
							<object name="TPort_AAQFL">
								<integer name="icon_x" value="420"/>
								<integer name="icon_y" value="191"/>
							</object> 
						</object>
						<integer name="icon_x" value="22"/>
						<integer name="icon_y" value="91"/>
					</object>
					<object name="TPort_AA20mmF1R">
						<object name="SubSlots">
							<object name="TPort_AA20mmF1L">
								<object name="SubSlots"/>
								<integer name="icon_x" value="225"/>
								<integer name="icon_y" value="119"/>
							</object>
							<object name="TPort_AA20mmF2R">
								<integer name="icon_x" value="180"/>
								<integer name="icon_y" value="332"/>
							</object>
							<object name="TPort_AA20mmF2L">
								<integer name="icon_x" value="236"/>
								<integer name="icon_y" value="304"/>
							</object>
							<object name="TPort_AA20mmF3R">
								<integer name="icon_x" value="180"/>
								<integer name="icon_y" value="332"/>
							</object>
							<object name="TPort_AA20mmF3L">
								<integer name="icon_x" value="236"/>
								<integer name="icon_y" value="304"/>
							</object>
							<object name="TPort_AA20mmF4R">
								<integer name="icon_x" value="180"/>
								<integer name="icon_y" value="332"/>
							</object>
							<object name="TPort_AA20mmF4L">
								<integer name="icon_x" value="236"/>
								<integer name="icon_y" value="304"/>
							</object>
							<object name="TPort_AA20mmF5R">
								<integer name="icon_x" value="180"/>
								<integer name="icon_y" value="332"/>
							</object>
							<object name="TPort_AA20mmF5L">
								<integer name="icon_x" value="236"/>
								<integer name="icon_y" value="304"/>
							</object>
						</object>
						<integer name="icon_x" value="275"/>
						<integer name="icon_y" value="91"/>
					</object>
					<object name="TPort_AA40mmFR">
						<object name="SubSlots">
							<object name="TPort_AA40mmFL">
								<integer name="icon_x" value="58"/>
								<integer name="icon_y" value="190"/>
							</object>
						</object>
						<integer name="icon_x" value="395"/>
						<integer name="icon_y" value="91"/>
					</object>
					<object name="TPort_RF01FR">
						<object name="SubSlots">
							<object name="TPort_RF01FL">
								<integer name="icon_x" value="333"/>
								<integer name="icon_y" value="126"/>
							</object>
							<object name="TPort_RF02B">
								<integer name="icon_x" value="333"/>
								<integer name="icon_y" value="126"/>
							</object>
						</object>
						<integer name="icon_x" value="200"/>
						<integer name="icon_y" value="185"/>
					</object>
					<object name="TPort_KATAPULT">
						<integer name="icon_x" value="300"/>
						<integer name="icon_y" value="200"/>
					</object>
					<object name="TPort_RADAR3">
						<integer name="icon_x" value="400"/>
						<integer name="icon_y" value="185"/>
					</object>
					<object name="TPort_RADAR1">
						<integer name="icon_x" value="180"/>
						<integer name="icon_y" value="260"/>
					</object>
					<object name="TPort_RADAR2">
						<integer name="icon_x" value="400"/>
						<integer name="icon_y" value="262"/>
					</object>
					<object name="ZPort_AAGunContr1">
						<integer name="icon_x" value="14"/>
						<integer name="icon_y" value="185"/>
					</object>
					<object name="ZPort_Bridge">
						<integer name="icon_x" value="44"/>
						<integer name="icon_y" value="3"/>
					</object>
					<object name="ZPort_FuelTank">
						<integer name="icon_x" value="85"/>
						<integer name="icon_y" value="3"/>
					</object>
					<object name="ZPort_Jammer_JS_A">
						<integer name="icon_x" value="126"/>
						<integer name="icon_y" value="275"/>
					</object>
					<object name="ZPort_Jammer_US_A1">
						<integer name="icon_x" value="554"/>
						<integer name="icon_y" value="277"/>
					</object>
					<object name="ZPort_MainGunContr">
						<integer name="icon_x" value="14"/>
						<integer name="icon_y" value="275"/>
					</object>
					<object name="ZPort_Radio">
						<integer name="icon_x" value="100"/>
						<integer name="icon_y" value="275"/>
					</object>
					<object name="ZPort_Rudder">
						<integer name="icon_x" value="290"/>
						<integer name="icon_y" value="3"/>
					</object>
					<object name="ZPort_Sonar">
						<integer name="icon_x" value="555"/>
						<integer name="icon_y" value="340"/>
					</object>
					<object name="ZPort_Sonar1">
						<integer name="icon_x" value="500"/>
						<integer name="icon_y" value="340"/>
					</object>
					<object name="ZPort_SteamTurbine_01">
						<integer name="icon_x" value="279"/>
						<integer name="icon_y" value="348"/>
					</object>
				</object>
			</object>
		</object>
	</object>
</root>