﻿<?xml version="1.0" standalone="yes" ?>
<root>
	<object name="Modifications">
		<object name="Ships">
			<object name="Aquila">
				<object name="Prototype">
					<string name="AAGunControl" value="Mark0_AA"/>
					<float name="AAVolleyWeight" value="14.1681585"/>
					<float name="Aluminium" value="0."/>
					<float name="AmmoWeight" value="302.43988"/>
					<float name="Armour" value="0."/>
					<float name="FuelConsumption" value="26.8444481"/>
					<float name="FuelProtect" value="0."/>
					<string name="FullModName" value="Ships.Aquila.Prototype"/>
					<float name="Iron" value="35236.543"/>
					<boolean name="IsAvailable" value="true"/>
					<boolean name="IsJammer" value="false"/>
					<string name="MainGunControl" value="Mk_7_M"/>
					<float name="MaxFuel" value="3660."/>
					<float name="MaxSpeed" value="30."/>
					<float name="MinSpeed" value="0."/>
					<float name="Money" value="29533."/>
					<widestring name="Name" value="UABvAHIAdABhAGUAcgBlAGkAIABBAHEAdQBpAGwAYQA="/>
					<float name="RadarRange" value="0."/>
					<float name="RadioGain" value="32258.0645"/>
					<float name="RadioPowerHF" value="100."/>
					<float name="RadioPowerVHF" value="50."/>
					<float name="RadioSensitivityHF" value="3.10000009e-003"/>
					<float name="RadioSensitivityVHF" value="0."/>
					<object name="Slots">
						<object name="TPort_135mmFR1">
							<string name="Device" value="RM_135mm_Gun"/>
							<string name="Table" value="Turrets"/>
						</object>
						<object name="TPort_135mmFR2">
							<string name="Device" value="RM_135mm_Gun"/>
							<string name="Table" value="Turrets"/>
						</object>
						<object name="TPort_135mmFL1">
							<string name="Device" value="RM_135mm_Gun"/>
							<string name="Table" value="Turrets"/>
						</object>
						<object name="TPort_135mmFL2">
							<string name="Device" value="RM_135mm_Gun"/>
							<string name="Table" value="Turrets"/>
						</object>
						<object name="TPort_135mmBR1">
							<string name="Device" value="RM_135mm_Gun"/>
							<string name="Table" value="Turrets"/>
						</object>
						<object name="TPort_135mmBR2">
							<string name="Device" value="RM_135mm_Gun"/>
							<string name="Table" value="Turrets"/>
						</object>
						<object name="TPort_135mmBL1">
							<string name="Device" value="RM_135mm_Gun"/>
							<string name="Table" value="Turrets"/>
						</object>
						<object name="TPort_135mmBL2">
							<string name="Device" value="RM_135mm_Gun"/>
							<string name="Table" value="Turrets"/>
						</object>
						<object name="TPort_SecFR">
							<string name="Device" value="Bismark_FLAK1_105mm_SK_C33_Turret"/>
							<string name="Table" value="Turrets"/>
						</object>
						<object name="TPort_SecFL">
							<string name="Device" value="Bismark_FLAK1_105mm_SK_C33_Turret"/>
							<string name="Table" value="Turrets"/>
						</object>
						<object name="TPort_SecBR">
							<string name="Device" value="Bismark_FLAK1_105mm_SK_C33_Turret"/>
							<string name="Table" value="Turrets"/>
						</object>
						<object name="TPort_SecBL">
							<string name="Device" value="Bismark_FLAK1_105mm_SK_C33_Turret"/>
							<string name="Table" value="Turrets"/>
						</object>
						<object name="TPort_AAQ20mmF">
							<string name="Device" value="Bismark_FLAK4_20mm_MG_C38Quad_Turret"/>
							<string name="Table" value="Turrets"/>
						</object>
						<object name="TPort_AAQ20mmR1">
							<string name="Device" value="Bismark_FLAK4_20mm_MG_C38Quad_Turret"/>
							<string name="Table" value="Turrets"/>
						</object>
						<object name="TPort_AAQ20mmR2">
							<string name="Device" value="Bismark_FLAK4_20mm_MG_C38Quad_Turret"/>
							<string name="Table" value="Turrets"/>
						</object>
						<object name="TPort_AAQ20mmR3">
							<string name="Device" value="Bismark_FLAK4_20mm_MG_C38Quad_Turret"/>
							<string name="Table" value="Turrets"/>
						</object>
						<object name="TPort_AAQ20mmR4">
							<string name="Device" value="Bismark_FLAK4_20mm_MG_C38Quad_Turret"/>
							<string name="Table" value="Turrets"/>
						</object>
						<object name="TPort_AAQ20mmR5">
							<string name="Device" value="Bismark_FLAK4_20mm_MG_C38Quad_Turret"/>
							<string name="Table" value="Turrets"/>
						</object>
						<object name="TPort_AAQ20mmR6">
							<string name="Device" value="Bismark_FLAK4_20mm_MG_C38Quad_Turret"/>
							<string name="Table" value="Turrets"/>
						</object>
						<object name="TPort_AAQ20mmR7">
							<string name="Device" value="Bismark_FLAK4_20mm_MG_C38Quad_Turret"/>
							<string name="Table" value="Turrets"/>
						</object>
						<object name="TPort_AAQ20mmR8">
							<string name="Device" value="Bismark_FLAK4_20mm_MG_C38Quad_Turret"/>
							<string name="Table" value="Turrets"/>
						</object>
						<object name="TPort_AAQ20mmR9">
							<string name="Device" value="Bismark_FLAK4_20mm_MG_C38Quad_Turret"/>
							<string name="Table" value="Turrets"/>
						</object>
						<object name="TPort_AAQ20mmR10">
							<string name="Device" value="Bismark_FLAK4_20mm_MG_C38Quad_Turret"/>
							<string name="Table" value="Turrets"/>
						</object>
						<object name="TPort_AAQ20mmR11">
							<string name="Device" value="Bismark_FLAK4_20mm_MG_C38Quad_Turret"/>
							<string name="Table" value="Turrets"/>
						</object>
						<object name="TPort_AAQ20mmR12">
							<string name="Device" value="Bismark_FLAK4_20mm_MG_C38Quad_Turret"/>
							<string name="Table" value="Turrets"/>
						</object>
						<object name="TPort_AAQ20mmR13">
							<string name="Device" value="Bismark_FLAK4_20mm_MG_C38Quad_Turret"/>
							<string name="Table" value="Turrets"/>
						</object>
						<object name="TPort_AAQ20mmR14">
							<string name="Device" value="Bismark_FLAK4_20mm_MG_C38Quad_Turret"/>
							<string name="Table" value="Turrets"/>
						</object>
						<object name="TPort_AAQ20mmR15">
							<string name="Device" value="Bismark_FLAK4_20mm_MG_C38Quad_Turret"/>
							<string name="Table" value="Turrets"/>
						</object>
						<object name="TPort_AAQ20mmR16">
							<string name="Device" value="Bismark_FLAK4_20mm_MG_C38Quad_Turret"/>
							<string name="Table" value="Turrets"/>
						</object>
						<object name="TPort_AAQ20mmL1">
							<string name="Device" value="Bismark_FLAK4_20mm_MG_C38Quad_Turret"/>
							<string name="Table" value="Turrets"/>
						</object>
						<object name="TPort_AAQ20mmL2">
							<string name="Device" value="Bismark_FLAK4_20mm_MG_C38Quad_Turret"/>
							<string name="Table" value="Turrets"/>
						</object>
						<object name="TPort_AAQ20mmL3">
							<string name="Device" value="Bismark_FLAK4_20mm_MG_C38Quad_Turret"/>
							<string name="Table" value="Turrets"/>
						</object>
						<object name="TPort_AAQ20mmL4">
							<string name="Device" value="Bismark_FLAK4_20mm_MG_C38Quad_Turret"/>
							<string name="Table" value="Turrets"/>
						</object>
						<object name="TPort_AAQ20mmL5">
							<string name="Device" value="Bismark_FLAK4_20mm_MG_C38Quad_Turret"/>
							<string name="Table" value="Turrets"/>
						</object>
						<object name="TPort_AAQ20mmL6">
							<string name="Device" value="Bismark_FLAK4_20mm_MG_C38Quad_Turret"/>
							<string name="Table" value="Turrets"/>
						</object>
						<object name="TPort_AAQ20mmL7">
							<string name="Device" value="Bismark_FLAK4_20mm_MG_C38Quad_Turret"/>
							<string name="Table" value="Turrets"/>
						</object>
						<object name="TPort_AAQ20mmL8">
							<string name="Device" value="Bismark_FLAK4_20mm_MG_C38Quad_Turret"/>
							<string name="Table" value="Turrets"/>
						</object>
						<object name="TPort_20mmR1">
							<string name="Device" value="Bismark_FLAK5_20mm_MG_C30_Turret"/>
							<string name="Table" value="Turrets"/>
						</object> 
						<object name="TPort_20mmR2">
							<string name="Device" value="Bismark_FLAK5_20mm_MG_C30_Turret"/>
							<string name="Table" value="Turrets"/>
						</object>
						<object name="TPort_20mmR3">
							<string name="Device" value="Bismark_FLAK5_20mm_MG_C30_Turret"/>
							<string name="Table" value="Turrets"/>
						</object>
						<object name="TPort_20mmR4">
							<string name="Device" value="Bismark_FLAK5_20mm_MG_C30_Turret"/>
							<string name="Table" value="Turrets"/>
						</object>
						<object name="TPort_20mmR5">
							<string name="Device" value="Bismark_FLAK5_20mm_MG_C30_Turret"/>
							<string name="Table" value="Turrets"/>
						</object>  
						<object name="TPort_20mmL1">
							<string name="Device" value="Bismark_FLAK5_20mm_MG_C30_Turret"/>
							<string name="Table" value="Turrets"/>
						</object> 
						<object name="TPort_20mmL2">
							<string name="Device" value="Bismark_FLAK5_20mm_MG_C30_Turret"/>
							<string name="Table" value="Turrets"/>
						</object>
						<object name="TPort_20mmL3">
							<string name="Device" value="Bismark_FLAK5_20mm_MG_C30_Turret"/>
							<string name="Table" value="Turrets"/>
						</object>
						<object name="TPort_20mmL4">
							<string name="Device" value="Bismark_FLAK5_20mm_MG_C30_Turret"/>
							<string name="Table" value="Turrets"/>
						</object>
						<object name="TPort_20mmL5">
							<string name="Device" value="Bismark_FLAK5_20mm_MG_C30_Turret"/>
							<string name="Table" value="Turrets"/>
						</object>
						<object name="TPort_20mmL6">
							<string name="Device" value="Bismark_FLAK5_20mm_MG_C30_Turret"/>
							<string name="Table" value="Turrets"/>
						</object>
						<object name="TPort_ProjF">
							<string name="Device" value="Bismark_Projector_Turret"/>
							<string name="Table" value="Turrets"/>
						</object>
						<object name="TPort_ProjB1">
							<string name="Device" value="Bismark_Projector_Turret"/>
							<string name="Table" value="Turrets"/>
						</object>
						<object name="TPort_ProjB2">
							<string name="Device" value="Bismark_Projector_Turret"/>
							<string name="Table" value="Turrets"/>
						</object> 
						<object name="TPort_ProjSmall">
							<string name="Device" value="Bismark_Projector_Small"/>
							<string name="Table" value="Turrets"/>
						</object>
						<object name="TPort_RF3mR">
							<string name="Device" value="Bismark_Rangefinder3m"/>
							<string name="Table" value="Turrets"/>
						</object>
						<object name="TPort_RF3mL">
							<string name="Device" value="Bismark_Rangefinder3m"/>
							<string name="Table" value="Turrets"/>
						</object>
						<object name="TPort_RFSR">
							<string name="Device" value="Bismark_RangefinderSmall"/>
							<string name="Table" value="Turrets"/>
						</object>
						<object name="TPort_RFSL">
							<string name="Device" value="Bismark_RangefinderSmall"/>
							<string name="Table" value="Turrets"/>
						</object>
						<object name="TPort_RADAR">
							<string name="Device" value="Zara_Radar_FuMO_23_2V"/>
							<string name="Table" value="Turrets"/>
						</object>
						<object name="TPort_Airstrip">
							<string name="Device" value="airstrip_illustrias"/>
							<string name="Table" value="Airstrip"/>
						</object>

						<object name="TPort_VINT1">
							<string name="Device" value="Vint_Bismark"/>
							<string name="Table" value="Turrets"/>
						</object>
						<object name="TPort_VINT2">
							<string name="Device" value="Vint_Bismark"/>
							<string name="Table" value="Turrets"/>
						</object>
						<object name="TPort_VINT3">
							<string name="Device" value="Vint_Bismark"/>
							<string name="Table" value="Turrets"/>
						</object>
						<object name="TPort_VINT4">
							<string name="Device" value="Vint_Bismark"/>
							<string name="Table" value="Turrets"/>
						</object>
						<object name="TPort_KRANR">
							<string name="Device" value="Aquila_Crane"/>
							<string name="Table" value="Turrets"/>
						</object>
						<object name="TPort_KRANL">
							<string name="Device" value="Aquila_Crane"/>
							<string name="Table" value="Turrets"/>
						</object>
						<object name="ZPort_AAGunContr1">
							<string name="Device" value="Mark0_AA"/>
							<string name="Table" value="AimSystems"/>
						</object>
						<object name="ZPort_Jammer_US_A1">
							<string name="Device" value=""/>
							<string name="Table" value="Probes"/>
						</object>
						<object name="ZPort_MainGunContr">
							<string name="Device" value="Mk_7_M"/>
							<string name="Table" value="AimSystems"/>
						</object>
						<object name="ZPort_Radio">
							<string name="Device" value="TBL7"/>
							<string name="Table" value="Probes"/>
						</object>
						<object name="ZPort_Sonar">
							<string name="Device" value=""/>
							<string name="Table" value="Probes"/>
						</object>
						<object name="ZPort_SteamTurbine_01">
							<string name="Device" value="MPP_Aquila"/>
							<string name="Table" value="Engins"/>
						</object>
					</object>
					<string name="Sonar" value=""/>
					<float name="Speed" value="20."/>
					<string name="SuperRifles" value=""/>
					<float name="VolleyWeight" value="3.85359955"/>
					<float name="Weight" value="26268.3516"/>
				</object>
				<object name="ai_43">
					<string name="AAGunControl" value="Mark1_AA"/>
					<float name="AAVolleyWeight" value="14.1681585"/>
					<float name="Aluminium" value="0."/>
					<float name="AmmoWeight" value="302.43988"/>
					<float name="Armour" value="0."/>
					<float name="FuelConsumption" value="26.8444481"/>
					<float name="FuelProtect" value="0."/>
					<string name="FullModName" value="Ships.Aquila.ai_43"/>
					<float name="Iron" value="35236.543"/>
					<boolean name="IsAvailable" value="true"/>
					<boolean name="IsJammer" value="false"/>
					<string name="MainGunControl" value="Mk_8R_M"/>
					<float name="MaxFuel" value="3660."/>
					<float name="MaxSpeed" value="30."/>
					<float name="MinSpeed" value="0."/>
					<float name="Money" value="29533."/>
					<widestring name="Name" value="UABvAHIAdABhAGUAcgBlAGkAIABBAHEAdQBpAGwAYQRfAGEAaQA0ADMA"/>
					<float name="RadarRange" value="101.739784"/>
					<float name="RadioGain" value="10000."/>
					<float name="RadioPowerHF" value="0."/>
					<float name="RadioPowerVHF" value="50."/>
					<float name="RadioSensitivityHF" value="0."/>
					<float name="RadioSensitivityVHF" value="4.99999989e-003"/>
					<object name="Slots">
						<object name="TPort_135mmFR1">
							<string name="Device" value="RM_135mm_Gun"/>
							<string name="Table" value="Turrets"/>
						</object>
						<object name="TPort_135mmFR2">
							<string name="Device" value="RM_135mm_Gun"/>
							<string name="Table" value="Turrets"/>
						</object>
						<object name="TPort_135mmFL1">
							<string name="Device" value="RM_135mm_Gun"/>
							<string name="Table" value="Turrets"/>
						</object>
						<object name="TPort_135mmFL2">
							<string name="Device" value="RM_135mm_Gun"/>
							<string name="Table" value="Turrets"/>
						</object>
						<object name="TPort_135mmBR1">
							<string name="Device" value="RM_135mm_Gun"/>
							<string name="Table" value="Turrets"/>
						</object>
						<object name="TPort_135mmBR2">
							<string name="Device" value="RM_135mm_Gun"/>
							<string name="Table" value="Turrets"/>
						</object>
						<object name="TPort_135mmBL1">
							<string name="Device" value="RM_135mm_Gun"/>
							<string name="Table" value="Turrets"/>
						</object>
						<object name="TPort_135mmBL2">
							<string name="Device" value="RM_135mm_Gun"/>
							<string name="Table" value="Turrets"/>
						</object>
						<object name="TPort_SecFR">
							<string name="Device" value="Bismark_FLAK1_105mm_SK_C33_Turret"/>
							<string name="Table" value="Turrets"/>
						</object>
						<object name="TPort_SecFL">
							<string name="Device" value="Bismark_FLAK1_105mm_SK_C33_Turret"/>
							<string name="Table" value="Turrets"/>
						</object>
						<object name="TPort_SecBR">
							<string name="Device" value="Bismark_FLAK1_105mm_SK_C33_Turret"/>
							<string name="Table" value="Turrets"/>
						</object>
						<object name="TPort_SecBL">
							<string name="Device" value="Bismark_FLAK1_105mm_SK_C33_Turret"/>
							<string name="Table" value="Turrets"/>
						</object>
						<object name="TPort_AAQ20mmF">
							<string name="Device" value="Bismark_FLAK4_20mm_MG_C38Quad_Turret"/>
							<string name="Table" value="Turrets"/>
						</object>
						<object name="TPort_AAQ20mmR1">
							<string name="Device" value="Bismark_FLAK4_20mm_MG_C38Quad_Turret"/>
							<string name="Table" value="Turrets"/>
						</object>
						<object name="TPort_AAQ20mmR2">
							<string name="Device" value="Bismark_FLAK4_20mm_MG_C38Quad_Turret"/>
							<string name="Table" value="Turrets"/>
						</object>
						<object name="TPort_AAQ20mmR3">
							<string name="Device" value="Bismark_FLAK4_20mm_MG_C38Quad_Turret"/>
							<string name="Table" value="Turrets"/>
						</object>
						<object name="TPort_AAQ20mmR4">
							<string name="Device" value="Bismark_FLAK4_20mm_MG_C38Quad_Turret"/>
							<string name="Table" value="Turrets"/>
						</object>
						<object name="TPort_AAQ20mmR5">
							<string name="Device" value="Bismark_FLAK4_20mm_MG_C38Quad_Turret"/>
							<string name="Table" value="Turrets"/>
						</object>
						<object name="TPort_AAQ20mmR6">
							<string name="Device" value="Bismark_FLAK4_20mm_MG_C38Quad_Turret"/>
							<string name="Table" value="Turrets"/>
						</object>
						<object name="TPort_AAQ20mmR7">
							<string name="Device" value="Bismark_FLAK4_20mm_MG_C38Quad_Turret"/>
							<string name="Table" value="Turrets"/>
						</object>
						<object name="TPort_AAQ20mmR8">
							<string name="Device" value="Bismark_FLAK4_20mm_MG_C38Quad_Turret"/>
							<string name="Table" value="Turrets"/>
						</object>
						<object name="TPort_AAQ20mmR9">
							<string name="Device" value="Bismark_FLAK4_20mm_MG_C38Quad_Turret"/>
							<string name="Table" value="Turrets"/>
						</object>
						<object name="TPort_AAQ20mmR10">
							<string name="Device" value="Bismark_FLAK4_20mm_MG_C38Quad_Turret"/>
							<string name="Table" value="Turrets"/>
						</object>
						<object name="TPort_AAQ20mmR11">
							<string name="Device" value="Bismark_FLAK4_20mm_MG_C38Quad_Turret"/>
							<string name="Table" value="Turrets"/>
						</object>
						<object name="TPort_AAQ20mmR12">
							<string name="Device" value="Bismark_FLAK4_20mm_MG_C38Quad_Turret"/>
							<string name="Table" value="Turrets"/>
						</object>
						<object name="TPort_AAQ20mmR13">
							<string name="Device" value="Bismark_FLAK4_20mm_MG_C38Quad_Turret"/>
							<string name="Table" value="Turrets"/>
						</object>
						<object name="TPort_AAQ20mmR14">
							<string name="Device" value="Bismark_FLAK4_20mm_MG_C38Quad_Turret"/>
							<string name="Table" value="Turrets"/>
						</object>
						<object name="TPort_AAQ20mmR15">
							<string name="Device" value="Bismark_FLAK4_20mm_MG_C38Quad_Turret"/>
							<string name="Table" value="Turrets"/>
						</object>
						<object name="TPort_AAQ20mmR16">
							<string name="Device" value="Bismark_FLAK4_20mm_MG_C38Quad_Turret"/>
							<string name="Table" value="Turrets"/>
						</object>
						<object name="TPort_AAQ20mmL1">
							<string name="Device" value="Bismark_FLAK4_20mm_MG_C38Quad_Turret"/>
							<string name="Table" value="Turrets"/>
						</object>
						<object name="TPort_AAQ20mmL2">
							<string name="Device" value="Bismark_FLAK4_20mm_MG_C38Quad_Turret"/>
							<string name="Table" value="Turrets"/>
						</object>
						<object name="TPort_AAQ20mmL3">
							<string name="Device" value="Bismark_FLAK4_20mm_MG_C38Quad_Turret"/>
							<string name="Table" value="Turrets"/>
						</object>
						<object name="TPort_AAQ20mmL4">
							<string name="Device" value="Bismark_FLAK4_20mm_MG_C38Quad_Turret"/>
							<string name="Table" value="Turrets"/>
						</object>
						<object name="TPort_AAQ20mmL5">
							<string name="Device" value="Bismark_FLAK4_20mm_MG_C38Quad_Turret"/>
							<string name="Table" value="Turrets"/>
						</object>
						<object name="TPort_AAQ20mmL6">
							<string name="Device" value="Bismark_FLAK4_20mm_MG_C38Quad_Turret"/>
							<string name="Table" value="Turrets"/>
						</object>
						<object name="TPort_AAQ20mmL7">
							<string name="Device" value="Bismark_FLAK4_20mm_MG_C38Quad_Turret"/>
							<string name="Table" value="Turrets"/>
						</object>
						<object name="TPort_AAQ20mmL8">
							<string name="Device" value="Bismark_FLAK4_20mm_MG_C38Quad_Turret"/>
							<string name="Table" value="Turrets"/>
						</object>
						<object name="TPort_20mmR1">
							<string name="Device" value="Bismark_FLAK5_20mm_MG_C30_Turret"/>
							<string name="Table" value="Turrets"/>
						</object> 
						<object name="TPort_20mmR2">
							<string name="Device" value="Bismark_FLAK5_20mm_MG_C30_Turret"/>
							<string name="Table" value="Turrets"/>
						</object>
						<object name="TPort_20mmR3">
							<string name="Device" value="Bismark_FLAK5_20mm_MG_C30_Turret"/>
							<string name="Table" value="Turrets"/>
						</object>
						<object name="TPort_20mmR4">
							<string name="Device" value="Bismark_FLAK5_20mm_MG_C30_Turret"/>
							<string name="Table" value="Turrets"/>
						</object>
						<object name="TPort_20mmR5">
							<string name="Device" value="Bismark_FLAK5_20mm_MG_C30_Turret"/>
							<string name="Table" value="Turrets"/>
						</object>  
						<object name="TPort_20mmL1">
							<string name="Device" value="Bismark_FLAK5_20mm_MG_C30_Turret"/>
							<string name="Table" value="Turrets"/>
						</object> 
						<object name="TPort_20mmL2">
							<string name="Device" value="Bismark_FLAK5_20mm_MG_C30_Turret"/>
							<string name="Table" value="Turrets"/>
						</object>
						<object name="TPort_20mmL3">
							<string name="Device" value="Bismark_FLAK5_20mm_MG_C30_Turret"/>
							<string name="Table" value="Turrets"/>
						</object>
						<object name="TPort_20mmL4">
							<string name="Device" value="Bismark_FLAK5_20mm_MG_C30_Turret"/>
							<string name="Table" value="Turrets"/>
						</object>
						<object name="TPort_20mmL5">
							<string name="Device" value="Bismark_FLAK5_20mm_MG_C30_Turret"/>
							<string name="Table" value="Turrets"/>
						</object>
						<object name="TPort_20mmL6">
							<string name="Device" value="Bismark_FLAK5_20mm_MG_C30_Turret"/>
							<string name="Table" value="Turrets"/>
						</object>
						<object name="TPort_ProjF">
							<string name="Device" value="Bismark_Projector_Turret"/>
							<string name="Table" value="Turrets"/>
						</object>
						<object name="TPort_ProjB1">
							<string name="Device" value="Bismark_Projector_Turret"/>
							<string name="Table" value="Turrets"/>
						</object>
						<object name="TPort_ProjB2">
							<string name="Device" value="Bismark_Projector_Turret"/>
							<string name="Table" value="Turrets"/>
						</object> 
						<object name="TPort_ProjSmall">
							<string name="Device" value="Bismark_Projector_Small"/>
							<string name="Table" value="Turrets"/>
						</object>
						<object name="TPort_RF3mR">
							<string name="Device" value="Bismark_Rangefinder3m"/>
							<string name="Table" value="Turrets"/>
						</object>
						<object name="TPort_RF3mL">
							<string name="Device" value="Bismark_Rangefinder3m"/>
							<string name="Table" value="Turrets"/>
						</object>
						<object name="TPort_RFSR">
							<string name="Device" value="Bismark_RangefinderSmall"/>
							<string name="Table" value="Turrets"/>
						</object>
						<object name="TPort_RFSL">
							<string name="Device" value="Bismark_RangefinderSmall"/>
							<string name="Table" value="Turrets"/>
						</object>
						<object name="TPort_RADAR">
							<string name="Device" value="Zara_Radar_FuMO213"/>
							<string name="Table" value="Turrets"/>
						</object>
						<object name="TPort_Airstrip">
							<string name="Device" value="airstrip_illustrias"/>
							<string name="Table" value="Airstrip"/>
						</object>

						<object name="TPort_VINT1">
							<string name="Device" value="Vint_Bismark"/>
							<string name="Table" value="Turrets"/>
						</object>
						<object name="TPort_VINT2">
							<string name="Device" value="Vint_Bismark"/>
							<string name="Table" value="Turrets"/>
						</object>
						<object name="TPort_VINT3">
							<string name="Device" value="Vint_Bismark"/>
							<string name="Table" value="Turrets"/>
						</object>
						<object name="TPort_VINT4">
							<string name="Device" value="Vint_Bismark"/>
							<string name="Table" value="Turrets"/>
						</object>
						<object name="TPort_KRANR">
							<string name="Device" value="Aquila_Crane"/>
							<string name="Table" value="Turrets"/>
						</object>
						<object name="TPort_KRANL">
							<string name="Device" value="Aquila_Crane"/>
							<string name="Table" value="Turrets"/>
						</object>
						<object name="ZPort_AAGunContr1">
							<string name="Device" value="Mark1_AA"/>
							<string name="Table" value="AimSystems"/>
						</object>
						<object name="ZPort_Jammer_US_A1">
							<string name="Device" value="Jammer_US_A"/>
							<string name="Table" value="Probes"/>
						</object>
						<object name="ZPort_MainGunContr">
							<string name="Device" value="Mk_8R_M"/>
							<string name="Table" value="AimSystems"/>
						</object>
						<object name="ZPort_Radio">
							<string name="Device" value="TBS"/>
							<string name="Table" value="Probes"/>
						</object>
						<object name="ZPort_Sonar">
							<string name="Device" value="SearchLight_U"/>
							<string name="Table" value="Probes"/>
						</object>
						<object name="ZPort_SteamTurbine_01">
							<string name="Device" value="MPP_Aquila"/>
							<string name="Table" value="Engins"/>
						</object>
					</object>
					<string name="Sonar" value="SearchLight_U"/>
					<float name="Speed" value="20."/>
					<string name="SuperRifles" value=""/>
					<float name="VolleyWeight" value="3.85359955"/>
					<float name="Weight" value="26268.3516"/>
				</object>
				<object name="ai_45">
					<string name="AAGunControl" value="Mark12R_AA"/>
					<float name="AAVolleyWeight" value="30.0673523"/>
					<float name="Aluminium" value="0."/>
					<float name="AmmoWeight" value="214.280029"/>
					<float name="Armour" value="0."/>
					<float name="FuelConsumption" value="26.8444481"/>
					<float name="FuelProtect" value="0."/>
					<string name="FullModName" value="Ships.Aquila.ai_45"/>
					<float name="Iron" value="35233.418"/>
					<boolean name="IsAvailable" value="false"/>
					<boolean name="IsJammer" value="true"/>
					<string name="MainGunControl" value="Mk_8R_M"/>
					<float name="MaxFuel" value="3660."/>
					<float name="MaxSpeed" value="30."/>
					<float name="MinSpeed" value="0."/>
					<float name="Money" value="30162."/>
					<widestring name="Name" value="UABvAHIAdABhAGUAcgBlAGkAIABBAHEAdQBpAGwAYQRfAGEAaQA0ADUA"/>
					<float name="RadarRange" value="101.739784"/>
					<float name="RadioGain" value="10000."/>
					<float name="RadioPowerHF" value="0."/>
					<float name="RadioPowerVHF" value="50."/>
					<float name="RadioSensitivityHF" value="0."/>
					<float name="RadioSensitivityVHF" value="4.99999989e-003"/>
					<object name="Slots">
						<object name="TPort_135mmFR1">
							<string name="Device" value="DKM_127_Gun"/>
							<string name="Table" value="Turrets"/>
						</object>
						<object name="TPort_135mmFR2">
							<string name="Device" value="DKM_127_Gun"/>
							<string name="Table" value="Turrets"/>
						</object>
						<object name="TPort_135mmFL1">
							<string name="Device" value="DKM_127_Gun"/>
							<string name="Table" value="Turrets"/>
						</object>
						<object name="TPort_135mmFL2">
							<string name="Device" value="DKM_127_Gun"/>
							<string name="Table" value="Turrets"/>
						</object>
						<object name="TPort_135mmBR1">
							<string name="Device" value="DKM_127_Gun"/>
							<string name="Table" value="Turrets"/>
						</object>
						<object name="TPort_135mmBR2">
							<string name="Device" value="DKM_127_Gun"/>
							<string name="Table" value="Turrets"/>
						</object>
						<object name="TPort_135mmBL1">
							<string name="Device" value="DKM_127_Gun"/>
							<string name="Table" value="Turrets"/>
						</object>
						<object name="TPort_135mmBL2">
							<string name="Device" value="DKM_127_Gun"/>
							<string name="Table" value="Turrets"/>
						</object>
						<object name="TPort_SecFR">
							<string name="Device" value="Bismark_FLAK1_105mm_SK_C33_Turret"/>
							<string name="Table" value="Turrets"/>
						</object>
						<object name="TPort_SecFL">
							<string name="Device" value="Bismark_FLAK1_105mm_SK_C33_Turret"/>
							<string name="Table" value="Turrets"/>
						</object>
						<object name="TPort_SecBR">
							<string name="Device" value="Bismark_FLAK1_105mm_SK_C33_Turret"/>
							<string name="Table" value="Turrets"/>
						</object>
						<object name="TPort_SecBL">
							<string name="Device" value="Bismark_FLAK1_105mm_SK_C33_Turret"/>
							<string name="Table" value="Turrets"/>
						</object>
						<object name="TPort_AAQ20mmF">
							<string name="Device" value="G_Bofors_20x8_Turret"/>
							<string name="Table" value="Turrets"/>
						</object>
						<object name="TPort_AAQ20mmR1">
							<string name="Device" value="G_Bofors_20x8_Turret"/>
							<string name="Table" value="Turrets"/>
						</object>
						<object name="TPort_AAQ20mmR2">
							<string name="Device" value="G_Bofors_20x8_Turret"/>
							<string name="Table" value="Turrets"/>
						</object>
						<object name="TPort_AAQ20mmR3">
							<string name="Device" value="Bismark_FLAK4_20mm_MG_C38Quad_Turret"/>
							<string name="Table" value="Turrets"/>
						</object>
						<object name="TPort_AAQ20mmR4">
							<string name="Device" value="Bismark_FLAK4_20mm_MG_C38Quad_Turret"/>
							<string name="Table" value="Turrets"/>
						</object>
						<object name="TPort_AAQ20mmR5">
							<string name="Device" value="Bismark_FLAK4_20mm_MG_C38Quad_Turret"/>
							<string name="Table" value="Turrets"/>
						</object>
						<object name="TPort_AAQ20mmR6">
							<string name="Device" value="Bismark_FLAK4_20mm_MG_C38Quad_Turret"/>
							<string name="Table" value="Turrets"/>
						</object>
						<object name="TPort_AAQ20mmR7">
							<string name="Device" value="G_Bofors_20x8_Turret"/>
							<string name="Table" value="Turrets"/>
						</object>
						<object name="TPort_AAQ20mmR8">
							<string name="Device" value="G_Bofors_20x8_Turret"/>
							<string name="Table" value="Turrets"/>
						</object>
						<object name="TPort_AAQ20mmR9">
							<string name="Device" value="Bismark_FLAK4_20mm_MG_C38Quad_Turret"/>
							<string name="Table" value="Turrets"/>
						</object>
						<object name="TPort_AAQ20mmR10">
							<string name="Device" value="Bismark_FLAK4_20mm_MG_C38Quad_Turret"/>
							<string name="Table" value="Turrets"/>
						</object>
						<object name="TPort_AAQ20mmR11">
							<string name="Device" value="Bismark_FLAK4_20mm_MG_C38Quad_Turret"/>
							<string name="Table" value="Turrets"/>
						</object>
						<object name="TPort_AAQ20mmR12">
							<string name="Device" value="Bismark_FLAK4_20mm_MG_C38Quad_Turret"/>
							<string name="Table" value="Turrets"/>
						</object>
						<object name="TPort_AAQ20mmR13">
							<string name="Device" value="Bismark_FLAK4_20mm_MG_C38Quad_Turret"/>
							<string name="Table" value="Turrets"/>
						</object>
						<object name="TPort_AAQ20mmR14">
							<string name="Device" value="G_Bofors_20x8_Turret"/>
							<string name="Table" value="Turrets"/>
						</object>
						<object name="TPort_AAQ20mmR15">
							<string name="Device" value="Bismark_FLAK4_20mm_MG_C38Quad_Turret"/>
							<string name="Table" value="Turrets"/>
						</object>
						<object name="TPort_AAQ20mmR16">
							<string name="Device" value="G_Bofors_20x8_Turret"/>
							<string name="Table" value="Turrets"/>
						</object>
						<object name="TPort_AAQ20mmL1">
							<string name="Device" value="G_Bofors_20x8_Turret"/>
							<string name="Table" value="Turrets"/>
						</object>
						<object name="TPort_AAQ20mmL2">
							<string name="Device" value="Bismark_FLAK4_20mm_MG_C38Quad_Turret"/>
							<string name="Table" value="Turrets"/>
						</object>
						<object name="TPort_AAQ20mmL3">
							<string name="Device" value="Bismark_FLAK4_20mm_MG_C38Quad_Turret"/>
							<string name="Table" value="Turrets"/>
						</object>
						<object name="TPort_AAQ20mmL4">
							<string name="Device" value="Bismark_FLAK4_20mm_MG_C38Quad_Turret"/>
							<string name="Table" value="Turrets"/>
						</object>
						<object name="TPort_AAQ20mmL5">
							<string name="Device" value="Bismark_FLAK4_20mm_MG_C38Quad_Turret"/>
							<string name="Table" value="Turrets"/>
						</object>
						<object name="TPort_AAQ20mmL6">
							<string name="Device" value="G_Bofors_20x8_Turret"/>
							<string name="Table" value="Turrets"/>
						</object>
						<object name="TPort_AAQ20mmL7">
							<string name="Device" value="Bismark_FLAK4_20mm_MG_C38Quad_Turret"/>
							<string name="Table" value="Turrets"/>
						</object>
						<object name="TPort_AAQ20mmL8">
							<string name="Device" value="G_Bofors_20x8_Turret"/>
							<string name="Table" value="Turrets"/>
						</object>
						<object name="TPort_20mmR1">
							<string name="Device" value="Bismark_FLAK5_20mm_MG_C30_Turret"/>
							<string name="Table" value="Turrets"/>
						</object> 
						<object name="TPort_20mmR2">
							<string name="Device" value="Bismark_FLAK5_20mm_MG_C30_Turret"/>
							<string name="Table" value="Turrets"/>
						</object>
						<object name="TPort_20mmR3">
							<string name="Device" value="Bismark_FLAK5_20mm_MG_C30_Turret"/>
							<string name="Table" value="Turrets"/>
						</object>
						<object name="TPort_20mmR4">
							<string name="Device" value="Bismark_FLAK5_20mm_MG_C30_Turret"/>
							<string name="Table" value="Turrets"/>
						</object>
						<object name="TPort_20mmR5">
							<string name="Device" value="Bismark_FLAK5_20mm_MG_C30_Turret"/>
							<string name="Table" value="Turrets"/>
						</object>  
						<object name="TPort_20mmL1">
							<string name="Device" value="Bismark_FLAK5_20mm_MG_C30_Turret"/>
							<string name="Table" value="Turrets"/>
						</object> 
						<object name="TPort_20mmL2">
							<string name="Device" value="Bismark_FLAK5_20mm_MG_C30_Turret"/>
							<string name="Table" value="Turrets"/>
						</object>
						<object name="TPort_20mmL3">
							<string name="Device" value="Bismark_FLAK5_20mm_MG_C30_Turret"/>
							<string name="Table" value="Turrets"/>
						</object>
						<object name="TPort_20mmL4">
							<string name="Device" value="Bismark_FLAK5_20mm_MG_C30_Turret"/>
							<string name="Table" value="Turrets"/>
						</object>
						<object name="TPort_20mmL5">
							<string name="Device" value="Bismark_FLAK5_20mm_MG_C30_Turret"/>
							<string name="Table" value="Turrets"/>
						</object>
						<object name="TPort_20mmL6">
							<string name="Device" value="Bismark_FLAK5_20mm_MG_C30_Turret"/>
							<string name="Table" value="Turrets"/>
						</object>
						<object name="TPort_ProjF">
							<string name="Device" value="Bismark_Projector_Turret"/>
							<string name="Table" value="Turrets"/>
						</object>
						<object name="TPort_ProjB1">
							<string name="Device" value="Bismark_Projector_Turret"/>
							<string name="Table" value="Turrets"/>
						</object>
						<object name="TPort_ProjB2">
							<string name="Device" value="Bismark_Projector_Turret"/>
							<string name="Table" value="Turrets"/>
						</object> 
						<object name="TPort_ProjSmall">
							<string name="Device" value="Bismark_Projector_Small"/>
							<string name="Table" value="Turrets"/>
						</object>
						<object name="TPort_RF3mR">
							<string name="Device" value="Bismark_Rangefinder3m"/>
							<string name="Table" value="Turrets"/>
						</object>
						<object name="TPort_RF3mL">
							<string name="Device" value="Bismark_Rangefinder3m"/>
							<string name="Table" value="Turrets"/>
						</object>
						<object name="TPort_RFSR">
							<string name="Device" value="Bismark_RangefinderSmall"/>
							<string name="Table" value="Turrets"/>
						</object>
						<object name="TPort_RFSL">
							<string name="Device" value="Bismark_RangefinderSmall"/>
							<string name="Table" value="Turrets"/>
						</object>
						<object name="TPort_RADAR">
							<string name="Device" value="Zara_Radar_FuMO213"/>
							<string name="Table" value="Turrets"/>
						</object>
						<object name="TPort_Airstrip">
							<string name="Device" value="airstrip_illustrias"/>
							<string name="Table" value="Airstrip"/>
						</object>

						<object name="TPort_VINT1">
							<string name="Device" value="Vint_Bismark"/>
							<string name="Table" value="Turrets"/>
						</object>
						<object name="TPort_VINT2">
							<string name="Device" value="Vint_Bismark"/>
							<string name="Table" value="Turrets"/>
						</object>
						<object name="TPort_VINT3">
							<string name="Device" value="Vint_Bismark"/>
							<string name="Table" value="Turrets"/>
						</object>
						<object name="TPort_VINT4">
							<string name="Device" value="Vint_Bismark"/>
							<string name="Table" value="Turrets"/>
						</object>
						<object name="TPort_KRANR">
							<string name="Device" value="Aquila_Crane"/>
							<string name="Table" value="Turrets"/>
						</object>
						<object name="TPort_KRANL">
							<string name="Device" value="Aquila_Crane"/>
							<string name="Table" value="Turrets"/>
						</object>
						<object name="ZPort_AAGunContr1">
							<string name="Device" value="Mark12R_AA"/>
							<string name="Table" value="AimSystems"/>
						</object>
						<object name="ZPort_Jammer_US_A1">
							<string name="Device" value="Jammer_US_A"/>
							<string name="Table" value="Probes"/>
						</object>
						<object name="ZPort_MainGunContr">
							<string name="Device" value="Mk_8R_M"/>
							<string name="Table" value="AimSystems"/>
						</object>
						<object name="ZPort_Radio">
							<string name="Device" value="TBS"/>
							<string name="Table" value="Probes"/>
						</object>
						<object name="ZPort_Sonar">
							<string name="Device" value="SearchLight_U"/>
							<string name="Table" value="Probes"/>
						</object>
						<object name="ZPort_SteamTurbine_01">
							<string name="Device" value="MPP_Aquila"/>
							<string name="Table" value="Engins"/>
						</object>
					</object>
					<string name="Sonar" value="SearchLight_U"/>
					<float name="Speed" value="20."/>
					<string name="SuperRifles" value=""/>
					<float name="VolleyWeight" value="5.83040047"/>
					<float name="Weight" value="26262.0313"/>
				</object>
			</object>
		</object>
	</object>
</root>