﻿<?xml version="1.0" standalone="yes" ?>
<root>
	<object name="Prototypes">
		<object name="Ships">
			<object name="Aquila">
				<object name="Slots">
					<object name="TPort_135mmFR1">
						<object name="SubSlots">
							<object name="TPort_135mmFR2">
								<integer name="icon_x" value="480"/>
								<integer name="icon_y" value="21"/>
							</object>
							<object name="TPort_135mmFL1">
								<integer name="icon_x" value="249"/>
								<integer name="icon_y" value="85"/>
							</object>
							<object name="TPort_135mmFL2">
								<integer name="icon_x" value="279"/>
								<integer name="icon_y" value="85"/>
							</object>
							<object name="TPort_135mmBR1">
								<integer name="icon_x" value="510"/>
								<integer name="icon_y" value="21"/>
							</object>
							<object name="TPort_135mmBR2">
								<integer name="icon_x" value="530"/>
								<integer name="icon_y" value="21"/>
							</object>
							<object name="TPort_135mmBL1">
								<integer name="icon_x" value="550"/>
								<integer name="icon_y" value="85"/>
							</object>
							<object name="TPort_135mmBL2">
								<integer name="icon_x" value="570"/>
								<integer name="icon_y" value="85"/>
							</object>
						</object>
						<integer name="icon_x" value="161"/>
						<integer name="icon_y" value="15"/>
					</object>
					<object name="TPort_AAQ20mmF">
						<object name="SubSlots">
							<object name="TPort_AAQ20mmR1">
								<object name="SubSlots"/>
								<integer name="icon_x" value="420"/>
								<integer name="icon_y" value="191"/>
							</object>
							<object name="TPort_AAQ20mmR2">
								<object name="SubSlots"/>
								<integer name="icon_x" value="420"/>
								<integer name="icon_y" value="191"/>
							</object>
							<object name="TPort_AAQ20mmR7">
								<object name="SubSlots"/>
								<integer name="icon_x" value="420"/>
								<integer name="icon_y" value="191"/>
							</object>
							<object name="TPort_AAQ20mmR8">
								<object name="SubSlots"/>
								<integer name="icon_x" value="420"/>
								<integer name="icon_y" value="191"/>
							</object>
							<object name="TPort_AAQ20mmR14">
								<object name="SubSlots"/>
								<integer name="icon_x" value="420"/>
								<integer name="icon_y" value="191"/>
							</object>
							<object name="TPort_AAQ20mmR16">
								<object name="SubSlots"/>
								<integer name="icon_x" value="420"/>
								<integer name="icon_y" value="191"/>
							</object>
							<object name="TPort_AAQ20mmL1">
								<object name="SubSlots"/>
								<integer name="icon_x" value="420"/>
								<integer name="icon_y" value="191"/>
							</object>
							<object name="TPort_AAQ20mmL6">
								<object name="SubSlots"/>
								<integer name="icon_x" value="420"/>
								<integer name="icon_y" value="191"/>
							</object>
							<object name="TPort_AAQ20mmL8">
								<object name="SubSlots"/>
								<integer name="icon_x" value="420"/>
								<integer name="icon_y" value="191"/>
							</object>
						</object>
						<integer name="icon_x" value="22"/>
						<integer name="icon_y" value="91"/>
					</object>
					<object name="TPort_SecFR">
						<object name="SubSlots">
							<object name="TPort_SecFL">
								<object name="SubSlots"/>
								<integer name="icon_x" value="539"/>
								<integer name="icon_y" value="16"/>
							</object>
							<object name="TPort_SecBR">
								<integer name="icon_x" value="3"/>
								<integer name="icon_y" value="126"/>
							</object>
							<object name="TPort_SecBL">
								<integer name="icon_x" value="20"/>
								<integer name="icon_y" value="126"/>
							</object>
						</object>
						<integer name="icon_x" value="161"/>
						<integer name="icon_y" value="91"/>
					</object>
					<object name="TPort_AAQ20mmR3">
						<object name="SubSlots">
							<object name="TPort_AAQ20mmR4">
								<object name="SubSlots"/>
								<integer name="icon_x" value="225"/>
								<integer name="icon_y" value="119"/>
							</object>
							<object name="TPort_AAQ20mmR5">
								<integer name="icon_x" value="180"/>
								<integer name="icon_y" value="332"/>
							</object>
							<object name="TPort_AAQ20mmR6">
								<integer name="icon_x" value="236"/>
								<integer name="icon_y" value="304"/>
							</object>
							<object name="TPort_AAQ20mmR9">
								<integer name="icon_x" value="255"/>
								<integer name="icon_y" value="331"/>
							</object>
							<object name="TPort_AAQ20mmR10">
								<integer name="icon_x" value="310"/>
								<integer name="icon_y" value="335"/>
							</object>
							<object name="TPort_AAQ20mmR11">
								<integer name="icon_x" value="378"/>
								<integer name="icon_y" value="337"/>
							</object>
							<object name="TPort_AAQ20mmR12">
								<object name="SubSlots"/>
								<integer name="icon_x" value="110"/>
								<integer name="icon_y" value="22"/>
							</object>
							<object name="TPort_AAQ20mmR13">
								<integer name="icon_x" value="378"/>
								<integer name="icon_y" value="337"/>
							</object>
							<object name="TPort_AAQ20mmR15">
								<object name="SubSlots"/>
								<integer name="icon_x" value="110"/>
								<integer name="icon_y" value="22"/>
							</object>
							<object name="TPort_AAQ20mmL2">
								<integer name="icon_x" value="378"/>
								<integer name="icon_y" value="337"/>
							</object>
							<object name="TPort_AAQ20mmL3">
								<object name="SubSlots"/>
								<integer name="icon_x" value="110"/>
								<integer name="icon_y" value="22"/>
							</object>
							<object name="TPort_AAQ20mmL4">
								<object name="SubSlots"/>
								<integer name="icon_x" value="110"/>
								<integer name="icon_y" value="22"/>
							</object>
							<object name="TPort_AAQ20mmL5">
								<integer name="icon_x" value="378"/>
								<integer name="icon_y" value="337"/>
							</object>
							<object name="TPort_AAQ20mmL7">
								<object name="SubSlots"/>
								<integer name="icon_x" value="110"/>
								<integer name="icon_y" value="22"/>
							</object>
						</object>
						<integer name="icon_x" value="275"/>
						<integer name="icon_y" value="91"/>
					</object>
					<object name="TPort_20mmR1">
						<object name="SubSlots">
							<object name="TPort_20mmR2">
								<integer name="icon_x" value="58"/>
								<integer name="icon_y" value="190"/>
							</object>
							<object name="TPort_20mmR3">
								<object name="SubSlots"/>
								<integer name="icon_x" value="85"/>
								<integer name="icon_y" value="3"/>
							</object>
							<object name="TPort_20mmR4">
								<object name="SubSlots"/>
								<integer name="icon_x" value="126"/>
								<integer name="icon_y" value="3"/>
							</object>
							<object name="TPort_20mmR5">
								<integer name="icon_x" value="88"/>
								<integer name="icon_y" value="190"/>
							</object>
							<object name="TPort_20mmL1">
								<object name="SubSlots"/>
								<integer name="icon_x" value="115"/>
								<integer name="icon_y" value="3"/>
							</object>
							<object name="TPort_20mmL2">
								<object name="SubSlots"/>
								<integer name="icon_x" value="156"/>
								<integer name="icon_y" value="3"/>
							</object>
							<object name="TPort_20mmL3">
								<integer name="icon_x" value="58"/>
								<integer name="icon_y" value="220"/>
							</object>
							<object name="TPort_20mmL4">
								<object name="SubSlots"/>
								<integer name="icon_x" value="85"/>
								<integer name="icon_y" value="30"/>
							</object>
							<object name="TPort_20mmL5">
								<object name="SubSlots"/>
								<integer name="icon_x" value="126"/>
								<integer name="icon_y" value="50"/>
							</object>
							<object name="TPort_20mmL6">
								<integer name="icon_x" value="58"/>
								<integer name="icon_y" value="210"/>
							</object>
						</object>
						<integer name="icon_x" value="395"/>
						<integer name="icon_y" value="91"/>
					</object>
					<object name="TPort_RFSR">
						<object name="SubSlots">
							<object name="TPort_RFSL">
								<integer name="icon_x" value="333"/>
								<integer name="icon_y" value="146"/>
							</object>
						</object>
						<integer name="icon_x" value="100"/>
						<integer name="icon_y" value="195"/>
					</object>

					<object name="TPort_RF3mR">
						<object name="SubSlots">
							<object name="TPort_RF3mL">
								<integer name="icon_x" value="495"/>
								<integer name="icon_y" value="126"/>
							</object>
						</object>
						<integer name="icon_x" value="400"/>
						<integer name="icon_y" value="185"/>
					</object>
					<object name="TPort_RADAR">
						<integer name="icon_x" value="180"/>
						<integer name="icon_y" value="260"/>
					</object>
					<object name="TPort_KRANR">
						<object name="SubSlots">
							<object name="TPort_KRANL">
								<integer name="icon_x" value="495"/>
								<integer name="icon_y" value="258"/>
							</object>
						</object>
						<integer name="icon_x" value="512"/>
						<integer name="icon_y" value="258"/>
					</object>
					<object name="ZPort_AAGunContr1">
						<integer name="icon_x" value="150"/>
						<integer name="icon_y" value="220"/>
					</object>
					<object name="ZPort_Bridge">
						<integer name="icon_x" value="44"/>
						<integer name="icon_y" value="3"/>
					</object>
					<object name="ZPort_FuelTank">
						<integer name="icon_x" value="85"/>
						<integer name="icon_y" value="3"/>
					</object>
					<object name="ZPort_Jammer_JS_A">
						<integer name="icon_x" value="126"/>
						<integer name="icon_y" value="275"/>
					</object>
					<object name="ZPort_Jammer_US_A1">
						<integer name="icon_x" value="554"/>
						<integer name="icon_y" value="277"/>
					</object>
					<object name="ZPort_MainGunContr">
						<integer name="icon_x" value="14"/>
						<integer name="icon_y" value="275"/>
					</object>
					<object name="ZPort_Radio">
						<integer name="icon_x" value="130"/>
						<integer name="icon_y" value="275"/>
					</object>
					<object name="ZPort_Rudder">
						<integer name="icon_x" value="290"/>
						<integer name="icon_y" value="3"/>
					</object>
					<object name="ZPort_Sonar">
						<integer name="icon_x" value="555"/>
						<integer name="icon_y" value="340"/>
					</object>
					<object name="ZPort_Sonar1">
						<integer name="icon_x" value="500"/>
						<integer name="icon_y" value="340"/>
					</object>
					<object name="ZPort_SteamTurbine_01">
						<integer name="icon_x" value="279"/>
						<integer name="icon_y" value="348"/>
					</object>
				</object>
			</object>
		</object>
	</object>
</root>