﻿<?xml version="1.0" standalone="yes" ?>
<root>
	<object name="Modifications">
		<object name="Ships">
			<object name="Maya">
				<object name="Prototype">
					<string name="AAGunControl" value="Typ94_AA"/>
					<float name="AAVolleyWeight" value="10.9644041"/>
					<float name="Aluminium" value="0."/>
					<float name="AmmoWeight" value="243.245377"/>
					<float name="Armour" value="0."/>
					<float name="FuelConsumption" value="3.15933514"/>
					<float name="FuelProtect" value="0."/>
					<string name="FullModName" value="Ships.Maya.Prototype"/>
					<float name="Iron" value="12912.4014"/>
					<boolean name="IsAvailable" value="false"/>
					<boolean name="IsJammer" value="false"/>
					<string name="MainGunControl" value="Typ94R_M"/>
					<float name="MaxFuel" value="2571."/>
					<float name="MaxSpeed" value="35.5"/>
					<float name="MinSpeed" value="0."/>
					<float name="Money" value="28497.7773"/>
					<widestring name="Name" value="SABlAGEAdgB5ACAAQwByAHUAaQBzAGUAcgAgAE0AYQB5AGEA"/>
					<float name="RadarRange" value="100."/>
					<float name="RadioGain" value="32000."/>
					<float name="RadioPowerHF" value="160."/>
					<float name="RadioPowerVHF" value="0."/>
					<float name="RadioSensitivityHF" value="4.99999989e-003"/>
					<float name="RadioSensitivityVHF" value="0."/>
					<object name="Slots">
						<object name="TPort_Anton">
							<string name="Device" value="Main_Turret_203x2_Mogami_A"/>
							<string name="Table" value="Turrets"/>
						</object>
						<object name="TPort_Bruno">
							<string name="Device" value="Main_Turret_203x2_Mogami_B"/>
							<string name="Table" value="Turrets"/>
						</object> 
						<object name="TPort_X">
							<string name="Device" value="Main_Turret_203x2_Mogami_X"/>
							<string name="Table" value="Turrets"/>
						</object>
						<object name="TPort_Y">
							<string name="Device" value="Main_Turret_203x2_Takao_Y"/>
							<string name="Table" value="Turrets"/>
						</object>
						<object name="TPort_TORPFR">
							<string name="Device" value="610mm_Jap_Torp_App_4x_Turret"/>
							<string name="Table" value="Turrets"/>
						</object>
						<object name="TPort_TORPFL">
							<string name="Device" value="610mm_Jap_Torp_App_4x_Turret"/>
							<string name="Table" value="Turrets"/>
						</object>
						<object name="TPort_TORPBR">
							<string name="Device" value="610mm_Jap_Torp_App_4x_Turret"/>
							<string name="Table" value="Turrets"/>
						</object>
						<object name="TPort_TORPBL">
							<string name="Device" value="610mm_Jap_Torp_App_4x_Turret"/>
							<string name="Table" value="Turrets"/>
						</object>
						<object name="TPort_ASW_R">
							<string name="Device" value="Bomb_Kletka_Small_4x"/>
							<string name="Table" value="Rifles"/>
						</object>
						<object name="TPort_ASW_L">
							<string name="Device" value="Bomb_Kletka_Small_4x"/>
							<string name="Table" value="Rifles"/>
						</object>

						<object name="TPort_127mmFR">
							<string name="Device" value="Myoko_Turret_127x2"/>
							<string name="Table" value="Turrets"/>
						</object>
						<object name="TPort_127mmFL">
							<string name="Device" value="Myoko_Turret_127x2"/>
							<string name="Table" value="Turrets"/>
						</object>
						<object name="TPort_127mmMR">
							<string name="Device" value="Myoko_Turret_127x2"/>
							<string name="Table" value="Turrets"/>
						</object>
						<object name="TPort_127mmML">
							<string name="Device" value="Myoko_Turret_127x2"/>
							<string name="Table" value="Turrets"/>
						</object>
						<object name="TPort_127mmBR">
							<string name="Device" value="Myoko_Turret_127x2"/>
							<string name="Table" value="Turrets"/>
						</object>
						<object name="TPort_127mmBL">
							<string name="Device" value="Myoko_Turret_127x2"/>
							<string name="Table" value="Turrets"/>
						</object>
						<object name="TPort_AA3x25mmF1R">
							<string name="Device" value="Jap_Turret_25x3"/>
							<string name="Table" value="Turrets"/>
						</object>

						<object name="TPort_AA3x25mmF1L">
							<string name="Device" value="Jap_Turret_25x3"/>
							<string name="Table" value="Turrets"/>
						</object>
						<object name="TPort_AA3x25mmF2R">
							<string name="Device" value="Jap_Turret_25x3"/>
							<string name="Table" value="Turrets"/>
						</object>

						<object name="TPort_AA3x25mmF2L">
							<string name="Device" value="Jap_Turret_25x3"/>
							<string name="Table" value="Turrets"/>
						</object>
						<object name="TPort_AA3x25mmM1R">
							<string name="Device" value="Jap_Turret_25x3"/>
							<string name="Table" value="Turrets"/>
						</object>

						<object name="TPort_AA3x25mmM1L">
							<string name="Device" value="Jap_Turret_25x3"/>
							<string name="Table" value="Turrets"/>
						</object>
						<object name="TPort_AA3x25mmM2R">
							<string name="Device" value="Jap_Turret_25x3"/>
							<string name="Table" value="Turrets"/>
						</object>

						<object name="TPort_AA3x25mmM2L">
							<string name="Device" value="Jap_Turret_25x3"/>
							<string name="Table" value="Turrets"/>
						</object>
						<object name="TPort_AA3x25mmB1R">
							<string name="Device" value="Jap_Turret_25x3"/>
							<string name="Table" value="Turrets"/>
						</object>

						<object name="TPort_AA3x25mmB1L">
							<string name="Device" value="Jap_Turret_25x3"/>
							<string name="Table" value="Turrets"/>
						</object>
						<object name="TPort_AA3x25mmMM">
							<string name="Device" value="Jap_Turret_25x3"/>
							<string name="Table" value="Turrets"/>
						</object>
						<object name="TPort_AA1x25mmF1R">
							<string name="Device" value="Jap_Turret_25x1"/>
							<string name="Table" value="Turrets"/>
						</object>
						<object name="TPort_AA1x25mmF1L">
							<string name="Device" value="Jap_Turret_25x1"/>
							<string name="Table" value="Turrets"/>
						</object>
						<object name="TPort_AA1x25mmF2R">
							<string name="Device" value="Jap_Turret_25x1"/>
							<string name="Table" value="Turrets"/>
						</object>
						<object name="TPort_AA1x25mmF2L">
							<string name="Device" value="Jap_Turret_25x1"/>
							<string name="Table" value="Turrets"/>
						</object>
						<object name="TPort_AA1x25mmF3R">
							<string name="Device" value="Jap_Turret_25x1"/>
							<string name="Table" value="Turrets"/>
						</object>
						<object name="TPort_AA1x25mmF3L">
							<string name="Device" value="Jap_Turret_25x1"/>
							<string name="Table" value="Turrets"/>
						</object>
						<object name="TPort_AA1x25mmF4R">
							<string name="Device" value="Jap_Turret_25x1"/>
							<string name="Table" value="Turrets"/>
						</object>
						<object name="TPort_AA1x25mmF4L">
							<string name="Device" value="Jap_Turret_25x1"/>
							<string name="Table" value="Turrets"/>
						</object>
						<object name="TPort_AA1x25mmF5R">
							<string name="Device" value="Jap_Turret_25x1"/>
							<string name="Table" value="Turrets"/>
						</object>
						<object name="TPort_AA1x25mmF5L">
							<string name="Device" value="Jap_Turret_25x1"/>
							<string name="Table" value="Turrets"/>
						</object>
						<object name="TPort_AA1x25mmF6M">
							<string name="Device" value="Jap_Turret_25x1"/>
							<string name="Table" value="Turrets"/>
						</object>
						<object name="TPort_AA1x25mmM1R">
							<string name="Device" value="Jap_Turret_25x1"/>
							<string name="Table" value="Turrets"/>
						</object>
						<object name="TPort_AA1x25mmM1L">
							<string name="Device" value="Jap_Turret_25x1"/>
							<string name="Table" value="Turrets"/>
						</object>
						<object name="TPort_AA1x25mmM2R">
							<string name="Device" value="Jap_Turret_25x1"/>
							<string name="Table" value="Turrets"/>
						</object>
						<object name="TPort_AA1x25mmM2L">
							<string name="Device" value="Jap_Turret_25x1"/>
							<string name="Table" value="Turrets"/>
						</object>
						<object name="TPort_AA1x25mmM3R">
							<string name="Device" value="Jap_Turret_25x1"/>
							<string name="Table" value="Turrets"/>
						</object>
						<object name="TPort_AA1x25mmM3L">
							<string name="Device" value="Jap_Turret_25x1"/>
							<string name="Table" value="Turrets"/>
						</object>
						<object name="TPort_AA1x25mmM4R">
							<string name="Device" value="Jap_Turret_25x1"/>
							<string name="Table" value="Turrets"/>
						</object>
						<object name="TPort_AA1x25mmM4L">
							<string name="Device" value="Jap_Turret_25x1"/>
							<string name="Table" value="Turrets"/>
						</object>
						<object name="TPort_AA1x25mmM5R">
							<string name="Device" value="Jap_Turret_25x1"/>
							<string name="Table" value="Turrets"/>
						</object>
						<object name="TPort_AA1x25mmM5L">
							<string name="Device" value="Jap_Turret_25x1"/>
							<string name="Table" value="Turrets"/>
						</object>
						<object name="TPort_AA1x25mmM6R">
							<string name="Device" value="Jap_Turret_25x1"/>
							<string name="Table" value="Turrets"/>
						</object>
						<object name="TPort_AA1x25mmM6L">
							<string name="Device" value="Jap_Turret_25x1"/>
							<string name="Table" value="Turrets"/>
						</object>
						<object name="TPort_AA1x25mmB1R">
							<string name="Device" value="Jap_Turret_25x1"/>
							<string name="Table" value="Turrets"/>
						</object>
						<object name="TPort_AA1x25mmB1L">
							<string name="Device" value="Jap_Turret_25x1"/>
							<string name="Table" value="Turrets"/>
						</object>
						<object name="TPort_AA1x25mmB2R">
							<string name="Device" value="Jap_Turret_25x1"/>
							<string name="Table" value="Turrets"/>
						</object>
						<object name="TPort_AA1x25mmB2L">
							<string name="Device" value="Jap_Turret_25x1"/>
							<string name="Table" value="Turrets"/>
						</object>
						<object name="TPort_AA1x25mmB3R">
							<string name="Device" value="Jap_Turret_25x1"/>
							<string name="Table" value="Turrets"/>
						</object>
						<object name="TPort_AA1x25mmB3L">
							<string name="Device" value="Jap_Turret_25x1"/>
							<string name="Table" value="Turrets"/>
						</object>
						<object name="TPort_AA1x13mmF1R">
							<string name="Device" value="1x13mm_Turret_IJN"/>
							<string name="Table" value="Turrets"/>
						</object>
						<object name="TPort_AA1x13mmF1L">
							<string name="Device" value="1x13mm_Turret_IJN"/>
							<string name="Table" value="Turrets"/>
						</object>
						<object name="TPort_AA1x13mmF2R">
							<string name="Device" value="1x13mm_Turret_IJN"/>
							<string name="Table" value="Turrets"/>
						</object>
						<object name="TPort_AA1x13mmF2L">
							<string name="Device" value="1x13mm_Turret_IJN"/>
							<string name="Table" value="Turrets"/>
						</object>
						<object name="TPort_AA1x13mmF3R">
							<string name="Device" value="1x13mm_Turret_IJN"/>
							<string name="Table" value="Turrets"/>
						</object>
						<object name="TPort_AA1x13mmF3L">
							<string name="Device" value="1x13mm_Turret_IJN"/>
							<string name="Table" value="Turrets"/>
						</object>
						<object name="TPort_AA1x13mmF4R">
							<string name="Device" value="1x13mm_Turret_IJN"/>
							<string name="Table" value="Turrets"/>
						</object>
						<object name="TPort_AA1x13mmF4L">
							<string name="Device" value="1x13mm_Turret_IJN"/>
							<string name="Table" value="Turrets"/>
						</object>
						<object name="TPort_AA1x13mmF5R">
							<string name="Device" value="1x13mm_Turret_IJN"/>
							<string name="Table" value="Turrets"/>
						</object>
						<object name="TPort_AA1x13mmF5L">
							<string name="Device" value="1x13mm_Turret_IJN"/>
							<string name="Table" value="Turrets"/>
						</object>
						<object name="TPort_AA1x13mmF6R">
							<string name="Device" value="1x13mm_Turret_IJN"/>
							<string name="Table" value="Turrets"/>
						</object>
						<object name="TPort_AA1x13mmF6L">
							<string name="Device" value="1x13mm_Turret_IJN"/>
							<string name="Table" value="Turrets"/>
						</object>
						<object name="TPort_AA1x13mmF7R">
							<string name="Device" value="1x13mm_Turret_IJN"/>
							<string name="Table" value="Turrets"/>
						</object>
						<object name="TPort_AA1x13mmF7L">
							<string name="Device" value="1x13mm_Turret_IJN"/>
							<string name="Table" value="Turrets"/>
						</object>
						<object name="TPort_AA1x13mmF8R">
							<string name="Device" value="1x13mm_Turret_IJN"/>
							<string name="Table" value="Turrets"/>
						</object>
						<object name="TPort_AA1x13mmF8L">
							<string name="Device" value="1x13mm_Turret_IJN"/>
							<string name="Table" value="Turrets"/>
						</object>
						<object name="TPort_AA1x13mmM1R">
							<string name="Device" value="1x13mm_Turret_IJN"/>
							<string name="Table" value="Turrets"/>
						</object>
						<object name="TPort_AA1x13mmM1L">
							<string name="Device" value="1x13mm_Turret_IJN"/>
							<string name="Table" value="Turrets"/>
						</object>
						<object name="TPort_AA1x13mmM2R">
							<string name="Device" value="1x13mm_Turret_IJN"/>
							<string name="Table" value="Turrets"/>
						</object>
						<object name="TPort_AA1x13mmM2L">
							<string name="Device" value="1x13mm_Turret_IJN"/>
							<string name="Table" value="Turrets"/>
						</object>
						<object name="TPort_AA1x13mmM3R">
							<string name="Device" value="1x13mm_Turret_IJN"/>
							<string name="Table" value="Turrets"/>
						</object>
						<object name="TPort_AA1x13mmM3L">
							<string name="Device" value="1x13mm_Turret_IJN"/>
							<string name="Table" value="Turrets"/>
						</object>
						<object name="TPort_AA1x13mmM4R">
							<string name="Device" value="1x13mm_Turret_IJN"/>
							<string name="Table" value="Turrets"/>
						</object>
						<object name="TPort_AA1x13mmM4L">
							<string name="Device" value="1x13mm_Turret_IJN"/>
							<string name="Table" value="Turrets"/>
						</object>
						<object name="TPort_AA1x13mmM5R">
							<string name="Device" value="1x13mm_Turret_IJN"/>
							<string name="Table" value="Turrets"/>
						</object>
						<object name="TPort_AA1x13mmM5L">
							<string name="Device" value="1x13mm_Turret_IJN"/>
							<string name="Table" value="Turrets"/>
						</object>
						<object name="TPort_AA1x13mmB1R">
							<string name="Device" value="1x13mm_Turret_IJN"/>
							<string name="Table" value="Turrets"/>
						</object>
						<object name="TPort_AA1x13mmB1L">
							<string name="Device" value="1x13mm_Turret_IJN"/>
							<string name="Table" value="Turrets"/>
						</object>
						<object name="TPort_AA1x13mmB2R">
							<string name="Device" value="1x13mm_Turret_IJN"/>
							<string name="Table" value="Turrets"/>
						</object>
						<object name="TPort_AA1x13mmB2L">
							<string name="Device" value="1x13mm_Turret_IJN"/>
							<string name="Table" value="Turrets"/>
						</object>
						<object name="TPort_AA1x13mmB3R">
							<string name="Device" value="1x13mm_Turret_IJN"/>
							<string name="Table" value="Turrets"/>
						</object>
						<object name="TPort_AA1x13mmB3L">
							<string name="Device" value="1x13mm_Turret_IJN"/>
							<string name="Table" value="Turrets"/>
						</object>
						<object name="TPort_AA1x13mmB4R">
							<string name="Device" value="1x13mm_Turret_IJN"/>
							<string name="Table" value="Turrets"/>
						</object>
						<object name="TPort_AA1x13mmB4L">
							<string name="Device" value="1x13mm_Turret_IJN"/>
							<string name="Table" value="Turrets"/>
						</object>
						<object name="TPort_AA1x13mmB5R">
							<string name="Device" value="1x13mm_Turret_IJN"/>
							<string name="Table" value="Turrets"/>
						</object>
						<object name="TPort_AA1x13mmB5L">
							<string name="Device" value="1x13mm_Turret_IJN"/>
							<string name="Table" value="Turrets"/>
						</object>
						<object name="TPort_ProjBR">
							<string name="Device" value="Jap_Projector"/>
							<string name="Table" value="Turrets"/>
						</object>
						<object name="TPort_ProjBL">
							<string name="Device" value="Jap_Projector"/>
							<string name="Table" value="Turrets"/>
						</object>  
						<object name="TPort_ProjFR">
							<string name="Device" value="Jap_Projector"/>
							<string name="Table" value="Turrets"/>
						</object> 
						<object name="TPort_ProjFL">
							<string name="Device" value="Jap_Projector"/>
							<string name="Table" value="Turrets"/>
						</object>
						<object name="TPort_ProjMR">
							<string name="Device" value="Jap_Projector"/>
							<string name="Table" value="Turrets"/>
						</object>
						<object name="TPort_ProjML">
							<string name="Device" value="Jap_Projector"/>
							<string name="Table" value="Turrets"/>
						</object>
						<object name="TPort_RF_Typ95_02_F2R">
							<string name="Device" value="Director_Typ95_Yamato_02"/>
							<string name="Table" value="Turrets"/>
						</object> 
						<object name="TPort_RF_Typ95_02_F2L">
							<string name="Device" value="Director_Typ95_Yamato_02"/>
							<string name="Table" value="Turrets"/>
						</object>
						<object name="TPort_RF_Typ95_02_F3R">
							<string name="Device" value="Director_Typ95_Yamato_02"/>
							<string name="Table" value="Turrets"/>
						</object> 
						<object name="TPort_RF_Typ95_02_F3L">
							<string name="Device" value="Director_Typ95_Yamato_02"/>
							<string name="Table" value="Turrets"/>
						</object>
						<object name="TPort_RF_Typ95_02_F4R">
							<string name="Device" value=""/>
							<string name="Table" value="Turrets"/>
						</object> 
						<object name="TPort_RF_Typ95_02_F4L">
							<string name="Device" value=""/>
							<string name="Table" value="Turrets"/>
						</object>
						<object name="TPort_RF_Typ95_02_F5R">
							<string name="Device" value="Director_Typ95_Yamato_02"/>
							<string name="Table" value="Turrets"/>
						</object> 
						<object name="TPort_RF_Typ95_02_F5L">
							<string name="Device" value="Director_Typ95_Yamato_02"/>
							<string name="Table" value="Turrets"/>
						</object>
						<object name="TPort_RF_Typ95_02_F6R">
							<string name="Device" value="Director_Typ95_Yamato_02"/>
							<string name="Table" value="Turrets"/>
						</object> 
						<object name="TPort_RF_Typ95_02_F6L">
							<string name="Device" value="Director_Typ95_Yamato_02"/>
							<string name="Table" value="Turrets"/>
						</object>
						<object name="TPort_RF_Typ95_02_BR">
							<string name="Device" value="Director_Typ95_Yamato_02"/>
							<string name="Table" value="Turrets"/>
						</object> 
						<object name="TPort_RF_Typ95_02_BL">
							<string name="Device" value="Director_Typ95_Yamato_02"/>
							<string name="Table" value="Turrets"/>
						</object>
						<object name="TPort_RF_Jap_Mk52_FR">
							<string name="Device" value="Jap_RangeFinder_Mk52"/>
							<string name="Table" value="Turrets"/>
						</object>
						<object name="TPort_RF_Jap_Mk52_FL">
							<string name="Device" value="Jap_RangeFinder_Mk52"/>
							<string name="Table" value="Turrets"/>
						</object>
						<object name="TPort_RF_Jap_Mk52_BR">
							<string name="Device" value="Jap_RangeFinder_Mk52"/>
							<string name="Table" value="Turrets"/>
						</object>
						<object name="TPort_RF_Jap_Mk52_BL">
							<string name="Device" value="Jap_RangeFinder_Mk52"/>
							<string name="Table" value="Turrets"/>
						</object>
						<object name="TPort_RF_Myoko_OP_1var_FR">
							<string name="Device" value="Myoko_Optical_RF_1Var"/>
							<string name="Table" value="Turrets"/>
						</object>
						<object name="TPort_RF_Myoko_OP_1var_FL">
							<string name="Device" value="Myoko_Optical_RF_1Var"/>
							<string name="Table" value="Turrets"/>
						</object>
						<object name="TPort_RF_Myoko_OP_2var_FR">
							<string name="Device" value="Myoko_Optical_RF_2Var"/>
							<string name="Table" value="Turrets"/>
						</object>
						<object name="TPort_RF_Myoko_OP_2var_FL">
							<string name="Device" value="Myoko_Optical_RF_2Var"/>
							<string name="Table" value="Turrets"/>
						</object>
						<object name="TPort_RF_Myoko_Dir_3var_B1">
							<string name="Device" value="Myoko_Director_3Var"/>
							<string name="Table" value="Turrets"/>
						</object>
						<object name="TPort_RF_Myoko_Dir_3var_B2">
							<string name="Device" value="Myoko_Director_3Var"/>
							<string name="Table" value="Turrets"/>
						</object>
						<object name="TPort_RF_Myoko_Dir_2var_FR">
							<string name="Device" value="Myoko_Director_2Var"/>
							<string name="Table" value="Turrets"/>
						</object>
						<object name="TPort_RF_Myoko_Dir_2var_FL">
							<string name="Device" value="Myoko_Director_2Var"/>
							<string name="Table" value="Turrets"/>
						</object>
						<object name="TPort_RF_Myoko_OP_1var_F2R">
							<string name="Device" value="Myoko_Optical_RF_1Var"/>
							<string name="Table" value="Turrets"/>
						</object>
						<object name="TPort_RF_Myoko_OP_1var_F2L">
							<string name="Device" value="Myoko_Optical_RF_1Var"/>
							<string name="Table" value="Turrets"/>
						</object>
						<object name="TPort_Main_Gun_Director1">
							<string name="Device" value="Director_Typ95_Yamato_03"/>
							<string name="Table" value="Turrets"/>
						</object>
						<object name="TPort_Main_Gun_Director2">
							<string name="Device" value="Myoko_Director_1Var"/>
							<string name="Table" value="Turrets"/>
						</object>
						<object name="TPort_Main_Gun_Director3">
							<string name="Device" value="Myoko_Optical_MG"/>
							<string name="Table" value="Turrets"/>
						</object>
						<object name="TPort_RADAR1">
							<string name="Device" value="Radar_Typ13"/>
							<string name="Table" value="Turrets"/>
						</object>
						<object name="TPort_RADAR2">
							<string name="Device" value="Radar_Typ13_2"/>
							<string name="Table" value="Turrets"/>
						</object>
						<object name="TPort_RADAR3">
							<string name="Device" value="Radar_Typ21"/>
							<string name="Table" value="Turrets"/>
						</object>
						<object name="TPort_RADAR4">
							<string name="Device" value="Radar_Typ_22"/>
							<string name="Table" value="Turrets"/>
						</object>
						<object name="TPort_RADAR5">
							<string name="Device" value="Radar_Typ_22"/>
							<string name="Table" value="Turrets"/>
						</object>
						<object name="TPort_KATAPULT1">
							<string name="Device" value="Katapulta"/>
							<string name="Table" value="Turrets"/>
						</object>
						<object name="TPort_KATAPULT2">
							<string name="Device" value="Katapulta"/>
							<string name="Table" value="Turrets"/>
						</object>
						
						<object name="TPort_VINTBR">
							<string name="Device" value="Vint_Fletcher"/>
							<string name="Table" value="Turrets"/>
						</object>
						<object name="TPort_VINTBL">
							<string name="Device" value="Vint_Fletcher"/>
							<string name="Table" value="Turrets"/>
						</object> 
						<object name="TPort_VINTFR">
							<string name="Device" value="Vint_Fletcher"/>
							<string name="Table" value="Turrets"/>
						</object>
						<object name="TPort_VINTFL">
							<string name="Device" value="Vint_Fletcher"/>
							<string name="Table" value="Turrets"/>
						</object>	  
						<object name="ZPort_AAGunContr1">
							<string name="Device" value="Typ94_AA"/>
							<string name="Table" value="AimSystems"/>
						</object>
						<object name="ZPort_Jammer_US_A1">
							<string name="Device" value=""/>
							<string name="Table" value="Probes"/>
						</object>
						<object name="ZPort_MainGunContr">
							<string name="Device" value="Typ94R_M"/>
							<string name="Table" value="AimSystems"/>
						</object>
						<object name="ZPort_Radio">
							<string name="Device" value="J_ShipRadioHF"/>
							<string name="Table" value="Probes"/>
						</object>
						<object name="ZPort_Sonar">
							<string name="Device" value="Broadband_J"/>
							<string name="Table" value="Probes"/>
						</object>
						<object name="ZPort_SteamTurbine_01">
							<string name="Device" value="MPP_Takao"/>
							<string name="Table" value="Engins"/>
						</object>
					</object>
					<string name="Sonar" value="Broadband_J"/>
					<float name="Speed" value="14."/>
					<string name="SuperRifles" value="Jap_Torp_App_4x.12."/>
					<float name="VolleyWeight" value="6.84120083"/>
					<float name="Weight" value="14119.6338"/>
				</object>
			</object>
		</object>
	</object>
</root>