<?xml version="1.0" standalone="yes" ?>
<root>
	<object name="SteelMonstersParams">
		<object name="Airplanes">
			<object name="Cant25">
				<float name="Aluminium" value="2.6"/>
				<string name="Basing" value="ShipWater"/>
				<float name="CX" value="9.15e-002"/>
				<boolean name="CanBeChanged" value="true"/>
				<boolean name="CanDive" value="true"/>
				<boolean name="CanUseTorpedos" value="true"/>
				<integer name="Country" value="5"/>
				<integer name="Crew" value="2"/>
				<float name="CxZk" value="-0.6"/>
				<float name="CyZk" value="0.416"/>
				<float name="DTimeProd" value="2."/>
				<integer name="DefaultRack" value="1"/>
				<float name="EPR" value="5.1"/>
				<string name="EngineType" value="REngine"/>
				<float name="Fuel" value="0.77"/>
				<integer name="FuelMax" value="0"/>
				<float name="Iron" value="1.32"/>
				<float name="KompEl" value="15."/>
				<float name="MaxSpeed" value="439."/>
				<float name="MaxWeight" value="4.5"/>
				<integer name="MinCrew" value="1"/>
				<float name="MinSpeed" value="130."/>
				<boolean name="MissingsChecked" value="false"/>
				<float name="Money" value="6."/>
				<float name="ND" value="4."/>
				<float name="NTimeProd" value="35."/>
				<string name="Name" value="Cant25"/>
				<boolean name="New" value="true"/>
				<float name="Nz_max" value="0."/>
				<integer name="Passengers" value="0"/>
				<string name="RacksVsAirplane" value="1"/>
				<string name="RacksVsBuilding" value="4;2"/>
				<string name="RacksVsShip" value="2;4"/>
				<string name="RacksVsSubmarine" value="3"/>
				<integer name="Range" value="2000"/>
				<integer name="Rank" value="6"/>
				<integer name="RefuelManCount" value="2"/>
				<integer name="RefuelSpeed" value="540"/>
				<integer name="ReloadManCount" value="4"/>
				<integer name="ReloadSpeed" value="480"/>
				<integer name="RepairManCount" value="10"/>
				<integer name="RepairSpeed" value="6000"/>
				<string name="SMU" value="Cant25"/>
				<float name="SeBe" value="0.39"/>
				<float name="Skr" value="24.34"/>
				<float name="Speed" value="220."/>
				<float name="StoreCapacity" value="1.3"/>
				<integer name="Type" value="21"/>
				<float name="Vitality" value="0.52"/>
				<float name="Weight" value="1.9"/>
				<integer name="Year" value="40"/>
			</object>
		</object>
		<object name="UnitsByType">
			<object name="21">
				<object name="Cant25">
					<string name="ChildTable" value="Airplanes"/>
				</object>
			</object>
		</object>
	</object>
</root>
