<?xml version="1.0" standalone="yes" ?>
<root>
	<object name="Modifications">
		<object name="Airplanes">
			<object name="Cant25">
				<object name="Prototype">
					<string name="AAGunControl" value=""/>
					<float name="AAVolleyWeight" value="3.078e-002"/>
					<float name="Aluminium" value="2.8"/>
					<float name="AmmoWeight" value="2.9e-002"/>
					<float name="Armour" value="0."/>
					<float name="FuelConsumption" value="0.084368"/>
					<float name="FuelProtect" value="0."/>
					<string name="FullModName" value="Airplanes.Cant25.Prototype"/>
					<float name="Iron" value="1.32"/>
					<boolean name="IsJammer" value="false"/>
					<string name="MainGunControl" value=""/>
					<float name="MaxAmmoWeight" value="1.2"/>
					<float name="MaxFuel" value="0.77"/>
					<float name="MaxSpeed" value="439."/>
					<float name="MinSpeed" value="130."/>
					<float name="Money" value="6."/>
					<widestring name="Name" value="PQA2AEEA"/>
					<float name="RadarRange" value="0."/>
					<float name="RadioGain" value="168.9189"/>
					<float name="RadioPowerHF" value="0."/>
					<float name="RadioPowerVHF" value="10."/>
					<float name="RadioSensitivityHF" value="0."/>
					<float name="RadioSensitivityVHF" value="5.92e-002"/>
					<object name="Slots">
						<object name="TPort_01">
							<string name="Device" value="Ho_103_250_Turret"/>
							<string name="Table" value="Turrets"/>
						</object>
						<object name="ZPort_Aim_01">
							<string name="Device" value="FT_B_BS"/>
							<string name="Table" value="AimSystems"/>
						</object>
						<object name="ZPort_Armor_01">
							<string name="Device" value=""/>
							<string name="Table" value="Construc"/>
						</object>
						<object name="ZPort_Gun_01">
							<string name="Device" value="Ho_103_250_Zport"/>
							<string name="Table" value="Rifles"/>
						</object>
						<object name="ZPort_Gun_02">
							<string name="Device" value="Ho_103_250_Zport"/>
							<string name="Table" value="Rifles"/>
						</object>
						<object name="ZPort_JammerP_01">
							<string name="Device" value=""/>
							<string name="Table" value="Probes"/>
						</object>
						<object name="ZPort_Motor_01">
							<string name="Device" value="MK8_Kasey_43"/>
							<string name="Table" value="Engins"/>
						</object>
						<object name="ZPort_Protector_01">
							<string name="Device" value=""/>
							<string name="Table" value="Construc"/>
						</object>
						<object name="ZPort_Radio_01">
							<string name="Device" value="RadioType1mk3"/>
							<string name="Table" value="Probes"/>
						</object>
					</object>
					<string name="Sonar" value=""/>
					<float name="Speed" value="220."/>
					<string name="SuperRifles" value=""/>
					<float name="VolleyWeight" value="0."/>
					<float name="Weight" value="2.521"/>
				</object>
			</object>
		</object>
	</object>
</root>
