<?xml version="1.0" standalone="yes" ?>
<root>
	<object name="Prototypes">
		<object name="Airplanes">
			<object name="Cant25">
				<object name="Slots">
					<object name="TPort_01">
						<integer name="icon_x" value="494"/>
						<integer name="icon_y" value="67"/>
					</object>
					<object name="ZPort_Aim_01">
						<integer name="icon_x" value="352"/>
						<integer name="icon_y" value="69"/>
					</object>
					<object name="ZPort_Armor_01">
						<integer name="icon_x" value="209"/>
						<integer name="icon_y" value="69"/>
					</object>
					<object name="ZPort_Gun_02">
						<object name="SubSlots">
							<object name="ZPort_Gun_01">
								<integer name="icon_x" value="126"/>
								<integer name="icon_y" value="3"/>
							</object>
						</object>
						<integer name="icon_x" value="12"/>
						<integer name="icon_y" value="44"/>
					</object>
					<object name="ZPort_JammerP_01">
						<integer name="icon_x" value="167"/>
						<integer name="icon_y" value="3"/>
					</object>
					<object name="ZPort_Motor_01">
						<integer name="icon_x" value="4"/>
						<integer name="icon_y" value="296"/>
					</object>
					<object name="ZPort_Protector_01">
						<integer name="icon_x" value="217"/>
						<integer name="icon_y" value="298"/>
					</object>
					<object name="ZPort_Radio_01">
						<integer name="icon_x" value="351"/>
						<integer name="icon_y" value="297"/>
					</object>
				</object>
			</object>
		</object>
	</object>
</root>
