﻿<?xml version="1.0" standalone="yes" ?>
<root>
	<object name="SteelMonstersParams">
		<object name="Hit_Location">
			<object name="3271">
				<string name="ConnectName" value="Engine1"/>
				<integer name="Country" value="2"/>
				<float name="ER" value="80."/>
				<string name="Hull" value="Std_Mover"/>
				<string name="Name" value="Mover1"/>
				<string name="TypHL" value="Mover"/>
				<string name="UnitName" value="Shimushu"/>
			</object>
			<object name="3272">
				<string name="ConnectName" value="Engine2"/>
				<integer name="Country" value="2"/>
				<float name="ER" value="80."/>
				<string name="Hull" value="Std_Mover"/>
				<string name="Name" value="Mover2"/>
				<string name="TypHL" value="Mover"/>
				<string name="UnitName" value="Shimushu"/>
			</object>
			<object name="3273">
				<string name="ConnectName" value="Tiller"/>
				<integer name="Country" value="2"/>
				<float name="ER" value="80."/>
				<string name="Hull" value="Std_Rudder"/>
				<string name="Name" value="Rudder"/>
				<string name="TypHL" value="Rudder"/>
				<string name="UnitName" value="Shimushu"/>
			</object>
			<object name="3274">
				<integer name="Country" value="2"/>
				<float name="ER" value="100."/>
				<string name="Hull" value="Std_AS_T1"/>
				<string name="Name" value="AmmoStore_3"/>
				<float name="Param_1" value="0."/>
				<string name="TypHL" value="AmmoStore"/>
				<string name="UnitName" value="Shimushu"/>
			</object>
			<object name="3275">
				<integer name="Country" value="2"/>
				<float name="ER" value="100."/>
				<string name="Hull" value="Std_AS_T1"/>
				<string name="Name" value="AmmoStore_2"/>
				<float name="Param_1" value="0."/>
				<string name="TypHL" value="AmmoStore"/>
				<string name="UnitName" value="Shimushu"/>
			</object>
			<object name="3276">
				<integer name="Country" value="2"/>
				<float name="ER" value="100."/>
				<string name="Hull" value="Shimushu_Ordinary"/>
				<string name="Name" value="BattleCabine"/>
				<string name="TypHL" value="Hull"/>
				<string name="UnitName" value="Shimushu"/>
			</object>
			<object name="3277">
				<integer name="Country" value="2"/>
				<float name="ER" value="30."/>
				<string name="Hull" value="Std_Probe"/>
				<string name="Name" value="Radar"/>
				<string name="TypHL" value="Probe"/>
				<string name="UnitName" value="Shimushu"/>
			</object>
			<object name="3278">
				<integer name="Country" value="2"/>
				<float name="ER" value="30."/>
				<string name="Hull" value="Std_Probe"/>
				<string name="Name" value="Radio"/>
				<string name="TypHL" value="Probe"/>
				<string name="UnitName" value="Shimushu"/>
			</object>
			<object name="3279">
				<integer name="Country" value="2"/>
				<float name="ER" value="30."/>
				<string name="Hull" value="Std_Probe"/>
				<string name="Name" value="Probe_MG"/>
				<string name="TypHL" value="Probe"/>
				<string name="UnitName" value="Shimushu"/>
			</object>
			<object name="3280">
				<integer name="Country" value="2"/>
				<float name="ER" value="30."/>
				<string name="Hull" value="Std_Probe"/>
				<string name="Name" value="Probe_AA"/>
				<string name="TypHL" value="Probe"/>
				<string name="UnitName" value="Shimushu"/>
			</object>
			<object name="3282">
				<integer name="Country" value="2"/>
				<float name="ER" value="80."/>
				<string name="Hull" value="Std_Bottom"/>
				<string name="Name" value="Middle1_Bottom"/>
				<string name="TypHL" value="Hull"/>
				<string name="UnitName" value="Shimushu"/>
			</object>
			<object name="3283">
				<integer name="Country" value="2"/>
				<float name="ER" value="80."/>
				<string name="Hull" value="Shimushu_Ordinary"/>
				<string name="Name" value="Middle1_Deck"/>
				<string name="TypHL" value="Hull"/>
				<string name="UnitName" value="Shimushu"/>
			</object>
			<object name="3284">
				<integer name="Country" value="2"/>
				<float name="ER" value="30."/>
				<string name="Hull" value="Std_Probe"/>
				<string name="Name" value="Sonar"/>
				<string name="TypHL" value="Probe"/>
				<string name="UnitName" value="Shimushu"/>
			</object>
			<object name="3286">
				<integer name="Country" value="2"/>
				<float name="ER" value="80."/>
				<string name="Hull" value="Std_Bottom"/>
				<string name="Name" value="Middle2_Bottom"/>
				<string name="TypHL" value="FuelTank"/>
				<string name="UnitName" value="Shimushu"/>
			</object>
			<object name="3287">
				<integer name="Country" value="2"/>
				<float name="ER" value="80."/>
				<string name="Hull" value="Shimushu_Ordinary"/>
				<string name="Name" value="Middle2_Deck"/>
				<string name="TypHL" value="Hull"/>
				<string name="UnitName" value="Shimushu"/>
			</object>
			<object name="3288">
				<integer name="Country" value="2"/>
				<float name="ER" value="80."/>
				<string name="Hull" value="Std_Boiler"/>
				<string name="Name" value="Middle2_Boiler"/>
				<string name="TypHL" value="Boiler"/>
				<string name="UnitName" value="Shimushu"/>
			</object>
			<object name="3290">
				<integer name="Country" value="2"/>
				<float name="ER" value="80."/>
				<string name="Hull" value="Std_Boiler"/>
				<string name="Name" value="Middle3_Boiler"/>
				<string name="TypHL" value="Boiler"/>
				<string name="UnitName" value="Shimushu"/>
			</object>
			<object name="3291">
				<integer name="Country" value="2"/>
				<float name="ER" value="80."/>
				<string name="Hull" value="Shimushu_Ordinary"/>
				<string name="Name" value="Middle3_Deck"/>
				<string name="TypHL" value="Hull"/>
				<string name="UnitName" value="Shimushu"/>
			</object>
			<object name="3292">
				<integer name="Country" value="2"/>
				<float name="ER" value="80."/>
				<string name="Hull" value="Std_Bottom"/>
				<string name="Name" value="Middle3_Bottom"/>
				<string name="TypHL" value="FuelTank"/>
				<string name="UnitName" value="Shimushu"/>
			</object>
			<object name="3294">
				<integer name="Country" value="2"/>
				<float name="ER" value="80."/>
				<string name="Hull" value="Shimushu_Ordinary"/>
				<string name="Name" value="Middle4_Deck"/>
				<string name="TypHL" value="Hull"/>
				<string name="UnitName" value="Shimushu"/>
			</object>
			<object name="3295">
				<string name="ConnectName" value="Middle3_Boiler;Middle2_Boiler"/>
				<integer name="Country" value="2"/>
				<float name="ER" value="80."/>
				<string name="Hull" value="Std_Engine"/>
				<string name="Name" value="Engine1"/>
				<string name="TypHL" value="Engine"/>
				<string name="UnitName" value="Shimushu"/>
			</object>
			<object name="3296">
				<string name="ConnectName" value="Middle3_Boiler;Middle2_Boiler"/>
				<integer name="Country" value="2"/>
				<float name="ER" value="80."/>
				<string name="Hull" value="Std_Engine"/>
				<string name="Name" value="Engine2"/>
				<string name="TypHL" value="Engine"/>
				<string name="UnitName" value="Shimushu"/>
			</object>
			<object name="3297">
				<integer name="Country" value="2"/>
				<float name="ER" value="80."/>
				<string name="Hull" value="Std_Bottom"/>
				<string name="Name" value="Middle4_Bottom"/>
				<string name="TypHL" value="FuelTank"/>
				<string name="UnitName" value="Shimushu"/>
			</object>
			<object name="3298">
				<integer name="Country" value="2"/>
				<float name="ER" value="80."/>
				<string name="Hull" value="Std_Bottom"/>
				<string name="Name" value="Bow1_Bottom"/>
				<string name="TypHL" value="Hull"/>
				<string name="UnitName" value="Shimushu"/>
			</object>
			<object name="3299">
				<integer name="Country" value="2"/>
				<float name="ER" value="80."/>
				<string name="Hull" value="Shimushu_Ordinary"/>
				<string name="Name" value="Bow1_Deck"/>
				<string name="TypHL" value="Hull"/>
				<string name="UnitName" value="Shimushu"/>
			</object>
			<object name="3300">
				<integer name="Country" value="2"/>
				<float name="ER" value="100."/>
				<string name="Hull" value="Std_AS_T1"/>
				<string name="Name" value="AmmoStore_1"/>
				<float name="Param_1" value="0."/>
				<string name="TypHL" value="AmmoStore"/>
				<string name="UnitName" value="Shimushu"/>
			</object>
			<object name="3301">
				<integer name="Country" value="2"/>
				<float name="ER" value="80."/>
				<string name="Hull" value="Shimushu_Ordinary"/>
				<string name="Name" value="Stern1_Deck"/>
				<string name="TypHL" value="Hull"/>
				<string name="UnitName" value="Shimushu"/>
			</object>
			<object name="3302">
				<integer name="Country" value="2"/>
				<float name="ER" value="100."/>
				<string name="Hull" value="Std_AS_T1"/>
				<string name="Name" value="AmmoStore_4"/>
				<float name="Param_1" value="0."/>
				<string name="TypHL" value="AmmoStore"/>
				<string name="UnitName" value="Shimushu"/>
			</object>
			<object name="3303">
				<integer name="Country" value="2"/>
				<float name="ER" value="80."/>
				<string name="Hull" value="Shimushu_Ordinary"/>
				<string name="Name" value="Stern2_Deck"/>
				<string name="TypHL" value="Hull"/>
				<string name="UnitName" value="Shimushu"/>
			</object>
			<object name="3304">
				<integer name="Country" value="2"/>
				<float name="ER" value="50."/>
				<string name="Hull" value="Std_Hull"/>
				<string name="Name" value="Tiller"/>
				<string name="TypHL" value="Hull"/>
				<string name="UnitName" value="Shimushu"/>
			</object>
			<object name="9303">
				<integer name="Country" value="2"/>
				<integer name="Crew" value="40"/>
				<float name="ER" value="50."/>
				<string name="Hull" value="Shimushu_Ordinary"/>
				<string name="Name" value="ConingBridje"/>
				<string name="TypHL" value="Crew"/>
				<string name="UnitName" value="Shimushu"/>
			</object>
			<object name="9304">
				<integer name="Country" value="2"/>
				<integer name="Crew" value="40"/>
				<float name="ER" value="50."/>
				<string name="Hull" value="Shimushu_Ordinary"/>
				<string name="Name" value="BowSuperstructure"/>
				<string name="TypHL" value="Crew"/>
				<string name="UnitName" value="Shimushu"/>
			</object>
			<object name="9305">
				<integer name="Country" value="2"/>
				<integer name="Crew" value="50"/>
				<float name="ER" value="50."/>
				<string name="Hull" value="Shimushu_Ordinary"/>
				<string name="Name" value="SternSuperstructure"/>
				<string name="TypHL" value="Crew"/>
				<string name="UnitName" value="Shimushu"/>
			</object>
			<object name="9306">
				<integer name="Country" value="2"/>
				<float name="ER" value="50."/>
				<string name="Hull" value="Std_Hull"/>
				<string name="Name" value="SmokeStack"/>
				<string name="TypHL" value="Hull"/>
				<string name="UnitName" value="Shimushu"/>
			</object>
		</object>
		<object name="Hulls">	
			<object name="Shimushu_Ordinary">
				<integer name="Back" value="20"/>
				<integer name="Bottom" value="10"/>
				<integer name="Country" value="2"/>
				<float name="ExplProb" value="0."/>
				<float name="FireProb" value="15."/>
				<integer name="Front" value="20"/>
				<integer name="Left" value="20"/>
				<string name="Material" value="Steel"/>
				<integer name="Right" value="20"/>
				<integer name="Top" value="10"/>
				<integer name="UnitName" value="0"/>
				<string name="UnitTyp" value="Ship"/>
			</object>
		</object>
	</object>
</root>
