﻿<?xml version = "1.0" encoding = "UTF-8"?>
<root>
	<object name = "SteelMonstersParams">
		<object name="Ships">
			<object name="Shoho">
				<float name="AccelRate" value="3.e-004"/>
				<string name="Airgroup" value="LightAircraftCarrier_AirGroup_Shoho_japan"/>
				<integer name="AirplanesCount" value="30"/>
				<string name="AmmoLoadingTemplate" value="Ammo 100, Torp_Jap_Mk91 50, Torp_Jap_Mk91_M_I 20, Torp_Jap_Mk91_A_SA 20"/>
				<integer name="Avia" value="2"/>
				<boolean name="BoatsTransportationAbility" value="false"/>
				<integer name="CabinArmor" value="25"/>
				<boolean name="CanBeChanged" value="true"/>
				<boolean name="CanUseTorpedos" value="false"/>
				<integer name="Country" value="2"/>
				<integer name="Crew" value="785"/>
				<float name="CriticalCareen" value="37."/>
				<float name="CriticalDFT" value="2."/>
				<float name="CriticalDifferent" value="2.5"/>
				<float name="DTimeProd" value="100."/>
				<float name="DisplacementMax" value="13100."/>
				<float name="EPR" value="385."/>
				<float name="FireRisk" value="1500."/>
				<float name="Fuel" value="2600."/>
				<integer name="HullArmorSide" value="76"/>
				<integer name="HullArmorTop" value="51"/>
				<float name="Iron" value="12000."/>
				<integer name="Length" value="205"/>
				<float name="MaxSpeed" value="28."/>
				<integer name="MinCrew" value="350"/>
				<float name="Money" value="6000."/>
				<float name="NTimeProd" value="225."/>
				<string name="Name" value="Shoho"/>
				<boolean name="New" value="true"/>
				<integer name="Nuc_Dest_Prob" value="800"/>
				<integer name="Passengers" value="80"/>
				<boolean name="PlanesTransportationAbility" value="true"/>
				<float name="Range" value="11000."/>
				<integer name="Rank" value="7"/>
				<string name="SMU" value="Shoho"/>
				<float name="Speed" value="18."/>
				<float name="StoreCapacity" value="450."/>
				<boolean name="Transportable" value="false"/>
				<float name="TurnRate" value="1.5e-003"/>
				<integer name="Type" value="25"/>
				<float name="Vitality" value="4000."/>
				<float name="VitalityAA" value="500."/>
				<float name="Weight" value="11200."/>
				<integer name="Width" value="25"/>
				<integer name="Year" value="40"/>
			</object>
		</object>
		<object name="Hit_Location">
			<object name="AS3402">
				<string name="ConnectName" value="Tiller"/>
				<integer name="Country" value="2"/>
				<float name="ER" value="20."/>
				<string name="Hull" value="Std_Rudder"/>
				<string name="Name" value="Rudder"/>
				<string name="TypHL" value="Rudder"/>
				<string name="UnitName" value="Shoho"/>
			</object>
			<object name="AS3403">
				<string name="ConnectName" value="REngine"/>
				<integer name="Country" value="2"/>
				<float name="ER" value="10."/>
				<string name="Hull" value="Std_Mover"/>
				<string name="Name" value="Mover2"/>
				<string name="TypHL" value="Mover"/>
				<string name="UnitName" value="Shoho"/>
			</object>
			<object name="AS3404">
				<string name="ConnectName" value="LEngine"/>
				<integer name="Country" value="2"/>
				<float name="ER" value="10."/>
				<string name="Hull" value="Std_Mover"/>
				<string name="Name" value="Mover1"/>
				<string name="TypHL" value="Mover"/>
				<string name="UnitName" value="Shoho"/>
			</object>
			<object name="AS3405">
				<integer name="Country" value="2"/>
				<float name="ER" value="200."/>
				<string name="Hull" value="Std_UpperHull"/>
				<string name="Name" value="Bow1_FlightDeck"/>
				<string name="TypHL" value="Hull"/>
				<string name="UnitName" value="Shoho"/>
			</object>
			<object name="AS3406">
				<integer name="Country" value="2"/>
				<float name="ER" value="200."/>
				<string name="Hull" value="Std_UpperHull"/>
				<string name="Name" value="Middle1_FlightDeck"/>
				<string name="TypHL" value="Hull"/>
				<string name="UnitName" value="Shoho"/>
			</object>
			<object name="AS3407">
				<integer name="Country" value="2"/>
				<float name="ER" value="200."/>
				<string name="Hull" value="Std_UpperHull"/>
				<string name="Name" value="Middle2_FlightDeck"/>
				<string name="TypHL" value="Hull"/>
				<string name="UnitName" value="Shoho"/>
			</object>
			<object name="AS3408">
				<integer name="Country" value="2"/>
				<float name="ER" value="200."/>
				<string name="Hull" value="Std_UpperHull"/>
				<string name="Name" value="Middle3_FlightDeck"/>
				<string name="TypHL" value="Hull"/>
				<string name="UnitName" value="Shoho"/>
			</object>
			<object name="AS3409">
				<integer name="Country" value="2"/>
				<float name="ER" value="200."/>
				<string name="Hull" value="Std_UpperHull"/>
				<string name="Name" value="Stern_FlightDeck"/>
				<string name="TypHL" value="Hull"/>
				<string name="UnitName" value="Shoho"/>
			</object>
			<object name="AS3410">
				<integer name="Country" value="2"/>
				<float name="ER" value="200."/>
				<string name="Hull" value="Std_Hull"/>
				<string name="Name" value="BattleCabine"/>
				<string name="TypHL" value="Hull"/>
				<string name="UnitName" value="Shoho"/>
			</object>
			<object name="AS3411">
				<integer name="Country" value="2"/>
				<float name="ER" value="30."/>
				<string name="Hull" value="Std_Probe"/>
				<string name="Name" value="Radar"/>
				<string name="TypHL" value="Probe"/>
				<string name="UnitName" value="Shoho"/>
			</object>
			<object name="AS3412">
				<integer name="Country" value="2"/>
				<float name="ER" value="30."/>
				<string name="Hull" value="Std_Probe"/>
				<string name="Name" value="OperationControl"/>
				<string name="TypHL" value="Hull"/>
				<string name="UnitName" value="Shoho"/>
			</object>
			<object name="AS3413">
				<integer name="Country" value="2"/>
				<float name="ER" value="10."/>
				<string name="Hull" value="Std_Probe"/>
				<string name="Name" value="Radio"/>
				<string name="TypHL" value="Probe"/>
				<string name="UnitName" value="Shoho"/>
			</object>
			<object name="AS3414">
				<integer name="Country" value="2"/>
				<float name="ER" value="30."/>
				<string name="Hull" value="Std_Probe"/>
				<string name="Name" value="Probe_AA"/>
				<string name="TypHL" value="Probe"/>
				<string name="UnitName" value="Shoho"/>
			</object>
			<object name="AS3416">
				<integer name="Country" value="2"/>
				<float name="ER" value="100."/>
				<string name="Hull" value="Std_Hull"/>
				<string name="Name" value="Bow_Elevator"/>
				<string name="TypHL" value="Hull"/>
				<string name="UnitName" value="Shoho"/>
			</object>
			<object name="AS3417">
				<integer name="Country" value="2"/>
				<float name="ER" value="200."/>
				<string name="Hull" value="Std_Bottom"/>
				<string name="Name" value="Middle1_LBottom"/>
				<string name="TypHL" value="Hull"/>
				<string name="UnitName" value="Shoho"/>
			</object>
			<object name="AS3418">
				<integer name="Country" value="2"/>
				<float name="ER" value="200."/>
				<string name="Hull" value="Std_Bottom"/>
				<string name="Name" value="Middle1_RBottom"/>
				<string name="TypHL" value="Hull"/>
				<string name="UnitName" value="Shoho"/>
			</object>
			<object name="AS3419">
				<integer name="Country" value="2"/>
				<float name="ER" value="200."/>
				<string name="Hull" value="Std_Hull"/>
				<string name="Name" value="Middle1_LowerDeck"/>
				<string name="TypHL" value="Hull"/>
				<string name="UnitName" value="Shoho"/>
			</object>
			<object name="AS3420">
				<integer name="Country" value="2"/>
				<integer name="Crew" value="860"/>
				<float name="ER" value="100."/>
				<string name="Hull" value="Std_Probe"/>
				<string name="Name" value="DamageControl"/>
				<string name="TypHL" value="Crew"/>
				<string name="UnitName" value="Shoho"/>
			</object>
			<object name="AS3421">
				<integer name="Country" value="2"/>
				<float name="ER" value="100."/>
				<string name="Hull" value="Std_UpperHull"/>
				<string name="Name" value="Middle1_Hungur"/>
				<string name="TypHL" value="Hull"/>
				<string name="UnitName" value="Shoho"/>
			</object>
			<object name="AS3422">
				<integer name="Country" value="2"/>
				<float name="ER" value="200."/>
				<string name="Hull" value="Std_Hull"/>
				<string name="Name" value="Middle1_MiddleDeck"/>
				<string name="TypHL" value="Hull"/>
				<string name="UnitName" value="Shoho"/>
			</object>
			<object name="AS3423">
				<integer name="Country" value="2"/>
				<float name="ER" value="150."/>
				<string name="Hull" value="Std_AFuelTank"/>
				<string name="Name" value="AFuelTank"/>
				<string name="TypHL" value="FuelTank"/>
				<string name="UnitName" value="Shoho"/>
			</object>
			<object name="AS3425">
				<integer name="Country" value="2"/>
				<float name="ER" value="200."/>
				<string name="Hull" value="Std_Bottom"/>
				<string name="Name" value="Middle2_RBottom"/>
				<string name="TypHL" value="Hull"/>
				<string name="UnitName" value="Shoho"/>
			</object>
			<object name="AS3426">
				<integer name="Country" value="2"/>
				<float name="ER" value="200."/>
				<string name="Hull" value="Std_Bottom"/>
				<string name="Name" value="Middle2_LBottom"/>
				<string name="TypHL" value="Hull"/>
				<string name="UnitName" value="Shoho"/>
			</object>
			<object name="AS3427">
				<integer name="Country" value="2"/>
				<float name="ER" value="200."/>
				<string name="Hull" value="Std_BoilerHull"/>
				<string name="Name" value="Middle2_LBoilerCover"/>
				<string name="TypHL" value="Hull"/>
				<string name="UnitName" value="Shoho"/>
			</object>
			<object name="AS3428">
				<integer name="Country" value="2"/>
				<float name="ER" value="80."/>
				<string name="Hull" value="Std_Boiler"/>
				<string name="Name" value="Boiler1"/>
				<string name="TypHL" value="Boiler"/>
				<string name="UnitName" value="Shoho"/>
			</object>
			<object name="AS3429">
				<integer name="Country" value="2"/>
				<float name="ER" value="80."/>
				<string name="Hull" value="Std_Boiler"/>
				<string name="Name" value="Boiler3"/>
				<string name="TypHL" value="Boiler"/>
				<string name="UnitName" value="Shoho"/>
			</object>
			<object name="AS3430">
				<integer name="Country" value="2"/>
				<float name="ER" value="200."/>
				<string name="Hull" value="Std_BoilerHull"/>
				<string name="Name" value="Middle2_RBoilerCover"/>
				<string name="TypHL" value="Hull"/>
				<string name="UnitName" value="Shoho"/>
			</object>
			<object name="AS3431">
				<integer name="Country" value="2"/>
				<float name="ER" value="80."/>
				<string name="Hull" value="Std_Boiler"/>
				<string name="Name" value="Boiler2"/>
				<string name="TypHL" value="Boiler"/>
				<string name="UnitName" value="Shoho"/>
			</object>
			<object name="AS3432">
				<integer name="Country" value="2"/>
				<float name="ER" value="80."/>
				<string name="Hull" value="Std_Boiler"/>
				<string name="Name" value="Boiler4"/>
				<string name="TypHL" value="Boiler"/>
				<string name="UnitName" value="Shoho"/>
			</object>
			<object name="AS3433">
				<integer name="Country" value="2"/>
				<float name="ER" value="200."/>
				<string name="Hull" value="Std_UpperHull"/>
				<string name="Name" value="Middle2_Hungur"/>
				<string name="TypHL" value="Hull"/>
				<string name="UnitName" value="Shoho"/>
			</object>
			<object name="AS3435">
				<integer name="Country" value="2"/>
				<float name="ER" value="200."/>
				<string name="Hull" value="Std_EngineHull"/>
				<string name="Name" value="Middle3_LEngineCover"/>
				<string name="TypHL" value="Hull"/>
				<string name="UnitName" value="Shoho"/>
			</object>
			<object name="AS3436">
				<string name="ConnectName" value="Boiler1;Boiler3;"/>
				<integer name="Country" value="2"/>
				<float name="ER" value="120."/>
				<string name="Hull" value="Std_Hull"/>
				<string name="Name" value="LEngine"/>
				<string name="TypHL" value="Engine"/>
				<string name="UnitName" value="Shoho"/>
			</object>
			<object name="AS3437">
				<integer name="Country" value="2"/>
				<float name="ER" value="200."/>
				<string name="Hull" value="Std_Bottom"/>
				<string name="Name" value="Middle3_LBottom"/>
				<string name="TypHL" value="Hull"/>
				<string name="UnitName" value="Shoho"/>
			</object>
			<object name="AS3438">
				<integer name="Country" value="2"/>
				<float name="ER" value="200."/>
				<string name="Hull" value="Std_EngineHull"/>
				<string name="Name" value="Middle3_REngineCover"/>
				<string name="TypHL" value="Hull"/>
				<string name="UnitName" value="Shoho"/>
			</object>
			<object name="AS3439">
				<string name="ConnectName" value="Boiler2;Boiler4;"/>
				<integer name="Country" value="2"/>
				<float name="ER" value="120."/>
				<string name="Hull" value="Std_Engine"/>
				<string name="Name" value="REngine"/>
				<string name="TypHL" value="Engine"/>
				<string name="UnitName" value="Shoho"/>
			</object>
			<object name="AS3440">
				<integer name="Country" value="2"/>
				<float name="ER" value="200."/>
				<string name="Hull" value="Std_Bottom"/>
				<string name="Name" value="Middle3_RBottom"/>
				<string name="TypHL" value="Hull"/>
				<string name="UnitName" value="Shoho"/>
			</object>
			<object name="AS3441">
				<integer name="Country" value="2"/>
				<float name="ER" value="200."/>
				<string name="Hull" value="Std_Hull"/>
				<string name="Name" value="Middle3_MiddleDeck"/>
				<string name="TypHL" value="Hull"/>
				<string name="UnitName" value="Shoho"/>
			</object>
			<object name="AS3442">
				<integer name="Country" value="2"/>
				<float name="ER" value="150."/>
				<string name="Hull" value="Std_AS_T1"/>
				<string name="Name" value="Middle3_AmmoStore"/>
				<string name="TypHL" value="AmmoStore"/>
				<string name="UnitName" value="Shoho"/>
			</object>
			<object name="AS3443">
				<integer name="Country" value="2"/>
				<float name="ER" value="200."/>
				<string name="Hull" value="Std_UpperHull"/>
				<string name="Name" value="Middle3_HungurDeck"/>
				<string name="TypHL" value="Hull"/>
				<string name="UnitName" value="Shoho"/>
			</object>
			<object name="AS3445">
				<integer name="Country" value="2"/>
				<float name="ER" value="100."/>
				<string name="Hull" value="Std_Hull"/>
				<string name="Name" value="Stern_Elevator"/>
				<string name="TypHL" value="Hull"/>
				<string name="UnitName" value="Shoho"/>
			</object>
			<object name="AS3446">
				<integer name="Country" value="2"/>
				<float name="ER" value="200."/>
				<string name="Hull" value="Std_Bottom"/>
				<string name="Name" value="Stern1_Bottom"/>
				<string name="TypHL" value="Hull"/>
				<string name="UnitName" value="Shoho"/>
			</object>
			<object name="AS3447">
				<integer name="Country" value="2"/>
				<float name="ER" value="200."/>
				<string name="Hull" value="Std_Hull"/>
				<string name="Name" value="Stern1_LowerDeck"/>
				<string name="TypHL" value="Hull"/>
				<string name="UnitName" value="Shoho"/>
			</object>
			<object name="AS3448">
				<integer name="Country" value="2"/>
				<float name="ER" value="200."/>
				<string name="Hull" value="Std_Hull"/>
				<string name="Name" value="Stern1_MiddleDeck"/>
				<string name="TypHL" value="Hull"/>
				<string name="UnitName" value="Shoho"/>
			</object>
			<object name="AS3449">
				<integer name="Country" value="2"/>
				<float name="ER" value="150."/>
				<string name="Hull" value="Std_AS_T1"/>
				<string name="Name" value="Stern1_AmmStore"/>
				<string name="TypHL" value="AmmoStore"/>
				<string name="UnitName" value="Shoho"/>
			</object>
			<object name="AS3450">
				<integer name="Country" value="2"/>
				<float name="ER" value="200."/>
				<string name="Hull" value="Std_UpperHull"/>
				<string name="Name" value="Stern1_Hungur"/>
				<string name="TypHL" value="Hull"/>
				<string name="UnitName" value="Shoho"/>
			</object>
			<object name="AS3451">
				<integer name="Country" value="2"/>
				<float name="ER" value="200."/>
				<string name="Hull" value="Std_Bottom"/>
				<string name="Name" value="Bow1_Bottom"/>
				<string name="TypHL" value="Hull"/>
				<string name="UnitName" value="Shoho"/>
			</object>
			<object name="AS3452">
				<integer name="Country" value="2"/>
				<float name="ER" value="200."/>
				<string name="Hull" value="Std_Hull"/>
				<string name="Name" value="Bow1_LowerDeck"/>
				<string name="TypHL" value="Hull"/>
				<string name="UnitName" value="Shoho"/>
			</object>
			<object name="AS3453">
				<integer name="Country" value="2"/>
				<float name="ER" value="200."/>
				<string name="Hull" value="Std_UpperHull"/>
				<string name="Name" value="Stern2_Deck"/>
				<string name="TypHL" value="Hull"/>
				<string name="UnitName" value="Shoho"/>
			</object>
			<object name="AS3454">
				<integer name="Country" value="2"/>
				<float name="ER" value="100."/>
				<string name="Hull" value="Std_Hull"/>
				<string name="Name" value="Tiller"/>
				<string name="TypHL" value="Hull"/>
				<string name="UnitName" value="Shoho"/>
			</object>
			<object name="AS3455">
				<integer name="Country" value="2"/>
				<float name="ER" value="200."/>
				<string name="Hull" value="Std_Hull"/>
				<string name="Name" value="Bow1_MiddleDeck1"/>
				<string name="TypHL" value="Hull"/>
				<string name="UnitName" value="Shoho"/>
			</object>
			<object name="AS3456">
				<integer name="Country" value="2"/>
				<float name="ER" value="150."/>
				<string name="Hull" value="Std_AS_T1"/>
				<string name="Name" value="AmmoStore"/>
				<string name="TypHL" value="AmmoStore"/>
				<string name="UnitName" value="Shoho"/>
			</object>
			<object name="AS3457">
				<integer name="Country" value="2"/>
				<float name="ER" value="200."/>
				<string name="Hull" value="Std_Hull"/>
				<string name="Name" value="Bow1_MiddleDeck2"/>
				<string name="TypHL" value="Hull"/>
				<string name="UnitName" value="Shoho"/>
			</object>
			<object name="AS3458">
				<integer name="Country" value="2"/>
				<float name="ER" value="200."/>
				<string name="Hull" value="Std_UpperHull"/>
				<string name="Name" value="Bow1_UpperDeck"/>
				<string name="TypHL" value="Hull"/>
				<string name="UnitName" value="Shoho"/>
			</object>
		</object>
		<object name="ShipsNames">
			<object name="Shoho">
				<string name="1" value="Shoho1"/>
			</object>
		</object>
		<object name="UnitsByType">
			<object name="25">
				<object name="Shoho">
					<string name="ChildTable" value="Ships"/>
				</object>
			</object>
		</object>
	</object>
</root>
