﻿<?xml version="1.0" standalone="yes" ?>
<root>
	<object name="Modifications">
		<object name="Ships">
			<object name="Takao">
				<object name="Prototype">
					<string name="AAGunControl" value="Aim_AA"/>
					<float name="AAVolleyWeight" value="3.31600046"/>
					<float name="Aluminium" value="0."/>
					<float name="AmmoWeight" value="234.271057"/>
					<float name="Armour" value="0."/>
					<float name="FuelConsumption" value="3.15933514"/>
					<float name="FuelProtect" value="0."/>
					<string name="FullModName" value="Ships.Takao.Prototype"/>
					<float name="Iron" value="13053.7813"/>
					<boolean name="IsAvailable" value="false"/>
					<boolean name="IsJammer" value="false"/>
					<string name="MainGunControl" value="Typ94_M"/>
					<float name="MaxFuel" value="2571."/>
					<float name="MaxSpeed" value="35.5"/>
					<float name="MinSpeed" value="0."/>
					<float name="Money" value="28523.8984"/>
					<widestring name="Name" value="SABlAGEAdgB5ACAAQwByAHUAaQBzAGUAcgAgAFQAYQBrAGEAbwA="/>
					<float name="RadarRange" value="100."/>
					<float name="RadioGain" value="32000."/>
					<float name="RadioPowerHF" value="160."/>
					<float name="RadioPowerVHF" value="0."/>
					<float name="RadioSensitivityHF" value="4.99999989e-003"/>
					<float name="RadioSensitivityVHF" value="0."/>
					<object name="Slots">
						<object name="TPort_K1">
							<string name="Device" value="K_Gun"/>
							<string name="Table" value="Rifles"/>
						</object>
						<object name="TPort_K2">
							<string name="Device" value="K_Gun"/>
							<string name="Table" value="Rifles"/>
						</object>
						<object name="TPort_K3">
							<string name="Device" value="K_Gun"/>
							<string name="Table" value="Rifles"/>
						</object>
						<object name="TPort_K4">
							<string name="Device" value="K_Gun"/>
							<string name="Table" value="Rifles"/>
						</object>
						<object name="TPort_Anton">
							<string name="Device" value="Main_Turret_203x2_Mogami_A"/>
							<string name="Table" value="Turrets"/>
						</object>
						<object name="TPort_Bruno">
							<string name="Device" value="Main_Turret_203x2_Mogami_B"/>
							<string name="Table" value="Turrets"/>
						</object> 
						<object name="TPort_Cesar">
							<string name="Device" value="Main_Turret_203x2_Takao_C"/>
							<string name="Table" value="Turrets"/>
						</object>
						<object name="TPort_X">
							<string name="Device" value="Main_Turret_203x2_Mogami_X"/>
							<string name="Table" value="Turrets"/>
						</object>
						<object name="TPort_Y">
							<string name="Device" value="Main_Turret_203x2_Takao_Y"/>
							<string name="Table" value="Turrets"/>
						</object>
						<object name="TPort_TORPFR">
							<string name="Device" value="610mm_Jap_Torp_App_4x_Turret"/>
							<string name="Table" value="Turrets"/>
						</object>
						<object name="TPort_TORPFL">
							<string name="Device" value="610mm_Jap_Torp_App_4x_Turret"/>
							<string name="Table" value="Turrets"/>
						</object>
						<object name="TPort_TORPBR">
							<string name="Device" value="610mm_Jap_Torp_App_4x_Turret"/>
							<string name="Table" value="Turrets"/>
						</object>
						<object name="TPort_TORPBL">
							<string name="Device" value="610mm_Jap_Torp_App_4x_Turret"/>
							<string name="Table" value="Turrets"/>
						</object>
						<object name="TPort_ASW_R">
							<string name="Device" value=""/>
							<string name="Table" value="Rifles"/>
						</object>
						<object name="TPort_ASW_L">
							<string name="Device" value=""/>
							<string name="Table" value="Rifles"/>
						</object>

						<object name="TPort_127mmFR">
							<string name="Device" value="Myoko_Turret_127x2"/>
							<string name="Table" value="Turrets"/>
						</object>
						<object name="TPort_127mmFL">
							<string name="Device" value="Myoko_Turret_127x2"/>
							<string name="Table" value="Turrets"/>
						</object>
						<object name="TPort_127mmBR">
							<string name="Device" value="Myoko_Turret_127x2"/>
							<string name="Table" value="Turrets"/>
						</object>
						<object name="TPort_127mmBL">
							<string name="Device" value="Myoko_Turret_127x2"/>
							<string name="Table" value="Turrets"/>
						</object>
						<object name="TPort_AA3x25mmR">
							<string name="Device" value="Jap_Turret_25x3"/>
							<string name="Table" value="Turrets"/>
						</object>

						<object name="TPort_AA3x25mmL">
							<string name="Device" value="Jap_Turret_25x3"/>
							<string name="Table" value="Turrets"/>
						</object>
						<object name="TPort_AA2x25mmFR">
							<string name="Device" value="Jap_Turret_25x2"/>
							<string name="Table" value="Turrets"/>
						</object> 
						<object name="TPort_AA2x25mmFL">
							<string name="Device" value="Jap_Turret_25x2"/>
							<string name="Table" value="Turrets"/>
						</object>
						<object name="TPort_AA2x25mmMR">
							<string name="Device" value="Jap_Turret_25x2"/>
							<string name="Table" value="Turrets"/>
						</object> 
						<object name="TPort_AA2x25mmML">
							<string name="Device" value="Jap_Turret_25x2"/>
							<string name="Table" value="Turrets"/>
						</object>
						<object name="TPort_AA2x25mmBR">
							<string name="Device" value="Jap_Turret_25x2"/>
							<string name="Table" value="Turrets"/>
						</object> 
						<object name="TPort_AA2x25mmBL">
							<string name="Device" value="Jap_Turret_25x2"/>
							<string name="Table" value="Turrets"/>
						</object>
						<object name="TPort_AA1x25mmF1R">
							<string name="Device" value="Jap_Turret_25x1"/>
							<string name="Table" value="Turrets"/>
						</object>
						<object name="TPort_AA1x25mmF1L">
							<string name="Device" value="Jap_Turret_25x1"/>
							<string name="Table" value="Turrets"/>
						</object>
						<object name="TPort_AA1x25mmF2R">
							<string name="Device" value="Jap_Turret_25x1"/>
							<string name="Table" value="Turrets"/>
						</object>
						<object name="TPort_AA1x25mmF2L">
							<string name="Device" value="Jap_Turret_25x1"/>
							<string name="Table" value="Turrets"/>
						</object>
						<object name="TPort_AA1x25mmF3R">
							<string name="Device" value="Jap_Turret_25x1"/>
							<string name="Table" value="Turrets"/>
						</object>
						<object name="TPort_AA1x25mmF3L">
							<string name="Device" value="Jap_Turret_25x1"/>
							<string name="Table" value="Turrets"/>
						</object>
						<object name="TPort_AA1x25mmF4R">
							<string name="Device" value="Jap_Turret_25x1"/>
							<string name="Table" value="Turrets"/>
						</object>
						<object name="TPort_AA1x25mmF4L">
							<string name="Device" value="Jap_Turret_25x1"/>
							<string name="Table" value="Turrets"/>
						</object>
						<object name="TPort_ProjBR">
							<string name="Device" value="Jap_Projector"/>
							<string name="Table" value="Turrets"/>
						</object>
						<object name="TPort_ProjBL">
							<string name="Device" value="Jap_Projector"/>
							<string name="Table" value="Turrets"/>
						</object>  
						<object name="TPort_ProjFR">
							<string name="Device" value="Jap_Projector"/>
							<string name="Table" value="Turrets"/>
						</object> 
						<object name="TPort_ProjFL">
							<string name="Device" value="Jap_Projector"/>
							<string name="Table" value="Turrets"/>
						</object>
						<object name="TPort_ProjMR">
							<string name="Device" value="Jap_Projector"/>
							<string name="Table" value="Turrets"/>
						</object>
						<object name="TPort_ProjML">
							<string name="Device" value="Jap_Projector"/>
							<string name="Table" value="Turrets"/>
						</object>
						<object name="TPort_RF_Typ95_02_F1R">
							<string name="Device" value="Director_Typ95_Yamato_02"/>
							<string name="Table" value="Turrets"/>
						</object> 
						<object name="TPort_RF_Typ95_02_F1L">
							<string name="Device" value="Director_Typ95_Yamato_02"/>
							<string name="Table" value="Turrets"/>
						</object>
						<object name="TPort_RF_Typ95_02_F2R">
							<string name="Device" value="Director_Typ95_Yamato_02"/>
							<string name="Table" value="Turrets"/>
						</object> 
						<object name="TPort_RF_Typ95_02_F2L">
							<string name="Device" value="Director_Typ95_Yamato_02"/>
							<string name="Table" value="Turrets"/>
						</object>
						<object name="TPort_RF_Typ95_02_F3R">
							<string name="Device" value="Director_Typ95_Yamato_02"/>
							<string name="Table" value="Turrets"/>
						</object> 
						<object name="TPort_RF_Typ95_02_F3L">
							<string name="Device" value="Director_Typ95_Yamato_02"/>
							<string name="Table" value="Turrets"/>
						</object>
						<object name="TPort_RF_Typ95_02_F4R">
							<string name="Device" value=""/>
							<string name="Table" value="Turrets"/>
						</object> 
						<object name="TPort_RF_Typ95_02_F4L">
							<string name="Device" value=""/>
							<string name="Table" value="Turrets"/>
						</object>
						<object name="TPort_RF_Typ95_02_F5R">
							<string name="Device" value="Director_Typ95_Yamato_02"/>
							<string name="Table" value="Turrets"/>
						</object> 
						<object name="TPort_RF_Typ95_02_F5L">
							<string name="Device" value="Director_Typ95_Yamato_02"/>
							<string name="Table" value="Turrets"/>
						</object>
						<object name="TPort_RF_Typ95_02_F6R">
							<string name="Device" value="Director_Typ95_Yamato_02"/>
							<string name="Table" value="Turrets"/>
						</object> 
						<object name="TPort_RF_Typ95_02_F6L">
							<string name="Device" value="Director_Typ95_Yamato_02"/>
							<string name="Table" value="Turrets"/>
						</object>
						<object name="TPort_RF_Typ95_02_BR">
							<string name="Device" value="Director_Typ95_Yamato_02"/>
							<string name="Table" value="Turrets"/>
						</object> 
						<object name="TPort_RF_Typ95_02_BL">
							<string name="Device" value="Director_Typ95_Yamato_02"/>
							<string name="Table" value="Turrets"/>
						</object>
						<object name="TPort_RF_Jap_Mk52_FR">
							<string name="Device" value="Jap_RangeFinder_Mk52"/>
							<string name="Table" value="Turrets"/>
						</object>
						<object name="TPort_RF_Jap_Mk52_FL">
							<string name="Device" value="Jap_RangeFinder_Mk52"/>
							<string name="Table" value="Turrets"/>
						</object>
						<object name="TPort_RF_Jap_Mk52_BR">
							<string name="Device" value="Jap_RangeFinder_Mk52"/>
							<string name="Table" value="Turrets"/>
						</object>
						<object name="TPort_RF_Jap_Mk52_BL">
							<string name="Device" value="Jap_RangeFinder_Mk52"/>
							<string name="Table" value="Turrets"/>
						</object>
						<object name="TPort_RF_Myoko_OP_1var_FR">
							<string name="Device" value="Myoko_Optical_RF_1Var"/>
							<string name="Table" value="Turrets"/>
						</object>
						<object name="TPort_RF_Myoko_OP_1var_FL">
							<string name="Device" value="Myoko_Optical_RF_1Var"/>
							<string name="Table" value="Turrets"/>
						</object>
						<object name="TPort_RF_Myoko_OP_1var_B">
							<string name="Device" value="Myoko_Optical_RF_1Var"/>
							<string name="Table" value="Turrets"/>
						</object>
						<object name="TPort_RF_Myoko_OP_2var_FR">
							<string name="Device" value="Myoko_Optical_RF_2Var"/>
							<string name="Table" value="Turrets"/>
						</object>
						<object name="TPort_RF_Myoko_OP_2var_FL">
							<string name="Device" value="Myoko_Optical_RF_2Var"/>
							<string name="Table" value="Turrets"/>
						</object>
						<object name="TPort_RF_Myoko_OP_2var_B">
							<string name="Device" value="Myoko_Optical_RF_2Var"/>
							<string name="Table" value="Turrets"/>
						</object>
						<object name="TPort_RF_C1_FR">
							<string name="Device" value="Dalnomer_C1"/>
							<string name="Table" value="Turrets"/>
						</object>
						<object name="TPort_RF_C1_FL">
							<string name="Device" value="Dalnomer_C1"/>
							<string name="Table" value="Turrets"/>
						</object>
						<object name="TPort_RF_Myoko_Dir_2var_FR">
							<string name="Device" value="Myoko_Director_2Var"/>
							<string name="Table" value="Turrets"/>
						</object>
						<object name="TPort_RF_Myoko_Dir_2var_FL">
							<string name="Device" value="Myoko_Director_2Var"/>
							<string name="Table" value="Turrets"/>
						</object>
						<object name="TPort_RF_Myoko_Dir_3var_FR">
							<string name="Device" value="Myoko_Director_3Var"/>
							<string name="Table" value="Turrets"/>
						</object>
						<object name="TPort_RF_Myoko_Dir_3var_FL">
							<string name="Device" value="Myoko_Director_3Var"/>
							<string name="Table" value="Turrets"/>
						</object>
						<object name="TPort_Main_Gun_Director1">
							<string name="Device" value="Director_Typ95_Yamato_03"/>
							<string name="Table" value="Turrets"/>
						</object>
						<object name="TPort_Main_Gun_Director2">
							<string name="Device" value="Myoko_Director_1Var"/>
							<string name="Table" value="Turrets"/>
						</object>
						<object name="TPort_Main_Gun_Director3">
							<string name="Device" value="Myoko_Optical_MG"/>
							<string name="Table" value="Turrets"/>
						</object>
						<object name="TPort_RADAR1">
							<string name="Device" value="Radar_Typ13"/>
							<string name="Table" value="Turrets"/>
						</object>
						<object name="TPort_RADAR2">
							<string name="Device" value="Radar_Typ13_2"/>
							<string name="Table" value="Turrets"/>
						</object>
						<object name="TPort_RADAR3">
							<string name="Device" value="Radar_Typ21"/>
							<string name="Table" value="Turrets"/>
						</object>
						<object name="TPort_RADAR4">
							<string name="Device" value="Radar_Typ_22"/>
							<string name="Table" value="Turrets"/>
						</object>
						<object name="TPort_RADAR5">
							<string name="Device" value="Radar_Typ_22"/>
							<string name="Table" value="Turrets"/>
						</object>
						<object name="TPort_KATAPULT1">
							<string name="Device" value="Katapulta"/>
							<string name="Table" value="Turrets"/>
						</object>
						<object name="TPort_KATAPULT2">
							<string name="Device" value="Katapulta"/>
							<string name="Table" value="Turrets"/>
						</object>
						
						<object name="TPort_VINTBR">
							<string name="Device" value="Vint_Fletcher"/>
							<string name="Table" value="Turrets"/>
						</object>
						<object name="TPort_VINTBL">
							<string name="Device" value="Vint_Fletcher"/>
							<string name="Table" value="Turrets"/>
						</object> 
						<object name="TPort_VINTFR">
							<string name="Device" value="Vint_Fletcher"/>
							<string name="Table" value="Turrets"/>
						</object>
						<object name="TPort_VINTFL">
							<string name="Device" value="Vint_Fletcher"/>
							<string name="Table" value="Turrets"/>
						</object>	  
						<object name="ZPort_AAGunContr1">
							<string name="Device" value="Aim_AA"/>
							<string name="Table" value="AimSystems"/>
						</object>
						<object name="ZPort_Jammer_US_A1">
							<string name="Device" value=""/>
							<string name="Table" value="Probes"/>
						</object>
						<object name="ZPort_MainGunContr">
							<string name="Device" value="Typ94_M"/>
							<string name="Table" value="AimSystems"/>
						</object>
						<object name="ZPort_Radio">
							<string name="Device" value="J_ShipRadioHF"/>
							<string name="Table" value="Probes"/>
						</object>
						<object name="ZPort_Sonar">
							<string name="Device" value="Broadband_J"/>
							<string name="Table" value="Probes"/>
						</object>
						<object name="ZPort_SteamTurbine_01">
							<string name="Device" value="MPP_Takao"/>
							<string name="Table" value="Engins"/>
						</object>
					</object>
					<string name="Sonar" value="Broadband_J"/>
					<float name="Speed" value="14."/>
					<string name="SuperRifles" value="Jap_Torp_App_4x.12."/>
					<float name="VolleyWeight" value="6.9100008"/>
					<float name="Weight" value="14212.5801"/>
				</object>
			</object>
		</object>
	</object>
</root>