﻿<?xml version="1.0" standalone="yes" ?>
<root>
	<object name="Prototypes">
		<object name="Ships">
			<object name="Takao">
				<object name="Slots">
					<object name="TPort_Anton">
						<object name="SubSlots">
							<object name="TPort_Bruno">
								<integer name="icon_x" value="480"/>
								<integer name="icon_y" value="21"/>
							</object> 
							<object name="TPort_Cesar">
								<integer name="icon_x" value="480"/>
								<integer name="icon_y" value="21"/>
							</object>
							<object name="TPort_X">
								<integer name="icon_x" value="249"/>
								<integer name="icon_y" value="85"/>
							</object>
							<object name="TPort_Y">
								<integer name="icon_x" value="249"/>
								<integer name="icon_y" value="85"/>
							</object>
						</object>
						<integer name="icon_x" value="161"/>
						<integer name="icon_y" value="15"/>
					</object>
					<object name="TPort_TORPFR">
						<object name="SubSlots">
							<object name="TPort_TORPFL">
								<integer name="icon_x" value="272"/>
								<integer name="icon_y" value="16"/>
							</object>
							<object name="TPort_TORPBR">
								<integer name="icon_x" value="272"/>
								<integer name="icon_y" value="16"/>
							</object>
							<object name="TPort_TORPBL">
								<integer name="icon_x" value="272"/>
								<integer name="icon_y" value="16"/>
							</object>
						</object>
						<integer name="icon_x" value="498"/>
						<integer name="icon_y" value="15"/>
					</object>

					<object name="TPort_127mmFR">
						<object name="SubSlots">
							<object name="TPort_127mmFL">
								<integer name="icon_x" value="539"/>
								<integer name="icon_y" value="16"/>
							</object>
							<object name="TPort_127mmBR">
								<integer name="icon_x" value="539"/>
								<integer name="icon_y" value="16"/>
							</object>
							<object name="TPort_127mmBL">
								<integer name="icon_x" value="539"/>
								<integer name="icon_y" value="16"/>
							</object>
						</object>
						<integer name="icon_x" value="161"/>
						<integer name="icon_y" value="91"/>
					</object>
					<object name="TPort_AA2x25mmFR">
						<object name="SubSlots">
							<object name="TPort_AA2x25mmFL">
								<integer name="icon_x" value="420"/>
								<integer name="icon_y" value="191"/>
							</object>
							<object name="TPort_AA2x25mmMR">
								<integer name="icon_x" value="420"/>
								<integer name="icon_y" value="191"/>
							</object> 
							<object name="TPort_AA2x25mmML">
								<integer name="icon_x" value="420"/>
								<integer name="icon_y" value="191"/>
							</object>
							<object name="TPort_AA2x25mmBR">
								<integer name="icon_x" value="420"/>
								<integer name="icon_y" value="191"/>
							</object> 
							<object name="TPort_AA2x25mmBL">
								<integer name="icon_x" value="420"/>
								<integer name="icon_y" value="191"/>
							</object>  
						</object>
						<integer name="icon_x" value="22"/>
						<integer name="icon_y" value="91"/>
					</object>
					<object name="TPort_AA1x25mmF1R">
						<object name="SubSlots">
							<object name="TPort_AA1x25mmF1L">
								<object name="SubSlots"/>
								<integer name="icon_x" value="225"/>
								<integer name="icon_y" value="119"/>
							</object>
							<object name="TPort_AA1x25mmF2R">
								<integer name="icon_x" value="180"/>
								<integer name="icon_y" value="332"/>
							</object>
							<object name="TPort_AA1x25mmF2L">
								<integer name="icon_x" value="236"/>
								<integer name="icon_y" value="304"/>
							</object>
							<object name="TPort_AA1x25mmF3R">
								<integer name="icon_x" value="180"/>
								<integer name="icon_y" value="332"/>
							</object>
							<object name="TPort_AA1x25mmF3L">
								<integer name="icon_x" value="236"/>
								<integer name="icon_y" value="304"/>
							</object>
							<object name="TPort_AA1x25mmF4R">
								<integer name="icon_x" value="180"/>
								<integer name="icon_y" value="332"/>
							</object>
							<object name="TPort_AA1x25mmF4L">
								<integer name="icon_x" value="236"/>
								<integer name="icon_y" value="304"/>
							</object>
						</object>
						<integer name="icon_x" value="275"/>
						<integer name="icon_y" value="91"/>
					</object>
					<object name="TPort_AA3x25mmR">
						<object name="SubSlots">
							<object name="TPort_AA3x25mmL">
								<integer name="icon_x" value="58"/>
								<integer name="icon_y" value="190"/>
							</object>
						</object>
						<integer name="icon_x" value="395"/>
						<integer name="icon_y" value="91"/>
					</object>
					<object name="TPort_RF_Typ95_02_F1R">
						<object name="SubSlots">
							<object name="TPort_RF_Typ95_02_F1L">
								<integer name="icon_x" value="333"/>
								<integer name="icon_y" value="126"/>
							</object>
							<object name="TPort_RF_Typ95_02_F2R">
								<integer name="icon_x" value="335"/>
								<integer name="icon_y" value="126"/>
							</object>
							<object name="TPort_RF_Typ95_02_F2L">
								<integer name="icon_x" value="335"/>
								<integer name="icon_y" value="126"/>
							</object>
							<object name="TPort_RF_Typ95_02_F3R">
								<integer name="icon_x" value="335"/>
								<integer name="icon_y" value="126"/>
							</object>
							<object name="TPort_RF_Typ95_02_F3L">
								<integer name="icon_x" value="335"/>
								<integer name="icon_y" value="126"/>
							</object>
							<object name="TPort_RF_Typ95_02_F4R">
								<integer name="icon_x" value="335"/>
								<integer name="icon_y" value="126"/>
							</object>
							<object name="TPort_RF_Typ95_02_F4L">
								<integer name="icon_x" value="335"/>
								<integer name="icon_y" value="126"/>
							</object>
							<object name="TPort_RF_Typ95_02_F5R">
								<integer name="icon_x" value="335"/>
								<integer name="icon_y" value="126"/>
							</object>
							<object name="TPort_RF_Typ95_02_F5L">
								<integer name="icon_x" value="335"/>
								<integer name="icon_y" value="126"/>
							</object>
							<object name="TPort_RF_Typ95_02_F6R">
								<integer name="icon_x" value="335"/>
								<integer name="icon_y" value="126"/>
							</object>
							<object name="TPort_RF_Typ95_02_F6L">
								<integer name="icon_x" value="335"/>
								<integer name="icon_y" value="126"/>
							</object>
							<object name="TPort_RF_Typ95_02_BR">
								<integer name="icon_x" value="335"/>
								<integer name="icon_y" value="126"/>
							</object>
							<object name="TPort_RF_Typ95_02_BL">
								<integer name="icon_x" value="335"/>
								<integer name="icon_y" value="126"/>
							</object>
						</object>
						<integer name="icon_x" value="100"/>
						<integer name="icon_y" value="185"/>
					</object>
					<object name="TPort_RF_Jap_Mk52_FR">
						<object name="SubSlots">
							<object name="TPort_RF_Jap_Mk52_FL">
								<integer name="icon_x" value="333"/>
								<integer name="icon_y" value="126"/>
							</object>
							<object name="TPort_RF_Jap_Mk52_BR">
								<integer name="icon_x" value="335"/>
								<integer name="icon_y" value="126"/>
							</object>
							<object name="TPort_RF_Jap_Mk52_BL">
								<integer name="icon_x" value="335"/>
								<integer name="icon_y" value="126"/>
							</object>
						</object>
						<integer name="icon_x" value="200"/>
						<integer name="icon_y" value="185"/>
					</object>
					<object name="TPort_RF_Myoko_OP_1var_FR">
						<object name="SubSlots">
							<object name="TPort_RF_Myoko_OP_1var_FL">
								<integer name="icon_x" value="333"/>
								<integer name="icon_y" value="126"/>
							</object>
							<object name="TPort_RF_Myoko_OP_1var_B">
								<integer name="icon_x" value="335"/>
								<integer name="icon_y" value="126"/>
							</object>
						</object>
						<integer name="icon_x" value="300"/>
						<integer name="icon_y" value="185"/>
					</object>
					<object name="TPort_RF_Myoko_OP_2var_FR">
						<object name="SubSlots">
							<object name="TPort_RF_Myoko_OP_2var_FL">
								<integer name="icon_x" value="333"/>
								<integer name="icon_y" value="126"/>
							</object>
							<object name="TPort_RF_Myoko_OP_2var_B">
								<integer name="icon_x" value="335"/>
								<integer name="icon_y" value="126"/>
							</object>
						</object>
						<integer name="icon_x" value="400"/>
						<integer name="icon_y" value="185"/>
					</object>
					<object name="TPort_RF_C1_FR">
						<object name="SubSlots">
							<object name="TPort_RF_C1_FL">
								<integer name="icon_x" value="333"/>
								<integer name="icon_y" value="126"/>
							</object>
						</object>
						<integer name="icon_x" value="500"/>
						<integer name="icon_y" value="185"/>
					</object>
					<object name="TPort_RF_Myoko_Dir_2var_FR">
						<object name="SubSlots">
							<object name="TPort_RF_Myoko_Dir_2var_FL">
								<integer name="icon_x" value="333"/>
								<integer name="icon_y" value="126"/>
							</object>
						</object>
						<integer name="icon_x" value="550"/>
						<integer name="icon_y" value="120"/>
					</object>
					<object name="TPort_RF_Myoko_Dir_3var_FR">
						<object name="SubSlots">
							<object name="TPort_RF_Myoko_Dir_3var_FL">
								<integer name="icon_x" value="333"/>
								<integer name="icon_y" value="126"/>
							</object>
						</object>
						<integer name="icon_x" value="450"/>
						<integer name="icon_y" value="120"/>
					</object>
					<object name="TPort_Main_Gun_Director1">
						<integer name="icon_x" value="180"/>
						<integer name="icon_y" value="250"/>
					</object>
					<object name="TPort_Main_Gun_Director2">
						<integer name="icon_x" value="300"/>
						<integer name="icon_y" value="260"/>
					</object>
					<object name="TPort_Main_Gun_Director3">
						<integer name="icon_x" value="400"/>
						<integer name="icon_y" value="262"/>
					</object>
					<object name="TPort_RADAR3">
						<integer name="icon_x" value="200"/>
						<integer name="icon_y" value="350"/>
					</object>
					<object name="TPort_RADAR1">
						<integer name="icon_x" value="350"/>
						<integer name="icon_y" value="350"/>
					</object>
					<object name="TPort_RADAR2">
						<integer name="icon_x" value="500"/>
						<integer name="icon_y" value="330"/>
					</object>
					<object name="TPort_RADAR4">
						<object name="SubSlots">
							<object name="TPort_RADAR5">
								<integer name="icon_x" value="400"/>
								<integer name="icon_y" value="126"/>
							</object>
						</object>
						<integer name="icon_x" value="450"/>
						<integer name="icon_y" value="220"/>
					</object>
					<object name="ZPort_AAGunContr1">
						<integer name="icon_x" value="14"/>
						<integer name="icon_y" value="185"/>
					</object>
					<object name="ZPort_Bridge">
						<integer name="icon_x" value="44"/>
						<integer name="icon_y" value="3"/>
					</object>
					<object name="ZPort_FuelTank">
						<integer name="icon_x" value="85"/>
						<integer name="icon_y" value="3"/>
					</object>
					<object name="ZPort_Jammer_JS_A">
						<integer name="icon_x" value="126"/>
						<integer name="icon_y" value="275"/>
					</object>
					<object name="ZPort_Jammer_US_A1">
						<integer name="icon_x" value="554"/>
						<integer name="icon_y" value="277"/>
					</object>
					<object name="ZPort_MainGunContr">
						<integer name="icon_x" value="14"/>
						<integer name="icon_y" value="275"/>
					</object>
					<object name="ZPort_Radio">
						<integer name="icon_x" value="100"/>
						<integer name="icon_y" value="275"/>
					</object>
					<object name="ZPort_Rudder">
						<integer name="icon_x" value="290"/>
						<integer name="icon_y" value="3"/>
					</object>
					<object name="ZPort_Sonar">
						<integer name="icon_x" value="555"/>
						<integer name="icon_y" value="340"/>
					</object>
					<object name="ZPort_Sonar1">
						<integer name="icon_x" value="500"/>
						<integer name="icon_y" value="340"/>
					</object>
					<object name="ZPort_SteamTurbine_01">
						<integer name="icon_x" value="279"/>
						<integer name="icon_y" value="348"/>
					</object>
				</object>
			</object>
		</object>
	</object>
</root>