﻿<?xml version = "1.0" encoding = "UTF-8"?>
<root>
	<object name = "SteelMonstersParams">
		<object name="Ships">
			<object name="Kaga">
				<float name="AccelRate" value="3.e-004"/>
				<string name="Airgroup" value="AircraftCarrier_Group_Kaga_japan"/>
				<integer name="AirplanesCount" value="90"/>
				<string name="AmmoLoadingTemplate" value="Ammo 500, BV_246_Frag_ST 10, BV_246_Com_ST 10, BV_246_Frag_SR 10, BV_246_Com_SR 10, Hs_293_R 20, Hs_293_P 20, Hs_293_ST 20, Torp_Jap_Mk91 50, Torp_Jap_Mk91_M_I 10, Torp_Jap_Mk91_A_SA 10"/>
				<integer name="Avia" value="2"/>
				<boolean name="BoatsTransportationAbility" value="false"/>
				<integer name="CabinArmor" value="52"/>
				<boolean name="CanBeChanged" value="true"/>
				<boolean name="CanUseTorpedos" value="false"/>
				<integer name="Country" value="2"/>
				<integer name="Crew" value="2016"/>
				<float name="CriticalCareen" value="33."/>
				<float name="CriticalDFT" value="2.9"/>
				<float name="CriticalDifferent" value="2.4"/>
				<float name="DTimeProd" value="140."/>
				<float name="DisplacementMax" value="43650."/>
				<float name="EPR" value="640."/>
				<float name="FireRisk" value="2667."/>
				<float name="Fuel" value="5300."/>
				<float name="HLShapeCoef" value="0.9"/>
				<integer name="HullArmorSide" value="152"/>
				<integer name="HullArmorTop" value="76"/>
				<float name="Iron" value="44000."/>
				<integer name="Length" value="248.6"/>
				<float name="MaxSpeed" value="28.3"/>
				<integer name="MinCrew" value="900"/>
				<float name="Money" value="22600."/>
				<float name="NTimeProd" value="350."/>
				<string name="Name" value="Kaga"/>
				<boolean name="New" value="false"/>
				<integer name="Nuc_Dest_Prob" value="500"/>
				<integer name="Passengers" value="100"/>
				<boolean name="PlanesTransportationAbility" value="true"/>
				<float name="Range" value="19000."/>
				<integer name="Rank" value="1"/>
				<string name="SMU" value="Kaga"/>
				<float name="Speed" value="15."/>
				<float name="StoreCapacity" value="3600."/>
				<boolean name="Transportable" value="false"/>
				<float name="TurnRate" value="1.5e-003"/>
				<integer name="Type" value="0"/>
				<float name="Vitality" value="5000."/>
				<float name="VitalityAA" value="1200."/>
				<float name="Weight" value="38200."/>
				<integer name="Width" value="32.5"/>
				<integer name="Year" value="30"/>
			</object>
		</object>
		<object name="Hit_Location">
			<object name="Kaga668">
				<integer name="Country" value="2"/>
				<float name="ER" value="400."/>
				<string name="Hull" value="Kaga_Ordinary"/>
				<string name="Name" value="Bow1_LBottom"/>
				<string name="TypHL" value="Hull"/>
				<string name="UnitName" value="Kaga"/>
			</object>
			<object name="Kaga669">
				<integer name="Country" value="2"/>
				<float name="ER" value="400."/>
				<string name="Hull" value="Kaga_Ordinary"/>
				<string name="Name" value="Bow1_RBottom"/>
				<string name="TypHL" value="Hull"/>
				<string name="UnitName" value="Kaga"/>
			</object>
			<object name="Kaga670">
				<integer name="Country" value="2"/>
				<float name="ER" value="400."/>
				<string name="Hull" value="Kaga_LowerDeck"/>
				<string name="Name" value="Bow1_LowerDeck"/>
				<string name="TypHL" value="Hull"/>
				<string name="UnitName" value="Kaga"/>
			</object>
			<object name="Kaga671">
				<integer name="Country" value="2"/>
				<float name="ER" value="400."/>
				<string name="Hull" value="Kaga_LowerDeck"/>
				<string name="Name" value="Stern2_LowerDeck"/>
				<string name="TypHL" value="Hull"/>
				<string name="UnitName" value="Kaga"/>
			</object>
			<object name="Kaga672">
				<integer name="Country" value="2"/>
				<float name="ER" value="400."/>
				<string name="Hull" value="Kaga_Ordinary"/>
				<string name="Name" value="Bow1_MiddleDeck"/>
				<string name="TypHL" value="Hull"/>
				<string name="UnitName" value="Kaga"/>
			</object>
			<object name="Kaga673">
				<integer name="Country" value="2"/>
				<float name="ER" value="400."/>
				<string name="Hull" value="Kaga_AmmoStore"/>
				<string name="Name" value="AmmoStore_Bow"/>
				<float name="Param_1" value="0."/>
				<string name="TypHL" value="AmmoStore"/>
				<string name="UnitName" value="Kaga"/>
			</object>
			<object name="Kaga674">
				<integer name="Country" value="2"/>
				<float name="ER" value="400."/>
				<string name="Hull" value="Kaga_Ordinary"/>
				<string name="Name" value="Stern2_MiddleDeck"/>
				<string name="TypHL" value="Hull"/>
				<string name="UnitName" value="Kaga"/>
			</object>
			<object name="Kaga675">
				<integer name="Country" value="2"/>
				<float name="ER" value="400."/>
				<string name="Hull" value="Std_AFuelTank"/>
				<string name="Name" value="AFuelTank_Stern"/>
				<float name="Param_1" value="500."/>
				<string name="TypHL" value="FuelTank"/>
				<string name="UnitName" value="Kaga"/>
			</object>
			<object name="Kaga676">
				<integer name="Country" value="2"/>
				<float name="ER" value="400."/>
				<string name="Hull" value="Kaga_FDeck"/>
				<string name="Name" value="Stern2_FlightDeck"/>
				<string name="TypHL" value="Hull"/>
				<string name="UnitName" value="Kaga"/>
			</object>
			<object name="Kaga677">
				<integer name="Country" value="2"/>
				<float name="ER" value="400."/>
				<string name="Hull" value="Kaga_FDeck"/>
				<string name="Name" value="Bow1_FlightDeck"/>
				<string name="TypHL" value="Hull"/>
				<string name="UnitName" value="Kaga"/>
			</object>
			<object name="Kaga678">
				<integer name="Country" value="2"/>
				<float name="ER" value="400."/>
				<string name="Hull" value="Kaga_Ordinary"/>
				<string name="Name" value="Bow1_UpperDeck"/>
				<string name="TypHL" value="Hull"/>
				<string name="UnitName" value="Kaga"/>
			</object>
			<object name="Kaga679">
				<integer name="Country" value="2"/>
				<float name="ER" value="400."/>
				<string name="Hull" value="Kaga_BattleCabin"/>
				<string name="Name" value="BattleCabin"/>
				<string name="TypHL" value="Hull"/>
				<string name="UnitName" value="Kaga"/>
			</object>
			<object name="Kaga680">
				<integer name="Country" value="2"/>
				<float name="ER" value="400."/>
				<string name="Hull" value="Kaga_Ordinary"/>
				<string name="Name" value="Radar"/>
				<string name="TypHL" value="Probe"/>
				<string name="UnitName" value="Kaga"/>
			</object>
			<object name="Kaga681">
				<integer name="Country" value="2"/>
				<float name="ER" value="400."/>
				<string name="Hull" value="Kaga_Ordinary"/>
				<string name="Name" value="Radio"/>
				<string name="TypHL" value="Probe"/>
				<string name="UnitName" value="Kaga"/>
			</object>
			<object name="Kaga682">
				<integer name="Country" value="2"/>
				<float name="ER" value="400."/>
				<string name="Hull" value="Kaga_Ordinary"/>
				<string name="Name" value="ConingBridge"/>
				<string name="TypHL" value="Hull"/>
				<string name="UnitName" value="Kaga"/>
			</object>
			<object name="Kaga683">
				<integer name="Country" value="2"/>
				<float name="ER" value="400."/>
				<string name="Hull" value="Kaga_Ordinary"/>
				<string name="Name" value="SternCabin"/>
				<string name="TypHL" value="Hull"/>
				<string name="UnitName" value="Kaga"/>
			</object>
			<object name="Kaga684">
				<integer name="Country" value="2"/>
				<float name="ER" value="400."/>
				<string name="Hull" value="Kaga_Ordinary"/>
				<string name="Name" value="AAGunProbe"/>
				<string name="TypHL" value="Probe"/>
				<string name="UnitName" value="Kaga"/>
			</object>
			<object name="Kaga685">
				<integer name="Country" value="2"/>
				<float name="ER" value="400."/>
				<string name="Hull" value="Kaga_Ordinary"/>
				<string name="Name" value="OperationalControl"/>
				<string name="TypHL" value="Probe"/>
				<string name="UnitName" value="Kaga"/>
			</object>
			<object name="Kaga686">
				<string name="ConnectName" value="Engine1"/>
				<integer name="Country" value="2"/>
				<float name="ER" value="400."/>
				<string name="Hull" value="Std_Mover"/>
				<string name="Name" value="Mover1"/>
				<string name="TypHL" value="Mover"/>
				<string name="UnitName" value="Kaga"/>
			</object>
			<object name="Kaga687">
				<string name="ConnectName" value="Engine2"/>
				<integer name="Country" value="2"/>
				<float name="ER" value="400."/>
				<string name="Hull" value="Std_Mover"/>
				<string name="Name" value="Mover2"/>
				<string name="TypHL" value="Mover"/>
				<string name="UnitName" value="Kaga"/>
			</object>
			<object name="Kaga688">
				<string name="ConnectName" value="Engine4"/>
				<integer name="Country" value="2"/>
				<float name="ER" value="400."/>
				<string name="Hull" value="Std_Mover"/>
				<string name="Name" value="Mover4"/>
				<string name="TypHL" value="Mover"/>
				<string name="UnitName" value="Kaga"/>
			</object>
			<object name="Kaga689">
				<string name="ConnectName" value="Engine3"/>
				<integer name="Country" value="2"/>
				<float name="ER" value="400."/>
				<string name="Hull" value="Std_Mover"/>
				<string name="Name" value="Mover3"/>
				<string name="TypHL" value="Mover"/>
				<string name="UnitName" value="Kaga"/>
			</object>
			<object name="Kaga690">
				<string name="ConnectName" value="Tiller"/>
				<integer name="Country" value="2"/>
				<float name="ER" value="400."/>
				<string name="Hull" value="Std_Rudder"/>
				<string name="Name" value="Rudder"/>
				<string name="TypHL" value="Rudder"/>
				<string name="UnitName" value="Kaga"/>
			</object>
			<object name="Kaga691">
				<integer name="Country" value="2"/>
				<float name="ER" value="400."/>
				<string name="Hull" value="Kaga_Ordinary"/>
				<string name="Name" value="Stern1_LBottom"/>
				<string name="TypHL" value="Hull"/>
				<string name="UnitName" value="Kaga"/>
			</object>
			<object name="Kaga692">
				<integer name="Country" value="2"/>
				<float name="ER" value="400."/>
				<string name="Hull" value="Kaga_Ordinary"/>
				<string name="Name" value="Stern1_RBottom"/>
				<string name="TypHL" value="Hull"/>
				<string name="UnitName" value="Kaga"/>
			</object>
			<object name="Kaga693">
				<integer name="Country" value="2"/>
				<float name="ER" value="400."/>
				<string name="Hull" value="Std_LAMP"/>
				<string name="Name" value="Stern1_LAMP"/>
				<string name="TypHL" value="Hull"/>
				<string name="UnitName" value="Kaga"/>
			</object>
			<object name="Kaga694">
				<integer name="Country" value="2"/>
				<float name="ER" value="400."/>
				<string name="Hull" value="Std_RAMP"/>
				<string name="Name" value="Stern1_RAMP"/>
				<string name="TypHL" value="Hull"/>
				<string name="UnitName" value="Kaga"/>
			</object>
			<object name="Kaga695">
				<integer name="Country" value="2"/>
				<float name="ER" value="400."/>
				<string name="Hull" value="Kaga_LowerDeck"/>
				<string name="Name" value="Stern1_LowerDeck"/>
				<string name="TypHL" value="Hull"/>
				<string name="UnitName" value="Kaga"/>
			</object>
			<object name="Kaga696">
				<integer name="Country" value="2"/>
				<float name="ER" value="400."/>
				<string name="Hull" value="Std_FuelTank"/>
				<string name="Name" value="FuelTank_Stern"/>
				<string name="TypHL" value="FuelTank"/>
				<string name="UnitName" value="Kaga"/>
			</object>
			<object name="Kaga697">
				<integer name="Country" value="2"/>
				<float name="ER" value="400."/>
				<string name="Hull" value="Kaga_RBelt"/>
				<string name="Name" value="Stern1_RBeltLower"/>
				<string name="TypHL" value="Hull"/>
				<string name="UnitName" value="Kaga"/>
			</object>
			<object name="Kaga698">
				<integer name="Country" value="2"/>
				<float name="ER" value="400."/>
				<string name="Hull" value="Kaga_LBelt"/>
				<string name="Name" value="Stern1_LBeltLower"/>
				<string name="TypHL" value="Hull"/>
				<string name="UnitName" value="Kaga"/>
			</object>
			<object name="Kaga699">
				<integer name="Country" value="2"/>
				<float name="ER" value="400."/>
				<string name="Hull" value="Kaga_Ordinary"/>
				<string name="Name" value="Stern1_MiddleDeck"/>
				<string name="TypHL" value="Hull"/>
				<string name="UnitName" value="Kaga"/>
			</object>
			<object name="Kaga700">
				<integer name="Country" value="2"/>
				<float name="ER" value="400."/>
				<string name="Hull" value="Kaga_AmmoStore"/>
				<string name="Name" value="AmmoStore_Stern"/>
				<float name="Param_1" value="0."/>
				<string name="TypHL" value="AmmoStore"/>
				<string name="UnitName" value="Kaga"/>
			</object>
			<object name="Kaga701">
				<integer name="Country" value="2"/>
				<float name="ER" value="400."/>
				<string name="Hull" value="Kaga_Ordinary"/>
				<string name="Name" value="Stern2_RBeltUpper"/>
				<string name="TypHL" value="Hull"/>
				<string name="UnitName" value="Kaga"/>
			</object>
			<object name="Kaga702">
				<integer name="Country" value="2"/>
				<float name="ER" value="400."/>
				<string name="Hull" value="Kaga_Ordinary"/>
				<string name="Name" value="Stern2_LBeltUpper"/>
				<string name="TypHL" value="Hull"/>
				<string name="UnitName" value="Kaga"/>
			</object>
			<object name="Kaga703">
				<integer name="Country" value="2"/>
				<float name="ER" value="400."/>
				<string name="Hull" value="Kaga_Hungur"/>
				<string name="Name" value="Stern_Hungur"/>
				<string name="TypHL" value="Hull"/>
				<string name="UnitName" value="Kaga"/>
			</object>
			<object name="Kaga704">
				<integer name="Country" value="2"/>
				<float name="ER" value="400."/>
				<string name="Hull" value="Kaga_Elevator"/>
				<string name="Name" value="Stern_Elevator"/>
				<string name="TypHL" value="Hull"/>
				<string name="UnitName" value="Kaga"/>
			</object>
			<object name="Kaga705">
				<integer name="Country" value="2"/>
				<float name="ER" value="400."/>
				<string name="Hull" value="Kaga_FDeck"/>
				<string name="Name" value="Stern1_FlightDeck"/>
				<string name="TypHL" value="Hull"/>
				<string name="UnitName" value="Kaga"/>
			</object>
			<object name="Kaga706">
				<integer name="Country" value="2"/>
				<float name="ER" value="400."/>
				<string name="Hull" value="Kaga_Ordinary"/>
				<string name="Name" value="Middle3_LBottom"/>
				<string name="TypHL" value="Hull"/>
				<string name="UnitName" value="Kaga"/>
			</object>
			<object name="Kaga707">
				<integer name="Country" value="2"/>
				<float name="ER" value="400."/>
				<string name="Hull" value="Kaga_Ordinary"/>
				<string name="Name" value="Middle3_RBottom"/>
				<string name="TypHL" value="Hull"/>
				<string name="UnitName" value="Kaga"/>
			</object>
			<object name="Kaga708">
				<integer name="Country" value="2"/>
				<float name="ER" value="400."/>
				<string name="Hull" value="Kaga_Ordinary"/>
				<string name="Name" value="Middle4_RBottom"/>
				<string name="TypHL" value="Hull"/>
				<string name="UnitName" value="Kaga"/>
			</object>
			<object name="Kaga709">
				<integer name="Country" value="2"/>
				<float name="ER" value="400."/>
				<string name="Hull" value="Kaga_Ordinary"/>
				<string name="Name" value="Middle4_LBottom"/>
				<string name="TypHL" value="Hull"/>
				<string name="UnitName" value="Kaga"/>
			</object>
			<object name="Kaga710">
				<integer name="Country" value="2"/>
				<float name="ER" value="400."/>
				<string name="Hull" value="Kaga_LowerDeck"/>
				<string name="Name" value="Middle3_LowerDeck"/>
				<string name="TypHL" value="Hull"/>
				<string name="UnitName" value="Kaga"/>
			</object>
			<object name="Kaga711">
				<string name="ConnectName" value="Main_Boilers;Sup_Boilers;"/>
				<integer name="Country" value="2"/>
				<float name="ER" value="400."/>
				<string name="Hull" value="Std_Engine"/>
				<string name="Name" value="Engine1"/>
				<string name="TypHL" value="Engine"/>
				<string name="UnitName" value="Kaga"/>
			</object>
			<object name="Kaga712">
				<string name="ConnectName" value="Main_Boilers;Sup_Boilers;"/>
				<integer name="Country" value="2"/>
				<float name="ER" value="400."/>
				<string name="Hull" value="Std_Engine"/>
				<string name="Name" value="Engine2"/>
				<string name="TypHL" value="Engine"/>
				<string name="UnitName" value="Kaga"/>
			</object>
			<object name="Kaga713">
				<integer name="Country" value="2"/>
				<float name="ER" value="400."/>
				<string name="Hull" value="Kaga_LowerDeck"/>
				<string name="Name" value="Middle4_LowerDeck"/>
				<string name="TypHL" value="Hull"/>
				<string name="UnitName" value="Kaga"/>
			</object>
			<object name="Kaga714">
				<string name="ConnectName" value="Main_Boilers;Sup_Boilers;"/>
				<integer name="Country" value="2"/>
				<float name="ER" value="400."/>
				<string name="Hull" value="Std_Engine"/>
				<string name="Name" value="Engine3"/>
				<string name="TypHL" value="Engine"/>
				<string name="UnitName" value="Kaga"/>
			</object>
			<object name="Kaga715">
				<string name="ConnectName" value="Main_Boilers;Sup_Boilers;"/>
				<integer name="Country" value="2"/>
				<float name="ER" value="400."/>
				<string name="Hull" value="Std_Engine"/>
				<string name="Name" value="Engine4"/>
				<string name="TypHL" value="Engine"/>
				<string name="UnitName" value="Kaga"/>
			</object>
			<object name="Kaga716">
				<integer name="Country" value="2"/>
				<float name="ER" value="400."/>
				<string name="Hull" value="Std_LAMP"/>
				<string name="Name" value="Middle3_LAMP"/>
				<string name="TypHL" value="Hull"/>
				<string name="UnitName" value="Kaga"/>
			</object>
			<object name="Kaga717">
				<integer name="Country" value="2"/>
				<float name="ER" value="400."/>
				<string name="Hull" value="Std_RAMP"/>
				<string name="Name" value="Middle3_RAMP"/>
				<string name="TypHL" value="Hull"/>
				<string name="UnitName" value="Kaga"/>
			</object>
			<object name="Kaga718">
				<integer name="Country" value="2"/>
				<float name="ER" value="400."/>
				<string name="Hull" value="Std_RAMP"/>
				<string name="Name" value="Middle4_RAMP"/>
				<string name="TypHL" value="Hull"/>
				<string name="UnitName" value="Kaga"/>
			</object>
			<object name="Kaga719">
				<integer name="Country" value="2"/>
				<float name="ER" value="400."/>
				<string name="Hull" value="Std_LAMP"/>
				<string name="Name" value="Middle4_LAMP"/>
				<string name="TypHL" value="Hull"/>
				<string name="UnitName" value="Kaga"/>
			</object>
			<object name="Kaga720">
				<integer name="Country" value="2"/>
				<float name="ER" value="400."/>
				<string name="Hull" value="Kaga_Ordinary"/>
				<string name="Name" value="Middle3_MiddleDeck"/>
				<string name="TypHL" value="Hull"/>
				<string name="UnitName" value="Kaga"/>
			</object>
			<object name="Kaga721">
				<integer name="Country" value="2"/>
				<float name="ER" value="400."/>
				<string name="Hull" value="Kaga_AmmoStore"/>
				<string name="Name" value="AmmoStore_Middle"/>
				<float name="Param_1" value="0."/>
				<string name="TypHL" value="AmmoStore"/>
				<string name="UnitName" value="Kaga"/>
			</object>
			<object name="Kaga722">
				<integer name="Country" value="2"/>
				<float name="ER" value="400."/>
				<string name="Hull" value="Kaga_Ordinary"/>
				<string name="Name" value="Middle4_MiddleDeck"/>
				<string name="TypHL" value="Hull"/>
				<string name="UnitName" value="Kaga"/>
			</object>
			<object name="Kaga723">
				<integer name="Country" value="2"/>
				<float name="ER" value="400."/>
				<string name="Hull" value="Kaga_LBelt"/>
				<string name="Name" value="Middle3_LBeltLower"/>
				<string name="TypHL" value="Hull"/>
				<string name="UnitName" value="Kaga"/>
			</object>
			<object name="Kaga724">
				<integer name="Country" value="2"/>
				<float name="ER" value="400."/>
				<string name="Hull" value="Kaga_LBelt"/>
				<string name="Name" value="Middle4_LBeltLower"/>
				<string name="TypHL" value="Hull"/>
				<string name="UnitName" value="Kaga"/>
			</object>
			<object name="Kaga725">
				<integer name="Country" value="2"/>
				<float name="ER" value="400."/>
				<string name="Hull" value="Kaga_RBelt"/>
				<string name="Name" value="Middle3_RBeltLower"/>
				<string name="TypHL" value="Hull"/>
				<string name="UnitName" value="Kaga"/>
			</object>
			<object name="Kaga726">
				<integer name="Country" value="2"/>
				<float name="ER" value="400."/>
				<string name="Hull" value="Kaga_RBelt"/>
				<string name="Name" value="Middle4_RBeltLower"/>
				<string name="TypHL" value="Hull"/>
				<string name="UnitName" value="Kaga"/>
			</object>
			<object name="Kaga727">
				<integer name="Country" value="2"/>
				<float name="ER" value="400."/>
				<string name="Hull" value="Kaga_Hungur"/>
				<string name="Name" value="Middle_Hungur2"/>
				<string name="TypHL" value="Hull"/>
				<string name="UnitName" value="Kaga"/>
			</object>
			<object name="Kaga728">
				<integer name="Country" value="2"/>
				<float name="ER" value="400."/>
				<string name="Hull" value="Kaga_Elevator"/>
				<string name="Name" value="Middle_Elevator"/>
				<string name="TypHL" value="Hull"/>
				<string name="UnitName" value="Kaga"/>
			</object>
			<object name="Kaga729">
				<integer name="Country" value="2"/>
				<float name="ER" value="400."/>
				<string name="Hull" value="Kaga_Ordinary"/>
				<string name="Name" value="Middle_3_4_RBeltUpper"/>
				<string name="TypHL" value="Hull"/>
				<string name="UnitName" value="Kaga"/>
			</object>
			<object name="Kaga730">
				<integer name="Country" value="2"/>
				<float name="ER" value="400."/>
				<string name="Hull" value="Kaga_Ordinary"/>
				<string name="Name" value="Middle_3_4_LBeltUpper"/>
				<string name="TypHL" value="Hull"/>
				<string name="UnitName" value="Kaga"/>
			</object>
			<object name="Kaga731">
				<integer name="Country" value="2"/>
				<float name="ER" value="400."/>
				<string name="Hull" value="Kaga_FDeck"/>
				<string name="Name" value="Middle_3_4_FlightDeck"/>
				<string name="TypHL" value="Hull"/>
				<string name="UnitName" value="Kaga"/>
			</object>
			<object name="Kaga732">
				<integer name="Country" value="2"/>
				<float name="ER" value="400."/>
				<string name="Hull" value="Kaga_Ordinary"/>
				<string name="Name" value="Middle1_LBottom"/>
				<string name="TypHL" value="Hull"/>
				<string name="UnitName" value="Kaga"/>
			</object>
			<object name="Kaga733">
				<integer name="Country" value="2"/>
				<float name="ER" value="400."/>
				<string name="Hull" value="Kaga_Ordinary"/>
				<string name="Name" value="Middle1_RBottom"/>
				<string name="TypHL" value="Hull"/>
				<string name="UnitName" value="Kaga"/>
			</object>
			<object name="Kaga734">
				<integer name="Country" value="2"/>
				<float name="ER" value="400."/>
				<string name="Hull" value="Kaga_Ordinary"/>
				<string name="Name" value="Middle2_RBottom"/>
				<string name="TypHL" value="Hull"/>
				<string name="UnitName" value="Kaga"/>
			</object>
			<object name="Kaga735">
				<integer name="Country" value="2"/>
				<float name="ER" value="400."/>
				<string name="Hull" value="Kaga_Ordinary"/>
				<string name="Name" value="Middle2_LBottom"/>
				<string name="TypHL" value="Hull"/>
				<string name="UnitName" value="Kaga"/>
			</object>
			<object name="Kaga736">
				<integer name="Country" value="2"/>
				<float name="ER" value="400."/>
				<string name="Hull" value="Kaga_LowerDeck"/>
				<string name="Name" value="Middle1_LowerDeck"/>
				<string name="TypHL" value="Hull"/>
				<string name="UnitName" value="Kaga"/>
			</object>
			<object name="Kaga737">
				<integer name="Country" value="2"/>
				<float name="ER" value="400."/>
				<string name="Hull" value="Std_Boiler"/>
				<string name="Name" value="Sup_Boilers"/>
				<string name="TypHL" value="Boiler"/>
				<string name="UnitName" value="Kaga"/>
			</object>
			<object name="Kaga738">
				<integer name="Country" value="2"/>
				<float name="ER" value="400."/>
				<string name="Hull" value="Kaga_LowerDeck"/>
				<string name="Name" value="Middle2_LowerDeck"/>
				<string name="TypHL" value="Hull"/>
				<string name="UnitName" value="Kaga"/>
			</object>
			<object name="Kaga739">
				<integer name="Country" value="2"/>
				<float name="ER" value="400."/>
				<string name="Hull" value="Std_Boiler"/>
				<string name="Name" value="Main_Boilers"/>
				<string name="TypHL" value="Boiler"/>
				<string name="UnitName" value="Kaga"/>
			</object>
			<object name="Kaga740">
				<integer name="Country" value="2"/>
				<float name="ER" value="400."/>
				<string name="Hull" value="Std_RAMP"/>
				<string name="Name" value="Middle1_RAMP"/>
				<string name="TypHL" value="Hull"/>
				<string name="UnitName" value="Kaga"/>
			</object>
			<object name="Kaga741">
				<integer name="Country" value="2"/>
				<float name="ER" value="400."/>
				<string name="Hull" value="Std_LAMP"/>
				<string name="Name" value="Middle1_LAMP"/>
				<string name="TypHL" value="Hull"/>
				<string name="UnitName" value="Kaga"/>
			</object>
			<object name="Kaga742">
				<integer name="Country" value="2"/>
				<float name="ER" value="400."/>
				<string name="Hull" value="Std_LAMP"/>
				<string name="Name" value="Middle2_LAMP"/>
				<string name="TypHL" value="Hull"/>
				<string name="UnitName" value="Kaga"/>
			</object>
			<object name="Kaga743">
				<integer name="Country" value="2"/>
				<float name="ER" value="400."/>
				<string name="Hull" value="Std_RAMP"/>
				<string name="Name" value="Middle2_RAMP"/>
				<string name="TypHL" value="Hull"/>
				<string name="UnitName" value="Kaga"/>
			</object>
			<object name="Kaga744">
				<integer name="Country" value="2"/>
				<float name="ER" value="400."/>
				<string name="Hull" value="Kaga_Ordinary"/>
				<string name="Name" value="Middle1_MiddleDeck"/>
				<string name="TypHL" value="Hull"/>
				<string name="UnitName" value="Kaga"/>
			</object>
			<object name="Kaga745">
				<integer name="Country" value="2"/>
				<float name="ER" value="400."/>
				<string name="Hull" value="Kaga_Ordinary"/>
				<string name="Name" value="Middle2_MiddleDeck"/>
				<string name="TypHL" value="Hull"/>
				<string name="UnitName" value="Kaga"/>
			</object>
			<object name="Kaga746">
				<integer name="Country" value="2"/>
				<float name="ER" value="400."/>
				<string name="Hull" value="Kaga_LBelt"/>
				<string name="Name" value="Middle1_LBeltLower"/>
				<string name="TypHL" value="Hull"/>
				<string name="UnitName" value="Kaga"/>
			</object>
			<object name="Kaga747">
				<integer name="Country" value="2"/>
				<float name="ER" value="400."/>
				<string name="Hull" value="Kaga_LBelt"/>
				<string name="Name" value="Middle2_LBeltLower"/>
				<string name="TypHL" value="Hull"/>
				<string name="UnitName" value="Kaga"/>
			</object>
			<object name="Kaga748">
				<integer name="Country" value="2"/>
				<float name="ER" value="400."/>
				<string name="Hull" value="Kaga_RBelt"/>
				<string name="Name" value="Middle1_RBeltLower"/>
				<string name="TypHL" value="Hull"/>
				<string name="UnitName" value="Kaga"/>
			</object>
			<object name="Kaga749">
				<integer name="Country" value="2"/>
				<float name="ER" value="400."/>
				<string name="Hull" value="Kaga_RBelt"/>
				<string name="Name" value="Middle2_RBeltLower"/>
				<string name="TypHL" value="Hull"/>
				<string name="UnitName" value="Kaga"/>
			</object>
			<object name="Kaga750">
				<integer name="Country" value="2"/>
				<float name="ER" value="400."/>
				<string name="Hull" value="Kaga_Hungur"/>
				<string name="Name" value="Middle_Hungur1"/>
				<string name="TypHL" value="Hull"/>
				<string name="UnitName" value="Kaga"/>
			</object>
			<object name="Kaga751">
				<integer name="Country" value="2"/>
				<float name="ER" value="400."/>
				<string name="Hull" value="Kaga_FDeck"/>
				<string name="Name" value="Middle_1_2_FlightDeck"/>
				<string name="TypHL" value="Hull"/>
				<string name="UnitName" value="Kaga"/>
			</object>
			<object name="Kaga752">
				<integer name="Country" value="2"/>
				<float name="ER" value="400."/>
				<string name="Hull" value="Kaga_Ordinary"/>
				<string name="Name" value="Middle_1_2_RBeltUpper"/>
				<string name="TypHL" value="Hull"/>
				<string name="UnitName" value="Kaga"/>
			</object>
			<object name="Kaga753">
				<integer name="Country" value="2"/>
				<float name="ER" value="400."/>
				<string name="Hull" value="Kaga_Ordinary"/>
				<string name="Name" value="Middle_1_2_LBeltUpper"/>
				<string name="TypHL" value="Hull"/>
				<string name="UnitName" value="Kaga"/>
			</object>
			<object name="Kaga754">
				<integer name="Country" value="2"/>
				<float name="ER" value="400."/>
				<string name="Hull" value="Kaga_Ordinary"/>
				<string name="Name" value="Bow2_LBottom"/>
				<string name="TypHL" value="Hull"/>
				<string name="UnitName" value="Kaga"/>
			</object>
			<object name="Kaga755">
				<integer name="Country" value="2"/>
				<float name="ER" value="400."/>
				<string name="Hull" value="Kaga_Ordinary"/>
				<string name="Name" value="Bow2_RBottom"/>
				<string name="TypHL" value="Hull"/>
				<string name="UnitName" value="Kaga"/>
			</object>
			<object name="Kaga756">
				<integer name="Country" value="2"/>
				<float name="ER" value="400."/>
				<string name="Hull" value="Kaga_LowerDeck"/>
				<string name="Name" value="Bow2_LowerDeck"/>
				<string name="TypHL" value="Hull"/>
				<string name="UnitName" value="Kaga"/>
			</object>
			<object name="Kaga757">
				<integer name="Country" value="2"/>
				<float name="ER" value="400."/>
				<string name="Hull" value="Std_LAMP"/>
				<string name="Name" value="Bow2_LAMP"/>
				<string name="TypHL" value="Hull"/>
				<string name="UnitName" value="Kaga"/>
			</object>
			<object name="Kaga758">
				<integer name="Country" value="2"/>
				<float name="ER" value="400."/>
				<string name="Hull" value="Std_RAMP"/>
				<string name="Name" value="Bow2_RAMP"/>
				<string name="TypHL" value="Hull"/>
				<string name="UnitName" value="Kaga"/>
			</object>
			<object name="Kaga759">
				<integer name="Country" value="2"/>
				<float name="ER" value="400."/>
				<string name="Hull" value="Kaga_Ordinary"/>
				<string name="Name" value="Bow2_MiddleDeck"/>
				<string name="TypHL" value="Hull"/>
				<string name="UnitName" value="Kaga"/>
			</object>
			<object name="Kaga760">
				<integer name="Country" value="2"/>
				<float name="ER" value="400."/>
				<string name="Hull" value="Std_AFuelTank"/>
				<string name="Name" value="AFuelTank_Bow"/>
				<float name="Param_1" value="500."/>
				<string name="TypHL" value="FuelTank"/>
				<string name="UnitName" value="Kaga"/>
			</object>
			<object name="Kaga761">
				<integer name="Country" value="2"/>
				<float name="ER" value="400."/>
				<string name="Hull" value="Kaga_RBelt"/>
				<string name="Name" value="Bow2_RBeltLower"/>
				<string name="TypHL" value="Hull"/>
				<string name="UnitName" value="Kaga"/>
			</object>
			<object name="Kaga762">
				<integer name="Country" value="2"/>
				<float name="ER" value="400."/>
				<string name="Hull" value="Kaga_LBelt"/>
				<string name="Name" value="Bow2_LBeltLower"/>
				<string name="TypHL" value="Hull"/>
				<string name="UnitName" value="Kaga"/>
			</object>
			<object name="Kaga763">
				<integer name="Country" value="2"/>
				<float name="ER" value="400."/>
				<string name="Hull" value="Kaga_Hungur"/>
				<string name="Name" value="Bow_Hungur"/>
				<string name="TypHL" value="Hull"/>
				<string name="UnitName" value="Kaga"/>
			</object>
			<object name="Kaga764">
				<integer name="Country" value="2"/>
				<float name="ER" value="400."/>
				<string name="Hull" value="Kaga_Elevator"/>
				<string name="Name" value="Bow_Elevator"/>
				<string name="TypHL" value="Hull"/>
				<string name="UnitName" value="Kaga"/>
			</object>
			<object name="Kaga765">
				<integer name="Country" value="2"/>
				<float name="ER" value="400."/>
				<string name="Hull" value="Kaga_FDeck"/>
				<string name="Name" value="Bow2_FlightDeck"/>
				<string name="TypHL" value="Hull"/>
				<string name="UnitName" value="Kaga"/>
			</object>
			<object name="Kaga766">
				<integer name="Country" value="2"/>
				<float name="ER" value="400."/>
				<string name="Hull" value="Kaga_Ordinary"/>
				<string name="Name" value="Bow2_RBeltUpper"/>
				<string name="TypHL" value="Hull"/>
				<string name="UnitName" value="Kaga"/>
			</object>
			<object name="Kaga767">
				<integer name="Country" value="2"/>
				<float name="ER" value="400."/>
				<string name="Hull" value="Kaga_Ordinary"/>
				<string name="Name" value="Bow2_LBeltUpper"/>
				<string name="TypHL" value="Hull"/>
				<string name="UnitName" value="Kaga"/>
			</object>
			<object name="Kaga768">
				<integer name="Country" value="2"/>
				<float name="ER" value="400."/>
				<string name="Hull" value="Std_FuelTank"/>
				<string name="Name" value="FuelTank_Bow"/>
				<string name="TypHL" value="FuelTank"/>
				<string name="UnitName" value="Kaga"/>
			</object>
			<object name="Kaga9259">
				<integer name="Country" value="2"/>
				<integer name="Crew" value="2000"/>
				<float name="ER" value="400."/>
				<string name="Hull" value="Std_Hull"/>
				<string name="Name" value="Crew"/>
				<string name="TypHL" value="Crew"/>
				<string name="UnitName" value="Kaga"/>
			</object>
		</object>
		<object name="Hulls">
			<object name="Kaga_AmmoStore">
				<integer name="Back" value="20"/>
				<integer name="Bottom" value="20"/>
				<integer name="Country" value="2"/>
				<float name="ExplProb" value="50."/>
				<float name="FireProb" value="25."/>
				<integer name="Front" value="20"/>
				<integer name="Left" value="20"/>
				<string name="Material" value="Armored"/>
				<integer name="Right" value="20"/>
				<integer name="Top" value="20"/>
				<integer name="UnitName" value="0"/>
				<string name="UnitTyp" value="Ship"/>
			</object>
			<object name="Kaga_BattleCabin">
				<integer name="Back" value="152"/>
				<integer name="Bottom" value="10"/>
				<integer name="Country" value="2"/>
				<float name="ExplProb" value="0."/>
				<float name="FireProb" value="10."/>
				<integer name="Front" value="152"/>
				<integer name="Left" value="152"/>
				<string name="Material" value="Armored"/>
				<integer name="Right" value="152"/>
				<integer name="Top" value="100"/>
				<integer name="UnitName" value="0"/>
				<string name="UnitTyp" value="Ship"/>
			</object>
			<object name="Kaga_Elevator">
				<integer name="Back" value="10"/>
				<integer name="Bottom" value="10"/>
				<integer name="Country" value="2"/>
				<float name="ExplProb" value="0."/>
				<float name="FireProb" value="30."/>
				<integer name="Front" value="10"/>
				<integer name="Left" value="10"/>
				<string name="Material" value="Steel"/>
				<integer name="Right" value="10"/>
				<integer name="Top" value="20"/>
				<integer name="UnitName" value="0"/>
				<string name="UnitTyp" value="Ship"/>
			</object>
			<object name="Kaga_FDeck">
				<integer name="Back" value="53"/>
				<integer name="Bottom" value="53"/>
				<integer name="Country" value="2"/>
				<float name="ExplProb" value="0."/>
				<float name="FireProb" value="20."/>
				<integer name="Front" value="53"/>
				<integer name="Left" value="53"/>
				<string name="Material" value="Armored"/>
				<integer name="Right" value="53"/>
				<integer name="Top" value="53"/>
				<integer name="UnitName" value="0"/>
				<string name="UnitTyp" value="Ship"/>
			</object>
			<object name="Kaga_Hungur">
				<integer name="Back" value="10"/>
				<integer name="Bottom" value="10"/>
				<integer name="Country" value="2"/>
				<float name="ExplProb" value="0."/>
				<float name="FireProb" value="20."/>
				<integer name="Front" value="10"/>
				<integer name="Left" value="10"/>
				<string name="Material" value="Armored"/>
				<integer name="Right" value="10"/>
				<integer name="Top" value="25"/>
				<integer name="UnitName" value="0"/>
				<string name="UnitTyp" value="Ship"/>
			</object>
			<object name="Kaga_LAMP">
				<integer name="Back" value="10"/>
				<integer name="Bottom" value="10"/>
				<integer name="Country" value="2"/>
				<float name="ExplProb" value="0."/>
				<float name="FireProb" value="0."/>
				<integer name="Front" value="10"/>
				<integer name="Left" value="152"/>
				<string name="Material" value="Armored"/>
				<integer name="Right" value="10"/>
				<integer name="Top" value="102"/>
				<integer name="UnitName" value="0"/>
				<string name="UnitTyp" value="Ship"/>
			</object>
			<object name="Kaga_LBelt">
				<integer name="Back" value="1"/>
				<integer name="Bottom" value="1"/>
				<integer name="Country" value="2"/>
				<float name="ExplProb" value="0."/>
				<float name="FireProb" value="0."/>
				<integer name="Front" value="1"/>
				<integer name="Left" value="250"/>
				<string name="Material" value="Armored"/>
				<integer name="Right" value="1"/>
				<integer name="Top" value="225"/>
				<integer name="UnitName" value="0"/>
				<string name="UnitTyp" value="Ship"/>
			</object>
			<object name="Kaga_LowerDeck">
				<integer name="Back" value="10"/>
				<integer name="Bottom" value="10"/>
				<integer name="Country" value="2"/>
				<float name="ExplProb" value="0."/>
				<float name="FireProb" value="20."/>
				<integer name="Front" value="10"/>
				<integer name="Left" value="10"/>
				<string name="Material" value="Armored"/>
				<integer name="Right" value="10"/>
				<integer name="Top" value="71"/>
				<integer name="UnitName" value="0"/>
				<string name="UnitTyp" value="Ship"/>
			</object>
			<object name="Kaga_Ordinary">
				<integer name="Back" value="10"/>
				<integer name="Bottom" value="10"/>
				<integer name="Country" value="2"/>
				<float name="ExplProb" value="0."/>
				<float name="FireProb" value="15."/>
				<integer name="Front" value="10"/>
				<integer name="Left" value="10"/>
				<string name="Material" value="Steel"/>
				<integer name="Right" value="10"/>
				<integer name="Top" value="10"/>
				<integer name="UnitName" value="0"/>
				<string name="UnitTyp" value="Ship"/>
			</object>
			<object name="Kaga_RAMP">
				<integer name="Back" value="10"/>
				<integer name="Bottom" value="10"/>
				<integer name="Country" value="2"/>
				<float name="ExplProb" value="0."/>
				<float name="FireProb" value="0."/>
				<integer name="Front" value="10"/>
				<integer name="Left" value="10"/>
				<string name="Material" value="Armored"/>
				<integer name="Right" value="152"/>
				<integer name="Top" value="102"/>
				<integer name="UnitName" value="0"/>
				<string name="UnitTyp" value="Ship"/>
			</object>
			<object name="Kaga_RBelt">
				<integer name="Back" value="1"/>
				<integer name="Bottom" value="1"/>
				<integer name="Country" value="2"/>
				<float name="ExplProb" value="0."/>
				<float name="FireProb" value="0."/>
				<integer name="Front" value="1"/>
				<integer name="Left" value="1"/>
				<string name="Material" value="Armored"/>
				<integer name="Right" value="250"/>
				<integer name="Top" value="225"/>
				<integer name="UnitName" value="0"/>
				<string name="UnitTyp" value="Ship"/>
			</object>
			<object name="Kaga_Top">
				<integer name="Back" value="15"/>
				<integer name="Bottom" value="10"/>
				<integer name="Country" value="2"/>
				<float name="ExplProb" value="0."/>
				<float name="FireProb" value="10."/>
				<integer name="Front" value="15"/>
				<integer name="Left" value="15"/>
				<string name="Material" value="Steel"/>
				<integer name="Right" value="15"/>
				<integer name="Top" value="25"/>
				<integer name="UnitName" value="0"/>
				<string name="UnitTyp" value="Ship"/>
			</object>
		</object>
		<object name="ShipsNames">
			<object name="Kaga">
				<string name="1" value="Kaga1"/>
			</object>
		</object>
		<object name="UnitsByType">
			<object name="0">
				<object name="Kaga">
					<string name="ChildTable" value="Ships"/>
				</object>
			</object>
		</object>
	</object>
</root>
