﻿<?xml version="1.0" standalone="yes" ?>
<root>
	<object name="Prototypes">
		<object name="Ships">
			<object name="Kaga">
				<object name="Slots">
					<object name="TPort_127mm_R1">
						<object name="SubSlots">
							<object name="TPort_127mm_R2">
								<integer name="icon_x" value="539"/>
								<integer name="icon_y" value="16"/>
							</object>
							<object name="TPort_127mm_R3">
								<integer name="icon_x" value="539"/>
								<integer name="icon_y" value="16"/>
							</object>
							<object name="TPort_127mm_R4">
								<integer name="icon_x" value="539"/>
								<integer name="icon_y" value="16"/>
							</object>
							<object name="TPort_127mm_L1">
								<integer name="icon_x" value="539"/>
								<integer name="icon_y" value="16"/>
							</object>
							<object name="TPort_127mm_L2">
								<integer name="icon_x" value="539"/>
								<integer name="icon_y" value="16"/>
							</object>
							<object name="TPort_127mm_L3">
								<integer name="icon_x" value="539"/>
								<integer name="icon_y" value="16"/>
							</object>
							<object name="TPort_127mm_L4">
								<integer name="icon_x" value="539"/>
								<integer name="icon_y" value="16"/>
							</object>
						</object>
						<integer name="icon_x" value="161"/>
						<integer name="icon_y" value="91"/>
					</object>
					<object name="TPort_203mm_R1">
						<object name="SubSlots">
							<object name="TPort_203mm_R2">
								<integer name="icon_x" value="539"/>
								<integer name="icon_y" value="16"/>
							</object>
							<object name="TPort_203mm_R3">
								<integer name="icon_x" value="539"/>
								<integer name="icon_y" value="16"/>
							</object>
							<object name="TPort_203mm_R4">
								<integer name="icon_x" value="539"/>
								<integer name="icon_y" value="16"/>
							</object>
							<object name="TPort_203mm_R5">
								<integer name="icon_x" value="539"/>
								<integer name="icon_y" value="16"/>
							</object>
							<object name="TPort_203mm_L1">
								<integer name="icon_x" value="539"/>
								<integer name="icon_y" value="16"/>
							</object>
							<object name="TPort_203mm_L2">
								<integer name="icon_x" value="539"/>
								<integer name="icon_y" value="16"/>
							</object>
							<object name="TPort_203mm_L3">
								<integer name="icon_x" value="539"/>
								<integer name="icon_y" value="16"/>
							</object>
							<object name="TPort_203mm_L4">
								<integer name="icon_x" value="539"/>
								<integer name="icon_y" value="16"/>
							</object>
							<object name="TPort_203mm_L5">
								<integer name="icon_x" value="539"/>
								<integer name="icon_y" value="16"/>
							</object>
						</object>
						<integer name="icon_x" value="320"/>
						<integer name="icon_y" value="91"/>
					</object>
					<object name="TPort_AA3x25mm_R1">
						<object name="SubSlots">
							<object name="TPort_AA3x25mm_R2">
								<integer name="icon_x" value="58"/>
								<integer name="icon_y" value="190"/>
							</object>
							<object name="TPort_AA3x25mm_R3">
								<integer name="icon_x" value="58"/>
								<integer name="icon_y" value="190"/>
							</object>
							<object name="TPort_AA3x25mm_R4">
								<integer name="icon_x" value="58"/>
								<integer name="icon_y" value="190"/>
							</object>
							<object name="TPort_AA3x25mm_R5">
								<integer name="icon_x" value="58"/>
								<integer name="icon_y" value="190"/>
							</object>
							<object name="TPort_AA3x25mm_R6">
								<integer name="icon_x" value="58"/>
								<integer name="icon_y" value="190"/>
							</object>
							<object name="TPort_AA3x25mm_R7">
								<integer name="icon_x" value="58"/>
								<integer name="icon_y" value="190"/>
							</object>
							<object name="TPort_AA3x25mm_R8">
								<integer name="icon_x" value="58"/>
								<integer name="icon_y" value="190"/>
							</object>
							<object name="TPort_AA3x25mm_R9">
								<integer name="icon_x" value="58"/>
								<integer name="icon_y" value="190"/>
							</object>
							<object name="TPort_AA3x25mm_L1">
								<integer name="icon_x" value="58"/>
								<integer name="icon_y" value="190"/>
							</object>
							<object name="TPort_AA3x25mm_L2">
								<integer name="icon_x" value="58"/>
								<integer name="icon_y" value="190"/>
							</object>
							<object name="TPort_AA3x25mm_L3">
								<integer name="icon_x" value="58"/>
								<integer name="icon_y" value="190"/>
							</object>
							<object name="TPort_AA3x25mm_L4">
								<integer name="icon_x" value="58"/>
								<integer name="icon_y" value="190"/>
							</object>
							<object name="TPort_AA3x25mm_L5">
								<integer name="icon_x" value="58"/>
								<integer name="icon_y" value="190"/>
							</object>
							<object name="TPort_AA3x25mm_L6">
								<integer name="icon_x" value="58"/>
								<integer name="icon_y" value="190"/>
							</object>
							<object name="TPort_AA3x25mm_L7">
								<integer name="icon_x" value="58"/>
								<integer name="icon_y" value="190"/>
							</object>
							<object name="TPort_AA3x25mm_L8">
								<integer name="icon_x" value="58"/>
								<integer name="icon_y" value="190"/>
							</object>
							<object name="TPort_AA3x25mm_L9">
								<integer name="icon_x" value="58"/>
								<integer name="icon_y" value="190"/>
							</object>
							<object name="TPort_AA3x25mm_L10">
								<integer name="icon_x" value="58"/>
								<integer name="icon_y" value="190"/>
							</object>
							<object name="TPort_AA3x25mm_L11">
								<integer name="icon_x" value="58"/>
								<integer name="icon_y" value="190"/>
							</object>
						</object>
						<integer name="icon_x" value="395"/>
						<integer name="icon_y" value="91"/>
					</object>
					<object name="TPort_RF_Typ95_03_R1">
						<object name="SubSlots">
							<object name="TPort_RF_Typ95_03_R2">
								<integer name="icon_x" value="333"/>
								<integer name="icon_y" value="126"/>
							</object>
							<object name="TPort_RF_Typ95_03_R3">
								<integer name="icon_x" value="335"/>
								<integer name="icon_y" value="126"/>
							</object>
							<object name="TPort_RF_Typ95_03_L1">
								<integer name="icon_x" value="335"/>
								<integer name="icon_y" value="126"/>
							</object>
							<object name="TPort_RF_Typ95_03_L2">
								<integer name="icon_x" value="335"/>
								<integer name="icon_y" value="126"/>
							</object>
						</object>
						<integer name="icon_x" value="100"/>
						<integer name="icon_y" value="185"/>
					</object>
					<object name="TPort_RF_Jap_Mk52_R1">
						<object name="SubSlots">
							<object name="TPort_RF_Jap_Mk52_R2">
								<integer name="icon_x" value="333"/>
								<integer name="icon_y" value="126"/>
							</object>
							<object name="TPort_RF_Jap_Mk52_L1">
								<integer name="icon_x" value="335"/>
								<integer name="icon_y" value="126"/>
							</object>
							<object name="TPort_RF_Jap_Mk52_L2">
								<integer name="icon_x" value="335"/>
								<integer name="icon_y" value="126"/>
							</object>
						</object>
						<integer name="icon_x" value="275"/>
						<integer name="icon_y" value="91"/>
					</object>
					<object name="TPort_Main_Gun_Director1">
						<integer name="icon_x" value="180"/>
						<integer name="icon_y" value="250"/>
					</object>
					<object name="TPort_Main_Gun_Director2">
						<integer name="icon_x" value="300"/>
						<integer name="icon_y" value="260"/>
					</object>
					<object name="TPort_Main_Gun_Director3">
						<integer name="icon_x" value="550"/>
						<integer name="icon_y" value="120"/>
					</object>
					<object name="TPort_RF_Typ95_02_R">
						<integer name="icon_x" value="300"/>
						<integer name="icon_y" value="185"/>
					</object>
					<object name="TPort_RADAR1">
						<integer name="icon_x" value="350"/>
						<integer name="icon_y" value="350"/>
					</object>
					<object name="ZPort_AAGunContr1">
						<integer name="icon_x" value="14"/>
						<integer name="icon_y" value="185"/>
					</object>
					<object name="ZPort_Bridge">
						<integer name="icon_x" value="44"/>
						<integer name="icon_y" value="3"/>
					</object>
					<object name="ZPort_FuelTank">
						<integer name="icon_x" value="85"/>
						<integer name="icon_y" value="3"/>
					</object>
					<object name="ZPort_Jammer_JS_A">
						<integer name="icon_x" value="126"/>
						<integer name="icon_y" value="275"/>
					</object>
					<object name="ZPort_Jammer_US_A1">
						<integer name="icon_x" value="554"/>
						<integer name="icon_y" value="277"/>
					</object>
					<object name="ZPort_MainGunContr">
						<integer name="icon_x" value="14"/>
						<integer name="icon_y" value="275"/>
					</object>
					<object name="ZPort_Radio">
						<integer name="icon_x" value="100"/>
						<integer name="icon_y" value="275"/>
					</object>
					<object name="ZPort_Rudder">
						<integer name="icon_x" value="290"/>
						<integer name="icon_y" value="3"/>
					</object>
					<object name="ZPort_Sonar">
						<integer name="icon_x" value="555"/>
						<integer name="icon_y" value="340"/>
					</object>
					<object name="ZPort_Sonar1">
						<integer name="icon_x" value="500"/>
						<integer name="icon_y" value="340"/>
					</object>
					<object name="ZPort_SteamTurbine_01">
						<integer name="icon_x" value="279"/>
						<integer name="icon_y" value="348"/>
					</object>
				</object>
			</object>
		</object>
	</object>
</root>