﻿<?xml version = "1.0" encoding = "UTF-8"?>
<root>
	<object name = "SteelMonstersParams">
		<object name="Ships">
			<object name="Junyo">
				<float name="AccelRate" value="3.e-004"/>
				<string name="Airgroup" value="AircraftCarrier_Group_Junyo_japan"/>
				<integer name="AirplanesCount" value="56"/>
				<string name="AmmoLoadingTemplate" value="Ammo 500, BV_246_Frag_ST 10, BV_246_Com_ST 10, BV_246_Frag_SR 10, BV_246_Com_SR 10, Hs_293_R 20, Hs_293_P 20, Hs_293_ST 20, Torp_Jap_Mk91 50, Torp_Jap_Mk91_M_I 10, Torp_Jap_Mk91_A_SA 10"/>
				<integer name="Avia" value="2"/>
				<boolean name="BoatsTransportationAbility" value="false"/>
				<integer name="CabinArmor" value="20"/>
				<boolean name="CanBeChanged" value="true"/>
				<boolean name="CanUseTorpedos" value="false"/>
				<integer name="Country" value="2"/>
				<integer name="Crew" value="1187"/>
				<float name="CriticalCareen" value="33."/>
				<float name="CriticalDFT" value="2.5"/>
				<float name="CriticalDifferent" value="2.3"/>
				<float name="DTimeProd" value="105."/>
				<float name="DisplacementMax" value="27500."/>
				<float name="EPR" value="420."/>
				<float name="FireRisk" value="1000."/>
				<float name="Fuel" value="2800."/>
				<float name="HLShapeCoef" value="0.9"/>
				<integer name="HullArmorSide" value="150"/>
				<integer name="HullArmorTop" value="56"/>
				<float name="Iron" value="30000."/>
				<integer name="Length" value="219.3"/>
				<float name="MaxSpeed" value="24.0"/>
				<integer name="MinCrew" value="700"/>
				<float name="Money" value="7000."/>
				<float name="NTimeProd" value="250."/>
				<string name="Name" value="Junyo"/>
				<boolean name="New" value="false"/>
				<integer name="Nuc_Dest_Prob" value="400"/>
				<integer name="Passengers" value="200"/>
				<boolean name="PlanesTransportationAbility" value="false"/>
				<float name="Range" value="14445.6"/>
				<integer name="Rank" value="1"/>
				<string name="SMU" value="Junyo"/>
				<float name="Speed" value="18."/>
				<float name="StoreCapacity" value="700."/>
				<boolean name="Transportable" value="false"/>
				<float name="TurnRate" value="1.5e-003"/>
				<integer name="Type" value="0"/>
				<float name="Vitality" value="4800."/>
				<float name="VitalityAA" value="1200."/>
				<float name="Weight" value="17480."/>
				<integer name="Width" value="26.7"/>
				<integer name="Year" value="42"/>
			</object>
		</object>
		<object name="Hit_Location">
			<object name="J3145">
				<integer name="Country" value="2"/>
				<float name="ER" value="400."/>
				<string name="Hull" value="Std_Hull"/>
				<string name="Name" value="Stern_Elevator"/>
				<string name="TypHL" value="Hull"/>
				<string name="UnitName" value="Junyo"/>
			</object>
			<object name="J3146">
				<string name="ConnectName" value="Stern1_Engine4"/>
				<integer name="Country" value="2"/>
				<float name="ER" value="400."/>
				<string name="Hull" value="Std_Mover"/>
				<string name="Name" value="Mover4"/>
				<string name="TypHL" value="Mover"/>
				<string name="UnitName" value="Junyo"/>
			</object>
			<object name="J3147">
				<string name="ConnectName" value="Stern1_Engine3"/>
				<integer name="Country" value="2"/>
				<float name="ER" value="400."/>
				<string name="Hull" value="Std_Mover"/>
				<string name="Name" value="Mover3"/>
				<string name="TypHL" value="Mover"/>
				<string name="UnitName" value="Junyo"/>
			</object>
			<object name="J3148">
				<string name="ConnectName" value="Stern1_Engine1"/>
				<integer name="Country" value="2"/>
				<float name="ER" value="400."/>
				<string name="Hull" value="Std_Mover"/>
				<string name="Name" value="Mover1"/>
				<string name="TypHL" value="Mover"/>
				<string name="UnitName" value="Junyo"/>
			</object>
			<object name="J3149">
				<integer name="Country" value="2"/>
				<float name="ER" value="400."/>
				<string name="Hull" value="Std_Hull"/>
				<string name="Name" value="Tiller"/>
				<string name="TypHL" value="Hull"/>
				<string name="UnitName" value="Junyo"/>
			</object>

			<object name="J3150">
				<integer name="Country" value="2"/>
				<float name="ER" value="400."/>
				<string name="Hull" value="Std_RAMP"/>
				<string name="Name" value="Rudder"/>
				<string name="TypHL" value="Rudder"/>
				<string name="UnitName" value="Junyo"/>
			</object>
			<object name="J3151">
				<integer name="Country" value="2"/>
				<integer name="Crew" value="800"/>
				<float name="ER" value="400."/>
				<string name="Hull" value="Std_UpperHull"/>
				<string name="Name" value="OperationControl"/>
				<string name="TypHL" value="Crew"/>
				<string name="UnitName" value="Junyo"/>
			</object>
			<object name="J3152">
				<integer name="Country" value="2"/>
				<float name="ER" value="400."/>
				<string name="Hull" value="Std_Probe"/>
				<string name="Name" value="Probe_AA"/>
				<string name="TypHL" value="Probe"/>
				<string name="UnitName" value="Junyo"/>
			</object>
			<object name="J3153">
				<integer name="Country" value="2"/>
				<float name="ER" value="400."/>
				<string name="Hull" value="Std_Probe"/>
				<string name="Name" value="Probe_Radar"/>
				<string name="TypHL" value="Probe"/>
				<string name="UnitName" value="Junyo"/>
			</object>
			<object name="J3154">
				<integer name="Country" value="2"/>
				<integer name="Crew" value="800"/>
				<float name="ER" value="400."/>
				<string name="Hull" value="Std_Hull"/>
				<string name="Name" value="BattleCabine"/>
				<string name="TypHL" value="Crew"/>
				<string name="UnitName" value="Junyo"/>
			</object>
			<object name="J3155">
				<integer name="Country" value="2"/>
				<float name="ER" value="400."/>
				<string name="Hull" value="Std_Probe"/>
				<string name="Name" value="Probe_Radio"/>
				<string name="TypHL" value="Probe"/>
				<string name="UnitName" value="Junyo"/>
			</object>
			<object name="J3156">
				<integer name="Country" value="2"/>
				<float name="ER" value="400."/>
				<string name="Hull" value="Std_Hull"/>
				<string name="Name" value="Bow1_LowerDeck"/>
				<string name="TypHL" value="Hull"/>
				<string name="UnitName" value="Junyo"/>
			</object>
			<object name="J3157">
				<integer name="Country" value="2"/>
				<float name="ER" value="400."/>
				<string name="Hull" value="Std_Bottom"/>
				<string name="Name" value="Bow1_Bottom"/>
				<string name="TypHL" value="Hull"/>
				<string name="UnitName" value="Junyo"/>
			</object>
			<object name="J3158">
				<integer name="Country" value="2"/>
				<float name="ER" value="400."/>
				<string name="Hull" value="Std_UpperHull"/>
				<string name="Name" value="Bow1_MiddleDeck"/>
				<string name="TypHL" value="Hull"/>
				<string name="UnitName" value="Junyo"/>
			</object>
			<object name="J3159">
				<integer name="Country" value="2"/>
				<float name="ER" value="400."/>
				<string name="Hull" value="Std_Bottom"/>
				<string name="Name" value="Stern2_Bottom"/>
				<string name="TypHL" value="Hull"/>
				<string name="UnitName" value="Junyo"/>
			</object>

			<object name="J3160">
				<integer name="Country" value="2"/>
				<float name="ER" value="400."/>
				<string name="Hull" value="Std_Hull"/>
				<string name="Name" value="Bow1_FlightDeck"/>
				<string name="TypHL" value="Hull"/>
				<string name="UnitName" value="Junyo"/>
			</object>
			<object name="J3161">
				<integer name="Country" value="2"/>
				<float name="ER" value="400."/>
				<string name="Hull" value="Std_Hull"/>
				<string name="Name" value="Stern1_FlightDeck"/>
				<string name="TypHL" value="Hull"/>
				<string name="UnitName" value="Junyo"/>
			</object>
			<object name="J3162">
				<integer name="Country" value="2"/>
				<float name="ER" value="400."/>
				<string name="Hull" value="Std_Hull"/>
				<string name="Name" value="Stern2_FlightDeck"/>
				<string name="TypHL" value="Hull"/>
				<string name="UnitName" value="Junyo"/>
			</object>
			<object name="J3163">
				<integer name="Country" value="2"/>
				<float name="ER" value="400."/>
				<string name="Hull" value="Std_Hull"/>
				<string name="Name" value="Stern2_Hungur"/>
				<string name="TypHL" value="Hull"/>
				<string name="UnitName" value="Junyo"/>
			</object>
			<object name="J3165">
				<integer name="Country" value="2"/>
				<float name="ER" value="400."/>
				<string name="Hull" value="Std_Hull"/>
				<string name="Name" value="Bow2_Elevator"/>
				<string name="TypHL" value="Hull"/>
				<string name="UnitName" value="Junyo"/>
			</object>
			<object name="J3166">
				<integer name="Country" value="2"/>
				<float name="ER" value="400."/>
				<string name="Hull" value="Std_Bottom"/>
				<string name="Name" value="Bow2_LBottom"/>
				<string name="TypHL" value="Hull"/>
				<string name="UnitName" value="Junyo"/>
			</object>
			<object name="J3167">
				<integer name="Country" value="2"/>
				<float name="ER" value="400."/>
				<string name="Hull" value="Std_Bottom"/>
				<string name="Name" value="Bow2_RBottom"/>
				<string name="TypHL" value="Hull"/>
				<string name="UnitName" value="Junyo"/>
			</object>
			<object name="J3168">
				<integer name="Country" value="2"/>
				<float name="ER" value="400."/>
				<string name="Hull" value="Std_LAMP"/>
				<string name="Name" value="Bow2_LAMP"/>
				<string name="TypHL" value="Hull"/>
				<string name="UnitName" value="Junyo"/>
			</object>
			<object name="J3169">
				<integer name="Country" value="2"/>
				<float name="ER" value="400."/>
				<string name="Hull" value="Std_Hull"/>
				<string name="Name" value="Bow2_LowerDeck"/>
				<string name="TypHL" value="Hull"/>
				<string name="UnitName" value="Junyo"/>
			</object>

			<object name="J3170">
				<integer name="Country" value="2"/>
				<float name="ER" value="400."/>
				<string name="Hull" value="Std_FuelTank"/>
				<string name="Name" value="Bow2_FuelTank2"/>
				<string name="TypHL" value="FuelTank"/>
				<string name="UnitName" value="Junyo"/>
			</object>
			<object name="J3171">
				<integer name="Country" value="2"/>
				<float name="ER" value="400."/>
				<string name="Hull" value="Std_FuelTank"/>
				<string name="Name" value="Bow2_FuelTank1"/>
				<string name="TypHL" value="FuelTank"/>
				<string name="UnitName" value="Junyo"/>
			</object>
			<object name="J3172">
				<integer name="Country" value="2"/>
				<float name="ER" value="400."/>
				<string name="Hull" value="Std_FuelTank"/>
				<string name="Name" value="Bow2_FuelTank"/>
				<string name="TypHL" value="FuelTank"/>
				<string name="UnitName" value="Junyo"/>
			</object>
			<object name="J3173">
				<integer name="Country" value="2"/>
				<float name="ER" value="400."/>
				<string name="Hull" value="Std_RAMP"/>
				<string name="Name" value="Bow2_RAMP"/>
				<string name="TypHL" value="Hull"/>
				<string name="UnitName" value="Junyo"/>
			</object>
			<object name="J3174">
				<integer name="Country" value="2"/>
				<float name="ER" value="400."/>
				<string name="Hull" value="Junyo_LBelt2"/>
				<string name="Name" value="Bow2_LBelt"/>
				<string name="TypHL" value="Hull"/>
				<string name="UnitName" value="Junyo"/>
			</object>
			<object name="J3175">
				<integer name="Country" value="2"/>
				<float name="ER" value="400."/>
				<string name="Hull" value="Junyo_RBelt2"/>
				<string name="Name" value="Bow2_RBelt"/>
				<string name="TypHL" value="Hull"/>
				<string name="UnitName" value="Junyo"/>
			</object>
			<object name="J3176">
				<integer name="Country" value="2"/>
				<float name="ER" value="400."/>
				<string name="Hull" value="Junyo_ArmourDeck2"/>
				<string name="Name" value="Bow2_MiddleDeck"/>
				<string name="TypHL" value="Hull"/>
				<string name="UnitName" value="Junyo"/>
			</object>
			<object name="J3177">
				<integer name="Country" value="2"/>
				<float name="ER" value="400."/>
				<string name="Hull" value="Std_AS_T1"/>
				<string name="Name" value="Bow2_AmmoStore"/>
				<string name="TypHL" value="AmmoStore"/>
				<string name="UnitName" value="Junyo"/>
			</object>
			<object name="J3178">
				<integer name="Country" value="2"/>
				<float name="ER" value="400."/>
				<string name="Hull" value="Std_AFuelTank"/>
				<string name="Name" value="Bow2_AAFuelTank"/>
				<string name="TypHL" value="FuelTank"/>
				<string name="UnitName" value="Junyo"/>
			</object>
			<object name="J3179">
				<integer name="Country" value="2"/>
				<float name="ER" value="400."/>
				<string name="Hull" value="Std_Hull"/>
				<string name="Name" value="Bow2_Hungur"/>
				<string name="TypHL" value="Hull"/>
				<string name="UnitName" value="Junyo"/>
			</object>

			<object name="J3180">
				<integer name="Country" value="2"/>
				<float name="ER" value="400."/>
				<string name="Hull" value="Std_Hull"/>
				<string name="Name" value="Bow2_FlightDeck"/>
				<string name="TypHL" value="Hull"/>
				<string name="UnitName" value="Junyo"/>
			</object>
			<object name="J3182">
				<integer name="Country" value="2"/>
				<float name="ER" value="400."/>
				<string name="Hull" value="Std_Hull"/>
				<string name="Name" value="Middle_Elevator"/>
				<string name="TypHL" value="Hull"/>
				<string name="UnitName" value="Junyo"/>
			</object>
			<object name="J3183">
				<integer name="Country" value="2"/>
				<float name="ER" value="400."/>
				<string name="Hull" value="Std_Bottom"/>
				<string name="Name" value="Middle2_LBottom"/>
				<string name="TypHL" value="Hull"/>
				<string name="UnitName" value="Junyo"/>
			</object>
			<object name="J3184">
				<integer name="Country" value="2"/>
				<float name="ER" value="400."/>
				<string name="Hull" value="Std_Bottom"/>
				<string name="Name" value="Middle2_RBottom"/>
				<string name="TypHL" value="Hull"/>
				<string name="UnitName" value="Junyo"/>
			</object>
			<object name="J3185">
				<integer name="Country" value="2"/>
				<float name="ER" value="400."/>
				<string name="Hull" value="Std_Bottom"/>
				<string name="Name" value="Middle1_LBottom"/>
				<string name="TypHL" value="Hull"/>
				<string name="UnitName" value="Junyo"/>
			</object>
			<object name="J3186">
				<integer name="Country" value="2"/>
				<float name="ER" value="400."/>
				<string name="Hull" value="Std_Bottom"/>
				<string name="Name" value="Middle1_RBottom"/>
				<string name="TypHL" value="Hull"/>
				<string name="UnitName" value="Junyo"/>
			</object>
			<object name="J3187">
				<integer name="Country" value="2"/>
				<float name="ER" value="400."/>
				<string name="Hull" value="Std_LAMP"/>
				<string name="Name" value="Middle1_LAMP"/>
				<string name="TypHL" value="Hull"/>
				<string name="UnitName" value="Junyo"/>
			</object>
			<object name="J3188">
				<integer name="Country" value="2"/>
				<float name="ER" value="400."/>
				<string name="Hull" value="Std_LAMP"/>
				<string name="Name" value="Middle2_LAMP"/>
				<string name="TypHL" value="Hull"/>
				<string name="UnitName" value="Junyo"/>
			</object>
			<object name="J3189">
				<integer name="Country" value="2"/>
				<float name="ER" value="400."/>
				<string name="Hull" value="Std_BoilerHull"/>
				<string name="Name" value="Middle1_LowerDeck"/>
				<string name="TypHL" value="Hull"/>
				<string name="UnitName" value="Junyo"/>
			</object>

			<object name="J3190">
				<integer name="Country" value="2"/>
				<float name="ER" value="400."/>
				<string name="Hull" value="Std_Boiler"/>
				<string name="Name" value="Middle1_Boiler1"/>
				<string name="TypHL" value="Boiler"/>
				<string name="UnitName" value="Junyo"/>
			</object>
			<object name="J3191">
				<integer name="Country" value="2"/>
				<float name="ER" value="400."/>
				<string name="Hull" value="Std_Boiler"/>
				<string name="Name" value="Middle1_Boiler2"/>
				<string name="TypHL" value="Boiler"/>
				<string name="UnitName" value="Junyo"/>
			</object>
			<object name="J3192">
				<integer name="Country" value="2"/>
				<float name="ER" value="400."/>
				<string name="Hull" value="Std_RAMP"/>
				<string name="Name" value="Middle2_RAMP"/>
				<string name="TypHL" value="Hull"/>
				<string name="UnitName" value="Junyo"/>
			</object>
			<object name="J3193">
				<integer name="Country" value="2"/>
				<float name="ER" value="400."/>
				<string name="Hull" value="Std_BoilerHull"/>
				<string name="Name" value="Middle2_LowerDeck"/>
				<string name="TypHL" value="Hull"/>
				<string name="UnitName" value="Junyo"/>
			</object>
			<object name="J3194">
				<integer name="Country" value="2"/>
				<float name="ER" value="400."/>
				<string name="Hull" value="Std_Boiler"/>
				<string name="Name" value="Middle2_Boiler1"/>
				<string name="TypHL" value="Boiler"/>
				<string name="UnitName" value="Junyo"/>
			</object>
			<object name="J3195">
				<integer name="Country" value="2"/>
				<float name="ER" value="400."/>
				<string name="Hull" value="Std_Boiler"/>
				<string name="Name" value="Middle2_Boiler2"/>
				<string name="TypHL" value="Boiler"/>
				<string name="UnitName" value="Junyo"/>
			</object>
			<object name="J3196">
				<integer name="Country" value="2"/>
				<float name="ER" value="400."/>
				<string name="Hull" value="Std_RAMP"/>
				<string name="Name" value="Middle1_RAMP"/>
				<string name="TypHL" value="Hull"/>
				<string name="UnitName" value="Junyo"/>
			</object>
			<object name="J3197">
				<integer name="Country" value="2"/>
				<float name="ER" value="400."/>
				<string name="Hull" value="Junyo_RBelt"/>
				<string name="Name" value="Middle_RBelt"/>
				<string name="TypHL" value="Hull"/>
				<string name="UnitName" value="Junyo"/>
			</object>
			<object name="J3198">
				<integer name="Country" value="2"/>
				<float name="ER" value="400."/>
				<string name="Hull" value="Junyo_LBelt"/>
				<string name="Name" value="Middle_LBelt"/>
				<string name="TypHL" value="Hull"/>
				<string name="UnitName" value="Junyo"/>
			</object>
			<object name="J3199">
				<integer name="Country" value="2"/>
				<float name="ER" value="400."/>
				<string name="Hull" value="Junyo_ArmourDeck"/>
				<string name="Name" value="Middle_MiddleDeck"/>
				<string name="TypHL" value="Hull"/>
				<string name="UnitName" value="Junyo"/>
			</object>

			<object name="J3200">
				<integer name="Country" value="2"/>
				<float name="ER" value="400."/>
				<string name="Hull" value="Std_AFuelTank"/>
				<string name="Name" value="Middle_AAFuelTank"/>
				<string name="TypHL" value="FuelTank"/>
				<string name="UnitName" value="Junyo"/>
			</object>
			<object name="J3201">
				<integer name="Country" value="2"/>
				<float name="ER" value="400."/>
				<string name="Hull" value="Std_AS_T1"/>
				<string name="Name" value="Middle_AmmoStore"/>
				<string name="TypHL" value="AmmoStore"/>
				<string name="UnitName" value="Junyo"/>
			</object>
			<object name="J3202">
				<integer name="Country" value="2"/>
				<float name="ER" value="400."/>
				<string name="Hull" value="Std_Hull"/>
				<string name="Name" value="Middle_FlightDeck"/>
				<string name="TypHL" value="Hull"/>
				<string name="UnitName" value="Junyo"/>
			</object>
			<object name="J3203">
				<integer name="Country" value="2"/>
				<float name="ER" value="400."/>
				<string name="Hull" value="Std_Hull"/>
				<string name="Name" value="Middle_Hungur"/>
				<string name="TypHL" value="Hull"/>
				<string name="UnitName" value="Junyo"/>
			</object>
			<object name="J3205">
				<integer name="Country" value="2"/>
				<float name="ER" value="400."/>
				<string name="Hull" value="Std_Bottom"/>
				<string name="Name" value="Stern1_LBottom1"/>
				<string name="TypHL" value="Hull"/>
				<string name="UnitName" value="Junyo"/>
			</object>
			<object name="J3206">
				<integer name="Country" value="2"/>
				<float name="ER" value="400."/>
				<string name="Hull" value="Std_Bottom"/>
				<string name="Name" value="Stern1_RBottom1"/>
				<string name="TypHL" value="Hull"/>
				<string name="UnitName" value="Junyo"/>
			</object>
			<object name="J3207">
				<integer name="Country" value="2"/>
				<float name="ER" value="400."/>
				<string name="Hull" value="Std_Bottom"/>
				<string name="Name" value="Stern1_LBottom2"/>
				<string name="TypHL" value="Hull"/>
				<string name="UnitName" value="Junyo"/>
			</object>
			<object name="J3208">
				<integer name="Country" value="2"/>
				<float name="ER" value="400."/>
				<string name="Hull" value="Std_Bottom"/>
				<string name="Name" value="Stern1_RBottom2"/>
				<string name="TypHL" value="Hull"/>
				<string name="UnitName" value="Junyo"/>
			</object>
			<object name="J3209">
				<integer name="Country" value="2"/>
				<float name="ER" value="400."/>
				<string name="Hull" value="Std_RAMP"/>
				<string name="Name" value="Stern1_RAMP2"/>
				<string name="TypHL" value="Hull"/>
				<string name="UnitName" value="Junyo"/>
			</object>

			<object name="J3210">
				<integer name="Country" value="2"/>
				<float name="ER" value="400."/>
				<string name="Hull" value="Std_EngineHull"/>
				<string name="Name" value="Stern1_LowerDeck2"/>
				<string name="TypHL" value="Hull"/>
				<string name="UnitName" value="Junyo"/>
			</object>
			<object name="J3211">
				<string name="ConnectName" value="Middle2_Boiler2"/>
				<integer name="Country" value="2"/>
				<float name="ER" value="400."/>
				<string name="Hull" value="Std_Engine"/>
				<string name="Name" value="Stern1_Engine4"/>
				<string name="TypHL" value="Engine"/>
				<string name="UnitName" value="Junyo"/>
			</object>
			<object name="J3212">
				<string name="ConnectName" value="Middle2_Boiler1"/>
				<integer name="Country" value="2"/>
				<float name="ER" value="400."/>
				<string name="Hull" value="Std_Engine"/>
				<string name="Name" value="Stern1_Engine3"/>
				<string name="TypHL" value="Engine"/>
				<string name="UnitName" value="Junyo"/>
			</object>
			<object name="J3213">
				<integer name="Country" value="2"/>
				<float name="ER" value="400."/>
				<string name="Hull" value="Std_LAMP"/>
				<string name="Name" value="Stern1_LAMP1"/>
				<string name="TypHL" value="Hull"/>
				<string name="UnitName" value="Junyo"/>
			</object>
			<object name="J3214">
				<integer name="Country" value="2"/>
				<float name="ER" value="400."/>
				<string name="Hull" value="Std_LAMP"/>
				<string name="Name" value="Stern1_LAMP2"/>
				<string name="TypHL" value="Hull"/>
				<string name="UnitName" value="Junyo"/>
			</object>
			<object name="J3215">
				<integer name="Country" value="2"/>
				<float name="ER" value="400."/>
				<string name="Hull" value="Std_RAMP"/>
				<string name="Name" value="Stern1_RAMP1"/>
				<string name="TypHL" value="Hull"/>
				<string name="UnitName" value="Junyo"/>
			</object>
			<object name="J3216">
				<integer name="Country" value="2"/>
				<float name="ER" value="400."/>
				<string name="Hull" value="Std_Hull"/>
				<string name="Name" value="Stern1_LowerDeck1"/>
				<string name="TypHL" value="Hull"/>
				<string name="UnitName" value="Junyo"/>
			</object>
			<object name="J3217">
				<string name="ConnectName" value="Middle1_Boiler2"/>
				<integer name="Country" value="2"/>
				<float name="ER" value="400."/>
				<string name="Hull" value="Std_Engine"/>
				<string name="Name" value="Stern1_Engine2"/>
				<string name="TypHL" value="Engine"/>
				<string name="UnitName" value="Junyo"/>
			</object>
			<object name="J3218">
				<string name="ConnectName" value="Middle1_Boiler1"/>
				<integer name="Country" value="2"/>
				<float name="ER" value="400."/>
				<string name="Hull" value="Std_Engine"/>
				<string name="Name" value="Stern1_Engine1"/>
				<string name="TypHL" value="Engine"/>
				<string name="UnitName" value="Junyo"/>
			</object>
			<object name="J3219">
				<integer name="Country" value="2"/>
				<float name="ER" value="400."/>
				<string name="Hull" value="Junyo_ArmourDeck2"/>
				<string name="Name" value="Stern1_MiddleDeck"/>
				<string name="TypHL" value="Hull"/>
				<string name="UnitName" value="Junyo"/>
			</object>

			<object name="J3220">
				<integer name="Country" value="2"/>
				<float name="ER" value="400."/>
				<string name="Hull" value="Std_AFuelTank"/>
				<string name="Name" value="Stern1_AAFuelTank"/>
				<string name="TypHL" value="FuelTank"/>
				<string name="UnitName" value="Junyo"/>
			</object>
			<object name="J3221">
				<integer name="Country" value="2"/>
				<float name="ER" value="400."/>
				<string name="Hull" value="Std_AS_T1"/>
				<string name="Name" value="Stern1_AmmoStore"/>
				<string name="TypHL" value="AmmoStore"/>
				<string name="UnitName" value="Junyo"/>
			</object>
			<object name="J3222">
				<integer name="Country" value="2"/>
				<float name="ER" value="400."/>
				<string name="Hull" value="Junyo_RBelt2"/>
				<string name="Name" value="Stern1_RBelt"/>
				<string name="TypHL" value="Hull"/>
				<string name="UnitName" value="Junyo"/>
			</object>
			<object name="J3223">
				<integer name="Country" value="2"/>
				<float name="ER" value="400."/>
				<string name="Hull" value="Junyo_LBelt2"/>
				<string name="Name" value="Stern1_LBelt"/>
				<string name="TypHL" value="Hull"/>
				<string name="UnitName" value="Junyo"/>
			</object>
			<object name="J3224">
				<integer name="Country" value="2"/>
				<float name="ER" value="400."/>
				<string name="Hull" value="Std_Hull"/>
				<string name="Name" value="Stern1_Hungur"/>
				<string name="TypHL" value="Hull"/>
				<string name="UnitName" value="Junyo"/>
			</object>
		</object>
		<object name="Hulls">
			<object name="Junyo_ArmourDeck">
				<integer name="Back" value="1"/>
				<integer name="Bottom" value="1"/>
				<integer name="Country" value="2"/>
				<float name="ExplProb" value="0."/>
				<float name="FireProb" value="20."/>
				<integer name="Front" value="1"/>
				<integer name="Left" value="1"/>
				<string name="Material" value="Armored"/>
				<integer name="Right" value="1"/>
				<integer name="Top" value="130"/>
				<integer name="UnitName" value="0"/>
				<string name="UnitTyp" value="Ship"/>
			</object>
			<object name="Junyo_ArmourDeck2">
				<integer name="Back" value="1"/>
				<integer name="Bottom" value="1"/>
				<integer name="Country" value="2"/>
				<float name="ExplProb" value="0."/>
				<float name="FireProb" value="20."/>
				<integer name="Front" value="1"/>
				<integer name="Left" value="1"/>
				<string name="Material" value="Armored"/>
				<integer name="Right" value="1"/>
				<integer name="Top" value="100"/>
				<integer name="UnitName" value="0"/>
				<string name="UnitTyp" value="Ship"/>
			</object>
			<object name="Junyo_LBelt">
				<integer name="Back" value="1"/>
				<integer name="Bottom" value="1"/>
				<integer name="Country" value="2"/>
				<float name="ExplProb" value="0."/>
				<float name="FireProb" value="10."/>
				<integer name="Front" value="1"/>
				<integer name="Left" value="165"/>
				<string name="Material" value="Armored"/>
				<integer name="Right" value="1"/>
				<integer name="Top" value="165"/>
				<integer name="UnitName" value="0"/>
				<string name="UnitTyp" value="Ship"/>
			</object>

			<object name="Junyo_LBelt2">
				<integer name="Back" value="1"/>
				<integer name="Bottom" value="1"/>
				<integer name="Country" value="2"/>
				<float name="ExplProb" value="0."/>
				<float name="FireProb" value="10."/>
				<integer name="Front" value="1"/>
				<integer name="Left" value="45"/>
				<string name="Material" value="Armored"/>
				<integer name="Right" value="1"/>
				<integer name="Top" value="45"/>
				<integer name="UnitName" value="0"/>
				<string name="UnitTyp" value="Ship"/>
			</object>

			<object name="Junyo_RBelt">
				<integer name="Back" value="1"/>
				<integer name="Bottom" value="1"/>
				<integer name="Country" value="2"/>
				<float name="ExplProb" value="0."/>
				<float name="FireProb" value="10."/>
				<integer name="Front" value="1"/>
				<integer name="Left" value="1"/>
				<string name="Material" value="Armored"/>
				<integer name="Right" value="165"/>
				<integer name="Top" value="165"/>
				<integer name="UnitName" value="0"/>
				<string name="UnitTyp" value="Ship"/>
			</object>

			<object name="Junyo_RBelt2">
				<integer name="Back" value="1"/>
				<integer name="Bottom" value="1"/>
				<integer name="Country" value="2"/>
				<float name="ExplProb" value="0."/>
				<float name="FireProb" value="10."/>
				<integer name="Front" value="1"/>
				<integer name="Left" value="1"/>
				<string name="Material" value="Armored"/>
				<integer name="Right" value="45"/>
				<integer name="Top" value="45"/>
				<integer name="UnitName" value="0"/>
				<string name="UnitTyp" value="Ship"/>
			</object>
		</object>
		<object name="ShipsNames">
			<object name="Junyo">
				<string name="1" value="Junyo"/>
			</object>
		</object>
		<object name="UnitsByType">
			<object name="0">
				<object name="Junyo">
					<string name="ChildTable" value="Ships"/>
				</object>
			</object>
		</object>
	</object>
</root>
