﻿<?xml version="1.0" standalone="yes" ?>
<root>
	<object name="SteelMonstersParams">
		<object name="Hit_Location">
			<object name="WRFA7915">
				<integer name="Country" value="2"/>
				<float name="ER" value="450."/>
				<string name="Hull" value="Std_Turret_RF"/>
				<string name="Name" value="Rangefinder"/>
				<string name="TypHL" value="Probe"/>
				<string name="UnitName" value="2x410mmNagato_WRF_Turret_A"/>
			</object>
			<object name="WRFA7916">
				<integer name="Country" value="2"/>
				<float name="ER" value="500."/>
				<string name="Hull" value="Nagato_MTurret"/>
				<string name="Name" value="Turret"/>
				<string name="TypHL" value="AmmoStore"/>
				<string name="UnitName" value="2x410mmNagato_WRF_Turret_A"/>
			</object>
			<object name="WRFA7917">
				<integer name="Country" value="2"/>
				<float name="ER" value="450."/>
				<string name="Hull" value="Nagato_MTShakegeban"/>
				<string name="Name" value="Shakegiban"/>
				<string name="TypHL" value="Probe"/>
				<string name="UnitName" value="2x410mmNagato_WRF_Turret_A"/>
			</object>
			<object name="RFB7915">
				<integer name="Country" value="2"/>
				<float name="ER" value="450."/>
				<string name="Hull" value="Std_Turret_RF"/>
				<string name="Name" value="Rangefinder"/>
				<string name="TypHL" value="Probe"/>
				<string name="UnitName" value="2x410mmNagato_RF_Turret_B"/>
			</object>
			<object name="RFB7916">
				<integer name="Country" value="2"/>
				<float name="ER" value="500."/>
				<string name="Hull" value="Nagato_MTurret"/>
				<string name="Name" value="Turret"/>
				<string name="TypHL" value="AmmoStore"/>
				<string name="UnitName" value="2x410mmNagato_RF_Turret_B"/>
			</object>
			<object name="RFB7917">
				<integer name="Country" value="2"/>
				<float name="ER" value="450."/>
				<string name="Hull" value="Nagato_MTShakegeban"/>
				<string name="Name" value="Shakegiban"/>
				<string name="TypHL" value="Probe"/>
				<string name="UnitName" value="2x410mmNagato_RF_Turret_B"/>
			</object>
			<object name="RFX7915">
				<integer name="Country" value="2"/>
				<float name="ER" value="450."/>
				<string name="Hull" value="Std_Turret_RF"/>
				<string name="Name" value="Rangefinder"/>
				<string name="TypHL" value="Probe"/>
				<string name="UnitName" value="2x410mmNagato_RF_Turret_X"/>
			</object>
			<object name="RFX7916">
				<integer name="Country" value="2"/>
				<float name="ER" value="500."/>
				<string name="Hull" value="Nagato_MTurret"/>
				<string name="Name" value="Turret"/>
				<string name="TypHL" value="AmmoStore"/>
				<string name="UnitName" value="2x410mmNagato_RF_Turret_X"/>
			</object>
			<object name="RFX7917">
				<integer name="Country" value="2"/>
				<float name="ER" value="450."/>
				<string name="Hull" value="Nagato_MTShakegeban"/>
				<string name="Name" value="Shakegiban"/>
				<string name="TypHL" value="Probe"/>
				<string name="UnitName" value="2x410mmNagato_RF_Turret_X"/>
			</object>
			<object name="WRFY7915">
				<integer name="Country" value="2"/>
				<float name="ER" value="450."/>
				<string name="Hull" value="Std_Turret_RF"/>
				<string name="Name" value="Rangefinder"/>
				<string name="TypHL" value="Probe"/>
				<string name="UnitName" value="2x410mmNagato_WRF_Turret_Y"/>
			</object>
			<object name="WRFY7916">
				<integer name="Country" value="2"/>
				<float name="ER" value="500."/>
				<string name="Hull" value="Nagato_MTurret"/>
				<string name="Name" value="Turret"/>
				<string name="TypHL" value="AmmoStore"/>
				<string name="UnitName" value="2x410mmNagato_WRF_Turret_Y"/>
			</object>
			<object name="WRFY7917">
				<integer name="Country" value="2"/>
				<float name="ER" value="450."/>
				<string name="Hull" value="Nagato_MTShakegeban"/>
				<string name="Name" value="Shakegiban"/>
				<string name="TypHL" value="Probe"/>
				<string name="UnitName" value="2x410mmNagato_WRF_Turret_Y"/>
			</object>
		</object>
		<object name="Turrets">
			<object name="2x410mmNagato_WRF_Turret_A">
				<integer name="Amount" value="2"/>
				<integer name="ArmorFront" value="356"/>
				<integer name="ArmorSide" value="203"/>
				<integer name="ArmorTop" value="235"/>
				<string name="Content" value="Rifles.Main_Gun_Nagato"/>
				<integer name="Country" value="2"/>
				<integer name="Elevation" value="43"/>
				<integer name="ElevationRate" value="5"/>
				<boolean name="IgnoreXMLFile" value="false"/>
				<float name="Iron" value="1004."/>
				<float name="Money" value="250."/>
				<boolean name="New" value="false"/>
				<boolean name="Production" value="false"/>
				<integer name="RotationRate" value="3"/>
				<string name="SMU_File" value="2x410mmNagato_WRF_Turret"/>
				<string name="Type" value="Gun"/>
				<float name="Vitality" value="1800."/>
				<float name="Weight" value="1004."/>
			</object>
			<object name="2x410mmNagato_RF_Turret_B">
				<integer name="Amount" value="2"/>
				<integer name="ArmorFront" value="356"/>
				<integer name="ArmorSide" value="203"/>
				<integer name="ArmorTop" value="235"/>
				<string name="Content" value="Rifles.Main_Gun_Nagato"/>
				<integer name="Country" value="2"/>
				<integer name="Elevation" value="43"/>
				<integer name="ElevationRate" value="5"/>
				<boolean name="IgnoreXMLFile" value="false"/>
				<float name="Iron" value="1004."/>
				<float name="Money" value="250."/>
				<boolean name="New" value="false"/>
				<boolean name="Production" value="false"/>
				<integer name="RotationRate" value="3"/>
				<string name="SMU_File" value="2x410mmNagato_RF_Turret"/>
				<string name="Type" value="Gun"/>
				<float name="Vitality" value="1800."/>
				<float name="Weight" value="1004."/>
			</object>
			<object name="2x410mmNagato_RF_Turret_X">
				<integer name="Amount" value="2"/>
				<integer name="ArmorFront" value="356"/>
				<integer name="ArmorSide" value="203"/>
				<integer name="ArmorTop" value="235"/>
				<string name="Content" value="Rifles.Main_Gun_Nagato"/>
				<integer name="Country" value="2"/>
				<integer name="Elevation" value="43"/>
				<integer name="ElevationRate" value="5"/>
				<boolean name="IgnoreXMLFile" value="false"/>
				<float name="Iron" value="1004."/>
				<float name="Money" value="250."/>
				<boolean name="New" value="false"/>
				<boolean name="Production" value="false"/>
				<integer name="RotationRate" value="3"/>
				<string name="SMU_File" value="2x410mmNagato_RF_Turret"/>
				<string name="Type" value="Gun"/>
				<float name="Vitality" value="1800."/>
				<float name="Weight" value="1004."/>
			</object>
			<object name="2x410mmNagato_WRF_Turret_Y">
				<integer name="Amount" value="2"/>
				<integer name="ArmorFront" value="356"/>
				<integer name="ArmorSide" value="203"/>
				<integer name="ArmorTop" value="235"/>
				<string name="Content" value="Rifles.Main_Gun_Nagato"/>
				<integer name="Country" value="2"/>
				<integer name="Elevation" value="43"/>
				<integer name="ElevationRate" value="5"/>
				<boolean name="IgnoreXMLFile" value="false"/>
				<float name="Iron" value="1004."/>
				<float name="Money" value="250."/>
				<boolean name="New" value="false"/>
				<boolean name="Production" value="false"/>
				<integer name="RotationRate" value="3"/>
				<string name="SMU_File" value="2x410mmNagato_WRF_Turret"/>
				<string name="Type" value="Gun"/>
				<float name="Vitality" value="1800."/>
				<float name="Weight" value="1004."/>
			</object>
		</object>
	</object>
</root>
