﻿xml version="1.0" standalone="yes" ?>
<root>
	<object name="Modifications">
		<object name="SubUnits">
			<object name="2x410mmNagato_WRF_Turret_A">
				<object name="TPort_01">
					<string name="Device" value="Main_Gun_Nagato"/>
					<string name="Table" value="Rifles"/>
				</object>
				<object name="TPort_02">
					<string name="Device" value="Main_Gun_Nagato"/>
					<string name="Table" value="Rifles"/>
				</object>
			</object>
			<object name="2x410mmNagato_RF_Turret_B">
				<object name="TPort_01">
					<string name="Device" value="Main_Gun_Nagato"/>
					<string name="Table" value="Rifles"/>
				</object>
				<object name="TPort_02">
					<string name="Device" value="Main_Gun_Nagato"/>
					<string name="Table" value="Rifles"/>
				</object>
			</object>
			<object name="2x410mmNagato_RF_Turret_X">
				<object name="TPort_01">
					<string name="Device" value="Main_Gun_Nagato"/>
					<string name="Table" value="Rifles"/>
				</object>
				<object name="TPort_02">
					<string name="Device" value="Main_Gun_Nagato"/>
					<string name="Table" value="Rifles"/>
				</object>
			</object>
			<object name="2x410mmNagato_WRF_Turret_Y">
				<object name="TPort_01">
					<string name="Device" value="Main_Gun_Nagato"/>
					<string name="Table" value="Rifles"/>
				</object>
				<object name="TPort_02">
					<string name="Device" value="Main_Gun_Nagato"/>
					<string name="Table" value="Rifles"/>
				</object>
			</object>
		</object>
	</object>
</root>
