﻿xml version="1.0" standalone="yes" ?>
<root>
	<object name="Modifications">
		<object name="SubUnits">
			<object name="3x152_Main_Gun_Richelieu_1V">
				<object name="TPort_0">
					<string name="Device" value="3x152_Main_Gun_Richelieu_Stvol"/>
					<string name="Table" value="Rifles"/>
				</object>
				<object name="TPort_1">
					<string name="Device" value="3x152_Main_Gun_Richelieu_Stvol"/>
					<string name="Table" value="Rifles"/>
				</object>
				<object name="TPort_2">
					<string name="Device" value="3x152_Main_Gun_Richelieu_Stvol"/>
					<string name="Table" value="Rifles"/>
				</object>
			</object>
			<object name="3x152_Main_Gun_Richelieu_2V">
				<object name="TPort_0">
					<string name="Device" value="3x152_Main_Gun_Richelieu_Stvol"/>
					<string name="Table" value="Rifles"/>
				</object>
				<object name="TPort_1">
					<string name="Device" value="3x152_Main_Gun_Richelieu_Stvol"/>
					<string name="Table" value="Rifles"/>
				</object>
				<object name="TPort_2">
					<string name="Device" value="3x152_Main_Gun_Richelieu_Stvol"/>
					<string name="Table" value="Rifles"/>
				</object>
			</object>
		</object>
	</object>
</root>
