﻿<?xml version="1.0" standalone="yes" ?>
<root>
	<object name="SteelMonstersParams">
		<object name="Hit_Location">
			<object name="5549">
				<integer name="Country" value="5"/>
				<float name="ER" value="100."/>
				<string name="Hull" value="Std_DDBarbet"/>
				<string name="Name" value="Barbet2"/>
				<string name="TypHL" value="Hull"/>
				<string name="UnitName" value="Narvick"/>
			</object>
			<object name="5550">
				<integer name="Country" value="5"/>
				<float name="ER" value="50."/>
				<string name="Hull" value="Std_Probe"/>
				<string name="Name" value="Probe_AA"/>
				<string name="TypHL" value="Probe"/>
				<string name="UnitName" value="Narvick"/>
			</object>
			<object name="5551">
				<string name="ConnectName" value="Tiller"/>
				<integer name="Country" value="5"/>
				<float name="ER" value="80."/>
				<string name="Hull" value="Std_Rudder"/>
				<string name="Name" value="Rudder1"/>
				<string name="TypHL" value="Rudder"/>
				<string name="UnitName" value="Narvick"/>
			</object>
			<object name="5552">
				<string name="ConnectName" value="Tiller"/>
				<integer name="Country" value="5"/>
				<float name="ER" value="80."/>
				<string name="Hull" value="Std_Rudder"/>
				<string name="Name" value="Rudder2"/>
				<string name="TypHL" value="Rudder"/>
				<string name="UnitName" value="Narvick"/>
			</object>
			<object name="5553">
				<string name="ConnectName" value="Engine2"/>
				<integer name="Country" value="5"/>
				<float name="ER" value="80."/>
				<string name="Hull" value="Std_Mover"/>
				<string name="Name" value="Mover2"/>
				<string name="TypHL" value="Mover"/>
				<string name="UnitName" value="Narvick"/>
			</object>
			<object name="5554">
				<string name="ConnectName" value="Engine1"/>
				<integer name="Country" value="5"/>
				<float name="ER" value="80."/>
				<string name="Hull" value="Std_Mover"/>
				<string name="Name" value="Mover1"/>
				<string name="TypHL" value="Mover"/>
				<string name="UnitName" value="Narvick"/>
			</object>
			<object name="5555">
				<integer name="Country" value="5"/>
				<float name="ER" value="100."/>
				<string name="Hull" value="Std_DDBarbet"/>
				<string name="Name" value="Barbet1"/>
				<string name="TypHL" value="Hull"/>
				<string name="UnitName" value="Narvick"/>
			</object>
			<object name="5556">
				<integer name="Country" value="5"/>
				<float name="ER" value="100."/>
				<string name="Hull" value="Std_DDBarbet"/>
				<string name="Name" value="Barbet3"/>
				<string name="TypHL" value="Hull"/>
				<string name="UnitName" value="Narvick"/>
			</object>
			<object name="5557">
				<integer name="Country" value="5"/>
				<integer name="Crew" value="55"/>
				<float name="ER" value="80."/>
				<string name="Hull" value="Std_DDUpperHull"/>
				<string name="Name" value="Stern_LSuperstructure2"/>
				<string name="TypHL" value="Crew"/>
				<string name="UnitName" value="Narvick"/>
			</object>
			<object name="5558">
				<integer name="Country" value="5"/>
				<integer name="Crew" value="55"/>
				<float name="ER" value="80."/>
				<string name="Hull" value="Std_DDUpperHull"/>
				<string name="Name" value="Stern_USuperstructure"/>
				<string name="TypHL" value="Crew"/>
				<string name="UnitName" value="Narvick"/>
			</object>
			<object name="5559">
				<integer name="Country" value="5"/>
				<integer name="Crew" value="55"/>
				<float name="ER" value="80."/>
				<string name="Hull" value="Std_DDUpperHull"/>
				<string name="Name" value="Stern_LSuperstructure1"/>
				<string name="TypHL" value="Crew"/>
				<string name="UnitName" value="Narvick"/>
			</object>
			<object name="5561">
				<integer name="Country" value="5"/>
				<integer name="Crew" value="55"/>
				<float name="ER" value="80."/>
				<string name="Hull" value="Std_DDUpperHull"/>
				<string name="Name" value="Middle_Superstructure"/>
				<string name="TypHL" value="Crew"/>
				<string name="UnitName" value="Narvick"/>
			</object>
			<object name="5562">
				<integer name="Country" value="5"/>
				<integer name="Crew" value="55"/>
				<float name="ER" value="80."/>
				<string name="Hull" value="Std_DDUpperHull"/>
				<string name="Name" value="Bow_Superstructure"/>
				<string name="TypHL" value="Crew"/>
				<string name="UnitName" value="Narvick"/>
			</object>
			<object name="5563">
				<integer name="Country" value="5"/>
				<float name="ER" value="100."/>
				<string name="Hull" value="Narvick_Battlecabin"/>
				<string name="Name" value="BattleCabine"/>
				<string name="TypHL" value="Hull"/>
				<string name="UnitName" value="Narvick"/>
			</object>
			<object name="5564">
				<integer name="Country" value="5"/>
				<float name="ER" value="50."/>
				<string name="Hull" value="Std_Probe"/>
				<string name="Name" value="Radar"/>
				<string name="TypHL" value="Probe"/>
				<string name="UnitName" value="Narvick"/>
			</object>
			<object name="5565">
				<integer name="Country" value="5"/>
				<float name="ER" value="50."/>
				<string name="Hull" value="Std_Probe"/>
				<string name="Name" value="Radio"/>
				<string name="TypHL" value="Probe"/>
				<string name="UnitName" value="Narvick"/>
			</object>
			<object name="5566">
				<integer name="Country" value="5"/>
				<float name="ER" value="100."/>
				<string name="Hull" value="Narvick_Ordinary"/>
				<string name="Name" value="Bow2_Bottom"/>
				<string name="TypHL" value="Hull"/>
				<string name="UnitName" value="Narvick"/>
			</object>
			<object name="5567">
				<integer name="Country" value="5"/>
				<float name="ER" value="100."/>
				<string name="Hull" value="Narvick_Ordinary"/>
				<string name="Name" value="Bow2_MiddleDeck"/>
				<string name="TypHL" value="Hull"/>
				<string name="UnitName" value="Narvick"/>
			</object>
			<object name="5568">
				<integer name="Country" value="5"/>
				<float name="ER" value="100."/>
				<string name="Hull" value="Narvick_Ordinary"/>
				<string name="Name" value="Bow2_LowerDeck"/>
				<string name="TypHL" value="Hull"/>
				<string name="UnitName" value="Narvick"/>
			</object>
			<object name="5569">
				<integer name="Country" value="5"/>
				<float name="ER" value="50."/>
				<string name="Hull" value="Std_Probe"/>
				<string name="Name" value="Sonar"/>
				<string name="TypHL" value="Probe"/>
				<string name="UnitName" value="Narvick"/>
			</object>
			<object name="5570">
				<integer name="Country" value="5"/>
				<float name="ER" value="50."/>
				<string name="Hull" value="Std_Probe"/>
				<string name="Name" value="Probe_MG"/>
				<string name="TypHL" value="Probe"/>
				<string name="UnitName" value="Narvick"/>
			</object>
			<object name="5571">
				<integer name="Country" value="5"/>
				<float name="ER" value="100."/>
				<string name="Hull" value="Narvick_AmmoStore"/>
				<string name="Name" value="AmmoStore2"/>
				<string name="TypHL" value="AmmoStore"/>
				<string name="UnitName" value="Narvick"/>
			</object>
			<object name="5572">
				<integer name="Country" value="5"/>
				<float name="ER" value="100."/>
				<string name="Hull" value="Narvick_AmmoStore"/>
				<string name="Name" value="AmmoStore1"/>
				<string name="TypHL" value="AmmoStore"/>
				<string name="UnitName" value="Narvick"/>
			</object>
			<object name="5572_1">
				<integer name="Country" value="5"/>
				<float name="ER" value="50"/>
				<string name="Hull" value="Narvick_AmmoStore"/>
				<string name="Name" value="AmmoStore3"/>
				<string name="TypHL" value="AmmoStore"/>
				<string name="UnitName" value="Narvick"/>
			</object>
			<object name="5573">
				<integer name="Country" value="5"/>
				<float name="ER" value="100."/>
				<string name="Hull" value="Narvick_Ordinary"/>
				<string name="Name" value="Bow2_UpperDeck"/>
				<string name="TypHL" value="Hull"/>
				<string name="UnitName" value="Narvick"/>
			</object>
			<object name="5574">
				<integer name="Country" value="5"/>
				<float name="ER" value="100."/>
				<string name="Hull" value="Narvick_Ordinary"/>
				<string name="Name" value="Stern1_LowerDeck"/>
				<string name="TypHL" value="Hull"/>
				<string name="UnitName" value="Narvick"/>
			</object>
			<object name="5575">
				<integer name="Country" value="5"/>
				<float name="ER" value="100."/>
				<string name="Hull" value="Narvick_AmmoStore"/>
				<string name="Name" value="AmmoStore4"/>
				<string name="TypHL" value="AmmoStore"/>
				<string name="UnitName" value="Narvick"/>
			</object>
			<object name="5576">
				<integer name="Country" value="5"/>
				<float name="ER" value="100."/>
				<string name="Hull" value="Narvick_Ordinary"/>
				<string name="Name" value="Stern1_Deck"/>
				<string name="TypHL" value="Hull"/>
				<string name="UnitName" value="Narvick"/>
			</object>
			<object name="5577">
				<integer name="Country" value="5"/>
				<float name="ER" value="100."/>
				<string name="Hull" value="Narvick_AmmoStore"/>
				<string name="Name" value="AmmoStore5"/>
				<string name="TypHL" value="AmmoStore"/>
				<string name="UnitName" value="Narvick"/>
			</object>
			<object name="5578">
				<integer name="Country" value="5"/>
				<float name="ER" value="100."/>
				<string name="Hull" value="Narvick_Ordinary"/>
				<string name="Name" value="Stern1_Bottom"/>
				<string name="TypHL" value="Hull"/>
				<string name="UnitName" value="Narvick"/>
			</object>
			<object name="5579">
				<integer name="Country" value="5"/>
				<float name="ER" value="100."/>
				<string name="Hull" value="Narvick_Ordinary"/>
				<string name="Name" value="Middle1_Deck"/>
				<string name="TypHL" value="Hull"/>
				<string name="UnitName" value="Narvick"/>
			</object>
			<object name="5580">
				<integer name="Country" value="5"/>
				<float name="ER" value="100."/>
				<string name="Hull" value="Std_Boiler"/>
				<string name="Name" value="Boiler1"/>
				<string name="TypHL" value="Boiler"/>
				<string name="UnitName" value="Narvick"/>
			</object>
			<object name="5581">
				<integer name="Country" value="5"/>
				<float name="ER" value="100."/>
				<string name="Hull" value="Std_Boiler"/>
				<string name="Name" value="Boiler2"/>
				<string name="TypHL" value="Boiler"/>
				<string name="UnitName" value="Narvick"/>
			</object>
			<object name="5582">
				<integer name="Country" value="5"/>
				<integer name="Crew" value="55"/>
				<float name="ER" value="80."/>
				<string name="Hull" value="Std_DDUpperHull"/>
				<string name="Name" value="Bow_LSuperstructure"/>
				<string name="TypHL" value="Crew"/>
				<string name="UnitName" value="Narvick"/>
			</object>
			<object name="5583">
				<integer name="Country" value="5"/>
				<float name="ER" value="100."/>
				<string name="Hull" value="Narvick_Ordinary"/>
				<string name="Name" value="Middle1_Bottom"/>
				<string name="TypHL" value="FuelTank"/>
				<string name="UnitName" value="Narvick"/>
			</object>
			<object name="5584">
				<integer name="Country" value="5"/>
				<float name="ER" value="100."/>
				<string name="Hull" value="Narvick_Ordinary"/>
				<string name="Name" value="Middle2_Deck"/>
				<string name="TypHL" value="Hull"/>
				<string name="UnitName" value="Narvick"/>
			</object>
			<object name="5585">
				<integer name="Country" value="5"/>
				<float name="ER" value="100."/>
				<string name="Hull" value="Std_Boiler"/>
				<string name="Name" value="Boiler3"/>
				<string name="TypHL" value="Boiler"/>
				<string name="UnitName" value="Narvick"/>
			</object>
			<object name="5586">
				<integer name="Country" value="5"/>
				<float name="ER" value="100."/>
				<string name="Hull" value="Narvick_Ordinary"/>
				<string name="Name" value="Middle2_Bottom"/>
				<string name="TypHL" value="FuelTank"/>
				<string name="UnitName" value="Narvick"/>
			</object>
			<object name="5587">
				<integer name="Country" value="5"/>
				<float name="ER" value="100."/>
				<string name="Hull" value="Narvick_Ordinary"/>
				<string name="Name" value="Middle4_Deck"/>
				<string name="TypHL" value="Hull"/>
				<string name="UnitName" value="Narvick"/>
			</object>
			<object name="5588">
				<string name="ConnectName" value="Boiler1;Boiler2;Boiler3;"/>
				<integer name="Country" value="5"/>
				<float name="ER" value="100."/>
				<string name="Hull" value="Std_Engine"/>
				<string name="Name" value="Engine2"/>
				<string name="TypHL" value="Engine"/>
				<string name="UnitName" value="Narvick"/>
			</object>
			<object name="5589">
				<integer name="Country" value="5"/>
				<float name="ER" value="100."/>
				<string name="Hull" value="Narvick_Ordinary"/>
				<string name="Name" value="Middle4_Bottom"/>
				<string name="TypHL" value="FuelTank"/>
				<string name="UnitName" value="Narvick"/>
			</object>
			<object name="5590">
				<integer name="Country" value="5"/>
				<float name="ER" value="100."/>
				<string name="Hull" value="Narvick_Ordinary"/>
				<string name="Name" value="MIddle3_Deck"/>
				<string name="TypHL" value="Hull"/>
				<string name="UnitName" value="Narvick"/>
			</object>
			<object name="5591">
				<string name="ConnectName" value="Boiler1;Boiler2;Boiler3"/>
				<integer name="Country" value="5"/>
				<float name="ER" value="100."/>
				<string name="Hull" value="Std_Engine"/>
				<string name="Name" value="Engine1"/>
				<string name="TypHL" value="Engine"/>
				<string name="UnitName" value="Narvick"/>
			</object>
			<object name="5593">
				<integer name="Country" value="5"/>
				<float name="ER" value="100."/>
				<string name="Hull" value="Narvick_Ordinary"/>
				<string name="Name" value="Bow1_Bottom"/>
				<string name="TypHL" value="Hull"/>
				<string name="UnitName" value="Narvick"/>
			</object>
			<object name="5594">
				<integer name="Country" value="5"/>
				<float name="ER" value="100."/>
				<string name="Hull" value="Narvick_Ordinary"/>
				<string name="Name" value="Bow1_UpperDeck"/>
				<string name="TypHL" value="Hull"/>
				<string name="UnitName" value="Narvick"/>
			</object>
			<object name="5595">
				<integer name="Country" value="5"/>
				<float name="ER" value="100."/>
				<string name="Hull" value="Narvick_Ordinary"/>
				<string name="Name" value="Bow1_LowerDeck"/>
				<string name="TypHL" value="Hull"/>
				<string name="UnitName" value="Narvick"/>
			</object>
			<object name="5596">
				<integer name="Country" value="5"/>
				<float name="ER" value="100."/>
				<string name="Hull" value="Narvick_Ordinary"/>
				<string name="Name" value="Bow1_MiddleDeck"/>
				<string name="TypHL" value="Hull"/>
				<string name="UnitName" value="Narvick"/>
			</object>
			<object name="5597">
				<integer name="Country" value="5"/>
				<float name="ER" value="100."/>
				<string name="Hull" value="Narvick_Ordinary"/>
				<string name="Name" value="Stern2_Deck"/>
				<string name="TypHL" value="Hull"/>
				<string name="UnitName" value="Narvick"/>
			</object>
			<object name="5598">
				<integer name="Country" value="5"/>
				<float name="ER" value="50."/>
				<string name="Hull" value="Narvick_Ordinary"/>
				<string name="Name" value="Tiller"/>
				<string name="TypHL" value="Hull"/>
				<string name="UnitName" value="Narvick"/>
			</object>
			<object name="5599">
				<integer name="Country" value="5"/>
				<float name="ER" value="50."/>
				<string name="Hull" value="Std_SmokeStack"/>
				<string name="Name" value="Bow_SmokeStack"/>
				<string name="TypHL" value="Hull"/>
				<string name="UnitName" value="Narvick"/>
			</object>
			<object name="5600">
				<integer name="Country" value="5"/>
				<float name="ER" value="50."/>
				<string name="Hull" value="Std_SmokeStack"/>
				<string name="Name" value="Stern_SmokeStack"/>
				<string name="TypHL" value="Hull"/>
				<string name="UnitName" value="Narvick"/>
			</object>
			<object name="7708">
				<integer name="Country" value="5"/>
				<float name="ER" value="100."/>
				<string name="Hull" value="Narvick_Ordinary"/>
				<string name="Name" value="Middle3_Bottom"/>
				<string name="TypHL" value="FuelTank"/>
				<string name="UnitName" value="Narvick"/>
			</object>
			<object name="7868">
				<integer name="Country" value="5"/>
				<float name="ER" value="100."/>
				<string name="Hull" value="Narvick_150mmTurret"/>
				<string name="Name" value="Turret"/>
				<string name="TypHL" value="AmmoStore"/>
				<string name="UnitName" value="Narvik_Gun_150_Turret"/>
			</object>
			<object name="7869">
				<integer name="Country" value="5"/>
				<integer name="Crew" value="1"/>
				<float name="ER" value="3.e-002"/>
				<string name="Hull" value="Std_Crew"/>
				<string name="Name" value="Gunner2"/>
				<string name="TypHL" value="Crew"/>
				<string name="UnitName" value="Narvik_Gun_150_Turret"/>
			</object>
			<object name="7870">
				<integer name="Country" value="5"/>
				<integer name="Crew" value="1"/>
				<float name="ER" value="3.e-002"/>
				<string name="Hull" value="Std_Crew"/>
				<string name="Name" value="Gunner1"/>
				<string name="TypHL" value="Crew"/>
				<string name="UnitName" value="Narvik_Gun_150_Turret"/>
			</object>
			<object name="7871">
				<integer name="Country" value="5"/>
				<float name="ER" value="5."/>
				<string name="Hull" value="Narvick_Torps"/>
				<string name="Name" value="TA"/>
				<string name="TypHL" value="AmmoStore"/>
				<string name="UnitName" value="Narvik_Torp_App_Turret"/>
			</object>
			<object name="8193">
				<integer name="Country" value="5"/>
				<float name="ER" value="2"/>
				<string name="Hull" value="Std_Radar"/>
				<string name="Name" value="Radar"/>
				<string name="TypHL" value="Probe"/>
				<string name="UnitName" value="Narvik_Radar_FuMO21"/>
			</object>
			<object name="8194">
				<integer name="Country" value="5"/>
				<float name="ER" value="1."/>
				<string name="Hull" value="Std_Guns"/>
				<string name="Name" value="KDP"/>
				<string name="TypHL" value="Probe"/>
				<string name="UnitName" value="Narvik_Rangefinder"/> 
			</object>
		</object>
		<object name="Hulls"> 
			<object name="Narvick_150mmTurret">
				<integer name="Back" value="0"/>
				<integer name="Bottom" value="25"/>
				<integer name="Country" value="5"/>
				<float name="ExplProb" value="5."/>
				<float name="FireProb" value="10."/>
				<integer name="Front" value="25"/>
				<integer name="Left" value="25"/>
				<string name="Material" value="Armored"/>
				<integer name="Right" value="25"/>
				<integer name="Top" value="25"/>
				<integer name="UnitName" value="0"/>
				<string name="UnitTyp" value="Turret"/>
			</object>	  
			<object name="Narvick_AmmoStore">
				<integer name="Back" value="40"/>
				<integer name="Bottom" value="40"/>
				<integer name="Country" value="5"/>
				<float name="ExplProb" value="20."/>
				<float name="FireProb" value="20."/>
				<integer name="Front" value="40"/>
				<integer name="Left" value="40"/>
				<string name="Material" value="Armored"/>
				<integer name="Right" value="40"/>
				<integer name="Top" value="40"/>
				<integer name="UnitName" value="0"/>
				<string name="UnitTyp" value="Ship"/>
			</object> 	    
			<object name="Narvick_Battlecabin">
				<integer name="Back" value="30"/>
				<integer name="Bottom" value="30"/>
				<integer name="Country" value="5"/>
				<float name="ExplProb" value="0."/>
				<float name="FireProb" value="5."/>
				<integer name="Front" value="30"/>
				<integer name="Left" value="30"/>
				<string name="Material" value="Armored"/>
				<integer name="Right" value="30"/>
				<integer name="Top" value="30"/>
				<integer name="UnitName" value="0"/>
				<string name="UnitTyp" value="Ship"/>
			</object> 
			<object name="Narvick_Ordinary">
				<integer name="Back" value="25"/>
				<integer name="Bottom" value="15"/>
				<integer name="Country" value="5"/>
				<float name="ExplProb" value="0."/>
				<float name="FireProb" value="5."/>
				<integer name="Front" value="25"/>
				<integer name="Left" value="25"/>
				<string name="Material" value="Steel"/>
				<integer name="Right" value="25"/>
				<integer name="Top" value="15"/>
				<integer name="UnitName" value="0"/>
				<string name="UnitTyp" value="Ship"/>
			</object>
			<object name="Narvick_Torps">
				<integer name="Back" value="25"/>
				<integer name="Bottom" value="25"/>
				<integer name="Country" value="5"/>
				<float name="ExplProb" value="25."/>
				<float name="FireProb" value="20."/>
				<integer name="Front" value="25"/>
				<integer name="Left" value="25"/>
				<string name="Material" value="Armored"/>
				<integer name="Right" value="25"/>
				<integer name="Top" value="25"/>
				<integer name="UnitName" value="0"/>
				<string name="UnitTyp" value="Turret"/>
			</object>
		</object>
	</object>
</root>
