﻿<?xml version = "1.0" encoding = "UTF-8"?>
<root>
	<object name = "SteelMonstersParams">
		<object name="Ships">
			<object name="Unryu">
				<float name="AccelRate" value="3.e-004"/>
				<string name="Airgroup" value="AircraftCarrier_AirGroup_Unryu_japan"/>
				<integer name="AirplanesCount" value="65"/>
				<string name="AmmoLoadingTemplate" value=""Ammo 500, BV_246_Frag_ST 10, BV_246_Com_ST 10, BV_246_Frag_SR 10, BV_246_Com_SR 10, Hs_293_R 20, Hs_293_P 20, Hs_293_ST 20, Torp_Jap_Mk91 50, Torp_Jap_Mk91_M_I 10, Torp_Jap_Mk91_A_SA 10"/>
				<integer name="Avia" value="2"/>
				<boolean name="BoatsTransportationAbility" value="false"/>
				<integer name="CabinArmor" value="20"/>
				<boolean name="CanBeChanged" value="true"/>
				<boolean name="CanUseTorpedos" value="false"/>
				<integer name="Country" value="2"/>
				<integer name="Crew" value="1600"/>
				<float name="CriticalCareen" value="33."/>
				<float name="CriticalDFT" value="2.5"/>
				<float name="CriticalDifferent" value="2.3"/>
				<float name="DTimeProd" value="105."/>
				<float name="DisplacementMax" value="20450."/>
				<float name="EPR" value="420."/>
				<float name="FireRisk" value="1000."/>
				<float name="Fuel" value="3670."/>
				<integer name="HullArmorSide" value="150"/>
				<integer name="HullArmorTop" value="56"/>
				<float name="HLShapeCoef" value="0.8"/>
				<float name="Iron" value="17500."/>
				<integer name="Length" value="227.4"/>
				<float name="MaxSpeed" value="34."/>
				<integer name="MinCrew" value="700"/>
				<float name="Money" value="7000."/>
				<float name="NTimeProd" value="250."/>
				<string name="Name" value="Unryu"/>
				<boolean name="New" value="false"/>
				<integer name="Nuc_Dest_Prob" value="400"/>
				<integer name="Passengers" value="200"/>
				<boolean name="PlanesTransportationAbility" value="false"/>
				<float name="Range" value="15000."/>
				<integer name="Rank" value="1"/>
				<string name="SMU" value="unryu"/>
				<float name="Speed" value="18."/>
				<float name="StoreCapacity" value="700."/>
				<boolean name="Transportable" value="false"/>
				<float name="TurnRate" value="1.5e-003"/>
				<integer name="Type" value="0"/>
				<float name="Vitality" value="4800."/>
				<float name="VitalityAA" value="1200."/>
				<float name="Weight" value="17480."/>
				<integer name="Width" value="22"/>
				<integer name="Year" value="44"/>
			</object>
		</object>
		<object name="Hit_Location">
			<object name="U3145">
				<integer name="Country" value="2"/>
				<float name="ER" value="400."/>
				<string name="Hull" value="Std_Hull"/>
				<string name="Name" value="Stern_Elevator"/>
				<string name="TypHL" value="Hull"/>
				<string name="UnitName" value="Unryu"/>
			</object>
			<object name="U3146">
				<string name="ConnectName" value="Stern1_Engine4"/>
				<integer name="Country" value="2"/>
				<float name="ER" value="400."/>
				<string name="Hull" value="Std_Mover"/>
				<string name="Name" value="Mover4"/>
				<string name="TypHL" value="Mover"/>
				<string name="UnitName" value="Unryu"/>
			</object>
			<object name="U3147">
				<string name="ConnectName" value="Stern1_Engine3"/>
				<integer name="Country" value="2"/>
				<float name="ER" value="400."/>
				<string name="Hull" value="Std_Mover"/>
				<string name="Name" value="Mover3"/>
				<string name="TypHL" value="Mover"/>
				<string name="UnitName" value="Unryu"/>
			</object>
			<object name="U3148">
				<string name="ConnectName" value="Stern1_Engine1"/>
				<integer name="Country" value="2"/>
				<float name="ER" value="400."/>
				<string name="Hull" value="Std_Mover"/>
				<string name="Name" value="Mover1"/>
				<string name="TypHL" value="Mover"/>
				<string name="UnitName" value="Unryu"/>
			</object>
			<object name="U3149">
				<integer name="Country" value="2"/>
				<float name="ER" value="400."/>
				<string name="Hull" value="Std_Hull"/>
				<string name="Name" value="Tiller"/>
				<string name="TypHL" value="Hull"/>
				<string name="UnitName" value="Unryu"/>
			</object>

			<object name="U3150">
				<integer name="Country" value="2"/>
				<float name="ER" value="400."/>
				<string name="Hull" value="Std_RAMP"/>
				<string name="Name" value="Rudder"/>
				<string name="TypHL" value="Rudder"/>
				<string name="UnitName" value="Unryu"/>
			</object>
			<object name="U3151">
				<integer name="Country" value="2"/>
				<integer name="Crew" value="800"/>
				<float name="ER" value="400."/>
				<string name="Hull" value="Std_UpperHull"/>
				<string name="Name" value="OperationControl"/>
				<string name="TypHL" value="Crew"/>
				<string name="UnitName" value="Unryu"/>
			</object>
			<object name="U3152">
				<integer name="Country" value="2"/>
				<float name="ER" value="400."/>
				<string name="Hull" value="Std_Probe"/>
				<string name="Name" value="Probe_AA"/>
				<string name="TypHL" value="Probe"/>
				<string name="UnitName" value="Unryu"/>
			</object>
			<object name="U3153">
				<integer name="Country" value="2"/>
				<float name="ER" value="400."/>
				<string name="Hull" value="Std_Probe"/>
				<string name="Name" value="Probe_Radar"/>
				<string name="TypHL" value="Probe"/>
				<string name="UnitName" value="Unryu"/>
			</object>
			<object name="U3154">
				<integer name="Country" value="2"/>
				<integer name="Crew" value="800"/>
				<float name="ER" value="400."/>
				<string name="Hull" value="Std_Hull"/>
				<string name="Name" value="BattleCabine"/>
				<string name="TypHL" value="Crew"/>
				<string name="UnitName" value="Unryu"/>
			</object>
			<object name="U3155">
				<integer name="Country" value="2"/>
				<float name="ER" value="400."/>
				<string name="Hull" value="Std_Probe"/>
				<string name="Name" value="Probe_Radio"/>
				<string name="TypHL" value="Probe"/>
				<string name="UnitName" value="Unryu"/>
			</object>
			<object name="U3156">
				<integer name="Country" value="2"/>
				<float name="ER" value="400."/>
				<string name="Hull" value="Std_Hull"/>
				<string name="Name" value="Bow1_LowerDeck"/>
				<string name="TypHL" value="Hull"/>
				<string name="UnitName" value="Unryu"/>
			</object>
			<object name="U3157">
				<integer name="Country" value="2"/>
				<float name="ER" value="400."/>
				<string name="Hull" value="Std_Bottom"/>
				<string name="Name" value="Bow1_Bottom"/>
				<string name="TypHL" value="Hull"/>
				<string name="UnitName" value="Unryu"/>
			</object>
			<object name="U3158">
				<integer name="Country" value="2"/>
				<float name="ER" value="400."/>
				<string name="Hull" value="Std_UpperHull"/>
				<string name="Name" value="Bow1_MiddleDeck"/>
				<string name="TypHL" value="Hull"/>
				<string name="UnitName" value="Unryu"/>
			</object>
			<object name="U3159">
				<integer name="Country" value="2"/>
				<float name="ER" value="400."/>
				<string name="Hull" value="Std_Bottom"/>
				<string name="Name" value="Stern2_Bottom"/>
				<string name="TypHL" value="Hull"/>
				<string name="UnitName" value="Unryu"/>
			</object>

			<object name="U3160">
				<integer name="Country" value="2"/>
				<float name="ER" value="400."/>
				<string name="Hull" value="Zuikaku_FDeck"/>
				<string name="Name" value="Bow1_FlightDeck"/>
				<string name="TypHL" value="Hull"/>
				<string name="UnitName" value="Unryu"/>
			</object>
			<object name="U3161">
				<integer name="Country" value="2"/>
				<float name="ER" value="400."/>
				<string name="Hull" value="Zuikaku_FDeck"/>
				<string name="Name" value="Stern1_FlightDeck"/>
				<string name="TypHL" value="Hull"/>
				<string name="UnitName" value="Unryu"/>
			</object>
			<object name="U3162">
				<integer name="Country" value="2"/>
				<float name="ER" value="400."/>
				<string name="Hull" value="Zuikaku_FDeck"/>
				<string name="Name" value="Stern2_FlightDeck"/>
				<string name="TypHL" value="Hull"/>
				<string name="UnitName" value="Unryu"/>
			</object>
			<object name="U3163">
				<integer name="Country" value="2"/>
				<float name="ER" value="400."/>
				<string name="Hull" value="Std_Hull"/>
				<string name="Name" value="Stern2_Hungur"/>
				<string name="TypHL" value="Hull"/>
				<string name="UnitName" value="Unryu"/>
			</object>
			<object name="U3165">
				<integer name="Country" value="2"/>
				<float name="ER" value="400."/>
				<string name="Hull" value="Std_Hull"/>
				<string name="Name" value="Bow2_Elevator"/>
				<string name="TypHL" value="Hull"/>
				<string name="UnitName" value="Unryu"/>
			</object>
			<object name="U3166">
				<integer name="Country" value="2"/>
				<float name="ER" value="400."/>
				<string name="Hull" value="Std_Bottom"/>
				<string name="Name" value="Bow2_LBottom"/>
				<string name="TypHL" value="Hull"/>
				<string name="UnitName" value="Unryu"/>
			</object>
			<object name="U3167">
				<integer name="Country" value="2"/>
				<float name="ER" value="400."/>
				<string name="Hull" value="Std_Bottom"/>
				<string name="Name" value="Bow2_RBottom"/>
				<string name="TypHL" value="Hull"/>
				<string name="UnitName" value="Unryu"/>
			</object>
			<object name="U3168">
				<integer name="Country" value="2"/>
				<float name="ER" value="400."/>
				<string name="Hull" value="Std_LAMP"/>
				<string name="Name" value="Bow2_LAMP"/>
				<string name="TypHL" value="Hull"/>
				<string name="UnitName" value="Unryu"/>
			</object>
			<object name="U3169">
				<integer name="Country" value="2"/>
				<float name="ER" value="400."/>
				<string name="Hull" value="Std_Hull"/>
				<string name="Name" value="Bow2_LowerDeck"/>
				<string name="TypHL" value="Hull"/>
				<string name="UnitName" value="Unryu"/>
			</object>

			<object name="U3170">
				<integer name="Country" value="2"/>
				<float name="ER" value="400."/>
				<string name="Hull" value="Std_FuelTank"/>
				<string name="Name" value="Bow2_FuelTank2"/>
				<string name="TypHL" value="FuelTank"/>
				<string name="UnitName" value="Unryu"/>
			</object>
			<object name="U3171">
				<integer name="Country" value="2"/>
				<float name="ER" value="400."/>
				<string name="Hull" value="Std_FuelTank"/>
				<string name="Name" value="Bow2_FuelTank1"/>
				<string name="TypHL" value="FuelTank"/>
				<string name="UnitName" value="Unryu"/>
			</object>
			<object name="U3172">
				<integer name="Country" value="2"/>
				<float name="ER" value="400."/>
				<string name="Hull" value="Std_FuelTank"/>
				<string name="Name" value="Bow2_FuelTank"/>
				<string name="TypHL" value="FuelTank"/>
				<string name="UnitName" value="Unryu"/>
			</object>
			<object name="U3173">
				<integer name="Country" value="2"/>
				<float name="ER" value="400."/>
				<string name="Hull" value="Std_RAMP"/>
				<string name="Name" value="Bow2_RAMP"/>
				<string name="TypHL" value="Hull"/>
				<string name="UnitName" value="Unryu"/>
			</object>
			<object name="U3174">
				<integer name="Country" value="2"/>
				<float name="ER" value="400."/>
				<string name="Hull" value="Unryu_LBelt2"/>
				<string name="Name" value="Bow2_LBelt"/>
				<string name="TypHL" value="Hull"/>
				<string name="UnitName" value="Unryu"/>
			</object>
			<object name="U3175">
				<integer name="Country" value="2"/>
				<float name="ER" value="400."/>
				<string name="Hull" value="Unryu_RBelt2"/>
				<string name="Name" value="Bow2_RBelt"/>
				<string name="TypHL" value="Hull"/>
				<string name="UnitName" value="Unryu"/>
			</object>
			<object name="U3176">
				<integer name="Country" value="2"/>
				<float name="ER" value="400."/>
				<string name="Hull" value="Unryu_ArmourDeck2"/>
				<string name="Name" value="Bow2_MiddleDeck"/>
				<string name="TypHL" value="Hull"/>
				<string name="UnitName" value="Unryu"/>
			</object>
			<object name="U3177">
				<integer name="Country" value="2"/>
				<float name="ER" value="400."/>
				<string name="Hull" value="Zuikaku_AmmoStore"/>
				<string name="Name" value="Bow2_AmmoStore"/>
				<string name="TypHL" value="AmmoStore"/>
				<string name="UnitName" value="Unryu"/>
			</object>
			<object name="U3178">
				<integer name="Country" value="2"/>
				<float name="ER" value="400."/>
				<string name="Hull" value="Std_AFuelTank"/>
				<string name="Name" value="Bow2_AAFuelTank"/>
				<string name="TypHL" value="FuelTank"/>
				<string name="UnitName" value="Unryu"/>
			</object>
			<object name="U3179">
				<integer name="Country" value="2"/>
				<float name="ER" value="400."/>
				<string name="Hull" value="Std_Hull"/>
				<string name="Name" value="Bow2_Hungur"/>
				<string name="TypHL" value="Hull"/>
				<string name="UnitName" value="Unryu"/>
			</object>

			<object name="U3180">
				<integer name="Country" value="2"/>
				<float name="ER" value="400."/>
				<string name="Hull" value="Zuikaku_FDeck"/>
				<string name="Name" value="Bow2_FlightDeck"/>
				<string name="TypHL" value="Hull"/>
				<string name="UnitName" value="Unryu"/>
			</object>
			<object name="U3182">
				<integer name="Country" value="2"/>
				<float name="ER" value="400."/>
				<string name="Hull" value="Std_Hull"/>
				<string name="Name" value="Middle_Elevator"/>
				<string name="TypHL" value="Hull"/>
				<string name="UnitName" value="Unryu"/>
			</object>
			<object name="U3183">
				<integer name="Country" value="2"/>
				<float name="ER" value="400."/>
				<string name="Hull" value="Std_Bottom"/>
				<string name="Name" value="Middle2_LBottom"/>
				<string name="TypHL" value="Hull"/>
				<string name="UnitName" value="Unryu"/>
			</object>
			<object name="U3184">
				<integer name="Country" value="2"/>
				<float name="ER" value="400."/>
				<string name="Hull" value="Std_Bottom"/>
				<string name="Name" value="Middle2_RBottom"/>
				<string name="TypHL" value="Hull"/>
				<string name="UnitName" value="Unryu"/>
			</object>
			<object name="U3185">
				<integer name="Country" value="2"/>
				<float name="ER" value="400."/>
				<string name="Hull" value="Std_Bottom"/>
				<string name="Name" value="Middle1_LBottom"/>
				<string name="TypHL" value="Hull"/>
				<string name="UnitName" value="Unryu"/>
			</object>
			<object name="U3186">
				<integer name="Country" value="2"/>
				<float name="ER" value="400."/>
				<string name="Hull" value="Std_Bottom"/>
				<string name="Name" value="Middle1_RBottom"/>
				<string name="TypHL" value="Hull"/>
				<string name="UnitName" value="Unryu"/>
			</object>
			<object name="U3187">
				<integer name="Country" value="2"/>
				<float name="ER" value="400."/>
				<string name="Hull" value="Std_LAMP"/>
				<string name="Name" value="Middle1_LAMP"/>
				<string name="TypHL" value="Hull"/>
				<string name="UnitName" value="Unryu"/>
			</object>
			<object name="U3188">
				<integer name="Country" value="2"/>
				<float name="ER" value="400."/>
				<string name="Hull" value="Std_LAMP"/>
				<string name="Name" value="Middle2_LAMP"/>
				<string name="TypHL" value="Hull"/>
				<string name="UnitName" value="Unryu"/>
			</object>
			<object name="U3189">
				<integer name="Country" value="2"/>
				<float name="ER" value="400."/>
				<string name="Hull" value="Std_BoilerHull"/>
				<string name="Name" value="Middle1_LowerDeck"/>
				<string name="TypHL" value="Hull"/>
				<string name="UnitName" value="Unryu"/>
			</object>

			<object name="U3190">
				<integer name="Country" value="2"/>
				<float name="ER" value="400."/>
				<string name="Hull" value="Std_Boiler"/>
				<string name="Name" value="Middle1_Boiler1"/>
				<string name="TypHL" value="Boiler"/>
				<string name="UnitName" value="Unryu"/>
			</object>
			<object name="U3191">
				<integer name="Country" value="2"/>
				<float name="ER" value="400."/>
				<string name="Hull" value="Std_Boiler"/>
				<string name="Name" value="Middle1_Boiler2"/>
				<string name="TypHL" value="Boiler"/>
				<string name="UnitName" value="Unryu"/>
			</object>
			<object name="U3192">
				<integer name="Country" value="2"/>
				<float name="ER" value="400."/>
				<string name="Hull" value="Std_RAMP"/>
				<string name="Name" value="Middle2_RAMP"/>
				<string name="TypHL" value="Hull"/>
				<string name="UnitName" value="Unryu"/>
			</object>
			<object name="U3193">
				<integer name="Country" value="2"/>
				<float name="ER" value="400."/>
				<string name="Hull" value="Std_BoilerHull"/>
				<string name="Name" value="Middle2_LowerDeck"/>
				<string name="TypHL" value="Hull"/>
				<string name="UnitName" value="Unryu"/>
			</object>
			<object name="U3194">
				<integer name="Country" value="2"/>
				<float name="ER" value="400."/>
				<string name="Hull" value="Std_Boiler"/>
				<string name="Name" value="Middle2_Boiler1"/>
				<string name="TypHL" value="Boiler"/>
				<string name="UnitName" value="Unryu"/>
			</object>
			<object name="U3195">
				<integer name="Country" value="2"/>
				<float name="ER" value="400."/>
				<string name="Hull" value="Std_Boiler"/>
				<string name="Name" value="Middle2_Boiler2"/>
				<string name="TypHL" value="Boiler"/>
				<string name="UnitName" value="Unryu"/>
			</object>
			<object name="U3196">
				<integer name="Country" value="2"/>
				<float name="ER" value="400."/>
				<string name="Hull" value="Std_RAMP"/>
				<string name="Name" value="Middle1_RAMP"/>
				<string name="TypHL" value="Hull"/>
				<string name="UnitName" value="Unryu"/>
			</object>
			<object name="U3197">
				<integer name="Country" value="2"/>
				<float name="ER" value="400."/>
				<string name="Hull" value="Unryu_RBelt"/>
				<string name="Name" value="Middle_RBelt"/>
				<string name="TypHL" value="Hull"/>
				<string name="UnitName" value="Unryu"/>
			</object>
			<object name="U3198">
				<integer name="Country" value="2"/>
				<float name="ER" value="400."/>
				<string name="Hull" value="Unryu_LBelt"/>
				<string name="Name" value="Middle_LBelt"/>
				<string name="TypHL" value="Hull"/>
				<string name="UnitName" value="Unryu"/>
			</object>
			<object name="U3199">
				<integer name="Country" value="2"/>
				<float name="ER" value="400."/>
				<string name="Hull" value="Unryu_ArmourDeck"/>
				<string name="Name" value="Middle_MiddleDeck"/>
				<string name="TypHL" value="Hull"/>
				<string name="UnitName" value="Unryu"/>
			</object>

			<object name="U3200">
				<integer name="Country" value="2"/>
				<float name="ER" value="400."/>
				<string name="Hull" value="Std_AFuelTank"/>
				<string name="Name" value="Middle_AAFuelTank"/>
				<string name="TypHL" value="FuelTank"/>
				<string name="UnitName" value="Unryu"/>
			</object>
			<object name="U3201">
				<integer name="Country" value="2"/>
				<float name="ER" value="400."/>
				<string name="Hull" value="Zuikaku_AmmoStore"/>
				<string name="Name" value="Middle_AmmoStore"/>
				<string name="TypHL" value="AmmoStore"/>
				<string name="UnitName" value="Unryu"/>
			</object>
			<object name="U3202">
				<integer name="Country" value="2"/>
				<float name="ER" value="400."/>
				<string name="Hull" value="Std_Hull"/>
				<string name="Name" value="Middle_FlightDeck"/>
				<string name="TypHL" value="Hull"/>
				<string name="UnitName" value="Unryu"/>
			</object>
			<object name="U3203">
				<integer name="Country" value="2"/>
				<float name="ER" value="400."/>
				<string name="Hull" value="Std_Hull"/>
				<string name="Name" value="Middle_Hungur"/>
				<string name="TypHL" value="Hull"/>
				<string name="UnitName" value="Unryu"/>
			</object>
			<object name="U3205">
				<integer name="Country" value="2"/>
				<float name="ER" value="400."/>
				<string name="Hull" value="Std_Bottom"/>
				<string name="Name" value="Stern1_LBottom1"/>
				<string name="TypHL" value="Hull"/>
				<string name="UnitName" value="Unryu"/>
			</object>
			<object name="U3206">
				<integer name="Country" value="2"/>
				<float name="ER" value="400."/>
				<string name="Hull" value="Std_Bottom"/>
				<string name="Name" value="Stern1_RBottom1"/>
				<string name="TypHL" value="Hull"/>
				<string name="UnitName" value="Unryu"/>
			</object>
			<object name="U3207">
				<integer name="Country" value="2"/>
				<float name="ER" value="400."/>
				<string name="Hull" value="Std_Bottom"/>
				<string name="Name" value="Stern1_LBottom2"/>
				<string name="TypHL" value="Hull"/>
				<string name="UnitName" value="Unryu"/>
			</object>
			<object name="U3208">
				<integer name="Country" value="2"/>
				<float name="ER" value="400."/>
				<string name="Hull" value="Std_Bottom"/>
				<string name="Name" value="Stern1_RBottom2"/>
				<string name="TypHL" value="Hull"/>
				<string name="UnitName" value="Unryu"/>
			</object>
			<object name="U3209">
				<integer name="Country" value="2"/>
				<float name="ER" value="400."/>
				<string name="Hull" value="Std_RAMP"/>
				<string name="Name" value="Stern1_RAMP2"/>
				<string name="TypHL" value="Hull"/>
				<string name="UnitName" value="Unryu"/>
			</object>

			<object name="U3210">
				<integer name="Country" value="2"/>
				<float name="ER" value="400."/>
				<string name="Hull" value="Std_EngineHull"/>
				<string name="Name" value="Stern1_LowerDeck2"/>
				<string name="TypHL" value="Hull"/>
				<string name="UnitName" value="Unryu"/>
			</object>
			<object name="U3211">
				<string name="ConnectName" value="Middle2_Boiler2"/>
				<integer name="Country" value="2"/>
				<float name="ER" value="400."/>
				<string name="Hull" value="Std_Engine"/>
				<string name="Name" value="Stern1_Engine4"/>
				<string name="TypHL" value="Engine"/>
				<string name="UnitName" value="Unryu"/>
			</object>
			<object name="U3212">
				<string name="ConnectName" value="Middle2_Boiler1"/>
				<integer name="Country" value="2"/>
				<float name="ER" value="400."/>
				<string name="Hull" value="Std_Engine"/>
				<string name="Name" value="Stern1_Engine3"/>
				<string name="TypHL" value="Engine"/>
				<string name="UnitName" value="Unryu"/>
			</object>
			<object name="U3213">
				<integer name="Country" value="2"/>
				<float name="ER" value="400."/>
				<string name="Hull" value="Std_LAMP"/>
				<string name="Name" value="Stern1_LAMP1"/>
				<string name="TypHL" value="Hull"/>
				<string name="UnitName" value="Unryu"/>
			</object>
			<object name="U3214">
				<integer name="Country" value="2"/>
				<float name="ER" value="400."/>
				<string name="Hull" value="Std_LAMP"/>
				<string name="Name" value="Stern1_LAMP2"/>
				<string name="TypHL" value="Hull"/>
				<string name="UnitName" value="Unryu"/>
			</object>
			<object name="U3215">
				<integer name="Country" value="2"/>
				<float name="ER" value="400."/>
				<string name="Hull" value="Std_RAMP"/>
				<string name="Name" value="Stern1_RAMP1"/>
				<string name="TypHL" value="Hull"/>
				<string name="UnitName" value="Unryu"/>
			</object>
			<object name="U3216">
				<integer name="Country" value="2"/>
				<float name="ER" value="400."/>
				<string name="Hull" value="Std_Hull"/>
				<string name="Name" value="Stern1_LowerDeck1"/>
				<string name="TypHL" value="Hull"/>
				<string name="UnitName" value="Unryu"/>
			</object>
			<object name="U3217">
				<string name="ConnectName" value="Middle1_Boiler2"/>
				<integer name="Country" value="2"/>
				<float name="ER" value="400."/>
				<string name="Hull" value="Std_Engine"/>
				<string name="Name" value="Stern1_Engine2"/>
				<string name="TypHL" value="Engine"/>
				<string name="UnitName" value="Unryu"/>
			</object>
			<object name="U3218">
				<string name="ConnectName" value="Middle1_Boiler1"/>
				<integer name="Country" value="2"/>
				<float name="ER" value="400."/>
				<string name="Hull" value="Std_Engine"/>
				<string name="Name" value="Stern1_Engine1"/>
				<string name="TypHL" value="Engine"/>
				<string name="UnitName" value="Unryu"/>
			</object>
			<object name="U3219">
				<integer name="Country" value="2"/>
				<float name="ER" value="400."/>
				<string name="Hull" value="Unryu_ArmourDeck2"/>
				<string name="Name" value="Stern1_MiddleDeck"/>
				<string name="TypHL" value="Hull"/>
				<string name="UnitName" value="Unryu"/>
			</object>

			<object name="U3220">
				<integer name="Country" value="2"/>
				<float name="ER" value="400."/>
				<string name="Hull" value="Std_AFuelTank"/>
				<string name="Name" value="Stern1_AAFuelTank"/>
				<string name="TypHL" value="FuelTank"/>
				<string name="UnitName" value="Unryu"/>
			</object>
			<object name="U3221">
				<integer name="Country" value="2"/>
				<float name="ER" value="400."/>
				<string name="Hull" value="Zuikaku_AmmoStore"/>
				<string name="Name" value="Stern1_AmmoStore"/>
				<string name="TypHL" value="AmmoStore"/>
				<string name="UnitName" value="Unryu"/>
			</object>
			<object name="U3222">
				<integer name="Country" value="2"/>
				<float name="ER" value="400."/>
				<string name="Hull" value="Unryu_RBelt2"/>
				<string name="Name" value="Stern1_RBelt"/>
				<string name="TypHL" value="Hull"/>
				<string name="UnitName" value="Unryu"/>
			</object>
			<object name="U3223">
				<integer name="Country" value="2"/>
				<float name="ER" value="400."/>
				<string name="Hull" value="Unryu_LBelt2"/>
				<string name="Name" value="Stern1_LBelt"/>
				<string name="TypHL" value="Hull"/>
				<string name="UnitName" value="Unryu"/>
			</object>
			<object name="U3224">
				<integer name="Country" value="2"/>
				<float name="ER" value="400."/>
				<string name="Hull" value="Std_Hull"/>
				<string name="Name" value="Stern1_Hungur"/>
				<string name="TypHL" value="Hull"/>
				<string name="UnitName" value="Unryu"/>
			</object>
			<object name="U9144">
				<string name="ConnectName" value="Stern1_Engine2"/>
				<integer name="Country" value="2"/>
				<float name="ER" value="350."/>
				<string name="Hull" value="Std_Mover"/>
				<string name="Name" value="Mover2"/>
				<string name="TypHL" value="Mover"/>
				<string name="UnitName" value="Unryu"/>
			</object>
		</object>
		<object name="Hulls">
			<object name="Unryu_ArmourDeck">
				<integer name="Back" value="10"/>
				<integer name="Bottom" value="10"/>
				<integer name="Country" value="2"/>
				<float name="ExplProb" value="0."/>
				<float name="FireProb" value="20."/>
				<integer name="Front" value="10"/>
				<integer name="Left" value="10"/>
				<string name="Material" value="Armored"/>
				<integer name="Right" value="10"/>
				<integer name="Top" value="130"/>
				<integer name="UnitName" value="0"/>
				<string name="UnitTyp" value="Ship"/>
			</object>
			<object name="Unryu_ArmourDeck2">
				<integer name="Back" value="10"/>
				<integer name="Bottom" value="10"/>
				<integer name="Country" value="2"/>
				<float name="ExplProb" value="0."/>
				<float name="FireProb" value="20."/>
				<integer name="Front" value="10"/>
				<integer name="Left" value="10"/>
				<string name="Material" value="Armored"/>
				<integer name="Right" value="10"/>
				<integer name="Top" value="100"/>
				<integer name="UnitName" value="0"/>
				<string name="UnitTyp" value="Ship"/>
			</object>
			<object name="Unryu_LBelt">
				<integer name="Back" value="10"/>
				<integer name="Bottom" value="10"/>
				<integer name="Country" value="2"/>
				<float name="ExplProb" value="0."/>
				<float name="FireProb" value="10."/>
				<integer name="Front" value="10"/>
				<integer name="Left" value="165"/>
				<string name="Material" value="Armored"/>
				<integer name="Right" value="10"/>
				<integer name="Top" value="165"/>
				<integer name="UnitName" value="0"/>
				<string name="UnitTyp" value="Ship"/>
			</object>

			<object name="Unryu_LBelt2">
				<integer name="Back" value="10"/>
				<integer name="Bottom" value="10"/>
				<integer name="Country" value="2"/>
				<float name="ExplProb" value="0."/>
				<float name="FireProb" value="10."/>
				<integer name="Front" value="10"/>
				<integer name="Left" value="45"/>
				<string name="Material" value="Armored"/>
				<integer name="Right" value="10"/>
				<integer name="Top" value="45"/>
				<integer name="UnitName" value="0"/>
				<string name="UnitTyp" value="Ship"/>
			</object>

			<object name="Unryu_RBelt">
				<integer name="Back" value="10"/>
				<integer name="Bottom" value="10"/>
				<integer name="Country" value="2"/>
				<float name="ExplProb" value="0."/>
				<float name="FireProb" value="10."/>
				<integer name="Front" value="10"/>
				<integer name="Left" value="10"/>
				<string name="Material" value="Armored"/>
				<integer name="Right" value="165"/>
				<integer name="Top" value="165"/>
				<integer name="UnitName" value="0"/>
				<string name="UnitTyp" value="Ship"/>
			</object>

			<object name="Unryu_RBelt2">
				<integer name="Back" value="10"/>
				<integer name="Bottom" value="10"/>
				<integer name="Country" value="2"/>
				<float name="ExplProb" value="0."/>
				<float name="FireProb" value="10."/>
				<integer name="Front" value="10"/>
				<integer name="Left" value="10"/>
				<string name="Material" value="Armored"/>
				<integer name="Right" value="45"/>
				<integer name="Top" value="45"/>
				<integer name="UnitName" value="0"/>
				<string name="UnitTyp" value="Ship"/>
			</object>
		</object>
		<object name="ShipsNames">
			<object name="Unryu">
				<string name="1" value="Unryu1"/>
			</object>
		</object>
		<object name="UnitsByType">
			<object name="0">
				<object name="Unryu">
					<string name="ChildTable" value="Ships"/>
				</object>
			</object>
		</object>
	</object>
</root>
