﻿xml version="1.0" standalone="yes" ?>
<root>
	<object name="Modifications">
		<object name="SubUnits">
			<object name="Carolina_Main_Turret_A">
				<object name="TPort_01">
					<string name="Device" value="Carolina_Main_Gun"/>
					<string name="Table" value="Rifles"/>
				</object>
				<object name="TPort_02">
					<string name="Device" value="Carolina_Main_Gun"/>
					<string name="Table" value="Rifles"/>
				</object>
				<object name="TPort_03">
					<string name="Device" value="Carolina_Main_Gun"/>
					<string name="Table" value="Rifles"/>
				</object>
			</object>
			<object name="Carolina_Main_Turret_B">
				<object name="TPort_01">
					<string name="Device" value="Carolina_Main_Gun"/>
					<string name="Table" value="Rifles"/>
				</object>
				<object name="TPort_02">
					<string name="Device" value="Carolina_Main_Gun"/>
					<string name="Table" value="Rifles"/>
				</object>
				<object name="TPort_03">
					<string name="Device" value="Carolina_Main_Gun"/>
					<string name="Table" value="Rifles"/>
				</object>
			</object>
			<object name="Carolina_Main_Turret_X">
				<object name="TPort_01">
					<string name="Device" value="Carolina_Main_Gun"/>
					<string name="Table" value="Rifles"/>
				</object>
				<object name="TPort_02">
					<string name="Device" value="Carolina_Main_Gun"/>
					<string name="Table" value="Rifles"/>
				</object>
				<object name="TPort_03">
					<string name="Device" value="Carolina_Main_Gun"/>
					<string name="Table" value="Rifles"/>
				</object>
			</object>
		</object>
	</object>
</root>
