﻿<?xml version="1.0" standalone="yes" ?>
<root>
	<object name="SteelMonstersParams">
		<object name="Rifles">
			<object name="Nagara_Gun_140x1_Stvol">
				<float name="AARange" value="0."/>
				<string name="Ammo" value="Proj_140_J"/>
				<integer name="AmmoStorage" value="120"/>
				<float name="AmmoWeight" value="38."/>
				<float name="Caliber" value="140."/>
				<string name="Common" value="Proj_140_J_Com"/>
				<integer name="Country" value="2"/>
				<float name="Dispersion" value="8."/>
				<integer name="FinalSpeed" value="310"/>
				<string name="FireSound" value="Guns\152mm"/>
				<boolean name="IgnoreXMLFile" value="false"/>
				<float name="Money" value="5."/>
				<boolean name="New" value="true"/>
				<float name="ROF" value="10."/>
				<float name="Range" value="20.574"/>
				<boolean name="SLLauncher" value="false"/>
				<string name="SMU_File" value="Nagara_Gun_140x1_Stvol"/>
				<integer name="StartSpeed" value="855"/>
				<integer name="Unreliability" value="0"/>
				<string name="Usage" value="Ships"/>
				<float name="Weight" value="5.6"/>
			</object>
		</object>
		<object name="Turrets">
			<object name="Nagara_1x140mm_Turret">
				<integer name="Amount" value="1"/>
				<integer name="ArmorFront" value="20"/>
				<integer name="ArmorSide" value="20"/>
				<integer name="ArmorTop" value="20"/>
				<string name="Building" value="Artillery"/>
				<string name="Content" value="Rifles.Nagara_Gun_140x1_Stvol"/>
				<integer name="Country" value="2"/>
				<float name="DTimeProd" value="5."/>
				<integer name="Elevation" value="30."/>
				<integer name="ElevationRate" value="6."/>
				<string name="Icon" value="Artillery"/>
				<boolean name="IgnoreXMLFile" value="false"/>
				<float name="Iron" value="25."/>
				<float name="Money" value="9."/>
				<float name="NTimeProd" value="25."/>
				<boolean name="New" value="false"/>
				<boolean name="Production" value="false"/>
				<integer name="QualityRate" value="4"/>
				<integer name="RotationRate" value="8"/>
				<string name="SMU_File" value="Nagara_140mm_Base"/>
				<string name="Type" value="Gun"/>
				<float name="Vitality" value="380."/>
				<float name="Weight" value="20."/>
			</object>
		</object>
		<object name="Hit_Location">
			<object name="Nag1401">
				<integer name="Country" value="2"/>
				<float name="ER" value="10."/>
				<string name="Hull" value="Std_Guns_SO"/>
				<string name="Name" value="Turretr"/>
				<string name="TypHL" value="AmmoStore"/>
				<string name="UnitName" value="Nagara_1x140mm_Turret"/>
			</object>
			<object name="Nag1402">
				<integer name="Country" value="2"/>
				<integer name="Crew" value="1"/>
				<float name="ER" value="3.e-002"/>
				<string name="Hull" value="Std_Crew"/>
				<string name="Name" value="Gunner2"/>
				<string name="TypHL" value="Crew"/>
				<string name="UnitName" value="Nagara_1x140mm_Turret"/>
			</object>
			<object name="Nag1403">
				<integer name="Country" value="2"/>
				<integer name="Crew" value="1"/>
				<float name="ER" value="3.e-002"/>
				<string name="Hull" value="Std_Crew"/>
				<string name="Name" value="Gunner1"/>
				<string name="TypHL" value="Crew"/>
				<string name="UnitName" value="Nagara_1x140mm_Turret"/>
			</object>
		</object>
	</object>
</root>
