﻿<?xml version = "1.0" encoding = "UTF-8"?>
<root>
	<object name = "SteelMonstersParams">
		<object name="Ships">
			<object name="Arethusa">
				<float name="AccelRate" value="3.e-004"/>
				<string name="Airgroup" value="Scout_ShipWater_Battleship_Battalion_england"/>
				<integer name="AirplanesCount" value="2"/>
				<string name="AmmoLoadingTemplate" value="Ammo 60"/>
				<boolean name="BoatsTransportationAbility" value="false"/>
				<integer name="CabinArmor" value="127"/>
				<boolean name="CanBeChanged" value="true"/>
				<boolean name="CanUseTorpedos" value="true"/>
				<string name="CatapultAirgroupDefaultUnit" value="Walrus"/>
				<integer name="Country" value="3"/>
				<integer name="Crew" value="450"/>
				<float name="CriticalCareen" value="37."/>
				<float name="CriticalDFT" value="2.2"/>
				<float name="CriticalDifferent" value="2.5"/>
				<float name="DTimeProd" value="70."/>
				<float name="DisplacementMax" value="6715."/>
				<float name="EPR" value="315."/>
				<float name="FireRisk" value="267."/>
				<float name="Fuel" value="1327."/>
				<float name="HLShapeCoef" value="0.6"/>
				<integer name="HullArmorSide" value="127"/>
				<integer name="HullArmorTop" value="52"/>
				<float name="Iron" value="10000."/>
				<integer name="Length" value="154.33"/>
				<float name="MaxSpeed" value="32.25"/>
				<integer name="MinCrew" value="170"/>
				<float name="Money" value="10500."/>
				<float name="NTimeProd" value="175."/>
				<string name="Name" value="Arethusa"/>
				<boolean name="New" value="true"/>
				<integer name="Nuc_Dest_Prob" value="500"/>
				<integer name="Passengers" value="40"/>
				<boolean name="PlanesTransportationAbility" value="false"/>
				<float name="Range" value="15372."/>
				<integer name="Rank" value="4"/>
				<string name="SMU" value="Arethusa"/>
				<float name="Speed" value="12."/>
				<float name="StoreCapacity" value="740."/>
				<boolean name="Transportable" value="false"/>
				<float name="TurnRate" value="1.5e-003"/>
				<integer name="Type" value="3"/>
				<float name="Vitality" value="4500."/>
				<float name="VitalityAA" value="900."/>
				<float name="Weight" value="5570."/>
				<integer name="Width" value="15.56"/>
				<integer name="Year" value="39"/>
			</object>
		</object>
		<object name="Engins">
			<object name="MPP_Arethusa">
				<float name="Consumption" value="4.1e-004"/>
				<integer name="Country" value="3"/>
				<float name="Money" value="10000."/>
				<integer name="Power_Max" value="64000"/>
				<integer name="RPM_Max" value="0"/>
				<integer name="Type" value="8"/>
				<integer name="Unreliability" value="10"/>
				<string name="Usage" value="Ships"/>
				<float name="Weight" value="1300."/>
			</object>
		</object>
		<object name="Hit_Location">
  			<object name="Aret5095">
				<integer name="Country" value="3"/>
				<integer name="Crew" value="280"/>
				<float name="ER" value="150."/>
				<string name="Hull" value="Std_CLUpperHull"/>
				<string name="Name" value="Bow_USuperstructure"/>
				<string name="TypHL" value="Crew"/>
				<string name="UnitName" value="Arethusa"/>
			</object>
			<object name="Aret5096">
				<integer name="Country" value="3"/>
				<float name="ER" value="100."/>
				<string name="Hull" value="Std_SmokeStack"/>
				<string name="Name" value="Bow_SmokeStack"/>
				<string name="TypHL" value="Hull"/>
				<string name="UnitName" value="Arethusa"/>
			</object>
			<object name="Aret5097">
				<integer name="Country" value="3"/>
				<float name="ER" value="100."/>
				<string name="Hull" value="Std_SmokeStack"/>
				<string name="Name" value="Stern_SmokeStack"/>
				<string name="TypHL" value="Hull"/>
				<string name="UnitName" value="Arethusa"/>
			</object>
			<object name="Aret5098">
				<integer name="Country" value="3"/>
				<integer name="Crew" value="280"/>
				<float name="ER" value="150."/>
				<string name="Hull" value="Std_CLUpperHull"/>
				<string name="Name" value="Stern_LSuperstructure"/>
				<string name="TypHL" value="Crew"/>
				<string name="UnitName" value="Arethusa"/>
			</object>
			<object name="Aret5099">
				<integer name="Country" value="3"/>
				<float name="ER" value="240."/>
				<string name="Hull" value="Arethusa_Barbet"/>
				<string name="Name" value="Barbet3"/>
				<string name="TypHL" value="Hull"/>
				<string name="UnitName" value="Arethusa"/>
			</object>
			<object name="Aret5100">
				<integer name="Country" value="3"/>
				<float name="ER" value="200."/>
				<string name="Hull" value="Arethusa_Bottom2"/>
				<string name="Name" value="Bow2_Bottom"/>
				<string name="TypHL" value="Hull"/>
				<string name="UnitName" value="Arethusa"/>
			</object>
			<object name="Aret5101">
				<integer name="Country" value="3"/>
				<float name="ER" value="240."/>
				<string name="Hull" value="Arethusa_ALowerDeck"/>
				<string name="Name" value="Bow2_LowerDeck"/>
				<string name="TypHL" value="Hull"/>
				<string name="UnitName" value="Arethusa"/>
			</object>
			<object name="Aret5102">
				<integer name="Country" value="3"/>
				<float name="ER" value="200."/>
				<string name="Hull" value="Arethusa_AmmoStore"/>
				<string name="Name" value="AmmoStore_1"/>
				<string name="TypHL" value="AmmoStore"/>
				<string name="UnitName" value="Arethusa"/>
			</object>
			<object name="Aret5103">
				<integer name="Country" value="3"/>
				<float name="ER" value="200."/>
				<string name="Hull" value="Arethusa_AmmoStore"/>
				<string name="Name" value="AmmoStore_2"/>
				<string name="TypHL" value="AmmoStore"/>
				<string name="UnitName" value="Arethusa"/>
			</object>
			<object name="Aret5104">
				<integer name="Country" value="3"/>
				<float name="ER" value="200."/>
				<string name="Hull" value="Arethusa_UpperDeck"/>
				<string name="Name" value="Bow2_UpperDeck"/>
				<string name="TypHL" value="Hull"/>
				<string name="UnitName" value="Arethusa"/>
			</object>
			<object name="Aret5105">
				<integer name="Country" value="3"/>
				<float name="ER" value="200."/>
				<string name="Hull" value="Arethusa_Rboard"/>
				<string name="Name" value="Bow2_RBoard"/>
				<string name="TypHL" value="Hull"/>
				<string name="UnitName" value="Arethusa"/>
			</object>
			<object name="Aret5106">
				<integer name="Country" value="3"/>
				<float name="ER" value="200."/>
				<string name="Hull" value="Arethusa_Lboard"/>
				<string name="Name" value="Bow2_LBoard"/>
				<string name="TypHL" value="Hull"/>
				<string name="UnitName" value="Arethusa"/>
			</object>
			<object name="Aret5107">
				<integer name="Country" value="3"/>
				<float name="ER" value="240."/>
				<string name="Hull" value="Arethusa_LAMP"/>
				<string name="Name" value="Bow2_LAMP"/>
				<string name="TypHL" value="Hull"/>
				<string name="UnitName" value="Arethusa"/>
			</object>
			<object name="Aret5108">
				<integer name="Country" value="3"/>
				<float name="ER" value="240."/>
				<string name="Hull" value="Arethusa_RAMP"/>
				<string name="Name" value="Bow2_RAMP"/>
				<string name="TypHL" value="Hull"/>
				<string name="UnitName" value="Arethusa"/>
			</object>
			<object name="Aret5109">
				<integer name="Country" value="3"/>
				<float name="ER" value="240."/>
				<string name="Hull" value="Arethusa_LBelt"/>
				<string name="Name" value="Bow2_LBelt"/>
				<string name="TypHL" value="Hull"/>
				<string name="UnitName" value="Arethusa"/>
			</object>
			<object name="Aret5110">
				<integer name="Country" value="3"/>
				<float name="ER" value="240."/>
				<string name="Hull" value="Arethusa_RBelt"/>
				<string name="Name" value="Bow2_RBelt"/>
				<string name="TypHL" value="Hull"/>
				<string name="UnitName" value="Arethusa"/>
			</object>
			<object name="Aret5111">
				<integer name="Country" value="3"/>
				<float name="ER" value="200."/>
				<string name="Hull" value="Arethusa_Bottom2"/>
				<string name="Name" value="Middle1_LBottom"/>
				<string name="TypHL" value="FuelTank"/>
				<string name="UnitName" value="Arethusa"/>
			</object>
			<object name="Aret5112">
				<integer name="Country" value="3"/>
				<float name="ER" value="200."/>
				<string name="Hull" value="Arethusa_Bottom2"/>
				<string name="Name" value="Middle1_RBottom"/>
				<string name="TypHL" value="FuelTank"/>
				<string name="UnitName" value="Arethusa"/>
			</object>
			<object name="Aret5113">
				<integer name="Country" value="3"/>
				<float name="ER" value="240."/>
				<string name="Hull" value="Arethusa_ALowerDeck"/>
				<string name="Name" value="Middle1_LowerDeck"/>
				<string name="TypHL" value="Hull"/>
				<string name="UnitName" value="Arethusa"/>
			</object>
			<object name="Aret5114">
				<integer name="Country" value="3"/>
				<float name="ER" value="200."/>
				<string name="Hull" value="Arethusa_AmmoStore"/>
				<string name="Name" value="AmmoStore_SG"/>
				<string name="TypHL" value="AmmoStore"/>
				<string name="UnitName" value="Arethusa"/>
			</object>
			<object name="Aret5115">
				<integer name="Country" value="3"/>
				<float name="ER" value="200."/>
				<string name="Hull" value="Arethusa_UpperDeck"/>
				<string name="Name" value="Middle1_UpperDeck"/>
				<string name="TypHL" value="Hull"/>
				<string name="UnitName" value="Arethusa"/>
			</object>
			<object name="Aret5116">
				<integer name="Country" value="3"/>
				<float name="ER" value="240."/>
				<string name="Hull" value="Arethusa_LAMP"/>
				<string name="Name" value="Middle1_LAMP"/>
				<string name="TypHL" value="Hull"/>
				<string name="UnitName" value="Arethusa"/>
			</object>
			<object name="Aret5117">
				<integer name="Country" value="3"/>
				<float name="ER" value="240."/>
				<string name="Hull" value="Arethusa_RAMP"/>
				<string name="Name" value="Middle1_RAMP"/>
				<string name="TypHL" value="Hull"/>
				<string name="UnitName" value="Arethusa"/>
			</object>
			<object name="Aret5118">
				<integer name="Country" value="3"/>
				<float name="ER" value="200."/>
				<string name="Hull" value="Arethusa_Rboard"/>
				<string name="Name" value="Middle1_RBoard"/>
				<string name="TypHL" value="Hull"/>
				<string name="UnitName" value="Arethusa"/>
			</object>
			<object name="Aret5119">
				<integer name="Country" value="3"/>
				<float name="ER" value="200."/>
				<string name="Hull" value="Arethusa_Lboard"/>
				<string name="Name" value="Middle1_LBoard"/>
				<string name="TypHL" value="Hull"/>
				<string name="UnitName" value="Arethusa"/>
			</object>
			<object name="Aret5120">
				<integer name="Country" value="3"/>
				<float name="ER" value="240."/>
				<string name="Hull" value="Arethusa_RBelt"/>
				<string name="Name" value="Middle1_RBelt"/>
				<string name="TypHL" value="Hull"/>
				<string name="UnitName" value="Arethusa"/>
			</object>
			<object name="Aret5121">
				<integer name="Country" value="3"/>
				<float name="ER" value="240."/>
				<string name="Hull" value="Arethusa_LBelt"/>
				<string name="Name" value="Middle1_LBelt"/>
				<string name="TypHL" value="Hull"/>
				<string name="UnitName" value="Arethusa"/>
			</object>
			<object name="Aret5122">
				<integer name="Country" value="3"/>
				<float name="ER" value="200."/>
				<string name="Hull" value="Arethusa_Bottom2"/>
				<string name="Name" value="Middle2_LBottom"/>
				<string name="TypHL" value="FuelTank"/>
				<string name="UnitName" value="Arethusa"/>
			</object>
			<object name="Aret5123">
				<integer name="Country" value="3"/>
				<float name="ER" value="200."/>
				<string name="Hull" value="Arethusa_Bottom2"/>
				<string name="Name" value="Middle2_RBottom"/>
				<string name="TypHL" value="FuelTank"/>
				<string name="UnitName" value="Arethusa"/>
			</object>
			<object name="Aret5124">
				<integer name="Country" value="3"/>
				<float name="ER" value="240."/>
				<string name="Hull" value="Arethusa_ALowerDeck"/>
				<string name="Name" value="Middle2_LowerDeck"/>
				<string name="TypHL" value="Hull"/>
				<string name="UnitName" value="Arethusa"/>
			</object>
			<object name="Aret5125">
				<integer name="Country" value="3"/>
				<float name="ER" value="100."/>
				<string name="Hull" value="Std_Boiler"/>
				<string name="Name" value="Boiler2"/>
				<string name="TypHL" value="Boiler"/>
				<string name="UnitName" value="Arethusa"/>
			</object>
			<object name="Aret5126">
				<integer name="Country" value="3"/>
				<float name="ER" value="100."/>
				<string name="Hull" value="Std_Boiler"/>
				<string name="Name" value="Boiler1"/>
				<string name="TypHL" value="Boiler"/>
				<string name="UnitName" value="Arethusa"/>
			</object>
			<object name="Aret5127">
				<integer name="Country" value="3"/>
				<float name="ER" value="200."/>
				<string name="Hull" value="Arethusa_UpperDeck"/>
				<string name="Name" value="Middle2_UpperDeck"/>
				<string name="TypHL" value="Hull"/>
				<string name="UnitName" value="Arethusa"/>
			</object>
			<object name="Aret5128">
				<integer name="Country" value="3"/>
				<float name="ER" value="240."/>
				<string name="Hull" value="Arethusa_LAMP"/>
				<string name="Name" value="Middle2_LAMP"/>
				<string name="TypHL" value="Hull"/>
				<string name="UnitName" value="Arethusa"/>
			</object>
			<object name="Aret5129">
				<integer name="Country" value="3"/>
				<float name="ER" value="240."/>
				<string name="Hull" value="Arethusa_RAMP"/>
				<string name="Name" value="Middle2_RAMP"/>
				<string name="TypHL" value="Hull"/>
				<string name="UnitName" value="Arethusa"/>
			</object>
			<object name="Aret5130">
				<integer name="Country" value="3"/>
				<float name="ER" value="240."/>
				<string name="Hull" value="Arethusa_RBelt"/>
				<string name="Name" value="Middle2_RBelt"/>
				<string name="TypHL" value="Hull"/>
				<string name="UnitName" value="Arethusa"/>
			</object>
			<object name="Aret5131">
				<integer name="Country" value="3"/>
				<float name="ER" value="240."/>
				<string name="Hull" value="Arethusa_LBelt"/>
				<string name="Name" value="Middle2_LBelt"/>
				<string name="TypHL" value="Hull"/>
				<string name="UnitName" value="Arethusa"/>
			</object>
			<object name="Aret5132">
				<integer name="Country" value="3"/>
				<float name="ER" value="200."/>
				<string name="Hull" value="Arethusa_Bottom2"/>
				<string name="Name" value="Middle3_LBottom"/>
				<string name="TypHL" value="FuelTank"/>
				<string name="UnitName" value="Arethusa"/>
			</object>
			<object name="Aret5133">
				<integer name="Country" value="3"/>
				<float name="ER" value="200."/>
				<string name="Hull" value="Arethusa_Bottom2"/>
				<string name="Name" value="Middle3_RBottom"/>
				<string name="TypHL" value="FuelTank"/>
				<string name="UnitName" value="Arethusa"/>
			</object>
			<object name="Aret5134">
				<integer name="Country" value="3"/>
				<float name="ER" value="240."/>
				<string name="Hull" value="Arethusa_ALowerDeck"/>
				<string name="Name" value="Middle3_LowerDeck"/>
				<string name="TypHL" value="Hull"/>
				<string name="UnitName" value="Arethusa"/>
			</object>
			<object name="Aret5135">
				<integer name="Country" value="3"/>
				<float name="ER" value="100."/>
				<string name="Hull" value="Std_Boiler"/>
				<string name="Name" value="Boiler4"/>
				<string name="TypHL" value="Boiler"/>
				<string name="UnitName" value="Arethusa"/>
			</object>
			<object name="Aret5136">
				<integer name="Country" value="3"/>
				<float name="ER" value="100."/>
				<string name="Hull" value="Std_Boiler"/>
				<string name="Name" value="Boiler3"/>
				<string name="TypHL" value="Boiler"/>
				<string name="UnitName" value="Arethusa"/>
			</object>
			<object name="Aret5137">
				<integer name="Country" value="3"/>
				<float name="ER" value="200."/>
				<string name="Hull" value="Arethusa_UpperDeck"/>
				<string name="Name" value="Middle3_UpperDeck"/>
				<string name="TypHL" value="Hull"/>
				<string name="UnitName" value="Arethusa"/>
			</object>
			<object name="Aret5138">
				<integer name="Country" value="3"/>
				<float name="ER" value="240."/>
				<string name="Hull" value="Arethusa_LAMP"/>
				<string name="Name" value="Middle3_LAMP"/>
				<string name="TypHL" value="Hull"/>
				<string name="UnitName" value="Arethusa"/>
			</object>
			<object name="Aret5139">
				<integer name="Country" value="3"/>
				<float name="ER" value="240."/>
				<string name="Hull" value="Arethusa_LBelt"/>
				<string name="Name" value="Middle3_LBelt"/>
				<string name="TypHL" value="Hull"/>
				<string name="UnitName" value="Arethusa"/>
			</object>
			<object name="Aret5140">
				<integer name="Country" value="3"/>
				<float name="ER" value="240."/>
				<string name="Hull" value="Arethusa_RBelt"/>
				<string name="Name" value="Middle3_RBelt"/>
				<string name="TypHL" value="Hull"/>
				<string name="UnitName" value="Arethusa"/>
			</object>
			<object name="Aret5141">
				<integer name="Country" value="3"/>
				<float name="ER" value="240."/>
				<string name="Hull" value="Arethusa_RAMP"/>
				<string name="Name" value="Middle3_RAMP"/>
				<string name="TypHL" value="Hull"/>
				<string name="UnitName" value="Arethusa"/>
			</object>
			<object name="Aret5142">
				<integer name="Country" value="3"/>
				<float name="ER" value="200."/>
				<string name="Hull" value="Arethusa_Bottom2"/>
				<string name="Name" value="Middle4_LBottom"/>
				<string name="TypHL" value="FuelTank"/>
				<string name="UnitName" value="Arethusa"/>
			</object>
			<object name="Aret5143">
				<integer name="Country" value="3"/>
				<float name="ER" value="200."/>
				<string name="Hull" value="Arethusa_Bottom2"/>
				<string name="Name" value="Middle4_RBottom"/>
				<string name="TypHL" value="FuelTank"/>
				<string name="UnitName" value="Arethusa"/>
			</object>
			<object name="Aret5144">
				<integer name="Country" value="3"/>
				<float name="ER" value="240."/>
				<string name="Hull" value="Arethusa_ALowerDeck"/>
				<string name="Name" value="Middle4_LowerDeck2"/>
				<string name="TypHL" value="Hull"/>
				<string name="UnitName" value="Arethusa"/>
			</object>
			<object name="Aret5145">
				<string name="ConnectName" value="Boiler1;Boiler2;Boiler3;Boiler4"/>
				<integer name="Country" value="3"/>
				<float name="ER" value="150."/>
				<string name="Hull" value="Std_Engine"/>
				<string name="Name" value="Engine2"/>
				<string name="TypHL" value="Engine"/>
				<string name="UnitName" value="Arethusa"/>
			</object>
			<object name="Aret5146">
				<string name="ConnectName" value="Boiler1;Boiler2;Boiler3;Boiler4;"/>
				<integer name="Country" value="3"/>
				<float name="ER" value="150."/>
				<string name="Hull" value="Std_Engine"/>
				<string name="Name" value="Engine1"/>
				<string name="TypHL" value="Engine"/>
				<string name="UnitName" value="Arethusa"/>
			</object>
			<object name="Aret5147">
				<integer name="Country" value="3"/>
				<float name="ER" value="200."/>
				<string name="Hull" value="Arethusa_UpperDeck"/>
				<string name="Name" value="Middle4_UpperDeck"/>
				<string name="TypHL" value="Hull"/>
				<string name="UnitName" value="Arethusa"/>
			</object>
			<object name="Aret5148">
				<integer name="Country" value="3"/>
				<float name="ER" value="240."/>
				<string name="Hull" value="Arethusa_LAMP"/>
				<string name="Name" value="Middle4_LAMP"/>
				<string name="TypHL" value="Hull"/>
				<string name="UnitName" value="Arethusa"/>
			</object>
			<object name="Aret5149">
				<integer name="Country" value="3"/>
				<float name="ER" value="240."/>
				<string name="Hull" value="Arethusa_RAMP"/>
				<string name="Name" value="Middle4_RAMP"/>
				<string name="TypHL" value="Hull"/>
				<string name="UnitName" value="Arethusa"/>
			</object>
			<object name="Aret5150">
				<integer name="Country" value="3"/>
				<float name="ER" value="200."/>
				<string name="Hull" value="Arethusa_Rboard"/>
				<string name="Name" value="Middle4_RBoard"/>
				<string name="TypHL" value="Hull"/>
				<string name="UnitName" value="Arethusa"/>
			</object>
			<object name="Aret5151">
				<integer name="Country" value="3"/>
				<float name="ER" value="200."/>
				<string name="Hull" value="Arethusa_Lboard"/>
				<string name="Name" value="Middle4_LBoard"/>
				<string name="TypHL" value="Hull"/>
				<string name="UnitName" value="Arethusa"/>
			</object>
			<object name="Aret5152">
				<integer name="Country" value="3"/>
				<float name="ER" value="240."/>
				<string name="Hull" value="Arethusa_RBelt"/>
				<string name="Name" value="Middle4_RBelt"/>
				<string name="TypHL" value="Hull"/>
				<string name="UnitName" value="Arethusa"/>
			</object>
			<object name="Aret5153">
				<integer name="Country" value="3"/>
				<float name="ER" value="240."/>
				<string name="Hull" value="Arethusa_LBelt"/>
				<string name="Name" value="Middle4_LBelt"/>
				<string name="TypHL" value="Hull"/>
				<string name="UnitName" value="Arethusa"/>
			</object>
			<object name="Aret5154">
				<integer name="Country" value="3"/>
				<float name="ER" value="240."/>
				<string name="Hull" value="Arethusa_ALowerDeck"/>
				<string name="Name" value="Middle4_LowerDeck1"/>
				<string name="TypHL" value="Hull"/>
				<string name="UnitName" value="Arethusa"/>
			</object>
			<object name="Aret5155">
				<string name="ConnectName" value="Boiler1;Boiler2;Boiler3;Boiler4"/>
				<integer name="Country" value="3"/>
				<float name="ER" value="150."/>
				<string name="Hull" value="Std_Engine"/>
				<string name="Name" value="Engine4"/>
				<string name="TypHL" value="Engine"/>
				<string name="UnitName" value="Arethusa"/>
			</object>
			<object name="Aret5156">
				<string name="ConnectName" value="Boiler1;Boiler2;Boiler3;Boiler4"/>
				<integer name="Country" value="3"/>
				<float name="ER" value="150."/>
				<string name="Hull" value="Std_Engine"/>
				<string name="Name" value="Engine3"/>
				<string name="TypHL" value="Engine"/>
				<string name="UnitName" value="Arethusa"/>
			</object>
			<object name="Aret5157">
				<integer name="Country" value="3"/>
				<float name="ER" value="200."/>
				<string name="Hull" value="Arethusa_Bottom2"/>
				<string name="Name" value="Stern1_Bottom"/>
				<string name="TypHL" value="Hull"/>
				<string name="UnitName" value="Arethusa"/>
			</object>
			<object name="Aret5158">
				<integer name="Country" value="3"/>
				<float name="ER" value="240."/>
				<string name="Hull" value="Arethusa_ALowerDeck"/>
				<string name="Name" value="Stern1_LowerDeck"/>
				<string name="TypHL" value="Hull"/>
				<string name="UnitName" value="Arethusa"/>
			</object>
			<object name="Aret5159">
				<integer name="Country" value="3"/>
				<float name="ER" value="200."/>
				<string name="Hull" value="Arethusa_AmmoStore"/>
				<string name="Name" value="AmmoStore_4"/>
				<string name="TypHL" value="AmmoStore"/>
				<string name="UnitName" value="Arethusa"/>
			</object>
			<object name="Aret5160">
				<integer name="Country" value="3"/>
				<float name="ER" value="200."/>
				<string name="Hull" value="Arethusa_AmmoStore"/>
				<string name="Name" value="AmmoStore_3"/>
				<string name="TypHL" value="AmmoStore"/>
				<string name="UnitName" value="Arethusa"/>
			</object>
			<object name="Aret5161">
				<integer name="Country" value="3"/>
				<float name="ER" value="200."/>
				<string name="Hull" value="Arethusa_UpperDeck"/>
				<string name="Name" value="Stern1_UpperDeck"/>
				<string name="TypHL" value="Hull"/>
				<string name="UnitName" value="Arethusa"/>
			</object>
			<object name="Aret5162">
				<integer name="Country" value="3"/>
				<float name="ER" value="240."/>
				<string name="Hull" value="Arethusa_LAMP"/>
				<string name="Name" value="Stern1_LAMP"/>
				<string name="TypHL" value="Hull"/>
				<string name="UnitName" value="Arethusa"/>
			</object>
			<object name="Aret5163">
				<integer name="Country" value="3"/>
				<float name="ER" value="240."/>
				<string name="Hull" value="Arethusa_RAMP"/>
				<string name="Name" value="Stern1_RAMP"/>
				<string name="TypHL" value="Hull"/>
				<string name="UnitName" value="Arethusa"/>
			</object>
			<object name="Aret5164">
				<integer name="Country" value="3"/>
				<float name="ER" value="200."/>
				<string name="Hull" value="Arethusa_Rboard"/>
				<string name="Name" value="Stern1_RBoard"/>
				<string name="TypHL" value="Hull"/>
				<string name="UnitName" value="Arethusa"/>
			</object>
			<object name="Aret5165">
				<integer name="Country" value="3"/>
				<float name="ER" value="200."/>
				<string name="Hull" value="Arethusa_Lboard"/>
				<string name="Name" value="Stern1_LBoard"/>
				<string name="TypHL" value="Hull"/>
				<string name="UnitName" value="Arethusa"/>
			</object>
			<object name="Aret5166">
				<integer name="Country" value="3"/>
				<float name="ER" value="240."/>
				<string name="Hull" value="Arethusa_RBelt"/>
				<string name="Name" value="Stern1_RBelt"/>
				<string name="TypHL" value="Hull"/>
				<string name="UnitName" value="Arethusa"/>
			</object>
			<object name="Aret5167">
				<integer name="Country" value="3"/>
				<float name="ER" value="240."/>
				<string name="Hull" value="Arethusa_LBelt"/>
				<string name="Name" value="Stern1_LBelt"/>
				<string name="TypHL" value="Hull"/>
				<string name="UnitName" value="Arethusa"/>
			</object>
			<object name="Aret5168">
				<integer name="Country" value="3"/>
				<float name="ER" value="200."/>
				<string name="Hull" value="Std_CLUpperHull"/>
				<string name="Name" value="BattleCabine"/>
				<string name="TypHL" value="Hull"/>
				<string name="UnitName" value="Arethusa"/>
			</object>
			<object name="Aret5169">
				<integer name="Country" value="3"/>
				<float name="ER" value="50."/>
				<string name="Hull" value="Std_Radar"/>
				<string name="Name" value="Radar"/>
				<string name="TypHL" value="Probe"/>
				<string name="UnitName" value="Arethusa"/>
			</object>
			<object name="Aret5170">
				<integer name="Country" value="3"/>
				<float name="ER" value="50."/>
				<string name="Hull" value="Std_Probe"/>
				<string name="Name" value="Radio"/>
				<string name="TypHL" value="Probe"/>
				<string name="UnitName" value="Arethusa"/>
			</object>
			<object name="Aret5171">
				<string name="ConnectName" value="Tiller;"/>
				<integer name="Country" value="3"/>
				<float name="ER" value="100."/>
				<string name="Hull" value="Std_Rudder"/>
				<string name="Name" value="Rudder"/>
				<string name="TypHL" value="Rudder"/>
				<string name="UnitName" value="Arethusa"/>
			</object>
			<object name="Aret5172">
				<string name="ConnectName" value="Engine3"/>
				<integer name="Country" value="3"/>
				<float name="ER" value="100."/>
				<string name="Hull" value="Std_Mover"/>
				<string name="Name" value="Mover4"/>
				<string name="TypHL" value="Mover"/>
				<string name="UnitName" value="Arethusa"/>
			</object>
			<object name="Aret5173">
				<string name="ConnectName" value="Engine3"/>
				<integer name="Country" value="3"/>
				<float name="ER" value="100."/>
				<string name="Hull" value="Std_Mover"/>
				<string name="Name" value="Mover3"/>
				<string name="TypHL" value="Mover"/>
				<string name="UnitName" value="Arethusa"/>
			</object>
			<object name="Aret5174">
				<string name="ConnectName" value="Engine2"/>
				<integer name="Country" value="3"/>
				<float name="ER" value="100."/>
				<string name="Hull" value="Std_Mover"/>
				<string name="Name" value="Mover2"/>
				<string name="TypHL" value="Mover"/>
				<string name="UnitName" value="Arethusa"/>
			</object>
			<object name="Aret5175">
				<string name="ConnectName" value="Engine1"/>
				<integer name="Country" value="3"/>
				<float name="ER" value="100."/>
				<string name="Hull" value="Std_Mover"/>
				<string name="Name" value="Mover1"/>
				<string name="TypHL" value="Mover"/>
				<string name="UnitName" value="Arethusa"/>
			</object>
			<object name="Aret5176">
				<integer name="Country" value="3"/>
				<float name="ER" value="240."/>
				<string name="Hull" value="Arethusa_Barbet"/>
				<string name="Name" value="Barbet4"/>
				<string name="TypHL" value="Hull"/>
				<string name="UnitName" value="Arethusa"/>
			</object>
			<object name="Aret5177">
				<integer name="Country" value="3"/>
				<float name="ER" value="240."/>
				<string name="Hull" value="Arethusa_Barbet"/>
				<string name="Name" value="Barbet2"/>
				<string name="TypHL" value="Hull"/>
				<string name="UnitName" value="Arethusa"/>
			</object>
			<object name="Aret5178">
				<integer name="Country" value="3"/>
				<float name="ER" value="240."/>
				<string name="Hull" value="Arethusa_Barbet"/>
				<string name="Name" value="Barbet1"/>
				<string name="TypHL" value="Hull"/>
				<string name="UnitName" value="Arethusa"/>
			</object>
			<object name="Aret5179">
				<integer name="Country" value="3"/>
				<float name="ER" value="50."/>
				<string name="Hull" value="Std_Probe"/>
				<string name="Name" value="Probe_AA"/>
				<string name="TypHL" value="Probe"/>
				<string name="UnitName" value="Arethusa"/>
			</object>
			<object name="Aret5180">
				<integer name="Country" value="3"/>
				<float name="ER" value="50."/>
				<string name="Hull" value="Std_Probe"/>
				<string name="Name" value="Probe_MG"/>
				<string name="TypHL" value="Probe"/>
				<string name="UnitName" value="Arethusa"/>
			</object>
			<object name="Aret5181">
				<integer name="Country" value="3"/>
				<integer name="Crew" value="280"/>
				<float name="ER" value="150."/>
				<string name="Hull" value="Std_CLUpperHull"/>
				<string name="Name" value="Bow_LSuperstructure"/>
				<string name="TypHL" value="Crew"/>
				<string name="UnitName" value="Arethusa"/>
			</object>
			<object name="Aret5182">
				<integer name="Country" value="3"/>
				<float name="ER" value="200."/>
				<string name="Hull" value="Arethusa_Bottom1"/>
				<string name="Name" value="Bow1_Bottom"/>
				<string name="TypHL" value="Hull"/>
				<string name="UnitName" value="Arethusa"/>
			</object>
			<object name="Aret5183">
				<integer name="Country" value="3"/>
				<float name="ER" value="240."/>
				<string name="Hull" value="Arethusa_BowLowerDeck"/>
				<string name="Name" value="Bow1_LowerDeck"/>
				<string name="TypHL" value="Hull"/>
				<string name="UnitName" value="Arethusa"/>
			</object>
			<object name="Aret5184">
				<integer name="Country" value="3"/>
				<float name="ER" value="50."/>
				<string name="Hull" value="Std_Probe"/>
				<string name="Name" value="Sonar"/>
				<string name="TypHL" value="Probe"/>
				<string name="UnitName" value="Arethusa"/>
			</object>
			<object name="Aret5185">
				<integer name="Country" value="3"/>
				<float name="ER" value="200."/>
				<string name="Hull" value="Arethusa_BowUpperDeck"/>
				<string name="Name" value="Bow1_UpperDeck"/>
				<string name="TypHL" value="Hull"/>
				<string name="UnitName" value="Arethusa"/>
			</object>
			<object name="Aret5186">
				<integer name="Country" value="3"/>
				<float name="ER" value="200."/>
				<string name="Hull" value="Arethusa_Stern"/>
				<string name="Name" value="Stern2"/>
				<string name="TypHL" value="Hull"/>
				<string name="UnitName" value="Arethusa"/>
			</object>
			<object name="Aret5187">
				<integer name="Country" value="3"/>
				<float name="ER" value="150."/>
				<string name="Hull" value="Std_Hull"/>
				<string name="Name" value="Tiller"/>
				<string name="TypHL" value="Hull"/>
				<string name="UnitName" value="Arethusa"/>
			</object>
		</object>
		<object name="Hulls">  
			<object name="Arethusa_UpperDeck">
				<integer name="Back" value="51"/>
				<integer name="Bottom" value="10"/>
				<integer name="Country" value="3"/>
				<float name="ExplProb" value="0."/>
				<float name="FireProb" value="15."/>
				<integer name="Front" value="51"/>
				<integer name="Left" value="38"/>
				<string name="Material" value="Steel"/>
				<integer name="Right" value="38"/>
				<integer name="Top" value="51"/>
				<integer name="UnitName" value="0"/>
				<string name="UnitTyp" value="Ship"/>
			</object>
			<object name="Arethusa_ALowerDeck">
				<integer name="Back" value="51"/>
				<integer name="Bottom" value="10"/>
				<integer name="Country" value="3"/>
				<float name="ExplProb" value="0."/>
				<float name="FireProb" value="5."/>
				<integer name="Front" value="51"/>
				<integer name="Left" value="38"/>
				<string name="Material" value="Armored"/>
				<integer name="Right" value="38"/>
				<integer name="Top" value="51"/>
				<integer name="UnitName" value="0"/>
				<string name="UnitTyp" value="Ship"/>
			</object>	 
			<object name="Arethusa_BowLowerDeck">
				<integer name="Back" value="38"/>
				<integer name="Bottom" value="10"/>
				<integer name="Country" value="3"/>
				<float name="ExplProb" value="0."/>
				<float name="FireProb" value="5."/>
				<integer name="Front" value="51"/>
				<integer name="Left" value="51"/>
				<string name="Material" value="Armored"/>
				<integer name="Right" value="51"/>
				<integer name="Top" value="51"/>
				<integer name="UnitName" value="0"/>
				<string name="UnitTyp" value="Ship"/>
			</object>	
			<object name="Arethusa_BowUpperDeck">
				<integer name="Back" value="38"/>
				<integer name="Bottom" value="10"/>
				<integer name="Country" value="3"/>
				<float name="ExplProb" value="0."/>
				<float name="FireProb" value="5."/>
				<integer name="Front" value="51"/>
				<integer name="Left" value="51"/>
				<string name="Material" value="Steel"/>
				<integer name="Right" value="51"/>
				<integer name="Top" value="38"/>
				<integer name="UnitName" value="0"/>
				<string name="UnitTyp" value="Ship"/>
			</object>
			<object name="Arethusa_RAMP">
				<integer name="Back" value="51"/>
				<integer name="Bottom" value="10"/>
				<integer name="Country" value="3"/>
				<float name="ExplProb" value="0."/>
				<float name="FireProb" value="0."/>
				<integer name="Front" value="51"/>
				<integer name="Left" value="38"/>
				<string name="Material" value="Armored"/>
				<integer name="Right" value="83"/>
				<integer name="Top" value="51"/>
				<integer name="UnitName" value="0"/>
				<string name="UnitTyp" value="Ship"/>
			</object>
			<object name="Arethusa_LAMP">
				<integer name="Back" value="51"/>
				<integer name="Bottom" value="10"/>
				<integer name="Country" value="3"/>
				<float name="ExplProb" value="0."/>
				<float name="FireProb" value="0."/>
				<integer name="Front" value="51"/>
				<integer name="Left" value="83"/>
				<string name="Material" value="Armored"/>
				<integer name="Right" value="38"/>
				<integer name="Top" value="51"/>
				<integer name="UnitName" value="0"/>
				<string name="UnitTyp" value="Ship"/>
			</object>
			<object name="Arethusa_LBelt">
				<integer name="Back" value="51"/>
				<integer name="Bottom" value="10"/>
				<integer name="Country" value="3"/>
				<float name="ExplProb" value="0."/>
				<float name="FireProb" value="0."/>
				<integer name="Front" value="51"/>
				<integer name="Left" value="89"/>
				<string name="Material" value="Armored"/>
				<integer name="Right" value="38"/>
				<integer name="Top" value="51"/>
				<integer name="UnitName" value="0"/>
				<string name="UnitTyp" value="Ship"/>
			</object>
			<object name="Arethusa_RBelt">
				<integer name="Back" value="51"/>
				<integer name="Bottom" value="10"/>
				<integer name="Country" value="3"/>
				<float name="ExplProb" value="0."/>
				<float name="FireProb" value="0."/>
				<integer name="Front" value="51"/>
				<integer name="Left" value="38"/>
				<string name="Material" value="Armored"/>
				<integer name="Right" value="89"/>
				<integer name="Top" value="51"/>
				<integer name="UnitName" value="0"/>
				<string name="UnitTyp" value="Ship"/>
			</object> 
			<object name="Arethusa_LBoard">
				<integer name="Back" value="51"/>
				<integer name="Bottom" value="10"/>
				<integer name="Country" value="3"/>
				<float name="ExplProb" value="0."/>
				<float name="FireProb" value="0."/>
				<integer name="Front" value="51"/>
				<integer name="Left" value="51"/>
				<string name="Material" value="Steel"/>
				<integer name="Right" value="38"/>
				<integer name="Top" value="51"/>
				<integer name="UnitName" value="0"/>
				<string name="UnitTyp" value="Ship"/>
			</object>
			<object name="Arethusa_RBoard">
				<integer name="Back" value="51"/>
				<integer name="Bottom" value="10"/>
				<integer name="Country" value="3"/>
				<float name="ExplProb" value="0."/>
				<float name="FireProb" value="0."/>
				<integer name="Front" value="51"/>
				<integer name="Left" value="38"/>
				<string name="Material" value="Steel"/>
				<integer name="Right" value="51"/>
				<integer name="Top" value="51"/>
				<integer name="UnitName" value="0"/>
				<string name="UnitTyp" value="Ship"/>
			</object>
			<object name="Arethusa_Bottom1">
				<integer name="Back" value="38"/>
				<integer name="Bottom" value="20"/>
				<integer name="Country" value="3"/>
				<float name="ExplProb" value="0."/>
				<float name="FireProb" value="0."/>
				<integer name="Front" value="51"/>
				<integer name="Left" value="20"/>
				<string name="Material" value="Steel"/>
				<integer name="Right" value="20"/>
				<integer name="Top" value="51"/>
				<integer name="UnitName" value="0"/>
				<string name="UnitTyp" value="Ship"/>
			</object>  	
			<object name="Arethusa_Bottom2">
				<integer name="Back" value="51"/>
				<integer name="Bottom" value="20"/>
				<integer name="Country" value="3"/>
				<float name="ExplProb" value="0."/>
				<float name="FireProb" value="0."/>
				<integer name="Front" value="51"/>
				<integer name="Left" value="20"/>
				<string name="Material" value="Steel"/>
				<integer name="Right" value="20"/>
				<integer name="Top" value="51"/>
				<integer name="UnitName" value="0"/>
				<string name="UnitTyp" value="Ship"/>
			</object>  
			<object name="Arethusa_Bottom3">
				<integer name="Back" value="51"/>
				<integer name="Bottom" value="20"/>
				<integer name="Country" value="3"/>
				<float name="ExplProb" value="0."/>
				<float name="FireProb" value="0."/>
				<integer name="Front" value="38"/>
				<integer name="Left" value="20"/>
				<string name="Material" value="Steel"/>
				<integer name="Right" value="20"/>
				<integer name="Top" value="51"/>
				<integer name="UnitName" value="0"/>
				<string name="UnitTyp" value="Ship"/>
			</object>
			<object name="Arethusa_LBottom">
				<integer name="Back" value="51"/>
				<integer name="Bottom" value="20"/>
				<integer name="Country" value="3"/>
				<float name="ExplProb" value="0."/>
				<float name="FireProb" value="0."/>
				<integer name="Front" value="51"/>
				<integer name="Left" value="20"/>
				<string name="Material" value="Steel"/>
				<integer name="Right" value="15"/>
				<integer name="Top" value="25"/>
				<integer name="UnitName" value="0"/>
				<string name="UnitTyp" value="Ship"/>
			</object> 
			<object name="Arethusa_RBottom">
				<integer name="Back" value="51"/>
				<integer name="Bottom" value="20"/>
				<integer name="Country" value="3"/>
				<float name="ExplProb" value="0."/>
				<float name="FireProb" value="0."/>
				<integer name="Front" value="51"/>
				<integer name="Left" value="10"/>
				<string name="Material" value="Steel"/>
				<integer name="Right" value="20"/>
				<integer name="Top" value="25"/>
				<integer name="UnitName" value="0"/>
				<string name="UnitTyp" value="Ship"/>
			</object>  
			<object name="Arethusa_Stern">
				<integer name="Back" value="51"/>
				<integer name="Bottom" value="25"/>
				<integer name="Country" value="3"/>
				<float name="ExplProb" value="0."/>
				<float name="FireProb" value="0."/>
				<integer name="Front" value="38"/>
				<integer name="Left" value="51"/>
				<string name="Material" value="Steel"/>
				<integer name="Right" value="51"/>
				<integer name="Top" value="51"/>
				<integer name="UnitName" value="0"/>
				<string name="UnitTyp" value="Ship"/>
			</object> 
			<object name="Arethusa_Barbet">
				<integer name="Back" value="51"/>
				<integer name="Bottom" value="10"/>
				<integer name="Country" value="3"/>
				<float name="ExplProb" value="10."/>
				<float name="FireProb" value="15."/>
				<integer name="Front" value="51"/>
				<integer name="Left" value="51"/>
				<string name="Material" value="Armored"/>
				<integer name="Right" value="51"/>
				<integer name="Top" value="51"/>
				<integer name="UnitName" value="0"/>
				<string name="UnitTyp" value="Ship"/>
			</object> 
			<object name="Arethusa_AmmoStore">
				<integer name="Back" value="51"/>
				<integer name="Bottom" value="10"/>
				<integer name="Country" value="3"/>
				<float name="ExplProb" value="20."/>
				<float name="FireProb" value="15."/>
				<integer name="Front" value="51"/>
				<integer name="Left" value="51"/>
				<string name="Material" value="Armored"/>
				<integer name="Right" value="51"/>
				<integer name="Top" value="51"/>
				<integer name="UnitName" value="0"/>
				<string name="UnitTyp" value="Ship"/>
			</object>
		</object>
		<object name="ShipsNames">
			<object name="Arethusa">
				<string name="1" value="Arethusa1"/>
				<string name="2" value="Arethusa2"/>
				<string name="3" value="Arethusa3"/>
				<string name="4" value="Arethusa4"/>
			</object>
		</object>
		<object name="UnitsByType">
			<object name="3">
				<object name="Arethusa">
					<string name="ChildTable" value="Ships"/>
				</object>
			</object>
		</object>
	</object>
</root>
