﻿<?xml version="1.0" standalone="yes" ?>
<root>
	<object name="Modifications">
		<object name="Ships">
			<object name="Arethusa">
				<object name="Prototype">
					<string name="AAGunControl" value="Mark0_AA"/>
					<float name="AAVolleyWeight" value="2.71868014"/>
					<float name="Aluminium" value="0."/>
					<float name="AmmoWeight" value="87.6499176"/>
					<float name="Armour" value="0."/>
					<float name="FuelConsumption" value="1.35181856"/>
					<float name="FuelProtect" value="0."/>
					<string name="FullModName" value="Ships.Arethusa.Prototype"/>
					<float name="Iron" value="10862.0371"/>
					<boolean name="IsAvailable" value="true"/>
					<boolean name="IsJammer" value="false"/>
					<string name="MainGunControl" value="Mk_7_M"/>
					<float name="MaxFuel" value="1327."/>
					<float name="MaxSpeed" value="32.25"/>
					<float name="MinSpeed" value="0."/>
					<float name="Money" value="21009.5"/>
					<widestring name="Name" value="TABpAGcAaAB0ACAAYwByAHUAaQBzAGUAcgAgAEEAcgBlAHQAaAB1AHMAYQA="/>
					<float name="RadarRange" value="0."/>
					<float name="RadioGain" value="32258.0645"/>
					<float name="RadioPowerHF" value="100."/>
					<float name="RadioPowerVHF" value="0."/>
					<float name="RadioSensitivityHF" value="3.10000009e-003"/>
					<float name="RadioSensitivityVHF" value="0."/>
					<object name="Slots">
						<object name="TPort_MG01">
							<string name="Device" value="2x152_Turret_RoyalNavy_A"/>
							<string name="Table" value="Turrets"/>
						</object>
						<object name="TPort_MG02">
							<string name="Device" value="2x152_Turret_RoyalNavy_B"/>
							<string name="Table" value="Turrets"/>
						</object>
						<object name="TPort_MG03">
							<string name="Device" value="2x152_Turret_RoyalNavy_D"/>
							<string name="Table" value="Turrets"/>
						</object>
						<object name="TPort_TORPFR">
							<string name="Device" value="Fiji_Torp_Ap"/>
							<string name="Table" value="Turrets"/>
						</object>
						<object name="TPort_TORPFL">
							<string name="Device" value="Fiji_Torp_Ap"/>
							<string name="Table" value="Turrets"/>
						</object>
						<object name="TPort_102mmFR">
							<string name="Device" value="Hood_Gun_102x2_Turret"/>
							<string name="Table" value="Turrets"/>
						</object>
						<object name="TPort_102mmFL">
							<string name="Device" value="Hood_Gun_102x2_Turret"/>
							<string name="Table" value="Turrets"/>
						</object>
						<object name="TPort_102mmBR">
							<string name="Device" value="Hood_Gun_102x2_Turret"/>
							<string name="Table" value="Turrets"/>
						</object>
						<object name="TPort_102mmBL">
							<string name="Device" value="Hood_Gun_102x2_Turret"/>
							<string name="Table" value="Turrets"/>
						</object>
						<object name="TPort_AAQ20mmFR">
							<string name="Device" value="Hood_Gun_12_5x4_Turret"/>
							<string name="Table" value="Turrets"/>
						</object>
						<object name="TPort_AAQ20mmFL">
							<string name="Device" value="Hood_Gun_12_5x4_Turret"/>
							<string name="Table" value="Turrets"/>
						</object>
						<object name="TPort_AA20mmFR">
							<string name="Device" value="Turret_20x1_ENG"/>
							<string name="Table" value="Turrets"/>
						</object>
						<object name="TPort_AA20mmFL">
							<string name="Device" value="Turret_20x1_ENG"/>
							<string name="Table" value="Turrets"/>
						</object>
						<object name="TPort_AA20mmMR">
							<string name="Device" value="Turret_20x1_ENG"/>
							<string name="Table" value="Turrets"/>
						</object>
						<object name="TPort_AA20mmML">
							<string name="Device" value="Turret_20x1_ENG"/>
							<string name="Table" value="Turrets"/>
						</object>
						<object name="TPort_AA20mmBR">
							<string name="Device" value="Turret_20x1_ENG"/>
							<string name="Table" value="Turrets"/>
						</object>
						<object name="TPort_AA20mmBL">
							<string name="Device" value="Turret_20x1_ENG"/>
							<string name="Table" value="Turrets"/>
						</object>
						<object name="TPort_ProjFR">
							<string name="Device" value="Britain_Projector"/>
							<string name="Table" value="Turrets"/>
						</object> 
						<object name="TPort_ProjFL">
							<string name="Device" value="Britain_Projector"/>
							<string name="Table" value="Turrets"/>
						</object>
						<object name="TPort_ProjMR">
							<string name="Device" value="Britain_Projector"/>
							<string name="Table" value="Turrets"/>
						</object>
						<object name="TPort_ProjML">
							<string name="Device" value="Britain_Projector"/>
							<string name="Table" value="Turrets"/>
						</object>
						<object name="TPort_ProjBR">
							<string name="Device" value="Britain_Projector"/>
							<string name="Table" value="Turrets"/>
						</object>
						<object name="TPort_ProjBL">
							<string name="Device" value="Britain_Projector"/>
							<string name="Table" value="Turrets"/>
						</object>


						<object name="TPort_RF01F">
							<string name="Device" value="Hood_RF_9feet_2V"/>
							<string name="Table" value="Turrets"/>
						</object>
						<object name="TPort_RF02B">
							<string name="Device" value="Dido_Director1"/>
							<string name="Table" value="Turrets"/>
						</object>

						<object name="TPort_RADAR1">
							<string name="Device" value="KingGeorgV_RF_275"/>
							<string name="Table" value="Turrets"/>
						</object>


						<object name="TPort_VINTR">
							<string name="Device" value="Vint_Fletcher"/>
							<string name="Table" value="Turrets"/>
						</object>
						<object name="TPort_VINTL">
							<string name="Device" value="Vint_Fletcher"/>
							<string name="Table" value="Turrets"/>
						</object>
						<object name="TPort_KATAPULT">
							<string name="Device" value="Dorsetshire_Katapulta"/>
							<string name="Table" value="Turrets"/>
						</object>
						<object name="ZPort_AAGunContr1">
							<string name="Device" value="Mark0_AA"/>
							<string name="Table" value="AimSystems"/>
						</object>
						<object name="ZPort_Jammer_US_A1">
							<string name="Device" value=""/>
							<string name="Table" value="Probes"/>
						</object>
						<object name="ZPort_MainGunContr">
							<string name="Device" value="Mk_7_M"/>
							<string name="Table" value="AimSystems"/>
						</object>
						<object name="ZPort_Radio">
							<string name="Device" value="TBL7"/>
							<string name="Table" value="Probes"/>
						</object>
						<object name="ZPort_Sonar">
							<string name="Device" value="SearchLight_E"/>
							<string name="Table" value="Probes"/>
						</object>
						<object name="ZPort_SteamTurbine_01">
							<string name="Device" value="MPP_Arethusa"/>
							<string name="Table" value="Engins"/>
						</object>
					</object>
					<string name="Sonar" value="SearchLight_E"/>
					<float name="Speed" value="12."/>
					<string name="SuperRifles" value="Traibal_Torp_Tube.6."/>
					<float name="VolleyWeight" value="3.81071997"/>
					<float name="Weight" value="7436.33203"/>
			</object>
		</object>
	</object>
</root>