﻿<?xml version="1.0" standalone="yes" ?>
<root>
	<object name="SteelMonstersParams">
		<object name="Hit_Location">
			<object name="FuruA7912">
				<integer name="Country" value="2"/>
				<float name="ER" value="50."/>
				<string name="Hull" value="Std_Turret_RF"/>
				<string name="Name" value="Rangefinder"/>
				<string name="TypHL" value="Probe"/>
				<string name="UnitName" value="Main_Turret_203x2_Furutaka_A"/>
			</object>
			<object name="FuruA7913">
				<integer name="Country" value="2"/>
				<float name="ER" value="50."/>
				<string name="Hull" value="Std_Turret_RF"/>
				<string name="Name" value="Shakegeban"/>
				<string name="TypHL" value="Probe"/>
				<string name="UnitName" value="Main_Turret_203x2_Furutaka_A"/>
			</object>
			<object name="FuruA7914">
				<integer name="Country" value="2"/>
				<float name="ER" value="100."/>
				<string name="Hull" value="Takao_Turret"/>
				<string name="Name" value="Turret"/>
				<string name="TypHL" value="AmmoStore"/>
				<string name="UnitName" value="Main_Turret_203x2_Furutaka_A"/>
			</object>
			<object name="FuruB7912">
				<integer name="Country" value="2"/>
				<float name="ER" value="50."/>
				<string name="Hull" value="Std_Turret_RF"/>
				<string name="Name" value="Rangefinder"/>
				<string name="TypHL" value="Probe"/>
				<string name="UnitName" value="Main_Turret_203x2_Furutaka_B"/>
			</object>
			<object name="FuruB7913">
				<integer name="Country" value="2"/>
				<float name="ER" value="50."/>
				<string name="Hull" value="Std_Turret_RF"/>
				<string name="Name" value="Shakegeban"/>
				<string name="TypHL" value="Probe"/>
				<string name="UnitName" value="Main_Turret_203x2_Furutaka_B"/>
			</object>
			<object name="FuruB7914">
				<integer name="Country" value="2"/>
				<float name="ER" value="100."/>
				<string name="Hull" value="Takao_Turret"/>
				<string name="Name" value="Turret"/>
				<string name="TypHL" value="AmmoStore"/>
				<string name="UnitName" value="Main_Turret_203x2_Furutaka_B"/>
			</object>
			<object name="FuruX7912">
				<integer name="Country" value="2"/>
				<float name="ER" value="50."/>
				<string name="Hull" value="Std_Turret_RF"/>
				<string name="Name" value="Rangefinder"/>
				<string name="TypHL" value="Probe"/>
				<string name="UnitName" value="Main_Turret_203x2_Furutaka_C"/>
			</object>
			<object name="FuruX7913">
				<integer name="Country" value="2"/>
				<float name="ER" value="50."/>
				<string name="Hull" value="Std_Turret_RF"/>
				<string name="Name" value="Shakegeban"/>
				<string name="TypHL" value="Probe"/>
				<string name="UnitName" value="Main_Turret_203x2_Furutaka_C"/>
			</object>
			<object name="FuruX7914">
				<integer name="Country" value="2"/>
				<float name="ER" value="100."/>
				<string name="Hull" value="Takao_Turret"/>
				<string name="Name" value="Turret"/>
				<string name="TypHL" value="AmmoStore"/>
				<string name="UnitName" value="Main_Turret_203x2_Furutaka_C"/>
			</object>
		</object>
		<object name="Rifles">
			<object name="Main_Gun_203x2_Furutaka_Stvol">
				<float name="AARange" value="0."/>
				<string name="Ammo" value="Proj_203_J"/>
				<integer name="AmmoStorage" value="120"/>
				<float name="AmmoWeight" value="125.85"/>
				<string name="ArmPiercing" value="Proj_203_J_AP"/>
				<float name="Caliber" value="203."/>
				<string name="Common" value="Proj_203_J_Com"/>
				<integer name="Country" value="2"/>
				<float name="Dispersion" value="8."/>
				<integer name="FinalSpeed" value="396"/>
				<string name="FireSound" value="Guns\203mm"/>
				<boolean name="IgnoreXMLFile" value="false"/>
				<float name="Money" value="9.2"/>
				<boolean name="New" value="false"/>
				<float name="ROF" value="4."/>
				<float name="Range" value="29.4"/>
				<boolean name="SLLauncher" value="false"/>
				<string name="SMU_File" value="Main_Gun_203x2_Furutaka_Stvol"/>
				<integer name="StartSpeed" value="840"/>
				<integer name="Unreliability" value="0"/>
				<string name="Usage" value="Ships"/>
				<float name="Weight" value="18.7"/>
			</object>
		</object>
		<object name="Turrets">
			<object name="Main_Turret_203x2_Furutaka_A">
				<integer name="Amount" value="2"/>
				<integer name="ArmorFront" value="152"/>
				<integer name="ArmorSide" value="76"/>
				<integer name="ArmorTop" value="25"/>
				<string name="Building" value="Artillery"/>
				<string name="Content" value="Rifles.Main_Gun_203x2_Furutaka_Stvol"/>
				<integer name="Country" value="2"/>
				<float name="DTimeProd" value="10."/>
				<integer name="Elevation" value="55"/>
				<integer name="ElevationRate" value="6"/>
				<string name="Icon" value="Artillery"/>
				<boolean name="IgnoreXMLFile" value="false"/>
				<float name="Iron" value="160."/>
				<float name="Money" value="40."/>
				<float name="NTimeProd" value="60."/>
				<boolean name="New" value="true"/>
				<boolean name="Production" value="false"/>
				<integer name="QualityRate" value="5"/>
				<integer name="RotationRate" value="4"/>
				<string name="SMU_File" value="Main_Gun_203x2_Furutaka"/>
				<string name="Type" value="Gun"/>
				<float name="Vitality" value="550."/>
				<float name="Weight" value="163."/>
			</object>
			<object name="Main_Turret_203x2_Furutaka_B">
				<integer name="Amount" value="2"/>
				<integer name="ArmorFront" value="152"/>
				<integer name="ArmorSide" value="76"/>
				<integer name="ArmorTop" value="25"/>
				<string name="Building" value="Artillery"/>
				<string name="Content" value="Rifles.Main_Gun_203x2_Furutaka_Stvol"/>
				<integer name="Country" value="2"/>
				<float name="DTimeProd" value="10."/>
				<integer name="Elevation" value="55"/>
				<integer name="ElevationRate" value="6"/>
				<string name="Icon" value="Artillery"/>
				<boolean name="IgnoreXMLFile" value="false"/>
				<float name="Iron" value="160."/>
				<float name="Money" value="40."/>
				<float name="NTimeProd" value="60."/>
				<boolean name="New" value="true"/>
				<boolean name="Production" value="false"/>
				<integer name="QualityRate" value="5"/>
				<integer name="RotationRate" value="4"/>
				<string name="SMU_File" value="Main_Gun_203x2_Furutaka"/>
				<string name="Type" value="Gun"/>
				<float name="Vitality" value="550."/>
				<float name="Weight" value="163."/>
			</object>
			<object name="Main_Turret_203x2_Furutaka_X">
				<integer name="Amount" value="2"/>
				<integer name="ArmorFront" value="152"/>
				<integer name="ArmorSide" value="76"/>
				<integer name="ArmorTop" value="25"/>
				<string name="Building" value="Artillery"/>
				<string name="Content" value="Rifles.Main_Gun_203x2_Furutaka_Stvol"/>
				<integer name="Country" value="2"/>
				<float name="DTimeProd" value="10."/>
				<integer name="Elevation" value="55"/>
				<integer name="ElevationRate" value="6"/>
				<string name="Icon" value="Artillery"/>
				<boolean name="IgnoreXMLFile" value="false"/>
				<float name="Iron" value="160."/>
				<float name="Money" value="40."/>
				<float name="NTimeProd" value="60."/>
				<boolean name="New" value="true"/>
				<boolean name="Production" value="false"/>
				<integer name="QualityRate" value="5"/>
				<integer name="RotationRate" value="4"/>
				<string name="SMU_File" value="Main_Gun_203x2_Furutaka"/>
				<string name="Type" value="Gun"/>
				<float name="Vitality" value="550."/>
				<float name="Weight" value="163."/>
			</object>
		</object>
	</object>
</root>
