xml version="1.0" standalone="yes" ?>
<root>
	<object name="Modifications">
		<object name="SubUnits">
			<object name="Main_Turret_203x2_Furutaka_A">
				<object name="TPort_01">
					<string name="Device" value="Main_Gun_203x2_Furutaka_Stvol"/>
					<string name="Table" value="Guns"/>
				</object>
				<object name="TPort_02">
					<string name="Device" value="Main_Gun_203x2_Furutaka_Stvol"/>
					<string name="Table" value="Guns"/>
				</object>
			</object>
			<object name="Main_Turret_203x2_Furutaka_B">
				<object name="TPort_01">
					<string name="Device" value="Main_Gun_203x2_Furutaka_Stvol"/>
					<string name="Table" value="Rifles"/>
				</object>
				<object name="TPort_02">
					<string name="Device" value="Main_Gun_203x2_Furutaka_Stvol"/>
					<string name="Table" value="Rifles"/>
				</object>
			</object>
			<object name="Main_Turret_203x2_Furutaka_X">
				<object name="TPort_01">
					<string name="Device" value="Main_Gun_203x2_Furutaka_Stvol"/>
					<string name="Table" value="Rifles"/>
				</object>
				<object name="TPort_02">
					<string name="Device" value="Main_Gun_203x2_Furutaka_Stvol"/>
					<string name="Table" value="Rifles"/>
				</object>
			</object>
		</object>
	</object>
</root>
