﻿<?xml version="1.0" standalone="yes" ?>
<root>
	<object name="Modifications">
		<object name="Ships">
			<object name="Kinugasa">
				<object name="Prototype">
					<string name="AAGunControl" value="Typ94_AA"/>
					<float name="AAVolleyWeight" value="3.44840097"/>
					<float name="Aluminium" value="0."/>
					<float name="AmmoWeight" value="141.902618"/>
					<float name="Armour" value="0."/>
					<float name="FuelConsumption" value="1.19279289"/>
					<float name="FuelProtect" value="0."/>
					<string name="FullModName" value="Ships.Kinugasa.Prototype"/>
					<float name="Iron" value="12099.6641"/>
					<boolean name="IsAvailable" value="false"/>
					<boolean name="IsJammer" value="false"/>
					<string name="MainGunControl" value="Typ94R_M"/>
					<float name="MaxFuel" value="1800."/>
					<float name="MaxSpeed" value="34.5"/>
					<float name="MinSpeed" value="0."/>
					<float name="Money" value="9382.5"/>
					<widestring name="Name" value="SABlAGEAdgB5ACAAYwByAHUAaQBzAGUAcgAgAEsAaQBuAHUAZwBhAHMAYQA="/>
					<float name="RadarRange" value="100."/>
					<float name="RadioGain" value="32000."/>
					<float name="RadioPowerHF" value="160."/>
					<float name="RadioPowerVHF" value="0."/>
					<float name="RadioSensitivityHF" value="4.99999989e-003"/>
					<float name="RadioSensitivityVHF" value="0."/>
					<object name="Slots">
						<object name="TPort_K1">
							<string name="Device" value="K_Gun"/>
							<string name="Table" value="Rifles"/>
						</object>
						<object name="TPort_K2">
							<string name="Device" value="K_Gun"/>
							<string name="Table" value="Rifles"/>
						</object>
						<object name="TPort_Anton">
							<string name="Device" value="Green_Myoko_Gun_203mm_Turret_3Var"/>
							<string name="Table" value="Turrets"/>
						</object>
						<object name="TPort_Bruno">
							<string name="Device" value="Green_Myoko_Gun_203mm_Turret_2Var"/>
							<string name="Table" value="Turrets"/>
						</object> 
						<object name="TPort_X">
							<string name="Device" value="Green_Myoko_Gun_203mm_Turret_2Var"/>
							<string name="Table" value="Turrets"/>
						</object>
						<object name="TPort_TORPR">
							<string name="Device" value="610mm_Jap_Torp_App_4x_Turret"/>
							<string name="Table" value="Turrets"/>
						</object>
						<object name="TPort_TORPL">
							<string name="Device" value="610mm_Jap_Torp_App_4x_Turret"/>
							<string name="Table" value="Turrets"/>
						</object>

						<object name="TPort_120mmFR">
							<string name="Device" value="Shimushu_120mm_Turret"/>
							<string name="Table" value="Turrets"/>
						</object>
						<object name="TPort_120mmFL">
							<string name="Device" value="Shimushu_120mm_Turret"/>
							<string name="Table" value="Turrets"/>
						</object>
						<object name="TPort_120mmBR">
							<string name="Device" value="Shimushu_120mm_Turret"/>
							<string name="Table" value="Turrets"/>
						</object>
						<object name="TPort_120mmBL">
							<string name="Device" value="Shimushu_120mm_Turret"/>
							<string name="Table" value="Turrets"/>
						</object>
						<object name="TPort_AA3x25mmMM">
							<string name="Device" value="Jap_Turret_25x3"/>
							<string name="Table" value="Turrets"/>
						</object>
						<object name="TPort_AA3x25mmF1R">
							<string name="Device" value="Jap_Turret_25x3"/>
							<string name="Table" value="Turrets"/>
						</object>

						<object name="TPort_AA3x25mmF1L">
							<string name="Device" value="Jap_Turret_25x3"/>
							<string name="Table" value="Turrets"/>
						</object>
						<object name="TPort_AA3x25mmF2R">
							<string name="Device" value="Jap_Turret_25x3"/>
							<string name="Table" value="Turrets"/>
						</object>

						<object name="TPort_AA3x25mmF2L">
							<string name="Device" value="Jap_Turret_25x3"/>
							<string name="Table" value="Turrets"/>
						</object>
						<object name="TPort_AA2x25mmFR">
							<string name="Device" value="Jap_Turret_25x2"/>
							<string name="Table" value="Turrets"/>
						</object> 
						<object name="TPort_AA2x25mmFL">
							<string name="Device" value="Jap_Turret_25x2"/>
							<string name="Table" value="Turrets"/>
						</object>
						<object name="TPort_AA2x25mmMR">
							<string name="Device" value="Jap_Turret_25x2"/>
							<string name="Table" value="Turrets"/>
						</object> 
						<object name="TPort_AA2x25mmML">
							<string name="Device" value="Jap_Turret_25x2"/>
							<string name="Table" value="Turrets"/>
						</object>
						<object name="TPort_AA2x25mmB1R">
							<string name="Device" value="Jap_Turret_25x2"/>
							<string name="Table" value="Turrets"/>
						</object> 
						<object name="TPort_AA2x25mmB1L">
							<string name="Device" value="Jap_Turret_25x2"/>
							<string name="Table" value="Turrets"/>
						</object>
						<object name="TPort_AA2x25mmB2R">
							<string name="Device" value="Jap_Turret_25x2"/>
							<string name="Table" value="Turrets"/>
						</object> 
						<object name="TPort_AA2x25mmB2L">
							<string name="Device" value="Jap_Turret_25x2"/>
							<string name="Table" value="Turrets"/>
						</object>
						<object name="TPort_AA2x25mmB3R">
							<string name="Device" value="Jap_Turret_25x2"/>
							<string name="Table" value="Turrets"/>
						</object> 
						<object name="TPort_AA2x25mmB3L">
							<string name="Device" value="Jap_Turret_25x2"/>
							<string name="Table" value="Turrets"/>
						</object>
 						<object name="TPort_AA1x25mmF1R">
							<string name="Device" value="Jap_Turret_25x1"/>
							<string name="Table" value="Turrets"/>
						</object>
						<object name="TPort_AA1x25mmF1L">
							<string name="Device" value="Jap_Turret_25x1"/>
							<string name="Table" value="Turrets"/>
						</object>
						<object name="TPort_AA1x25mmF2R">
							<string name="Device" value="Jap_Turret_25x1"/>
							<string name="Table" value="Turrets"/>
						</object>
						<object name="TPort_AA1x25mmF2L">
							<string name="Device" value="Jap_Turret_25x1"/>
							<string name="Table" value="Turrets"/>
						</object>
						<object name="TPort_AA1x25mmFMM">
							<string name="Device" value="Jap_Turret_25x1"/>
							<string name="Table" value="Turrets"/>
						</object>
						<object name="TPort_AA1x25mmF3R">
							<string name="Device" value="Jap_Turret_25x1"/>
							<string name="Table" value="Turrets"/>
						</object>
						<object name="TPort_AA1x25mmF3L">
							<string name="Device" value="Jap_Turret_25x1"/>
							<string name="Table" value="Turrets"/>
						</object>
						<object name="TPort_AA1x25mmF4R">
							<string name="Device" value="Jap_Turret_25x1"/>
							<string name="Table" value="Turrets"/>
						</object>
						<object name="TPort_AA1x25mmF4L">
							<string name="Device" value="Jap_Turret_25x1"/>
							<string name="Table" value="Turrets"/>
						</object>
						<object name="TPort_AA1x25mmF5R">
							<string name="Device" value="Jap_Turret_25x1"/>
							<string name="Table" value="Turrets"/>
						</object>
						<object name="TPort_AA1x25mmF5L">
							<string name="Device" value="Jap_Turret_25x1"/>
							<string name="Table" value="Turrets"/>
						</object>
						<object name="TPort_AA1x25mmF6R">
							<string name="Device" value="Jap_Turret_25x1"/>
							<string name="Table" value="Turrets"/>
						</object>
						<object name="TPort_AA1x25mmF6L">
							<string name="Device" value="Jap_Turret_25x1"/>
							<string name="Table" value="Turrets"/>
						</object>
						<object name="TPort_AA1x25mmF7R">
							<string name="Device" value="Jap_Turret_25x1"/>
							<string name="Table" value="Turrets"/>
						</object>
						<object name="TPort_AA1x25mmF7L">
							<string name="Device" value="Jap_Turret_25x1"/>
							<string name="Table" value="Turrets"/>
						</object>
						<object name="TPort_ProjFR">
							<string name="Device" value="Jap_Projector"/>
							<string name="Table" value="Turrets"/>
						</object>
						<object name="TPort_ProjFL">
							<string name="Device" value="Jap_Projector"/>
							<string name="Table" value="Turrets"/>
						</object> 
						<object name="TPort_ProjBR">
							<string name="Device" value="Jap_Projector"/>
							<string name="Table" value="Turrets"/>
						</object>
						<object name="TPort_ProjBL">
							<string name="Device" value="Jap_Projector"/>
							<string name="Table" value="Turrets"/>
						</object>
						<object name="TPort_RF_Typ95_02_F1R">
							<string name="Device" value="Green_Director_Typ95_Yamato_02"/>
							<string name="Table" value="Turrets"/>
						</object> 
						<object name="TPort_RF_Typ95_02_F1L">
							<string name="Device" value="Green_Director_Typ95_Yamato_02"/>
							<string name="Table" value="Turrets"/>
						</object>
						<object name="TPort_RF_Typ95_02_F1M">
							<string name="Device" value="Green_Director_Typ95_Yamato_02"/>
							<string name="Table" value="Turrets"/>
						</object>
						<object name="TPort_RF_Typ95_02_F2R">
							<string name="Device" value="Green_Director_Typ95_Yamato_02"/>
							<string name="Table" value="Turrets"/>
						</object> 
						<object name="TPort_RF_Typ95_02_F2L">
							<string name="Device" value="Green_Director_Typ95_Yamato_02"/>
							<string name="Table" value="Turrets"/>
						</object>
						<object name="TPort_RF_Typ95_02_F3R">
							<string name="Device" value="Green_Director_Typ95_Yamato_02"/>
							<string name="Table" value="Turrets"/>
						</object> 
						<object name="TPort_RF_Typ95_02_F3L">
							<string name="Device" value="Green_Director_Typ95_Yamato_02"/>
							<string name="Table" value="Turrets"/>
						</object>
						<object name="TPort_RF_Jap_Mk52_FR">
							<string name="Device" value="Jap_RangeFinder_Mk52"/>
							<string name="Table" value="Turrets"/>
						</object>
						<object name="TPort_RF_Jap_Mk52_FL">
							<string name="Device" value="Jap_RangeFinder_Mk52"/>
							<string name="Table" value="Turrets"/>
						</object>
						<object name="TPort_RF_Jap_Mk52_BR">
							<string name="Device" value="Jap_RangeFinder_Mk52"/>
							<string name="Table" value="Turrets"/>
						</object>
						<object name="TPort_RF_Jap_Mk52_BL">
							<string name="Device" value="Jap_RangeFinder_Mk52"/>
							<string name="Table" value="Turrets"/>
						</object>
						<object name="TPort_RF_Myoko_OP_1var_FR">
							<string name="Device" value="Green_Myoko_Optical_RF_1Var"/>
							<string name="Table" value="Turrets"/>
						</object>
						<object name="TPort_RF_Myoko_OP_1var_FL">
							<string name="Device" value="Green_Myoko_Optical_RF_1Var"/>
							<string name="Table" value="Turrets"/>
						</object>
						<object name="TPort_RF_Myoko_Dir_2var_FR">
							<string name="Device" value="Green_Myoko_Director_2Var"/>
							<string name="Table" value="Turrets"/>
						</object>
						<object name="TPort_RF_Myoko_Dir_2var_FL">
							<string name="Device" value="Green_Myoko_Director_2Var"/>
							<string name="Table" value="Turrets"/>
						</object>
						<object name="TPort_RF_Myoko_Optical_2var_B">
							<string name="Device" value="Green_Myoko_Optical_RF_2Var"/>
							<string name="Table" value="Turrets"/>
						</object>
						<object name="TPort_RF_Myoko_Dir_3var_FR">
							<string name="Device" value="Green_Myoko_Director_3Var"/>
							<string name="Table" value="Turrets"/>
						</object>
						<object name="TPort_RF_Myoko_Dir_3var_FL">
							<string name="Device" value="Green_Myoko_Director_3Var"/>
							<string name="Table" value="Turrets"/>
						</object>
						<object name="TPort_Main_Gun_Director1">
							<string name="Device" value="Green_Myoko_Optical_MG"/>
							<string name="Table" value="Turrets"/>
						</object>
						<object name="TPort_Main_Gun_Director2">
							<string name="Device" value="Green_Director_Typ95_Yamato_03"/>
							<string name="Table" value="Turrets"/>
						</object>
						<object name="TPort_Main_Gun_Director3">
							<string name="Device" value="Green_Myoko_Director_1Var"/>
							<string name="Table" value="Turrets"/>
						</object>
						<object name="TPort_RADAR1">
							<string name="Device" value="Green_Radar_Typ21"/>
							<string name="Table" value="Turrets"/>
						</object>
						<object name="TPort_RADAR2">
							<string name="Device" value="Radar_Typ13"/>
							<string name="Table" value="Turrets"/>
						</object>
						<object name="TPort_RADAR3">
							<string name="Device" value="Green_Radar_Typ_22"/>
							<string name="Table" value="Turrets"/>
						</object>
						<object name="TPort_RADAR4">
							<string name="Device" value="Green_Radar_Typ_22"/>
							<string name="Table" value="Turrets"/>
						</object>
						<object name="TPort_KATAPULT">
							<string name="Device" value="Green_Katapult"/>
							<string name="Table" value="Turrets"/>
						</object>
						
						<object name="TPort_VINTR">
							<string name="Device" value="Vint_Fletcher"/>
							<string name="Table" value="Turrets"/>
						</object>
						<object name="TPort_VINTL">
							<string name="Device" value="Vint_Fletcher"/>
							<string name="Table" value="Turrets"/>
						</object>	  
						<object name="ZPort_AAGunContr1">
							<string name="Device" value="Typ94_AA"/>
							<string name="Table" value="AimSystems"/>
						</object>
						<object name="ZPort_Jammer_US_A1">
							<string name="Device" value=""/>
							<string name="Table" value="Probes"/>
						</object>
						<object name="ZPort_MainGunContr">
							<string name="Device" value="Typ94R_M"/>
							<string name="Table" value="AimSystems"/>
						</object>
						<object name="ZPort_Radio">
							<string name="Device" value="J_ShipRadioHF"/>
							<string name="Table" value="Probes"/>
						</object>
						<object name="ZPort_Sonar">
							<string name="Device" value="Broadband_J"/>
							<string name="Table" value="Probes"/>
						</object>
						<object name="ZPort_SteamTurbine_01">
							<string name="Device" value="MPP_Furutaka"/>
							<string name="Table" value="Engins"/>
						</object>
					</object>
					<string name="Sonar" value="Broadband_J"/>
					<float name="Speed" value="14."/>
					<string name="SuperRifles" value="Jap_Torp_App_4x.8."/>
					<float name="VolleyWeight" value="3.58880043"/>
					<float name="Weight" value="9480.46484"/>
				</object>
			</object>
		</object>
	</object>
</root>