﻿<?xml version="1.0" standalone="yes" ?>
<root>
	<object name="SteelMonstersParams">
		<object name="Ships">
			<object name="PrinzEugen">
				<float name="AccelRate" value="3.e-004"/>
				<string name="Airgroup" value="Scout_ShipWater_Battleship_Battalion_germany"/>
				<integer name="AirplanesCount" value="4"/>
				<string name="AmmoLoadingTemplate" value="Ammo 300"/>
				<boolean name="BoatsTransportationAbility" value="false"/>
				<integer name="CabinArmor" value="165"/>
				<boolean name="CanBeChanged" value="true"/>
				<boolean name="CanUseTorpedos" value="true"/>
				<string name="CatapultAirgroupDefaultUnit" value="Ar196"/>
				<integer name="Country" value="5"/>
				<integer name="Crew" value="1600"/>
				<float name="CriticalCareen" value="37."/>
				<float name="CriticalDFT" value="2.2"/>
				<float name="CriticalDifferent" value="2.5"/>
				<float name="DisplacementMax" value="19000."/>
				<float name="DTimeProd" value="100."/>
				<float name="EPR" value="400."/>
				<float name="FireRisk" value="1467."/>
				<float name="Fuel" value="3250."/>
				<float name="HLShapeCoef" value="0.6"/>
				<integer name="HullArmorSide" value="152"/>
				<integer name="HullArmorTop" value="130"/>
				<float name="Iron" value="19000."/>
				<integer name="Length" value="201.7"/>
				<float name="MaxSpeed" value="32.5"/>
				<integer name="MinCrew" value="800"/>
				<float name="Money" value="22000."/>
				<string name="Name" value="PrinzEugen"/>
				<boolean name="New" value="false"/>
				<float name="NTimeProd" value="250."/>
				<integer name="Nuc_Dest_Prob" value="250"/>
				<integer name="Passengers" value="50"/>
				<boolean name="PlanesTransportationAbility" value="false"/>
				<float name="Range" value="9353."/>
				<integer name="Rank" value="2"/>
				<string name="SMU" value="PrinzEugen"/>
				<float name="Speed" value="15."/>
				<float name="StoreCapacity" value="700."/>
				<boolean name="Transportable" value="false"/>
				<float name="TurnRate" value="1.5e-003"/>
				<integer name="Type" value="2"/>
				<float name="Vitality" value="7000."/>
				<float name="VitalityAA" value="1000."/>
				<float name="Weight" value="14500."/>
				<integer name="Width" value="21.9"/>
				<integer name="Year" value="39"/>
			</object>
		</object>
		<object name="ShipsNames">
			<object name="PrinzEugen">
				<string name="1" value="Prinz Eugen"/>
			</object>
		</object>
		<object name="UnitsByType">
			<object name="2">
				<object name="PrinzEugen">
					<string name="ChildTable" value="Ships"/>
				</object>
			</object>
		</object>
	</object>
</root>
