﻿<?xml version = "1.0" encoding = "UTF-8"?>
<root>
	<object name = "SteelMonstersParams">
		<object name="Ships">
			<object name="Roma">
				<float name="AccelRate" value="1.e-004"/>
				<string name="Airgroup" value="Scout_ShipWater_Battleship_Battalion_germany"/>
				<integer name="AirplanesCount" value="3"/>
				<string name="AmmoLoadingTemplate" value="Ammo 626"/>
				<boolean name="BoatsTransportationAbility" value="false"/>
				<integer name="CabinArmor" value="533"/>
				<boolean name="CanBeChanged" value="true"/>
				<boolean name="CanUseTorpedos" value="false"/>
				<string name="CatapultAirgroupDefaultUnit" value="Ar196"/>
				<integer name="Country" value="5"/>
				<integer name="Crew" value="1910"/>
				<float name="CriticalCareen" value="37."/>
				<float name="CriticalDFT" value="4.5"/>
				<float name="CriticalDifferent" value="5."/>
				<float name="DTimeProd" value="160."/>
				<float name="DisplacementMax" value="46215."/>
				<float name="EPR" value="630."/>
				<float name="FireRisk" value="1667."/>
				<float name="Fuel" value="6200."/>
				<float name="HLShapeCoef" value="0.6"/>
				<integer name="HullArmorSide" value="310"/>
				<integer name="HullArmorTop" value="265"/>
				<float name="Iron" value="58300."/>
				<integer name="Length" value="240.7"/>
				<float name="MaxSpeed" value="31.5"/>
				<integer name="MinCrew" value="960"/>
				<float name="Money" value="42000."/>
				<float name="NTimeProd" value="400."/>
				<string name="Name" value="Roma"/>
				<boolean name="New" value="true"/>
				<integer name="Nuc_Dest_Prob" value="300"/>
				<integer name="Passengers" value="70"/>
				<boolean name="PlanesTransportationAbility" value="false"/>
				<float name="Range" value="7260."/>
				<integer name="Rank" value="2"/>
				<string name="SMU" value="Roma"/>
				<float name="Speed" value="20."/>
				<float name="StoreCapacity" value="3800."/>
				<boolean name="Transportable" value="false"/>
				<float name="TurnRate" value="1.4e-003"/>
				<integer name="Type" value="1"/>
				<float name="Vitality" value="8400."/>
				<float name="VitalityAA" value="3500."/>
				<float name="Weight" value="43835."/>
				<integer name="Width" value="32.9"/>
				<integer name="Year" value="39"/>
			</object>
		</object>
		<object name="Hit_Location">
			<object name="Roma1260">
				<integer name="Country" value="5"/>
				<float name="ER" value="500."/>
				<string name="Hull" value="Roma_EUUpperDeck"/>
				<string name="Name" value="Stern3_LowerDeck"/>
				<string name="TypHL" value="Hull"/>
				<string name="UnitName" value="Roma"/>
			</object>
			<object name="Roma1261">
				<integer name="Country" value="5"/>
				<float name="ER" value="500."/>
				<string name="Hull" value="Roma_Tiller"/>
				<string name="Name" value="Tiller"/>
				<string name="TypHL" value="Hull"/>
				<string name="UnitName" value="Roma"/>
			</object>
			<object name="Roma1262">
				<integer name="Country" value="5"/>
				<float name="ER" value="600."/>
				<string name="Hull" value="Roma_ArmourDeckEU"/>
				<string name="Name" value="Stern3_UpperDeck"/>
				<string name="TypHL" value="Hull"/>
				<string name="UnitName" value="Roma"/>
			</object>
			<object name="Roma1263">
				<integer name="Country" value="5"/>
				<float name="ER" value="700."/>
				<string name="Hull" value="Roma_Barbet"/>
				<string name="Name" value="Barbet1"/>
				<string name="TypHL" value="Hull"/>
				<string name="UnitName" value="Roma"/>
			</object>
			<object name="Roma1264">
				<integer name="Country" value="5"/>
				<float name="ER" value="700."/>
				<string name="Hull" value="Roma_Barbet"/>
				<string name="Name" value="Barbet2"/>
				<string name="TypHL" value="Hull"/>
				<string name="UnitName" value="Roma"/>
			</object>
			<object name="Roma1265">
				<integer name="Country" value="5"/>
				<float name="ER" value="700."/>
				<string name="Hull" value="Roma_Barbet"/>
				<string name="Name" value="Barbet3"/>
				<string name="TypHL" value="Hull"/>
				<string name="UnitName" value="Roma"/>
			</object>
			<object name="Roma1266">
				<integer name="Country" value="5"/>
				<float name="ER" value="550."/>
				<string name="Hull" value="Roma_BattleCabine"/>
				<string name="Name" value="BattleCabin"/>
				<string name="TypHL" value="Probe"/>
				<string name="UnitName" value="Roma"/>
			</object>
			<object name="Roma1267">
				<integer name="Country" value="5"/>
				<float name="ER" value="500."/>
				<string name="Hull" value="Std_Probe"/>
				<string name="Name" value="Probe_AA_Bow"/>
				<string name="TypHL" value="Probe"/>
				<string name="UnitName" value="Roma"/>
			</object>
			<object name="Roma1268">
				<integer name="Country" value="5"/>
				<float name="ER" value="500."/>
				<string name="Hull" value="Std_Probe"/>
				<string name="Name" value="Probe_AA_Stern"/>
				<string name="TypHL" value="Probe"/>
				<string name="UnitName" value="Roma"/>
			</object>
			<object name="Roma1269">
				<string name="ConnectName" value="Middle4_Engine"/>
				<integer name="Country" value="5"/>
				<float name="ER" value="500."/>
				<string name="Hull" value="Std_Mover"/>
				<string name="Name" value="Mover3"/>
				<string name="TypHL" value="Mover"/>
				<string name="UnitName" value="Roma"/>
			</object>
			<object name="Roma1270">
				<string name="ConnectName" value="Middle5_Engine"/>
				<integer name="Country" value="5"/>
				<float name="ER" value="500."/>
				<string name="Hull" value="Std_Mover"/>
				<string name="Name" value="Mover4"/>
				<string name="TypHL" value="Mover"/>
				<string name="UnitName" value="Roma"/>
			</object>
			<object name="Roma1271">
				<string name="ConnectName" value="Middle3_Engine"/>
				<integer name="Country" value="5"/>
				<float name="ER" value="500."/>
				<string name="Hull" value="Std_Mover"/>
				<string name="Name" value="Mover2"/>
				<string name="TypHL" value="Mover"/>
				<string name="UnitName" value="Roma"/>
			</object>
			<object name="Roma1272">
				<string name="ConnectName" value="Middle2_Engine"/>
				<integer name="Country" value="5"/>
				<float name="ER" value="500."/>
				<string name="Hull" value="Std_Mover"/>
				<string name="Name" value="Mover1"/>
				<string name="TypHL" value="Mover"/>
				<string name="UnitName" value="Roma"/>
			</object>
			<object name="Roma1273">
				<string name="ConnectName" value="Tiller;"/>
				<integer name="Country" value="5"/>
				<float name="ER" value="500."/>
				<string name="Hull" value="Std_Rudder"/>
				<string name="Name" value="Rudder"/>
				<string name="TypHL" value="Rudder"/>
				<string name="UnitName" value="Roma"/>
			</object>
			<object name="Roma1275">
				<integer name="Country" value="5"/>
				<float name="ER" value="500."/>
				<string name="Hull" value="Roma_LAMP"/>
				<string name="Name" value="Bow3_LAMP"/>
				<string name="TypHL" value="Hull"/>
				<string name="UnitName" value="Roma"/>
			</object>
			<object name="Roma1276">
				<integer name="Country" value="5"/>
				<float name="ER" value="700."/>
				<string name="Hull" value="Roma_LASBelt_Lower"/>
				<string name="Name" value="Bow3_LLowerBelt"/>
				<string name="TypHL" value="Hull"/>
				<string name="UnitName" value="Roma"/>
			</object>
			<object name="Roma1277">
				<integer name="Country" value="5"/>
				<float name="ER" value="700."/>
				<string name="Hull" value="Roma_LASBelt_Upper"/>
				<string name="Name" value="Bow3_LUpperBelt"/>
				<string name="TypHL" value="Hull"/>
				<string name="UnitName" value="Roma"/>
			</object>
			<object name="Roma1278">
				<integer name="Country" value="5"/>
				<float name="ER" value="500."/>
				<string name="Hull" value="Roma_RAMP"/>
				<string name="Name" value="Bow3_RAMP"/>
				<string name="TypHL" value="Hull"/>
				<string name="UnitName" value="Roma"/>
			</object>
			<object name="Roma1279">
				<integer name="Country" value="5"/>
				<float name="ER" value="700."/>
				<string name="Hull" value="Roma_RASBelt_Lower"/>
				<string name="Name" value="Bow3_RLowerBelt"/>
				<string name="TypHL" value="Hull"/>
				<string name="UnitName" value="Roma"/>
			</object>
			<object name="Roma1280">
				<integer name="Country" value="5"/>
				<float name="ER" value="700."/>
				<string name="Hull" value="Roma_RASBelt_Upper"/>
				<string name="Name" value="Bow3_RUpperBelt"/>
				<string name="TypHL" value="Hull"/>
				<string name="UnitName" value="Roma"/>
			</object>
			<object name="Roma1281">
				<integer name="Country" value="5"/>
				<float name="ER" value="500."/>
				<string name="Hull" value="Roma_Bottom"/>
				<string name="Name" value="Bow3_RBottom"/>
				<string name="TypHL" value="Hull"/>
				<string name="UnitName" value="Roma"/>
			</object>
			<object name="Roma1282">
				<integer name="Country" value="5"/>
				<float name="ER" value="500."/>
				<string name="Hull" value="Roma_Bottom"/>
				<string name="Name" value="Bow3_LBottom"/>
				<string name="TypHL" value="Hull"/>
				<string name="UnitName" value="Roma"/>
			</object>
			<object name="Roma1283">
				<integer name="Country" value="5"/>
				<float name="ER" value="600."/>
				<string name="Hull" value="Roma_ArmourDeckEU"/>
				<string name="Name" value="Bow3_UpperDeck"/>
				<string name="TypHL" value="Hull"/>
				<string name="UnitName" value="Roma"/>
			</object>
			<object name="Roma1284">
				<integer name="Country" value="5"/>
				<float name="ER" value="600."/>
				<string name="Hull" value="Roma_ArmourDeckAS"/>
				<string name="Name" value="Bow3_MiddleDeck"/>
				<string name="TypHL" value="Hull"/>
				<string name="UnitName" value="Roma"/>
			</object>
			<object name="Roma1285">
				<integer name="Country" value="5"/>
				<float name="ER" value="500."/>
				<string name="Hull" value="Roma_EUUpperDeck"/>
				<string name="Name" value="Bow3_LowerDeck1"/>
				<string name="TypHL" value="Hull"/>
				<string name="UnitName" value="Roma"/>
			</object>
			<object name="Roma1286">
				<integer name="Country" value="5"/>
				<float name="ER" value="500."/>
				<string name="Hull" value="Roma_AS_T2"/>
				<string name="Name" value="AmmoStore_2_2"/>
				<float name="Param_1" value="0."/>
				<string name="TypHL" value="AmmoStore"/>
				<string name="UnitName" value="Roma"/>
			</object>
			<object name="Roma1287">
				<integer name="Country" value="5"/>
				<float name="ER" value="500."/>
				<string name="Hull" value="Roma_AS_T1"/>
				<string name="Name" value="AmmoStore_2_1"/>
				<float name="Param_1" value="0."/>
				<string name="TypHL" value="AmmoStore"/>
				<string name="UnitName" value="Roma"/>
			</object>
			<object name="Roma1288">
				<integer name="Country" value="5"/>
				<float name="ER" value="500."/>
				<string name="Hull" value="Roma_AS_T2"/>
				<string name="Name" value="AmmoStore_1_2"/>
				<float name="Param_1" value="0."/>
				<string name="TypHL" value="AmmoStore"/>
				<string name="UnitName" value="Roma"/>
			</object>
			<object name="Roma1289">
				<integer name="Country" value="5"/>
				<float name="ER" value="500."/>
				<string name="Hull" value="Roma_AS_T1"/>
				<string name="Name" value="AmmoStore_1_1"/>
				<float name="Param_1" value="0."/>
				<string name="TypHL" value="AmmoStore"/>
				<string name="UnitName" value="Roma"/>
			</object>
			<object name="Roma1291">
				<integer name="Country" value="5"/>
				<float name="ER" value="600."/>
				<string name="Hull" value="Roma_ArmourDeckEU"/>
				<string name="Name" value="Stern2_UpperDeck"/>
				<string name="TypHL" value="Hull"/>
				<string name="UnitName" value="Roma"/>
			</object>
			<object name="Roma1292">
				<integer name="Country" value="5"/>
				<float name="ER" value="500."/>
				<string name="Hull" value="Roma_Bottom"/>
				<string name="Name" value="Stern1_RBottom"/>
				<string name="TypHL" value="Hull"/>
				<string name="UnitName" value="Roma"/>
			</object>
			<object name="Roma1293">
				<integer name="Country" value="5"/>
				<float name="ER" value="500."/>
				<string name="Hull" value="Roma_Bottom"/>
				<string name="Name" value="Stern1_LBottom"/>
				<string name="TypHL" value="Hull"/>
				<string name="UnitName" value="Roma"/>
			</object>
			<object name="Roma1294">
				<integer name="Country" value="5"/>
				<float name="ER" value="500."/>
				<string name="Hull" value="Roma_RAMP"/>
				<string name="Name" value="Stern1_RAMP"/>
				<string name="TypHL" value="Hull"/>
				<string name="UnitName" value="Roma"/>
			</object>
			<object name="Roma1295">
				<integer name="Country" value="5"/>
				<float name="ER" value="500."/>
				<string name="Hull" value="Roma_LAMP"/>
				<string name="Name" value="Stern1_LAMP"/>
				<string name="TypHL" value="Hull"/>
				<string name="UnitName" value="Roma"/>
			</object>
			<object name="Roma1296">
				<integer name="Country" value="5"/>
				<float name="ER" value="700."/>
				<string name="Hull" value="Roma_LASBelt_Upper"/>
				<string name="Name" value="Stern1_LUpperBelt"/>
				<string name="TypHL" value="Hull"/>
				<string name="UnitName" value="Roma"/>
			</object>
			<object name="Roma1297">
				<integer name="Country" value="5"/>
				<float name="ER" value="600."/>
				<string name="Hull" value="Roma_EUUpperDeck"/>
				<string name="Name" value="Stern1_LowerDeck"/>
				<string name="TypHL" value="Hull"/>
				<string name="UnitName" value="Roma"/>
			</object>
			<object name="Roma1298">
				<integer name="Country" value="5"/>
				<float name="ER" value="500."/>
				<string name="Hull" value="Roma_AS_T1"/>
				<string name="Name" value="AmmoStore_3_1"/>
				<float name="Param_1" value="0."/>
				<string name="TypHL" value="AmmoStore"/>
				<string name="UnitName" value="Roma"/>
			</object>
			<object name="Roma1299">
				<integer name="Country" value="5"/>
				<float name="ER" value="500."/>
				<string name="Hull" value="Roma_AS_T2"/>
				<string name="Name" value="AmmoStore_3_2"/>
				<float name="Param_1" value="0."/>
				<string name="TypHL" value="AmmoStore"/>
				<string name="UnitName" value="Roma"/>
			</object>
			<object name="Roma1300">
				<integer name="Country" value="5"/>
				<float name="ER" value="700."/>
				<string name="Hull" value="Roma_RASBelt_Lower"/>
				<string name="Name" value="Stern1_RLowerBelt"/>
				<string name="TypHL" value="Hull"/>
				<string name="UnitName" value="Roma"/>
			</object>
			<object name="Roma1301">
				<integer name="Country" value="5"/>
				<float name="ER" value="700."/>
				<string name="Hull" value="Roma_RASBelt_Upper"/>
				<string name="Name" value="Stern1_RUpperBelt"/>
				<string name="TypHL" value="Hull"/>
				<string name="UnitName" value="Roma"/>
			</object>
			<object name="Roma1302">
				<integer name="Country" value="5"/>
				<float name="ER" value="600."/>
				<string name="Hull" value="Roma_ArmourDeckEU"/>
				<string name="Name" value="Stern1_UpperDeck"/>
				<string name="TypHL" value="Hull"/>
				<string name="UnitName" value="Roma"/>
			</object>
			<object name="Roma1303">
				<integer name="Country" value="5"/>
				<float name="ER" value="600."/>
				<string name="Hull" value="Roma_ArmourDeckAS"/>
				<string name="Name" value="Stern1_MiddleDeck"/>
				<string name="TypHL" value="Hull"/>
				<string name="UnitName" value="Roma"/>
			</object>
			<object name="Roma1304">
				<integer name="Country" value="5"/>
				<float name="ER" value="500."/>
				<string name="Hull" value="Std_Probe"/>
				<string name="Name" value="Probe_MG_Stern"/>
				<string name="TypHL" value="Probe"/>
				<string name="UnitName" value="Roma"/>
			</object>
			<object name="Roma1306">
				<integer name="Country" value="5"/>
				<float name="ER" value="500."/>
				<string name="Hull" value="Roma_EUUpperDeck"/>
				<string name="Name" value="Middle5_LLowerDeck"/>
				<string name="TypHL" value="Hull"/>
				<string name="UnitName" value="Roma"/>
			</object>
			<object name="Roma1307">
				<integer name="Country" value="5"/>
				<float name="ER" value="700."/>
				<string name="Hull" value="Roma_ArmourDeckEU"/>
				<string name="Name" value="Middle5_REngineDeck"/>
				<string name="TypHL" value="Hull"/>
				<string name="UnitName" value="Roma"/>
			</object>
			<object name="Roma1308">
				<string name="ConnectName" value="Middle2_Boiler;Middle3_Boiler;Middle4_Boiler;Middle5_Boiler"/>
				<integer name="Country" value="5"/>
				<float name="ER" value="500."/>
				<string name="Hull" value="Std_Engine"/>
				<string name="Name" value="Middle5_Engine"/>
				<string name="TypHL" value="Engine"/>
				<string name="UnitName" value="Roma"/>
			</object>
			<object name="Roma1309">
				<integer name="Country" value="5"/>
				<float name="ER" value="500."/>
				<string name="Hull" value="Roma_EUUpperDeck"/>
				<string name="Name" value="Middle5_RLowerDeck"/>
				<string name="TypHL" value="Hull"/>
				<string name="UnitName" value="Roma"/>
			</object>
			<object name="Roma1310">
				<integer name="Country" value="5"/>
				<float name="ER" value="600."/>
				<string name="Hull" value="Roma_ArmourDeckEU"/>
				<string name="Name" value="Middle5_RMiddleDeck"/>
				<string name="TypHL" value="Hull"/>
				<string name="UnitName" value="Roma"/>
			</object>
			<object name="Roma1311">
				<integer name="Country" value="5"/>
				<float name="ER" value="500."/>
				<string name="Hull" value="Roma_EUUpperDeck"/>
				<string name="Name" value="Middle5_UpperDeck"/>
				<string name="TypHL" value="Hull"/>
				<string name="UnitName" value="Roma"/>
			</object>
			<object name="Roma1312">
				<integer name="Country" value="5"/>
				<float name="ER" value="600."/>
				<string name="Hull" value="Roma_ArmourDeckEU"/>
				<string name="Name" value="Middle5_LEngineDeck"/>
				<string name="TypHL" value="Hull"/>
				<string name="UnitName" value="Roma"/>
			</object>
			<object name="Roma1313">
				<integer name="Country" value="5"/>
				<float name="ER" value="500."/>
				<string name="Hull" value="Std_Boiler"/>
				<string name="Name" value="Middle5_Boiler"/>
				<string name="TypHL" value="Boiler"/>
				<string name="UnitName" value="Roma"/>
			</object>
			<object name="Roma1314">
				<integer name="Country" value="5"/>
				<float name="ER" value="600."/>
				<string name="Hull" value="Roma_ArmourDeckEU"/>
				<string name="Name" value="Middle5_Middle2Deck"/>
				<string name="TypHL" value="Hull"/>
				<string name="UnitName" value="Roma"/>
			</object>
			<object name="Roma1315">
				<integer name="Country" value="5"/>
				<float name="ER" value="600."/>
				<string name="Hull" value="Roma_ArmourDeckEU"/>
				<string name="Name" value="Middle5_LMiddleDeck"/>
				<string name="TypHL" value="Hull"/>
				<string name="UnitName" value="Roma"/>
			</object>
			<object name="Roma1316">
				<integer name="Country" value="5"/>
				<float name="ER" value="500."/>
				<string name="Hull" value="Roma_Bottom"/>
				<string name="Name" value="Middle5_RBottom"/>
				<string name="TypHL" value="FuelTank"/>
				<string name="UnitName" value="Roma"/>
			</object>
			<object name="Roma1317">
				<integer name="Country" value="5"/>
				<float name="ER" value="500."/>
				<string name="Hull" value="Roma_LAMP"/>
				<string name="Name" value="Middle5_LAMP"/>
				<string name="TypHL" value="Hull"/>
				<string name="UnitName" value="Roma"/>
			</object>
			<object name="Roma1318">
				<integer name="Country" value="5"/>
				<float name="ER" value="500."/>
				<string name="Hull" value="Roma_Bottom"/>
				<string name="Name" value="Middle5_LBottom"/>
				<string name="TypHL" value="FuelTank"/>
				<string name="UnitName" value="Roma"/>
			</object>
			<object name="Roma1319">
				<integer name="Country" value="5"/>
				<float name="ER" value="500."/>
				<string name="Hull" value="Roma_RAMP"/>
				<string name="Name" value="Middle5_RAMP"/>
				<string name="TypHL" value="Hull"/>
				<string name="UnitName" value="Roma"/>
			</object>
			<object name="Roma1320">
				<integer name="Country" value="5"/>
				<float name="ER" value="700."/>
				<string name="Hull" value="Roma_LEUBelt_Lower"/>
				<string name="Name" value="Middle5_LLowerBelt"/>
				<string name="TypHL" value="Hull"/>
				<string name="UnitName" value="Roma"/>
			</object>
			<object name="Roma1321">
				<integer name="Country" value="5"/>
				<float name="ER" value="700."/>
				<string name="Hull" value="Roma_REUBelt_Lower"/>
				<string name="Name" value="Middle5_RLowerBelt"/>
				<string name="TypHL" value="Hull"/>
				<string name="UnitName" value="Roma"/>
			</object>
			<object name="Roma1322">
				<integer name="Country" value="5"/>
				<float name="ER" value="700."/>
				<string name="Hull" value="Roma_REUBelt_Upper"/>
				<string name="Name" value="Middle5_RUpperBelt"/>
				<string name="TypHL" value="Hull"/>
				<string name="UnitName" value="Roma"/>
			</object>
			<object name="Roma1323">
				<integer name="Country" value="5"/>
				<float name="ER" value="700."/>
				<string name="Hull" value="Roma_LEUBelt_Upper"/>
				<string name="Name" value="Middle5_LUpperBelt"/>
				<string name="TypHL" value="Hull"/>
				<string name="UnitName" value="Roma"/>
			</object>
			<object name="Roma1325">
				<integer name="Country" value="5"/>
				<float name="ER" value="500."/>
				<string name="Hull" value="Roma_EUUpperDeck"/>
				<string name="Name" value="Middle4_LLowerDeck"/>
				<string name="TypHL" value="Hull"/>
				<string name="UnitName" value="Roma"/>
			</object>
			<object name="Roma1326">
				<integer name="Country" value="5"/>
				<float name="ER" value="600."/>
				<string name="Hull" value="Roma_ArmourDeckEU"/>
				<string name="Name" value="Middle4_LEngineDeck"/>
				<string name="TypHL" value="Hull"/>
				<string name="UnitName" value="Roma"/>
			</object>
			<object name="Roma1327">
				<string name="ConnectName" value="Middle2_Boiler;Middle3_Boiler;Middle4_Boiler;Middle5_Boiler"/>
				<integer name="Country" value="5"/>
				<float name="ER" value="500."/>
				<string name="Hull" value="Std_Engine"/>
				<string name="Name" value="Middle4_Engine"/>
				<string name="TypHL" value="Engine"/>
				<string name="UnitName" value="Roma"/>
			</object>
			<object name="Roma1328">
				<integer name="Country" value="5"/>
				<float name="ER" value="600."/>
				<string name="Hull" value="Roma_ArmourDeckEU"/>
				<string name="Name" value="Middle4_REngineDeck"/>
				<string name="TypHL" value="Hull"/>
				<string name="UnitName" value="Roma"/>
			</object>
			<object name="Roma1329">
				<integer name="Country" value="5"/>
				<float name="ER" value="500."/>
				<string name="Hull" value="Std_Boiler"/>
				<string name="Name" value="Middle4_Boiler"/>
				<string name="TypHL" value="Boiler"/>
				<string name="UnitName" value="Roma"/>
			</object>
			<object name="Roma1330">
				<integer name="Country" value="5"/>
				<float name="ER" value="500."/>
				<string name="Hull" value="Roma_EUUpperDeck"/>
				<string name="Name" value="Middle4_RLowerDeck"/>
				<string name="TypHL" value="Hull"/>
				<string name="UnitName" value="Roma"/>
			</object>
			<object name="Roma1331">
				<integer name="Country" value="5"/>
				<float name="ER" value="600."/>
				<string name="Hull" value="Roma_ArmourDeckEU"/>
				<string name="Name" value="Middle4_Middle2Deck"/>
				<string name="TypHL" value="Hull"/>
				<string name="UnitName" value="Roma"/>
			</object>
			<object name="Roma1332">
				<integer name="Country" value="5"/>
				<float name="ER" value="500."/>
				<string name="Hull" value="Roma_EUUpperDeck"/>
				<string name="Name" value="Middle4_UpperDeck"/>
				<string name="TypHL" value="Hull"/>
				<string name="UnitName" value="Roma"/>
			</object>
			<object name="Roma1333">
				<integer name="Country" value="5"/>
				<float name="ER" value="600."/>
				<string name="Hull" value="Roma_ArmourDeckEU"/>
				<string name="Name" value="Middle4_LMiddleDeck"/>
				<string name="TypHL" value="Hull"/>
				<string name="UnitName" value="Roma"/>
			</object>
			<object name="Roma1334">
				<integer name="Country" value="5"/>
				<float name="ER" value="600."/>
				<string name="Hull" value="Roma_ArmourDeckEU"/>
				<string name="Name" value="Middle4_RMiddleDeck"/>
				<string name="TypHL" value="Hull"/>
				<string name="UnitName" value="Roma"/>
			</object>
			<object name="Roma1335">
				<integer name="Country" value="5"/>
				<float name="ER" value="500."/>
				<string name="Hull" value="Roma_Bottom"/>
				<string name="Name" value="Middle4_RBottom"/>
				<string name="TypHL" value="FuelTank"/>
				<string name="UnitName" value="Roma"/>
			</object>
			<object name="Roma1336">
				<integer name="Country" value="5"/>
				<float name="ER" value="500."/>
				<string name="Hull" value="Roma_Bottom"/>
				<string name="Name" value="Middle4_LBottom"/>
				<string name="TypHL" value="FuelTank"/>
				<string name="UnitName" value="Roma"/>
			</object>
			<object name="Roma1337">
				<integer name="Country" value="5"/>
				<float name="ER" value="500."/>
				<string name="Hull" value="Roma_RAMP"/>
				<string name="Name" value="Middle4_RAMP"/>
				<string name="TypHL" value="Hull"/>
				<string name="UnitName" value="Roma"/>
			</object>
			<object name="Roma1338">
				<integer name="Country" value="5"/>
				<float name="ER" value="500."/>
				<string name="Hull" value="Roma_LAMP"/>
				<string name="Name" value="Middle4_LAMP"/>
				<string name="TypHL" value="Hull"/>
				<string name="UnitName" value="Roma"/>
			</object>
			<object name="Roma1339">
				<integer name="Country" value="5"/>
				<float name="ER" value="700."/>
				<string name="Hull" value="Roma_LEUBelt_Lower"/>
				<string name="Name" value="Middle4_LLowerBelt"/>
				<string name="TypHL" value="Hull"/>
				<string name="UnitName" value="Roma"/>
			</object>
			<object name="Roma1340">
				<integer name="Country" value="5"/>
				<float name="ER" value="700."/>
				<string name="Hull" value="Roma_REUBelt_Upper"/>
				<string name="Name" value="Middle4_RUpperBelt"/>
				<string name="TypHL" value="Hull"/>
				<string name="UnitName" value="Roma"/>
			</object>
			<object name="Roma1341">
				<integer name="Country" value="5"/>
				<float name="ER" value="700."/>
				<string name="Hull" value="Roma_REUBelt_Lower"/>
				<string name="Name" value="Middle4_RLowerBelt"/>
				<string name="TypHL" value="Hull"/>
				<string name="UnitName" value="Roma"/>
			</object>
			<object name="Roma1342">
				<integer name="Country" value="5"/>
				<float name="ER" value="700."/>
				<string name="Hull" value="Roma_LEUBelt_Upper"/>
				<string name="Name" value="Middle4_LUpperBelt"/>
				<string name="TypHL" value="Hull"/>
				<string name="UnitName" value="Roma"/>
			</object>
			<object name="Roma1344">
				<integer name="Country" value="5"/>
				<float name="ER" value="600."/>
				<string name="Hull" value="Roma_ArmourDeckEU"/>
				<string name="Name" value="Middle3_LEngineDeck"/>
				<string name="TypHL" value="Hull"/>
				<string name="UnitName" value="Roma"/>
			</object>
			<object name="Roma1345">
				<integer name="Country" value="5"/>
				<float name="ER" value="500."/>
				<string name="Hull" value="Std_Boiler"/>
				<string name="Name" value="Middle3_Boiler"/>
				<string name="TypHL" value="Boiler"/>
				<string name="UnitName" value="Roma"/>
			</object>
			<object name="Roma1346">
				<integer name="Country" value="5"/>
				<float name="ER" value="600."/>
				<string name="Hull" value="Roma_ArmourDeckEU"/>
				<string name="Name" value="Middle3_REngineDeck"/>
				<string name="TypHL" value="Hull"/>
				<string name="UnitName" value="Roma"/>
			</object>
			<object name="Roma1347">
				<string name="ConnectName" value="Middle2_Boiler;Middle3_Boiler;Middle4_Boiler;Middle5_Boiler;"/>
				<integer name="Country" value="5"/>
				<float name="ER" value="500."/>
				<string name="Hull" value="Std_Engine"/>
				<string name="Name" value="Middle3_Engine"/>
				<string name="TypHL" value="Engine"/>
				<string name="UnitName" value="Roma"/>
			</object>
			<object name="Roma1348">
				<integer name="Country" value="5"/>
				<float name="ER" value="500."/>
				<string name="Hull" value="Roma_EUUpperDeck"/>
				<string name="Name" value="Middle3_LLowerDeck"/>
				<string name="TypHL" value="Hull"/>
				<string name="UnitName" value="Roma"/>
			</object>
			<object name="Roma1349">
				<integer name="Country" value="5"/>
				<float name="ER" value="500."/>
				<string name="Hull" value="Roma_EUUpperDeck"/>
				<string name="Name" value="Middle3_RLowerDeck"/>
				<string name="TypHL" value="Hull"/>
				<string name="UnitName" value="Roma"/>
			</object>
			<object name="Roma1350">
				<integer name="Country" value="5"/>
				<float name="ER" value="600."/>
				<string name="Hull" value="Roma_ArmourDeckEU"/>
				<string name="Name" value="Middle3_RMiddleDeck"/>
				<string name="TypHL" value="Hull"/>
				<string name="UnitName" value="Roma"/>
			</object>
			<object name="Roma1351">
				<integer name="Country" value="5"/>
				<float name="ER" value="600."/>
				<string name="Hull" value="Roma_ArmourDeckEU"/>
				<string name="Name" value="Middle3_LMiddleDeck"/>
				<string name="TypHL" value="Hull"/>
				<string name="UnitName" value="Roma"/>
			</object>
			<object name="Roma1352">
				<integer name="Country" value="5"/>
				<float name="ER" value="600."/>
				<string name="Hull" value="Roma_ArmourDeckEU"/>
				<string name="Name" value="Middle3_Middle2Deck"/>
				<string name="TypHL" value="Hull"/>
				<string name="UnitName" value="Roma"/>
			</object>
			<object name="Roma1353">
				<integer name="Country" value="5"/>
				<float name="ER" value="500."/>
				<string name="Hull" value="Roma_EUUpperDeck"/>
				<string name="Name" value="Middle3_UpperDeck"/>
				<string name="TypHL" value="Hull"/>
				<string name="UnitName" value="Roma"/>
			</object>
			<object name="Roma1354">
				<integer name="Country" value="5"/>
				<float name="ER" value="500."/>
				<string name="Hull" value="Roma_Bottom"/>
				<string name="Name" value="Middle3_LBottom"/>
				<string name="TypHL" value="FuelTank"/>
				<string name="UnitName" value="Roma"/>
			</object>
			<object name="Roma1355">
				<integer name="Country" value="5"/>
				<float name="ER" value="500."/>
				<string name="Hull" value="Roma_Bottom"/>
				<string name="Name" value="Middle3_RBottom"/>
				<string name="TypHL" value="FuelTank"/>
				<string name="UnitName" value="Roma"/>
			</object>
			<object name="Roma1356">
				<integer name="Country" value="5"/>
				<float name="ER" value="500."/>
				<string name="Hull" value="Roma_RAMP"/>
				<string name="Name" value="Middle3_RAMP"/>
				<string name="TypHL" value="Hull"/>
				<string name="UnitName" value="Roma"/>
			</object>
			<object name="Roma1357">
				<integer name="Country" value="5"/>
				<float name="ER" value="700."/>
				<string name="Hull" value="Roma_LEUBelt_Upper"/>
				<string name="Name" value="Middle3_LUpperBelt"/>
				<string name="TypHL" value="Hull"/>
				<string name="UnitName" value="Roma"/>
			</object>
			<object name="Roma1358">
				<integer name="Country" value="5"/>
				<float name="ER" value="500."/>
				<string name="Hull" value="Roma_RAMP"/>
				<string name="Name" value="Middle3_LAMP"/>
				<string name="TypHL" value="Hull"/>
				<string name="UnitName" value="Roma"/>
			</object>
			<object name="Roma1359">
				<integer name="Country" value="5"/>
				<float name="ER" value="700."/>
				<string name="Hull" value="Roma_LEUBelt_Lower"/>
				<string name="Name" value="Middle3_LLowerBelt"/>
				<string name="TypHL" value="Hull"/>
				<string name="UnitName" value="Roma"/>
			</object>
			<object name="Roma1360">
				<integer name="Country" value="5"/>
				<float name="ER" value="700."/>
				<string name="Hull" value="Roma_REUBelt_Lower"/>
				<string name="Name" value="Middle3_RLowerBelt"/>
				<string name="TypHL" value="Hull"/>
				<string name="UnitName" value="Roma"/>
			</object>
			<object name="Roma1361">
				<integer name="Country" value="5"/>
				<float name="ER" value="700."/>
				<string name="Hull" value="Roma_REUBelt_Upper"/>
				<string name="Name" value="Middle3_RUpperBelt"/>
				<string name="TypHL" value="Hull"/>
				<string name="UnitName" value="Roma"/>
			</object>
			<object name="Roma1363">
				<integer name="Country" value="5"/>
				<float name="ER" value="600."/>
				<string name="Hull" value="Roma_ArmourDeckEU"/>
				<string name="Name" value="Middle2_LMiddleDeck"/>
				<string name="TypHL" value="Hull"/>
				<string name="UnitName" value="Roma"/>
			</object>
			<object name="Roma1364">
				<integer name="Country" value="5"/>
				<float name="ER" value="600."/>
				<string name="Hull" value="Roma_ArmourDeckEU"/>
				<string name="Name" value="Middle2_Middle2Deck"/>
				<string name="TypHL" value="Hull"/>
				<string name="UnitName" value="Roma"/>
			</object>
			<object name="Roma1365">
				<integer name="Country" value="5"/>
				<float name="ER" value="500."/>
				<string name="Hull" value="Roma_EUUpperDeck"/>
				<string name="Name" value="Middle2_UpperDeck"/>
				<string name="TypHL" value="Hull"/>
				<string name="UnitName" value="Roma"/>
			</object>
			<object name="Roma1366">
				<integer name="Country" value="5"/>
				<float name="ER" value="600."/>
				<string name="Hull" value="Roma_ArmourDeckEU"/>
				<string name="Name" value="Middle2_RMiddleDeck"/>
				<string name="TypHL" value="Hull"/>
				<string name="UnitName" value="Roma"/>
			</object>
			<object name="Roma1367">
				<integer name="Country" value="5"/>
				<float name="ER" value="500."/>
				<string name="Hull" value="Roma_EUUpperDeck"/>
				<string name="Name" value="Middle2_LLowerDeck"/>
				<string name="TypHL" value="Hull"/>
				<string name="UnitName" value="Roma"/>
			</object>
			<object name="Roma1368">
				<integer name="Country" value="5"/>
				<float name="ER" value="600."/>
				<string name="Hull" value="Roma_ArmourDeckEU"/>
				<string name="Name" value="Middle2_REngineDeck"/>
				<string name="TypHL" value="Hull"/>
				<string name="UnitName" value="Roma"/>
			</object>
			<object name="Roma1369">
				<integer name="Country" value="5"/>
				<float name="ER" value="500."/>
				<string name="Hull" value="Std_Boiler"/>
				<string name="Name" value="Middle2_Boiler"/>
				<string name="TypHL" value="Boiler"/>
				<string name="UnitName" value="Roma"/>
			</object>
			<object name="Roma1370">
				<integer name="Country" value="5"/>
				<float name="ER" value="600."/>
				<string name="Hull" value="Roma_ArmourDeckEU"/>
				<string name="Name" value="Middle2_LEngineDeck"/>
				<string name="TypHL" value="Hull"/>
				<string name="UnitName" value="Roma"/>
			</object>
			<object name="Roma1371">
				<string name="ConnectName" value="Middle2_Boiler;Middle3_Boiler;Middle4_Boiler;Middle5_Boiler"/>
				<integer name="Country" value="5"/>
				<float name="ER" value="500."/>
				<string name="Hull" value="Std_Engine"/>
				<string name="Name" value="Middle2_Engine"/>
				<string name="TypHL" value="Engine"/>
				<string name="UnitName" value="Roma"/>
			</object>
			<object name="Roma1372">
				<integer name="Country" value="5"/>
				<float name="ER" value="500."/>
				<string name="Hull" value="Roma_EUUpperDeck"/>
				<string name="Name" value="Middle2_RLowerDeck"/>
				<string name="TypHL" value="Hull"/>
				<string name="UnitName" value="Roma"/>
			</object>
			<object name="Roma1373">
				<integer name="Country" value="5"/>
				<float name="ER" value="700."/>
				<string name="Hull" value="Roma_LEUBelt_Upper"/>
				<string name="Name" value="Middle2_LUpperBelt"/>
				<string name="TypHL" value="Hull"/>
				<string name="UnitName" value="Roma"/>
			</object>
			<object name="Roma1374">
				<integer name="Country" value="5"/>
				<float name="ER" value="500."/>
				<string name="Hull" value="Roma_LAMP"/>
				<string name="Name" value="Middle2_LAMP"/>
				<string name="TypHL" value="Hull"/>
				<string name="UnitName" value="Roma"/>
			</object>
			<object name="Roma1375">
				<integer name="Country" value="5"/>
				<float name="ER" value="700."/>
				<string name="Hull" value="Roma_LEUBelt_Lower"/>
				<string name="Name" value="Middle2_LLowerBelt"/>
				<string name="TypHL" value="Hull"/>
				<string name="UnitName" value="Roma"/>
			</object>
			<object name="Roma1376">
				<integer name="Country" value="5"/>
				<float name="ER" value="700."/>
				<string name="Hull" value="Roma_REUBelt_Upper"/>
				<string name="Name" value="Middle2_RUpperBelt"/>
				<string name="TypHL" value="Hull"/>
				<string name="UnitName" value="Roma"/>
			</object>
			<object name="Roma1377">
				<integer name="Country" value="5"/>
				<float name="ER" value="700."/>
				<string name="Hull" value="Roma_REUBelt_Lower"/>
				<string name="Name" value="Middle2_RLowerBelt"/>
				<string name="TypHL" value="Hull"/>
				<string name="UnitName" value="Roma"/>
			</object>
			<object name="Roma1378">
				<integer name="Country" value="5"/>
				<float name="ER" value="500."/>
				<string name="Hull" value="Roma_RAMP"/>
				<string name="Name" value="Middle2_RAMP"/>
				<string name="TypHL" value="Hull"/>
				<string name="UnitName" value="Roma"/>
			</object>
			<object name="Roma1379">
				<integer name="Country" value="5"/>
				<float name="ER" value="500."/>
				<string name="Hull" value="Roma_Bottom"/>
				<string name="Name" value="Middle2_LBottom"/>
				<string name="TypHL" value="FuelTank"/>
				<string name="UnitName" value="Roma"/>
			</object>
			<object name="Roma1380">
				<integer name="Country" value="5"/>
				<float name="ER" value="500."/>
				<string name="Hull" value="Roma_Bottom"/>
				<string name="Name" value="Middle2_RBottom"/>
				<string name="TypHL" value="FuelTank"/>
				<string name="UnitName" value="Roma"/>
			</object>
			<object name="Roma1382">
				<integer name="Country" value="5"/>
				<float name="ER" value="500."/>
				<string name="Hull" value="Roma_EUUpperDeck"/>
				<string name="Name" value="Middle1_LCLowerDeck"/>
				<string name="TypHL" value="Hull"/>
				<string name="UnitName" value="Roma"/>
			</object>
			<object name="Roma1383">
				<integer name="Country" value="5"/>
				<float name="ER" value="500."/>
				<string name="Hull" value="Roma_AS_T1"/>
				<string name="Name" value="AmmoStore_LSG"/>
				<string name="TypHL" value="AmmoStore"/>
				<string name="UnitName" value="Roma"/>
			</object>
			<object name="Roma1384">
				<integer name="Country" value="5"/>
				<float name="ER" value="500."/>
				<string name="Hull" value="Std_Probe"/>
				<string name="Name" value="Probe_MG_Bow"/>
				<string name="TypHL" value="Probe"/>
				<string name="UnitName" value="Roma"/>
			</object>
			<object name="Roma1385">
				<integer name="Country" value="5"/>
				<float name="ER" value="500."/>
				<string name="Hull" value="Roma_EUUpperDeck"/>
				<string name="Name" value="Middle1_RCLowerDeck"/>
				<string name="TypHL" value="Hull"/>
				<string name="UnitName" value="Roma"/>
			</object>
			<object name="Roma1386">
				<integer name="Country" value="5"/>
				<float name="ER" value="500."/>
				<string name="Hull" value="Roma_AS_T1"/>
				<string name="Name" value="AmmoStore_RSG"/>
				<string name="TypHL" value="AmmoStore"/>
				<string name="UnitName" value="Roma"/>
			</object>
			<object name="Roma1387">
				<integer name="Country" value="5"/>
				<float name="ER" value="500."/>
				<string name="Hull" value="Std_Probe"/>
				<string name="Name" value="CentralPost"/>
				<string name="TypHL" value="Probe"/>
				<string name="UnitName" value="Roma"/>
			</object>
			<object name="Roma1388">
				<integer name="Country" value="5"/>
				<float name="ER" value="500."/>
				<string name="Hull" value="Roma_EUUpperDeck"/>
				<string name="Name" value="Middle1_RLowerDeck"/>
				<string name="TypHL" value="Hull"/>
				<string name="UnitName" value="Roma"/>
			</object>
			<object name="Roma1389">
				<integer name="Country" value="5"/>
				<float name="ER" value="500."/>
				<string name="Hull" value="Roma_EUUpperDeck"/>
				<string name="Name" value="Middle1_LLowerDeck"/>
				<string name="TypHL" value="Hull"/>
				<string name="UnitName" value="Roma"/>
			</object>
			<object name="Roma1390">
				<integer name="Country" value="5"/>
				<float name="ER" value="600."/>
				<string name="Hull" value="Roma_ArmourDeckEU"/>
				<string name="Name" value="Middle1_RMiddleDeck"/>
				<string name="TypHL" value="Hull"/>
				<string name="UnitName" value="Roma"/>
			</object>
			<object name="Roma1391">
				<integer name="Country" value="5"/>
				<float name="ER" value="600."/>
				<string name="Hull" value="Roma_ArmourDeckEU"/>
				<string name="Name" value="Middle1_LMiddleDeck"/>
				<string name="TypHL" value="Hull"/>
				<string name="UnitName" value="Roma"/>
			</object>
			<object name="Roma1392">
				<integer name="Country" value="5"/>
				<float name="ER" value="600."/>
				<string name="Hull" value="Roma_ArmourDeckEU"/>
				<string name="Name" value="Middle1_Middle2Deck"/>
				<string name="TypHL" value="Hull"/>
				<string name="UnitName" value="Roma"/>
			</object>
			<object name="Roma1393">
				<integer name="Country" value="5"/>
				<float name="ER" value="600."/>
				<string name="Hull" value="Roma_ArmourDeckEU"/>
				<string name="Name" value="Middle1_UpperDeck"/>
				<string name="TypHL" value="Hull"/>
				<string name="UnitName" value="Roma"/>
			</object>
			<object name="Roma1394">
				<integer name="Country" value="5"/>
				<float name="ER" value="600."/>
				<string name="Hull" value="Roma_ArmourDeckEU"/>
				<string name="Name" value="Middle1_MiddleDeck"/>
				<string name="TypHL" value="Hull"/>
				<string name="UnitName" value="Roma"/>
			</object>
			<object name="Roma1395">
				<integer name="Country" value="5"/>
				<float name="ER" value="500."/>
				<string name="Hull" value="Std_Probe"/>
				<string name="Name" value="Radar"/>
				<string name="TypHL" value="Probe"/>
				<string name="UnitName" value="Roma"/>
			</object>
			<object name="Roma1396">
				<integer name="Country" value="5"/>
				<float name="ER" value="500."/>
				<string name="Hull" value="Std_Probe"/>
				<string name="Name" value="Radio"/>
				<string name="TypHL" value="Probe"/>
				<string name="UnitName" value="Roma"/>
			</object>
			<object name="Roma1397">
				<integer name="Country" value="5"/>
				<float name="ER" value="500."/>
				<string name="Hull" value="Roma_Bottom"/>
				<string name="Name" value="Middle1_RBottom"/>
				<string name="TypHL" value="FuelTank"/>
				<string name="UnitName" value="Roma"/>
			</object>
			<object name="Roma1398">
				<integer name="Country" value="5"/>
				<float name="ER" value="500."/>
				<string name="Hull" value="Roma_Bottom"/>
				<string name="Name" value="Middle1_LBottom"/>
				<string name="TypHL" value="FuelTank"/>
				<string name="UnitName" value="Roma"/>
			</object>
			<object name="Roma1399">
				<integer name="Country" value="5"/>
				<float name="ER" value="500."/>
				<string name="Hull" value="Roma_RAMP"/>
				<string name="Name" value="Middle1_RAMP"/>
				<string name="TypHL" value="Hull"/>
				<string name="UnitName" value="Roma"/>
			</object>
			<object name="Roma1400">
				<integer name="Country" value="5"/>
				<float name="ER" value="500."/>
				<string name="Hull" value="Roma_LAMP"/>
				<string name="Name" value="Middle1_LAMP"/>
				<string name="TypHL" value="Hull"/>
				<string name="UnitName" value="Roma"/>
			</object>
			<object name="Roma1401">
				<integer name="Country" value="5"/>
				<float name="ER" value="700."/>
				<string name="Hull" value="Roma_LEUBelt_Upper"/>
				<string name="Name" value="Middle1_LUpperBelt"/>
				<string name="TypHL" value="Hull"/>
				<string name="UnitName" value="Roma"/>
			</object>
			<object name="Roma1402">
				<integer name="Country" value="5"/>
				<float name="ER" value="700."/>
				<string name="Hull" value="Roma_LEUBelt_Lower"/>
				<string name="Name" value="Middle1_LLowerBelt"/>
				<string name="TypHL" value="Hull"/>
				<string name="UnitName" value="Roma"/>
			</object>
			<object name="Roma1403">
				<integer name="Country" value="5"/>
				<float name="ER" value="700."/>
				<string name="Hull" value="Roma_REUBelt_Upper"/>
				<string name="Name" value="Middle1_RUpperBelt"/>
				<string name="TypHL" value="Hull"/>
				<string name="UnitName" value="Roma"/>
			</object>
			<object name="Roma1404">
				<integer name="Country" value="5"/>
				<float name="ER" value="700."/>
				<string name="Hull" value="Roma_REUBelt_Lower"/>
				<string name="Name" value="Middle1_RLowerBelt"/>
				<string name="TypHL" value="Hull"/>
				<string name="UnitName" value="Roma"/>
			</object>
			<object name="Roma1405">
				<integer name="Country" value="5"/>
				<float name="ER" value="500."/>
				<string name="Hull" value="Roma_Bottom"/>
				<string name="Name" value="Bow2_RBottom"/>
				<string name="TypHL" value="Hull"/>
				<string name="UnitName" value="Roma"/>
			</object>
			<object name="Roma1406">
				<integer name="Country" value="5"/>
				<float name="ER" value="500."/>
				<string name="Hull" value="Roma_Bottom"/>
				<string name="Name" value="Bow2_LBottom"/>
				<string name="TypHL" value="Hull"/>
				<string name="UnitName" value="Roma"/>
			</object>
			<object name="Roma1407">
				<integer name="Country" value="5"/>
				<float name="ER" value="600."/>
				<string name="Hull" value="Roma_ArmourDeckEU"/>
				<string name="Name" value="Bow1_MiddleDeck"/>
				<string name="TypHL" value="Hull"/>
				<string name="UnitName" value="Roma"/>
			</object>
			<object name="Roma1408">
				<integer name="Country" value="5"/>
				<float name="ER" value="700."/>
				<string name="Hull" value="Roma_LASBelt_Lower"/>
				<string name="Name" value="Stern1_LLowerBelt"/>
				<string name="TypHL" value="Hull"/>
				<string name="UnitName" value="Roma"/>
			</object>
			<object name="Roma1409">
				<integer name="Country" value="5"/>
				<float name="ER" value="500."/>
				<string name="Hull" value="Roma_RAMP"/>
				<string name="Name" value="Bow2_RAMP"/>
				<string name="TypHL" value="Hull"/>
				<string name="UnitName" value="Roma"/>
			</object>
			<object name="Roma1410">
				<integer name="Country" value="5"/>
				<float name="ER" value="700."/>
				<string name="Hull" value="Roma_LBelt_Sides"/>
				<string name="Name" value="Bow2_LBelt"/>
				<string name="TypHL" value="Hull"/>
				<string name="UnitName" value="Roma"/>
			</object>
			<object name="Roma1411">
				<integer name="Country" value="5"/>
				<float name="ER" value="500."/>
				<string name="Hull" value="Roma_LAMP"/>
				<string name="Name" value="Bow2_LAMP"/>
				<string name="TypHL" value="Hull"/>
				<string name="UnitName" value="Roma"/>
			</object>
			<object name="Roma1412">
				<integer name="Country" value="5"/>
				<float name="ER" value="700."/>
				<string name="Hull" value="Roma_RBelt_Sides"/>
				<string name="Name" value="Bow2_RBelt"/>
				<string name="TypHL" value="Hull"/>
				<string name="UnitName" value="Roma"/>
			</object>
			<object name="Roma1413">
				<integer name="Country" value="5"/>
				<float name="ER" value="700."/>
				<string name="Hull" value="Roma_LBelt_Sides"/>
				<string name="Name" value="Stern2_LBelt"/>
				<string name="TypHL" value="Hull"/>
				<string name="UnitName" value="Roma"/>
			</object>
			<object name="Roma1414">
				<integer name="Country" value="5"/>
				<float name="ER" value="700."/>
				<string name="Hull" value="Roma_RBelt_Sides"/>
				<string name="Name" value="Stern2_RBelt"/>
				<string name="TypHL" value="Hull"/>
				<string name="UnitName" value="Roma"/>
			</object>
			<object name="Roma1415">
				<integer name="Country" value="5"/>
				<float name="ER" value="600."/>
				<string name="Hull" value="Roma_ArmourDeckEU"/>
				<string name="Name" value="Bow2_RUpperDeck"/>
				<string name="TypHL" value="Hull"/>
				<string name="UnitName" value="Roma"/>
			</object>
			<object name="Roma1416">
				<integer name="Country" value="5"/>
				<float name="ER" value="600."/>
				<string name="Hull" value="Roma_ArmourDeckEU"/>
				<string name="Name" value="Bow2_LUpperDeck"/>
				<string name="TypHL" value="Hull"/>
				<string name="UnitName" value="Roma"/>
			</object>
			<object name="Roma1417">
				<integer name="Country" value="5"/>
				<float name="ER" value="600."/>
				<string name="Hull" value="Roma_ArmourDeckEU"/>
				<string name="Name" value="Bow2_LMiddleDeck"/>
				<string name="TypHL" value="Hull"/>
				<string name="UnitName" value="Roma"/>
			</object>
			<object name="Roma1418">
				<integer name="Country" value="5"/>
				<float name="ER" value="600."/>
				<string name="Hull" value="Roma_ArmourDeckEU"/>
				<string name="Name" value="Bow2_RMiddleDeck"/>
				<string name="TypHL" value="Hull"/>
				<string name="UnitName" value="Roma"/>
			</object>
			<object name="Roma1419">
				<integer name="Country" value="5"/>
				<float name="ER" value="600."/>
				<string name="Hull" value="Roma_ArmourDeckEU"/>
				<string name="Name" value="Bow1_UpperDeck"/>
				<string name="TypHL" value="Hull"/>
				<string name="UnitName" value="Roma"/>
			</object>
			<object name="Roma1420">
				<integer name="Country" value="5"/>
				<float name="ER" value="600."/>
				<string name="Hull" value="Roma_ArmourDeckEU"/>
				<string name="Name" value="Stern2_LMiddleDeck"/>
				<string name="TypHL" value="Hull"/>
				<string name="UnitName" value="Roma"/>
			</object>
			<object name="Roma1421">
				<integer name="Country" value="5"/>
				<float name="ER" value="600."/>
				<string name="Hull" value="Roma_ArmourDeckEU"/>
				<string name="Name" value="Stern2_RMiddleDeck"/>
				<string name="TypHL" value="Hull"/>
				<string name="UnitName" value="Roma"/>
			</object>
			<object name="Roma1422">
				<integer name="Country" value="5"/>
				<float name="ER" value="500."/>
				<string name="Hull" value="Roma_EUUpperDeck"/>
				<string name="Name" value="Bow2_lowerDeck"/>
				<string name="TypHL" value="Hull"/>
				<string name="UnitName" value="Roma"/>
			</object>
			<object name="Roma1423">
				<integer name="Country" value="5"/>
				<float name="ER" value="500."/>
				<string name="Hull" value="Roma_EUUpperDeck"/>
				<string name="Name" value="Stern2_LowerDeck"/>
				<string name="TypHL" value="Hull"/>
				<string name="UnitName" value="Roma"/>
			</object>
			<object name="Roma9239">
				<integer name="Country" value="5"/>
				<integer name="Crew" value="300"/>
				<float name="ER" value="500."/>
				<string name="Hull" value="Roma_Hull"/>
				<string name="Name" value="SternStuperstructure2"/>
				<string name="TypHL" value="Crew"/>
				<string name="UnitName" value="Roma"/>
			</object>
			<object name="Roma9240">
				<integer name="Country" value="5"/>
				<integer name="Crew" value="300"/>
				<float name="ER" value="500."/>
				<string name="Hull" value="Roma_Hull"/>
				<string name="Name" value="SternStuperstructure1"/>
				<string name="TypHL" value="Crew"/>
				<string name="UnitName" value="Roma"/>
			</object>
			<object name="Roma9241">
				<integer name="Country" value="5"/>
				<float name="ER" value="500."/>
				<string name="Hull" value="Roma_SmokeStack"/>
				<string name="Name" value="SternSmokeStack"/>
				<string name="TypHL" value="Hull"/>
				<string name="UnitName" value="Roma"/>
			</object>
			<object name="Roma9242">
				<integer name="Country" value="5"/>
				<float name="ER" value="500."/>
				<string name="Hull" value="Roma_SmokeStack"/>
				<string name="Name" value="BowSmokeStack"/>
				<string name="TypHL" value="Hull"/>
				<string name="UnitName" value="Roma"/>
			</object>
			<object name="Roma9243">
				<integer name="Country" value="5"/>
				<float name="ER" value="500."/>
				<string name="Hull" value="Roma_Hull"/>
				<string name="Name" value="MiddleUSuperstructure"/>
				<string name="TypHL" value="Hull"/>
				<string name="UnitName" value="Roma"/>
			</object>
			<object name="Roma9244">
				<integer name="Country" value="5"/>
				<float name="ER" value="500."/>
				<string name="Hull" value="Roma_Hull"/>
				<string name="Name" value="MiddleLSuperstructure"/>
				<string name="TypHL" value="Hull"/>
				<string name="UnitName" value="Roma"/>
			</object>
			<object name="Roma9245">
				<integer name="Country" value="5"/>
				<integer name="Crew" value="300"/>
				<float name="ER" value="500."/>
				<string name="Hull" value="Roma_Hull"/>
				<string name="Name" value="BowUSuperstructure"/>
				<string name="TypHL" value="Crew"/>
				<string name="UnitName" value="Roma"/>
			</object>
			<object name="Roma9246">
				<integer name="Country" value="5"/>
				<integer name="Crew" value="300"/>
				<float name="ER" value="500."/>
				<string name="Hull" value="Roma_Hull"/>
				<string name="Name" value="BowMSuperstructure"/>
				<string name="TypHL" value="Crew"/>
				<string name="UnitName" value="Roma"/>
			</object>
			<object name="Roma9247">
				<integer name="Country" value="5"/>
				<integer name="Crew" value="300"/>
				<float name="ER" value="500."/>
				<string name="Hull" value="Roma_Hull"/>
				<string name="Name" value="BowLSuperstructure"/>
				<string name="TypHL" value="Crew"/>
				<string name="UnitName" value="Roma"/>
			</object>
			<object name="Roma9340">
				<integer name="Country" value="5"/>
				<integer name="Crew" value="300"/>
				<float name="ER" value="500."/>
				<string name="Hull" value="Roma_Hull"/>
				<string name="Name" value="SternSuperstructure1"/>
				<string name="TypHL" value="Crew"/>
				<string name="UnitName" value="Roma"/>
			</object>
			<object name="Roma9341">
				<integer name="Country" value="5"/>
				<float name="ER" value="500."/>
				<string name="Hull" value="Roma_Bottom"/>
				<string name="Name" value="Bow1_LBottom"/>
				<string name="TypHL" value="Hull"/>
				<string name="UnitName" value="Roma"/>
			</object>
			<object name="Roma9342">
				<integer name="Country" value="5"/>
				<float name="ER" value="500."/>
				<string name="Hull" value="Roma_Bottom"/>
				<string name="Name" value="Bow1_RBottom"/>
				<string name="TypHL" value="Hull"/>
				<string name="UnitName" value="Roma"/>
			</object>
		</object>
		<object name="Hulls">
			<object name="Roma_ArmourDeckAS">
				<integer name="Back" value="50"/>
				<integer name="Bottom" value="40"/>
				<integer name="Country" value="5"/>
				<float name="ExplProb" value="0."/>
				<float name="FireProb" value="10."/>
				<integer name="Front" value="50"/>
				<integer name="Left" value="50"/>
				<string name="Material" value="Armored"/>
				<integer name="Right" value="50"/>
				<integer name="Top" value="152"/>
				<integer name="UnitName" value="0"/>
				<string name="UnitTyp" value="Ship"/>
			</object>
			<object name="Roma_ArmourDeckEU">
				<integer name="Back" value="50"/>
				<integer name="Bottom" value="50"/>
				<integer name="Country" value="5"/>
				<float name="ExplProb" value="0."/>
				<float name="FireProb" value="20."/>
				<integer name="Front" value="50"/>
				<integer name="Left" value="50"/>
				<string name="Material" value="Armored"/>
				<integer name="Right" value="50"/>
				<integer name="Top" value="127"/>
				<integer name="UnitName" value="0"/>
				<string name="UnitTyp" value="Ship"/>
			</object>
			<object name="Roma_AS_T1">
				<integer name="Back" value="50"/>
				<integer name="Bottom" value="50"/>	
				<integer name="Country" value="5"/>
				<float name="ExplProb" value="30."/>
				<float name="FireProb" value="0."/>
				<integer name="Front" value="50"/>
				<integer name="Left" value="50"/>
				<string name="Material" value="Steel"/>
				<integer name="Right" value="50"/>
				<integer name="Top" value="50"/>
				<integer name="UnitName" value="0"/>
				<string name="UnitTyp" value="Ship"/>
			</object>	  
			<object name="Roma_AS_T2">
				<integer name="Back" value="50"/>
				<integer name="Bottom" value="50"/>
				<integer name="Country" value="5"/>
				<float name="ExplProb" value="20."/>
				<float name="FireProb" value="10."/>
				<integer name="Front" value="50"/>
				<integer name="Left" value="50"/>
				<string name="Material" value="Steel"/>
				<integer name="Right" value="50"/>
				<integer name="Top" value="50"/>
				<integer name="UnitName" value="0"/>
				<string name="UnitTyp" value="Ship"/>
			</object>
			<object name="Roma_Barbet">
				<integer name="Back" value="406"/>
				<integer name="Country" value="5"/>
				<float name="ExplProb" value="5."/>
				<float name="FireProb" value="25."/>
				<integer name="Front" value="406"/>
				<integer name="Left" value="406"/>
				<string name="Material" value="Armored"/>
				<integer name="Right" value="406"/>
				<integer name="Top" value="50"/>
				<integer name="UnitName" value="0"/>
				<string name="UnitTyp" value="Ship"/>
			</object>
			<object name="Roma_BattleCabine">
				<integer name="Back" value="100"/>
				<integer name="Bottom" value="38"/>
				<integer name="Country" value="5"/>
				<float name="ExplProb" value="0."/>
				<float name="FireProb" value="0."/>
				<integer name="Front" value="100"/>
				<integer name="Left" value="75"/>
				<string name="Material" value="Armored"/>
				<integer name="Right" value="75"/>
				<integer name="Top" value="38"/>
				<integer name="UnitName" value="0"/>
				<string name="UnitTyp" value="Ship"/>
			</object>
			<object name="Roma_Bottom">
				<integer name="Back" value="25"/>
				<integer name="Bottom" value="25"/>
				<integer name="Country" value="5"/>
				<float name="ExplProb" value="0."/>
				<float name="FireProb" value="0."/>
				<integer name="Front" value="25"/>
				<integer name="Left" value="25"/>
				<string name="Material" value="Steel"/>
				<integer name="Right" value="25"/>
				<integer name="Top" value="25"/>
				<integer name="UnitName" value="0"/>
				<string name="UnitTyp" value="Ship"/>
			</object>
			<object name="Roma_EUUpperDeck">
				<integer name="Back" value="50"/>
				<integer name="Bottom" value="50"/>
				<integer name="Country" value="5"/>
				<float name="ExplProb" value="0."/>
				<float name="FireProb" value="10."/>
				<integer name="Front" value="50"/>
				<integer name="Left" value="50"/>
				<string name="Material" value="Armored"/>
				<integer name="Right" value="50"/>
				<integer name="Top" value="127"/>
				<integer name="UnitName" value="0"/>
				<string name="UnitTyp" value="Ship"/>
			</object>
			<object name="Roma_Hull">
				<integer name="Back" value="50"/>
				<integer name="Bottom" value="50"/>
				<integer name="Country" value="5"/>
				<float name="ExplProb" value="0."/>
				<float name="FireProb" value="10."/>
				<integer name="Front" value="50"/>
				<integer name="Left" value="50"/>
				<string name="Material" value="Steel"/>
				<integer name="Right" value="50"/>
				<integer name="Top" value="50"/>
				<integer name="UnitName" value="0"/>
				<string name="UnitTyp" value="Ship"/>
			</object>  
			<object name="Roma_LAMP">
				<integer name="Back" value="50"/>
				<integer name="Bottom" value="50"/>
				<integer name="Country" value="5"/>
				<float name="ExplProb" value="0."/>
				<float name="FireProb" value="0."/>
				<integer name="Front" value="50"/>
				<integer name="Left" value="55"/>
				<string name="Material" value="Steel"/>
				<integer name="Right" value="50"/>
				<integer name="Top" value="50"/>
				<integer name="UnitName" value="0"/>
				<string name="UnitTyp" value="Ship"/>
			</object>  
			<object name="Roma_LASBelt_Lower">
				<integer name="Back" value="50"/>
				<integer name="Bottom" value="50"/>
				<integer name="Country" value="5"/>
				<float name="ExplProb" value="0."/>
				<float name="FireProb" value="0."/>
				<integer name="Front" value="50"/>
				<integer name="Left" value="115"/>
				<string name="Material" value="Armored"/>
				<integer name="Right" value="25"/>
				<integer name="Top" value="50"/>
				<integer name="UnitName" value="0"/>
				<string name="UnitTyp" value="Ship"/>
			</object>
			<object name="Roma_LASBelt_Upper">
				<integer name="Back" value="50"/>
				<integer name="Bottom" value="50"/>
				<integer name="Country" value="5"/>
				<float name="ExplProb" value="0."/>
				<float name="FireProb" value="0."/>
				<integer name="Front" value="50"/>
				<integer name="Left" value="140"/>
				<string name="Material" value="Armored"/>
				<integer name="Right" value="25"/>
				<integer name="Top" value="50"/>
				<integer name="UnitName" value="0"/>
				<string name="UnitTyp" value="Ship"/>
			</object>
			<object name="Roma_LBelt_Sides">
				<integer name="Back" value="100"/>
				<integer name="Bottom" value="50"/>
				<integer name="Country" value="5"/>
				<float name="ExplProb" value="0."/>
				<float name="FireProb" value="0."/>
				<integer name="Front" value="100"/>
				<integer name="Left" value="381"/>
				<string name="Material" value="Armored"/>
				<integer name="Right" value="25"/>
				<integer name="Top" value="100"/>
				<integer name="UnitName" value="0"/>
				<string name="UnitTyp" value="Ship"/>
			</object>
			<object name="Roma_Lboard">
				<integer name="Back" value="5"/>
				<integer name="Bottom" value="5"/>
				<integer name="Country" value="5"/>
				<float name="ExplProb" value="0."/>
				<float name="FireProb" value="10."/>
				<integer name="Front" value="5"/>
				<integer name="Left" value="10"/>
				<string name="Material" value="Steel"/>
				<integer name="Right" value="5"/>
				<integer name="Top" value="5"/>
				<integer name="UnitName" value="0"/>
				<string name="UnitTyp" value="Ship"/>
			</object>
			<object name="Roma_LEUBelt_Lower">
				<integer name="Back" value="50"/>
				<integer name="Bottom" value="50"/>
				<integer name="Country" value="5"/>
				<float name="ExplProb" value="0."/>
				<float name="FireProb" value="0."/>
				<integer name="Front" value="50"/>
				<integer name="Left" value="140"/>
				<string name="Material" value="Armored"/>
				<integer name="Right" value="25"/>
				<integer name="Top" value="50"/>
				<integer name="UnitName" value="0"/>
				<string name="UnitTyp" value="Ship"/>
			</object>
			<object name="Roma_LEUBelt_Upper">
				<integer name="Back" value="50"/>
				<integer name="Bottom" value="50"/>
				<integer name="Country" value="5"/>
				<float name="ExplProb" value="0."/>
				<float name="FireProb" value="0."/>
				<integer name="Front" value="50"/>
				<integer name="Left" value="178"/>
				<string name="Material" value="Armored"/>
				<integer name="Right" value="25"/>
				<integer name="Top" value="100"/>
				<integer name="UnitName" value="0"/>
				<string name="UnitTyp" value="Ship"/>
			</object>
			<object name="Roma_RAMP">
				<integer name="Back" value="50"/>
				<integer name="Bottom" value="50"/>
				<integer name="Country" value="5"/>
				<float name="ExplProb" value="0."/>
				<float name="FireProb" value="0."/>
				<integer name="Front" value="50"/>
				<integer name="Left" value="50"/>
				<string name="Material" value="Steel"/>
				<integer name="Right" value="55"/>
				<integer name="Top" value="50"/>
				<integer name="UnitName" value="0"/>
				<string name="UnitTyp" value="Ship"/>
			</object> 
			<object name="Roma_RASBelt_Lower">
				<integer name="Back" value="50"/>
				<integer name="Bottom" value="50"/>
				<integer name="Country" value="5"/>
				<float name="ExplProb" value="0."/>
				<float name="FireProb" value="0."/>
				<integer name="Front" value="50"/>
				<integer name="Left" value="25"/>
				<string name="Material" value="Armored"/>
				<integer name="Right" value="115"/>
				<integer name="Top" value="50"/>
				<integer name="UnitName" value="0"/>
				<string name="UnitTyp" value="Ship"/>
			</object>
			<object name="Roma_RASBelt_Upper">
				<integer name="Back" value="50"/>
				<integer name="Bottom" value="50"/>
				<integer name="Country" value="5"/>
				<float name="ExplProb" value="0."/>
				<float name="FireProb" value="0."/>
				<integer name="Front" value="50"/>
				<integer name="Left" value="25"/>
				<string name="Material" value="Armored"/>
				<integer name="Right" value="140"/>
				<integer name="Top" value="100"/>
				<integer name="UnitName" value="0"/>
				<string name="UnitTyp" value="Ship"/>
			</object>
			<object name="Roma_RBelt_Sides">
				<integer name="Back" value="100"/>
				<integer name="Bottom" value="50"/>
				<integer name="Country" value="5"/>
				<float name="ExplProb" value="0."/>
				<float name="FireProb" value="0."/>
				<integer name="Front" value="100"/>
				<integer name="Left" value="25"/>
				<string name="Material" value="Armored"/>
				<integer name="Right" value="381"/>
				<integer name="Top" value="100"/>
				<integer name="UnitName" value="0"/>
				<string name="UnitTyp" value="Ship"/>
			</object>
			<object name="Roma_Rboard">
				<integer name="Back" value="5"/>
				<integer name="Bottom" value="5"/>
				<integer name="Country" value="5"/>
				<float name="ExplProb" value="0."/>
				<float name="FireProb" value="10."/>
				<integer name="Front" value="5"/>
				<integer name="Left" value="5"/>
				<string name="Material" value="Steel"/>
				<integer name="Right" value="10"/>
				<integer name="Top" value="5"/>
				<integer name="UnitName" value="0"/>
				<string name="UnitTyp" value="Ship"/>
			</object>	  
			<object name="Roma_REUBelt_Lower">
				<integer name="Back" value="50"/>
				<integer name="Bottom" value="50"/>
				<integer name="Country" value="5"/>
				<float name="ExplProb" value="0."/>
				<float name="FireProb" value="0."/>
				<integer name="Front" value="50"/>
				<integer name="Left" value="25"/>
				<string name="Material" value="Armored"/>
				<integer name="Right" value="140"/>
				<integer name="Top" value="50"/>
				<integer name="UnitName" value="0"/>
				<string name="UnitTyp" value="Ship"/>
			</object>
			<object name="Roma_REUBelt_Upper">
				<integer name="Back" value="50"/>
				<integer name="Bottom" value="50"/>
				<integer name="Country" value="5"/>
				<float name="ExplProb" value="0."/>
				<float name="FireProb" value="0."/>
				<integer name="Front" value="50"/>
				<integer name="Left" value="25"/>
				<string name="Material" value="Armored"/>
				<integer name="Right" value="178"/>
				<integer name="Top" value="100"/>
				<integer name="UnitName" value="0"/>
				<string name="UnitTyp" value="Ship"/>
			</object>
			<object name="Roma_SmokeStack">
				<integer name="Back" value="20"/>
				<integer name="Bottom" value="20"/>
				<integer name="Country" value="5"/>
				<float name="ExplProb" value="0."/>
				<float name="FireProb" value="0."/>
				<integer name="Front" value="20"/>
				<integer name="Left" value="20"/>
				<string name="Material" value="Steel"/>
				<integer name="Right" value="20"/>
				<integer name="Top" value="20"/>
				<integer name="UnitName" value="0"/>
				<string name="UnitTyp" value="Ship"/>
			</object>	
			<object name="Roma_Tiller">
				<integer name="Back" value="152"/>
				<integer name="Bottom" value="150"/>
				<integer name="Country" value="5"/>
				<float name="ExplProb" value="0."/>
				<float name="FireProb" value="0."/>
				<integer name="Front" value="50"/>
				<integer name="Left" value="50"/>
				<string name="Material" value="Armored"/>
				<integer name="Right" value="50"/>
				<integer name="Top" value="150"/>
				<integer name="UnitName" value="0"/>
				<string name="UnitTyp" value="Ship"/>
			</object> 
			<object name="Roma_UpperHull">
				<integer name="Back" value="5"/>
				<integer name="Bottom" value="5"/>
				<integer name="Country" value="5"/>
				<float name="ExplProb" value="0."/>
				<float name="FireProb" value="10."/>
				<integer name="Front" value="5"/>
				<integer name="Left" value="5"/>
				<string name="Material" value="Armored"/>
				<integer name="Right" value="5"/>
				<integer name="Top" value="5"/>
				<integer name="UnitName" value="0"/>
				<string name="UnitTyp" value="Ship"/>
			</object>
		</object>			
		<object name="ShipsNames">
			<object name="Roma">
				<string name="1" value="Roma1"/>
			</object>
		</object>
		<object name="UnitsByType">
			<object name="1">
				<object name="Roma">
					<string name="ChildTable" value="Ships"/>
				</object>
			</object>
		</object>
	</object>
</root>
