﻿<?xml version="1.0" standalone="yes" ?>
<root>
	<object name="Prototypes">
		<object name="Ships">
			<object name="Roma">
				<object name="Slots">
					<object name="TPort_Anton">
						<object name="SubSlots">
							<object name="TPort_Bruno">
								<integer name="icon_x" value="480"/>
								<integer name="icon_y" value="21"/>
							</object>
							<object name="TPort_Dora">
								<integer name="icon_x" value="249"/>
								<integer name="icon_y" value="85"/>
							</object>
						</object>
						<integer name="icon_x" value="50"/>
						<integer name="icon_y" value="15"/>
					</object>
					<object name="TPort_152mmFR">
						<object name="SubSlots">
							<object name="TPort_152mmFL">
								<integer name="icon_x" value="290"/>
								<integer name="icon_y" value="167"/>
							</object>
						</object>
						<integer name="icon_x" value="150"/>
						<integer name="icon_y" value="15"/>
					</object>
					<object name="TPort_152mmBR">
						<object name="SubSlots">
							<object name="TPort_152mmBL">
								<integer name="icon_x" value="454"/>
								<integer name="icon_y" value="167"/>
							</object>
						</object>
						<integer name="icon_x" value="300"/>
						<integer name="icon_y" value="15"/>
					</object>
					<object name="TPort_90mmF1R">
						<object name="SubSlots">
							<object name="TPort_90mmF1L">
								<integer name="icon_x" value="539"/>
								<integer name="icon_y" value="16"/>
							</object>
							<object name="TPort_90mmF2R">
								<integer name="icon_x" value="461"/>
								<integer name="icon_y" value="39"/>
							</object>
							<object name="TPort_90mmF2L">
								<integer name="icon_x" value="3"/>
								<integer name="icon_y" value="126"/>
							</object>
							<object name="TPort_90mmF3R">
								<integer name="icon_x" value="461"/>
								<integer name="icon_y" value="39"/>
							</object>
							<object name="TPort_90mmF3L">
								<integer name="icon_x" value="3"/>
								<integer name="icon_y" value="126"/>
							</object>
							<object name="TPort_90mmB1R">
								<integer name="icon_x" value="3"/>
								<integer name="icon_y" value="126"/>
							</object>
							<object name="TPort_90mmB1L">
								<integer name="icon_x" value="3"/>
								<integer name="icon_y" value="126"/>
							</object>
							<object name="TPort_90mmB2R">
								<integer name="icon_x" value="3"/>
								<integer name="icon_y" value="126"/>
							</object>
							<object name="TPort_90mmB2L">
								<integer name="icon_x" value="3"/>
								<integer name="icon_y" value="126"/>
							</object>
							<object name="TPort_90mmB3R">
								<integer name="icon_x" value="3"/>
								<integer name="icon_y" value="126"/>
							</object>
							<object name="TPort_90mmB3L">
								<integer name="icon_x" value="3"/>
								<integer name="icon_y" value="126"/>
							</object>
						</object>
						<integer name="icon_x" value="400"/>
						<integer name="icon_y" value="15"/>
					</object>
					<object name="TPort_AA20mmR1">
						<object name="SubSlots">
							<object name="TPort_AA20mmL1">
								<integer name="icon_x" value="225"/>
								<integer name="icon_y" value="119"/>
							</object>
							<object name="TPort_AA20mmR2">
								<integer name="icon_x" value="180"/>
								<integer name="icon_y" value="332"/>
							</object>
							<object name="TPort_AA20mmL2">
								<integer name="icon_x" value="236"/>
								<integer name="icon_y" value="304"/>
							</object>
							<object name="TPort_AA20mmR3">
								<integer name="icon_x" value="255"/>
								<integer name="icon_y" value="331"/>
							</object>
							<object name="TPort_AA20mmL3">
								<integer name="icon_x" value="310"/>
								<integer name="icon_y" value="335"/>
							</object>
							<object name="TPort_AA20mmR4">
								<integer name="icon_x" value="378"/>
								<integer name="icon_y" value="337"/>
							</object>
							<object name="TPort_AA20mmL4">
								<integer name="icon_x" value="110"/>
								<integer name="icon_y" value="22"/>
							</object>
							<object name="TPort_AA20mmR5">
								<integer name="icon_x" value="378"/>
								<integer name="icon_y" value="347"/>
							</object>
							<object name="TPort_AA20mmL5">
								<integer name="icon_x" value="110"/>
								<integer name="icon_y" value="32"/>
							</object>
							<object name="TPort_AA20mmR8">
								<integer name="icon_x" value="378"/>
								<integer name="icon_y" value="337"/>
							</object>
							<object name="TPort_AA20mmL8">
								<integer name="icon_x" value="110"/>
								<integer name="icon_y" value="22"/>
							</object>
							<object name="TPort_AA20mmR9">
								<integer name="icon_x" value="378"/>
								<integer name="icon_y" value="347"/>
							</object>
							<object name="TPort_AA20mmL9">
								<integer name="icon_x" value="110"/>
								<integer name="icon_y" value="32"/>
							</object>
							<object name="TPort_AA20mmR13">
								<integer name="icon_x" value="378"/>
								<integer name="icon_y" value="347"/>
							</object>
							<object name="TPort_AA20mmL13">
								<object name="SubSlots"/>
								<integer name="icon_x" value="110"/>
								<integer name="icon_y" value="32"/>
							</object>
							<object name="TPort_AA20mmR14">
								<integer name="icon_x" value="180"/>
								<integer name="icon_y" value="332"/>
							</object>
							<object name="TPort_AA20mmL14">
								<integer name="icon_x" value="236"/>
								<integer name="icon_y" value="304"/>
							</object>
							<object name="TPort_AA20mmR15">
								<integer name="icon_x" value="255"/>
								<integer name="icon_y" value="331"/>
							</object>
							<object name="TPort_AA20mmL15">
								<integer name="icon_x" value="310"/>
								<integer name="icon_y" value="335"/>
							</object>
						</object>
						<integer name="icon_x" value="500"/>
						<integer name="icon_y" value="15"/>
					</object>  
					<object name="TPort_AA20mmR6">
						<object name="SubSlots">
							<object name="TPort_AA20mmL6">
								<integer name="icon_x" value="225"/>
								<integer name="icon_y" value="119"/>
							</object>
							<object name="TPort_AA20mmR7">
								<integer name="icon_x" value="255"/>
								<integer name="icon_y" value="331"/>
							</object>
							<object name="TPort_AA20mmL7">
								<integer name="icon_x" value="310"/>
								<integer name="icon_y" value="335"/>
							</object>
							<object name="TPort_AA20mmR10">
								<integer name="icon_x" value="180"/>
								<integer name="icon_y" value="332"/>
							</object>
							<object name="TPort_AA20mmL10">
								<integer name="icon_x" value="236"/>
								<integer name="icon_y" value="304"/>
							</object>
							<object name="TPort_AA20mmR11">
								<integer name="icon_x" value="255"/>
								<integer name="icon_y" value="331"/>
							</object>
							<object name="TPort_AA20mmL11">
								<integer name="icon_x" value="310"/>
								<integer name="icon_y" value="335"/>
							</object>
							<object name="TPort_AA20mmR12">
								<integer name="icon_x" value="378"/>
								<integer name="icon_y" value="337"/>
							</object>
							<object name="TPort_AA20mmL12">
								<integer name="icon_x" value="110"/>
								<integer name="icon_y" value="22"/>
							</object>
						</object>
						<integer name="icon_x" value="300"/>
						<integer name="icon_y" value="80"/>
					</object>
					<object name="TPort_AA37mmR2">
						<object name="SubSlots">
							<object name="TPort_AA37mmL2">
								<integer name="icon_x" value="58"/>
								<integer name="icon_y" value="190"/>
							</object>
							<object name="TPort_AA37mmR3">
								<object name="SubSlots"/>
								<integer name="icon_x" value="85"/>
								<integer name="icon_y" value="3"/>
							</object>
							<object name="TPort_AA37mmL3">
								<object name="SubSlots"/>
								<integer name="icon_x" value="126"/>
								<integer name="icon_y" value="3"/>
							</object>
							<object name="TPort_AA37mmR4">
								<object name="SubSlots"/>
								<integer name="icon_x" value="95"/>
								<integer name="icon_y" value="3"/>
							</object>
							<object name="TPort_AA37mmL4">
								<object name="SubSlots"/>
								<integer name="icon_x" value="136"/>
								<integer name="icon_y" value="3"/>
							</object>
							<object name="TPort_AA37mmR5">
								<object name="SubSlots"/>
								<integer name="icon_x" value="398"/>
								<integer name="icon_y" value="158"/>
							</object>
							<object name="TPort_AA37mmL5">
								<integer name="icon_x" value="44"/>
								<integer name="icon_y" value="3"/>
							</object>
							<object name="TPort_AA37mmR7">
								<object name="SubSlots"/>
								<integer name="icon_x" value="95"/>
								<integer name="icon_y" value="3"/>
							</object>
							<object name="TPort_AA37mmL7">
								<object name="SubSlots"/>
								<integer name="icon_x" value="136"/>
								<integer name="icon_y" value="3"/>
							</object>
							<object name="TPort_AA37mmR8">
								<object name="SubSlots"/>
								<integer name="icon_x" value="398"/>
								<integer name="icon_y" value="158"/>
							</object>
							<object name="TPort_AA37mmL8">
								<integer name="icon_x" value="44"/>
								<integer name="icon_y" value="3"/>
							</object>
							<object name="TPort_AA37mmR9">
								<object name="SubSlots"/>
								<integer name="icon_x" value="85"/>
								<integer name="icon_y" value="3"/>
							</object>
							<object name="TPort_AA37mmL9">
								<object name="SubSlots"/>
								<integer name="icon_x" value="126"/>
								<integer name="icon_y" value="3"/>
							</object>
							<object name="TPort_AA37mmR10">
								<object name="SubSlots"/>
								<integer name="icon_x" value="95"/>
								<integer name="icon_y" value="3"/>
							</object>
							<object name="TPort_AA37mmL10">
								<object name="SubSlots"/>
								<integer name="icon_x" value="136"/>
								<integer name="icon_y" value="3"/>
							</object>
						</object>
						<integer name="icon_x" value="400"/>
						<integer name="icon_y" value="80"/>
					</object>
					<object name="TPort_AA37mmR6">
						<object name="SubSlots">
							<object name="TPort_AA37mmL6">
								<integer name="icon_x" value="126"/>
								<integer name="icon_y" value="3"/>
							</object>  
							<object name="TPort_AA37mmR1">
								<integer name="icon_x" value="126"/>
								<integer name="icon_y" value="3"/>
							</object>
							<object name="TPort_AA37mmL1">
								<integer name="icon_x" value="126"/>
								<integer name="icon_y" value="3"/>
							</object>
						</object>
						<integer name="icon_x" value="500"/>
						<integer name="icon_y" value="80"/>
					</object>
					<object name="TPort_RFSFR">
						<object name="SubSlots">
							<object name="TPort_RFSFL">
								<integer name="icon_x" value="333"/>
								<integer name="icon_y" value="146"/>
							</object>
							<object name="TPort_RFSBR">
								<integer name="icon_x" value="335"/>
								<integer name="icon_y" value="146"/>
							</object>
							<object name="TPort_RFSBL">
								<integer name="icon_x" value="337"/>
								<integer name="icon_y" value="146"/>
							</object>
						</object>
						<integer name="icon_x" value="100"/>
						<integer name="icon_y" value="195"/>
					</object>

					<object name="TPort_RF01FR">
						<object name="SubSlots">
							<object name="TPort_RF02FL">
								<integer name="icon_x" value="333"/>
								<integer name="icon_y" value="126"/>
							</object>
						</object>
						<integer name="icon_x" value="500"/>
						<integer name="icon_y" value="185"/>
					</object>
					<object name="TPort_RF4mR">
						<integer name="icon_x" value="150"/>
						<integer name="icon_y" value="150"/>
					</object>
					<object name="TPort_RF4mL">
						<integer name="icon_x" value="200"/>
						<integer name="icon_y" value="185"/>
					</object>
					<object name="TPort_RF3mR">
						<object name="SubSlots">
							<object name="TPort_RF3mL">
								<integer name="icon_x" value="495"/>
								<integer name="icon_y" value="126"/>
							</object>
						</object>
						<integer name="icon_x" value="300"/>
						<integer name="icon_y" value="185"/>
					</object>
					<object name="TPort_RADAR1">
						<integer name="icon_x" value="180"/>
						<integer name="icon_y" value="260"/>
					</object>
					<object name="TPort_RADAR2">
						<integer name="icon_x" value="400"/>
						<integer name="icon_y" value="262"/>
					</object>
					<object name="TPort_RADAR3">
						<integer name="icon_x" value="500"/>
						<integer name="icon_y" value="274"/>
					</object>
					<object name="TPort_KATAPULT">
						<integer name="icon_x" value="372"/>
						<integer name="icon_y" value="258"/>
					</object>
					<object name="ZPort_AAGunContr1">
						<integer name="icon_x" value="14"/>
						<integer name="icon_y" value="150"/>
					</object>
					<object name="ZPort_Bridge">
						<integer name="icon_x" value="44"/>
						<integer name="icon_y" value="3"/>
					</object>
					<object name="ZPort_FuelTank">
						<integer name="icon_x" value="85"/>
						<integer name="icon_y" value="3"/>
					</object>
					<object name="ZPort_Jammer_JS_A">
						<integer name="icon_x" value="126"/>
						<integer name="icon_y" value="275"/>
					</object>
					<object name="ZPort_Jammer_US_A1">
						<integer name="icon_x" value="554"/>
						<integer name="icon_y" value="277"/>
					</object>
					<object name="ZPort_MainGunContr">
						<integer name="icon_x" value="14"/>
						<integer name="icon_y" value="275"/>
					</object>
					<object name="ZPort_Radio">
						<integer name="icon_x" value="100"/>
						<integer name="icon_y" value="275"/>
					</object>
					<object name="ZPort_Rudder">
						<integer name="icon_x" value="290"/>
						<integer name="icon_y" value="3"/>
					</object>
					<object name="ZPort_Sonar">
						<integer name="icon_x" value="555"/>
						<integer name="icon_y" value="340"/>
					</object>
					<object name="ZPort_Sonar1">
						<integer name="icon_x" value="500"/>
						<integer name="icon_y" value="340"/>
					</object>
					<object name="ZPort_SteamTurbine_01">
						<integer name="icon_x" value="279"/>
						<integer name="icon_y" value="348"/>
					</object>
				</object>
			</object>
		</object>
	</object>
</root>