﻿<?xml version = "1.0" encoding = "UTF-8"?>
<root>
	<object name = "SteelMonstersParams">
		<object name="Ships">
			<object name="Ise">
				<float name="AccelRate" value="1.e-004"/>
				<string name="Airgroup" value="Scout_Floatplane_Cruiser_Division_1_2_japan"/>
				<integer name="AirplanesCount" value="3"/>
				<string name="AmmoLoadingTemplate" value="Ammo 300"/>
				<boolean name="BoatsTransportationAbility" value="false"/>
				<integer name="CabinArmor" value="370"/>
				<boolean name="CanBeChanged" value="true"/>
				<boolean name="CanUseTorpedos" value="false"/>
				<string name="CatapultAirgroupDefaultUnit" value="F1M"/>
				<integer name="Country" value="2"/>
				<integer name="Crew" value="1400"/>
				<float name="CriticalCareen" value="37."/>
				<float name="CriticalDFT" value="2.9"/>
				<float name="CriticalDifferent" value="5."/>
				<float name="DTimeProd" value="140."/>
				<float name="DisplacementMax" value="40811."/>
				<float name="EPR" value="745."/>
				<float name="FireRisk" value="1500."/>
				<float name="Fuel" value="5113."/>
				<float name="HLShapeCoef" value="0.8"/>
				<integer name="HullArmorSide" value="305"/>
				<integer name="HullArmorTop" value="145"/>
				<float name="Iron" value="42000."/>
				<integer name="Length" value="215.8"/>
				<float name="MaxSpeed" value="25.3"/>
				<integer name="MinCrew" value="950"/>
				<float name="Money" value="30000."/>
				<float name="NTimeProd" value="350."/>
				<string name="Name" value="Ise"/>
				<boolean name="New" value="false"/>
				<integer name="Nuc_Dest_Prob" value="350"/>
				<integer name="Passengers" value="70"/>
				<boolean name="PlanesTransportationAbility" value="false"/>
				<float name="Range" value="14860."/>
				<integer name="Rank" value="2"/>
				<string name="SMU" value="Ise"/>
				<float name="Speed" value="16."/>
				<float name="StoreCapacity" value="2600."/>
				<boolean name="Transportable" value="false"/>
				<float name="TurnRate" value="7.e-004"/>
				<integer name="Type" value="1"/>
				<float name="Vitality" value="9000."/>
				<float name="VitalityAA" value="3000."/>
				<float name="Weight" value="36372."/>
				<integer name="Width" value="31.75"/>
				<integer name="Year" value="39"/>
			</object>
		</object>
	    <object name="Engins">
			<object name="MPP_Ise">
				<float name="Consumption" value="6.e-004"/>
				<integer name="Country" value="2"/>
				<float name="Money" value="20000."/>
				<integer name="Power_Max" value="80825"/>
				<integer name="RPM_Max" value="0"/>
				<integer name="Type" value="8"/>
				<integer name="Unreliability" value="10"/>
				<string name="Usage" value="Ships"/>
				<float name="Weight" value="3100."/>
			</object>
		</object>
		<object name="Hit_Location">
			<object name="Ise3853">
				<string name="ConnectName" value="Tiller"/>
				<integer name="Country" value="2"/>
				<float name="ER" value="500."/>
				<string name="Hull" value="Std_Rudder"/>
				<string name="Name" value="Rudder"/>
				<string name="TypHL" value="Rudder"/>
				<string name="UnitName" value="Ise"/>
			</object>
			<object name="Ise3854">
				<string name="ConnectName" value="Engine3"/>
				<integer name="Country" value="2"/>
				<float name="ER" value="500."/>
				<string name="Hull" value="Std_Mover"/>
				<string name="Name" value="Mover3"/>
				<string name="TypHL" value="Mover"/>
				<string name="UnitName" value="Ise"/>
			</object>
			<object name="Ise3855">
				<string name="ConnectName" value="Engine4"/>
				<integer name="Country" value="2"/>
				<float name="ER" value="500."/>
				<string name="Hull" value="Std_Mover"/>
				<string name="Name" value="Mover4"/>
				<string name="TypHL" value="Mover"/>
				<string name="UnitName" value="Ise"/>
			</object>
			<object name="Ise3856">
				<string name="ConnectName" value="Engine2"/>
				<integer name="Country" value="2"/>
				<float name="ER" value="500."/>
				<string name="Hull" value="Std_Mover"/>
				<string name="Name" value="Mover2"/>
				<string name="TypHL" value="Mover"/>
				<string name="UnitName" value="Ise"/>
			</object>
			<object name="Ise3857">
				<string name="ConnectName" value="Engine1"/>
				<integer name="Country" value="2"/>
				<float name="ER" value="500."/>
				<string name="Hull" value="Std_Mover"/>
				<string name="Name" value="Mover1"/>
				<string name="TypHL" value="Mover"/>
				<string name="UnitName" value="Ise"/>
			</object>
			<object name="Ise3858">
				<integer name="Country" value="2"/>
				<float name="ER" value="500."/>
				<string name="Hull" value="Ise_BattleCabine"/>
				<string name="Name" value="BattleCabine"/>
				<string name="TypHL" value="Probe"/>
				<string name="UnitName" value="Ise"/>
			</object>
			<object name="Ise3859">
				<integer name="Country" value="2"/>
				<float name="ER" value="500."/>
				<string name="Hull" value="Std_Probe"/>
				<string name="Name" value="Radar"/>
				<string name="TypHL" value="Probe"/>
				<string name="UnitName" value="Ise"/>
			</object>
			<object name="Ise3860">
				<integer name="Country" value="2"/>
				<float name="ER" value="500."/>
				<string name="Hull" value="Std_Probe"/>
				<string name="Name" value="Radio"/>
				<string name="TypHL" value="Probe"/>
				<string name="UnitName" value="Ise"/>
			</object>
			<object name="Ise3861">
				<integer name="Country" value="2"/>
				<float name="ER" value="500."/>
				<string name="Hull" value="Std_Probe"/>
				<string name="Name" value="Probe_AA_Bow"/>
				<string name="TypHL" value="Probe"/>
				<string name="UnitName" value="Ise"/>
			</object>
			<object name="Ise3862">
				<integer name="Country" value="2"/>
				<float name="ER" value="500."/>
				<string name="Hull" value="Std_Probe"/>
				<string name="Name" value="Probe_AA_Stern"/>
				<string name="TypHL" value="Probe"/>
				<string name="UnitName" value="Ise"/>
			</object>
			<object name="Ise3864">
				<integer name="Country" value="2"/>
				<float name="ER" value="500."/>
				<string name="Hull" value="Ise_Barbet"/>
				<string name="Name" value="Barbett1"/>
				<string name="TypHL" value="Hull"/>
				<string name="UnitName" value="Ise"/>
			</object>
			<object name="Ise3865">
				<integer name="Country" value="2"/>
				<float name="ER" value="500."/>
				<string name="Hull" value="Ise_Barbet"/>
				<string name="Name" value="Barbett2"/>
				<string name="TypHL" value="Hull"/>
				<string name="UnitName" value="Ise"/>
			</object>
			<object name="Ise3866">
				<integer name="Country" value="2"/>
				<float name="ER" value="500."/>
				<string name="Hull" value="Std_Bottom"/>
				<string name="Name" value="Bow2_LBottom"/>
				<string name="TypHL" value="Hull"/>
				<string name="UnitName" value="Ise"/>
			</object>
			<object name="Ise3867">
				<integer name="Country" value="2"/>
				<float name="ER" value="500."/>
				<string name="Hull" value="Std_Bottom"/>
				<string name="Name" value="Bow2_RBottom"/>
				<string name="TypHL" value="Hull"/>
				<string name="UnitName" value="Ise"/>
			</object>
			<object name="Ise3868">
				<integer name="Country" value="2"/>
				<float name="ER" value="500."/>
				<string name="Hull" value="Std_LAMP"/>
				<string name="Name" value="Bow2_LAMP1"/>
				<string name="TypHL" value="Hull"/>
				<string name="UnitName" value="Ise"/>
			</object>
			<object name="Ise3869">
				<integer name="Country" value="2"/>
				<float name="ER" value="500."/>
				<string name="Hull" value="Std_RAMP"/>
				<string name="Name" value="Bow2_RAMP1"/>
				<string name="TypHL" value="Hull"/>
				<string name="UnitName" value="Ise"/>
			</object>
			<object name="Ise3870">
				<integer name="Country" value="2"/>
				<float name="ER" value="500."/>
				<string name="Hull" value="Std_RAMP"/>
				<string name="Name" value="Bow2_RAMP2"/>
				<string name="TypHL" value="Hull"/>
				<string name="UnitName" value="Ise"/>
			</object>
			<object name="Ise3871">
				<integer name="Country" value="2"/>
				<float name="ER" value="500."/>
				<string name="Hull" value="Std_AS_T2"/>
				<string name="Name" value="AmmoStore_1"/>
				<string name="TypHL" value="AmmoStore"/>
				<string name="UnitName" value="Ise"/>
			</object>
			<object name="Ise3872">
				<integer name="Country" value="2"/>
				<float name="ER" value="500."/>
				<string name="Hull" value="Std_AS_T2"/>
				<string name="Name" value="AmmoStore_2"/>
				<string name="TypHL" value="AmmoStore"/>
				<string name="UnitName" value="Ise"/>
			</object>
			<object name="Ise3873">
				<integer name="Country" value="2"/>
				<float name="ER" value="500."/>
				<string name="Hull" value="Ise_LMBBelt"/>
				<string name="Name" value="Bow2_LLowerBelt"/>
				<string name="TypHL" value="Hull"/>
				<string name="UnitName" value="Ise"/>
			</object>
			<object name="Ise3874">
				<integer name="Country" value="2"/>
				<float name="ER" value="500."/>
				<string name="Hull" value="Ise_RMBBelt"/>
				<string name="Name" value="Bow2_RLowerBelt"/>
				<string name="TypHL" value="Hull"/>
				<string name="UnitName" value="Ise"/>
			</object>
			<object name="Ise3875">
				<integer name="Country" value="2"/>
				<float name="ER" value="500."/>
				<string name="Hull" value="Ise_RUBelt"/>
				<string name="Name" value="Bow2_RUpperBelt"/>
				<string name="TypHL" value="Hull"/>
				<string name="UnitName" value="Ise"/>
			</object>
			<object name="Ise3876">
				<integer name="Country" value="2"/>
				<float name="ER" value="500."/>
				<string name="Hull" value="Ise_LUBelt"/>
				<string name="Name" value="Bow2_LUpperBelt"/>
				<string name="TypHL" value="Hull"/>
				<string name="UnitName" value="Ise"/>
			</object>
			<object name="Ise3877">
				<integer name="Country" value="2"/>
				<float name="ER" value="500."/>
				<string name="Hull" value="Std_UpperHull"/>
				<string name="Name" value="Bow2_UpperDeck"/>
				<string name="TypHL" value="Hull"/>
				<string name="UnitName" value="Ise"/>
			</object>
			<object name="Ise3878">
				<integer name="Country" value="2"/>
				<float name="ER" value="500."/>
				<string name="Hull" value="Ise_AMBDeck"/>
				<string name="Name" value="Bow2_MiddleDeck"/>
				<string name="TypHL" value="Hull"/>
				<string name="UnitName" value="Ise"/>
			</object>
			<object name="Ise3879">
				<integer name="Country" value="2"/>
				<float name="ER" value="500."/>
				<string name="Hull" value="Std_Hull"/>
				<string name="Name" value="Bow2_LBoard"/>
				<string name="TypHL" value="Hull"/>
				<string name="UnitName" value="Ise"/>
			</object>
			<object name="Ise3880">
				<integer name="Country" value="2"/>
				<float name="ER" value="500."/>
				<string name="Hull" value="Std_LAMP"/>
				<string name="Name" value="Bow2_LAMP2"/>
				<string name="TypHL" value="Hull"/>
				<string name="UnitName" value="Ise"/>
			</object>
			<object name="Ise3882">
				<integer name="Country" value="2"/>
				<float name="ER" value="500."/>
				<string name="Hull" value="Ise_AMDeck"/>
				<string name="Name" value="Middle1_MiddleDeck"/>
				<string name="TypHL" value="Hull"/>
				<string name="UnitName" value="Ise"/>
			</object>
			<object name="Ise3883">
				<integer name="Country" value="2"/>
				<float name="ER" value="500."/>
				<string name="Hull" value="Std_Probe"/>
				<string name="Name" value="Probe_MG"/>
				<string name="TypHL" value="Probe"/>
				<string name="UnitName" value="Ise"/>
			</object>
			<object name="Ise3884">
				<integer name="Country" value="2"/>
				<float name="ER" value="500."/>
				<string name="Hull" value="Std_Bottom"/>
				<string name="Name" value="Middle1_RBottom"/>
				<string name="TypHL" value="FuelTank"/>
				<string name="UnitName" value="Ise"/>
			</object>
			<object name="Ise3885">
				<integer name="Country" value="2"/>
				<float name="ER" value="500."/>
				<string name="Hull" value="Std_Bottom"/>
				<string name="Name" value="Middle1_LBottom"/>
				<string name="TypHL" value="FuelTank"/>
				<string name="UnitName" value="Ise"/>
			</object>
			<object name="Ise3886">
				<integer name="Country" value="2"/>
				<float name="ER" value="500."/>
				<string name="Hull" value="Std_LAMP"/>
				<string name="Name" value="Middle1_LAMP1"/>
				<string name="TypHL" value="Hull"/>
				<string name="UnitName" value="Ise"/>
			</object>
			<object name="Ise3887">
				<integer name="Country" value="2"/>
				<float name="ER" value="500."/>
				<string name="Hull" value="Std_LAMP"/>
				<string name="Name" value="Middle1_LAMP2"/>
				<string name="TypHL" value="Hull"/>
				<string name="UnitName" value="Ise"/>
			</object>
			<object name="Ise3888">
				<integer name="Country" value="2"/>
				<float name="ER" value="500."/>
				<string name="Hull" value="Std_RAMP"/>
				<string name="Name" value="Middle1_RAMP1"/>
				<string name="TypHL" value="Hull"/>
				<string name="UnitName" value="Ise"/>
			</object>
			<object name="Ise3889">
				<integer name="Country" value="2"/>
				<float name="ER" value="500."/>
				<string name="Hull" value="Std_RAMP"/>
				<string name="Name" value="Middle1_RAMP2"/>
				<string name="TypHL" value="Hull"/>
				<string name="UnitName" value="Ise"/>
			</object>
			<object name="Ise3890">
				<integer name="Country" value="2"/>
				<float name="ER" value="500."/>
				<string name="Hull" value="Ise_ALDeck"/>
				<string name="Name" value="Middle1_LowerDeck"/>
				<string name="TypHL" value="Hull"/>
				<string name="UnitName" value="Ise"/>
			</object>
			<object name="Ise3891">
				<integer name="Country" value="2"/>
				<float name="ER" value="500."/>
				<string name="Hull" value="Ise_LMBelt"/>
				<string name="Name" value="Middle1_LLowerBelt"/>
				<string name="TypHL" value="Hull"/>
				<string name="UnitName" value="Ise"/>
			</object>
			<object name="Ise3892">
				<integer name="Country" value="2"/>
				<float name="ER" value="500."/>
				<string name="Hull" value="Ise_RMBelt"/>
				<string name="Name" value="Middle1_RLowerBelt"/>
				<string name="TypHL" value="Hull"/>
				<string name="UnitName" value="Ise"/>
			</object>
			<object name="Ise3893">
				<integer name="Country" value="2"/>
				<float name="ER" value="500."/>
				<string name="Hull" value="Ise_RUBelt"/>
				<string name="Name" value="Middle1_RUpperBelt"/>
				<string name="TypHL" value="Hull"/>
				<string name="UnitName" value="Ise"/>
			</object>
			<object name="Ise3894">
				<integer name="Country" value="2"/>
				<float name="ER" value="500."/>
				<string name="Hull" value="Ise_LUBelt"/>
				<string name="Name" value="Middle1_LUpperBelt"/>
				<string name="TypHL" value="Hull"/>
				<string name="UnitName" value="Ise"/>
			</object>
			<object name="Ise3895">
				<integer name="Country" value="2"/>
				<float name="ER" value="500."/>
				<string name="Hull" value="Ise_AMDeck"/>
				<string name="Name" value="Middle1_UpperDeck"/>
				<string name="TypHL" value="Hull"/>
				<string name="UnitName" value="Ise"/>
			</object>
			<object name="Ise3896">
				<integer name="Country" value="2"/>
				<float name="ER" value="500."/>
				<string name="Hull" value="Std_Hull"/>
				<string name="Name" value="Middle1_LBoard"/>
				<string name="TypHL" value="Hull"/>
				<string name="UnitName" value="Ise"/>
			</object>
			<object name="Ise3897">
				<integer name="Country" value="2"/>
				<float name="ER" value="500."/>
				<string name="Hull" value="Std_Hull"/>
				<string name="Name" value="Middle1_RBoard"/>
				<string name="TypHL" value="Hull"/>
				<string name="UnitName" value="Ise"/>
			</object>
			<object name="Ise3899">
				<integer name="Country" value="2"/>
				<float name="ER" value="500."/>
				<string name="Hull" value="Std_Hull"/>
				<string name="Name" value="Bow2_RBoard"/>
				<string name="TypHL" value="Hull"/>
				<string name="UnitName" value="Ise"/>
			</object>
			<object name="Ise3900">
				<integer name="Country" value="2"/>
				<float name="ER" value="500."/>
				<string name="Hull" value="Std_Bottom"/>
				<string name="Name" value="Middle2_RBottom"/>
				<string name="TypHL" value="FuelTank"/>
				<string name="UnitName" value="Ise"/>
			</object>
			<object name="Ise3901">
				<integer name="Country" value="2"/>
				<float name="ER" value="500."/>
				<string name="Hull" value="Std_Bottom"/>
				<string name="Name" value="Middle2_LBottom"/>
				<string name="TypHL" value="FuelTank"/>
				<string name="UnitName" value="Ise"/>
			</object>
			<object name="Ise3902">
				<integer name="Country" value="2"/>
				<float name="ER" value="500."/>
				<string name="Hull" value="Std_LAMP"/>
				<string name="Name" value="Middle2_LAMP1"/>
				<string name="TypHL" value="Hull"/>
				<string name="UnitName" value="Ise"/>
			</object>
			<object name="Ise3903">
				<integer name="Country" value="2"/>
				<float name="ER" value="500."/>
				<string name="Hull" value="Std_LAMP"/>
				<string name="Name" value="Middle2_LAMP2"/>
				<string name="TypHL" value="Hull"/>
				<string name="UnitName" value="Ise"/>
			</object>
			<object name="Ise3904">
				<integer name="Country" value="2"/>
				<float name="ER" value="500."/>
				<string name="Hull" value="Std_RAMP"/>
				<string name="Name" value="Middle2_RAMP1"/>
				<string name="TypHL" value="Hull"/>
				<string name="UnitName" value="Ise"/>
			</object>
			<object name="Ise3905">
				<integer name="Country" value="2"/>
				<float name="ER" value="500."/>
				<string name="Hull" value="Std_RAMP"/>
				<string name="Name" value="Middle2_RAMP2"/>
				<string name="TypHL" value="Hull"/>
				<string name="UnitName" value="Ise"/>
			</object>
			<object name="Ise3906">
				<integer name="Country" value="2"/>
				<float name="ER" value="500."/>
				<string name="Hull" value="Ise_ALDeck"/>
				<string name="Name" value="Middle2_LowerDeck"/>
				<string name="TypHL" value="Hull"/>
				<string name="UnitName" value="Ise"/>
			</object>
			<object name="Ise3907">
				<integer name="Country" value="2"/>
				<float name="ER" value="500."/>
				<string name="Hull" value="Std_Boiler"/>
				<string name="Name" value="Boiler1"/>
				<string name="TypHL" value="Boiler"/>
				<string name="UnitName" value="Ise"/>
			</object>
			<object name="Ise3908">
				<integer name="Country" value="2"/>
				<float name="ER" value="500."/>
				<string name="Hull" value="Ise_RMBelt"/>
				<string name="Name" value="Middle2_RLowerBelt"/>
				<string name="TypHL" value="Hull"/>
				<string name="UnitName" value="Ise"/>
			</object>
			<object name="Ise3909">
				<integer name="Country" value="2"/>
				<float name="ER" value="500."/>
				<string name="Hull" value="Ise_LMBelt"/>
				<string name="Name" value="Middle2_LLowerBelt"/>
				<string name="TypHL" value="Hull"/>
				<string name="UnitName" value="Ise"/>
			</object>
			<object name="Ise3910">
				<integer name="Country" value="2"/>
				<float name="ER" value="500."/>
				<string name="Hull" value="Ise_RUBelt"/>
				<string name="Name" value="Middle2_RUpperBelt"/>
				<string name="TypHL" value="Hull"/>
				<string name="UnitName" value="Ise"/>
			</object>
			<object name="Ise3911">
				<integer name="Country" value="2"/>
				<float name="ER" value="500."/>
				<string name="Hull" value="Ise_LUBelt"/>
				<string name="Name" value="Middle2_LUpperBelt"/>
				<string name="TypHL" value="Hull"/>
				<string name="UnitName" value="Ise"/>
			</object>
			<object name="Ise3912">
				<integer name="Country" value="2"/>
				<float name="ER" value="500."/>
				<string name="Hull" value="Ise_AMDeck"/>
				<string name="Name" value="Middle2_MiddleDeck"/>
				<string name="TypHL" value="Hull"/>
				<string name="UnitName" value="Ise"/>
			</object>
			<object name="Ise3913">
				<integer name="Country" value="2"/>
				<float name="ER" value="500."/>
				<string name="Hull" value="Std_UpperHull"/>
				<string name="Name" value="Middle2_UperDeck"/>
				<string name="TypHL" value="Hull"/>
				<string name="UnitName" value="Ise"/>
			</object>
			<object name="Ise3914">
				<integer name="Country" value="2"/>
				<float name="ER" value="500."/>
				<string name="Hull" value="Std_Hull"/>
				<string name="Name" value="Middle2_LBoard"/>
				<string name="TypHL" value="Hull"/>
				<string name="UnitName" value="Ise"/>
			</object>
			<object name="Ise3915">
				<integer name="Country" value="2"/>
				<float name="ER" value="500."/>
				<string name="Hull" value="Std_Hull"/>
				<string name="Name" value="Middle2_RBoard"/>
				<string name="TypHL" value="Hull"/>
				<string name="UnitName" value="Ise"/>
			</object>
			<object name="Ise3917">
				<integer name="Country" value="2"/>
				<float name="ER" value="500."/>
				<string name="Hull" value="Std_Bottom"/>
				<string name="Name" value="Middle3_RBottom"/>
				<string name="TypHL" value="FuelTank"/>
				<string name="UnitName" value="Ise"/>
			</object>
			<object name="Ise3918">
				<integer name="Country" value="2"/>
				<float name="ER" value="500."/>
				<string name="Hull" value="Std_Bottom"/>
				<string name="Name" value="Middle3_LBottom"/>
				<string name="TypHL" value="FuelTank"/>
				<string name="UnitName" value="Ise"/>
			</object>
			<object name="Ise3919">
				<integer name="Country" value="2"/>
				<float name="ER" value="500."/>
				<string name="Hull" value="Std_LAMP"/>
				<string name="Name" value="Middle3_LAMP1"/>
				<string name="TypHL" value="Hull"/>
				<string name="UnitName" value="Ise"/>
			</object>
			<object name="Ise3920">
				<integer name="Country" value="2"/>
				<float name="ER" value="500."/>
				<string name="Hull" value="Std_LAMP"/>
				<string name="Name" value="Middle3_LAMP2"/>
				<string name="TypHL" value="Hull"/>
				<string name="UnitName" value="Ise"/>
			</object>
			<object name="Ise3921">
				<integer name="Country" value="2"/>
				<float name="ER" value="500."/>
				<string name="Hull" value="Std_RAMP"/>
				<string name="Name" value="Middle3_RAMP1"/>
				<string name="TypHL" value="Hull"/>
				<string name="UnitName" value="Ise"/>
			</object>
			<object name="Ise3922">
				<integer name="Country" value="2"/>
				<float name="ER" value="500."/>
				<string name="Hull" value="Std_RAMP"/>
				<string name="Name" value="Middle3_RAMP2"/>
				<string name="TypHL" value="Hull"/>
				<string name="UnitName" value="Ise"/>
			</object>
			<object name="Ise3923">
				<integer name="Country" value="2"/>
				<float name="ER" value="500."/>
				<string name="Hull" value="Ise_ALDeck"/>
				<string name="Name" value="Middle3_LowerDeck"/>
				<string name="TypHL" value="Hull"/>
				<string name="UnitName" value="Ise"/>
			</object>
			<object name="Ise3924">
				<integer name="Country" value="2"/>
				<float name="ER" value="500."/>
				<string name="Hull" value="Std_Boiler"/>
				<string name="Name" value="Boiler2"/>
				<string name="TypHL" value="Boiler"/>
				<string name="UnitName" value="Ise"/>
			</object>
			<object name="Ise3925">
				<integer name="Country" value="2"/>
				<float name="ER" value="500."/>
				<string name="Hull" value="Ise_RLBelt"/>
				<string name="Name" value="Middle3_RLowerBelt"/>
				<string name="TypHL" value="Hull"/>
				<string name="UnitName" value="Ise"/>
			</object>
			<object name="Ise3926">
				<integer name="Country" value="2"/>
				<float name="ER" value="500."/>
				<string name="Hull" value="Ise_LLBelt"/>
				<string name="Name" value="Middle3_LLowerBelt"/>
				<string name="TypHL" value="Hull"/>
				<string name="UnitName" value="Ise"/>
			</object>
			<object name="Ise3927">
				<integer name="Country" value="2"/>
				<float name="ER" value="500."/>
				<string name="Hull" value="Ise_RUBelt"/>
				<string name="Name" value="Middle3_RUpperBelt"/>
				<string name="TypHL" value="Hull"/>
				<string name="UnitName" value="Ise"/>
			</object>
			<object name="Ise3928">
				<integer name="Country" value="2"/>
				<float name="ER" value="500."/>
				<string name="Hull" value="Ise_LUBelt"/>
				<string name="Name" value="Middle3_LUpperBelt"/>
				<string name="TypHL" value="Hull"/>
				<string name="UnitName" value="Ise"/>
			</object>
			<object name="Ise3929">
				<integer name="Country" value="2"/>
				<float name="ER" value="500."/>
				<string name="Hull" value="Ise_AMDeck"/>
				<string name="Name" value="Middle3_MiddleDeck"/>
				<string name="TypHL" value="Hull"/>
				<string name="UnitName" value="Ise"/>
			</object>
			<object name="Ise3930">
				<integer name="Country" value="2"/>
				<float name="ER" value="500."/>
				<string name="Hull" value="Std_UpperHull"/>
				<string name="Name" value="Middle3_UpperDeck"/>
				<string name="TypHL" value="Hull"/>
				<string name="UnitName" value="Ise"/>
			</object>
			<object name="Ise3931">
				<integer name="Country" value="2"/>
				<float name="ER" value="500."/>
				<string name="Hull" value="Std_Hull"/>
				<string name="Name" value="Middle3_LBoard"/>
				<string name="TypHL" value="Hull"/>
				<string name="UnitName" value="Ise"/>
			</object>
			<object name="Ise3932">
				<integer name="Country" value="2"/>
				<float name="ER" value="500."/>
				<string name="Hull" value="Std_Hull"/>
				<string name="Name" value="Middle3_RBoard"/>
				<string name="TypHL" value="Hull"/>
				<string name="UnitName" value="Ise"/>
			</object>
			<object name="Ise3934">
				<integer name="Country" value="2"/>
				<float name="ER" value="500."/>
				<string name="Hull" value="Std_Bottom"/>
				<string name="Name" value="Middle4_RBottom"/>
				<string name="TypHL" value="FuelTank"/>
				<string name="UnitName" value="Ise"/>
			</object>
			<object name="Ise3935">
				<integer name="Country" value="2"/>
				<float name="ER" value="500."/>
				<string name="Hull" value="Std_Bottom"/>
				<string name="Name" value="Middle4_LBottom"/>
				<string name="TypHL" value="FuelTank"/>
				<string name="UnitName" value="Ise"/>
			</object>
			<object name="Ise3936">
				<integer name="Country" value="2"/>
				<float name="ER" value="500."/>
				<string name="Hull" value="Std_LAMP"/>
				<string name="Name" value="Middle4_LAMP1"/>
				<string name="TypHL" value="Hull"/>
				<string name="UnitName" value="Ise"/>
			</object>
			<object name="Ise3937">
				<integer name="Country" value="2"/>
				<float name="ER" value="500."/>
				<string name="Hull" value="Std_LAMP"/>
				<string name="Name" value="Middle4_LAMP2"/>
				<string name="TypHL" value="Hull"/>
				<string name="UnitName" value="Ise"/>
			</object>
			<object name="Ise3938">
				<integer name="Country" value="2"/>
				<float name="ER" value="500."/>
				<string name="Hull" value="Std_RAMP"/>
				<string name="Name" value="Middle4_RAMP1"/>
				<string name="TypHL" value="Hull"/>
				<string name="UnitName" value="Ise"/>
			</object>
			<object name="Ise3939">
				<integer name="Country" value="2"/>
				<float name="ER" value="500."/>
				<string name="Hull" value="Std_RAMP"/>
				<string name="Name" value="Middle4_RAMP2"/>
				<string name="TypHL" value="Hull"/>
				<string name="UnitName" value="Ise"/>
			</object>
			<object name="Ise3940">
				<integer name="Country" value="2"/>
				<float name="ER" value="500."/>
				<string name="Hull" value="Ise_ALDeck"/>
				<string name="Name" value="Middle4_CLowerDeck1"/>
				<string name="TypHL" value="Hull"/>
				<string name="UnitName" value="Ise"/>
			</object>
			<object name="Ise3941">
				<integer name="Country" value="2"/>
				<float name="ER" value="500."/>
				<string name="Hull" value="Ise_ALDeck"/>
				<string name="Name" value="Middle4_RLowerDeck1"/>
				<string name="TypHL" value="Hull"/>
				<string name="UnitName" value="Ise"/>
			</object>
			<object name="Ise3942">
				<string name="ConnectName" value="Boiler1"/>
				<integer name="Country" value="2"/>
				<float name="ER" value="500."/>
				<string name="Hull" value="Std_Engine"/>
				<string name="Name" value="Engine1"/>
				<string name="TypHL" value="Engine"/>
				<string name="UnitName" value="Ise"/>
			</object>
			<object name="Ise3943">
				<integer name="Country" value="2"/>
				<float name="ER" value="500."/>
				<string name="Hull" value="Ise_ALDeck"/>
				<string name="Name" value="Middle4_LLowerDeck1"/>
				<string name="TypHL" value="Hull"/>
				<string name="UnitName" value="Ise"/>
			</object>
			<object name="Ise3944">
				<string name="ConnectName" value="Boiler1"/>
				<integer name="Country" value="2"/>
				<float name="ER" value="500."/>
				<string name="Hull" value="Std_Engine"/>
				<string name="Name" value="Engine2"/>
				<string name="TypHL" value="Engine"/>
				<string name="UnitName" value="Ise"/>
			</object>
			<object name="Ise3945">
				<integer name="Country" value="2"/>
				<float name="ER" value="500."/>
				<string name="Hull" value="Ise_ALDeck"/>
				<string name="Name" value="Middle4_RLowerDeck2"/>
				<string name="TypHL" value="Hull"/>
				<string name="UnitName" value="Ise"/>
			</object>
			<object name="Ise3946">
				<integer name="Country" value="2"/>
				<float name="ER" value="500."/>
				<string name="Hull" value="Ise_ALDeck"/>
				<string name="Name" value="Middle4_CLowerDeck2"/>
				<string name="TypHL" value="Hull"/>
				<string name="UnitName" value="Ise"/>
			</object>
			<object name="Ise3947">
				<string name="ConnectName" value="Boiler2"/>
				<integer name="Country" value="2"/>
				<float name="ER" value="500."/>
				<string name="Hull" value="Std_Engine"/>
				<string name="Name" value="Engine3"/>
				<string name="TypHL" value="Engine"/>
				<string name="UnitName" value="Ise"/>
			</object>
			<object name="Ise3948">
				<string name="ConnectName" value="Boiler2"/>
				<integer name="Country" value="2"/>
				<float name="ER" value="500."/>
				<string name="Hull" value="Std_Engine"/>
				<string name="Name" value="Engine4"/>
				<string name="TypHL" value="Engine"/>
				<string name="UnitName" value="Ise"/>
			</object>
			<object name="Ise3949">
				<integer name="Country" value="2"/>
				<float name="ER" value="500."/>
				<string name="Hull" value="Ise_ALDeck"/>
				<string name="Name" value="Middle4_LLowerDeck2"/>
				<string name="TypHL" value="Hull"/>
				<string name="UnitName" value="Ise"/>
			</object>
			<object name="Ise3950">
				<integer name="Country" value="2"/>
				<float name="ER" value="500."/>
				<string name="Hull" value="Ise_RMBelt"/>
				<string name="Name" value="Middle4_RLoerBelt"/>
				<string name="TypHL" value="Hull"/>
				<string name="UnitName" value="Ise"/>
			</object>
			<object name="Ise3951">
				<integer name="Country" value="2"/>
				<float name="ER" value="500."/>
				<string name="Hull" value="Ise_LMBelt"/>
				<string name="Name" value="Middle4_LLowerBelt"/>
				<string name="TypHL" value="Hull"/>
				<string name="UnitName" value="Ise"/>
			</object>
			<object name="Ise3952">
				<integer name="Country" value="2"/>
				<float name="ER" value="500."/>
				<string name="Hull" value="Ise_RUBelt"/>
				<string name="Name" value="Middle4_RUpperBelt"/>
				<string name="TypHL" value="Hull"/>
				<string name="UnitName" value="Ise"/>
			</object>
			<object name="Ise3953">
				<integer name="Country" value="2"/>
				<float name="ER" value="500."/>
				<string name="Hull" value="Ise_LUBelt"/>
				<string name="Name" value="Middle4_LUpperBelt"/>
				<string name="TypHL" value="Hull"/>
				<string name="UnitName" value="Ise"/>
			</object>
			<object name="Ise3954">
				<integer name="Country" value="2"/>
				<float name="ER" value="500."/>
				<string name="Hull" value="Ise_AMDeck"/>
				<string name="Name" value="Middle4_MiddleDeck"/>
				<string name="TypHL" value="Hull"/>
				<string name="UnitName" value="Ise"/>
			</object>
			<object name="Ise3955">
				<integer name="Country" value="2"/>
				<float name="ER" value="500."/>
				<string name="Hull" value="Std_UpperHull"/>
				<string name="Name" value="Middle4_UpperDeck"/>
				<string name="TypHL" value="Hull"/>
				<string name="UnitName" value="Ise"/>
			</object>
			<object name="Ise3956">
				<integer name="Country" value="2"/>
				<float name="ER" value="500."/>
				<string name="Hull" value="Std_Hull"/>
				<string name="Name" value="Middle4_LBoard"/>
				<string name="TypHL" value="Hull"/>
				<string name="UnitName" value="Ise"/>
			</object>
			<object name="Ise3957">
				<integer name="Country" value="2"/>
				<float name="ER" value="500."/>
				<string name="Hull" value="Std_Hull"/>
				<string name="Name" value="Middle4_RBoard"/>
				<string name="TypHL" value="Hull"/>
				<string name="UnitName" value="Ise"/>
			</object>
			<object name="Ise3959">
				<integer name="Country" value="2"/>
				<float name="ER" value="500."/>
				<string name="Hull" value="Ise_Barbet"/>
				<string name="Name" value="Barbett3"/>
				<string name="TypHL" value="Hull"/>
				<string name="UnitName" value="Ise"/>
			</object>
			<object name="Ise3960">
				<integer name="Country" value="2"/>
				<float name="ER" value="500."/>
				<string name="Hull" value="Ise_Barbet"/>
				<string name="Name" value="Barbett4"/>
				<string name="TypHL" value="Hull"/>
				<string name="UnitName" value="Ise"/>
			</object>
			<object name="Ise3961">
				<integer name="Country" value="2"/>
				<float name="ER" value="500."/>
				<string name="Hull" value="Std_Bottom"/>
				<string name="Name" value="Stern1_RBottom"/>
				<string name="TypHL" value="Hull"/>
				<string name="UnitName" value="Ise"/>
			</object>
			<object name="Ise3962">
				<integer name="Country" value="2"/>
				<float name="ER" value="500."/>
				<string name="Hull" value="Std_Bottom"/>
				<string name="Name" value="Stern1_LBottom"/>
				<string name="TypHL" value="Hull"/>
				<string name="UnitName" value="Ise"/>
			</object>
			<object name="Ise3963">
				<integer name="Country" value="2"/>
				<float name="ER" value="500."/>
				<string name="Hull" value="Std_LAMP"/>
				<string name="Name" value="Stern1_LAMP"/>
				<string name="TypHL" value="Hull"/>
				<string name="UnitName" value="Ise"/>
			</object>
			<object name="Ise3964">
				<integer name="Country" value="2"/>
				<float name="ER" value="500."/>
				<string name="Hull" value="Ise_ALSDeck"/>
				<string name="Name" value="Stern1_LowerDeck"/>
				<string name="TypHL" value="Hull"/>
				<string name="UnitName" value="Ise"/>
			</object>
			<object name="Ise3965">
				<integer name="Country" value="2"/>
				<float name="ER" value="500."/>
				<string name="Hull" value="Std_AS_T2"/>
				<string name="Name" value="AmmoStore_4"/>
				<string name="TypHL" value="AmmoStore"/>
				<string name="UnitName" value="Ise"/>
			</object>
			<object name="Ise3966">
				<integer name="Country" value="2"/>
				<float name="ER" value="500."/>
				<string name="Hull" value="Std_AS_T2"/>
				<string name="Name" value="AmmoStore_3"/>
				<string name="TypHL" value="AmmoStore"/>
				<string name="UnitName" value="Ise"/>
			</object>
			<object name="Ise3967">
				<integer name="Country" value="2"/>
				<float name="ER" value="500."/>
				<string name="Hull" value="Std_Hull"/>
				<string name="Name" value="Bow1_LowerDeck"/>
				<string name="TypHL" value="Hull"/>
				<string name="UnitName" value="Ise"/>
			</object>
			<object name="Ise3968">
				<integer name="Country" value="2"/>
				<float name="ER" value="500."/>
				<string name="Hull" value="Std_RAMP"/>
				<string name="Name" value="Stern1_RAMP"/>
				<string name="TypHL" value="Hull"/>
				<string name="UnitName" value="Ise"/>
			</object>
			<object name="Ise3969">
				<integer name="Country" value="2"/>
				<float name="ER" value="500."/>
				<string name="Hull" value="Ise_RMSBelt"/>
				<string name="Name" value="Stern1_RLowerBelt"/>
				<string name="TypHL" value="Hull"/>
				<string name="UnitName" value="Ise"/>
			</object>
			<object name="Ise3970">
				<integer name="Country" value="2"/>
				<float name="ER" value="500."/>
				<string name="Hull" value="Ise_LMSBelt"/>
				<string name="Name" value="Stern1_LLowerBelt"/>
				<string name="TypHL" value="Hull"/>
				<string name="UnitName" value="Ise"/>
			</object>
			<object name="Ise3971">
				<integer name="Country" value="2"/>
				<float name="ER" value="500."/>
				<string name="Hull" value="Ise_RUSBelt"/>
				<string name="Name" value="Stern1_RUpperBelt"/>
				<string name="TypHL" value="Hull"/>
				<string name="UnitName" value="Ise"/>
			</object>
			<object name="Ise3972">
				<integer name="Country" value="2"/>
				<float name="ER" value="500."/>
				<string name="Hull" value="Ise_LUSBelt"/>
				<string name="Name" value="Stern1_LUpperBelt"/>
				<string name="TypHL" value="Hull"/>
				<string name="UnitName" value="Ise"/>
			</object>
			<object name="Ise3973">
				<integer name="Country" value="2"/>
				<float name="ER" value="500."/>
				<string name="Hull" value="Ise_AMSDeck"/>
				<string name="Name" value="Stern1_MiddleDeck"/>
				<string name="TypHL" value="Hull"/>
				<string name="UnitName" value="Ise"/>
			</object>
			<object name="Ise3974">
				<integer name="Country" value="2"/>
				<float name="ER" value="500."/>
				<string name="Hull" value="Std_UpperHull"/>
				<string name="Name" value="Stern1_UpperDeck"/>
				<string name="TypHL" value="Hull"/>
				<string name="UnitName" value="Ise"/>
			</object>
			<object name="Ise3975">
				<integer name="Country" value="2"/>
				<float name="ER" value="500."/>
				<string name="Hull" value="Std_Bottom"/>
				<string name="Name" value="Bow1_Bottom"/>
				<string name="TypHL" value="Hull"/>
				<string name="UnitName" value="Ise"/>
			</object>
			<object name="Ise3976">
				<integer name="Country" value="2"/>
				<float name="ER" value="500."/>
				<string name="Hull" value="Std_Hull"/>
				<string name="Name" value="Bow1_MiddleDeck"/>
				<string name="TypHL" value="Hull"/>
				<string name="UnitName" value="Ise"/>
			</object>
			<object name="Ise3977">
				<integer name="Country" value="2"/>
				<float name="ER" value="500."/>
				<string name="Hull" value="Std_UpperHull"/>
				<string name="Name" value="Bow1_UpperDeck"/>
				<string name="TypHL" value="Hull"/>
				<string name="UnitName" value="Ise"/>
			</object>
			<object name="Ise3978">
				<integer name="Country" value="2"/>
				<float name="ER" value="500."/>
				<string name="Hull" value="Std_UpperHull"/>
				<string name="Name" value="Stern2_Deck"/>
				<string name="TypHL" value="Hull"/>
				<string name="UnitName" value="Ise"/>
			</object>
			<object name="Ise3979">
				<integer name="Country" value="2"/>
				<float name="ER" value="500."/>
				<string name="Hull" value="Ise_Tiller"/>
				<string name="Name" value="Tiller"/>
				<string name="TypHL" value="Hull"/>
				<string name="UnitName" value="Ise"/>
			</object>
			<object name="Ise7709">
				<integer name="Country" value="2"/>
				<float name="ER" value="500."/>
				<string name="Hull" value="Ise_ALBDeck"/>
				<string name="Name" value="Bow2_LowerDeck"/>
				<string name="TypHL" value="Hull"/>
				<string name="UnitName" value="Ise"/>
			</object>
			<object name="7915">
				<integer name="Country" value="2"/>
				<float name="ER" value="450."/>
				<string name="Hull" value="Std_Turret_RF"/>
				<string name="Name" value="Rangefinder"/>
				<string name="TypHL" value="Probe"/>
				<string name="UnitName" value="Main_Turret_Nagato"/>
			</object>
			<object name="7916">
				<integer name="Country" value="2"/>
				<float name="ER" value="450."/>
				<string name="Hull" value="Nagato_MTurret"/>
				<string name="Name" value="Turret"/>
				<string name="TypHL" value="AmmoStore"/>
				<string name="UnitName" value="Main_Turret_Nagato"/>
			</object>
			<object name="7917">
				<integer name="Country" value="2"/>
				<float name="ER" value="450."/>
				<string name="Hull" value="Nagato_MTShakegeban"/>
				<string name="Name" value="Shakegiban"/>
				<string name="TypHL" value="Probe"/>
				<string name="UnitName" value="Main_Turret_Nagato"/>
			</object>
			<object name="Ise9272">
				<integer name="Country" value="2"/>
				<integer name="Crew" value="800"/>
				<float name="ER" value="500."/>
				<string name="Hull" value="Std_Hull"/>
				<string name="Name" value="ConingBridge"/>
				<string name="TypHL" value="Crew"/>
				<string name="UnitName" value="Ise"/>
			</object>
			<object name="Ise9273">
				<integer name="Country" value="2"/>
				<integer name="Crew" value="800"/>
				<float name="ER" value="500."/>
				<string name="Hull" value="Std_Hull"/>
				<string name="Name" value="BowSuperstructure"/>
				<string name="TypHL" value="Crew"/>
				<string name="UnitName" value="Ise"/>
			</object>
			<object name="Ise9274">
				<integer name="Country" value="2"/>
				<float name="ER" value="500."/>
				<string name="Hull" value="Std_Hull"/>
				<string name="Name" value="SmokeStack"/>
				<string name="TypHL" value="Hull"/>
				<string name="UnitName" value="Ise"/>
			</object>
		</object>
		<object name="Hulls">
			<object name="Ise_ALBDeck">
				<integer name="Back" value="254"/>
				<integer name="Bottom" value="1"/>
				<integer name="Country" value="2"/>
				<float name="ExplProb" value="0."/>
				<float name="FireProb" value="0."/>
				<integer name="Front" value="0"/>
				<integer name="Left" value="1"/>
				<string name="Material" value="Armored"/>
				<integer name="Right" value="1"/>
				<integer name="Top" value="178"/>
				<integer name="UnitName" value="0"/>
				<string name="UnitTyp" value="Ship"/>
			</object>
			<object name="Ise_ALDeck">
				<integer name="Back" value="1"/>
				<integer name="Bottom" value="1"/>
				<integer name="Country" value="2"/>
				<float name="ExplProb" value="0."/>
				<float name="FireProb" value="0."/>
				<integer name="Front" value="1"/>
				<integer name="Left" value="1"/>
				<string name="Material" value="Armored"/>
				<integer name="Right" value="1"/>
				<integer name="Top" value="178"/>
				<integer name="UnitName" value="0"/>
				<string name="UnitTyp" value="Ship"/>
			</object>
			<object name="Ise_ALSDeck">
				<integer name="Back" value="254"/>
				<integer name="Bottom" value="1"/>
				<integer name="Country" value="2"/>
				<float name="ExplProb" value="0."/>
				<float name="FireProb" value="0."/>
				<integer name="Front" value="0"/>
				<integer name="Left" value="1"/>
				<string name="Material" value="Armored"/>
				<integer name="Right" value="1"/>
				<integer name="Top" value="178"/>
				<integer name="UnitName" value="0"/>
				<string name="UnitTyp" value="Ship"/>
			</object>
			<object name="Ise_AMBDeck">
				<integer name="Back" value="0"/>
				<integer name="Bottom" value="1"/>
				<integer name="Country" value="2"/>
				<float name="ExplProb" value="0."/>
				<float name="FireProb" value="0."/>
				<integer name="Front" value="330"/>
				<integer name="Left" value="1"/>
				<string name="Material" value="Armored"/>
				<integer name="Right" value="1"/>
				<integer name="Top" value="70"/>
				<integer name="UnitName" value="0"/>
				<string name="UnitTyp" value="Ship"/>
			</object>
			<object name="Ise_AMDeck">
				<integer name="Back" value="1"/>
				<integer name="Bottom" value="1"/>
				<integer name="Country" value="2"/>
				<float name="ExplProb" value="0."/>
				<float name="FireProb" value="0."/>
				<integer name="Front" value="1"/>
				<integer name="Left" value="1"/>
				<string name="Material" value="Armored"/>
				<integer name="Right" value="1"/>
				<integer name="Top" value="70"/>
				<integer name="UnitName" value="0"/>
				<string name="UnitTyp" value="Ship"/>
			</object>
			<object name="Ise_AMSDeck">
				<integer name="Back" value="0"/>
				<integer name="Bottom" value="1"/>
				<integer name="Country" value="2"/>
				<float name="ExplProb" value="0."/>
				<float name="FireProb" value="0."/>
				<integer name="Front" value="254"/>
				<integer name="Left" value="1"/>
				<string name="Material" value="Armored"/>
				<integer name="Right" value="1"/>
				<integer name="Top" value="70"/>
				<integer name="UnitName" value="0"/>
				<string name="UnitTyp" value="Ship"/>
			</object>
			<object name="Ise_Barbet">
				<integer name="Back" value="305"/>
				<integer name="Bottom" value="10"/>
				<integer name="Country" value="2"/>
				<float name="ExplProb" value="10."/>
				<float name="FireProb" value="30."/>
				<integer name="Front" value="305"/>
				<integer name="Left" value="305"/>
				<string name="Material" value="Armored"/>
				<integer name="Right" value="305"/>
				<integer name="Top" value="305"/>
				<integer name="UnitName" value="0"/>
				<string name="UnitTyp" value="Ship"/>
			</object>
			<object name="Ise_BattleCabine">
				<integer name="Back" value="330"/>
				<integer name="Bottom" value="76"/>
				<integer name="Country" value="2"/>
				<float name="ExplProb" value="0."/>
				<float name="FireProb" value="0."/>
				<integer name="Front" value="330"/>
				<integer name="Left" value="330"/>
				<string name="Material" value="Armored"/>
				<integer name="Right" value="330"/>
				<integer name="Top" value="152"/>
				<integer name="UnitName" value="0"/>
				<string name="UnitTyp" value="Ship"/>
			</object>
			<object name="Ise_LLBBelt">
				<integer name="Back" value="0"/>
				<integer name="Bottom" value="0"/>
				<integer name="Country" value="2"/>
				<float name="ExplProb" value="0."/>
				<float name="FireProb" value="0."/>
				<integer name="Front" value="0"/>
				<integer name="Left" value="90"/>
				<string name="Material" value="Armored"/>
				<integer name="Right" value="0"/>
				<integer name="Top" value="50"/>
				<integer name="UnitName" value="0"/>
				<string name="UnitTyp" value="Ship"/>
			</object>
			<object name="Ise_LLBelt">
				<integer name="Back" value="0"/>
				<integer name="Bottom" value="0"/>
				<integer name="Country" value="2"/>
				<float name="ExplProb" value="0."/>
				<float name="FireProb" value="0."/>
				<integer name="Front" value="0"/>
				<integer name="Left" value="305"/>
				<string name="Material" value="Armored"/>
				<integer name="Right" value="0"/>
				<integer name="Top" value="200"/>
				<integer name="UnitName" value="0"/>
				<string name="UnitTyp" value="Ship"/>
			</object>
			<object name="Ise_LLSBelt">
				<integer name="Back" value="0"/>
				<integer name="Bottom" value="0"/>
				<integer name="Country" value="2"/>
				<float name="ExplProb" value="0."/>
				<float name="FireProb" value="0."/>
				<integer name="Front" value="0"/>
				<integer name="Left" value="90"/>
				<string name="Material" value="Armored"/>
				<integer name="Right" value="0"/>
				<integer name="Top" value="50"/>
				<integer name="UnitName" value="0"/>
				<string name="UnitTyp" value="Ship"/>
			</object>
			<object name="Ise_LMBBelt">
				<integer name="Back" value="0"/>
				<integer name="Bottom" value="1"/>
				<integer name="Country" value="2"/>
				<float name="ExplProb" value="0."/>
				<float name="FireProb" value="0."/>
				<integer name="Front" value="330"/>
				<integer name="Left" value="305"/>
				<string name="Material" value="Armored"/>
				<integer name="Right" value="1"/>
				<integer name="Top" value="280"/>
				<integer name="UnitName" value="0"/>
				<string name="UnitTyp" value="Ship"/>
			</object>
			<object name="Ise_LMBelt">
				<integer name="Back" value="1"/>
				<integer name="Bottom" value="1"/>
				<integer name="Country" value="2"/>
				<float name="ExplProb" value="0."/>
				<float name="FireProb" value="0."/>
				<integer name="Front" value="1"/>
				<integer name="Left" value="305"/>
				<string name="Material" value="Armored"/>
				<integer name="Right" value="1"/>
				<integer name="Top" value="280"/>
				<integer name="UnitName" value="0"/>
				<string name="UnitTyp" value="Ship"/>
			</object>
			<object name="Ise_LMSBelt">
				<integer name="Back" value="254"/>
				<integer name="Bottom" value="1"/>
				<integer name="Country" value="2"/>
				<float name="ExplProb" value="0."/>
				<float name="FireProb" value="0."/>
				<integer name="Front" value="1"/>
				<integer name="Left" value="305"/>
				<string name="Material" value="Armored"/>
				<integer name="Right" value="1"/>
				<integer name="Top" value="280"/>
				<integer name="UnitName" value="0"/>
				<string name="UnitTyp" value="Ship"/>
			</object>
			<object name="Ise_LUBBelt">
				<integer name="Back" value="0"/>
				<integer name="Bottom" value="0"/>
				<integer name="Country" value="2"/>
				<float name="ExplProb" value="0."/>
				<float name="FireProb" value="0."/>
				<integer name="Front" value="0"/>
				<integer name="Left" value="90"/>
				<string name="Material" value="Armored"/>
				<integer name="Right" value="0"/>
				<integer name="Top" value="50"/>
				<integer name="UnitName" value="0"/>
				<string name="UnitTyp" value="Ship"/>
			</object>
			<object name="Ise_LUBelt">
				<integer name="Back" value="1"/>
				<integer name="Bottom" value="1"/>
				<integer name="Country" value="2"/>
				<float name="ExplProb" value="0."/>
				<float name="FireProb" value="0."/>
				<integer name="Front" value="1"/>
				<integer name="Left" value="229"/>
				<string name="Material" value="Armored"/>
				<integer name="Right" value="1"/>
				<integer name="Top" value="70"/>
				<integer name="UnitName" value="0"/>
				<string name="UnitTyp" value="Ship"/>
			</object>
			<object name="Ise_LUSBelt">
				<integer name="Back" value="254"/>
				<integer name="Bottom" value="1"/>
				<integer name="Country" value="2"/>
				<float name="ExplProb" value="0."/>
				<float name="FireProb" value="0."/>
				<integer name="Front" value="1"/>
				<integer name="Left" value="229"/>
				<string name="Material" value="Armored"/>
				<integer name="Right" value="1"/>
				<integer name="Top" value="70"/>
				<integer name="UnitName" value="0"/>
				<string name="UnitTyp" value="Ship"/>
			</object>
			<object name="Ise_MTShakegeban">
				<integer name="Back" value="190"/>
				<integer name="Bottom" value="25"/>
				<integer name="Country" value="2"/>
				<float name="ExplProb" value="0."/>
				<float name="FireProb" value="30."/>
				<integer name="Front" value="0"/>
				<integer name="Left" value="280"/>
				<string name="Material" value="Armored"/>
				<integer name="Right" value="280"/>
				<integer name="Top" value="240"/>
				<integer name="UnitName" value="0"/>
				<string name="UnitTyp" value="Turret"/>
			</object>
			<object name="Ise_MTurret">
				<integer name="Back" value="356"/>
				<integer name="Bottom" value="50"/>
				<integer name="Country" value="2"/>
				<float name="ExplProb" value="20."/>
				<float name="FireProb" value="30."/>
				<integer name="Front" value="508"/>
				<integer name="Left" value="356"/>
				<string name="Material" value="Armored"/>
				<integer name="Right" value="356"/>
				<integer name="Top" value="254"/>
				<integer name="UnitName" value="0"/>
				<string name="UnitTyp" value="Turret"/>
			</object>
			<object name="Ise_RLBBelt">
				<integer name="Back" value="0"/>
				<integer name="Bottom" value="0"/>
				<integer name="Country" value="2"/>
				<float name="ExplProb" value="0."/>
				<float name="FireProb" value="0."/>
				<integer name="Front" value="0"/>
				<integer name="Left" value="0"/>
				<string name="Material" value="Armored"/>
				<integer name="Right" value="90"/>
				<integer name="Top" value="50"/>
				<integer name="UnitName" value="0"/>
				<string name="UnitTyp" value="Ship"/>
			</object>
			<object name="Ise_RLBelt">
				<integer name="Back" value="0"/>
				<integer name="Bottom" value="0"/>
				<integer name="Country" value="2"/>
				<float name="ExplProb" value="0."/>
				<float name="FireProb" value="0."/>
				<integer name="Front" value="0"/>
				<integer name="Left" value="0"/>
				<string name="Material" value="Armored"/>
				<integer name="Right" value="305"/>
				<integer name="Top" value="200"/>
				<integer name="UnitName" value="0"/>
				<string name="UnitTyp" value="Ship"/>
			</object>
			<object name="Ise_RLSBelt">
				<integer name="Back" value="0"/>
				<integer name="Bottom" value="0"/>
				<integer name="Country" value="2"/>
				<float name="ExplProb" value="0."/>
				<float name="FireProb" value="0."/>
				<integer name="Front" value="0"/>
				<integer name="Left" value="0"/>
				<string name="Material" value="Armored"/>
				<integer name="Right" value="90"/>
				<integer name="Top" value="50"/>
				<integer name="UnitName" value="0"/>
				<string name="UnitTyp" value="Ship"/>
			</object>
			<object name="Ise_RMBBelt">
				<integer name="Back" value="0"/>
				<integer name="Bottom" value="1"/>
				<integer name="Country" value="2"/>
				<float name="ExplProb" value="0."/>
				<float name="FireProb" value="0."/>
				<integer name="Front" value="330"/>
				<integer name="Left" value="1"/>
				<string name="Material" value="Armored"/>
				<integer name="Right" value="305"/>
				<integer name="Top" value="280"/>
				<integer name="UnitName" value="0"/>
				<string name="UnitTyp" value="Ship"/>
			</object>
			<object name="Ise_RMBelt">
				<integer name="Back" value="1"/>
				<integer name="Bottom" value="1"/>
				<integer name="Country" value="2"/>
				<float name="ExplProb" value="0."/>
				<float name="FireProb" value="0."/>
				<integer name="Front" value="1"/>
				<integer name="Left" value="1"/>
				<string name="Material" value="Armored"/>
				<integer name="Right" value="305"/>
				<integer name="Top" value="280"/>
				<integer name="UnitName" value="0"/>
				<string name="UnitTyp" value="Ship"/>
			</object>
			<object name="Ise_RMSBelt">
				<integer name="Back" value="254"/>
				<integer name="Bottom" value="1"/>
				<integer name="Country" value="2"/>
				<float name="ExplProb" value="0."/>
				<float name="FireProb" value="0."/>
				<integer name="Front" value="1"/>
				<integer name="Left" value="1"/>
				<string name="Material" value="Armored"/>
				<integer name="Right" value="305"/>
				<integer name="Top" value="280"/>
				<integer name="UnitName" value="0"/>
				<string name="UnitTyp" value="Ship"/>
			</object>
			<object name="Ise_RUBBelt">
				<integer name="Back" value="0"/>
				<integer name="Bottom" value="0"/>
				<integer name="Country" value="2"/>
				<float name="ExplProb" value="0."/>
				<float name="FireProb" value="0."/>
				<integer name="Front" value="0"/>
				<integer name="Left" value="0"/>
				<string name="Material" value="Armored"/>
				<integer name="Right" value="90"/>
				<integer name="Top" value="50"/>
				<integer name="UnitName" value="0"/>
				<string name="UnitTyp" value="Ship"/>
			</object>
			<object name="Ise_RUBelt">
				<integer name="Back" value="1"/>
				<integer name="Bottom" value="1"/>
				<integer name="Country" value="2"/>
				<float name="ExplProb" value="0."/>
				<float name="FireProb" value="0."/>
				<integer name="Front" value="1"/>
				<integer name="Left" value="1"/>
				<string name="Material" value="Armored"/>
				<integer name="Right" value="229"/>
				<integer name="Top" value="70"/>
				<integer name="UnitName" value="0"/>
				<string name="UnitTyp" value="Ship"/>
			</object>
			<object name="Ise_RUSBelt">
				<integer name="Back" value="254"/>
				<integer name="Bottom" value="1"/>
				<integer name="Country" value="2"/>
				<float name="ExplProb" value="0."/>
				<float name="FireProb" value="0."/>
				<integer name="Front" value="1"/>
				<integer name="Left" value="1"/>
				<string name="Material" value="Armored"/>
				<integer name="Right" value="229"/>
				<integer name="Top" value="70"/>
				<integer name="UnitName" value="0"/>
				<string name="UnitTyp" value="Ship"/>
			</object>
			<object name="Ise_Tiller">
				<integer name="Back" value="19"/>
				<integer name="Bottom" value="19"/>
				<integer name="Country" value="2"/>
				<float name="ExplProb" value="0."/>
				<float name="FireProb" value="0."/>
				<integer name="Front" value="19"/>
				<integer name="Left" value="19"/>
				<string name="Material" value="Armored"/>
				<integer name="Right" value="19"/>
				<integer name="Top" value="19"/>
				<integer name="UnitName" value="0"/>
				<string name="UnitTyp" value="Ship"/>
			</object>
		</object>
		<object name="ShipsNames">
			<object name="Ise">
				<string name="1" value="Ise1"/>
			</object>
		</object>
		<object name="UnitsByType">
			<object name="1">
				<object name="Ise">
					<string name="ChildTable" value="Ships"/>
				</object>
			</object>
		</object>
	</object>
</root>
