﻿xml version="1.0" standalone="yes" ?>
<root>
	<object name="Modifications">
		<object name="SubUnits">
			<object name="4x380mm_Richelieu_Turret_1VF">
				<object name="TPort_01">
					<string name="Device" value="4x380mm_Richelieu_Stvol"/>
					<string name="Table" value="Rifles"/>
				</object>
				<object name="TPort_02">
					<string name="Device" value="4x380mm_Richelieu_Stvol"/>
					<string name="Table" value="Rifles"/>
				</object>
				<object name="TPort_03">
					<string name="Device" value="4x380mm_Richelieu_Stvol"/>
					<string name="Table" value="Rifles"/>
				</object>
				<object name="TPort_04">
					<string name="Device" value="4x380mm_Richelieu_Stvol"/>
					<string name="Table" value="Rifles"/>
				</object>
			</object>
			<object name="4x380mm_Richelieu_Turret_2V">
				<object name="TPort_01">
					<string name="Device" value="4x380mm_Richelieu_Stvol"/>
					<string name="Table" value="Rifles"/>
				</object>
				<object name="TPort_02">
					<string name="Device" value="4x380mm_Richelieu_Stvol"/>
					<string name="Table" value="Rifles"/>
				</object>
				<object name="TPort_03">
					<string name="Device" value="4x380mm_Richelieu_Stvol"/>
					<string name="Table" value="Rifles"/>
				</object>
				<object name="TPort_04">
					<string name="Device" value="4x380mm_Richelieu_Stvol"/>
					<string name="Table" value="Rifles"/>
				</object>
			</object>
		</object>
	</object>
</root>
