﻿<?xml version="1.0" standalone="yes" ?>
<root>
	<object name="SteelMonstersParams">
		<object name="Hit_Location">
			<object name="8140">
				<integer name="Country" value="1"/>
				<float name="ER" value="3."/>
				<string name="Hull" value="Std_Radar"/>
				<string name="Name" value="Radar"/>
				<string name="TypHL" value="Probe"/>
				<string name="UnitName" value="Baltimor_Radar_SR"/>
			</object>
			<object name="8141">
				<integer name="Country" value="1"/>
				<float name="ER" value="3.e-002"/>
				<string name="Hull" value="Std_Radar"/>
				<string name="Name" value="Radar"/>
				<string name="TypHL" value="Probe"/>
				<string name="UnitName" value="Casablanca_Radar_SM"/>
			</object>
			<object name="8142">
				<integer name="Country" value="1"/>
				<float name="ER" value="3.e-002"/>
				<string name="Hull" value="Std_Radar"/>
				<string name="Name" value="Radar"/>
				<string name="TypHL" value="Probe"/>
				<string name="UnitName" value="Casablanca_Radar_SR"/>
			</object>
			<object name="8175">
				<float name="ER" value="0.5"/>
				<string name="Hull" value="Std_Radar"/>
				<string name="Name" value="Radar"/>
				<string name="TypHL" value="Probe"/>
				<string name="UnitName" value="Director_T1_Small"/>
			</object>
			<object name="8176">
				<integer name="Country" value="1"/>
				<float name="ER" value="0.3"/>
				<string name="Hull" value="Std_Radar"/>
				<string name="Name" value="Radar"/>
				<string name="TypHL" value="Probe"/>
				<string name="UnitName" value="Iowa_Radar_SR"/>
			</object>
			<object name="8177">
				<integer name="Country" value="1"/>
				<float name="ER" value="0.4"/>
				<string name="Hull" value="Std_Radar"/>
				<string name="Name" value="Radar"/>
				<string name="TypHL" value="Probe"/>
				<string name="UnitName" value="Lexington_Radar_SM"/>
			</object>
			<object name="8178">
				<integer name="Country" value="1"/>
				<float name="ER" value="0.4"/>
				<string name="Hull" value="Std_Radar"/>
				<string name="Name" value="Radar"/>
				<string name="TypHL" value="Probe"/>
				<string name="UnitName" value="Lexington_Radar_SR"/>
			</object>
			<object name="8195">
				<integer name="Country" value="1"/>
				<float name="ER" value="0.4"/>
				<string name="Hull" value="Std_Radar"/>
				<string name="Name" value="Radar"/>
				<string name="TypHL" value="Probe"/>
				<string name="UnitName" value="Radar_MK38"/>
			</object>
			<object name="8196">
				<integer name="Country" value="1"/>
				<float name="ER" value="2.e-002"/>
				<string name="Hull" value="Std_RF"/>
				<string name="Name" value="RRangefinder"/>
				<string name="TypHL" value="Probe"/>
				<string name="UnitName" value="Radar_MK38"/>
			</object>
			<object name="8197">
				<integer name="Country" value="1"/>
				<float name="ER" value="2.e-002"/>
				<string name="Hull" value="Std_RF"/>
				<string name="Name" value="LRangefinder"/>
				<string name="TypHL" value="Probe"/>
				<string name="UnitName" value="Radar_MK38"/>
			</object>
			<object name="8198">
				<integer name="Country" value="1"/>
				<float name="ER" value="3."/>
				<string name="Hull" value="Std_Guns"/>
				<string name="Name" value="KDP"/>
				<string name="TypHL" value="Probe"/>
				<string name="UnitName" value="Radar_MK38"/>
			</object>
			<object name="8199">
				<integer name="Country" value="1"/>
				<float name="ER" value="0.4"/>
				<string name="Hull" value="Std_Radar"/>
				<string name="Name" value="Radar"/>
				<string name="TypHL" value="Probe"/>
				<string name="UnitName" value="Radar_SR_Fletcher"/>
			</object>
			<object name="8200">
				<integer name="Country" value="1"/>
				<float name="ER" value="0.4"/>
				<string name="Hull" value="Std_RF"/>
				<string name="Name" value="Rangefinder"/>
				<string name="TypHL" value="Probe"/>
				<string name="UnitName" value="RangeFinder_Mk52"/>
			</object>
			<object name="8201">
				<integer name="Country" value="1"/>
				<integer name="Crew" value="1"/>
				<float name="ER" value="3.e-002"/>
				<string name="Hull" value="Std_Crew"/>
				<string name="Name" value="Crew"/>
				<string name="TypHL" value="Crew"/>
				<string name="UnitName" value="RangeFinder_Mk52"/>
			</object>
			<object name="8204">
				<integer name="Country" value="1"/>
				<float name="ER" value="0.4"/>
				<string name="Hull" value="Std_Radar"/>
				<string name="Name" value="Radar"/>
				<string name="TypHL" value="Probe"/>
				<string name="UnitName" value="RangeFinder_T2_Radar"/>
			</object>
			<object name="8205">
				<integer name="Country" value="1"/>
				<float name="ER" value="0.4"/>
				<string name="Hull" value="Std_Radar"/>
				<string name="Name" value="Radar"/>
				<string name="TypHL" value="Probe"/>
				<string name="UnitName" value="SG_radar"/>
			</object>
			<object name="8215USV3">
				<integer name="Country" value="1"/>
				<float name="ER" value="0.5"/>
				<string name="Hull" value="Std_Guns"/>
				<string name="Name" value="KDP"/>
				<string name="TypHL" value="Probe"/>
				<string name="UnitName" value="AA_Director_Mk37"/>
			</object>
			<object name="8216USV3">
				<integer name="Country" value="1"/>
				<float name="ER" value="0.3"/>
				<string name="Hull" value="Std_Guns"/>
				<string name="Name" value="RF_Base"/>
				<string name="TypHL" value="Probe"/>
				<string name="UnitName" value="AA_Director_Mk37"/>
			</object>
			<object name="8217USV3">
				<integer name="Country" value="1"/>
				<float name="ER" value="2.e-002"/>
				<string name="Hull" value="Std_Radar"/>
				<string name="Name" value="Rangefinder"/>
				<string name="TypHL" value="Probe"/>
				<string name="UnitName" value="AA_Director_Mk37"/>
			</object>
			<object name="Iowa8195">
				<integer name="Country" value="1"/>
				<float name="ER" value="50.0"/>
				<string name="Hull" value="Std_Radar"/>
				<string name="Name" value="Radar"/>
				<string name="TypHL" value="Probe"/>
				<string name="UnitName" value="Ajova_Radar_MK38"/>
			</object>
			<object name="Iowa8196">
				<integer name="Country" value="1"/>
				<float name="ER" value="2.e-002"/>
				<string name="Hull" value="Std_RF"/>
				<string name="Name" value="RRangefinder"/>
				<string name="TypHL" value="Probe"/>
				<string name="UnitName" value="Ajova_Radar_MK38"/>
			</object>
			<object name="Iowa8197">
				<integer name="Country" value="1"/>
				<float name="ER" value="2.e-002"/>
				<string name="Hull" value="Std_RF"/>
				<string name="Name" value="LRangefinder"/>
				<string name="TypHL" value="Probe"/>
				<string name="UnitName" value="Ajova_Radar_MK38"/>
			</object>
			<object name="Iowa8198">
				<integer name="Country" value="1"/>
				<float name="ER" value="30."/>
				<string name="Hull" value="Std_Guns"/>
				<string name="Name" value="KDP"/>
				<string name="TypHL" value="Probe"/>
				<string name="UnitName" value="Ajova_Radar_MK38"/>
			</object>
			<object name="Ajova8176">
				<integer name="Country" value="1"/>
				<float name="ER" value="20"/>
				<string name="Hull" value="Std_Radar"/>
				<string name="Name" value="Radar"/>
				<string name="TypHL" value="Probe"/>
				<string name="UnitName" value="Ajova_Radar_SR"/>
			</object>
		</object>
		<object name="Probes">
			<object name="Jammer_US_A">
				<float name="BearingAccuracy" value="0."/>
				<integer name="Country" value="1"/>
				<float name="DTimeProd" value="0."/>
				<float name="Frequency" value="0."/>
				<float name="Money" value="30."/>
				<boolean name="New" value="false"/>
				<float name="NTimeProd" value="0."/>
				<float name="Power" value="1500."/>
				<boolean name="Production" value="false"/>
				<float name="RangeAccuracy" value="0."/>
				<float name="Sensitivity" value="0."/>
				<integer name="SygnalType" value="1"/>
				<string name="Technology" value="ActJam"/>
				<string name="Type" value="RadioJammer"/>
				<integer name="Unreliability" value="0"/>
				<string name="Usage" value="Ships"/>
				<float name="Weight" value="0.5"/>
			</object>
			<object name="Pr_AA_Director_Mk37">
				<float name="BearingAccuracy" value="10."/>
				<integer name="Country" value="1"/>
				<float name="DTimeProd" value="0."/>
				<float name="Frequency" value="0."/>
				<float name="MaxCaliber" value="130."/>
				<float name="MinCaliber" value="39."/>
				<float name="Money" value="40."/>
				<boolean name="New" value="false"/>
				<float name="NTimeProd" value="0."/>
				<float name="Power" value="2000."/>
				<boolean name="Production" value="false"/>
				<float name="RangeAccuracy" value="370."/>
				<float name="Sensitivity" value="3.e-004"/>
				<string name="SMU_File" value="Pr_AA_Director_Mk37"/>
				<integer name="SygnalType" value="1"/>
				<string name="Type" value="Director"/>
				<integer name="Unreliability" value="0"/>
				<string name="Usage" value="Ships"/>
				<float name="Weight" value="2.5"/>
			</object>
			<object name="Pr_Baltimor_Radar_SR">
				<float name="AirRange" value="6."/>
				<float name="BearingAccuracy" value="5."/>
				<integer name="Country" value="1"/>
				<float name="DTimeProd" value="0."/>
				<float name="Frequency" value="0."/>
				<float name="Money" value="100."/>
				<boolean name="New" value="false"/>
				<float name="NTimeProd" value="0."/>
				<float name="Power" value="30000."/>
				<boolean name="Production" value="false"/>
				<float name="RangeAccuracy" value="50."/>
				<float name="Sensitivity" value="1.5e-003"/>
				<float name="ShipRange" value="4.e-002"/>
				<integer name="SygnalType" value="1"/>
				<string name="Technology" value="VHFRadar"/>
				<string name="Type" value="Radar"/>
				<integer name="Unreliability" value="0"/>
				<string name="Usage" value="Ships"/>
				<float name="Weight" value="2."/>
			</object>
			<object name="Pr_Casablanca_Radar_SM">
				<float name="AirRange" value="4.5"/>
				<float name="BearingAccuracy" value="10."/>
				<integer name="Country" value="1"/>
				<float name="DTimeProd" value="0."/>
				<float name="Frequency" value="0."/>
				<float name="Money" value="80."/>
				<boolean name="New" value="false"/>
				<float name="NTimeProd" value="0."/>
				<float name="Power" value="25000."/>
				<boolean name="Production" value="false"/>
				<float name="RangeAccuracy" value="100."/>
				<float name="Sensitivity" value="1.e-004"/>
				<float name="ShipRange" value="3.e-002"/>
				<integer name="SygnalType" value="1"/>
				<string name="Technology" value="HFRadar"/>
				<string name="Type" value="Radar"/>
				<integer name="Unreliability" value="0"/>
				<string name="Usage" value="Ships"/>
				<float name="Weight" value="1.5"/>
			</object>
			<object name="Pr_Casablanca_Radar_SR">
				<float name="AirRange" value="6."/>
				<float name="BearingAccuracy" value="3."/>
				<integer name="Country" value="1"/>
				<float name="DTimeProd" value="0."/>
				<float name="Frequency" value="0."/>
				<float name="Money" value="100."/>
				<boolean name="New" value="false"/>
				<float name="NTimeProd" value="0."/>
				<float name="Power" value="50000."/>
				<boolean name="Production" value="false"/>
				<float name="RangeAccuracy" value="30."/>
				<float name="Sensitivity" value="2.4e-003"/>
				<float name="ShipRange" value="4.e-002"/>
				<integer name="SygnalType" value="1"/>
				<string name="Technology" value="VHFRadar"/>
				<string name="Type" value="Radar"/>
				<integer name="Unreliability" value="0"/>
				<string name="Usage" value="Ships"/>
				<float name="Weight" value="2."/>
			</object>
			<object name="Pr_Director_T1_Small">
				<float name="BearingAccuracy" value="5."/>
				<integer name="Country" value="1"/>
				<float name="DTimeProd" value="0."/>
				<float name="Frequency" value="0."/>
				<float name="MaxCaliber" value="41."/>
				<float name="MinCaliber" value="39."/>
				<float name="Money" value="20."/>
				<boolean name="New" value="false"/>
				<float name="NTimeProd" value="0."/>
				<float name="Power" value="3000."/>
				<boolean name="Production" value="false"/>
				<float name="RangeAccuracy" value="150."/>
				<float name="Sensitivity" value="1.e-002"/>
				<integer name="SygnalType" value="1"/>
				<string name="Technology" value="HFRadar"/>
				<string name="Type" value="Director"/>
				<integer name="Unreliability" value="0"/>
				<string name="Usage" value="Ships"/>
				<float name="Weight" value="0.4"/>
			</object>
			<object name="Pr_Iowa_Radar_SR">
				<float name="AirRange" value="6."/>
				<float name="BearingAccuracy" value="2."/>
				<integer name="Country" value="1"/>
				<float name="DTimeProd" value="0."/>
				<float name="Frequency" value="0."/>
				<float name="Money" value="100."/>
				<boolean name="New" value="false"/>
				<float name="NTimeProd" value="0."/>
				<float name="Power" value="50000."/>
				<boolean name="Production" value="false"/>
				<float name="RangeAccuracy" value="50."/>
				<float name="Sensitivity" value="9.e-003"/>
				<float name="ShipRange" value="4.e-002"/>
				<integer name="SygnalType" value="1"/>
				<string name="Technology" value="VHFRadar"/>
				<string name="Type" value="Radar"/>
				<integer name="Unreliability" value="0"/>
				<string name="Usage" value="Ships"/>
				<float name="Weight" value="2."/>
			</object>
			<object name="Pr_Lexington_Radar_SM">
				<float name="AirRange" value="4.5"/>
				<float name="BearingAccuracy" value="10."/>
				<integer name="Country" value="1"/>
				<float name="DTimeProd" value="0."/>
				<float name="Frequency" value="0."/>
				<float name="Money" value="80."/>
				<boolean name="New" value="false"/>
				<float name="NTimeProd" value="0."/>
				<float name="Power" value="40000."/>
				<boolean name="Production" value="false"/>
				<float name="RangeAccuracy" value="100."/>
				<float name="Sensitivity" value="2.e-004"/>
				<float name="ShipRange" value="3.e-002"/>
				<integer name="SygnalType" value="1"/>
				<string name="Technology" value="HFRadar"/>
				<string name="Type" value="Radar"/>
				<integer name="Unreliability" value="0"/>
				<string name="Usage" value="Ships"/>
				<float name="Weight" value="1.5"/>
			</object>
			<object name="Pr_Lexington_Radar_SR">
				<float name="AirRange" value="6."/>
				<float name="BearingAccuracy" value="3."/>
				<integer name="Country" value="1"/>
				<float name="DTimeProd" value="0."/>
				<float name="Frequency" value="0."/>
				<float name="Money" value="100."/>
				<boolean name="New" value="false"/>
				<float name="NTimeProd" value="0."/>
				<float name="Power" value="50000."/>
				<boolean name="Production" value="false"/>
				<float name="RangeAccuracy" value="50."/>
				<float name="Sensitivity" value="9.e-003"/>
				<float name="ShipRange" value="4.e-002"/>
				<integer name="SygnalType" value="1"/>
				<string name="Technology" value="VHFRadar"/>
				<string name="Type" value="Radar"/>
				<integer name="Unreliability" value="0"/>
				<string name="Usage" value="Ships"/>
				<float name="Weight" value="2."/>
			</object>
			<object name="Pr_Projector_Lamp">
				<float name="BearingAccuracy" value="0."/>
				<integer name="Country" value="1"/>
				<float name="DTimeProd" value="0."/>
				<float name="Frequency" value="0."/>
				<float name="Money" value="0.1"/>
				<boolean name="New" value="false"/>
				<float name="NTimeProd" value="0."/>
				<float name="Power" value="0."/>
				<boolean name="Production" value="false"/>
				<float name="RangeAccuracy" value="0."/>
				<float name="Sensitivity" value="0."/>
				<integer name="SygnalType" value="2"/>
				<string name="Type" value="SearchLight"/>
				<integer name="Unreliability" value="0"/>
				<string name="Usage" value="Ships"/>
				<float name="Weight" value="0.4"/>
			</object>
			<object name="Pr_Radar_MK38">
				<float name="AirRange" value="2.5"/>
				<float name="BearingAccuracy" value="5."/>
				<integer name="Country" value="1"/>
				<float name="DTimeProd" value="0."/>
				<float name="Frequency" value="0."/>
				<float name="MaxCaliber" value="450."/>
				<float name="MinCaliber" value="127."/>
				<float name="Money" value="35."/>
				<boolean name="New" value="false"/>
				<float name="NTimeProd" value="0."/>
				<float name="Power" value="10000."/>
				<boolean name="Production" value="false"/>
				<float name="RangeAccuracy" value="150."/>
				<float name="Sensitivity" value="2.e-004"/>
				<float name="ShipRange" value="8.e-002"/>
				<integer name="SygnalType" value="1"/>
				<string name="Type" value="Director"/>
				<integer name="Unreliability" value="0"/>
				<string name="Usage" value="Ships"/>
				<float name="Weight" value="2."/>
			</object>
			<object name="Pr_Radar_SR_Fletcher">
				<float name="AirRange" value="6."/>
				<float name="BearingAccuracy" value="5."/>
				<integer name="Country" value="1"/>
				<float name="DTimeProd" value="0."/>
				<float name="Frequency" value="0."/>
				<float name="Money" value="100."/>
				<boolean name="New" value="false"/>
				<float name="NTimeProd" value="0."/>
				<float name="Power" value="30000."/>
				<boolean name="Production" value="false"/>
				<float name="RangeAccuracy" value="30."/>
				<float name="Sensitivity" value="1.4e-002"/>
				<float name="ShipRange" value="4.e-002"/>
				<integer name="SygnalType" value="1"/>
				<string name="Technology" value="VHFRadar"/>
				<string name="Type" value="Radar"/>
				<integer name="Unreliability" value="0"/>
				<string name="Usage" value="Ships"/>
				<float name="Weight" value="2."/>
			</object>
			<object name="Pr_RangeFinder_Mk52">
				<float name="BearingAccuracy" value="5."/>
				<integer name="Country" value="1"/>
				<float name="DTimeProd" value="0."/>
				<float name="Frequency" value="0."/>
				<float name="MaxCaliber" value="41."/>
				<float name="MinCaliber" value="39."/>
				<float name="Money" value="10."/>
				<boolean name="New" value="false"/>
				<float name="NTimeProd" value="0."/>
				<float name="Power" value="0."/>
				<boolean name="Production" value="false"/>
				<float name="RangeAccuracy" value="100."/>
				<float name="Sensitivity" value="0."/>
				<integer name="SygnalType" value="2"/>
				<string name="Type" value="Director"/>
				<integer name="Unreliability" value="0"/>
				<string name="Usage" value="Ships"/>
				<float name="Weight" value="0.5"/>
			</object>
			<object name="Pr_RangeFinder_T2_Radar">
				<float name="BearingAccuracy" value="3."/>
				<integer name="Country" value="1"/>
				<float name="DTimeProd" value="0."/>
				<float name="Frequency" value="0."/>
				<float name="MaxCaliber" value="130."/>
				<float name="MinCaliber" value="39."/>
				<float name="Money" value="40."/>
				<boolean name="New" value="false"/>
				<float name="NTimeProd" value="0."/>
				<float name="Power" value="2000."/>
				<boolean name="Production" value="false"/>
				<float name="RangeAccuracy" value="100."/>
				<float name="Sensitivity" value="1.e-003"/>
				<string name="SMU_File" value="RangeFinder_T2_Radar"/>
				<integer name="SygnalType" value="1"/>
				<string name="Technology" value="VHFRadar"/>
				<string name="Type" value="Director"/>
				<integer name="Unreliability" value="0"/>
				<string name="Usage" value="Ships"/>
				<float name="Weight" value="1."/>
			</object>
			<object name="Pr_SG_radar">
				<float name="AirRange" value="2."/>
				<float name="BearingAccuracy" value="5."/>
				<integer name="Country" value="1"/>
				<float name="DTimeProd" value="0."/>
				<float name="Frequency" value="2900."/>
				<float name="Money" value="10."/>
				<boolean name="New" value="false"/>
				<float name="NTimeProd" value="0."/>
				<float name="Power" value="5000."/>
				<boolean name="Production" value="false"/>
				<float name="RangeAccuracy" value="20."/>
				<float name="Sensitivity" value="0.1"/>
				<float name="ShipRange" value="8.e-002"/>
				<integer name="SygnalType" value="1"/>
				<string name="Technology" value="HFRadar"/>
				<string name="Type" value="Radar"/>
				<integer name="Unreliability" value="0"/>
				<string name="Usage" value="Ships"/>
				<float name="Weight" value="1.36"/>
			</object>
			<object name="Pr_SO_radar">
				<float name="AirRange" value="2."/>
				<float name="BearingAccuracy" value="5."/>
				<integer name="Country" value="1"/>
				<float name="DTimeProd" value="0."/>
				<float name="Frequency" value="3000."/>
				<float name="Money" value="10."/>
				<boolean name="New" value="true"/>
				<float name="NTimeProd" value="0."/>
				<float name="Power" value="50000."/>
				<boolean name="Production" value="false"/>
				<float name="RangeAccuracy" value="20."/>
				<float name="Sensitivity" value="0.1"/>
				<float name="ShipRange" value="8.e-002"/>
				<integer name="SygnalType" value="1"/>
				<string name="Technology" value="HFRadar"/>
				<string name="Type" value="Radar"/>
				<integer name="Unreliability" value="0"/>
				<string name="Usage" value="Ships"/>
				<float name="Weight" value="0.8"/>
			</object>
			<object name="SearchLight_U">
				<float name="AirRange" value="0."/>
				<float name="BearingAccuracy" value="0.7"/>
				<integer name="Country" value="1"/>
				<float name="Frequency" value="22."/>
				<float name="Money" value="50."/>
				<boolean name="New" value="false"/>
				<float name="Power" value="1000."/>
				<boolean name="Production" value="false"/>
				<float name="RangeAccuracy" value="2."/>
				<float name="Sensitivity" value="1760."/>
				<float name="ShipRange" value="0.16"/>
				<integer name="SygnalType" value="4"/>
				<string name="Technology" value="Sonar"/>
				<string name="Type" value="Sonar"/>
				<integer name="Unreliability" value="0"/>
				<string name="Usage" value="Ships"/>
				<float name="Weight" value="2."/>
			</object>
			<object name="Smoker_U">
				<float name="BearingAccuracy" value="0."/>
				<integer name="Country" value="1"/>
				<float name="Frequency" value="0."/>
				<float name="Money" value="5."/>
				<boolean name="New" value="false"/>
				<float name="Power" value="0."/>
				<boolean name="Production" value="false"/>
				<float name="RangeAccuracy" value="0."/>
				<float name="Sensitivity" value="0."/>
				<integer name="SygnalType" value="6"/>
				<string name="Type" value="Smoker"/>
				<integer name="Unreliability" value="0"/>
				<string name="Usage" value="Ships"/>
				<float name="Weight" value="1."/>
			</object>
			<object name="SpectrMk1SAWMA">
				<float name="BearingAccuracy" value="3."/>
				<integer name="Country" value="1"/>
				<float name="DTimeProd" value="0."/>
				<float name="Frequency" value="0."/>
				<float name="Money" value="12."/>
				<boolean name="New" value="false"/>
				<float name="NTimeProd" value="0."/>
				<float name="Power" value="0."/>
				<boolean name="Production" value="false"/>
				<float name="RangeAccuracy" value="0."/>
				<float name="Sensitivity" value="1.e-003"/>
				<integer name="SygnalType" value="1"/>
				<string name="Technology" value="Spektr"/>
				<string name="Type" value="Analizator"/>
				<integer name="Unreliability" value="0"/>
				<string name="Usage" value="Ships"/>
				<float name="Weight" value="3."/>
			</object>
			<object name="Sword_Type_147_U">
				<float name="AirRange" value="0."/>
				<float name="BearingAccuracy" value="1.5"/>
				<integer name="Country" value="1"/>
				<float name="Frequency" value="50."/>
				<float name="Money" value="20."/>
				<boolean name="New" value="false"/>
				<float name="Power" value="1000."/>
				<boolean name="Production" value="false"/>
				<float name="RangeAccuracy" value="4."/>
				<float name="Sensitivity" value="68779."/>
				<float name="ShipRange" value="7.e-002"/>
				<integer name="SygnalType" value="4"/>
				<string name="Technology" value="Sonar"/>
				<string name="Type" value="Sonar"/>
				<integer name="Unreliability" value="0"/>
				<string name="Usage" value="Ships"/>
				<float name="Weight" value="3."/>
			</object>
			<object name="TBL7">
				<float name="BearingAccuracy" value="0."/>
				<integer name="Country" value="1"/>
				<float name="DTimeProd" value="0."/>
				<float name="Frequency" value="2."/>
				<float name="Money" value="20."/>
				<boolean name="New" value="false"/>
				<float name="NTimeProd" value="0."/>
				<float name="Power" value="100."/>
				<boolean name="Production" value="false"/>
				<float name="RangeAccuracy" value="0."/>
				<float name="Sensitivity" value="3.1e-003"/>
				<integer name="SygnalType" value="1"/>
				<string name="Type" value="Radio"/>
				<integer name="Unreliability" value="0"/>
				<string name="Usage" value="Ships"/>
				<float name="Weight" value="0.5"/>
			</object>
			<object name="TBS">
				<float name="BearingAccuracy" value="0."/>
				<integer name="Country" value="1"/>
				<float name="DTimeProd" value="0."/>
				<float name="Frequency" value="80."/>
				<float name="Money" value="24."/>
				<boolean name="New" value="false"/>
				<float name="NTimeProd" value="0."/>
				<float name="Power" value="50."/>
				<boolean name="Production" value="false"/>
				<float name="RangeAccuracy" value="0."/>
				<float name="Sensitivity" value="5.e-003"/>
				<integer name="SygnalType" value="1"/>
				<string name="Technology" value="Magnetron"/>
				<string name="Type" value="Radio"/>
				<integer name="Unreliability" value="0"/>
				<string name="Usage" value="Ships"/>
				<float name="Weight" value="0.2"/>
			</object>
			<object name="Pr_Ajova_Radar_MK38">
				<float name="AirRange" value="2.5"/>
				<float name="BearingAccuracy" value="5."/>
				<integer name="Country" value="1"/>
				<float name="DTimeProd" value="0."/>
				<float name="Frequency" value="0."/>
				<float name="MaxCaliber" value="450."/>
				<float name="MinCaliber" value="127."/>
				<float name="Money" value="35."/>
				<boolean name="New" value="false"/>
				<float name="NTimeProd" value="0."/>
				<float name="Power" value="10000."/>
				<boolean name="Production" value="false"/>
				<float name="RangeAccuracy" value="150."/>
				<float name="Sensitivity" value="2.e-004"/>
				<float name="ShipRange" value="8.e-002"/>
				<integer name="SygnalType" value="1"/>
				<string name="Type" value="Director"/>
				<integer name="Unreliability" value="0"/>
				<string name="Usage" value="Ships"/>
				<float name="Weight" value="2."/>
			</object>
			<object name="Pr_Ajova_Radar_SR">
				<float name="AirRange" value="6."/>
				<float name="BearingAccuracy" value="2."/>
				<integer name="Country" value="1"/>
				<float name="DTimeProd" value="0."/>
				<float name="Frequency" value="0."/>
				<float name="Money" value="100."/>
				<boolean name="New" value="false"/>
				<float name="NTimeProd" value="0."/>
				<float name="Power" value="50000."/>
				<boolean name="Production" value="false"/>
				<float name="RangeAccuracy" value="50."/>
				<float name="Sensitivity" value="9.e-003"/>
				<float name="ShipRange" value="4.e-002"/>
				<integer name="SygnalType" value="1"/>
				<string name="Technology" value="VHFRadar"/>
				<string name="Type" value="Radar"/>
				<integer name="Unreliability" value="0"/>
				<string name="Usage" value="Ships"/>
				<float name="Weight" value="2."/>
			</object>
		</object>
		<object name="Turrets">
			<object name="AA_Director_Mk37">
				<integer name="Amount" value="1"/>
				<integer name="ArmorFront" value="25"/>
				<integer name="ArmorSide" value="25"/>
				<integer name="ArmorTop" value="25"/>
				<string name="Content" value="Probes.Pr_AA_Director_Mk37"/>
				<integer name="Country" value="1"/>
				<integer name="Elevation" value="0"/>
				<integer name="ElevationRate" value="0"/>
				<boolean name="IgnoreXMLFile" value="false"/>
				<float name="Iron" value="120."/>
				<float name="Money" value="30."/>
				<boolean name="New" value="false"/>
				<boolean name="Production" value="false"/>
				<integer name="RotationRate" value="5"/>
				<string name="SMU_File" value="AA_Director_Mk37_Base"/>
				<string name="Type" value="Radar"/>
				<float name="Vitality" value="100."/>
				<float name="Weight" value="120."/>
			</object>
			<object name="Baltimor_Radar_SR">
				<integer name="Amount" value="1"/>
				<integer name="ArmorFront" value="0"/>
				<integer name="ArmorSide" value="0"/>
				<integer name="ArmorTop" value="0"/>
				<string name="Content" value="Probes.Pr_Baltimor_Radar_SR"/>
				<integer name="Country" value="1"/>
				<integer name="Elevation" value="0"/>
				<integer name="ElevationRate" value="0"/>
				<boolean name="IgnoreXMLFile" value="false"/>
				<float name="Iron" value="0.83"/>
				<float name="Money" value="20."/>
				<boolean name="New" value="false"/>
				<boolean name="Production" value="false"/>
				<integer name="RotationRate" value="5"/>
				<string name="SMU_File" value="Baltimor_Radar_SR"/>
				<string name="Type" value="Radar"/>
				<float name="Vitality" value="30."/>
				<float name="Weight" value="0.83"/>
			</object>
			<object name="Casablanca_Radar_SM">
				<integer name="Amount" value="1"/>
				<integer name="ArmorFront" value="0"/>
				<integer name="ArmorSide" value="0"/>
				<integer name="ArmorTop" value="0"/>
				<string name="Content" value="Probes.Pr_Casablanca_Radar_SM"/>
				<integer name="Country" value="1"/>
				<integer name="Elevation" value="0"/>
				<integer name="ElevationRate" value="0"/>
				<boolean name="IgnoreXMLFile" value="false"/>
				<float name="Iron" value="0.1"/>
				<float name="Money" value="11."/>
				<boolean name="New" value="false"/>
				<boolean name="Production" value="false"/>
				<integer name="RotationRate" value="10"/>
				<string name="SMU_File" value="Casablanca_Radar_SM"/>
				<string name="Type" value="Radar"/>
				<float name="Vitality" value="30."/>
				<float name="Weight" value="0.1"/>
			</object>
			<object name="Casablanca_Radar_SR">
				<integer name="Amount" value="1"/>
				<integer name="ArmorFront" value="0"/>
				<integer name="ArmorSide" value="0"/>
				<integer name="ArmorTop" value="0"/>
				<string name="Content" value="Probes.Pr_Casablanca_Radar_SR"/>
				<integer name="Country" value="1"/>
				<integer name="Elevation" value="0"/>
				<integer name="ElevationRate" value="0"/>
				<boolean name="IgnoreXMLFile" value="false"/>
				<float name="Iron" value="1.2"/>
				<float name="Money" value="20."/>
				<boolean name="New" value="false"/>
				<boolean name="Production" value="false"/>
				<integer name="RotationRate" value="5"/>
				<string name="SMU_File" value="Casablanca_Radar_SR"/>
				<string name="Type" value="Radar"/>
				<float name="Vitality" value="30."/>
				<float name="Weight" value="1.2"/>
			</object>
			<object name="Director_T1_Small">
				<integer name="Amount" value="1"/>
				<integer name="ArmorFront" value="25"/>
				<integer name="ArmorSide" value="25"/>
				<integer name="ArmorTop" value="25"/>
				<string name="Content" value="Probes.Pr_Director_T1_Small"/>
				<integer name="Country" value="1"/>
				<integer name="Elevation" value="0"/>
				<integer name="ElevationRate" value="0"/>
				<boolean name="IgnoreXMLFile" value="false"/>
				<float name="Iron" value="0.5"/>
				<float name="Money" value="2."/>
				<boolean name="New" value="false"/>
				<boolean name="Production" value="false"/>
				<integer name="RotationRate" value="15"/>
				<string name="SMU_File" value="Director_T1_Small"/>
				<string name="Type" value="Radar"/>
				<float name="Vitality" value="20."/>
				<float name="Weight" value="0.5"/>
			</object>
			<object name="Iowa_Radar_SR">
				<integer name="Amount" value="1"/>
				<integer name="ArmorFront" value="0"/>
				<integer name="ArmorSide" value="0"/>
				<integer name="ArmorTop" value="0"/>
				<string name="Content" value="Probes.Pr_Iowa_Radar_SR"/>
				<integer name="Country" value="1"/>
				<integer name="Elevation" value="0"/>
				<integer name="ElevationRate" value="0"/>
				<boolean name="IgnoreXMLFile" value="false"/>
				<float name="Iron" value="2."/>
				<float name="Money" value="20."/>
				<boolean name="New" value="false"/>
				<boolean name="Production" value="false"/>
				<integer name="RotationRate" value="4"/>
				<string name="SMU_File" value="Iowa_Radar_SR"/>
				<string name="Type" value="Radar"/>
				<float name="Vitality" value="30."/>
				<float name="Weight" value="2."/>
			</object>
			<object name="Lexington_Radar_SM">
				<integer name="Amount" value="1"/>
				<integer name="ArmorFront" value="0"/>
				<integer name="ArmorSide" value="0"/>
				<integer name="ArmorTop" value="0"/>
				<string name="Content" value="Probes.Pr_Lexington_Radar_SM"/>
				<integer name="Country" value="1"/>
				<integer name="Elevation" value="0"/>
				<integer name="ElevationRate" value="0"/>
				<boolean name="IgnoreXMLFile" value="false"/>
				<float name="Iron" value="0.5"/>
				<float name="Money" value="11."/>
				<boolean name="New" value="false"/>
				<boolean name="Production" value="false"/>
				<integer name="RotationRate" value="5"/>
				<string name="SMU_File" value="Lexington_Radar_SM"/>
				<string name="Type" value="Radar"/>
				<float name="Vitality" value="30."/>
				<float name="Weight" value="0.5"/>
			</object>
			<object name="Lexington_Radar_SR">
				<integer name="Amount" value="1"/>
				<integer name="ArmorFront" value="0"/>
				<integer name="ArmorSide" value="0"/>
				<integer name="ArmorTop" value="0"/>
				<string name="Content" value="Probes.Pr_Lexington_Radar_SR"/>
				<integer name="Country" value="1"/>
				<integer name="Elevation" value="0"/>
				<integer name="ElevationRate" value="0"/>
				<boolean name="IgnoreXMLFile" value="false"/>
				<float name="Iron" value="2."/>
				<float name="Money" value="20."/>
				<boolean name="New" value="false"/>
				<boolean name="Production" value="false"/>
				<integer name="RotationRate" value="10"/>
				<string name="SMU_File" value="Lexington_Radar_SR"/>
				<string name="Type" value="Radar"/>
				<float name="Vitality" value="30."/>
				<float name="Weight" value="2."/>
			</object>
			<object name="Projector">
				<integer name="Amount" value="1"/>
				<integer name="ArmorFront" value="0"/>
				<integer name="ArmorSide" value="0"/>
				<integer name="ArmorTop" value="0"/>
				<string name="Content" value="Turrets.Projector_Lamp"/>
				<integer name="Country" value="1"/>
				<integer name="Elevation" value="0"/>
				<integer name="ElevationRate" value="0"/>
				<boolean name="IgnoreXMLFile" value="false"/>
				<float name="Iron" value="0.8"/>
				<float name="Money" value="1."/>
				<boolean name="New" value="false"/>
				<boolean name="Production" value="false"/>
				<integer name="RotationRate" value="15"/>
				<string name="SMU_File" value="projector"/>
				<string name="Type" value="Radar"/>
				<float name="Vitality" value="2."/>
				<float name="Weight" value="0.8"/>
			</object>
			<object name="Radar_MK38">
				<integer name="Amount" value="1"/>
				<integer name="ArmorFront" value="25"/>
				<integer name="ArmorSide" value="25"/>
				<integer name="ArmorTop" value="25"/>
				<string name="Content" value="Probes.Pr_Radar_MK38"/>
				<integer name="Country" value="1"/>
				<integer name="Elevation" value="0"/>
				<integer name="ElevationRate" value="0"/>
				<boolean name="IgnoreXMLFile" value="false"/>
				<float name="Iron" value="60."/>
				<float name="Money" value="15."/>
				<boolean name="New" value="false"/>
				<boolean name="Production" value="false"/>
				<integer name="RotationRate" value="10"/>
				<string name="SMU_File" value="Radar_MK38"/>
				<string name="Type" value="Radar"/>
				<float name="Vitality" value="20."/>
				<float name="Weight" value="60."/>
			</object>
			<object name="Radar_SR_Fletcher">
				<integer name="Amount" value="1"/>
				<integer name="ArmorFront" value="0"/>
				<integer name="ArmorSide" value="0"/>
				<integer name="ArmorTop" value="0"/>
				<string name="Content" value="Probes.Pr_Radar_SR_Fletcher"/>
				<integer name="Country" value="1"/>
				<integer name="Elevation" value="0"/>
				<integer name="ElevationRate" value="0"/>
				<boolean name="IgnoreXMLFile" value="false"/>
				<float name="Iron" value="0.5"/>
				<float name="Money" value="20."/>
				<boolean name="New" value="false"/>
				<boolean name="Production" value="false"/>
				<integer name="RotationRate" value="10"/>
				<string name="SMU_File" value="Radar_SR_Fletcher"/>
				<string name="Type" value="Radar"/>
				<float name="Vitality" value="30."/>
				<float name="Weight" value="0.5"/>
			</object>
			<object name="RangeFinder_Mk52">
				<integer name="Amount" value="1"/>
				<integer name="ArmorFront" value="0"/>
				<integer name="ArmorSide" value="0"/>
				<integer name="ArmorTop" value="0"/>
				<string name="Content" value="Probes.Pr_RangeFinder_Mk52"/>
				<integer name="Country" value="1"/>
				<integer name="Elevation" value="0"/>
				<integer name="ElevationRate" value="0"/>
				<boolean name="IgnoreXMLFile" value="false"/>
				<float name="Iron" value="0.5"/>
				<float name="Money" value="2."/>
				<boolean name="New" value="false"/>
				<boolean name="Production" value="false"/>
				<integer name="RotationRate" value="15"/>
				<string name="SMU_File" value="RangeFinder_Mk52"/>
				<string name="Type" value="Radar"/>
				<float name="Vitality" value="2."/>
				<float name="Weight" value="0.5"/>
			</object>
			<object name="RangeFinder_T2_Radar">
				<integer name="Amount" value="1"/>
				<integer name="ArmorFront" value="0"/>
				<integer name="ArmorSide" value="0"/>
				<integer name="ArmorTop" value="0"/>
				<string name="Content" value="Probes.Pr_RangeFinder_T2_Radar"/>
				<integer name="Country" value="1"/>
				<integer name="Elevation" value="0"/>
				<integer name="ElevationRate" value="0"/>
				<boolean name="IgnoreXMLFile" value="false"/>
				<float name="Iron" value="0.5"/>
				<float name="Money" value="10."/>
				<boolean name="New" value="false"/>
				<boolean name="Production" value="false"/>
				<integer name="RotationRate" value="15"/>
				<string name="SMU_File" value="RangeFinder_T2_Base"/>
				<string name="Type" value="Radar"/>
				<float name="Vitality" value="30."/>
				<float name="Weight" value="0.5"/>
			</object>
			<object name="SG_radar">
				<integer name="Amount" value="1"/>
				<integer name="ArmorFront" value="0"/>
				<integer name="ArmorSide" value="0"/>
				<integer name="ArmorTop" value="0"/>
				<string name="Content" value="Probes.Pr_SG_radar"/>
				<integer name="Country" value="1"/>
				<integer name="Elevation" value="0"/>
				<integer name="ElevationRate" value="0"/>
				<boolean name="IgnoreXMLFile" value="false"/>
				<float name="Iron" value="0.1"/>
				<float name="Money" value="8."/>
				<boolean name="New" value="false"/>
				<boolean name="Production" value="false"/>
				<integer name="RotationRate" value="10"/>
				<string name="SMU_File" value="SG_radar"/>
				<string name="Type" value="Radar"/>
				<float name="Vitality" value="20."/>
				<float name="Weight" value="0.1"/>
			</object>
			<object name="SO_radar">
				<integer name="Amount" value="1"/>
				<integer name="ArmorFront" value="0"/>
				<integer name="ArmorSide" value="0"/>
				<integer name="ArmorTop" value="0"/>
				<string name="Content" value="Probes.Pr_SO_radar"/>
				<integer name="Country" value="1"/>
				<integer name="Elevation" value="0"/>
				<integer name="ElevationRate" value="0"/>
				<boolean name="IgnoreXMLFile" value="false"/>
				<float name="Iron" value="0.1"/>
				<float name="Money" value="8."/>
				<boolean name="New" value="true"/>
				<boolean name="Production" value="false"/>
				<integer name="RotationRate" value="40"/>
				<string name="SMU_File" value="SO_radar"/>
				<string name="Type" value="Radar"/>
				<float name="Vitality" value="20."/>
				<float name="Weight" value="0.1"/>
			</object>
			<object name="Ajova_Radar_MK38">
				<integer name="Amount" value="1"/>
				<integer name="ArmorFront" value="25"/>
				<integer name="ArmorSide" value="25"/>
				<integer name="ArmorTop" value="25"/>
				<string name="Content" value="Probes.Pr_Ajova_Radar_MK38"/>
				<integer name="Country" value="1"/>
				<integer name="Elevation" value="0"/>
				<integer name="ElevationRate" value="0"/>
				<boolean name="IgnoreXMLFile" value="false"/>
				<float name="Iron" value="60."/>
				<float name="Money" value="15."/>
				<boolean name="New" value="false"/>
				<boolean name="Production" value="false"/>
				<integer name="RotationRate" value="10"/>
				<string name="SMU_File" value="Ajova_Radar_MK38"/>
				<string name="Type" value="Radar"/>
				<float name="Vitality" value="20."/>
				<float name="Weight" value="60."/>
			</object>
			<object name="Ajova_Radar_SR">
				<integer name="Amount" value="1"/>
				<integer name="ArmorFront" value="0"/>
				<integer name="ArmorSide" value="0"/>
				<integer name="ArmorTop" value="0"/>
				<string name="Content" value="Probes.Pr_Ajova_Radar_SR"/>
				<integer name="Country" value="1"/>
				<integer name="Elevation" value="0"/>
				<integer name="ElevationRate" value="0"/>
				<boolean name="IgnoreXMLFile" value="false"/>
				<float name="Iron" value="2."/>
				<float name="Money" value="20."/>
				<boolean name="New" value="false"/>
				<boolean name="Production" value="false"/>
				<integer name="RotationRate" value="4"/>
				<string name="SMU_File" value="Ajova_Radar_SR"/>
				<string name="Type" value="Radar"/>
				<float name="Vitality" value="30."/>
				<float name="Weight" value="2."/>
			</object>
		</object>
	</object>
</root>
