﻿<?xml version="1.0" standalone="yes" ?>
<root>
	<object name="Prototypes">
		<object name="Ships">
			<object name="Malaya">
				<object name="Slots">
					<object name="TPort_Anton">
						<object name="SubSlots">
							<object name="TPort_Bruno">
								<integer name="icon_x" value="480"/>
								<integer name="icon_y" value="21"/>
							</object> 
							<object name="TPort_Cesar">
								<integer name="icon_x" value="480"/>
								<integer name="icon_y" value="21"/>
							</object>
							<object name="TPort_Dora">
								<integer name="icon_x" value="249"/>
								<integer name="icon_y" value="85"/>
							</object>
						</object>
						<integer name="icon_x" value="161"/>
						<integer name="icon_y" value="15"/>
					</object>
					<object name="TPort_152mmF1R">
						<object name="SubSlots">
							<object name="TPort_152mmF1L">
								<integer name="icon_x" value="290"/>
								<integer name="icon_y" value="167"/>
							</object>
							<object name="TPort_152mmF2R">
								<integer name="icon_x" value="290"/>
								<integer name="icon_y" value="167"/>
							</object>
							<object name="TPort_152mmF2L">
								<integer name="icon_x" value="290"/>
								<integer name="icon_y" value="167"/>
							</object>
							<object name="TPort_152mmF3R">
								<integer name="icon_x" value="290"/>
								<integer name="icon_y" value="167"/>
							</object>
							<object name="TPort_152mmF3L">
								<integer name="icon_x" value="290"/>
								<integer name="icon_y" value="167"/>
							</object> 
							<object name="TPort_152mmF4R">
								<integer name="icon_x" value="290"/>
								<integer name="icon_y" value="167"/>
							</object>
							<object name="TPort_152mmF4L">
								<integer name="icon_x" value="290"/>
								<integer name="icon_y" value="167"/>
							</object>
						</object>
						<integer name="icon_x" value="418"/>
						<integer name="icon_y" value="16"/>
					</object>
					<object name="TPort_102mmFR">
						<object name="SubSlots">
							<object name="TPort_102mmFL">
								<object name="SubSlots"/>
								<integer name="icon_x" value="539"/>
								<integer name="icon_y" value="16"/>
							</object>
							<object name="TPort_102mmBR">
								<object name="SubSlots"/>
								<integer name="icon_x" value="461"/>
								<integer name="icon_y" value="39"/>
							</object>
							<object name="TPort_102mmBL">
								<integer name="icon_x" value="3"/>
								<integer name="icon_y" value="126"/>
							</object>
						</object>
						<integer name="icon_x" value="161"/>
						<integer name="icon_y" value="91"/>
					</object>
					<object name="TPort_AAQFR">
						<object name="SubSlots">
							<object name="TPort_AAQFL">
								<integer name="icon_x" value="420"/>
								<integer name="icon_y" value="191"/>
							</object> 
							<object name="TPort_AAQBR">
								<integer name="icon_x" value="420"/>
								<integer name="icon_y" value="191"/>
							</object>
							<object name="TPort_AAQBL">
								<integer name="icon_x" value="420"/>
								<integer name="icon_y" value="191"/>
							</object>
						</object>
						<integer name="icon_x" value="22"/>
						<integer name="icon_y" value="91"/>
					</object>
					<object name="TPort_AA20mmF1R">
						<object name="SubSlots">
							<object name="TPort_AA20mmF1L">
								<object name="SubSlots"/>
								<integer name="icon_x" value="225"/>
								<integer name="icon_y" value="119"/>
							</object>
							<object name="TPort_AA20mmF2R">
								<integer name="icon_x" value="180"/>
								<integer name="icon_y" value="332"/>
							</object>
							<object name="TPort_AA20mmF2L">
								<integer name="icon_x" value="236"/>
								<integer name="icon_y" value="304"/>
							</object>
							<object name="TPort_AA20mmF3R">
								<integer name="icon_x" value="180"/>
								<integer name="icon_y" value="332"/>
							</object>
							<object name="TPort_AA20mmF3L">
								<integer name="icon_x" value="236"/>
								<integer name="icon_y" value="304"/>
							</object>
							<object name="TPort_AA20mmF4R">
								<integer name="icon_x" value="180"/>
								<integer name="icon_y" value="332"/>
							</object>
							<object name="TPort_AA20mmF4L">
								<integer name="icon_x" value="236"/>
								<integer name="icon_y" value="304"/>
							</object>
							<object name="TPort_AA20mmF5R">
								<integer name="icon_x" value="180"/>
								<integer name="icon_y" value="332"/>
							</object>
							<object name="TPort_AA20mmF5L">
								<integer name="icon_x" value="236"/>
								<integer name="icon_y" value="304"/>
							</object>
							<object name="TPort_AA20mmF6R">
								<integer name="icon_x" value="180"/>
								<integer name="icon_y" value="332"/>
							</object>
							<object name="TPort_AA20mmF6L">
								<integer name="icon_x" value="236"/>
								<integer name="icon_y" value="304"/>
							</object> 
							<object name="TPort_AA20mmF7R">
								<integer name="icon_x" value="180"/>
								<integer name="icon_y" value="332"/>
							</object>
							<object name="TPort_AA20mmF7L">
								<integer name="icon_x" value="236"/>
								<integer name="icon_y" value="304"/>
							</object>
							<object name="TPort_AA20mmF8R">
								<integer name="icon_x" value="180"/>
								<integer name="icon_y" value="332"/>
							</object>
							<object name="TPort_AA20mmF8L">
								<integer name="icon_x" value="236"/>
								<integer name="icon_y" value="304"/>
							</object>
							<object name="TPort_AA20mmF9R">
								<integer name="icon_x" value="180"/>
								<integer name="icon_y" value="332"/>
							</object>
							<object name="TPort_AA20mmF9L">
								<integer name="icon_x" value="236"/>
								<integer name="icon_y" value="304"/>
							</object>
							<object name="TPort_AA20mmF10R">
								<integer name="icon_x" value="180"/>
								<integer name="icon_y" value="332"/>
							</object>
							<object name="TPort_AA20mmF10L">
								<integer name="icon_x" value="236"/>
								<integer name="icon_y" value="304"/>
							</object>
							<object name="TPort_AA20mmF11R">
								<integer name="icon_x" value="180"/>
								<integer name="icon_y" value="332"/>
							</object>
							<object name="TPort_AA20mmF11L">
								<integer name="icon_x" value="236"/>
								<integer name="icon_y" value="304"/>
							</object>
							<object name="TPort_AA20mmF12R">
								<integer name="icon_x" value="180"/>
								<integer name="icon_y" value="332"/>
							</object>
							<object name="TPort_AA20mmF12L">
								<integer name="icon_x" value="236"/>
								<integer name="icon_y" value="304"/>
							</object>
							<object name="TPort_AA20mmF13R">
								<integer name="icon_x" value="180"/>
								<integer name="icon_y" value="332"/>
							</object>
							<object name="TPort_AA20mmF13L">
								<integer name="icon_x" value="236"/>
								<integer name="icon_y" value="304"/>
							</object>
						</object>
						<integer name="icon_x" value="275"/>
						<integer name="icon_y" value="91"/>
					</object>
					<object name="TPort_AA40mmFR">
						<object name="SubSlots">
							<object name="TPort_AA40mmFL">
								<integer name="icon_x" value="58"/>
								<integer name="icon_y" value="190"/>
							</object>
							<object name="TPort_AA40mmBR">
								<object name="SubSlots"/>
								<integer name="icon_x" value="95"/>
								<integer name="icon_y" value="3"/>
							</object>
							<object name="TPort_AA40mmBL">
								<object name="SubSlots"/>
								<integer name="icon_x" value="136"/>
								<integer name="icon_y" value="3"/>
							</object>
						</object>
						<integer name="icon_x" value="395"/>
						<integer name="icon_y" value="91"/>
					</object>
					<object name="TPort_RF01FR">
						<object name="SubSlots">
							<object name="TPort_RF02FL">
								<integer name="icon_x" value="333"/>
								<integer name="icon_y" value="126"/>
							</object>
							<object name="TPort_RF03BR">
								<integer name="icon_x" value="335"/>
								<integer name="icon_y" value="126"/>
							</object>
							<object name="TPort_RF04BL">
								<integer name="icon_x" value="337"/>
								<integer name="icon_y" value="126"/>
							</object>
						</object>
						<integer name="icon_x" value="200"/>
						<integer name="icon_y" value="185"/>
					</object>
					<object name="TPort_RF4mF">
						<integer name="icon_x" value="300"/>
						<integer name="icon_y" value="185"/>
					</object>
					<object name="TPort_RF4mB">
						<integer name="icon_x" value="400"/>
						<integer name="icon_y" value="185"/>
					</object>
					<object name="TPort_RADAR1">
						<integer name="icon_x" value="180"/>
						<integer name="icon_y" value="260"/>
					</object>
					<object name="TPort_RADAR2">
						<integer name="icon_x" value="400"/>
						<integer name="icon_y" value="262"/>
					</object>
					<object name="ZPort_AAGunContr1">
						<integer name="icon_x" value="14"/>
						<integer name="icon_y" value="185"/>
					</object>
					<object name="ZPort_Bridge">
						<integer name="icon_x" value="44"/>
						<integer name="icon_y" value="3"/>
					</object>
					<object name="ZPort_FuelTank">
						<integer name="icon_x" value="85"/>
						<integer name="icon_y" value="3"/>
					</object>
					<object name="ZPort_Jammer_JS_A">
						<integer name="icon_x" value="126"/>
						<integer name="icon_y" value="275"/>
					</object>
					<object name="ZPort_Jammer_US_A1">
						<integer name="icon_x" value="554"/>
						<integer name="icon_y" value="277"/>
					</object>
					<object name="ZPort_MainGunContr">
						<integer name="icon_x" value="14"/>
						<integer name="icon_y" value="275"/>
					</object>
					<object name="ZPort_Radio">
						<integer name="icon_x" value="100"/>
						<integer name="icon_y" value="275"/>
					</object>
					<object name="ZPort_Rudder">
						<integer name="icon_x" value="290"/>
						<integer name="icon_y" value="3"/>
					</object>
					<object name="ZPort_Sonar">
						<integer name="icon_x" value="555"/>
						<integer name="icon_y" value="340"/>
					</object>
					<object name="ZPort_Sonar1">
						<integer name="icon_x" value="500"/>
						<integer name="icon_y" value="340"/>
					</object>
					<object name="ZPort_SteamTurbine_01">
						<integer name="icon_x" value="279"/>
						<integer name="icon_y" value="348"/>
					</object>
				</object>
			</object>
		</object>
	</object>
</root>