﻿xml version="1.0" standalone="yes" ?>
<root>
	<object name="Modifications">
		<object name="SubUnits">
			<object name="3x150mm_KClass_Turret_Anton">
				<object name="TPort_0">
					<string name="Device" value="3x150mm_KClass_Turret_Stvol"/>
					<string name="Table" value="Rifles"/>
				</object>
				<object name="TPort_1">
					<string name="Device" value="3x150mm_KClass_Turret_Stvol"/>
					<string name="Table" value="Rifles"/>
				</object>
				<object name="TPort_2">
					<string name="Device" value="3x150mm_KClass_Turret_Stvol"/>
					<string name="Table" value="Rifles"/>
				</object>
			</object>
			<object name="3x150mm_KClass_Turret_Cesar">
				<object name="TPort_0">
					<string name="Device" value="3x150mm_KClass_Turret_Stvol"/>
					<string name="Table" value="Rifles"/>
				</object>
				<object name="TPort_1">
					<string name="Device" value="3x150mm_KClass_Turret_Stvol"/>
					<string name="Table" value="Rifles"/>
				</object>
				<object name="TPort_2">
					<string name="Device" value="3x150mm_KClass_Turret_Stvol"/>
					<string name="Table" value="Rifles"/>
				</object>
			</object>
			<object name="3x150mm_KClass_Turret_Dora">
				<object name="TPort_0">
					<string name="Device" value="3x150mm_KClass_Turret_Stvol"/>
					<string name="Table" value="Rifles"/>
				</object>
				<object name="TPort_1">
					<string name="Device" value="3x150mm_KClass_Turret_Stvol"/>
					<string name="Table" value="Rifles"/>
				</object>
				<object name="TPort_2">
					<string name="Device" value="3x150mm_KClass_Turret_Stvol"/>
					<string name="Table" value="Rifles"/>
				</object>
			</object>
		</object>
	</object>
</root>
