﻿<?xml version = "1.0" encoding = "UTF-8"?>
<root>
	<object name = "SteelMonstersParams">
		<object name="Ships">
			<object name="Kongo">
				<float name="AccelRate" value="1.e-004"/>
				<string name="Airgroup" value="Scout_Floatplane_Battleship_Division_2_1_japan"/>
				<integer name="AirplanesCount" value="3"/>
				<string name="AmmoLoadingTemplate" value="Ammo 300"/>
				<boolean name="BoatsTransportationAbility" value="false"/>
				<integer name="CabinArmor" value="370"/>
				<boolean name="CanBeChanged" value="true"/>
				<boolean name="CanUseTorpedos" value="false"/>
				<string name="CatapultAirgroupDefaultUnit" value="F1M"/>
				<integer name="Country" value="2"/>
				<integer name="Crew" value="1300"/>
				<float name="CriticalCareen" value="37."/>
				<float name="CriticalDFT" value="2.9"/>
				<float name="CriticalDifferent" value="5."/>
				<float name="DisplacementMax" value="37168."/>
				<float name="DTimeProd" value="140."/>
				<float name="EPR" value="745."/>
				<float name="FireRisk" value="1500."/>
				<float name="Fuel" value="6330."/>
				<float name="HLShapeCoef" value="0.7"/>
				<integer name="HullArmorSide" value="305"/>
				<integer name="HullArmorTop" value="145"/>
				<float name="Iron" value="38000."/>
				<integer name="Length" value="222.05"/>
				<float name="MaxSpeed" value="30."/>
				<integer name="MinCrew" value="592"/>
				<float name="Money" value="30000."/>
				<string name="Name" value="Kongo"/>
				<boolean name="New" value="false"/>
				<float name="NTimeProd" value="350."/>
				<integer name="Nuc_Dest_Prob" value="350"/>
				<integer name="Passengers" value="70"/>
				<boolean name="PlanesTransportationAbility" value="false"/>
				<float name="Range" value="18000.0"/>
				<integer name="Rank" value="2"/>
				<string name="SMU" value="Kongo"/>
				<float name="Speed" value="18."/>
				<float name="StoreCapacity" value="1600."/>
				<boolean name="Transportable" value="false"/>
				<float name="TurnRate" value="7.e-004"/>
				<integer name="Type" value="1"/>
				<float name="Vitality" value="9000."/>
				<float name="VitalityAA" value="3000."/>
				<float name="Weight" value="32670."/>
				<integer name="Width" value="29.04"/>
				<integer name="Year" value="30"/>
			</object>
		</object>
	    <object name="Engins">
			<object name="MPP_Kongo">
				<float name="Consumption" value="6.e-004"/>
				<integer name="Country" value="2"/>
				<float name="Money" value="20000."/>
				<integer name="Power_Max" value="136000"/>
				<integer name="RPM_Max" value="0"/>
				<integer name="Type" value="8"/>
				<integer name="Unreliability" value="10"/>
				<string name="Usage" value="Ships"/>
				<float name="Weight" value="3100."/>
			</object>
		</object>
		<object name="Hit_Location">
			<object name="3853">
				<string name="ConnectName" value="Tiller"/>
				<integer name="Country" value="2"/>
				<float name="ER" value="500."/>
				<string name="Hull" value="Std_Rudder"/>
				<string name="Name" value="Rudder"/>
				<string name="TypHL" value="Rudder"/>
				<string name="UnitName" value="Kongo"/>
			</object>
			<object name="Kon3854">
				<string name="ConnectName" value="Engine3"/>
				<integer name="Country" value="2"/>
				<float name="ER" value="500."/>
				<string name="Hull" value="Std_Mover"/>
				<string name="Name" value="Mover3"/>
				<string name="TypHL" value="Mover"/>
				<string name="UnitName" value="Kongo"/>
			</object>
			<object name="Kon3855">
				<string name="ConnectName" value="Engine4"/>
				<integer name="Country" value="2"/>
				<float name="ER" value="500."/>
				<string name="Hull" value="Std_Mover"/>
				<string name="Name" value="Mover4"/>
				<string name="TypHL" value="Mover"/>
				<string name="UnitName" value="Kongo"/>
			</object>
			<object name="Kon3856">
				<string name="ConnectName" value="Engine2"/>
				<integer name="Country" value="2"/>
				<float name="ER" value="500."/>
				<string name="Hull" value="Std_Mover"/>
				<string name="Name" value="Mover2"/>
				<string name="TypHL" value="Mover"/>
				<string name="UnitName" value="Kongo"/>
			</object>
			<object name="Kon3857">
				<string name="ConnectName" value="Engine1"/>
				<integer name="Country" value="2"/>
				<float name="ER" value="500."/>
				<string name="Hull" value="Std_Mover"/>
				<string name="Name" value="Mover1"/>
				<string name="TypHL" value="Mover"/>
				<string name="UnitName" value="Kongo"/>
			</object>
			<object name="Kon3858">
				<integer name="Country" value="2"/>
				<float name="ER" value="500."/>
				<string name="Hull" value="Kongo_BattleCabine"/>
				<string name="Name" value="BattleCabine"/>
				<string name="TypHL" value="Probe"/>
				<string name="UnitName" value="Kongo"/>
			</object>
			<object name="Kon3859">
				<integer name="Country" value="2"/>
				<float name="ER" value="500."/>
				<string name="Hull" value="Std_Probe"/>
				<string name="Name" value="Radar"/>
				<string name="TypHL" value="Probe"/>
				<string name="UnitName" value="Kongo"/>
			</object>
			<object name="Kon3860">
				<integer name="Country" value="2"/>
				<float name="ER" value="500."/>
				<string name="Hull" value="Std_Probe"/>
				<string name="Name" value="Radio"/>
				<string name="TypHL" value="Probe"/>
				<string name="UnitName" value="Kongo"/>
			</object>
			<object name="Kon3861">
				<integer name="Country" value="2"/>
				<float name="ER" value="500."/>
				<string name="Hull" value="Std_Probe"/>
				<string name="Name" value="Probe_AA_Bow"/>
				<string name="TypHL" value="Probe"/>
				<string name="UnitName" value="Kongo"/>
			</object>
			<object name="Kon3862">
				<integer name="Country" value="2"/>
				<float name="ER" value="500."/>
				<string name="Hull" value="Std_Probe"/>
				<string name="Name" value="Probe_AA_Stern"/>
				<string name="TypHL" value="Probe"/>
				<string name="UnitName" value="Kongo"/>
			</object>
			<object name="Kon3864">
				<integer name="Country" value="2"/>
				<float name="ER" value="500."/>
				<string name="Hull" value="Kongo_Barbet"/>
				<string name="Name" value="Barbett1"/>
				<string name="TypHL" value="Hull"/>
				<string name="UnitName" value="Kongo"/>
			</object>
			<object name="Kon3865">
				<integer name="Country" value="2"/>
				<float name="ER" value="500."/>
				<string name="Hull" value="Kongo_Barbet"/>
				<string name="Name" value="Barbett2"/>
				<string name="TypHL" value="Hull"/>
				<string name="UnitName" value="Kongo"/>
			</object>
			<object name="Kon3866">
				<integer name="Country" value="2"/>
				<float name="ER" value="500."/>
				<string name="Hull" value="Std_Bottom"/>
				<string name="Name" value="Bow2_LBottom"/>
				<string name="TypHL" value="Hull"/>
				<string name="UnitName" value="Kongo"/>
			</object>
			<object name="Kon3867">
				<integer name="Country" value="2"/>
				<float name="ER" value="500."/>
				<string name="Hull" value="Std_Bottom"/>
				<string name="Name" value="Bow2_RBottom"/>
				<string name="TypHL" value="Hull"/>
				<string name="UnitName" value="Kongo"/>
			</object>
			<object name="Kon3868">
				<integer name="Country" value="2"/>
				<float name="ER" value="500."/>
				<string name="Hull" value="Std_LAMP"/>
				<string name="Name" value="Bow2_LAMP1"/>
				<string name="TypHL" value="Hull"/>
				<string name="UnitName" value="Kongo"/>
			</object>
			<object name="Kon3869">
				<integer name="Country" value="2"/>
				<float name="ER" value="500."/>
				<string name="Hull" value="Std_RAMP"/>
				<string name="Name" value="Bow2_RAMP1"/>
				<string name="TypHL" value="Hull"/>
				<string name="UnitName" value="Kongo"/>
			</object>
			<object name="Kon3870">
				<integer name="Country" value="2"/>
				<float name="ER" value="500."/>
				<string name="Hull" value="Std_RAMP"/>
				<string name="Name" value="Bow2_RAMP2"/>
				<string name="TypHL" value="Hull"/>
				<string name="UnitName" value="Kongo"/>
			</object>
			<object name="Kon3871">
				<integer name="Country" value="2"/>
				<float name="ER" value="500."/>
				<string name="Hull" value="Std_AS_T2"/>
				<string name="Name" value="AmmoStore_1"/>
				<float name="Param_1" value="0."/>
				<string name="TypHL" value="AmmoStore"/>
				<string name="UnitName" value="Kongo"/>
			</object>
			<object name="Kon3872">
				<integer name="Country" value="2"/>
				<float name="ER" value="500."/>
				<string name="Hull" value="Std_AS_T2"/>
				<string name="Name" value="AmmoStore_2"/>
				<float name="Param_1" value="0."/>
				<string name="TypHL" value="AmmoStore"/>
				<string name="UnitName" value="Kongo"/>
			</object>
			<object name="Kon3873">
				<integer name="Country" value="2"/>
				<float name="ER" value="500."/>
				<string name="Hull" value="Kongo_LMBBelt"/>
				<string name="Name" value="Bow2_LLowerBelt"/>
				<string name="TypHL" value="Hull"/>
				<string name="UnitName" value="Kongo"/>
			</object>
			<object name="Kon3874">
				<integer name="Country" value="2"/>
				<float name="ER" value="500."/>
				<string name="Hull" value="Kongo_RMBBelt"/>
				<string name="Name" value="Bow2_RLowerBelt"/>
				<string name="TypHL" value="Hull"/>
				<string name="UnitName" value="Kongo"/>
			</object>
			<object name="Kon3875">
				<integer name="Country" value="2"/>
				<float name="ER" value="500."/>
				<string name="Hull" value="Kongo_RUBelt"/>
				<string name="Name" value="Bow2_RUpperBelt"/>
				<string name="TypHL" value="Hull"/>
				<string name="UnitName" value="Kongo"/>
			</object>
			<object name="Kon3876">
				<integer name="Country" value="2"/>
				<float name="ER" value="500."/>
				<string name="Hull" value="Kongo_LUBelt"/>
				<string name="Name" value="Bow2_LUpperBelt"/>
				<string name="TypHL" value="Hull"/>
				<string name="UnitName" value="Kongo"/>
			</object>
			<object name="Kon3877">
				<integer name="Country" value="2"/>
				<float name="ER" value="500."/>
				<string name="Hull" value="Std_UpperHull"/>
				<string name="Name" value="Bow2_UpperDeck"/>
				<string name="TypHL" value="Hull"/>
				<string name="UnitName" value="Kongo"/>
			</object>
			<object name="Kon3878">
				<integer name="Country" value="2"/>
				<float name="ER" value="500."/>
				<string name="Hull" value="Kongo_AMBDeck"/>
				<string name="Name" value="Bow2_MiddleDeck"/>
				<string name="TypHL" value="Hull"/>
				<string name="UnitName" value="Kongo"/>
			</object>
			<object name="Kon3879">
				<integer name="Country" value="2"/>
				<float name="ER" value="500."/>
				<string name="Hull" value="Std_Hull"/>
				<string name="Name" value="Bow2_LBoard"/>
				<string name="TypHL" value="Hull"/>
				<string name="UnitName" value="Kongo"/>
			</object>
			<object name="Kon3880">
				<integer name="Country" value="2"/>
				<float name="ER" value="500."/>
				<string name="Hull" value="Std_LAMP"/>
				<string name="Name" value="Bow2_LAMP2"/>
				<string name="TypHL" value="Hull"/>
				<string name="UnitName" value="Kongo"/>
			</object>
			<object name="Kon3882">
				<integer name="Country" value="2"/>
				<float name="ER" value="500."/>
				<string name="Hull" value="Kongo_AMDeck"/>
				<string name="Name" value="Middle1_MiddleDeck"/>
				<string name="TypHL" value="Hull"/>
				<string name="UnitName" value="Kongo"/>
			</object>
			<object name="Kon3883">
				<integer name="Country" value="2"/>
				<float name="ER" value="500."/>
				<string name="Hull" value="Std_Probe"/>
				<string name="Name" value="Probe_MG"/>
				<string name="TypHL" value="Probe"/>
				<string name="UnitName" value="Kongo"/>
			</object>
			<object name="Kon3884">
				<integer name="Country" value="2"/>
				<float name="ER" value="500."/>
				<string name="Hull" value="Std_Bottom"/>
				<string name="Name" value="Middle1_RBottom"/>
				<string name="TypHL" value="FuelTank"/>
				<string name="UnitName" value="Kongo"/>
			</object>
			<object name="Kon3885">
				<integer name="Country" value="2"/>
				<float name="ER" value="500."/>
				<string name="Hull" value="Std_Bottom"/>
				<string name="Name" value="Middle1_LBottom"/>
				<string name="TypHL" value="FuelTank"/>
				<string name="UnitName" value="Kongo"/>
			</object>
			<object name="Kon3886">
				<integer name="Country" value="2"/>
				<float name="ER" value="500."/>
				<string name="Hull" value="Std_LAMP"/>
				<string name="Name" value="Middle1_LAMP1"/>
				<string name="TypHL" value="Hull"/>
				<string name="UnitName" value="Kongo"/>
			</object>
			<object name="Kon3887">
				<integer name="Country" value="2"/>
				<float name="ER" value="500."/>
				<string name="Hull" value="Std_LAMP"/>
				<string name="Name" value="Middle1_LAMP2"/>
				<string name="TypHL" value="Hull"/>
				<string name="UnitName" value="Kongo"/>
			</object>
			<object name="Kon3888">
				<integer name="Country" value="2"/>
				<float name="ER" value="500."/>
				<string name="Hull" value="Std_RAMP"/>
				<string name="Name" value="Middle1_RAMP1"/>
				<string name="TypHL" value="Hull"/>
				<string name="UnitName" value="Kongo"/>
			</object>
			<object name="Kon3889">
				<integer name="Country" value="2"/>
				<float name="ER" value="500."/>
				<string name="Hull" value="Std_RAMP"/>
				<string name="Name" value="Middle1_RAMP2"/>
				<string name="TypHL" value="Hull"/>
				<string name="UnitName" value="Kongo"/>
			</object>
			<object name="Kon3890">
				<integer name="Country" value="2"/>
				<float name="ER" value="500."/>
				<string name="Hull" value="Kongo_ALDeck"/>
				<string name="Name" value="Middle1_LowerDeck"/>
				<string name="TypHL" value="Hull"/>
				<string name="UnitName" value="Kongo"/>
			</object>
			<object name="Kon3891">
				<integer name="Country" value="2"/>
				<float name="ER" value="500."/>
				<string name="Hull" value="Kongo_LMBelt"/>
				<string name="Name" value="Middle1_LLowerBelt"/>
				<string name="TypHL" value="Hull"/>
				<string name="UnitName" value="Kongo"/>
			</object>
			<object name="Kon3892">
				<integer name="Country" value="2"/>
				<float name="ER" value="500."/>
				<string name="Hull" value="Kongo_RMBelt"/>
				<string name="Name" value="Middle1_RLowerBelt"/>
				<string name="TypHL" value="Hull"/>
				<string name="UnitName" value="Kongo"/>
			</object>
			<object name="Kon3893">
				<integer name="Country" value="2"/>
				<float name="ER" value="500."/>
				<string name="Hull" value="Kongo_RUBelt"/>
				<string name="Name" value="Middle1_RUpperBelt"/>
				<string name="TypHL" value="Hull"/>
				<string name="UnitName" value="Kongo"/>
			</object>
			<object name="Kon3894">
				<integer name="Country" value="2"/>
				<float name="ER" value="500."/>
				<string name="Hull" value="Kongo_LUBelt"/>
				<string name="Name" value="Middle1_LUpperBelt"/>
				<string name="TypHL" value="Hull"/>
				<string name="UnitName" value="Kongo"/>
			</object>
			<object name="Kon3895">
				<integer name="Country" value="2"/>
				<float name="ER" value="500."/>
				<string name="Hull" value="Kongo_AMDeck"/>
				<string name="Name" value="Middle1_UpperDeck"/>
				<string name="TypHL" value="Hull"/>
				<string name="UnitName" value="Kongo"/>
			</object>
			<object name="Kon3896">
				<integer name="Country" value="2"/>
				<float name="ER" value="500."/>
				<string name="Hull" value="Std_Hull"/>
				<string name="Name" value="Middle1_LBoard"/>
				<string name="TypHL" value="Hull"/>
				<string name="UnitName" value="Kongo"/>
			</object>
			<object name="Kon3897">
				<integer name="Country" value="2"/>
				<float name="ER" value="500."/>
				<string name="Hull" value="Std_Hull"/>
				<string name="Name" value="Middle1_RBoard"/>
				<string name="TypHL" value="Hull"/>
				<string name="UnitName" value="Kongo"/>
			</object>
			<object name="Kon3899">
				<integer name="Country" value="2"/>
				<float name="ER" value="500."/>
				<string name="Hull" value="Std_Hull"/>
				<string name="Name" value="Bow2_RBoard"/>
				<string name="TypHL" value="Hull"/>
				<string name="UnitName" value="Kongo"/>
			</object>
			<object name="Kon3900">
				<integer name="Country" value="2"/>
				<float name="ER" value="500."/>
				<string name="Hull" value="Std_Bottom"/>
				<string name="Name" value="Middle2_RBottom"/>
				<string name="TypHL" value="FuelTank"/>
				<string name="UnitName" value="Kongo"/>
			</object>
			<object name="Kon3901">
				<integer name="Country" value="2"/>
				<float name="ER" value="500."/>
				<string name="Hull" value="Std_Bottom"/>
				<string name="Name" value="Middle2_LBottom"/>
				<string name="TypHL" value="FuelTank"/>
				<string name="UnitName" value="Kongo"/>
			</object>
			<object name="Kon3902">
				<integer name="Country" value="2"/>
				<float name="ER" value="500."/>
				<string name="Hull" value="Std_LAMP"/>
				<string name="Name" value="Middle2_LAMP1"/>
				<string name="TypHL" value="Hull"/>
				<string name="UnitName" value="Kongo"/>
			</object>
			<object name="Kon3903">
				<integer name="Country" value="2"/>
				<float name="ER" value="500."/>
				<string name="Hull" value="Std_LAMP"/>
				<string name="Name" value="Middle2_LAMP2"/>
				<string name="TypHL" value="Hull"/>
				<string name="UnitName" value="Kongo"/>
			</object>
			<object name="Kon3904">
				<integer name="Country" value="2"/>
				<float name="ER" value="500."/>
				<string name="Hull" value="Std_RAMP"/>
				<string name="Name" value="Middle2_RAMP1"/>
				<string name="TypHL" value="Hull"/>
				<string name="UnitName" value="Kongo"/>
			</object>
			<object name="Kon3905">
				<integer name="Country" value="2"/>
				<float name="ER" value="500."/>
				<string name="Hull" value="Std_RAMP"/>
				<string name="Name" value="Middle2_RAMP2"/>
				<string name="TypHL" value="Hull"/>
				<string name="UnitName" value="Kongo"/>
			</object>
			<object name="Kon3906">
				<integer name="Country" value="2"/>
				<float name="ER" value="500."/>
				<string name="Hull" value="Kongo_ALDeck"/>
				<string name="Name" value="Middle2_LowerDeck"/>
				<string name="TypHL" value="Hull"/>
				<string name="UnitName" value="Kongo"/>
			</object>
			<object name="Kon3907">
				<integer name="Country" value="2"/>
				<float name="ER" value="500."/>
				<string name="Hull" value="Std_Boiler"/>
				<string name="Name" value="Boiler1"/>
				<string name="TypHL" value="Boiler"/>
				<string name="UnitName" value="Kongo"/>
			</object>
			<object name="Kon3908">
				<integer name="Country" value="2"/>
				<float name="ER" value="500."/>
				<string name="Hull" value="Kongo_RMBelt"/>
				<string name="Name" value="Middle2_RLowerBelt"/>
				<string name="TypHL" value="Hull"/>
				<string name="UnitName" value="Kongo"/>
			</object>
			<object name="Kon3909">
				<integer name="Country" value="2"/>
				<float name="ER" value="500."/>
				<string name="Hull" value="Kongo_LMBelt"/>
				<string name="Name" value="Middle2_LLowerBelt"/>
				<string name="TypHL" value="Hull"/>
				<string name="UnitName" value="Kongo"/>
			</object>
			<object name="Kon3910">
				<integer name="Country" value="2"/>
				<float name="ER" value="500."/>
				<string name="Hull" value="Kongo_RUBelt"/>
				<string name="Name" value="Middle2_RUpperBelt"/>
				<string name="TypHL" value="Hull"/>
				<string name="UnitName" value="Kongo"/>
			</object>
			<object name="Kon3911">
				<integer name="Country" value="2"/>
				<float name="ER" value="500."/>
				<string name="Hull" value="Kongo_LUBelt"/>
				<string name="Name" value="Middle2_LUpperBelt"/>
				<string name="TypHL" value="Hull"/>
				<string name="UnitName" value="Kongo"/>
			</object>
			<object name="Kon3912">
				<integer name="Country" value="2"/>
				<float name="ER" value="500."/>
				<string name="Hull" value="Kongo_AMDeck"/>
				<string name="Name" value="Middle2_MiddleDeck"/>
				<string name="TypHL" value="Hull"/>
				<string name="UnitName" value="Kongo"/>
			</object>
			<object name="Kon3913">
				<integer name="Country" value="2"/>
				<float name="ER" value="500."/>
				<string name="Hull" value="Std_UpperHull"/>
				<string name="Name" value="Middle2_UperDeck"/>
				<string name="TypHL" value="Hull"/>
				<string name="UnitName" value="Kongo"/>
			</object>
			<object name="Kon3914">
				<integer name="Country" value="2"/>
				<float name="ER" value="500."/>
				<string name="Hull" value="Std_Hull"/>
				<string name="Name" value="Middle2_LBoard"/>
				<string name="TypHL" value="Hull"/>
				<string name="UnitName" value="Kongo"/>
			</object>
			<object name="Kon3915">
				<integer name="Country" value="2"/>
				<float name="ER" value="500."/>
				<string name="Hull" value="Std_Hull"/>
				<string name="Name" value="Middle2_RBoard"/>
				<string name="TypHL" value="Hull"/>
				<string name="UnitName" value="Kongo"/>
			</object>
			<object name="Kon3917">
				<integer name="Country" value="2"/>
				<float name="ER" value="500."/>
				<string name="Hull" value="Std_Bottom"/>
				<string name="Name" value="Middle3_RBottom"/>
				<string name="TypHL" value="FuelTank"/>
				<string name="UnitName" value="Kongo"/>
			</object>
			<object name="Kon3918">
				<integer name="Country" value="2"/>
				<float name="ER" value="500."/>
				<string name="Hull" value="Std_Bottom"/>
				<string name="Name" value="Middle3_LBottom"/>
				<string name="TypHL" value="FuelTank"/>
				<string name="UnitName" value="Kongo"/>
			</object>
			<object name="Kon3919">
				<integer name="Country" value="2"/>
				<float name="ER" value="500."/>
				<string name="Hull" value="Std_LAMP"/>
				<string name="Name" value="Middle3_LAMP1"/>
				<string name="TypHL" value="Hull"/>
				<string name="UnitName" value="Kongo"/>
			</object>
			<object name="Kon3920">
				<integer name="Country" value="2"/>
				<float name="ER" value="500."/>
				<string name="Hull" value="Std_LAMP"/>
				<string name="Name" value="Middle3_LAMP2"/>
				<string name="TypHL" value="Hull"/>
				<string name="UnitName" value="Kongo"/>
			</object>
			<object name="Kon3921">
				<integer name="Country" value="2"/>
				<float name="ER" value="500."/>
				<string name="Hull" value="Std_RAMP"/>
				<string name="Name" value="Middle3_RAMP1"/>
				<string name="TypHL" value="Hull"/>
				<string name="UnitName" value="Kongo"/>
			</object>
			<object name="Kon3922">
				<integer name="Country" value="2"/>
				<float name="ER" value="500."/>
				<string name="Hull" value="Std_RAMP"/>
				<string name="Name" value="Middle3_RAMP2"/>
				<string name="TypHL" value="Hull"/>
				<string name="UnitName" value="Kongo"/>
			</object>
			<object name="Kon3923">
				<integer name="Country" value="2"/>
				<float name="ER" value="500."/>
				<string name="Hull" value="Kongo_ALDeck"/>
				<string name="Name" value="Middle3_LowerDeck"/>
				<string name="TypHL" value="Hull"/>
				<string name="UnitName" value="Kongo"/>
			</object>
			<object name="Kon3924">
				<integer name="Country" value="2"/>
				<float name="ER" value="500."/>
				<string name="Hull" value="Std_Boiler"/>
				<string name="Name" value="Boiler2"/>
				<string name="TypHL" value="Boiler"/>
				<string name="UnitName" value="Kongo"/>
			</object>
			<object name="Kon3925">
				<integer name="Country" value="2"/>
				<float name="ER" value="500."/>
				<string name="Hull" value="Kongo_RLBelt"/>
				<string name="Name" value="Middle3_RLowerBelt"/>
				<string name="TypHL" value="Hull"/>
				<string name="UnitName" value="Kongo"/>
			</object>
			<object name="Kon3926">
				<integer name="Country" value="2"/>
				<float name="ER" value="500."/>
				<string name="Hull" value="Kongo_LLBelt"/>
				<string name="Name" value="Middle3_LLowerBelt"/>
				<string name="TypHL" value="Hull"/>
				<string name="UnitName" value="Kongo"/>
			</object>
			<object name="Kon3927">
				<integer name="Country" value="2"/>
				<float name="ER" value="500."/>
				<string name="Hull" value="Kongo_RUBelt"/>
				<string name="Name" value="Middle3_RUpperBelt"/>
				<string name="TypHL" value="Hull"/>
				<string name="UnitName" value="Kongo"/>
			</object>
			<object name="Kon3928">
				<integer name="Country" value="2"/>
				<float name="ER" value="500."/>
				<string name="Hull" value="Kongo_LUBelt"/>
				<string name="Name" value="Middle3_LUpperBelt"/>
				<string name="TypHL" value="Hull"/>
				<string name="UnitName" value="Kongo"/>
			</object>
			<object name="Kon3929">
				<integer name="Country" value="2"/>
				<float name="ER" value="500."/>
				<string name="Hull" value="Kongo_AMDeck"/>
				<string name="Name" value="Middle3_MiddleDeck"/>
				<string name="TypHL" value="Hull"/>
				<string name="UnitName" value="Kongo"/>
			</object>
			<object name="Kon3930">
				<integer name="Country" value="2"/>
				<float name="ER" value="500."/>
				<string name="Hull" value="Std_UpperHull"/>
				<string name="Name" value="Middle3_UpperDeck"/>
				<string name="TypHL" value="Hull"/>
				<string name="UnitName" value="Kongo"/>
			</object>
			<object name="Kon3931">
				<integer name="Country" value="2"/>
				<float name="ER" value="500."/>
				<string name="Hull" value="Std_Hull"/>
				<string name="Name" value="Middle3_LBoard"/>
				<string name="TypHL" value="Hull"/>
				<string name="UnitName" value="Kongo"/>
			</object>
			<object name="Kon3932">
				<integer name="Country" value="2"/>
				<float name="ER" value="500."/>
				<string name="Hull" value="Std_Hull"/>
				<string name="Name" value="Middle3_RBoard"/>
				<string name="TypHL" value="Hull"/>
				<string name="UnitName" value="Kongo"/>
			</object>
			<object name="Kon3934">
				<integer name="Country" value="2"/>
				<float name="ER" value="500."/>
				<string name="Hull" value="Std_Bottom"/>
				<string name="Name" value="Middle4_RBottom"/>
				<string name="TypHL" value="FuelTank"/>
				<string name="UnitName" value="Kongo"/>
			</object>
			<object name="Kon3935">
				<integer name="Country" value="2"/>
				<float name="ER" value="500."/>
				<string name="Hull" value="Std_Bottom"/>
				<string name="Name" value="Middle4_LBottom"/>
				<string name="TypHL" value="FuelTank"/>
				<string name="UnitName" value="Kongo"/>
			</object>
			<object name="Kon3936">
				<integer name="Country" value="2"/>
				<float name="ER" value="500."/>
				<string name="Hull" value="Std_LAMP"/>
				<string name="Name" value="Middle4_LAMP1"/>
				<string name="TypHL" value="Hull"/>
				<string name="UnitName" value="Kongo"/>
			</object>
			<object name="Kon3937">
				<integer name="Country" value="2"/>
				<float name="ER" value="500."/>
				<string name="Hull" value="Std_LAMP"/>
				<string name="Name" value="Middle4_LAMP2"/>
				<string name="TypHL" value="Hull"/>
				<string name="UnitName" value="Kongo"/>
			</object>
			<object name="Kon3938">
				<integer name="Country" value="2"/>
				<float name="ER" value="500."/>
				<string name="Hull" value="Std_RAMP"/>
				<string name="Name" value="Middle4_RAMP1"/>
				<string name="TypHL" value="Hull"/>
				<string name="UnitName" value="Kongo"/>
			</object>
			<object name="Kon3939">
				<integer name="Country" value="2"/>
				<float name="ER" value="500."/>
				<string name="Hull" value="Std_RAMP"/>
				<string name="Name" value="Middle4_RAMP2"/>
				<string name="TypHL" value="Hull"/>
				<string name="UnitName" value="Kongo"/>
			</object>
			<object name="Kon3940">
				<integer name="Country" value="2"/>
				<float name="ER" value="500."/>
				<string name="Hull" value="Kongo_ALDeck"/>
				<string name="Name" value="Middle4_CLowerDeck1"/>
				<string name="TypHL" value="Hull"/>
				<string name="UnitName" value="Kongo"/>
			</object>
			<object name="Kon3941">
				<integer name="Country" value="2"/>
				<float name="ER" value="500."/>
				<string name="Hull" value="Kongo_ALDeck"/>
				<string name="Name" value="Middle4_RLowerDeck1"/>
				<string name="TypHL" value="Hull"/>
				<string name="UnitName" value="Kongo"/>
			</object>
			<object name="Kon3942">
				<string name="ConnectName" value="Boiler1"/>
				<integer name="Country" value="2"/>
				<float name="ER" value="500."/>
				<string name="Hull" value="Std_Engine"/>
				<string name="Name" value="Engine1"/>
				<string name="TypHL" value="Engine"/>
				<string name="UnitName" value="Kongo"/>
			</object>
			<object name="Kon3943">
				<integer name="Country" value="2"/>
				<float name="ER" value="500."/>
				<string name="Hull" value="Kongo_ALDeck"/>
				<string name="Name" value="Middle4_LLowerDeck1"/>
				<string name="TypHL" value="Hull"/>
				<string name="UnitName" value="Kongo"/>
			</object>
			<object name="Kon3944">
				<string name="ConnectName" value="Boiler1"/>
				<integer name="Country" value="2"/>
				<float name="ER" value="500."/>
				<string name="Hull" value="Std_Engine"/>
				<string name="Name" value="Engine2"/>
				<string name="TypHL" value="Engine"/>
				<string name="UnitName" value="Kongo"/>
			</object>
			<object name="Kon3945">
				<integer name="Country" value="2"/>
				<float name="ER" value="500."/>
				<string name="Hull" value="Kongo_ALDeck"/>
				<string name="Name" value="Middle4_RLowerDeck2"/>
				<string name="TypHL" value="Hull"/>
				<string name="UnitName" value="Kongo"/>
			</object>
			<object name="Kon3946">
				<integer name="Country" value="2"/>
				<float name="ER" value="500."/>
				<string name="Hull" value="Kongo_ALDeck"/>
				<string name="Name" value="Middle4_CLowerDeck2"/>
				<string name="TypHL" value="Hull"/>
				<string name="UnitName" value="Kongo"/>
			</object>
			<object name="Kon3947">
				<string name="ConnectName" value="Boiler2"/>
				<integer name="Country" value="2"/>
				<float name="ER" value="500."/>
				<string name="Hull" value="Std_Engine"/>
				<string name="Name" value="Engine3"/>
				<string name="TypHL" value="Engine"/>
				<string name="UnitName" value="Kongo"/>
			</object>
			<object name="Kon3948">
				<string name="ConnectName" value="Boiler2"/>
				<integer name="Country" value="2"/>
				<float name="ER" value="500."/>
				<string name="Hull" value="Std_Engine"/>
				<string name="Name" value="Engine4"/>
				<string name="TypHL" value="Engine"/>
				<string name="UnitName" value="Kongo"/>
			</object>
			<object name="Kon3949">
				<integer name="Country" value="2"/>
				<float name="ER" value="500."/>
				<string name="Hull" value="Kongo_ALDeck"/>
				<string name="Name" value="Middle4_LLowerDeck2"/>
				<string name="TypHL" value="Hull"/>
				<string name="UnitName" value="Kongo"/>
			</object>
			<object name="Kon3950">
				<integer name="Country" value="2"/>
				<float name="ER" value="500."/>
				<string name="Hull" value="Kongo_RMBelt"/>
				<string name="Name" value="Middle4_RLoerBelt"/>
				<string name="TypHL" value="Hull"/>
				<string name="UnitName" value="Kongo"/>
			</object>
			<object name="Kon3951">
				<integer name="Country" value="2"/>
				<float name="ER" value="500."/>
				<string name="Hull" value="Kongo_LMBelt"/>
				<string name="Name" value="Middle4_LLowerBelt"/>
				<string name="TypHL" value="Hull"/>
				<string name="UnitName" value="Kongo"/>
			</object>
			<object name="Kon3952">
				<integer name="Country" value="2"/>
				<float name="ER" value="500."/>
				<string name="Hull" value="Kongo_RUBelt"/>
				<string name="Name" value="Middle4_RUpperBelt"/>
				<string name="TypHL" value="Hull"/>
				<string name="UnitName" value="Kongo"/>
			</object>
			<object name="Kon3953">
				<integer name="Country" value="2"/>
				<float name="ER" value="500."/>
				<string name="Hull" value="Kongo_LUBelt"/>
				<string name="Name" value="Middle4_LUpperBelt"/>
				<string name="TypHL" value="Hull"/>
				<string name="UnitName" value="Kongo"/>
			</object>
			<object name="Kon3954">
				<integer name="Country" value="2"/>
				<float name="ER" value="500."/>
				<string name="Hull" value="Kongo_AMDeck"/>
				<string name="Name" value="Middle4_MiddleDeck"/>
				<string name="TypHL" value="Hull"/>
				<string name="UnitName" value="Kongo"/>
			</object>
			<object name="Kon3955">
				<integer name="Country" value="2"/>
				<float name="ER" value="500."/>
				<string name="Hull" value="Std_UpperHull"/>
				<string name="Name" value="Middle4_UpperDeck"/>
				<string name="TypHL" value="Hull"/>
				<string name="UnitName" value="Kongo"/>
			</object>
			<object name="Kon3956">
				<integer name="Country" value="2"/>
				<float name="ER" value="500."/>
				<string name="Hull" value="Std_Hull"/>
				<string name="Name" value="Middle4_LBoard"/>
				<string name="TypHL" value="Hull"/>
				<string name="UnitName" value="Kongo"/>
			</object>
			<object name="Kon3957">
				<integer name="Country" value="2"/>
				<float name="ER" value="500."/>
				<string name="Hull" value="Std_Hull"/>
				<string name="Name" value="Middle4_RBoard"/>
				<string name="TypHL" value="Hull"/>
				<string name="UnitName" value="Kongo"/>
			</object>
			<object name="Kon3959">
				<integer name="Country" value="2"/>
				<float name="ER" value="500."/>
				<string name="Hull" value="Kongo_Barbet"/>
				<string name="Name" value="Barbett3"/>
				<string name="TypHL" value="Hull"/>
				<string name="UnitName" value="Kongo"/>
			</object>
			<object name="Kon3960">
				<integer name="Country" value="2"/>
				<float name="ER" value="500."/>
				<string name="Hull" value="Kongo_Barbet"/>
				<string name="Name" value="Barbett4"/>
				<string name="TypHL" value="Hull"/>
				<string name="UnitName" value="Kongo"/>
			</object>
			<object name="Kon3961">
				<integer name="Country" value="2"/>
				<float name="ER" value="500."/>
				<string name="Hull" value="Std_Bottom"/>
				<string name="Name" value="Stern1_RBottom"/>
				<string name="TypHL" value="Hull"/>
				<string name="UnitName" value="Kongo"/>
			</object>
			<object name="Kon3962">
				<integer name="Country" value="2"/>
				<float name="ER" value="500."/>
				<string name="Hull" value="Std_Bottom"/>
				<string name="Name" value="Stern1_LBottom"/>
				<string name="TypHL" value="Hull"/>
				<string name="UnitName" value="Kongo"/>
			</object>
			<object name="Kon3963">
				<integer name="Country" value="2"/>
				<float name="ER" value="500."/>
				<string name="Hull" value="Std_LAMP"/>
				<string name="Name" value="Stern1_LAMP"/>
				<string name="TypHL" value="Hull"/>
				<string name="UnitName" value="Kongo"/>
			</object>
			<object name="Kon3964">
				<integer name="Country" value="2"/>
				<float name="ER" value="500."/>
				<string name="Hull" value="Kongo_ALSDeck"/>
				<string name="Name" value="Stern1_LowerDeck"/>
				<string name="TypHL" value="Hull"/>
				<string name="UnitName" value="Kongo"/>
			</object>
			<object name="Kon3965">
				<integer name="Country" value="2"/>
				<float name="ER" value="500."/>
				<string name="Hull" value="Std_AS_T2"/>
				<string name="Name" value="AmmoStore_4"/>
				<float name="Param_1" value="0."/>
				<string name="TypHL" value="AmmoStore"/>
				<string name="UnitName" value="Kongo"/>
			</object>
			<object name="Kon3966">
				<integer name="Country" value="2"/>
				<float name="ER" value="500."/>
				<string name="Hull" value="Std_AS_T2"/>
				<string name="Name" value="AmmoStore_3"/>
				<float name="Param_1" value="0."/>
				<string name="TypHL" value="AmmoStore"/>
				<string name="UnitName" value="Kongo"/>
			</object>
			<object name="Kon3967">
				<integer name="Country" value="2"/>
				<float name="ER" value="500."/>
				<string name="Hull" value="Std_Hull"/>
				<string name="Name" value="Bow1_LowerDeck"/>
				<string name="TypHL" value="Hull"/>
				<string name="UnitName" value="Kongo"/>
			</object>
			<object name="Kon3968">
				<integer name="Country" value="2"/>
				<float name="ER" value="500."/>
				<string name="Hull" value="Std_RAMP"/>
				<string name="Name" value="Stern1_RAMP"/>
				<string name="TypHL" value="Hull"/>
				<string name="UnitName" value="Kongo"/>
			</object>
			<object name="Kon3969">
				<integer name="Country" value="2"/>
				<float name="ER" value="500."/>
				<string name="Hull" value="Kongo_RMSBelt"/>
				<string name="Name" value="Stern1_RLowerBelt"/>
				<string name="TypHL" value="Hull"/>
				<string name="UnitName" value="Kongo"/>
			</object>
			<object name="Kon3970">
				<integer name="Country" value="2"/>
				<float name="ER" value="500."/>
				<string name="Hull" value="Kongo_LMSBelt"/>
				<string name="Name" value="Stern1_LLowerBelt"/>
				<string name="TypHL" value="Hull"/>
				<string name="UnitName" value="Kongo"/>
			</object>
			<object name="Kon3971">
				<integer name="Country" value="2"/>
				<float name="ER" value="500."/>
				<string name="Hull" value="Kongo_RUSBelt"/>
				<string name="Name" value="Stern1_RUpperBelt"/>
				<string name="TypHL" value="Hull"/>
				<string name="UnitName" value="Kongo"/>
			</object>
			<object name="Kon3972">
				<integer name="Country" value="2"/>
				<float name="ER" value="500."/>
				<string name="Hull" value="Kongo_LUSBelt"/>
				<string name="Name" value="Stern1_LUpperBelt"/>
				<string name="TypHL" value="Hull"/>
				<string name="UnitName" value="Kongo"/>
			</object>
			<object name="Kon3973">
				<integer name="Country" value="2"/>
				<float name="ER" value="500."/>
				<string name="Hull" value="Kongo_AMSDeck"/>
				<string name="Name" value="Stern1_MiddleDeck"/>
				<string name="TypHL" value="Hull"/>
				<string name="UnitName" value="Kongo"/>
			</object>
			<object name="Kon3974">
				<integer name="Country" value="2"/>
				<float name="ER" value="500."/>
				<string name="Hull" value="Std_UpperHull"/>
				<string name="Name" value="Stern1_UpperDeck"/>
				<string name="TypHL" value="Hull"/>
				<string name="UnitName" value="Kongo"/>
			</object>
			<object name="Kon3975">
				<integer name="Country" value="2"/>
				<float name="ER" value="500."/>
				<string name="Hull" value="Std_Bottom"/>
				<string name="Name" value="Bow1_Bottom"/>
				<string name="TypHL" value="Hull"/>
				<string name="UnitName" value="Kongo"/>
			</object>
			<object name="Kon3976">
				<integer name="Country" value="2"/>
				<float name="ER" value="500."/>
				<string name="Hull" value="Std_Hull"/>
				<string name="Name" value="Bow1_MiddleDeck"/>
				<string name="TypHL" value="Hull"/>
				<string name="UnitName" value="Kongo"/>
			</object>
			<object name="Kon3977">
				<integer name="Country" value="2"/>
				<float name="ER" value="500."/>
				<string name="Hull" value="Std_UpperHull"/>
				<string name="Name" value="Bow1_UpperDeck"/>
				<string name="TypHL" value="Hull"/>
				<string name="UnitName" value="Kongo"/>
			</object>
			<object name="Kon3978">
				<integer name="Country" value="2"/>
				<float name="ER" value="500."/>
				<string name="Hull" value="Std_UpperHull"/>
				<string name="Name" value="Stern2_Deck"/>
				<string name="TypHL" value="Hull"/>
				<string name="UnitName" value="Kongo"/>
			</object>
			<object name="Kon3979">
				<integer name="Country" value="2"/>
				<float name="ER" value="500."/>
				<string name="Hull" value="Kongo_Tiller"/>
				<string name="Name" value="Tiller"/>
				<string name="TypHL" value="Hull"/>
				<string name="UnitName" value="Kongo"/>
			</object>
			<object name="Kon7709">
				<integer name="Country" value="2"/>
				<float name="ER" value="500."/>
				<string name="Hull" value="Kongo_ALBDeck"/>
				<string name="Name" value="Bow2_LowerDeck"/>
				<string name="TypHL" value="Hull"/>
				<string name="UnitName" value="Kongo"/>
			</object>
			<object name="Kon9272">
				<integer name="Country" value="2"/>
				<integer name="Crew" value="800"/>
				<float name="ER" value="500."/>
				<string name="Hull" value="Std_Hull"/>
				<string name="Name" value="ConingBridge"/>
				<string name="TypHL" value="Crew"/>
				<string name="UnitName" value="Kongo"/>
			</object>
			<object name="Kon9273">
				<integer name="Country" value="2"/>
				<integer name="Crew" value="800"/>
				<float name="ER" value="500."/>
				<string name="Hull" value="Std_Hull"/>
				<string name="Name" value="BowSuperstructure"/>
				<string name="TypHL" value="Crew"/>
				<string name="UnitName" value="Kongo"/>
			</object>
			<object name="Kon9274">
				<integer name="Country" value="2"/>
				<float name="ER" value="500."/>
				<string name="Hull" value="Std_Hull"/>
				<string name="Name" value="SmokeStack"/>
				<string name="TypHL" value="Hull"/>
				<string name="UnitName" value="Kongo"/>
			</object>
		</object>
		<object name="Hulls">
			<object name="Kongo_ALBDeck">
				<integer name="Back" value="254"/>
				<integer name="Bottom" value="1"/>
				<integer name="Country" value="2"/>
				<float name="ExplProb" value="0."/>
				<float name="FireProb" value="0."/>
				<integer name="Front" value="0"/>
				<integer name="Left" value="1"/>
				<string name="Material" value="Armored"/>
				<integer name="Right" value="1"/>
				<integer name="Top" value="178"/>
				<integer name="UnitName" value="0"/>
				<string name="UnitTyp" value="Ship"/>
			</object>
			<object name="Kongo_ALDeck">
				<integer name="Back" value="1"/>
				<integer name="Bottom" value="1"/>
				<integer name="Country" value="2"/>
				<float name="ExplProb" value="0."/>
				<float name="FireProb" value="0."/>
				<integer name="Front" value="1"/>
				<integer name="Left" value="1"/>
				<string name="Material" value="Armored"/>
				<integer name="Right" value="1"/>
				<integer name="Top" value="178"/>
				<integer name="UnitName" value="0"/>
				<string name="UnitTyp" value="Ship"/>
			</object>
			<object name="Kongo_ALSDeck">
				<integer name="Back" value="254"/>
				<integer name="Bottom" value="1"/>
				<integer name="Country" value="2"/>
				<float name="ExplProb" value="0."/>
				<float name="FireProb" value="0."/>
				<integer name="Front" value="0"/>
				<integer name="Left" value="1"/>
				<string name="Material" value="Armored"/>
				<integer name="Right" value="1"/>
				<integer name="Top" value="178"/>
				<integer name="UnitName" value="0"/>
				<string name="UnitTyp" value="Ship"/>
			</object>
			<object name="Kongo_AMBDeck">
				<integer name="Back" value="0"/>
				<integer name="Bottom" value="1"/>
				<integer name="Country" value="2"/>
				<float name="ExplProb" value="0."/>
				<float name="FireProb" value="0."/>
				<integer name="Front" value="330"/>
				<integer name="Left" value="1"/>
				<string name="Material" value="Armored"/>
				<integer name="Right" value="1"/>
				<integer name="Top" value="70"/>
				<integer name="UnitName" value="0"/>
				<string name="UnitTyp" value="Ship"/>
			</object>
			<object name="Kongo_AMDeck">
				<integer name="Back" value="1"/>
				<integer name="Bottom" value="1"/>
				<integer name="Country" value="2"/>
				<float name="ExplProb" value="0."/>
				<float name="FireProb" value="0."/>
				<integer name="Front" value="1"/>
				<integer name="Left" value="1"/>
				<string name="Material" value="Armored"/>
				<integer name="Right" value="1"/>
				<integer name="Top" value="70"/>
				<integer name="UnitName" value="0"/>
				<string name="UnitTyp" value="Ship"/>
			</object>
			<object name="Kongo_AMSDeck">
				<integer name="Back" value="0"/>
				<integer name="Bottom" value="1"/>
				<integer name="Country" value="2"/>
				<float name="ExplProb" value="0."/>
				<float name="FireProb" value="0."/>
				<integer name="Front" value="254"/>
				<integer name="Left" value="1"/>
				<string name="Material" value="Armored"/>
				<integer name="Right" value="1"/>
				<integer name="Top" value="70"/>
				<integer name="UnitName" value="0"/>
				<string name="UnitTyp" value="Ship"/>
			</object>
			<object name="Kongo_Barbet">
				<integer name="Back" value="305"/>
				<integer name="Bottom" value="10"/>
				<integer name="Country" value="2"/>
				<float name="ExplProb" value="10."/>
				<float name="FireProb" value="30."/>
				<integer name="Front" value="305"/>
				<integer name="Left" value="305"/>
				<string name="Material" value="Armored"/>
				<integer name="Right" value="305"/>
				<integer name="Top" value="305"/>
				<integer name="UnitName" value="0"/>
				<string name="UnitTyp" value="Ship"/>
			</object>
			<object name="Kongo_BattleCabine">
				<integer name="Back" value="330"/>
				<integer name="Bottom" value="76"/>
				<integer name="Country" value="2"/>
				<float name="ExplProb" value="0."/>
				<float name="FireProb" value="0."/>
				<integer name="Front" value="330"/>
				<integer name="Left" value="330"/>
				<string name="Material" value="Armored"/>
				<integer name="Right" value="330"/>
				<integer name="Top" value="152"/>
				<integer name="UnitName" value="0"/>
				<string name="UnitTyp" value="Ship"/>
			</object>
			<object name="Kongo_LLBBelt">
				<integer name="Back" value="0"/>
				<integer name="Bottom" value="0"/>
				<integer name="Country" value="2"/>
				<float name="ExplProb" value="0."/>
				<float name="FireProb" value="0."/>
				<integer name="Front" value="0"/>
				<integer name="Left" value="90"/>
				<string name="Material" value="Armored"/>
				<integer name="Right" value="0"/>
				<integer name="Top" value="50"/>
				<integer name="UnitName" value="0"/>
				<string name="UnitTyp" value="Ship"/>
			</object>
			<object name="Kongo_LLBelt">
				<integer name="Back" value="0"/>
				<integer name="Bottom" value="0"/>
				<integer name="Country" value="2"/>
				<float name="ExplProb" value="0."/>
				<float name="FireProb" value="0."/>
				<integer name="Front" value="0"/>
				<integer name="Left" value="305"/>
				<string name="Material" value="Armored"/>
				<integer name="Right" value="0"/>
				<integer name="Top" value="200"/>
				<integer name="UnitName" value="0"/>
				<string name="UnitTyp" value="Ship"/>
			</object>
			<object name="Kongo_LLSBelt">
				<integer name="Back" value="0"/>
				<integer name="Bottom" value="0"/>
				<integer name="Country" value="2"/>
				<float name="ExplProb" value="0."/>
				<float name="FireProb" value="0."/>
				<integer name="Front" value="0"/>
				<integer name="Left" value="90"/>
				<string name="Material" value="Armored"/>
				<integer name="Right" value="0"/>
				<integer name="Top" value="50"/>
				<integer name="UnitName" value="0"/>
				<string name="UnitTyp" value="Ship"/>
			</object>
			<object name="Kongo_LMBBelt">
				<integer name="Back" value="0"/>
				<integer name="Bottom" value="1"/>
				<integer name="Country" value="2"/>
				<float name="ExplProb" value="0."/>
				<float name="FireProb" value="0."/>
				<integer name="Front" value="330"/>
				<integer name="Left" value="305"/>
				<string name="Material" value="Armored"/>
				<integer name="Right" value="1"/>
				<integer name="Top" value="280"/>
				<integer name="UnitName" value="0"/>
				<string name="UnitTyp" value="Ship"/>
			</object>
			<object name="Kongo_LMBelt">
				<integer name="Back" value="1"/>
				<integer name="Bottom" value="1"/>
				<integer name="Country" value="2"/>
				<float name="ExplProb" value="0."/>
				<float name="FireProb" value="0."/>
				<integer name="Front" value="1"/>
				<integer name="Left" value="305"/>
				<string name="Material" value="Armored"/>
				<integer name="Right" value="1"/>
				<integer name="Top" value="280"/>
				<integer name="UnitName" value="0"/>
				<string name="UnitTyp" value="Ship"/>
			</object>
			<object name="Kongo_LMSBelt">
				<integer name="Back" value="254"/>
				<integer name="Bottom" value="1"/>
				<integer name="Country" value="2"/>
				<float name="ExplProb" value="0."/>
				<float name="FireProb" value="0."/>
				<integer name="Front" value="1"/>
				<integer name="Left" value="305"/>
				<string name="Material" value="Armored"/>
				<integer name="Right" value="1"/>
				<integer name="Top" value="280"/>
				<integer name="UnitName" value="0"/>
				<string name="UnitTyp" value="Ship"/>
			</object>
			<object name="Kongo_LUBBelt">
				<integer name="Back" value="0"/>
				<integer name="Bottom" value="0"/>
				<integer name="Country" value="2"/>
				<float name="ExplProb" value="0."/>
				<float name="FireProb" value="0."/>
				<integer name="Front" value="0"/>
				<integer name="Left" value="90"/>
				<string name="Material" value="Armored"/>
				<integer name="Right" value="0"/>
				<integer name="Top" value="50"/>
				<integer name="UnitName" value="0"/>
				<string name="UnitTyp" value="Ship"/>
			</object>
			<object name="Kongo_LUBelt">
				<integer name="Back" value="1"/>
				<integer name="Bottom" value="1"/>
				<integer name="Country" value="2"/>
				<float name="ExplProb" value="0."/>
				<float name="FireProb" value="0."/>
				<integer name="Front" value="1"/>
				<integer name="Left" value="229"/>
				<string name="Material" value="Armored"/>
				<integer name="Right" value="1"/>
				<integer name="Top" value="70"/>
				<integer name="UnitName" value="0"/>
				<string name="UnitTyp" value="Ship"/>
			</object>
			<object name="Kongo_LUSBelt">
				<integer name="Back" value="254"/>
				<integer name="Bottom" value="1"/>
				<integer name="Country" value="2"/>
				<float name="ExplProb" value="0."/>
				<float name="FireProb" value="0."/>
				<integer name="Front" value="1"/>
				<integer name="Left" value="229"/>
				<string name="Material" value="Armored"/>
				<integer name="Right" value="1"/>
				<integer name="Top" value="70"/>
				<integer name="UnitName" value="0"/>
				<string name="UnitTyp" value="Ship"/>
			</object>
			<object name="Kongo_RLBBelt">
				<integer name="Back" value="0"/>
				<integer name="Bottom" value="0"/>
				<integer name="Country" value="2"/>
				<float name="ExplProb" value="0."/>
				<float name="FireProb" value="0."/>
				<integer name="Front" value="0"/>
				<integer name="Left" value="0"/>
				<string name="Material" value="Armored"/>
				<integer name="Right" value="90"/>
				<integer name="Top" value="50"/>
				<integer name="UnitName" value="0"/>
				<string name="UnitTyp" value="Ship"/>
			</object>
			<object name="Kongo_RLBelt">
				<integer name="Back" value="0"/>
				<integer name="Bottom" value="0"/>
				<integer name="Country" value="2"/>
				<float name="ExplProb" value="0."/>
				<float name="FireProb" value="0."/>
				<integer name="Front" value="0"/>
				<integer name="Left" value="0"/>
				<string name="Material" value="Armored"/>
				<integer name="Right" value="305"/>
				<integer name="Top" value="200"/>
				<integer name="UnitName" value="0"/>
				<string name="UnitTyp" value="Ship"/>
			</object>
			<object name="Kongo_RLSBelt">
				<integer name="Back" value="0"/>
				<integer name="Bottom" value="0"/>
				<integer name="Country" value="2"/>
				<float name="ExplProb" value="0."/>
				<float name="FireProb" value="0."/>
				<integer name="Front" value="0"/>
				<integer name="Left" value="0"/>
				<string name="Material" value="Armored"/>
				<integer name="Right" value="90"/>
				<integer name="Top" value="50"/>
				<integer name="UnitName" value="0"/>
				<string name="UnitTyp" value="Ship"/>
			</object>
			<object name="Kongo_RMBBelt">
				<integer name="Back" value="0"/>
				<integer name="Bottom" value="1"/>
				<integer name="Country" value="2"/>
				<float name="ExplProb" value="0."/>
				<float name="FireProb" value="0."/>
				<integer name="Front" value="330"/>
				<integer name="Left" value="1"/>
				<string name="Material" value="Armored"/>
				<integer name="Right" value="305"/>
				<integer name="Top" value="280"/>
				<integer name="UnitName" value="0"/>
				<string name="UnitTyp" value="Ship"/>
			</object>
			<object name="Kongo_RMBelt">
				<integer name="Back" value="1"/>
				<integer name="Bottom" value="1"/>
				<integer name="Country" value="2"/>
				<float name="ExplProb" value="0."/>
				<float name="FireProb" value="0."/>
				<integer name="Front" value="1"/>
				<integer name="Left" value="1"/>
				<string name="Material" value="Armored"/>
				<integer name="Right" value="305"/>
				<integer name="Top" value="280"/>
				<integer name="UnitName" value="0"/>
				<string name="UnitTyp" value="Ship"/>
			</object>
			<object name="Kongo_RMSBelt">
				<integer name="Back" value="254"/>
				<integer name="Bottom" value="1"/>
				<integer name="Country" value="2"/>
				<float name="ExplProb" value="0."/>
				<float name="FireProb" value="0."/>
				<integer name="Front" value="1"/>
				<integer name="Left" value="1"/>
				<string name="Material" value="Armored"/>
				<integer name="Right" value="305"/>
				<integer name="Top" value="280"/>
				<integer name="UnitName" value="0"/>
				<string name="UnitTyp" value="Ship"/>
			</object>
			<object name="Kongo_RUBBelt">
				<integer name="Back" value="0"/>
				<integer name="Bottom" value="0"/>
				<integer name="Country" value="2"/>
				<float name="ExplProb" value="0."/>
				<float name="FireProb" value="0."/>
				<integer name="Front" value="0"/>
				<integer name="Left" value="0"/>
				<string name="Material" value="Armored"/>
				<integer name="Right" value="90"/>
				<integer name="Top" value="50"/>
				<integer name="UnitName" value="0"/>
				<string name="UnitTyp" value="Ship"/>
			</object>
			<object name="Kongo_RUBelt">
				<integer name="Back" value="1"/>
				<integer name="Bottom" value="1"/>
				<integer name="Country" value="2"/>
				<float name="ExplProb" value="0."/>
				<float name="FireProb" value="0."/>
				<integer name="Front" value="1"/>
				<integer name="Left" value="1"/>
				<string name="Material" value="Armored"/>
				<integer name="Right" value="229"/>
				<integer name="Top" value="70"/>
				<integer name="UnitName" value="0"/>
				<string name="UnitTyp" value="Ship"/>
			</object>
			<object name="Kongo_RUSBelt">
				<integer name="Back" value="254"/>
				<integer name="Bottom" value="1"/>
				<integer name="Country" value="2"/>
				<float name="ExplProb" value="0."/>
				<float name="FireProb" value="0."/>
				<integer name="Front" value="1"/>
				<integer name="Left" value="1"/>
				<string name="Material" value="Armored"/>
				<integer name="Right" value="229"/>
				<integer name="Top" value="70"/>
				<integer name="UnitName" value="0"/>
				<string name="UnitTyp" value="Ship"/>
			</object>
			<object name="Kongo_Tiller">
				<integer name="Back" value="19"/>
				<integer name="Bottom" value="19"/>
				<integer name="Country" value="2"/>
				<float name="ExplProb" value="0."/>
				<float name="FireProb" value="0."/>
				<integer name="Front" value="19"/>
				<integer name="Left" value="19"/>
				<string name="Material" value="Armored"/>
				<integer name="Right" value="19"/>
				<integer name="Top" value="19"/>
				<integer name="UnitName" value="0"/>
				<string name="UnitTyp" value="Ship"/>
			</object>
		</object>
		<object name="ShipsNames">
			<object name="Kongo">
				<string name="1" value="Kongo1"/>
			</object>
		</object>
		<object name="UnitsByType">
			<object name="1">
				<object name="Kongo">
					<string name="ChildTable" value="Ships"/>
				</object>
			</object>
		</object>
	</object>
</root>
