<?xml version="1.0" standalone="yes" ?>
<root>
	<object name="SteelMonstersParams">
		<object name="Rifles">
			<object name="310_Main_Gun_B65_Stvol">
				<float name="AARange" value="0."/>
				<string name="Ammo" value="Proj_310_J"/>
				<integer name="AmmoStorage" value="250"/>
				<float name="AmmoWeight" value="561."/>
				<string name="ArmPiercing" value="Proj_310_J_AP"/>
				<float name="Caliber" value="310."/>
				<integer name="Country" value="2"/>
				<float name="Dispersion" value="2."/>
				<integer name="FinalSpeed" value="490"/>
				<string name="FireSound" value="Guns\356mm"/>
				<boolean name="IgnoreXMLFile" value="false"/>
				<float name="Money" value="140."/>
				<boolean name="New" value="false"/>
				<float name="Range" value="32.92"/>
				<float name="ROF" value="3"/>
				<boolean name="SLLauncher" value="false"/>
				<string name="SMU_File" value="310_Main_Gun_B65_Stvol"/>
				<integer name="StartSpeed" value="890"/>
				<integer name="Unreliability" value="0"/>
				<string name="Usage" value="Ships"/>
				<float name="Weight" value="60.5"/>
			</object>
		</object>
		<object name="Turrets">
			<object name="3x310mm_B65_Turret_A">
				<integer name="Amount" value="3"/>
				<integer name="ArmorFront" value="203"/>
				<integer name="ArmorSide" value="127"/>
				<integer name="ArmorTop" value="127"/>
				<string name="Building" value="Artillery"/>
				<string name="Content" value="Rifles.310_Main_Gun_B65_Stvol"/>
				<integer name="Country" value="2"/>
				<integer name="Elevation" value="45"/>
				<integer name="ElevationRate" value="8"/>
				<boolean name="IgnoreXMLFile" value="false"/>
				<float name="Iron" value="750."/>
				<float name="Money" value="40."/>
				<boolean name="New" value="false"/>
				<boolean name="Production" value="false"/>
				<integer name="RotationRate" value="4"/>
				<string name="SMU_File" value="3x310mm_B65_Turret"/>
				<string name="Type" value="Gun"/>
				<float name="Vitality" value="1400."/>
				<float name="Weight" value="750."/>
			</object>
			<object name="3x310mm_B65_Turret_B">
				<integer name="Amount" value="3"/>
				<integer name="ArmorFront" value="203"/>
				<integer name="ArmorSide" value="127"/>
				<integer name="ArmorTop" value="127"/>
				<string name="Building" value="Artillery"/>
				<string name="Content" value="Rifles.310_Main_Gun_B65_Stvol"/>
				<integer name="Country" value="2"/>
				<integer name="Elevation" value="45"/>
				<integer name="ElevationRate" value="8"/>
				<boolean name="IgnoreXMLFile" value="false"/>
				<float name="Iron" value="750."/>
				<float name="Money" value="40."/>
				<boolean name="New" value="false"/>
				<boolean name="Production" value="false"/>
				<integer name="RotationRate" value="4"/>
				<string name="SMU_File" value="3x310mm_B65_Turret"/>
				<string name="Type" value="Gun"/>
				<float name="Vitality" value="1400."/>
				<float name="Weight" value="750."/>
			</object>
			<object name="3x310mm_B65_Turret_X">
				<integer name="Amount" value="3"/>
				<integer name="ArmorFront" value="203"/>
				<integer name="ArmorSide" value="127"/>
				<integer name="ArmorTop" value="127"/>
				<string name="Building" value="Artillery"/>
				<string name="Content" value="Rifles.310_Main_Gun_B65_Stvol"/>
				<integer name="Country" value="2"/>
				<integer name="Elevation" value="45"/>
				<integer name="ElevationRate" value="8"/>
				<boolean name="IgnoreXMLFile" value="false"/>
				<float name="Iron" value="750."/>
				<float name="Money" value="40."/>
				<boolean name="New" value="false"/>
				<boolean name="Production" value="false"/>
				<integer name="RotationRate" value="4"/>
				<string name="SMU_File" value="3x310mm_B65_Turret"/>
				<string name="Type" value="Gun"/>
				<float name="Vitality" value="1400."/>
				<float name="Weight" value="750."/>
			</object>
		</object>
		<object name="Hit_Location">
			<object name="B64A1">
				<integer name="Country" value="2"/>
				<float name="ER" value="300."/>
				<string name="Hull" value="B65_MTurretV1"/>
				<string name="Name" value="Turret"/>
				<string name="TypHL" value="AmmoStore"/>
				<string name="UnitName" value="3x310mm_B65_Turret_A"/>
			</object>
			<object name="B64A2">
				<integer name="Country" value="2"/>
				<float name="ER" value="200."/>
				<string name="Hull" value="B65_MTurretV1_Shakegeban"/>
				<string name="Name" value="Shakegeban"/>
				<string name="TypHL" value="Probe"/>
				<string name="UnitName" value="3x310mm_B65_Turret_A"/>
			</object>
			<object name="B64A3">
				<integer name="Country" value="2"/>
				<float name="ER" value="150."/>
				<string name="Hull" value="B65_Turret_RF"/>
				<string name="Name" value="LRangefinder"/>
				<string name="TypHL" value="Probe"/>
				<string name="UnitName" value="3x310mm_B65_Turret_A"/>
			</object>
			<object name="B64A4">
				<integer name="Country" value="2"/>
				<float name="ER" value="150."/>
				<string name="Hull" value="B65_Turret_RF"/>
				<string name="Name" value="RRangefinder"/>
				<string name="TypHL" value="Probe"/>
				<string name="UnitName" value="3x310mm_B65_Turret_A"/>
			</object>
			<object name="B64B1">
				<integer name="Country" value="2"/>
				<float name="ER" value="300."/>
				<string name="Hull" value="B65_MTurretV1"/>
				<string name="Name" value="Turret"/>
				<string name="TypHL" value="AmmoStore"/>
				<string name="UnitName" value="3x310mm_B65_Turret_B"/>
			</object>
			<object name="B64tB2">
				<integer name="Country" value="2"/>
				<float name="ER" value="200."/>
				<string name="Hull" value="B65_MTurretV1_Shakegeban"/>
				<string name="Name" value="Shakegeban"/>
				<string name="TypHL" value="Probe"/>
				<string name="UnitName" value="3x310mm_B65_Turret_B"/>
			</object>
			<object name="B64B3">
				<integer name="Country" value="2"/>
				<float name="ER" value="150."/>
				<string name="Hull" value="B65_Turret_RF"/>
				<string name="Name" value="LRangefinder"/>
				<string name="TypHL" value="Probe"/>
				<string name="UnitName" value="3x310mm_B65_Turret_B"/>
			</object>
			<object name="B64B4">
				<integer name="Country" value="2"/>
				<float name="ER" value="150."/>
				<string name="Hull" value="B65_Turret_RF"/>
				<string name="Name" value="RRangefinder"/>
				<string name="TypHL" value="Probe"/>
				<string name="UnitName" value="3x310mm_B65_Turret_B"/>
			</object>
			<object name="B64X1">
				<integer name="Country" value="2"/>
				<float name="ER" value="300."/>
				<string name="Hull" value="B65_MTurretV1"/>
				<string name="Name" value="Turret"/>
				<string name="TypHL" value="AmmoStore"/>
				<string name="UnitName" value="3x310mm_B65_Turret_X"/>
			</object>
			<object name="B64X2">
				<integer name="Country" value="2"/>
				<float name="ER" value="200."/>
				<string name="Hull" value="B65_MTurretV1_Shakegeban"/>
				<string name="Name" value="Shakegeban"/>
				<string name="TypHL" value="Probe"/>
				<string name="UnitName" value="3x310mm_B65_Turret_X"/>
			</object>
			<object name="B64X3">
				<integer name="Country" value="2"/>
				<float name="ER" value="150."/>
				<string name="Hull" value="B65_Turret_RF"/>
				<string name="Name" value="LRangefinder"/>
				<string name="TypHL" value="Probe"/>
				<string name="UnitName" value="3x310mm_B65_Turret_X"/>
			</object>
			<object name="B64X4">
				<integer name="Country" value="2"/>
				<float name="ER" value="150."/>
				<string name="Hull" value="B65_Turret_RF"/>
				<string name="Name" value="RRangefinder"/>
				<string name="TypHL" value="Probe"/>
				<string name="UnitName" value="3x310mm_B65_Turret_X"/>
			</object>
		</object>
		<object name="Hulls">
			<object name="B65_MTurretV1">
				<integer name="Back" value="150"/>
				<integer name="Bottom" value="50"/>
				<integer name="Country" value="2"/>
				<float name="ExplProb" value="10."/>
				<float name="FireProb" value="10."/>
				<integer name="Front" value="203"/>
				<integer name="Left" value="150"/>
				<string name="Material" value="Armored"/>
				<integer name="Right" value="150"/>
				<integer name="Top" value="180"/>
				<integer name="UnitName" value="0"/>
				<string name="UnitTyp" value="Turret"/>
			</object>
			<object name="B65_MTurretV1_Shakegeban">
				<integer name="Back" value="100"/>
				<integer name="Bottom" value="50"/>
				<integer name="Country" value="2"/>
				<float name="ExplProb" value="0."/>
				<float name="FireProb" value="10."/>
				<integer name="Front" value="100"/>
				<integer name="Left" value="100"/>
				<string name="Material" value="Armored"/>
				<integer name="Right" value="100"/>
				<integer name="Top" value="100"/>
				<integer name="UnitName" value="0"/>
				<string name="UnitTyp" value="Turret"/>
			</object>
			<object name="B65_Turret_RF">
				<integer name="Country" value="2"/>
				<integer name="Back" value="50"/>
				<integer name="Bottom" value="50"/>
				<float name="ExplProb" value="0."/>
				<float name="FireProb" value="10."/>
				<integer name="Front" value="50"/>
				<integer name="Left" value="50"/>
				<string name="Material" value="Armored"/>
				<integer name="Right" value="50"/>
				<integer name="Top" value="50"/>
				<integer name="UnitName" value="0"/>
				<string name="UnitTyp" value="Turret"/>
			</object>
		</object>
	</object>
</root>
