xml version="1.0" standalone="yes" ?>
<root>
	<object name="Modifications">
		<object name="SubUnits">
			<object name="3x310mm_B65_Turret_A">
				<object name="TPort_01">
					<string name="Device" value="310_Main_Gun_B65_Stvol"/>
					<string name="Table" value="Rifles"/>
				</object>
				<object name="TPort_02">
					<string name="Device" value="310_Main_Gun_B65_Stvol"/>
					<string name="Table" value="Rifles"/>
				</object>
				<object name="TPort_03">
					<string name="Device" value="310_Main_Gun_B65_Stvol"/>
					<string name="Table" value="Rifles"/>
				</object>
			</object>
			<object name="3x310mm_B65_Turret_B">
				<object name="TPort_01">
					<string name="Device" value="310_Main_Gun_B65_Stvol"/>
					<string name="Table" value="Rifles"/>
				</object>
				<object name="TPort_02">
					<string name="Device" value="310_Main_Gun_B65_Stvol"/>
					<string name="Table" value="Rifles"/>
				</object>
				<object name="TPort_03">
					<string name="Device" value="310_Main_Gun_B65_Stvol"/>
					<string name="Table" value="Rifles"/>
				</object>
			</object>
			<object name="3x310mm_B65_Turret_X">
				<object name="TPort_01">
					<string name="Device" value="310_Main_Gun_B65_Stvol"/>
					<string name="Table" value="Rifles"/>
				</object>
				<object name="TPort_02">
					<string name="Device" value="310_Main_Gun_B65_Stvol"/>
					<string name="Table" value="Rifles"/>
				</object>
				<object name="TPort_03">
					<string name="Device" value="310_Main_Gun_B65_Stvol"/>
					<string name="Table" value="Rifles"/>
				</object>
			</object>
		</object>
	</object>
</root>
