﻿<?xml version="1.0" standalone="yes" ?>
<root>
	<object name="SteelMonstersParams">
		<object name="Hit_Location">
			<object name="TirA7858">
				<integer name="Country" value="5"/>
				<float name="ER" value="500."/>
				<string name="Hull" value="Bismarck_Turret_RF"/>
				<string name="Name" value="LRangefinder"/>
				<string name="TypHL" value="Probe"/>
				<string name="UnitName" value="Tirpitz_MG_Turret_1V_Anton"/>
			</object>
			<object name="TirA7859">
				<integer name="Country" value="5"/>
				<float name="ER" value="500."/>
				<string name="Hull" value="Bismarck_Turret_RF"/>
				<string name="Name" value="RRangefinder"/>
				<string name="TypHL" value="Probe"/>
				<string name="UnitName" value="Tirpitz_MG_Turret_1V_Anton"/>
			</object>
			<object name="TirA7860">
				<integer name="Country" value="5"/>
				<float name="ER" value="500."/>
				<string name="Hull" value="Bismarck_MTurretV1"/>
				<string name="Name" value="Turret"/>
				<string name="TypHL" value="AmmoStore"/>
				<string name="UnitName" value="Tirpitz_MG_Turret_1V_Anton"/>
			</object>
			<object name="TirA7861">
				<integer name="Country" value="5"/>
				<float name="ER" value="500."/>
				<string name="Hull" value="Bismarck_MTurretV1_Shakegeban"/>
				<string name="Name" value="Shakegeban"/>
				<string name="TypHL" value="Probe"/>
				<string name="UnitName" value="Tirpitz_MG_Turret_1V_Anton"/>
			</object>
			<object name="TirB7858">
				<integer name="Country" value="5"/>
				<float name="ER" value="500."/>
				<string name="Hull" value="Bismarck_Turret_RF"/>
				<string name="Name" value="LRangefinder"/>
				<string name="TypHL" value="Probe"/>
				<string name="UnitName" value="Tirpitz_MG_Turret_1V_Bruno"/>
			</object>
			<object name="TirB7859">
				<integer name="Country" value="5"/>
				<float name="ER" value="500."/>
				<string name="Hull" value="Bismarck_Turret_RF"/>
				<string name="Name" value="RRangefinder"/>
				<string name="TypHL" value="Probe"/>
				<string name="UnitName" value="Tirpitz_MG_Turret_1V_Bruno"/>
			</object>
			<object name="TirB7860">
				<integer name="Country" value="5"/>
				<float name="ER" value="500."/>
				<string name="Hull" value="Bismarck_MTurretV1"/>
				<string name="Name" value="Turret"/>
				<string name="TypHL" value="AmmoStore"/>
				<string name="UnitName" value="Tirpitz_MG_Turret_1V_Bruno"/>
			</object>
			<object name="TirB7861">
				<integer name="Country" value="5"/>
				<float name="ER" value="500."/>
				<string name="Hull" value="Bismarck_MTurretV1_Shakegeban"/>
				<string name="Name" value="Shakegeban"/>
				<string name="TypHL" value="Probe"/>
				<string name="UnitName" value="Tirpitz_MG_Turret_1V_Bruno"/>
			</object>
			<object name="TirC7858">
				<integer name="Country" value="5"/>
				<float name="ER" value="500."/>
				<string name="Hull" value="Bismarck_Turret_RF"/>
				<string name="Name" value="LRangefinder"/>
				<string name="TypHL" value="Probe"/>
				<string name="UnitName" value="Tirpitz_MG_Turret_1V_Cesar"/>
			</object>
			<object name="TirC7859">
				<integer name="Country" value="5"/>
				<float name="ER" value="500."/>
				<string name="Hull" value="Bismarck_Turret_RF"/>
				<string name="Name" value="RRangefinder"/>
				<string name="TypHL" value="Probe"/>
				<string name="UnitName" value="Tirpitz_MG_Turret_1V_Cesar"/>
			</object>
			<object name="TirC7860">
				<integer name="Country" value="5"/>
				<float name="ER" value="500."/>
				<string name="Hull" value="Bismarck_MTurretV1"/>
				<string name="Name" value="Turret"/>
				<string name="TypHL" value="AmmoStore"/>
				<string name="UnitName" value="Tirpitz_MG_Turret_1V_Cesar"/>
			</object>
			<object name="TirC7861">
				<integer name="Country" value="5"/>
				<float name="ER" value="500."/>
				<string name="Hull" value="Bismarck_MTurretV1_Shakegeban"/>
				<string name="Name" value="Shakegeban"/>
				<string name="TypHL" value="Probe"/>
				<string name="UnitName" value="Tirpitz_MG_Turret_1V_Cesar"/>
			</object>
			<object name="TirD7858">
				<integer name="Country" value="5"/>
				<float name="ER" value="500."/>
				<string name="Hull" value="Bismarck_Turret_RF"/>
				<string name="Name" value="LRangefinder"/>
				<string name="TypHL" value="Probe"/>
				<string name="UnitName" value="Tirpitz_MG_Turret_1V_Dora"/>
			</object>
			<object name="TirD7859">
				<integer name="Country" value="5"/>
				<float name="ER" value="500."/>
				<string name="Hull" value="Bismarck_Turret_RF"/>
				<string name="Name" value="RRangefinder"/>
				<string name="TypHL" value="Probe"/>
				<string name="UnitName" value="Tirpitz_MG_Turret_1V_Dora"/>
			</object>
			<object name="TirD7860">
				<integer name="Country" value="5"/>
				<float name="ER" value="500."/>
				<string name="Hull" value="Bismarck_MTurretV1"/>
				<string name="Name" value="Turret"/>
				<string name="TypHL" value="AmmoStore"/>
				<string name="UnitName" value="Tirpitz_MG_Turret_1V_Dora"/>
			</object>
			<object name="TirD7861">
				<integer name="Country" value="5"/>
				<float name="ER" value="500."/>
				<string name="Hull" value="Bismarck_MTurretV1_Shakegeban"/>
				<string name="Name" value="Shakegeban"/>
				<string name="TypHL" value="Probe"/>
				<string name="UnitName" value="Tirpitz_MG_Turret_1V_Dora"/>
			</object>
		</object>
		<object name="Rifles">
			<object name="Tirpitz_MG_Stvol_1V">
				<float name="AARange" value="0."/>
				<string name="Ammo" value="Proj_380_G"/>
				<integer name="AmmoStorage" value="130"/>
				<float name="AmmoWeight" value="800."/>
				<string name="ArmPiercing" value="Proj_380_G_AP"/>
				<float name="Caliber" value="380."/>
				<integer name="Country" value="5"/>
				<float name="Dispersion" value="2."/>
				<integer name="FinalSpeed" value="511"/>
				<string name="FireSound" value="Guns\380mm"/>
				<string name="HighExp" value="Proj_380_G_HE"/>
				<boolean name="IgnoreXMLFile" value="false"/>
				<float name="Money" value="9.2"/>
				<boolean name="New" value="true"/>
				<float name="Range" value="36.52"/>
				<float name="ROF" value="3."/>
				<boolean name="SLLauncher" value="false"/>
				<string name="SMU_File" value="Tirpitz_MG_Stvol_1V"/>
				<integer name="StartSpeed" value="820"/>
				<integer name="Unreliability" value="0"/>
				<string name="Usage" value="Ships"/>
				<float name="Weight" value="111."/>
			</object>
		</object>
		<object name="Turrets">
			<object name="Tirpitz_MG_Turret_1V_Anton">
				<integer name="Amount" value="2"/>
				<integer name="ArmorFront" value="360"/>
				<integer name="ArmorSide" value="220"/>
				<integer name="ArmorTop" value="170"/>
				<string name="Building" value="Artillery"/>
				<string name="Content" value="Rifles.Tirpitz_MG_Stvol_1V"/>
				<integer name="Country" value="5"/>
				<float name="DTimeProd" value="45."/>
				<integer name="Elevation" value="30"/>
				<integer name="ElevationRate" value="6"/>
				<string name="Icon" value="Artillery"/>
				<boolean name="IgnoreXMLFile" value="false"/>
				<float name="Iron" value="1052."/>
				<float name="Money" value="700"/>
				<boolean name="New" value="true"/>
				<float name="NTimeProd" value="120."/>
				<boolean name="Production" value="false"/>
				<integer name="QualityRate" value="6"/>
				<integer name="RotationRate" value="5"/>
				<string name="SMU_File" value="Tirpitz_MG_Turret_1V"/>
				<string name="Type" value="Gun"/>
				<float name="Vitality" value="1750."/>
				<float name="Weight" value="1052."/>
			</object>
			<object name="Tirpitz_MG_Turret_1V_Bruno">
				<integer name="Amount" value="2"/>
				<integer name="ArmorFront" value="360"/>
				<integer name="ArmorSide" value="220"/>
				<integer name="ArmorTop" value="170"/>
				<string name="Building" value="Artillery"/>
				<string name="Content" value="Rifles.Tirpitz_MG_Stvol_1V"/>
				<integer name="Country" value="5"/>
				<float name="DTimeProd" value="45."/>
				<integer name="Elevation" value="30"/>
				<integer name="ElevationRate" value="6"/>
				<string name="Icon" value="Artillery"/>
				<boolean name="IgnoreXMLFile" value="false"/>
				<float name="Iron" value="1052."/>
				<float name="Money" value="700"/>
				<boolean name="New" value="true"/>
				<float name="NTimeProd" value="120."/>
				<boolean name="Production" value="false"/>
				<integer name="QualityRate" value="6"/>
				<integer name="RotationRate" value="5"/>
				<string name="SMU_File" value="Tirpitz_MG_Turret_1V"/>
				<string name="Type" value="Gun"/>
				<float name="Vitality" value="1750."/>
				<float name="Weight" value="1052."/>
			</object>
			<object name="Tirpitz_MG_Turret_1V_Cesar">
				<integer name="Amount" value="2"/>
				<integer name="ArmorFront" value="360"/>
				<integer name="ArmorSide" value="220"/>
				<integer name="ArmorTop" value="170"/>
				<string name="Building" value="Artillery"/>
				<string name="Content" value="Rifles.Tirpitz_MG_Stvol_1V"/>
				<integer name="Country" value="5"/>
				<float name="DTimeProd" value="45."/>
				<integer name="Elevation" value="30"/>
				<integer name="ElevationRate" value="6"/>
				<string name="Icon" value="Artillery"/>
				<boolean name="IgnoreXMLFile" value="false"/>
				<float name="Iron" value="1052."/>
				<float name="Money" value="700"/>
				<boolean name="New" value="true"/>
				<float name="NTimeProd" value="120."/>
				<boolean name="Production" value="false"/>
				<integer name="QualityRate" value="6"/>
				<integer name="RotationRate" value="5"/>
				<string name="SMU_File" value="Tirpitz_MG_Turret_1V"/>
				<string name="Type" value="Gun"/>
				<float name="Vitality" value="1750."/>
				<float name="Weight" value="1052."/>
			</object>
			<object name="Tirpitz_MG_Turret_1V_Dora">
				<integer name="Amount" value="2"/>
				<integer name="ArmorFront" value="360"/>
				<integer name="ArmorSide" value="220"/>
				<integer name="ArmorTop" value="170"/>
				<string name="Building" value="Artillery"/>
				<string name="Content" value="Rifles.Tirpitz_MG_Stvol_1V"/>
				<integer name="Country" value="5"/>
				<float name="DTimeProd" value="45."/>
				<integer name="Elevation" value="30"/>
				<integer name="ElevationRate" value="6"/>
				<string name="Icon" value="Artillery"/>
				<boolean name="IgnoreXMLFile" value="false"/>
				<float name="Iron" value="1052."/>
				<float name="Money" value="700"/>
				<boolean name="New" value="true"/>
				<float name="NTimeProd" value="120."/>
				<boolean name="Production" value="false"/>
				<integer name="QualityRate" value="6"/>
				<integer name="RotationRate" value="5"/>
				<string name="SMU_File" value="Tirpitz_MG_Turret_1V"/>
				<string name="Type" value="Gun"/>
				<float name="Vitality" value="1750."/>
				<float name="Weight" value="1052."/>
			</object>
		</object>
	</object>
</root>
