﻿<?xml version = "1.0" encoding = "UTF-8"?>
<root>
	<object name = "SteelMonstersParams">
		<object name="Ships">
			<object name="Fubuki">
				<float name="AccelRate" value="4.e-004"/>
				<integer name="AirplanesCount" value="0"/>
				<string name="AmmoLoadingTemplate" value="Ammo 20"/>
				<boolean name="BoatsTransportationAbility" value="false"/>
				<integer name="CabinArmor" value="20"/>
				<boolean name="CanBeChanged" value="true"/>
				<boolean name="CanUseTorpedos" value="true"/>
				<integer name="Country" value="2"/>
				<integer name="Crew" value="197"/>
				<float name="CriticalCareen" value="27."/>
				<float name="CriticalDFT" value="0.7"/>
				<float name="CriticalDifferent" value="2.5"/>
				<float name="DisplacementMax" value="2570."/>
				<float name="DTimeProd" value="50."/>
				<float name="EPR" value="125."/>
				<float name="FireRisk" value="167."/>
				<float name="Fuel" value="475."/>
				<float name="HLShapeCoef" value="1.0"/>
				<integer name="HullArmorSide" value="20"/>
				<integer name="HullArmorTop" value="20"/>
				<float name="Iron" value="2600."/>
				<integer name="Length" value="118.4"/>
				<float name="MaxSpeed" value="34."/>
				<integer name="MinCrew" value="80"/>
				<float name="Money" value="4400."/>
				<string name="Name" value="Fubuki"/>
				<boolean name="New" value="true"/>
				<float name="NTimeProd" value="140."/>
				<integer name="Nuc_Dest_Prob" value="700"/>
				<integer name="Passengers" value="30"/>
				<boolean name="PlanesTransportationAbility" value="false"/>
				<float name="Range" value="9300."/>
				<integer name="Rank" value="5"/>
				<string name="SMU" value="Fubuki"/>
				<float name="Speed" value="14."/>
				<float name="StoreCapacity" value="220."/>
				<boolean name="Transportable" value="false"/>
				<float name="TurnRate" value="1.8e-003"/>
				<integer name="Type" value="4"/>
				<float name="Vitality" value="830."/>
				<float name="VitalityAA" value="400."/>
				<float name="Weight" value="2090."/>
				<integer name="Width" value="10.4"/>
				<integer name="Year" value="39"/>
			</object>
		</object>
		<object name="Engins">
			<object name="MPP_Fubuki">
				<float name="Consumption" value="5.6e-004"/>
				<integer name="Country" value="2"/>
				<float name="Money" value="90."/>
				<integer name="Power_Max" value="50000"/>
				<integer name="RPM_Max" value="0"/>
				<integer name="Type" value="8"/>
				<integer name="Unreliability" value="10"/>
				<string name="Usage" value="Ships"/>
				<float name="Weight" value="260."/>
			</object>
		</object>
		<object name="Hit_Location">
			<object name="Fub596">
				<integer name="Country" value="2"/>
				<float name="ER" value="100."/>
				<string name="Hull" value="Fubuki_Ordinari"/>
				<string name="Name" value="Bow1_Bottom"/>
				<string name="TypHL" value="Hull"/>
				<string name="UnitName" value="Fubuki"/>
			</object>
			<object name="Fub597">
				<integer name="Country" value="2"/>
				<float name="ER" value="100."/>
				<string name="Hull" value="Fubuki_Ordinari"/>
				<string name="Name" value="Bow1_Deck"/>
				<string name="TypHL" value="Hull"/>
				<string name="UnitName" value="Fubuki"/>
			</object>
			<object name="Fub598">
				<integer name="Country" value="2"/>
				<float name="ER" value="100."/>
				<string name="Hull" value="Fubuki_Ordinari"/>
				<string name="Name" value="Stern2"/>
				<string name="TypHL" value="Hull"/>
				<string name="UnitName" value="Fubuki"/>
			</object>
			<object name="Fub599">
				<integer name="Country" value="2"/>
				<float name="ER" value="100."/>
				<string name="Hull" value="Fubuki_Ordinari"/>
				<string name="Name" value="Tiller"/>
				<string name="TypHL" value="Hull"/>
				<string name="UnitName" value="Fubuki"/>
			</object>
			<object name="Fub600">
				<string name="ConnectName" value="Engine1"/>
				<integer name="Country" value="2"/>
				<float name="ER" value="100."/>
				<string name="Hull" value="FletcherMover"/>
				<string name="Name" value="Mover1"/>
				<string name="TypHL" value="Mover"/>
				<string name="UnitName" value="Fubuki"/>
			</object>
			<object name="Fub601">
				<string name="ConnectName" value="Engine2"/>
				<integer name="Country" value="2"/>
				<float name="ER" value="100."/>
				<string name="Hull" value="FletcherMover"/>
				<string name="Name" value="Mover2"/>
				<string name="TypHL" value="Mover"/>
				<string name="UnitName" value="Fubuki"/>
			</object>
			<object name="Fub602">
				<string name="ConnectName" value="Tiller"/>
				<integer name="Country" value="2"/>
				<float name="ER" value="100."/>
				<string name="Hull" value="FletcherMover"/>
				<string name="Name" value="Rudder"/>
				<string name="TypHL" value="Rudder"/>
				<string name="UnitName" value="Fubuki"/>
			</object>
			<object name="Fub603">
				<integer name="Country" value="2"/>
				<float name="ER" value="100."/>
				<string name="Hull" value="Fubuki_AmmoStore"/>
				<string name="Name" value="AmmoStore_MG_1"/>
				<float name="Param_1" value="0."/>
				<string name="TypHL" value="AmmoStore"/>
				<string name="UnitName" value="Fubuki"/>
			</object>
			<object name="Fub604">
				<integer name="Country" value="2"/>
				<integer name="Crew" value="125"/>
				<float name="ER" value="100."/>
				<string name="Hull" value="Fubuki_Ordinari"/>
				<string name="Name" value="BattleCabin"/>
				<string name="TypHL" value="Crew"/>
				<string name="UnitName" value="Fubuki"/>
			</object>
			<object name="Fub605">
				<integer name="Country" value="2"/>
				<float name="ER" value="100."/>
				<string name="Hull" value="Fubuki_Ordinari"/>
				<string name="Name" value="Probe_Torpedos"/>
				<string name="TypHL" value="Probe"/>
				<string name="UnitName" value="Fubuki"/>
			</object>
			<object name="Fub606">
				<integer name="Country" value="2"/>
				<integer name="Crew" value="125"/>
				<float name="ER" value="100."/>
				<string name="Hull" value="FletcherOrdinary"/>
				<string name="Name" value="ConingBridge"/>
				<string name="TypHL" value="Crew"/>
				<string name="UnitName" value="Fubuki"/>
			</object>
			<object name="Fub607">
				<integer name="Country" value="2"/>
				<float name="ER" value="100."/>
				<string name="Hull" value="Fubuki_Ordinari"/>
				<string name="Name" value="Bow2_LBoard_Lower"/>
				<string name="TypHL" value="Hull"/>
				<string name="UnitName" value="Fubuki"/>
			</object>
			<object name="Fub608">
				<integer name="Country" value="2"/>
				<float name="ER" value="100."/>
				<string name="Hull" value="Fubuki_Ordinari"/>
				<string name="Name" value="Sonar"/>
				<string name="TypHL" value="Probe"/>
				<string name="UnitName" value="Fubuki"/>
			</object>
			<object name="Fub609">
				<integer name="Country" value="2"/>
				<float name="ER" value="100."/>
				<string name="Hull" value="Fubuki_Ordinari"/>
				<string name="Name" value="Bow2_RBoard_Lower"/>
				<string name="TypHL" value="Hull"/>
				<string name="UnitName" value="Fubuki"/>
			</object>
			<object name="Fub610">
				<integer name="Country" value="2"/>
				<float name="ER" value="100."/>
				<string name="Hull" value="Fubuki_Ordinari"/>
				<string name="Name" value="Bow2_LBoard_Upper"/>
				<string name="TypHL" value="Hull"/>
				<string name="UnitName" value="Fubuki"/>
			</object>
			<object name="Fub611">
				<integer name="Country" value="2"/>
				<float name="ER" value="100."/>
				<string name="Hull" value="Fubuki_Ordinari"/>
				<string name="Name" value="Bow2_Deck"/>
				<string name="TypHL" value="Hull"/>
				<string name="UnitName" value="Fubuki"/>
			</object>
			<object name="Fub612">
				<integer name="Country" value="2"/>
				<float name="ER" value="100."/>
				<string name="Hull" value="Fubuki_Ordinari"/>
				<string name="Name" value="Bow2_RBoard_Upper"/>
				<string name="TypHL" value="Hull"/>
				<string name="UnitName" value="Fubuki"/>
			</object>
			<object name="Fub613">
				<integer name="Country" value="2"/>
				<float name="ER" value="100."/>
				<string name="Hull" value="Fubuki_Ordinari"/>
				<string name="Name" value="Probe_MG"/>
				<string name="TypHL" value="Probe"/>
				<string name="UnitName" value="Fubuki"/>
			</object>
			<object name="Fub614">
				<integer name="Country" value="2"/>
				<float name="ER" value="100."/>
				<string name="Hull" value="Fubuki_Ordinari"/>
				<string name="Name" value="Probe_Radio"/>
				<string name="TypHL" value="Probe"/>
				<string name="UnitName" value="Fubuki"/>
			</object>
			<object name="Fub615">
				<integer name="Country" value="2"/>
				<float name="ER" value="100."/>
				<string name="Hull" value="Fubuki_Ordinari"/>
				<string name="Name" value="Probe_Radar"/>
				<string name="TypHL" value="Probe"/>
				<string name="UnitName" value="Fubuki"/>
			</object>
			<object name="Fub616">
				<integer name="Country" value="2"/>
				<float name="ER" value="100."/>
				<string name="Hull" value="Fubuki_Ordinari"/>
				<string name="Name" value="Middle1_RBoard_Lower"/>
				<string name="TypHL" value="FuelTank"/>
				<string name="UnitName" value="Fubuki"/>
			</object>
			<object name="Fub617">
				<integer name="Country" value="2"/>
				<float name="ER" value="100."/>
				<string name="Hull" value="Fubuki_MTO"/>
				<string name="Name" value="Middle1_BoilerCover"/>
				<string name="TypHL" value="Hull"/>
				<string name="UnitName" value="Fubuki"/>
			</object>
			<object name="Fub618">
				<integer name="Country" value="2"/>
				<float name="ER" value="100."/>
				<string name="Hull" value="Std_Boiler"/>
				<string name="Name" value="Boiler1"/>
				<string name="TypHL" value="Boiler"/>
				<string name="UnitName" value="Fubuki"/>
			</object>
			<object name="Fub619">
				<integer name="Country" value="2"/>
				<float name="ER" value="100."/>
				<string name="Hull" value="Fubuki_Ordinari"/>
				<string name="Name" value="Middle1_LBoard_Lower"/>
				<string name="TypHL" value="FuelTank"/>
				<string name="UnitName" value="Fubuki"/>
			</object>
			<object name="Fub620">
				<integer name="Country" value="2"/>
				<float name="ER" value="100."/>
				<string name="Hull" value="Fubuki_Ordinari"/>
				<string name="Name" value="Middle1_RBoard_Upper"/>
				<string name="TypHL" value="Hull"/>
				<string name="UnitName" value="Fubuki"/>
			</object>
			<object name="Fub621">
				<integer name="Country" value="2"/>
				<float name="ER" value="100."/>
				<string name="Hull" value="Fubuki_Ordinari"/>
				<string name="Name" value="Middle1_LBoard_Upper"/>
				<string name="TypHL" value="Hull"/>
				<string name="UnitName" value="Fubuki"/>
			</object>
			<object name="Fub622">
				<integer name="Country" value="2"/>
				<float name="ER" value="100."/>
				<string name="Hull" value="Fubuki_Ordinari"/>
				<string name="Name" value="Middle2_LBoard_Lower"/>
				<string name="TypHL" value="FuelTank"/>
				<string name="UnitName" value="Fubuki"/>
			</object>
			<object name="Fub623">
				<integer name="Country" value="2"/>
				<float name="ER" value="100."/>
				<string name="Hull" value="Fubuki_MTO"/>
				<string name="Name" value="Middle2_BoilerCover"/>
				<string name="TypHL" value="Hull"/>
				<string name="UnitName" value="Fubuki"/>
			</object>
			<object name="Fub624">
				<integer name="Country" value="2"/>
				<float name="ER" value="100."/>
				<string name="Hull" value="Std_Boiler"/>
				<string name="Name" value="Boiler2"/>
				<string name="TypHL" value="Boiler"/>
				<string name="UnitName" value="Fubuki"/>
			</object>
			<object name="Fub625">
				<integer name="Country" value="2"/>
				<float name="ER" value="100."/>
				<string name="Hull" value="Fubuki_Ordinari"/>
				<string name="Name" value="Middle2_LBoard_Upper"/>
				<string name="TypHL" value="Hull"/>
				<string name="UnitName" value="Fubuki"/>
			</object>
			<object name="Fub626">
				<integer name="Country" value="2"/>
				<float name="ER" value="100."/>
				<string name="Hull" value="Fubuki_Ordinari"/>
				<string name="Name" value="Middle2_RBoard_Lower"/>
				<string name="TypHL" value="FuelTank"/>
				<string name="UnitName" value="Fubuki"/>
			</object>
			<object name="Fub627">
				<integer name="Country" value="2"/>
				<float name="ER" value="100."/>
				<string name="Hull" value="Fubuki_Ordinari"/>
				<string name="Name" value="Middle2_RBoard_Upper"/>
				<string name="TypHL" value="Hull"/>
				<string name="UnitName" value="Fubuki"/>
			</object>
			<object name="Fub628">
				<integer name="Country" value="2"/>
				<float name="ER" value="100."/>
				<string name="Hull" value="Fubuki_Ordinari"/>
				<string name="Name" value="Middle3_LBoard_Lower"/>
				<string name="TypHL" value="FuelTank"/>
				<string name="UnitName" value="Fubuki"/>
			</object>
			<object name="Fub629">
				<integer name="Country" value="2"/>
				<float name="ER" value="100."/>
				<string name="Hull" value="Fubuki_Ordinari"/>
				<string name="Name" value="Middle3_LBoard_Upper"/>
				<string name="TypHL" value="Hull"/>
				<string name="UnitName" value="Fubuki"/>
			</object>
			<object name="Fub630">
				<integer name="Country" value="2"/>
				<float name="ER" value="100."/>
				<string name="Hull" value="Fubuki_MTO"/>
				<string name="Name" value="Middle3_BoilerCover"/>
				<string name="TypHL" value="Hull"/>
				<string name="UnitName" value="Fubuki"/>
			</object>
			<object name="Fub631">
				<integer name="Country" value="2"/>
				<float name="ER" value="100."/>
				<string name="Hull" value="Std_Boiler"/>
				<string name="Name" value="Boiler3"/>
				<string name="TypHL" value="Boiler"/>
				<string name="UnitName" value="Fubuki"/>
			</object>
			<object name="Fub632">
				<integer name="Country" value="2"/>
				<float name="ER" value="100."/>
				<string name="Hull" value="Fubuki_Ordinari"/>
				<string name="Name" value="Middle3_RBoard_Upper"/>
				<string name="TypHL" value="Hull"/>
				<string name="UnitName" value="Fubuki"/>
			</object>
			<object name="Fub633">
				<integer name="Country" value="2"/>
				<float name="ER" value="100."/>
				<string name="Hull" value="Fubuki_Ordinari"/>
				<string name="Name" value="Middle3_RBoard_Lower"/>
				<string name="TypHL" value="FuelTank"/>
				<string name="UnitName" value="Fubuki"/>
			</object>
			<object name="Fub634">
				<integer name="Country" value="2"/>
				<float name="ER" value="100."/>
				<string name="Hull" value="Fubuki_Ordinari"/>
				<string name="Name" value="Middle4_LBoard_Lower"/>
				<string name="TypHL" value="FuelTank"/>
				<string name="UnitName" value="Fubuki"/>
			</object>
			<object name="Fub635">
				<integer name="Country" value="2"/>
				<float name="ER" value="100."/>
				<string name="Hull" value="Fubuki_MTO"/>
				<string name="Name" value="Middle4_LEngineCover"/>
				<string name="TypHL" value="Hull"/>
				<string name="UnitName" value="Fubuki"/>
			</object>
			<object name="Fub636">
				<integer name="Country" value="2"/>
				<float name="ER" value="100."/>
				<string name="Hull" value="Fubuki_MTO"/>
				<string name="Name" value="Middle4_REngineCover"/>
				<string name="TypHL" value="Hull"/>
				<string name="UnitName" value="Fubuki"/>
			</object>
			<object name="Fub637">
				<integer name="Country" value="2"/>
				<float name="ER" value="100."/>
				<string name="Hull" value="Fubuki_Ordinari"/>
				<string name="Name" value="Middle4_RBoard_Upper"/>
				<string name="TypHL" value="Hull"/>
				<string name="UnitName" value="Fubuki"/>
			</object>
			<object name="Fub638">
				<integer name="Country" value="2"/>
				<float name="ER" value="100."/>
				<string name="Hull" value="Fubuki_Ordinari"/>
				<string name="Name" value="Middle4_UpperDeck"/>
				<string name="TypHL" value="Hull"/>
				<string name="UnitName" value="Fubuki"/>
			</object>
			<object name="Fub639">
				<integer name="Country" value="2"/>
				<float name="ER" value="100."/>
				<string name="Hull" value="Fubuki_Ordinari"/>
				<string name="Name" value="Middle4_LBoard_Upper"/>
				<string name="TypHL" value="Hull"/>
				<string name="UnitName" value="Fubuki"/>
			</object>
			<object name="Fub640">
				<integer name="Country" value="2"/>
				<float name="ER" value="100."/>
				<string name="Hull" value="Fubuki_Ordinari"/>
				<string name="Name" value="Middle4_RBoard_Lower"/>
				<string name="TypHL" value="FuelTank"/>
				<string name="UnitName" value="Fubuki"/>
			</object>
			<object name="Fub641">
				<integer name="Country" value="2"/>
				<float name="ER" value="100."/>
				<string name="Hull" value="Fubuki_AmmoStore"/>
				<string name="Name" value="AmmoStore_Torpedos"/>
				<float name="Param_1" value="0."/>
				<string name="TypHL" value="AmmoStore"/>
				<string name="UnitName" value="Fubuki"/>
			</object>
			<object name="Fub642">
				<string name="ConnectName" value="Boiler1;Boiler2;Boiler3"/>
				<integer name="Country" value="2"/>
				<float name="ER" value="100."/>
				<string name="Hull" value="Std_Boiler"/>
				<string name="Name" value="Engine2"/>
				<string name="TypHL" value="Engine"/>
				<string name="UnitName" value="Fubuki"/>
			</object>
			<object name="Fub643">
				<string name="ConnectName" value="Boiler1;Boiler2;Boiler3"/>
				<integer name="Country" value="2"/>
				<float name="ER" value="100."/>
				<string name="Hull" value="Std_Boiler"/>
				<string name="Name" value="Engine1"/>
				<string name="TypHL" value="Engine"/>
				<string name="UnitName" value="Fubuki"/>
			</object>
			<object name="Fub644">
				<integer name="Country" value="2"/>
				<float name="ER" value="100."/>
				<string name="Hull" value="Fubuki_Ordinari"/>
				<string name="Name" value="Stern1_Bottom"/>
				<string name="TypHL" value="Hull"/>
				<string name="UnitName" value="Fubuki"/>
			</object>
			<object name="Fub645">
				<integer name="Country" value="2"/>
				<float name="ER" value="100."/>
				<string name="Hull" value="Fubuki_AmmoStore"/>
				<string name="Name" value="AmmoStore_MG_2"/>
				<float name="Param_1" value="0."/>
				<string name="TypHL" value="AmmoStore"/>
				<string name="UnitName" value="Fubuki"/>
			</object>
			<object name="Fub646">
				<integer name="Country" value="2"/>
				<float name="ER" value="100."/>
				<string name="Hull" value="Fubuki_AmmoStore"/>
				<string name="Name" value="AmmoStore_MG_3"/>
				<float name="Param_1" value="0."/>
				<string name="TypHL" value="AmmoStore"/>
				<string name="UnitName" value="Fubuki"/>
			</object>
			<object name="Fub647">
				<integer name="Country" value="2"/>
				<float name="ER" value="100."/>
				<string name="Hull" value="Fubuki_Ordinari"/>
				<string name="Name" value="Stern1_UpperDeck"/>
				<string name="TypHL" value="Hull"/>
				<string name="UnitName" value="Fubuki"/>
			</object>
			<object name="Fub9307">
				<integer name="Country" value="2"/>
				<float name="ER" value="100."/>
				<string name="Hull" value="Std_Hull"/>
				<string name="Name" value="SternSmokeStack"/>
				<string name="TypHL" value="Hull"/>
				<string name="UnitName" value="Fubuki"/>
			</object>
			<object name="Fub9308">
				<integer name="Country" value="2"/>
				<float name="ER" value="100."/>
				<string name="Hull" value="Std_Hull"/>
				<string name="Name" value="BowSmokeStack"/>
				<string name="TypHL" value="Hull"/>
				<string name="UnitName" value="Fubuki"/>
			</object>
		</object>
		<object name="Hulls">
			<object name="Fubuki_AmmoStore">
				<integer name="Back" value="45"/>
				<integer name="Bottom" value="45"/>
				<integer name="Country" value="2"/>
				<float name="ExplProb" value="20."/>
				<float name="FireProb" value="20."/>
				<integer name="Front" value="45"/>
				<integer name="Left" value="45"/>
				<string name="Material" value="Armored"/>
				<integer name="Right" value="45"/>
				<integer name="Top" value="45"/>
				<integer name="UnitName" value="0"/>
				<string name="UnitTyp" value="Ship"/>
			</object>
			<object name="Fubuki_MTO">
				<integer name="Back" value="20"/>
				<integer name="Bottom" value="20"/>
				<integer name="Country" value="2"/>
				<float name="ExplProb" value="0."/>
				<float name="FireProb" value="30."/>
				<integer name="Front" value="20"/>
				<integer name="Left" value="20"/>
				<string name="Material" value="Armored"/>
				<integer name="Right" value="20"/>
				<integer name="Top" value="20"/>
				<integer name="UnitName" value="0"/>
				<string name="UnitTyp" value="Ship"/>
			</object>
			<object name="Fubuki_Ordinari">
				<integer name="Back" value="25"/>
				<integer name="Bottom" value="25"/>
				<integer name="Country" value="2"/>
				<float name="ExplProb" value="0."/>
				<float name="FireProb" value="15."/>
				<integer name="Front" value="25"/>
				<integer name="Left" value="25"/>
				<string name="Material" value="Steel"/>
				<integer name="Right" value="25"/>
				<integer name="Top" value="25"/>
				<integer name="UnitName" value="0"/>
				<string name="UnitTyp" value="Ship"/>
			</object>
		</object>
		<object name="ShipsNames">
			<object name="Fubuki">
				<string name="1" value="Fubuki1"/>
				<string name="2" value="Fubuki2"/>	
				<string name="3" value="Fubuki3"/>
				<string name="4" value="Fubuki4"/>
				<string name="5" value="Fubuki5"/>
				<string name="6" value="Fubuki6"/>
				<string name="7" value="Fubuki7"/>
				<string name="8" value="Fubuki8"/>	
				<string name="9" value="Fubuki9"/>
				<string name="10" value="Fubuki10"/>
				<string name="11" value="Fubuki11"/>
				<string name="12" value="Fubuki12"/>
				<string name="13" value="Fubuki13"/>
				<string name="14" value="Fubuki14"/>
				<string name="15" value="Fubuki15"/>
				<string name="16" value="Fubuki16"/>
				<string name="17" value="Fubuki17"/>
				<string name="18" value="Fubuki18"/>
				<string name="19" value="Fubuki19"/>
				<string name="20" value="Fubuki20"/>
			</object>
		</object>
		<object name="UnitsByType">
			<object name="4">
				<object name="Fubuki">
					<string name="ChildTable" value="Ships"/>
				</object>
			</object>
		</object>
	</object>
</root>
