﻿<?xml version="1.0" standalone="yes" ?>
<root>
	<object name="Modifications">
		<object name="Ships">
			<object name="Fubuki">
				<object name="Prototype">
					<string name="AAGunControl" value="Aim_AA"/>
					<float name="AAVolleyWeight" value="2.77979922"/>
					<float name="Aluminium" value="0."/>
					<float name="AmmoWeight" value="38.4450035"/>
					<float name="Armour" value="0."/>
					<float name="FuelConsumption" value="2.23884201"/>
					<float name="FuelProtect" value="0."/>
					<string name="FullModName" value="Ships.Fubuki.Prototype"/>
					<float name="Iron" value="1395.24023"/>
					<boolean name="IsAvailable" value="true"/>
					<boolean name="IsJammer" value="true"/>
					<string name="MainGunControl" value="Typ94_M"/>
					<float name="MaxFuel" value="420."/>
					<float name="MaxSpeed" value="34."/>
					<float name="MinSpeed" value="0."/>
					<float name="Money" value="5983.55469."/>
					<widestring name="Name" value="FgQwBDMENQRABD4E"/>
					<float name="RadarRange" value="349.963562"/>
					<float name="RadioGain" value="8000."/>
					<float name="RadioPowerHF" value="40."/>
					<float name="RadioPowerVHF" value="0."/>
					<float name="RadioSensitivityHF" value="4.99999989e-003"/>
					<float name="RadioSensitivityVHF" value="0."/>
					<object name="Slots">
						<object name="TPort_MG01">
							<string name="Device" value="Universal_Turret_127_Kagero"/>
							<string name="Table" value="Turrets"/>
						</object>
						<object name="TPort_MG02">
							<string name="Device" value="Universal_Turret_127_Kagero"/>
							<string name="Table" value="Turrets"/>
						</object>
						<object name="TPort_MG03">
							<string name="Device" value="Universal_Turret_127_Kagero"/>
							<string name="Table" value="Turrets"/>
						</object> 
						<object name="TPort_TORPF">
							<string name="Device" value="Jap_Torp_App_3x_Turret"/>
							<string name="Table" value="Turrets"/>
						</object>
						<object name="TPort_TORPM">
							<string name="Device" value="Jap_Torp_App_3x_Turret"/>
							<string name="Table" value="Turrets"/>
						</object>
						<object name="TPort_TORPB">
							<string name="Device" value="Jap_Torp_App_3x_Turret"/>
							<string name="Table" value="Turrets"/>
						</object>
						<object name="TPort_K1">
							<string name="Device" value="K_Gun"/>
							<string name="Table" value="Rifles"/>
						</object>
						<object name="TPort_K2">
							<string name="Device" value="K_Gun"/>
							<string name="Table" value="Rifles"/>
						</object>
						<object name="TPort_K3">
							<string name="Device" value="K_Gun"/>
							<string name="Table" value="Rifles"/>
						</object>
						<object name="TPort_K4">
							<string name="Device" value="K_Gun"/>
							<string name="Table" value="Rifles"/>
						</object>

						<object name="TPort_AA3x25mmF">
							<string name="Device" value="Jap_Turret_25x3"/>
							<string name="Table" value="Turrets"/>
						</object>
						<object name="TPort_AA3x25mmFR">
							<string name="Device" value="Jap_Turret_25x3"/>
							<string name="Table" value="Turrets"/>
						</object>
						<object name="TPort_AA3x25mmFL">
							<string name="Device" value="Jap_Turret_25x3"/>
							<string name="Table" value="Turrets"/>
						</object>
						<object name="TPort_AA3x25mmBR">
							<string name="Device" value="Jap_Turret_25x3"/>
							<string name="Table" value="Turrets"/>
						</object>
						<object name="TPort_AA3x25mmBL">
							<string name="Device" value="Jap_Turret_25x3"/>
							<string name="Table" value="Turrets"/>
						</object>
						<object name="TPort_AA1x25mmF1R">
							<string name="Device" value="Jap_Turret_25x1"/>
							<string name="Table" value="Turrets"/>
						</object>
						<object name="TPort_AA1x25mmF1L">
							<string name="Device" value="Jap_Turret_25x1"/>
							<string name="Table" value="Turrets"/>
						</object>
						<object name="TPort_AA1x25mmF2R">
							<string name="Device" value="Jap_Turret_25x1"/>
							<string name="Table" value="Turrets"/>
						</object>
						<object name="TPort_AA1x25mmF2L">
							<string name="Device" value="Jap_Turret_25x1"/>
							<string name="Table" value="Turrets"/>
						</object>
						<object name="TPort_AA1x25mmF3R">
							<string name="Device" value="Jap_Turret_25x1"/>
							<string name="Table" value="Turrets"/>
						</object>
						<object name="TPort_AA1x25mmF3L">
							<string name="Device" value="Jap_Turret_25x1"/>
							<string name="Table" value="Turrets"/>
						</object>
						<object name="TPort_AA1x25mmF4R">
							<string name="Device" value="Jap_Turret_25x1"/>
							<string name="Table" value="Turrets"/>
						</object>
						<object name="TPort_AA1x25mmF4L">
							<string name="Device" value="Jap_Turret_25x1"/>
							<string name="Table" value="Turrets"/>
						</object>
						<object name="TPort_AA1x13mmF1R">
							<string name="Device" value="1x13mm_Turret_IJN"/>
							<string name="Table" value="Turrets"/>
						</object>
						<object name="TPort_AA1x13mmF1L">
							<string name="Device" value="1x13mm_Turret_IJN"/>
							<string name="Table" value="Turrets"/>
						</object>
						<object name="TPort_AA1x13mmF2R">
							<string name="Device" value="1x13mm_Turret_IJN"/>
							<string name="Table" value="Turrets"/>
						</object>
						<object name="TPort_AA1x13mmF2L">
							<string name="Device" value="1x13mm_Turret_IJN"/>
							<string name="Table" value="Turrets"/>
						</object>
						<object name="TPort_AA1x13mmF3R">
							<string name="Device" value="1x13mm_Turret_IJN"/>
							<string name="Table" value="Turrets"/>
						</object>
						<object name="TPort_AA1x13mmF3L">
							<string name="Device" value="1x13mm_Turret_IJN"/>
							<string name="Table" value="Turrets"/>
						</object>
						<object name="TPort_ProjF">
							<string name="Device" value="Jap_Projector"/>
							<string name="Table" value="Turrets"/>
						</object>
						<object name="TPort_ProjB">
							<string name="Device" value="Jap_Projector"/>
							<string name="Table" value="Turrets"/>
						</object>
						<object name="TPort_RF_Typ95_02_F">
							<string name="Device" value="Director_Typ95_Yamato_02"/>
							<string name="Table" value="Turrets"/>
						</object> 
						<object name="TPort_RF_Typ95_02_F1R">
							<string name="Device" value="Director_Typ95_Yamato_02"/>
							<string name="Table" value="Turrets"/>
						</object> 
						<object name="TPort_RF_Typ95_02_F1L">
							<string name="Device" value="Director_Typ95_Yamato_02"/>
							<string name="Table" value="Turrets"/>
						</object>
						<object name="TPort_Main_Gun_Director1">
							<string name="Device" value="Dalnomer_Kagero"/>
							<string name="Table" value="Turrets"/>
						</object>
						<object name="TPort_Main_Gun_Director2">
							<string name="Device" value="Dalnomer30_Fubuki"/>
							<string name="Table" value="Turrets"/>
						</object>
						<object name="TPort_RADAR1">
							<string name="Device" value="Radar_Typ13_2"/>
							<string name="Table" value="Turrets"/>
						</object>


						<object name="TPort_VINTR">
							<string name="Device" value="Vint_Fletcher"/>
							<string name="Table" value="Turrets"/>
						</object>
						<object name="TPort_VINTL">
							<string name="Device" value="Vint_Fletcher"/>
							<string name="Table" value="Turrets"/>
						</object>
						<object name="ZPort_AAGunContr1">
							<string name="Device" value="Aim_AA"/>
							<string name="Table" value="AimSystems"/>
						</object>
						<object name="ZPort_Jammer_JS_A">
							<string name="Device" value="Jammer_JS_A"/>
							<string name="Table" value="Probes"/>
						</object>
						<object name="ZPort_Jammer_US_A1">
							<string name="Device" value=""/>
							<string name="Table" value="Probes"/>
						</object>
						<object name="ZPort_MainGunContr">
							<string name="Device" value="Typ94_M"/>
							<string name="Table" value="AimSystems"/>
						</object>
						<object name="ZPort_Radio">
							<string name="Device" value="J_ShipRadioVHF"/>
							<string name="Table" value="Probes"/>
						</object>
						<object name="ZPort_Sonar">
							<string name="Device" value="Broadband_J"/>
							<string name="Table" value="Probes"/>
						</object>
						<object name="ZPort_Sonar1">
							<string name="Device" value="Narrowband_J"/>
							<string name="Table" value="AimSystems"/>
						</object>
						<object name="ZPort_SteamTurbine">
							<string name="Device" value="MPP_Fubuki"/>
							<string name="Table" value="Engins"/>
						</object>
					</object>
					<string name="Sonar" value=""/>
					<float name="Speed" value="15."/>
					<string name="SuperRifles" value="Jap_Torp_App_4x.6."/>
					<float name="VolleyWeight" value="1.40700006"/>
					<float name="Weight" value="2725.63867"/>
				</object>
			</object>
		</object>
	</object>
</root>