﻿<?xml version="1.0" standalone="yes" ?>
<root>
	<object name="SteelMonstersParams">
		<object name="Engins">
			<object name="MPP_AdmiralHipper">
				<float name="Consumption" value="3.5e-004"/>
				<integer name="Country" value="5"/>
				<float name="Money" value="12000."/>
				<integer name="Power_Max" value="132000"/>
				<integer name="RPM_Max" value="0"/>
				<integer name="Type" value="8"/>
				<integer name="Unreliability" value="10"/>
				<string name="Usage" value="Ships"/>
				<float name="Weight" value="1300."/>
			</object>
		</object>
		<object name="Hit_Location">
			<object name="Hipp001">
				<integer name="Country" value="5"/>
				<float name="ER" value="300."/>
				<string name="Hull" value="Hipper_LBelt"/>
				<string name="Name" value="Stern1_LBelt"/>
				<string name="TypHL" value="Hull"/>
				<string name="UnitName" value="Hipper"/>
			</object>
			<object name="Hipp002">
				<integer name="Country" value="5"/>
				<float name="ER" value="300."/>
				<string name="Hull" value="Hipper_RBelt"/>
				<string name="Name" value="Stern1_RBelt"/>
				<string name="TypHL" value="Hull"/>
				<string name="UnitName" value="Hipper"/>
			</object>
			<object name="Hipp003">
				<integer name="Country" value="5"/>
				<float name="ER" value="250."/>
				<string name="Hull" value="Std_MCAmmoStore"/>
				<string name="Name" value="AmmoStore4"/>
				<float name="Param_1" value="0."/>
				<string name="TypHL" value="AmmoStore"/>
				<string name="UnitName" value="Hipper"/>
			</object>
			<object name="Hipp004">
				<integer name="Country" value="5"/>
				<float name="ER" value="300."/>
				<string name="Hull" value="Hipper_Barbet"/>
				<string name="Name" value="Barbert4"/>
				<float name="Param_1" value="0."/>
				<string name="TypHL" value="AmmoStore"/>
				<string name="UnitName" value="Hipper"/>
			</object>
			<object name="Hipp005">
				<integer name="Country" value="5"/>
				<float name="ER" value="250."/>
				<string name="Hull" value="Hipper_LAMP"/>
				<string name="Name" value="Bow2_LAMP"/>
				<string name="TypHL" value="Hull"/>
				<string name="UnitName" value="Hipper"/>
			</object>
			<object name="Hipp006">
				<integer name="Country" value="5"/>
				<float name="ER" value="250."/>
				<string name="Hull" value="Hipper_RAMP"/>
				<string name="Name" value="Bow2_RAMP"/>
				<string name="TypHL" value="Hull"/>
				<string name="UnitName" value="Hipper"/>
			</object>
			<object name="Hipp007">
				<integer name="Country" value="5"/>
				<float name="ER" value="250."/>
				<string name="Hull" value="Hipper_LAMP"/>
				<string name="Name" value="Middle1_LAMP"/>
				<string name="TypHL" value="Hull"/>
				<string name="UnitName" value="Hipper"/>
			</object>
			<object name="Hipp008">
				<integer name="Country" value="5"/>
				<float name="ER" value="250."/>
				<string name="Hull" value="Hipper_RAMP"/>
				<string name="Name" value="Middle1_RAMP"/>
				<string name="TypHL" value="Hull"/>
				<string name="UnitName" value="Hipper"/>
			</object>
			<object name="Hipp009">
				<integer name="Country" value="5"/>
				<float name="ER" value="250."/>
				<string name="Hull" value="Hipper_LAMP"/>
				<string name="Name" value="Middle2_LAMP"/>
				<string name="TypHL" value="Hull"/>
				<string name="UnitName" value="Hipper"/>
			</object>
			<object name="Hipp010">
				<integer name="Country" value="5"/>
				<float name="ER" value="250."/>
				<string name="Hull" value="Hipper_RAMP"/>
				<string name="Name" value="Middle2_RAMP"/>
				<string name="TypHL" value="Hull"/>
				<string name="UnitName" value="Hipper"/>
			</object>
			<object name="Hipp011">
				<integer name="Country" value="5"/>
				<float name="ER" value="250."/>
				<string name="Hull" value="Hipper_LAMP"/>
				<string name="Name" value="Middle3_LAMP"/>
				<string name="TypHL" value="Hull"/>
				<string name="UnitName" value="Hipper"/>
			</object>
			<object name="Hipp012">
				<integer name="Country" value="5"/>
				<float name="ER" value="250."/>
				<string name="Hull" value="Hipper_RAMP"/>
				<string name="Name" value="Middle3_RAMP"/>
				<string name="TypHL" value="Hull"/>
				<string name="UnitName" value="Hipper"/>
			</object>
			<object name="Hipp013">
				<integer name="Country" value="5"/>
				<float name="ER" value="250."/>
				<string name="Hull" value="Hipper_LAMP"/>
				<string name="Name" value="Stern1_LAMP"/>
				<string name="TypHL" value="Hull"/>
				<string name="UnitName" value="Hipper"/>
			</object>
			<object name="Hipp014">
				<integer name="Country" value="5"/>
				<float name="ER" value="250."/>
				<string name="Hull" value="Hipper_RAMP"/>
				<string name="Name" value="Stern1_RAMP"/>
				<string name="TypHL" value="Hull"/>
				<string name="UnitName" value="Hipper"/>
			</object>
			<object name="Hipp9262">
				<integer name="Country" value="5"/>
				<float name="ER" value="200."/>
				<string name="Hull" value="Std_Hull"/>
				<string name="Name" value="BowSmokeStack"/>
				<string name="TypHL" value="Hull"/>
				<string name="UnitName" value="Hipper"/>
			</object>
			<object name="Hipp9263">
				<integer name="Country" value="5"/>
				<float name="ER" value="200."/>
				<string name="Hull" value="Std_Hull"/>
				<string name="Name" value="SternSmokeStack"/>
				<string name="TypHL" value="Hull"/>
				<string name="UnitName" value="Hipper"/>
			</object>
			<object name="Hipp9588">
				<integer name="Country" value="5"/>
				<float name="ER" value="200."/>
				<string name="Hull" value="Hipper_UpperDeck"/>
				<string name="Name" value="Bow2_UpperDeck"/>
				<string name="TypHL" value="Hull"/>
				<string name="UnitName" value="Hipper"/>
			</object>
			<object name="Hipp9589">
				<integer name="Country" value="5"/>
				<float name="ER" value="250."/>
				<string name="Hull" value="Hipper_BowArmorDeck"/>
				<string name="Name" value="Bow2_ArmorDeck"/>
				<string name="TypHL" value="Hull"/>
				<string name="UnitName" value="Hipper"/>
			</object>
			<object name="Hipp9590">
				<integer name="Country" value="5"/>
				<float name="ER" value="250."/>
				<string name="Hull" value="Std_MCAmmoStore"/>
				<string name="Name" value="AmmoStore1"/>
				<float name="Param_1" value="0."/>
				<string name="TypHL" value="AmmoStore"/>
				<string name="UnitName" value="Hipper"/>
			</object>
			<object name="Hipp9591">
				<integer name="Country" value="5"/>
				<float name="ER" value="250."/>
				<string name="Hull" value="Std_MCAmmoStore"/>
				<string name="Name" value="AmmoStore2"/>
				<float name="Param_1" value="0."/>
				<string name="TypHL" value="AmmoStore"/>
				<string name="UnitName" value="Hipper"/>
			</object>
			<object name="Hipp9592">
				<integer name="Country" value="5"/>
				<float name="ER" value="200."/>
				<string name="Hull" value="Hipper_LowerDeck"/>
				<string name="Name" value="Bow2_LowerDeck"/>
				<string name="TypHL" value="Hull"/>
				<string name="UnitName" value="Hipper"/>
			</object>
			<object name="Hipp9593">
				<integer name="Country" value="5"/>
				<float name="ER" value="300."/>
				<string name="Hull" value="Hipper_BowLBelt"/>
				<string name="Name" value="Bow2_LBelt"/>
				<string name="TypHL" value="Hull"/>
				<string name="UnitName" value="Hipper"/>
			</object>
			<object name="Hipp9594">
				<integer name="Country" value="5"/>
				<float name="ER" value="300."/>
				<string name="Hull" value="Hipper_BowRBelt"/>
				<string name="Name" value="Bow2_RBelt"/>
				<string name="TypHL" value="Hull"/>
				<string name="UnitName" value="Hipper"/>
			</object>
			<object name="Hipp9595">
				<integer name="Country" value="5"/>
				<float name="ER" value="300."/>
				<string name="Hull" value="Std_HLBoard"/>
				<string name="Name" value="Bow2_LBoard"/>
				<string name="TypHL" value="Hull"/>
				<string name="UnitName" value="Hipper"/>
			</object>
			<object name="Hipp9596">
				<integer name="Country" value="5"/>
				<float name="ER" value="300."/>
				<string name="Hull" value="Std_HRBoard"/>
				<string name="Name" value="Bow2_RBoard"/>
				<string name="TypHL" value="Hull"/>
				<string name="UnitName" value="Hipper"/>
			</object>
			<object name="Hipp9597">
				<integer name="Country" value="5"/>
				<float name="ER" value="250."/>
				<string name="Hull" value="Hipper_UpperDeck"/>
				<string name="Name" value="Middle1_UpperDeck"/>
				<string name="TypHL" value="Hull"/>
				<string name="UnitName" value="Hipper"/>
			</object>
			<object name="Hipp9598">
				<integer name="Country" value="5"/>
				<float name="ER" value="300."/>
				<string name="Hull" value="Hipper_ArmorDeck"/>
				<string name="Name" value="Middle1_ArmorDeck"/>
				<string name="TypHL" value="Hull"/>
				<string name="UnitName" value="Hipper"/>
			</object>
			<object name="Hipp9599">
				<integer name="Country" value="5"/>
				<float name="ER" value="250."/>
				<string name="Hull" value="Std_Probe"/>
				<string name="Name" value="Radio"/>
				<string name="TypHL" value="Probe"/>
				<string name="UnitName" value="Hipper"/>
			</object>
			<object name="Hipp9600">
				<integer name="Country" value="5"/>
				<float name="ER" value="250."/>
				<string name="Hull" value="Std_Probe"/>
				<string name="Name" value="DamageControl"/>
				<string name="TypHL" value="Probe"/>
				<string name="UnitName" value="Hipper"/>
			</object>
			<object name="Hipp9601">
				<integer name="Country" value="5"/>
				<float name="ER" value="250."/>
				<string name="Hull" value="Hipper_LowerDeck"/>
				<string name="Name" value="Middle1_LowerDeck"/>
				<string name="TypHL" value="Hull"/>
				<string name="UnitName" value="Hipper"/>
			</object>
			<object name="Hipp9602">
				<integer name="Country" value="5"/>
				<float name="ER" value="300."/>
				<string name="Hull" value="Hipper_LBelt"/>
				<string name="Name" value="Middle1_LBelt"/>
				<string name="TypHL" value="Hull"/>
				<string name="UnitName" value="Hipper"/>
			</object>
			<object name="Hipp9603">
				<integer name="Country" value="5"/>
				<float name="ER" value="300."/>
				<string name="Hull" value="Hipper_RBelt"/>
				<string name="Name" value="Middle1_RBelt"/>
				<string name="TypHL" value="Hull"/>
				<string name="UnitName" value="Hipper"/>
			</object>
			<object name="Hipp9604">
				<integer name="Country" value="5"/>
				<float name="ER" value="300."/>
				<string name="Hull" value="Std_HLBoard"/>
				<string name="Name" value="Middle1_LBoard"/>
				<string name="TypHL" value="Hull"/>
				<string name="UnitName" value="Hipper"/>
			</object>
			<object name="Hipp9605">
				<integer name="Country" value="5"/>
				<float name="ER" value="300."/>
				<string name="Hull" value="Std_HRBoard"/>
				<string name="Name" value="Middle1_RBoard"/>
				<string name="TypHL" value="Hull"/>
				<string name="UnitName" value="Hipper"/>
			</object>
			<object name="Hipp9606">
				<integer name="Country" value="5"/>
				<float name="ER" value="150."/>
				<string name="Hull" value="Std_Boiler"/>
				<string name="Name" value="Boiler1"/>
				<string name="TypHL" value="Boiler"/>
				<string name="UnitName" value="Hipper"/>
			</object>
			<object name="Hipp9607">
				<integer name="Country" value="5"/>
				<float name="ER" value="150."/>
				<string name="Hull" value="Std_Boiler"/>
				<string name="Name" value="Boiler2"/>
				<string name="TypHL" value="Boiler"/>
				<string name="UnitName" value="Hipper"/>
			</object>
			<object name="Hipp9608">
				<integer name="Country" value="5"/>
				<float name="ER" value="250."/>
				<string name="Hull" value="Hipper_UpperDeck"/>
				<string name="Name" value="Middle2_UpperDeck"/>
				<string name="TypHL" value="Hull"/>
				<string name="UnitName" value="Hipper"/>
			</object>
			<object name="Hipp9609">
				<integer name="Country" value="5"/>
				<float name="ER" value="300."/>
				<string name="Hull" value="Hipper_ArmorDeck"/>
				<string name="Name" value="Middle2_ArmorDeck"/>
				<string name="TypHL" value="Hull"/>
				<string name="UnitName" value="Hipper"/>
			</object>
			<object name="Hipp9610">
				<integer name="Country" value="5"/>
				<float name="ER" value="250."/>
				<string name="Hull" value="Hipper_LowerDeck"/>
				<string name="Name" value="Middle2_LowerDeck"/>
				<string name="TypHL" value="Hull"/>
				<string name="UnitName" value="Hipper"/>
			</object>
			<object name="Hipp9611">
				<string name="ConnectName" value="Boiler1"/>
				<integer name="Country" value="5"/>
				<float name="ER" value="150."/>
				<string name="Hull" value="Std_Engine"/>
				<string name="Name" value="Engine1"/>
				<string name="TypHL" value="Engine"/>
				<string name="UnitName" value="Hipper"/>
			</object>
			<object name="Hipp9612">
				<string name="ConnectName" value="Boiler2"/>
				<integer name="Country" value="5"/>
				<float name="ER" value="150."/>
				<string name="Hull" value="Std_Engine"/>
				<string name="Name" value="Engine2"/>
				<string name="TypHL" value="Engine"/>
				<string name="UnitName" value="Hipper"/>
			</object>
			<object name="Hipp9613">
				<integer name="Country" value="5"/>
				<float name="ER" value="300."/>
				<string name="Hull" value="Hipper_LBelt"/>
				<string name="Name" value="Middle2_LBelt"/>
				<string name="TypHL" value="Hull"/>
				<string name="UnitName" value="Hipper"/>
			</object>
			<object name="Hipp9614">
				<integer name="Country" value="5"/>
				<float name="ER" value="300."/>
				<string name="Hull" value="Hipper_RBelt"/>
				<string name="Name" value="Middle2_RBelt"/>
				<string name="TypHL" value="Hull"/>
				<string name="UnitName" value="Hipper"/>
			</object>
			<object name="Hipp9615">
				<integer name="Country" value="5"/>
				<float name="ER" value="300."/>
				<string name="Hull" value="Std_HLBoard"/>
				<string name="Name" value="Middle2_LBoard"/>
				<string name="TypHL" value="Hull"/>
				<string name="UnitName" value="Hipper"/>
			</object>
			<object name="Hipp9616">
				<integer name="Country" value="5"/>
				<float name="ER" value="300."/>
				<string name="Hull" value="Std_HRBoard"/>
				<string name="Name" value="Middle2_RBoard"/>
				<string name="TypHL" value="Hull"/>
				<string name="UnitName" value="Hipper"/>
			</object>
			<object name="Hipp9617">
				<integer name="Country" value="5"/>
				<float name="ER" value="150."/>
				<string name="Hull" value="Std_Boiler"/>
				<string name="Name" value="Boiler3"/>
				<string name="TypHL" value="Boiler"/>
				<string name="UnitName" value="Hipper"/>
			</object>
			<object name="Hipp9618">
				<integer name="Country" value="5"/>
				<float name="ER" value="150."/>
				<string name="Hull" value="Std_Boiler"/>
				<string name="Name" value="Boiler4"/>
				<string name="TypHL" value="Boiler"/>
				<string name="UnitName" value="Hipper"/>
			</object>
			<object name="Hipp9619">
				<integer name="Country" value="5"/>
				<float name="ER" value="250."/>
				<string name="Hull" value="Hipper_UpperDeck"/>
				<string name="Name" value="Middle3_UpperDeck"/>
				<string name="TypHL" value="Hull"/>
				<string name="UnitName" value="Hipper"/>
			</object>
			<object name="Hipp9620">
				<integer name="Country" value="5"/>
				<float name="ER" value="300."/>
				<string name="Hull" value="Hipper_ArmorDeck"/>
				<string name="Name" value="Middle3_ArmorDeck"/>
				<string name="TypHL" value="Hull"/>
				<string name="UnitName" value="Hipper"/>
			</object>
			<object name="Hipp9621">
				<integer name="Country" value="5"/>
				<float name="ER" value="250."/>
				<string name="Hull" value="Std_Probe"/>
				<string name="Name" value="Radar"/>
				<string name="TypHL" value="Probe"/>
				<string name="UnitName" value="Hipper"/>
			</object>
			<object name="Hipp9622">
				<integer name="Country" value="5"/>
				<float name="ER" value="250."/>
				<string name="Hull" value="Std_Probe"/>
				<string name="Name" value="FireControl"/>
				<string name="TypHL" value="Probe"/>
				<string name="UnitName" value="Hipper"/>
			</object>
			<object name="Hipp9623">
				<integer name="Country" value="5"/>
				<float name="ER" value="250."/>
				<string name="Hull" value="Hipper_LowerDeck"/>
				<string name="Name" value="Middle3_LowerDeck"/>
				<string name="TypHL" value="Hull"/>
				<string name="UnitName" value="Hipper"/>
			</object>
			<object name="Hipp9624">
				<string name="ConnectName" value="Boiler3"/>
				<integer name="Country" value="5"/>
				<float name="ER" value="150."/>
				<string name="Hull" value="Std_Engine"/>
				<string name="Name" value="Engine3"/>
				<string name="TypHL" value="Engine"/>
				<string name="UnitName" value="Hipper"/>
			</object>
			<object name="Hipp9625">
				<string name="ConnectName" value="Boiler4"/>
				<integer name="Country" value="5"/>
				<float name="ER" value="150."/>
				<string name="Hull" value="Std_Engine"/>
				<string name="Name" value="Engine4"/>
				<string name="TypHL" value="Engine"/>
				<string name="UnitName" value="Hipper"/>
			</object>
			<object name="Hipp9626">
				<integer name="Country" value="5"/>
				<float name="ER" value="300."/>
				<string name="Hull" value="Hipper_LBelt"/>
				<string name="Name" value="Middle3_LBelt"/>
				<string name="TypHL" value="Hull"/>
				<string name="UnitName" value="Hipper"/>
			</object>
			<object name="Hipp9627">
				<integer name="Country" value="5"/>
				<float name="ER" value="300."/>
				<string name="Hull" value="Hipper_RBelt"/>
				<string name="Name" value="Middle3_RBelt"/>
				<string name="TypHL" value="Hull"/>
				<string name="UnitName" value="Hipper"/>
			</object>
			<object name="Hipp9628">
				<integer name="Country" value="5"/>
				<float name="ER" value="300."/>
				<string name="Hull" value="Std_HLBoard"/>
				<string name="Name" value="Middle3_LBoard"/>
				<string name="TypHL" value="Hull"/>
				<string name="UnitName" value="Hipper"/>
			</object>
			<object name="Hipp9629">
				<integer name="Country" value="5"/>
				<float name="ER" value="300."/>
				<string name="Hull" value="Std_HRBoard"/>
				<string name="Name" value="Middle3_RBoard"/>
				<string name="TypHL" value="Hull"/>
				<string name="UnitName" value="Hipper"/>
			</object>
			<object name="Hipp9630">
				<integer name="Country" value="5"/>
				<float name="ER" value="300."/>
				<string name="Hull" value="Hipper_UpperDeck"/>
				<string name="Name" value="Stern1_UpperDeck"/>
				<string name="TypHL" value="Hull"/>
				<string name="UnitName" value="Hipper"/>
			</object>
			<object name="Hipp9631">
				<integer name="Country" value="5"/>
				<float name="ER" value="300."/>
				<string name="Hull" value="Hipper_SternMiddleDeck"/>
				<string name="Name" value="Stern1_MiddleDeck"/>
				<string name="TypHL" value="Hull"/>
				<string name="UnitName" value="Hipper"/>
			</object>
			<object name="Hipp9632">
				<integer name="Country" value="5"/>
				<float name="ER" value="250."/>
				<string name="Hull" value="Hipper_SternArmorDeck"/>
				<string name="Name" value="Stern1_AmmoStore_Cover"/>
				<string name="TypHL" value="Hull"/>
				<string name="UnitName" value="Hipper"/>
			</object>
			<object name="Hipp9633">
				<integer name="Country" value="5"/>
				<float name="ER" value="250."/>
				<string name="Hull" value="Std_MCAmmoStore"/>
				<string name="Name" value="AmmoStore3"/>
				<float name="Param_1" value="0."/>
				<string name="TypHL" value="AmmoStore"/>
				<string name="UnitName" value="Hipper"/>
			</object>
			<object name="Hipp9634">
				<integer name="Country" value="5"/>
				<float name="ER" value="250."/>
				<string name="Hull" value="Hipper_LowerDeck"/>
				<string name="Name" value="Stern1_LowerDeck"/>
				<string name="TypHL" value="Hull"/>
				<string name="UnitName" value="Hipper"/>
			</object>
			<object name="Hipp9635">
				<string name="ConnectName" value="Engine1"/>
				<integer name="Country" value="5"/>
				<float name="ER" value="150."/>
				<string name="Hull" value="Std_Mover"/>
				<string name="Name" value="Mover1"/>
				<string name="TypHL" value="Mover"/>
				<string name="UnitName" value="Hipper"/>
			</object>
			<object name="Hipp9636">
				<string name="ConnectName" value="Engine2"/>
				<integer name="Country" value="5"/>
				<float name="ER" value="150."/>
				<string name="Hull" value="Std_Mover"/>
				<string name="Name" value="Mover2"/>
				<string name="TypHL" value="Mover"/>
				<string name="UnitName" value="Hipper"/>
			</object>
			<object name="Hipp9637">
				<string name="ConnectName" value="Engine3"/>
				<integer name="Country" value="5"/>
				<float name="ER" value="150."/>
				<string name="Hull" value="Std_Mover"/>
				<string name="Name" value="Mover3"/>
				<string name="TypHL" value="Mover"/>
				<string name="UnitName" value="Hipper"/>
			</object>
			<object name="Hipp9638">
				<string name="ConnectName" value="Engine4"/>
				<integer name="Country" value="5"/>
				<float name="ER" value="150."/>
				<string name="Hull" value="Std_Mover"/>
				<string name="Name" value="Mover4"/>
				<string name="TypHL" value="Mover"/>
				<string name="UnitName" value="Hipper"/>
			</object>
			<object name="Hipp9639">
				<integer name="Country" value="5"/>
				<float name="ER" value="250."/>
				<string name="Hull" value="Std_Rudder"/>
				<string name="Name" value="Rudder"/>
				<string name="TypHL" value="Rudder"/>
				<string name="UnitName" value="Hipper"/>
			</object>
			<object name="Hipp9640">
				<integer name="Country" value="5"/>
				<float name="ER" value="300."/>
				<string name="Hull" value="Hipper_Barbet"/>
				<string name="Name" value="Barbet1"/>
				<float name="Param_1" value="0."/>
				<string name="TypHL" value="AmmoStore"/>
				<string name="UnitName" value="Hipper"/>
			</object>
			<object name="Hipp9641">
				<integer name="Country" value="5"/>
				<float name="ER" value="300."/>
				<string name="Hull" value="Hipper_Barbet"/>
				<string name="Name" value="Barbet2"/>
				<float name="Param_1" value="0."/>
				<string name="TypHL" value="AmmoStore"/>
				<string name="UnitName" value="Hipper"/>
			</object>
			<object name="Hipp9642">
				<integer name="Country" value="5"/>
				<float name="ER" value="300."/>
				<string name="Hull" value="Hipper_Barbet"/>
				<string name="Name" value="Barbert3"/>
				<float name="Param_1" value="0."/>
				<string name="TypHL" value="AmmoStore"/>
				<string name="UnitName" value="Hipper"/>
			</object>
			<object name="Hipp9643">
				<integer name="Country" value="5"/>
				<float name="ER" value="250."/>
				<string name="Hull" value="Std_Superstructure"/>
				<string name="Name" value="Middle_LBarbetSG1"/>
				<string name="TypHL" value="Hull"/>
				<string name="UnitName" value="Hipper"/>
			</object>
			<object name="Hipp9644">
				<integer name="Country" value="5"/>
				<float name="ER" value="250."/>
				<string name="Hull" value="Std_Superstructure"/>
				<string name="Name" value="Middle_RBarbetSG1"/>
				<string name="TypHL" value="Hull"/>
				<string name="UnitName" value="Hipper"/>
			</object>
			<object name="Hipp9645">
				<integer name="Country" value="5"/>
				<float name="ER" value="250."/>
				<string name="Hull" value="Std_Superstructure"/>
				<string name="Name" value="Middle_LBarbetSG2"/>
				<string name="TypHL" value="Hull"/>
				<string name="UnitName" value="Hipper"/>
			</object>
			<object name="Hipp9646">
				<integer name="Country" value="5"/>
				<float name="ER" value="250."/>
				<string name="Hull" value="Std_Superstructure"/>
				<string name="Name" value="Middle_RBarbetSG2"/>
				<string name="TypHL" value="Hull"/>
				<string name="UnitName" value="Hipper"/>
			</object>
			<object name="Hipp9647">
				<integer name="Country" value="5"/>
				<float name="ER" value="250."/>
				<string name="Hull" value="Std_Superstructure"/>
				<string name="Name" value="Middle_LBarbetSG3"/>
				<string name="TypHL" value="Hull"/>
				<string name="UnitName" value="Hipper"/>
			</object>
			<object name="Hipp9648">
				<integer name="Country" value="5"/>
				<float name="ER" value="250."/>
				<string name="Hull" value="Std_Superstructure"/>
				<string name="Name" value="Middle_RBarbetSG3"/>
				<string name="TypHL" value="Hull"/>
				<string name="UnitName" value="Hipper"/>
			</object>
			<object name="Hipp9649">
				<integer name="Country" value="5"/>
				<float name="ER" value="250."/>
				<string name="Hull" value="Std_Superstructure"/>
				<string name="Name" value="Stern_BarbetSG"/>
				<string name="TypHL" value="Hull"/>
				<string name="UnitName" value="Hipper"/>
			</object>
			<object name="Hipp9650">
				<integer name="Country" value="5"/>
				<integer name="Crew" value="300"/>
				<float name="ER" value="200."/>
				<string name="Hull" value="Std_Superstructure"/>
				<string name="Name" value="Bow_LSuperstructure"/>
				<string name="TypHL" value="Crew"/>
				<string name="UnitName" value="Hipper"/>
			</object>
			<object name="Hipp9651">
				<integer name="Country" value="5"/>
				<integer name="Crew" value="300"/>
				<float name="ER" value="200."/>
				<string name="Hull" value="Std_Superstructure"/>
				<string name="Name" value="Bow_MSuperstructure"/>
				<string name="TypHL" value="Crew"/>
				<string name="UnitName" value="Hipper"/>
			</object>
			<object name="Hipp9652">
				<integer name="Country" value="5"/>
				<integer name="Crew" value="300"/>
				<float name="ER" value="200."/>
				<string name="Hull" value="Std_Superstructure"/>
				<string name="Name" value="Bow_USuperstructure"/>
				<string name="TypHL" value="Crew"/>
				<string name="UnitName" value="Hipper"/>
			</object>
			<object name="Hipp9653">
				<integer name="Country" value="5"/>
				<float name="ER" value="200."/>
				<string name="Hull" value="Std_Superstructure"/>
				<string name="Name" value="Middle_FSuperstructure"/>
				<string name="TypHL" value="Hull"/>
				<string name="UnitName" value="Hipper"/>
			</object>
			<object name="Hipp9654">
				<integer name="Country" value="5"/>
				<float name="ER" value="200."/>
				<string name="Hull" value="Std_Superstructure"/>
				<string name="Name" value="Middle_SSuperstructure"/>
				<string name="TypHL" value="Hull"/>
				<string name="UnitName" value="Hipper"/>
			</object>
			<object name="Hipp9655">
				<integer name="Country" value="5"/>
				<integer name="Crew" value="300"/>
				<float name="ER" value="200."/>
				<string name="Hull" value="Std_Superstructure"/>
				<string name="Name" value="Stern_Superstructure"/>
				<string name="TypHL" value="Crew"/>
				<string name="UnitName" value="Hipper"/>
			</object>
			<object name="Hipp9656">
				<integer name="Country" value="5"/>
				<integer name="Crew" value="300"/>
				<float name="ER" value="250."/>
				<string name="Hull" value="Hipper_UpperDeck"/>
				<string name="Name" value="Bow1_UpperDeck"/>
				<string name="TypHL" value="Crew"/>
				<string name="UnitName" value="Hipper"/>
			</object>
			<object name="Hipp9657">
				<integer name="Country" value="5"/>
				<float name="ER" value="250."/>
				<string name="Hull" value="Hipper_Bow1LowerDeck"/>
				<string name="Name" value="Bow1_LowerDeck"/>
				<string name="TypHL" value="Hull"/>
				<string name="UnitName" value="Hipper"/>
			</object>
			<object name="Hipp9658">
				<integer name="Country" value="5"/>
				<float name="ER" value="250."/>
				<string name="Hull" value="Hipper_UpperDeck"/>
				<string name="Name" value="Stern2_Deck"/>
				<string name="TypHL" value="Hull"/>
				<string name="UnitName" value="Hipper"/>
			</object>
			<object name="Hipp9659">
				<integer name="Country" value="5"/>
				<float name="ER" value="250."/>
				<string name="Hull" value="Std_Superstructure"/>
				<string name="Name" value="Tiller"/>
				<string name="TypHL" value="Hull"/>
				<string name="UnitName" value="Hipper"/>
			</object>
			<object name="Hipp9660">
				<integer name="Country" value="5"/>
				<float name="ER" value="250."/>
				<string name="Hull" value="Std_Bottom"/>
				<string name="Name" value="Bow1_Bottom"/>
				<string name="TypHL" value="FuelTank"/>
				<string name="UnitName" value="Hipper"/>
			</object>
			<object name="Hipp9661">
				<integer name="Country" value="5"/>
				<float name="ER" value="250."/>
				<string name="Hull" value="Std_Bottom"/>
				<string name="Name" value="Bow2_Bottom"/>
				<string name="TypHL" value="FuelTank"/>
				<string name="UnitName" value="Hipper"/>
			</object>
			<object name="Hipp9662">
				<integer name="Country" value="5"/>
				<float name="ER" value="250."/>
				<string name="Hull" value="Std_Bottom"/>
				<string name="Name" value="Middle1_Bottom"/>
				<string name="TypHL" value="FuelTank"/>
				<string name="UnitName" value="Hipper"/>
			</object>
			<object name="Hipp9663">
				<integer name="Country" value="5"/>
				<float name="ER" value="250."/>
				<string name="Hull" value="Std_Bottom"/>
				<string name="Name" value="Middle2_Bottom"/>
				<string name="TypHL" value="FuelTank"/>
				<string name="UnitName" value="Hipper"/>
			</object>
			<object name="Hipp9664">
				<integer name="Country" value="5"/>
				<float name="ER" value="250."/>
				<string name="Hull" value="Std_Bottom"/>
				<string name="Name" value="Middle3_Bottom"/>
				<string name="TypHL" value="FuelTank"/>
				<string name="UnitName" value="Hipper"/>
			</object>
			<object name="Hipp9665">
				<integer name="Country" value="5"/>
				<float name="ER" value="250."/>
				<string name="Hull" value="Std_Bottom"/>
				<string name="Name" value="Stern1_Bottom"/>
				<string name="TypHL" value="FuelTank"/>
				<string name="UnitName" value="Hipper"/>
			</object>
			<object name="Hipp9666">
				<integer name="Country" value="5"/>
				<float name="ER" value="150."/>
				<string name="Hull" value="Std_SmokeStack"/>
				<string name="Name" value="BowSmokeStack"/>
				<string name="TypHL" value="Hull"/>
				<string name="UnitName" value="Hipper"/>
			</object>
			<object name="Hipp9667">
				<integer name="Country" value="5"/>
				<float name="ER" value="150."/>
				<string name="Hull" value="Std_SmokeStack"/>
				<string name="Name" value="SternSmokeStack"/>
				<string name="TypHL" value="Hull"/>
				<string name="UnitName" value="Hipper"/>
			</object>
		</object>
		<object name="Hulls">
			<object name="Hipper_ArmorDeck">
				<integer name="Back" value="80"/>
				<integer name="Bottom" value="1"/>
				<integer name="Country" value="5"/>
				<float name="ExplProb" value="0."/>
				<float name="FireProb" value="0."/>
				<integer name="Front" value="80"/>
				<integer name="Left" value="20"/>
				<string name="Material" value="Wh"/>
				<integer name="Right" value="20"/>
				<integer name="Top" value="50"/>
				<integer name="UnitName" value="0"/>
				<string name="UnitTyp" value="Ship"/>
			</object>
			<object name="Hipper_Barbet">
				<integer name="Back" value="100"/>
				<integer name="Bottom" value="10"/>
				<integer name="Country" value="5"/>
				<float name="ExplProb" value="20."/>
				<float name="FireProb" value="10."/>
				<integer name="Front" value="100"/>
				<integer name="Left" value="100"/>
				<string name="Material" value="KCn/A"/>
				<integer name="Right" value="100"/>
				<integer name="Top" value="100"/>
				<integer name="UnitName" value="0"/>
				<string name="UnitTyp" value="Ship"/>
			</object>
			<object name="Hipper_BattleCabine">
				<integer name="Back" value="150"/>
				<integer name="Bottom" value="2"/>
				<integer name="Country" value="5"/>
				<float name="ExplProb" value="0."/>
				<float name="FireProb" value="5."/>
				<integer name="Front" value="150"/>
				<integer name="Left" value="150"/>
				<string name="Material" value="KCn/A"/>
				<integer name="Right" value="150"/>
				<integer name="Top" value="105"/>
				<integer name="UnitName" value="0"/>
				<string name="UnitTyp" value="Ship"/>
			</object>
			<object name="Hipper_Bow1LowerDeck">
				<integer name="Back" value="20"/>
				<integer name="Bottom" value="1"/>
				<integer name="Country" value="5"/>
				<float name="ExplProb" value="0."/>
				<float name="FireProb" value="0."/>
				<integer name="Front" value="20"/>
				<integer name="Left" value="40"/>
				<string name="Material" value="Wh"/>
				<integer name="Right" value="40"/>
				<integer name="Top" value="12"/>
				<integer name="UnitName" value="0"/>
				<string name="UnitTyp" value="Ship"/>
			</object>
			<object name="Hipper_BowArmorDeck">
				<integer name="Back" value="80"/>
				<integer name="Bottom" value="10"/>
				<integer name="Country" value="5"/>
				<float name="ExplProb" value="0."/>
				<float name="FireProb" value="0."/>
				<integer name="Front" value="80"/>
				<integer name="Left" value="20"/>
				<string name="Material" value="Wh"/>
				<integer name="Right" value="20"/>
				<integer name="Top" value="30"/>
				<integer name="UnitName" value="0"/>
				<string name="UnitTyp" value="Ship"/>
			</object>
			<object name="Hipper_BowLBelt">
				<integer name="Back" value="10"/>
				<integer name="Bottom" value="10"/>
				<integer name="Country" value="5"/>
				<float name="ExplProb" value="0."/>
				<float name="FireProb" value="0."/>
				<integer name="Front" value="80"/>
				<integer name="Left" value="80"/>
				<string name="Material" value="KCn/A"/>
				<integer name="Right" value="10"/>
				<integer name="Top" value="80"/>
				<integer name="UnitName" value="0"/>
				<string name="UnitTyp" value="Ship"/>
			</object>
			<object name="Hipper_BowRBelt">
				<integer name="Back" value="10"/>
				<integer name="Bottom" value="10"/>
				<integer name="Country" value="5"/>
				<float name="ExplProb" value="0."/>
				<float name="FireProb" value="0."/>
				<integer name="Front" value="80"/>
				<integer name="Left" value="10"/>
				<string name="Material" value="KCn/A"/>
				<integer name="Right" value="80"/>
				<integer name="Top" value="80"/>
				<integer name="UnitName" value="0"/>
				<string name="UnitTyp" value="Ship"/>
			</object>
			<object name="Hipper_LAMP">
				<integer name="Back" value="50"/>
				<integer name="Bottom" value="10"/>
				<integer name="Country" value="5"/>
				<float name="ExplProb" value="0."/>
				<float name="FireProb" value="0."/>
				<integer name="Front" value="50"/>
				<integer name="Left" value="50"/>
				<string name="Material" value="Wh"/>
				<integer name="Right" value="10"/>
				<integer name="Top" value="50"/>
				<integer name="UnitName" value="0"/>
				<string name="UnitTyp" value="Ship"/>
			</object>
			<object name="Hipper_LBelt">
				<integer name="Back" value="10"/>
				<integer name="Bottom" value="10"/>
				<integer name="Country" value="5"/>
				<float name="ExplProb" value="0."/>
				<float name="FireProb" value="0."/>
				<integer name="Front" value="80"/>
				<integer name="Left" value="80"/>
				<string name="Material" value="KCn/A"/>
				<integer name="Right" value="10"/>
				<integer name="Top" value="80"/>
				<integer name="UnitName" value="0"/>
				<string name="UnitTyp" value="Ship"/>
			</object>
			<object name="Hipper_LowerDeck">
				<integer name="Back" value="20"/>
				<integer name="Bottom" value="10"/>
				<integer name="Country" value="5"/>
				<float name="ExplProb" value="0."/>
				<float name="FireProb" value="0."/>
				<integer name="Front" value="20"/>
				<integer name="Left" value="20"/>
				<string name="Material" value="Wh"/>
				<integer name="Right" value="20"/>
				<integer name="Top" value="30"/>
				<integer name="UnitName" value="0"/>
				<string name="UnitTyp" value="Ship"/>
			</object>
			<object name="Hipper_RAMP">
				<integer name="Back" value="50"/>
				<integer name="Bottom" value="10"/>
				<integer name="Country" value="5"/>
				<float name="ExplProb" value="0."/>
				<float name="FireProb" value="0."/>
				<integer name="Front" value="50"/>
				<integer name="Left" value="10"/>
				<string name="Material" value="Wh"/>
				<integer name="Right" value="50"/>
				<integer name="Top" value="50"/>
				<integer name="UnitName" value="0"/>
				<string name="UnitTyp" value="Ship"/>
			</object>
			<object name="Hipper_RBelt">
				<integer name="Back" value="10"/>
				<integer name="Bottom" value="10"/>
				<integer name="Country" value="5"/>
				<float name="ExplProb" value="0."/>
				<float name="FireProb" value="0."/>
				<integer name="Front" value="80"/>
				<integer name="Left" value="10"/>
				<string name="Material" value="KCn/A"/>
				<integer name="Right" value="80"/>
				<integer name="Top" value="80"/>
				<integer name="UnitName" value="0"/>
				<string name="UnitTyp" value="Ship"/>
			</object>
			<object name="Hipper_SternArmorDeck">
				<integer name="Back" value="80"/>
				<integer name="Bottom" value="20"/>
				<integer name="Country" value="5"/>
				<float name="ExplProb" value="0."/>
				<float name="FireProb" value="0."/>
				<integer name="Front" value="80"/>
				<integer name="Left" value="20"/>
				<string name="Material" value="Wh"/>
				<integer name="Right" value="20"/>
				<integer name="Top" value="30"/>
				<integer name="UnitName" value="0"/>
				<string name="UnitTyp" value="Ship"/>
			</object>
			<object name="Hipper_SternMiddleDeck">
				<integer name="Back" value="80"/>
				<integer name="Bottom" value="20"/>
				<integer name="Country" value="5"/>
				<float name="ExplProb" value="0."/>
				<float name="FireProb" value="0."/>
				<integer name="Front" value="80"/>
				<integer name="Left" value="30"/>
				<string name="Material" value="Wh"/>
				<integer name="Right" value="30"/>
				<integer name="Top" value="30"/>
				<integer name="UnitName" value="0"/>
				<string name="UnitTyp" value="Ship"/>
			</object>
			<object name="Hipper_UpperDeck">
				<integer name="Back" value="30"/>
				<integer name="Bottom" value="10"/>
				<integer name="Country" value="5"/>
				<float name="ExplProb" value="0."/>
				<float name="FireProb" value="0."/>
				<integer name="Front" value="30"/>
				<integer name="Left" value="10"/>
				<string name="Material" value="Wh"/>
				<integer name="Right" value="10"/>
				<integer name="Top" value="30"/>
				<integer name="UnitName" value="0"/>
				<string name="UnitTyp" value="Ship"/>
			</object>
		</object>
		<object name="Ships">
			<object name="Hipper">
				<float name="AccelRate" value="3.e-004"/>
				<string name="Airgroup" value="Scout_ShipWater_Battleship_Battalion_germany"/>
				<integer name="AirplanesCount" value="4"/>
				<string name="AmmoLoadingTemplate" value="Ammo 300"/>
				<boolean name="BoatsTransportationAbility" value="false"/>
				<integer name="CabinArmor" value="165"/>
				<boolean name="CanBeChanged" value="true"/>
				<boolean name="CanUseTorpedos" value="true"/>
				<string name="CatapultAirgroupDefaultUnit" value="Ar196"/>
				<integer name="Country" value="5"/>
				<integer name="Crew" value="1600"/>
				<float name="CriticalCareen" value="37."/>
				<float name="CriticalDFT" value="2.2"/>
				<float name="CriticalDifferent" value="2.5"/>
				<float name="DisplacementMax" value="18500."/>
				<float name="DTimeProd" value="100."/>
				<float name="EPR" value="400."/>
				<float name="FireRisk" value="1467."/>
				<float name="Fuel" value="3050."/>
				<float name="HLShapeCoef" value="0.6"/>
				<integer name="HullArmorSide" value="152"/>
				<integer name="HullArmorTop" value="130"/>
				<float name="Iron" value="18500."/>
				<integer name="Length" value="205"/>
				<float name="MaxSpeed" value="32.5"/>
				<integer name="MinCrew" value="800"/>
				<float name="Money" value="22000."/>
				<string name="Name" value="Hipper"/>
				<boolean name="New" value="false"/>
				<float name="NTimeProd" value="250."/>
				<integer name="Nuc_Dest_Prob" value="250"/>
				<integer name="Passengers" value="50"/>
				<boolean name="PlanesTransportationAbility" value="false"/>
				<float name="Range" value="12038."/>
				<integer name="Rank" value="2"/>
				<string name="SMU" value="Hipper"/>
				<float name="Speed" value="20."/>
				<float name="StoreCapacity" value="700."/>
				<boolean name="Transportable" value="false"/>
				<float name="TurnRate" value="1.5e-003"/>
				<integer name="Type" value="2"/>
				<float name="Vitality" value="7000."/>
				<float name="VitalityAA" value="1000."/>
				<float name="Weight" value="14475."/>
				<integer name="Width" value="21.3"/>
				<integer name="Year" value="39"/>
			</object>
		</object>
		<object name="ShipsNames">
			<object name="Hipper">
				<string name="1" value="Admiral Hipper"/>
			</object>
		</object>
		<object name="UnitsByType">
			<object name="2">
				<object name="Hipper">
					<string name="ChildTable" value="Ships"/>
				</object>
			</object>
		</object>
	</object>
</root>
