﻿<?xml version="1.0" standalone="yes" ?>
<root>
	<object name="SteelMonstersParams">
		<object name="Hit_Location">
			<object name="R1260">
				<integer name="Country" value="3"/>
				<float name="ER" value="500."/>
				<string name="Hull" value="Nelson_EUUpperDeck"/>
				<string name="Name" value="Stern3_LowerDeck"/>
				<string name="TypHL" value="Hull"/>
				<string name="UnitName" value="Rodney"/>
			</object>
			<object name="R1261">
				<integer name="Country" value="3"/>
				<float name="ER" value="500."/>
				<string name="Hull" value="Nelson_Tiller"/>
				<string name="Name" value="Tiller"/>
				<string name="TypHL" value="Hull"/>
				<string name="UnitName" value="Rodney"/>
			</object>
			<object name="R1262">
				<integer name="Country" value="3"/>
				<float name="ER" value="600."/>
				<string name="Hull" value="Nelson_ArmourDeckEU"/>
				<string name="Name" value="Stern3_UpperDeck"/>
				<string name="TypHL" value="Hull"/>
				<string name="UnitName" value="Rodney"/>
			</object>
			<object name="R1263">
				<integer name="Country" value="3"/>
				<float name="ER" value="700."/>
				<string name="Hull" value="Nelson_Barbet"/>
				<string name="Name" value="Barbet1"/>
				<string name="TypHL" value="Hull"/>
				<string name="UnitName" value="Rodney"/>
			</object>
			<object name="R1264">
				<integer name="Country" value="3"/>
				<float name="ER" value="700."/>
				<string name="Hull" value="Nelson_Barbet"/>
				<string name="Name" value="Barbet2"/>
				<string name="TypHL" value="Hull"/>
				<string name="UnitName" value="Rodney"/>
			</object>
			<object name="R1265">
				<integer name="Country" value="3"/>
				<float name="ER" value="700."/>
				<string name="Hull" value="Nelson_Barbet"/>
				<string name="Name" value="Barbet3"/>
				<string name="TypHL" value="Hull"/>
				<string name="UnitName" value="Rodney"/>
			</object>
			<object name="R1266">
				<integer name="Country" value="3"/>
				<float name="ER" value="550."/>
				<string name="Hull" value="Nelson_BattleCabine"/>
				<string name="Name" value="BattleCabin"/>
				<string name="TypHL" value="Probe"/>
				<string name="UnitName" value="Rodney"/>
			</object>
			<object name="R1267">
				<integer name="Country" value="3"/>
				<float name="ER" value="500."/>
				<string name="Hull" value="Std_Probe"/>
				<string name="Name" value="Probe_AA_Bow"/>
				<string name="TypHL" value="Probe"/>
				<string name="UnitName" value="Rodney"/>
			</object>
			<object name="R1268">
				<integer name="Country" value="3"/>
				<float name="ER" value="500."/>
				<string name="Hull" value="Std_Probe"/>
				<string name="Name" value="Probe_AA_Stern"/>
				<string name="TypHL" value="Probe"/>
				<string name="UnitName" value="Rodney"/>
			</object>
			<object name="R1269">
				<string name="ConnectName" value="Middle4_Engine"/>
				<integer name="Country" value="3"/>
				<float name="ER" value="500."/>
				<string name="Hull" value="Std_Mover"/>
				<string name="Name" value="Mover3"/>
				<string name="TypHL" value="Mover"/>
				<string name="UnitName" value="Rodney"/>
			</object>
			<object name="R1270">
				<string name="ConnectName" value="Middle5_Engine"/>
				<integer name="Country" value="3"/>
				<float name="ER" value="500."/>
				<string name="Hull" value="Std_Mover"/>
				<string name="Name" value="Mover4"/>
				<string name="TypHL" value="Mover"/>
				<string name="UnitName" value="Rodney"/>
			</object>
			<object name="R1271">
				<string name="ConnectName" value="Middle3_Engine"/>
				<integer name="Country" value="3"/>
				<float name="ER" value="500."/>
				<string name="Hull" value="Std_Mover"/>
				<string name="Name" value="Mover2"/>
				<string name="TypHL" value="Mover"/>
				<string name="UnitName" value="Rodney"/>
			</object>
			<object name="R1272">
				<string name="ConnectName" value="Middle2_Engine"/>
				<integer name="Country" value="3"/>
				<float name="ER" value="500."/>
				<string name="Hull" value="Std_Mover"/>
				<string name="Name" value="Mover1"/>
				<string name="TypHL" value="Mover"/>
				<string name="UnitName" value="Rodney"/>
			</object>
			<object name="R1273">
				<string name="ConnectName" value="Tiller;"/>
				<integer name="Country" value="3"/>
				<float name="ER" value="500."/>
				<string name="Hull" value="Std_Rudder"/>
				<string name="Name" value="Rudder"/>
				<string name="TypHL" value="Rudder"/>
				<string name="UnitName" value="Rodney"/>
			</object>
			<object name="R1275">
				<integer name="Country" value="3"/>
				<float name="ER" value="500."/>
				<string name="Hull" value="Nelson_LAMP"/>
				<string name="Name" value="Bow3_LAMP"/>
				<string name="TypHL" value="Hull"/>
				<string name="UnitName" value="Rodney"/>
			</object>
			<object name="R1276">
				<integer name="Country" value="3"/>
				<float name="ER" value="700."/>
				<string name="Hull" value="Nelson_LASBelt_Lower"/>
				<string name="Name" value="Bow3_LLowerBelt"/>
				<string name="TypHL" value="Hull"/>
				<string name="UnitName" value="Rodney"/>
			</object>
			<object name="R1277">
				<integer name="Country" value="3"/>
				<float name="ER" value="700."/>
				<string name="Hull" value="Nelson_LASBelt_Upper"/>
				<string name="Name" value="Bow3_LUpperBelt"/>
				<string name="TypHL" value="Hull"/>
				<string name="UnitName" value="Rodney"/>
			</object>
			<object name="R1278">
				<integer name="Country" value="3"/>
				<float name="ER" value="500."/>
				<string name="Hull" value="Nelson_RAMP"/>
				<string name="Name" value="Bow3_RAMP"/>
				<string name="TypHL" value="Hull"/>
				<string name="UnitName" value="Rodney"/>
			</object>
			<object name="R1279">
				<integer name="Country" value="3"/>
				<float name="ER" value="700."/>
				<string name="Hull" value="Nelson_RASBelt_Lower"/>
				<string name="Name" value="Bow3_RLowerBelt"/>
				<string name="TypHL" value="Hull"/>
				<string name="UnitName" value="Rodney"/>
			</object>
			<object name="R1280">
				<integer name="Country" value="3"/>
				<float name="ER" value="700."/>
				<string name="Hull" value="Nelson_RASBelt_Upper"/>
				<string name="Name" value="Bow3_RUpperBelt"/>
				<string name="TypHL" value="Hull"/>
				<string name="UnitName" value="Rodney"/>
			</object>
			<object name="R1281">
				<integer name="Country" value="3"/>
				<float name="ER" value="500."/>
				<string name="Hull" value="Nelson_Bottom"/>
				<string name="Name" value="Bow3_RBottom"/>
				<string name="TypHL" value="Hull"/>
				<string name="UnitName" value="Rodney"/>
			</object>
			<object name="R1282">
				<integer name="Country" value="3"/>
				<float name="ER" value="500."/>
				<string name="Hull" value="Nelson_Bottom"/>
				<string name="Name" value="Bow3_LBottom"/>
				<string name="TypHL" value="Hull"/>
				<string name="UnitName" value="Rodney"/>
			</object>
			<object name="R1283">
				<integer name="Country" value="3"/>
				<float name="ER" value="600."/>
				<string name="Hull" value="Nelson_ArmourDeckEU"/>
				<string name="Name" value="Bow3_UpperDeck"/>
				<string name="TypHL" value="Hull"/>
				<string name="UnitName" value="Rodney"/>
			</object>
			<object name="R1284">
				<integer name="Country" value="3"/>
				<float name="ER" value="600."/>
				<string name="Hull" value="Nelson_ArmourDeckAS"/>
				<string name="Name" value="Bow3_MiddleDeck"/>
				<string name="TypHL" value="Hull"/>
				<string name="UnitName" value="Rodney"/>
			</object>
			<object name="R1285">
				<integer name="Country" value="3"/>
				<float name="ER" value="500."/>
				<string name="Hull" value="Nelson_EUUpperDeck"/>
				<string name="Name" value="Bow3_LowerDeck1"/>
				<string name="TypHL" value="Hull"/>
				<string name="UnitName" value="Rodney"/>
			</object>
			<object name="R1286">
				<integer name="Country" value="3"/>
				<float name="ER" value="500."/>
				<string name="Hull" value="Nelson_AS_T2"/>
				<string name="Name" value="AmmoStore_2_2"/>
				<string name="TypHL" value="AmmoStore"/>
				<string name="UnitName" value="Rodney"/>
			</object>
			<object name="R1287">
				<integer name="Country" value="3"/>
				<float name="ER" value="500."/>
				<string name="Hull" value="Nelson_AS_T1"/>
				<string name="Name" value="AmmoStore_2_1"/>
				<string name="TypHL" value="AmmoStore"/>
				<string name="UnitName" value="Rodney"/>
			</object>
			<object name="R1288">
				<integer name="Country" value="3"/>
				<float name="ER" value="500."/>
				<string name="Hull" value="Nelson_AS_T2"/>
				<string name="Name" value="AmmoStore_1_2"/>
				<string name="TypHL" value="AmmoStore"/>
				<string name="UnitName" value="Rodney"/>
			</object>
			<object name="R1289">
				<integer name="Country" value="3"/>
				<float name="ER" value="500."/>
				<string name="Hull" value="Nelson_AS_T1"/>
				<string name="Name" value="AmmoStore_1_1"/>
				<string name="TypHL" value="AmmoStore"/>
				<string name="UnitName" value="Rodney"/>
			</object>
			<object name="R1291">
				<integer name="Country" value="3"/>
				<float name="ER" value="600."/>
				<string name="Hull" value="Nelson_ArmourDeckEU"/>
				<string name="Name" value="Stern2_UpperDeck"/>
				<string name="TypHL" value="Hull"/>
				<string name="UnitName" value="Rodney"/>
			</object>
			<object name="R1292">
				<integer name="Country" value="3"/>
				<float name="ER" value="500."/>
				<string name="Hull" value="Nelson_Bottom"/>
				<string name="Name" value="Stern1_RBottom"/>
				<string name="TypHL" value="Hull"/>
				<string name="UnitName" value="Rodney"/>
			</object>
			<object name="R1293">
				<integer name="Country" value="3"/>
				<float name="ER" value="500."/>
				<string name="Hull" value="Nelson_Bottom"/>
				<string name="Name" value="Stern1_LBottom"/>
				<string name="TypHL" value="Hull"/>
				<string name="UnitName" value="Rodney"/>
			</object>
			<object name="R1294">
				<integer name="Country" value="3"/>
				<float name="ER" value="500."/>
				<string name="Hull" value="Nelson_RAMP"/>
				<string name="Name" value="Stern1_RAMP"/>
				<string name="TypHL" value="Hull"/>
				<string name="UnitName" value="Rodney"/>
			</object>
			<object name="R1295">
				<integer name="Country" value="3"/>
				<float name="ER" value="500."/>
				<string name="Hull" value="Nelson_LAMP"/>
				<string name="Name" value="Stern1_LAMP"/>
				<string name="TypHL" value="Hull"/>
				<string name="UnitName" value="Rodney"/>
			</object>
			<object name="R1296">
				<integer name="Country" value="3"/>
				<float name="ER" value="700."/>
				<string name="Hull" value="Nelson_LASBelt_Upper"/>
				<string name="Name" value="Stern1_LUpperBelt"/>
				<string name="TypHL" value="Hull"/>
				<string name="UnitName" value="Rodney"/>
			</object>
			<object name="R1297">
				<integer name="Country" value="3"/>
				<float name="ER" value="600."/>
				<string name="Hull" value="Nelson_EUUpperDeck"/>
				<string name="Name" value="Stern1_LowerDeck"/>
				<string name="TypHL" value="Hull"/>
				<string name="UnitName" value="Rodney"/>
			</object>
			<object name="R1298">
				<integer name="Country" value="3"/>
				<float name="ER" value="500."/>
				<string name="Hull" value="Nelson_AS_T1"/>
				<string name="Name" value="AmmoStore_3_1"/>
				<string name="TypHL" value="AmmoStore"/>
				<string name="UnitName" value="Rodney"/>
			</object>
			<object name="R1299">
				<integer name="Country" value="3"/>
				<float name="ER" value="500."/>
				<string name="Hull" value="Nelson_AS_T2"/>
				<string name="Name" value="AmmoStore_3_2"/>
				<string name="TypHL" value="AmmoStore"/>
				<string name="UnitName" value="Rodney"/>
			</object>
			<object name="R1300">
				<integer name="Country" value="3"/>
				<float name="ER" value="700."/>
				<string name="Hull" value="Nelson_RASBelt_Lower"/>
				<string name="Name" value="Stern1_RLowerBelt"/>
				<string name="TypHL" value="Hull"/>
				<string name="UnitName" value="Rodney"/>
			</object>
			<object name="R1301">
				<integer name="Country" value="3"/>
				<float name="ER" value="700."/>
				<string name="Hull" value="Nelson_RASBelt_Upper"/>
				<string name="Name" value="Stern1_RUpperBelt"/>
				<string name="TypHL" value="Hull"/>
				<string name="UnitName" value="Rodney"/>
			</object>
			<object name="R1302">
				<integer name="Country" value="3"/>
				<float name="ER" value="600."/>
				<string name="Hull" value="Nelson_ArmourDeckEU"/>
				<string name="Name" value="Stern1_UpperDeck"/>
				<string name="TypHL" value="Hull"/>
				<string name="UnitName" value="Rodney"/>
			</object>
			<object name="R1303">
				<integer name="Country" value="3"/>
				<float name="ER" value="600."/>
				<string name="Hull" value="Nelson_ArmourDeckAS"/>
				<string name="Name" value="Stern1_MiddleDeck"/>
				<string name="TypHL" value="Hull"/>
				<string name="UnitName" value="Rodney"/>
			</object>
			<object name="R1304">
				<integer name="Country" value="3"/>
				<float name="ER" value="500."/>
				<string name="Hull" value="Std_Probe"/>
				<string name="Name" value="Probe_MG_Stern"/>
				<string name="TypHL" value="Probe"/>
				<string name="UnitName" value="Rodney"/>
			</object>
			<object name="R1306">
				<integer name="Country" value="3"/>
				<float name="ER" value="500."/>
				<string name="Hull" value="Nelson_EUUpperDeck"/>
				<string name="Name" value="Middle5_LLowerDeck"/>
				<string name="TypHL" value="Hull"/>
				<string name="UnitName" value="Rodney"/>
			</object>
			<object name="R1307">
				<integer name="Country" value="3"/>
				<float name="ER" value="700."/>
				<string name="Hull" value="Nelson_ArmourDeckEU"/>
				<string name="Name" value="Middle5_REngineDeck"/>
				<string name="TypHL" value="Hull"/>
				<string name="UnitName" value="Rodney"/>
			</object>
			<object name="R1308">
				<string name="ConnectName" value="Middle2_Boiler;Middle3_Boiler;Middle4_Boiler;Middle5_Boiler"/>
				<integer name="Country" value="3"/>
				<float name="ER" value="500."/>
				<string name="Hull" value="Std_Engine"/>
				<string name="Name" value="Middle5_Engine"/>
				<string name="TypHL" value="Engine"/>
				<string name="UnitName" value="Rodney"/>
			</object>
			<object name="R1309">
				<integer name="Country" value="3"/>
				<float name="ER" value="500."/>
				<string name="Hull" value="Nelson_EUUpperDeck"/>
				<string name="Name" value="Middle5_RLowerDeck"/>
				<string name="TypHL" value="Hull"/>
				<string name="UnitName" value="Rodney"/>
			</object>
			<object name="R1310">
				<integer name="Country" value="3"/>
				<float name="ER" value="600."/>
				<string name="Hull" value="Nelson_ArmourDeckEU"/>
				<string name="Name" value="Middle5_RMiddleDeck"/>
				<string name="TypHL" value="Hull"/>
				<string name="UnitName" value="Rodney"/>
			</object>
			<object name="R1311">
				<integer name="Country" value="3"/>
				<float name="ER" value="500."/>
				<string name="Hull" value="Nelson_EUUpperDeck"/>
				<string name="Name" value="Middle5_UpperDeck"/>
				<string name="TypHL" value="Hull"/>
				<string name="UnitName" value="Rodney"/>
			</object>
			<object name="R1312">
				<integer name="Country" value="3"/>
				<float name="ER" value="600."/>
				<string name="Hull" value="Nelson_ArmourDeckEU"/>
				<string name="Name" value="Middle5_LEngineDeck"/>
				<string name="TypHL" value="Hull"/>
				<string name="UnitName" value="Rodney"/>
			</object>
			<object name="R1313">
				<integer name="Country" value="3"/>
				<float name="ER" value="500."/>
				<string name="Hull" value="Std_Boiler"/>
				<string name="Name" value="Middle5_Boiler"/>
				<string name="TypHL" value="Boiler"/>
				<string name="UnitName" value="Rodney"/>
			</object>
			<object name="R1314">
				<integer name="Country" value="3"/>
				<float name="ER" value="600."/>
				<string name="Hull" value="Nelson_ArmourDeckEU"/>
				<string name="Name" value="Middle5_Middle2Deck"/>
				<string name="TypHL" value="Hull"/>
				<string name="UnitName" value="Rodney"/>
			</object>
			<object name="R1315">
				<integer name="Country" value="3"/>
				<float name="ER" value="600."/>
				<string name="Hull" value="Nelson_ArmourDeckEU"/>
				<string name="Name" value="Middle5_LMiddleDeck"/>
				<string name="TypHL" value="Hull"/>
				<string name="UnitName" value="Rodney"/>
			</object>
			<object name="R1316">
				<integer name="Country" value="3"/>
				<float name="ER" value="500."/>
				<string name="Hull" value="Nelson_Bottom"/>
				<string name="Name" value="Middle5_RBottom"/>
				<string name="TypHL" value="FuelTank"/>
				<string name="UnitName" value="Rodney"/>
			</object>
			<object name="R1317">
				<integer name="Country" value="3"/>
				<float name="ER" value="500."/>
				<string name="Hull" value="Nelson_LAMP"/>
				<string name="Name" value="Middle5_LAMP"/>
				<string name="TypHL" value="Hull"/>
				<string name="UnitName" value="Rodney"/>
			</object>
			<object name="R1318">
				<integer name="Country" value="3"/>
				<float name="ER" value="500."/>
				<string name="Hull" value="Nelson_Bottom"/>
				<string name="Name" value="Middle5_LBottom"/>
				<string name="TypHL" value="FuelTank"/>
				<string name="UnitName" value="Rodney"/>
			</object>
			<object name="R1319">
				<integer name="Country" value="3"/>
				<float name="ER" value="500."/>
				<string name="Hull" value="Nelson_RAMP"/>
				<string name="Name" value="Middle5_RAMP"/>
				<string name="TypHL" value="Hull"/>
				<string name="UnitName" value="Rodney"/>
			</object>
			<object name="R1320">
				<integer name="Country" value="3"/>
				<float name="ER" value="700."/>
				<string name="Hull" value="Nelson_LEUBelt_Lower"/>
				<string name="Name" value="Middle5_LLowerBelt"/>
				<string name="TypHL" value="Hull"/>
				<string name="UnitName" value="Rodney"/>
			</object>
			<object name="R1321">
				<integer name="Country" value="3"/>
				<float name="ER" value="700."/>
				<string name="Hull" value="Nelson_REUBelt_Lower"/>
				<string name="Name" value="Middle5_RLowerBelt"/>
				<string name="TypHL" value="Hull"/>
				<string name="UnitName" value="Rodney"/>
			</object>
			<object name="R1322">
				<integer name="Country" value="3"/>
				<float name="ER" value="700."/>
				<string name="Hull" value="Nelson_REUBelt_Upper"/>
				<string name="Name" value="Middle5_RUpperBelt"/>
				<string name="TypHL" value="Hull"/>
				<string name="UnitName" value="Rodney"/>
			</object>
			<object name="R1323">
				<integer name="Country" value="3"/>
				<float name="ER" value="700."/>
				<string name="Hull" value="Nelson_LEUBelt_Upper"/>
				<string name="Name" value="Middle5_LUpperBelt"/>
				<string name="TypHL" value="Hull"/>
				<string name="UnitName" value="Rodney"/>
			</object>
			<object name="R1325">
				<integer name="Country" value="3"/>
				<float name="ER" value="500."/>
				<string name="Hull" value="Nelson_EUUpperDeck"/>
				<string name="Name" value="Middle4_LLowerDeck"/>
				<string name="TypHL" value="Hull"/>
				<string name="UnitName" value="Rodney"/>
			</object>
			<object name="R1326">
				<integer name="Country" value="3"/>
				<float name="ER" value="600."/>
				<string name="Hull" value="Nelson_ArmourDeckEU"/>
				<string name="Name" value="Middle4_LEngineDeck"/>
				<string name="TypHL" value="Hull"/>
				<string name="UnitName" value="Rodney"/>
			</object>
			<object name="R1327">
				<string name="ConnectName" value="Middle2_Boiler;Middle3_Boiler;Middle4_Boiler;Middle5_Boiler"/>
				<integer name="Country" value="3"/>
				<float name="ER" value="500."/>
				<string name="Hull" value="Std_Engine"/>
				<string name="Name" value="Middle4_Engine"/>
				<string name="TypHL" value="Engine"/>
				<string name="UnitName" value="Rodney"/>
			</object>
			<object name="R1328">
				<integer name="Country" value="3"/>
				<float name="ER" value="600."/>
				<string name="Hull" value="Nelson_ArmourDeckEU"/>
				<string name="Name" value="Middle4_REngineDeck"/>
				<string name="TypHL" value="Hull"/>
				<string name="UnitName" value="Rodney"/>
			</object>
			<object name="R1329">
				<integer name="Country" value="3"/>
				<float name="ER" value="500."/>
				<string name="Hull" value="Std_Boiler"/>
				<string name="Name" value="Middle4_Boiler"/>
				<string name="TypHL" value="Boiler"/>
				<string name="UnitName" value="Rodney"/>
			</object>
			<object name="R1330">
				<integer name="Country" value="3"/>
				<float name="ER" value="500."/>
				<string name="Hull" value="Nelson_EUUpperDeck"/>
				<string name="Name" value="Middle4_RLowerDeck"/>
				<string name="TypHL" value="Hull"/>
				<string name="UnitName" value="Rodney"/>
			</object>
			<object name="R1331">
				<integer name="Country" value="3"/>
				<float name="ER" value="600."/>
				<string name="Hull" value="Nelson_ArmourDeckEU"/>
				<string name="Name" value="Middle4_Middle2Deck"/>
				<string name="TypHL" value="Hull"/>
				<string name="UnitName" value="Rodney"/>
			</object>
			<object name="R1332">
				<integer name="Country" value="3"/>
				<float name="ER" value="500."/>
				<string name="Hull" value="Nelson_EUUpperDeck"/>
				<string name="Name" value="Middle4_UpperDeck"/>
				<string name="TypHL" value="Hull"/>
				<string name="UnitName" value="Rodney"/>
			</object>
			<object name="R1333">
				<integer name="Country" value="3"/>
				<float name="ER" value="600."/>
				<string name="Hull" value="Nelson_ArmourDeckEU"/>
				<string name="Name" value="Middle4_LMiddleDeck"/>
				<string name="TypHL" value="Hull"/>
				<string name="UnitName" value="Rodney"/>
			</object>
			<object name="R1334">
				<integer name="Country" value="3"/>
				<float name="ER" value="600."/>
				<string name="Hull" value="Nelson_ArmourDeckEU"/>
				<string name="Name" value="Middle4_RMiddleDeck"/>
				<string name="TypHL" value="Hull"/>
				<string name="UnitName" value="Rodney"/>
			</object>
			<object name="R1335">
				<integer name="Country" value="3"/>
				<float name="ER" value="500."/>
				<string name="Hull" value="Nelson_Bottom"/>
				<string name="Name" value="Middle4_RBottom"/>
				<string name="TypHL" value="FuelTank"/>
				<string name="UnitName" value="Rodney"/>
			</object>
			<object name="R1336">
				<integer name="Country" value="3"/>
				<float name="ER" value="500."/>
				<string name="Hull" value="Nelson_Bottom"/>
				<string name="Name" value="Middle4_LBottom"/>
				<string name="TypHL" value="FuelTank"/>
				<string name="UnitName" value="Rodney"/>
			</object>
			<object name="R1337">
				<integer name="Country" value="3"/>
				<float name="ER" value="500."/>
				<string name="Hull" value="Nelson_RAMP"/>
				<string name="Name" value="Middle4_RAMP"/>
				<string name="TypHL" value="Hull"/>
				<string name="UnitName" value="Rodney"/>
			</object>
			<object name="R1338">
				<integer name="Country" value="3"/>
				<float name="ER" value="500."/>
				<string name="Hull" value="Nelson_LAMP"/>
				<string name="Name" value="Middle4_LAMP"/>
				<string name="TypHL" value="Hull"/>
				<string name="UnitName" value="Rodney"/>
			</object>
			<object name="R1339">
				<integer name="Country" value="3"/>
				<float name="ER" value="700."/>
				<string name="Hull" value="Nelson_LEUBelt_Lower"/>
				<string name="Name" value="Middle4_LLowerBelt"/>
				<string name="TypHL" value="Hull"/>
				<string name="UnitName" value="Rodney"/>
			</object>
			<object name="R1340">
				<integer name="Country" value="3"/>
				<float name="ER" value="700."/>
				<string name="Hull" value="Nelson_REUBelt_Upper"/>
				<string name="Name" value="Middle4_RUpperBelt"/>
				<string name="TypHL" value="Hull"/>
				<string name="UnitName" value="Rodney"/>
			</object>
			<object name="R1341">
				<integer name="Country" value="3"/>
				<float name="ER" value="700."/>
				<string name="Hull" value="Nelson_REUBelt_Lower"/>
				<string name="Name" value="Middle4_RLowerBelt"/>
				<string name="TypHL" value="Hull"/>
				<string name="UnitName" value="Rodney"/>
			</object>
			<object name="R1342">
				<integer name="Country" value="3"/>
				<float name="ER" value="700."/>
				<string name="Hull" value="Nelson_LEUBelt_Upper"/>
				<string name="Name" value="Middle4_LUpperBelt"/>
				<string name="TypHL" value="Hull"/>
				<string name="UnitName" value="Rodney"/>
			</object>
			<object name="R1344">
				<integer name="Country" value="3"/>
				<float name="ER" value="600."/>
				<string name="Hull" value="Nelson_ArmourDeckEU"/>
				<string name="Name" value="Middle3_LEngineDeck"/>
				<string name="TypHL" value="Hull"/>
				<string name="UnitName" value="Rodney"/>
			</object>
			<object name="R1345">
				<integer name="Country" value="3"/>
				<float name="ER" value="500."/>
				<string name="Hull" value="Std_Boiler"/>
				<string name="Name" value="Middle3_Boiler"/>
				<string name="TypHL" value="Boiler"/>
				<string name="UnitName" value="Rodney"/>
			</object>
			<object name="R1346">
				<integer name="Country" value="3"/>
				<float name="ER" value="600."/>
				<string name="Hull" value="Nelson_ArmourDeckEU"/>
				<string name="Name" value="Middle3_REngineDeck"/>
				<string name="TypHL" value="Hull"/>
				<string name="UnitName" value="Rodney"/>
			</object>
			<object name="R1347">
				<string name="ConnectName" value="Middle2_Boiler;Middle3_Boiler;Middle4_Boiler;Middle5_Boiler;"/>
				<integer name="Country" value="3"/>
				<float name="ER" value="500."/>
				<string name="Hull" value="Std_Engine"/>
				<string name="Name" value="Middle3_Engine"/>
				<string name="TypHL" value="Engine"/>
				<string name="UnitName" value="Rodney"/>
			</object>
			<object name="R1348">
				<integer name="Country" value="3"/>
				<float name="ER" value="500."/>
				<string name="Hull" value="Nelson_EUUpperDeck"/>
				<string name="Name" value="Middle3_LLowerDeck"/>
				<string name="TypHL" value="Hull"/>
				<string name="UnitName" value="Rodney"/>
			</object>
			<object name="R1349">
				<integer name="Country" value="3"/>
				<float name="ER" value="500."/>
				<string name="Hull" value="Nelson_EUUpperDeck"/>
				<string name="Name" value="Middle3_RLowerDeck"/>
				<string name="TypHL" value="Hull"/>
				<string name="UnitName" value="Rodney"/>
			</object>
			<object name="R1350">
				<integer name="Country" value="3"/>
				<float name="ER" value="600."/>
				<string name="Hull" value="Nelson_ArmourDeckEU"/>
				<string name="Name" value="Middle3_RMiddleDeck"/>
				<string name="TypHL" value="Hull"/>
				<string name="UnitName" value="Rodney"/>
			</object>
			<object name="R1351">
				<integer name="Country" value="3"/>
				<float name="ER" value="600."/>
				<string name="Hull" value="Nelson_ArmourDeckEU"/>
				<string name="Name" value="Middle3_LMiddleDeck"/>
				<string name="TypHL" value="Hull"/>
				<string name="UnitName" value="Rodney"/>
			</object>
			<object name="R1352">
				<integer name="Country" value="3"/>
				<float name="ER" value="600."/>
				<string name="Hull" value="Nelson_ArmourDeckEU"/>
				<string name="Name" value="Middle3_Middle2Deck"/>
				<string name="TypHL" value="Hull"/>
				<string name="UnitName" value="Rodney"/>
			</object>
			<object name="R1353">
				<integer name="Country" value="3"/>
				<float name="ER" value="500."/>
				<string name="Hull" value="Nelson_EUUpperDeck"/>
				<string name="Name" value="Middle3_UpperDeck"/>
				<string name="TypHL" value="Hull"/>
				<string name="UnitName" value="Rodney"/>
			</object>
			<object name="R1354">
				<integer name="Country" value="3"/>
				<float name="ER" value="500."/>
				<string name="Hull" value="Nelson_Bottom"/>
				<string name="Name" value="Middle3_LBottom"/>
				<string name="TypHL" value="FuelTank"/>
				<string name="UnitName" value="Rodney"/>
			</object>
			<object name="R1355">
				<integer name="Country" value="3"/>
				<float name="ER" value="500."/>
				<string name="Hull" value="Nelson_Bottom"/>
				<string name="Name" value="Middle3_RBottom"/>
				<string name="TypHL" value="FuelTank"/>
				<string name="UnitName" value="Rodney"/>
			</object>
			<object name="R1356">
				<integer name="Country" value="3"/>
				<float name="ER" value="500."/>
				<string name="Hull" value="Nelson_RAMP"/>
				<string name="Name" value="Middle3_RAMP"/>
				<string name="TypHL" value="Hull"/>
				<string name="UnitName" value="Rodney"/>
			</object>
			<object name="R1357">
				<integer name="Country" value="3"/>
				<float name="ER" value="700."/>
				<string name="Hull" value="Nelson_LEUBelt_Upper"/>
				<string name="Name" value="Middle3_LUpperBelt"/>
				<string name="TypHL" value="Hull"/>
				<string name="UnitName" value="Rodney"/>
			</object>
			<object name="R1358">
				<integer name="Country" value="3"/>
				<float name="ER" value="500."/>
				<string name="Hull" value="Nelson_RAMP"/>
				<string name="Name" value="Middle3_LAMP"/>
				<string name="TypHL" value="Hull"/>
				<string name="UnitName" value="Rodney"/>
			</object>
			<object name="R1359">
				<integer name="Country" value="3"/>
				<float name="ER" value="700."/>
				<string name="Hull" value="Nelson_LEUBelt_Lower"/>
				<string name="Name" value="Middle3_LLowerBelt"/>
				<string name="TypHL" value="Hull"/>
				<string name="UnitName" value="Rodney"/>
			</object>
			<object name="R1360">
				<integer name="Country" value="3"/>
				<float name="ER" value="700."/>
				<string name="Hull" value="Nelson_REUBelt_Lower"/>
				<string name="Name" value="Middle3_RLowerBelt"/>
				<string name="TypHL" value="Hull"/>
				<string name="UnitName" value="Rodney"/>
			</object>
			<object name="R1361">
				<integer name="Country" value="3"/>
				<float name="ER" value="700."/>
				<string name="Hull" value="Nelson_REUBelt_Upper"/>
				<string name="Name" value="Middle3_RUpperBelt"/>
				<string name="TypHL" value="Hull"/>
				<string name="UnitName" value="Rodney"/>
			</object>
			<object name="R1363">
				<integer name="Country" value="3"/>
				<float name="ER" value="600."/>
				<string name="Hull" value="Nelson_ArmourDeckEU"/>
				<string name="Name" value="Middle2_LMiddleDeck"/>
				<string name="TypHL" value="Hull"/>
				<string name="UnitName" value="Rodney"/>
			</object>
			<object name="R1364">
				<integer name="Country" value="3"/>
				<float name="ER" value="600."/>
				<string name="Hull" value="Nelson_ArmourDeckEU"/>
				<string name="Name" value="Middle2_Middle2Deck"/>
				<string name="TypHL" value="Hull"/>
				<string name="UnitName" value="Rodney"/>
			</object>
			<object name="R1365">
				<integer name="Country" value="3"/>
				<float name="ER" value="500."/>
				<string name="Hull" value="Nelson_EUUpperDeck"/>
				<string name="Name" value="Middle2_UpperDeck"/>
				<string name="TypHL" value="Hull"/>
				<string name="UnitName" value="Rodney"/>
			</object>
			<object name="R1366">
				<integer name="Country" value="3"/>
				<float name="ER" value="600."/>
				<string name="Hull" value="Nelson_ArmourDeckEU"/>
				<string name="Name" value="Middle2_RMiddleDeck"/>
				<string name="TypHL" value="Hull"/>
				<string name="UnitName" value="Rodney"/>
			</object>
			<object name="R1367">
				<integer name="Country" value="3"/>
				<float name="ER" value="500."/>
				<string name="Hull" value="Nelson_EUUpperDeck"/>
				<string name="Name" value="Middle2_LLowerDeck"/>
				<string name="TypHL" value="Hull"/>
				<string name="UnitName" value="Rodney"/>
			</object>
			<object name="R1368">
				<integer name="Country" value="3"/>
				<float name="ER" value="600."/>
				<string name="Hull" value="Nelson_ArmourDeckEU"/>
				<string name="Name" value="Middle2_REngineDeck"/>
				<string name="TypHL" value="Hull"/>
				<string name="UnitName" value="Rodney"/>
			</object>
			<object name="R1369">
				<integer name="Country" value="3"/>
				<float name="ER" value="500."/>
				<string name="Hull" value="Std_Boiler"/>
				<string name="Name" value="Middle2_Boiler"/>
				<string name="TypHL" value="Boiler"/>
				<string name="UnitName" value="Rodney"/>
			</object>
			<object name="R1370">
				<integer name="Country" value="3"/>
				<float name="ER" value="600."/>
				<string name="Hull" value="Nelson_ArmourDeckEU"/>
				<string name="Name" value="Middle2_LEngineDeck"/>
				<string name="TypHL" value="Hull"/>
				<string name="UnitName" value="Rodney"/>
			</object>
			<object name="R1371">
				<string name="ConnectName" value="Middle2_Boiler;Middle3_Boiler;Middle4_Boiler;Middle5_Boiler"/>
				<integer name="Country" value="3"/>
				<float name="ER" value="500."/>
				<string name="Hull" value="Std_Engine"/>
				<string name="Name" value="Middle2_Engine"/>
				<string name="TypHL" value="Engine"/>
				<string name="UnitName" value="Rodney"/>
			</object>
			<object name="R1372">
				<integer name="Country" value="3"/>
				<float name="ER" value="500."/>
				<string name="Hull" value="Nelson_EUUpperDeck"/>
				<string name="Name" value="Middle2_RLowerDeck"/>
				<string name="TypHL" value="Hull"/>
				<string name="UnitName" value="Rodney"/>
			</object>
			<object name="R1373">
				<integer name="Country" value="3"/>
				<float name="ER" value="700."/>
				<string name="Hull" value="Nelson_LEUBelt_Upper"/>
				<string name="Name" value="Middle2_LUpperBelt"/>
				<string name="TypHL" value="Hull"/>
				<string name="UnitName" value="Rodney"/>
			</object>
			<object name="R1374">
				<integer name="Country" value="3"/>
				<float name="ER" value="500."/>
				<string name="Hull" value="Nelson_LAMP"/>
				<string name="Name" value="Middle2_LAMP"/>
				<string name="TypHL" value="Hull"/>
				<string name="UnitName" value="Rodney"/>
			</object>
			<object name="R1375">
				<integer name="Country" value="3"/>
				<float name="ER" value="700."/>
				<string name="Hull" value="Nelson_LEUBelt_Lower"/>
				<string name="Name" value="Middle2_LLowerBelt"/>
				<string name="TypHL" value="Hull"/>
				<string name="UnitName" value="Rodney"/>
			</object>
			<object name="R1376">
				<integer name="Country" value="3"/>
				<float name="ER" value="700."/>
				<string name="Hull" value="Nelson_REUBelt_Upper"/>
				<string name="Name" value="Middle2_RUpperBelt"/>
				<string name="TypHL" value="Hull"/>
				<string name="UnitName" value="Rodney"/>
			</object>
			<object name="R1377">
				<integer name="Country" value="3"/>
				<float name="ER" value="700."/>
				<string name="Hull" value="Nelson_REUBelt_Lower"/>
				<string name="Name" value="Middle2_RLowerBelt"/>
				<string name="TypHL" value="Hull"/>
				<string name="UnitName" value="Rodney"/>
			</object>
			<object name="R1378">
				<integer name="Country" value="3"/>
				<float name="ER" value="500."/>
				<string name="Hull" value="Nelson_RAMP"/>
				<string name="Name" value="Middle2_RAMP"/>
				<string name="TypHL" value="Hull"/>
				<string name="UnitName" value="Rodney"/>
			</object>
			<object name="R1379">
				<integer name="Country" value="3"/>
				<float name="ER" value="500."/>
				<string name="Hull" value="Nelson_Bottom"/>
				<string name="Name" value="Middle2_LBottom"/>
				<string name="TypHL" value="FuelTank"/>
				<string name="UnitName" value="Rodney"/>
			</object>
			<object name="R1380">
				<integer name="Country" value="3"/>
				<float name="ER" value="500."/>
				<string name="Hull" value="Nelson_Bottom"/>
				<string name="Name" value="Middle2_RBottom"/>
				<string name="TypHL" value="FuelTank"/>
				<string name="UnitName" value="Rodney"/>
			</object>
			<object name="R1382">
				<integer name="Country" value="3"/>
				<float name="ER" value="500."/>
				<string name="Hull" value="Nelson_EUUpperDeck"/>
				<string name="Name" value="Middle1_LCLowerDeck"/>
				<string name="TypHL" value="Hull"/>
				<string name="UnitName" value="Rodney"/>
			</object>
			<object name="R1383">
				<integer name="Country" value="3"/>
				<float name="ER" value="500."/>
				<string name="Hull" value="Nelson_AS_T1"/>
				<string name="Name" value="AmmoStore_LSG"/>
				<string name="TypHL" value="AmmoStore"/>
				<string name="UnitName" value="Rodney"/>
			</object>
			<object name="R1384">
				<integer name="Country" value="3"/>
				<float name="ER" value="500."/>
				<string name="Hull" value="Std_Probe"/>
				<string name="Name" value="Probe_MG_Bow"/>
				<string name="TypHL" value="Probe"/>
				<string name="UnitName" value="Rodney"/>
			</object>
			<object name="R1385">
				<integer name="Country" value="3"/>
				<float name="ER" value="500."/>
				<string name="Hull" value="Nelson_EUUpperDeck"/>
				<string name="Name" value="Middle1_RCLowerDeck"/>
				<string name="TypHL" value="Hull"/>
				<string name="UnitName" value="Rodney"/>
			</object>
			<object name="R1386">
				<integer name="Country" value="3"/>
				<float name="ER" value="500."/>
				<string name="Hull" value="Nelson_AS_T1"/>
				<string name="Name" value="AmmoStore_RSG"/>
				<string name="TypHL" value="AmmoStore"/>
				<string name="UnitName" value="Rodney"/>
			</object>
			<object name="R1387">
				<integer name="Country" value="3"/>
				<float name="ER" value="500."/>
				<string name="Hull" value="Std_Probe"/>
				<string name="Name" value="CentralPost"/>
				<string name="TypHL" value="Probe"/>
				<string name="UnitName" value="Rodney"/>
			</object>
			<object name="R1388">
				<integer name="Country" value="3"/>
				<float name="ER" value="500."/>
				<string name="Hull" value="Nelson_EUUpperDeck"/>
				<string name="Name" value="Middle1_RLowerDeck"/>
				<string name="TypHL" value="Hull"/>
				<string name="UnitName" value="Rodney"/>
			</object>
			<object name="R1389">
				<integer name="Country" value="3"/>
				<float name="ER" value="500."/>
				<string name="Hull" value="Nelson_EUUpperDeck"/>
				<string name="Name" value="Middle1_LLowerDeck"/>
				<string name="TypHL" value="Hull"/>
				<string name="UnitName" value="Rodney"/>
			</object>
			<object name="R1390">
				<integer name="Country" value="3"/>
				<float name="ER" value="600."/>
				<string name="Hull" value="Nelson_ArmourDeckEU"/>
				<string name="Name" value="Middle1_RMiddleDeck"/>
				<string name="TypHL" value="Hull"/>
				<string name="UnitName" value="Rodney"/>
			</object>
			<object name="R1391">
				<integer name="Country" value="3"/>
				<float name="ER" value="600."/>
				<string name="Hull" value="Nelson_ArmourDeckEU"/>
				<string name="Name" value="Middle1_LMiddleDeck"/>
				<string name="TypHL" value="Hull"/>
				<string name="UnitName" value="Rodney"/>
			</object>
			<object name="R1392">
				<integer name="Country" value="3"/>
				<float name="ER" value="600."/>
				<string name="Hull" value="Nelson_ArmourDeckEU"/>
				<string name="Name" value="Middle1_Middle2Deck"/>
				<string name="TypHL" value="Hull"/>
				<string name="UnitName" value="Rodney"/>
			</object>
			<object name="R1393">
				<integer name="Country" value="3"/>
				<float name="ER" value="600."/>
				<string name="Hull" value="Nelson_ArmourDeckEU"/>
				<string name="Name" value="Middle1_UpperDeck"/>
				<string name="TypHL" value="Hull"/>
				<string name="UnitName" value="Rodney"/>
			</object>
			<object name="R1394">
				<integer name="Country" value="3"/>
				<float name="ER" value="600."/>
				<string name="Hull" value="Nelson_ArmourDeckEU"/>
				<string name="Name" value="Middle1_MiddleDeck"/>
				<string name="TypHL" value="Hull"/>
				<string name="UnitName" value="Rodney"/>
			</object>
			<object name="R1395">
				<integer name="Country" value="3"/>
				<float name="ER" value="500."/>
				<string name="Hull" value="Std_Probe"/>
				<string name="Name" value="Radar"/>
				<string name="TypHL" value="Probe"/>
				<string name="UnitName" value="Rodney"/>
			</object>
			<object name="R1396">
				<integer name="Country" value="3"/>
				<float name="ER" value="500."/>
				<string name="Hull" value="Std_Probe"/>
				<string name="Name" value="Radio"/>
				<string name="TypHL" value="Probe"/>
				<string name="UnitName" value="Rodney"/>
			</object>
			<object name="R1397">
				<integer name="Country" value="3"/>
				<float name="ER" value="500."/>
				<string name="Hull" value="Nelson_Bottom"/>
				<string name="Name" value="Middle1_RBottom"/>
				<string name="TypHL" value="FuelTank"/>
				<string name="UnitName" value="Rodney"/>
			</object>
			<object name="R1398">
				<integer name="Country" value="3"/>
				<float name="ER" value="500."/>
				<string name="Hull" value="Nelson_Bottom"/>
				<string name="Name" value="Middle1_LBottom"/>
				<string name="TypHL" value="FuelTank"/>
				<string name="UnitName" value="Rodney"/>
			</object>
			<object name="R1399">
				<integer name="Country" value="3"/>
				<float name="ER" value="500."/>
				<string name="Hull" value="Nelson_RAMP"/>
				<string name="Name" value="Middle1_RAMP"/>
				<string name="TypHL" value="Hull"/>
				<string name="UnitName" value="Rodney"/>
			</object>
			<object name="R1400">
				<integer name="Country" value="3"/>
				<float name="ER" value="500."/>
				<string name="Hull" value="Nelson_LAMP"/>
				<string name="Name" value="Middle1_LAMP"/>
				<string name="TypHL" value="Hull"/>
				<string name="UnitName" value="Rodney"/>
			</object>
			<object name="R1401">
				<integer name="Country" value="3"/>
				<float name="ER" value="700."/>
				<string name="Hull" value="Nelson_LEUBelt_Upper"/>
				<string name="Name" value="Middle1_LUpperBelt"/>
				<string name="TypHL" value="Hull"/>
				<string name="UnitName" value="Rodney"/>
			</object>
			<object name="R1402">
				<integer name="Country" value="3"/>
				<float name="ER" value="700."/>
				<string name="Hull" value="Nelson_LEUBelt_Lower"/>
				<string name="Name" value="Middle1_LLowerBelt"/>
				<string name="TypHL" value="Hull"/>
				<string name="UnitName" value="Rodney"/>
			</object>
			<object name="R1403">
				<integer name="Country" value="3"/>
				<float name="ER" value="700."/>
				<string name="Hull" value="Nelson_REUBelt_Upper"/>
				<string name="Name" value="Middle1_RUpperBelt"/>
				<string name="TypHL" value="Hull"/>
				<string name="UnitName" value="Rodney"/>
			</object>
			<object name="R1404">
				<integer name="Country" value="3"/>
				<float name="ER" value="700."/>
				<string name="Hull" value="Nelson_REUBelt_Lower"/>
				<string name="Name" value="Middle1_RLowerBelt"/>
				<string name="TypHL" value="Hull"/>
				<string name="UnitName" value="Rodney"/>
			</object>
			<object name="R1405">
				<integer name="Country" value="3"/>
				<float name="ER" value="500."/>
				<string name="Hull" value="Nelson_Bottom"/>
				<string name="Name" value="Bow2_RBottom"/>
				<string name="TypHL" value="Hull"/>
				<string name="UnitName" value="Rodney"/>
			</object>
			<object name="R1406">
				<integer name="Country" value="3"/>
				<float name="ER" value="500."/>
				<string name="Hull" value="Nelson_Bottom"/>
				<string name="Name" value="Bow2_LBottom"/>
				<string name="TypHL" value="Hull"/>
				<string name="UnitName" value="Rodney"/>
			</object>
			<object name="R1407">
				<integer name="Country" value="3"/>
				<float name="ER" value="600."/>
				<string name="Hull" value="Nelson_ArmourDeckEU"/>
				<string name="Name" value="Bow1_MiddleDeck"/>
				<string name="TypHL" value="Hull"/>
				<string name="UnitName" value="Rodney"/>
			</object>
			<object name="R1408">
				<integer name="Country" value="3"/>
				<float name="ER" value="700."/>
				<string name="Hull" value="Nelson_LASBelt_Lower"/>
				<string name="Name" value="Stern1_LLowerBelt"/>
				<string name="TypHL" value="Hull"/>
				<string name="UnitName" value="Rodney"/>
			</object>
			<object name="R1409">
				<integer name="Country" value="3"/>
				<float name="ER" value="500."/>
				<string name="Hull" value="Nelson_RAMP"/>
				<string name="Name" value="Bow2_RAMP"/>
				<string name="TypHL" value="Hull"/>
				<string name="UnitName" value="Rodney"/>
			</object>
			<object name="R1410">
				<integer name="Country" value="3"/>
				<float name="ER" value="700."/>
				<string name="Hull" value="Nelson_LBelt_Sides"/>
				<string name="Name" value="Bow2_LBelt"/>
				<string name="TypHL" value="Hull"/>
				<string name="UnitName" value="Rodney"/>
			</object>
			<object name="R1411">
				<integer name="Country" value="3"/>
				<float name="ER" value="500."/>
				<string name="Hull" value="Nelson_LAMP"/>
				<string name="Name" value="Bow2_LAMP"/>
				<string name="TypHL" value="Hull"/>
				<string name="UnitName" value="Rodney"/>
			</object>
			<object name="R1412">
				<integer name="Country" value="3"/>
				<float name="ER" value="700."/>
				<string name="Hull" value="Nelson_RBelt_Sides"/>
				<string name="Name" value="Bow2_RBelt"/>
				<string name="TypHL" value="Hull"/>
				<string name="UnitName" value="Rodney"/>
			</object>
			<object name="R1413">
				<integer name="Country" value="3"/>
				<float name="ER" value="700."/>
				<string name="Hull" value="Nelson_LBelt_Sides"/>
				<string name="Name" value="Stern2_LBelt"/>
				<string name="TypHL" value="Hull"/>
				<string name="UnitName" value="Rodney"/>
			</object>
			<object name="R1414">
				<integer name="Country" value="3"/>
				<float name="ER" value="700."/>
				<string name="Hull" value="Nelson_RBelt_Sides"/>
				<string name="Name" value="Stern2_RBelt"/>
				<string name="TypHL" value="Hull"/>
				<string name="UnitName" value="Rodney"/>
			</object>
			<object name="R1415">
				<integer name="Country" value="3"/>
				<float name="ER" value="600."/>
				<string name="Hull" value="Nelson_ArmourDeckEU"/>
				<string name="Name" value="Bow2_RUpperDeck"/>
				<string name="TypHL" value="Hull"/>
				<string name="UnitName" value="Rodney"/>
			</object>
			<object name="R1416">
				<integer name="Country" value="3"/>
				<float name="ER" value="600."/>
				<string name="Hull" value="Nelson_ArmourDeckEU"/>
				<string name="Name" value="Bow2_LUpperDeck"/>
				<string name="TypHL" value="Hull"/>
				<string name="UnitName" value="Rodney"/>
			</object>
			<object name="R1417">
				<integer name="Country" value="3"/>
				<float name="ER" value="600."/>
				<string name="Hull" value="Nelson_ArmourDeckEU"/>
				<string name="Name" value="Bow2_LMiddleDeck"/>
				<string name="TypHL" value="Hull"/>
				<string name="UnitName" value="Rodney"/>
			</object>
			<object name="R1418">
				<integer name="Country" value="3"/>
				<float name="ER" value="600."/>
				<string name="Hull" value="Nelson_ArmourDeckEU"/>
				<string name="Name" value="Bow2_RMiddleDeck"/>
				<string name="TypHL" value="Hull"/>
				<string name="UnitName" value="Rodney"/>
			</object>
			<object name="R1419">
				<integer name="Country" value="3"/>
				<float name="ER" value="600."/>
				<string name="Hull" value="Nelson_ArmourDeckEU"/>
				<string name="Name" value="Bow1_UpperDeck"/>
				<string name="TypHL" value="Hull"/>
				<string name="UnitName" value="Rodney"/>
			</object>
			<object name="R1420">
				<integer name="Country" value="3"/>
				<float name="ER" value="600."/>
				<string name="Hull" value="Nelson_ArmourDeckEU"/>
				<string name="Name" value="Stern2_LMiddleDeck"/>
				<string name="TypHL" value="Hull"/>
				<string name="UnitName" value="Rodney"/>
			</object>
			<object name="R1421">
				<integer name="Country" value="3"/>
				<float name="ER" value="600."/>
				<string name="Hull" value="Nelson_ArmourDeckEU"/>
				<string name="Name" value="Stern2_RMiddleDeck"/>
				<string name="TypHL" value="Hull"/>
				<string name="UnitName" value="Rodney"/>
			</object>
			<object name="R1422">
				<integer name="Country" value="3"/>
				<float name="ER" value="500."/>
				<string name="Hull" value="Nelson_EUUpperDeck"/>
				<string name="Name" value="Bow2_lowerDeck"/>
				<string name="TypHL" value="Hull"/>
				<string name="UnitName" value="Rodney"/>
			</object>
			<object name="R1423">
				<integer name="Country" value="3"/>
				<float name="ER" value="500."/>
				<string name="Hull" value="Nelson_EUUpperDeck"/>
				<string name="Name" value="Stern2_LowerDeck"/>
				<string name="TypHL" value="Hull"/>
				<string name="UnitName" value="Rodney"/>
			</object>
			<object name="R9239">
				<integer name="Country" value="3"/>
				<integer name="Crew" value="300"/>
				<float name="ER" value="500."/>
				<string name="Hull" value="Nelson_Hull"/>
				<string name="Name" value="SternStuperstructure2"/>
				<string name="TypHL" value="Crew"/>
				<string name="UnitName" value="Rodney"/>
			</object>
			<object name="R9240">
				<integer name="Country" value="3"/>
				<integer name="Crew" value="300"/>
				<float name="ER" value="500."/>
				<string name="Hull" value="Nelson_Hull"/>
				<string name="Name" value="SternStuperstructure1"/>
				<string name="TypHL" value="Crew"/>
				<string name="UnitName" value="Rodney"/>
			</object>
			<object name="R9241">
				<integer name="Country" value="3"/>
				<float name="ER" value="500."/>
				<string name="Hull" value="Nelson_SmokeStack"/>
				<string name="Name" value="SternSmokeStack"/>
				<string name="TypHL" value="Hull"/>
				<string name="UnitName" value="Rodney"/>
			</object>
			<object name="R9242">
				<integer name="Country" value="3"/>
				<float name="ER" value="500."/>
				<string name="Hull" value="Nelson_SmokeStack"/>
				<string name="Name" value="BowSmokeStack"/>
				<string name="TypHL" value="Hull"/>
				<string name="UnitName" value="Rodney"/>
			</object>
			<object name="R9243">
				<integer name="Country" value="3"/>
				<float name="ER" value="500."/>
				<string name="Hull" value="Nelson_Hull"/>
				<string name="Name" value="MiddleUSuperstructure"/>
				<string name="TypHL" value="Hull"/>
				<string name="UnitName" value="Rodney"/>
			</object>
			<object name="R9244">
				<integer name="Country" value="3"/>
				<float name="ER" value="500."/>
				<string name="Hull" value="Nelson_Hull"/>
				<string name="Name" value="MiddleLSuperstructure"/>
				<string name="TypHL" value="Hull"/>
				<string name="UnitName" value="Rodney"/>
			</object>
			<object name="R9245">
				<integer name="Country" value="3"/>
				<integer name="Crew" value="300"/>
				<float name="ER" value="500."/>
				<string name="Hull" value="Nelson_Hull"/>
				<string name="Name" value="BowUSuperstructure"/>
				<string name="TypHL" value="Crew"/>
				<string name="UnitName" value="Rodney"/>
			</object>
			<object name="R9246">
				<integer name="Country" value="3"/>
				<integer name="Crew" value="300"/>
				<float name="ER" value="500."/>
				<string name="Hull" value="Nelson_Hull"/>
				<string name="Name" value="BowMSuperstructure"/>
				<string name="TypHL" value="Crew"/>
				<string name="UnitName" value="Rodney"/>
			</object>
			<object name="R9247">
				<integer name="Country" value="3"/>
				<integer name="Crew" value="300"/>
				<float name="ER" value="500."/>
				<string name="Hull" value="Nelson_Hull"/>
				<string name="Name" value="BowLSuperstructure"/>
				<string name="TypHL" value="Crew"/>
				<string name="UnitName" value="Rodney"/>
			</object>
			<object name="R9340">
				<integer name="Country" value="3"/>
				<integer name="Crew" value="300"/>
				<float name="ER" value="500."/>
				<string name="Hull" value="Nelson_Hull"/>
				<string name="Name" value="SternSuperstructure1"/>
				<string name="TypHL" value="Crew"/>
				<string name="UnitName" value="Rodney"/>
			</object>
			<object name="R9341">
				<integer name="Country" value="3"/>
				<float name="ER" value="500."/>
				<string name="Hull" value="Nelson_Bottom"/>
				<string name="Name" value="Bow1_LBottom"/>
				<string name="TypHL" value="Hull"/>
				<string name="UnitName" value="Rodney"/>
			</object>
			<object name="R9342">
				<integer name="Country" value="3"/>
				<float name="ER" value="500."/>
				<string name="Hull" value="Nelson_Bottom"/>
				<string name="Name" value="Bow1_RBottom"/>
				<string name="TypHL" value="Hull"/>
				<string name="UnitName" value="Rodney"/>
			</object>
		</object>
		<object name="Ships">
			<object name="Rodney">
				<float name="AccelRate" value="1.e-004"/>
				<string name="Airgroup" value="Scout_ShipWater_Battleship_Battalion_england"/>
				<integer name="AirplanesCount" value="4"/>
				<string name="AmmoLoadingTemplate" value="Ammo 300"/>
				<boolean name="BoatsTransportationAbility" value="false"/>
				<integer name="CabinArmor" value="533"/>
				<boolean name="CanBeChanged" value="true"/>
				<boolean name="CanUseTorpedos" value="false"/>
				<string name="CatapultAirgroupDefaultUnit" value="Walrus"/>
				<integer name="Country" value="3"/>
				<integer name="Crew" value="1640"/>
				<float name="CriticalCareen" value="37."/>
				<float name="CriticalDFT" value="2.4"/>
				<float name="CriticalDifferent" value="5."/>
				<float name="DisplacementMax" value="43140."/>
				<float name="DTimeProd" value="160."/>
				<float name="EPR" value="630."/>
				<float name="FireRisk" value="1667."/>
				<float name="Fuel" value="3700."/>
				<float name="HLShapeCoef" value="0.6"/>
				<integer name="HullArmorSide" value="310"/>
				<integer name="HullArmorTop" value="265"/>
				<float name="Iron" value="58300."/>
				<integer name="Length" value="216.4"/>
				<float name="MaxSpeed" value="23."/>
				<integer name="MinCrew" value="960"/>
				<float name="Money" value="42000."/>
				<string name="Name" value="Rodney"/>
				<boolean name="New" value="true"/>
				<float name="NTimeProd" value="400."/>
				<integer name="Nuc_Dest_Prob" value="300"/>
				<integer name="Passengers" value="70"/>
				<boolean name="PlanesTransportationAbility" value="false"/>
				<float name="Range" value="29447."/>
				<integer name="Rank" value="2"/>
				<string name="SMU" value="Rodney"/>
				<float name="Speed" value="10."/>
				<float name="StoreCapacity" value="3400."/>
				<boolean name="Transportable" value="false"/>
				<float name="TurnRate" value="1.4e-003"/>
				<integer name="Type" value="1"/>
				<float name="Vitality" value="8400."/>
				<float name="VitalityAA" value="3500."/>
				<float name="Weight" value="36000."/>
				<integer name="Width" value="32.3"/>
				<integer name="Year" value="39"/>
			</object>
		</object>
		<object name="ShipsNames">
			<object name="Rodney">
				<string name="1" value="Rodney"/>
			</object>
		</object>
		<object name="UnitsByType">
			<object name="1">
				<object name="Rodney">
					<string name="ChildTable" value="Ships"/>
				</object>
			</object>
		</object>
	</object>
</root>
