﻿<?xml version="1.0" standalone="yes" ?>
<root>
	<object name="SteelMonstersParams">
		<object name="Turrets">
			<object name="Green_Radar_Typ21">
				<integer name="Amount" value="1"/>
				<integer name="ArmorFront" value="0"/>
				<integer name="ArmorSide" value="0"/>
				<integer name="ArmorTop" value="0"/>
				<string name="Content" value="Probes.Pr_Radar_Typ21"/>
				<integer name="Country" value="2"/>
				<integer name="Elevation" value="0"/>
				<integer name="ElevationRate" value="0"/>
				<boolean name="IgnoreXMLFile" value="false"/>
				<float name="Iron" value="0.84"/>
				<float name="Money" value="15."/>
				<boolean name="New" value="false"/>
				<boolean name="Production" value="false"/>
				<integer name="RotationRate" value="10"/>
				<string name="SMU_File" value="Green_Radar_Typ21"/>
				<string name="Type" value="Radar"/>
				<float name="Vitality" value="30."/>
				<float name="Weight" value="0.84"/>
			</object>
			<object name="Green_Radar_Typ_22">
				<integer name="Amount" value="1"/>
				<integer name="ArmorFront" value="0"/>
				<integer name="ArmorSide" value="0"/>
				<integer name="ArmorTop" value="0"/>
				<string name="Content" value="Probes.Pr_Radar_Typ_22"/>
				<integer name="Country" value="2"/>
				<integer name="Elevation" value="0"/>
				<integer name="ElevationRate" value="0"/>
				<boolean name="IgnoreXMLFile" value="false"/>
				<float name="Iron" value="1.32"/>
				<float name="Money" value="20."/>
				<boolean name="New" value="false"/>
				<boolean name="Production" value="false"/>
				<integer name="RotationRate" value="10"/>
				<string name="SMU_File" value="Green_Radar_Typ_22"/>
				<string name="Type" value="Radar"/>
				<float name="Vitality" value="15."/>
				<float name="Weight" value="1.32"/>
			</object>
			<object name="Green_Dalnomer_C1">
				<integer name="Amount" value="1"/>
				<integer name="ArmorFront" value="25"/>
				<integer name="ArmorSide" value="25"/>
				<integer name="ArmorTop" value="25"/>
				<string name="Content" value="Probes.Pr_Dalnomer_C1"/>
				<integer name="Country" value="2"/>
				<integer name="Elevation" value="0"/>
				<integer name="ElevationRate" value="0"/>
				<boolean name="IgnoreXMLFile" value="false"/>
				<float name="Iron" value="0.5"/>
				<float name="Money" value="25."/>
				<boolean name="New" value="false"/>
				<boolean name="Production" value="false"/>
				<integer name="RotationRate" value="15"/>
				<string name="SMU_File" value="Green_Dalnomer_C1"/>
				<string name="Type" value="Radar"/>
				<float name="Vitality" value="30."/>
				<float name="Weight" value="0.5"/>
			</object>
			<object name="Green_Main_Gun_Dalnomer_Mogami">
				<integer name="Amount" value="1"/>
				<integer name="ArmorFront" value="25"/>
				<integer name="ArmorSide" value="25"/>
				<integer name="ArmorTop" value="25"/>
				<string name="Content" value="Probes.Pr_Main_Gun_Dalnomer_Mogami"/>
				<integer name="Country" value="2"/>
				<integer name="Elevation" value="0"/>
				<integer name="ElevationRate" value="0"/>
				<boolean name="IgnoreXMLFile" value="false"/>
				<float name="Iron" value="120."/>
				<float name="Money" value="55."/>
				<boolean name="New" value="false"/>
				<boolean name="Production" value="false"/>
				<integer name="RotationRate" value="4"/>
				<string name="SMU_File" value="Green_Main_Gun_Dalnomer_Mogami"/>
				<string name="Type" value="Radar"/>
				<float name="Vitality" value="150."/>
				<float name="Weight" value="120."/>
			</object>
			<object name="Green_Main_Gun_Dalnomer_Mogami_V2">
				<integer name="Amount" value="1"/>
				<integer name="ArmorFront" value="25"/>
				<integer name="ArmorSide" value="25"/>
				<integer name="ArmorTop" value="25"/>
				<string name="Content" value="Probes.Pr_Main_Gun_Dalnomer_Mogami_V2"/>
				<integer name="Country" value="2"/>
				<integer name="Elevation" value="0"/>
				<integer name="ElevationRate" value="0"/>
				<boolean name="IgnoreXMLFile" value="false"/>
				<float name="Iron" value="120."/>
				<float name="Money" value="55."/>
				<boolean name="New" value="false"/>
				<boolean name="Production" value="false"/>
				<integer name="RotationRate" value="4"/>
				<string name="SMU_File" value="Green_Main_Gun_Dalnomer_Mogami"/>
				<string name="Type" value="Radar"/>
				<float name="Vitality" value="150."/>
				<float name="Weight" value="120."/>
			</object>
			<object name="Green_Director_Typ95_Yamato_02">
				<integer name="Amount" value="1"/>
				<integer name="ArmorFront" value="25"/>
				<integer name="ArmorSide" value="25"/>
				<integer name="ArmorTop" value="25"/>
				<string name="Content" value="Probes.Pr_Director_Typ95_Yamato_02"/>
				<integer name="Country" value="2"/>
				<integer name="Elevation" value="0"/>
				<integer name="ElevationRate" value="0"/>
				<boolean name="IgnoreXMLFile" value="false"/>
				<float name="Iron" value="5."/>
				<float name="Money" value="10."/>
				<boolean name="New" value="false"/>
				<boolean name="Production" value="false"/>
				<integer name="RotationRate" value="15"/>
				<string name="SMU_File" value="Green_Director_Typ95_Yamato_02"/>
				<string name="Type" value="Radar"/>
				<float name="Vitality" value="60."/>
				<float name="Weight" value="5."/>
			</object>
			<object name="Green_Director_Typ95_Yamato_03">
				<integer name="Amount" value="1"/>
				<integer name="ArmorFront" value="25"/>
				<integer name="ArmorSide" value="25"/>
				<integer name="ArmorTop" value="25"/>
				<string name="Content" value="Probes.Pr_Director_Typ95_Yamato_03"/>
				<integer name="Country" value="2"/>
				<integer name="Elevation" value="0"/>
				<integer name="ElevationRate" value="0"/>
				<boolean name="IgnoreXMLFile" value="false"/>
				<float name="Iron" value="20."/>
				<float name="Money" value="16."/>
				<boolean name="New" value="false"/>
				<boolean name="Production" value="false"/>
				<integer name="RotationRate" value="15"/>
				<string name="SMU_File" value="Green_Director_Typ95_Yamato_03"/>
				<string name="Type" value="Radar"/>
				<float name="Vitality" value="60."/>
				<float name="Weight" value="20."/>
			</object>
			<object name="Green_Myoko_Director_1Var">
				<integer name="Amount" value="1"/>
				<integer name="ArmorFront" value="25"/>
				<integer name="ArmorSide" value="25"/>
				<integer name="ArmorTop" value="25"/>
				<string name="Content" value="Probes.Pr_Myoko_Director_1Var"/>
				<integer name="Country" value="2"/>
				<integer name="Elevation" value="0"/>
				<integer name="ElevationRate" value="0"/>
				<boolean name="IgnoreXMLFile" value="false"/>
				<float name="Iron" value="80."/>
				<float name="Money" value="35."/>
				<boolean name="New" value="false"/>
				<boolean name="Production" value="false"/>
				<integer name="RotationRate" value="10"/>
				<string name="SMU_File" value="Green_Myoko_Director_1Var"/>
				<string name="Type" value="Radar"/>
				<float name="Vitality" value="80."/>
				<float name="Weight" value="80."/>
			</object>
			<object name="Green_Myoko_Director_2Var">
				<integer name="Amount" value="1"/>
				<integer name="ArmorFront" value="25"/>
				<integer name="ArmorSide" value="25"/>
				<integer name="ArmorTop" value="25"/>
				<string name="Content" value="Probes.Pr_Myoko_Director_2Var"/>
				<integer name="Country" value="2"/>
				<integer name="Elevation" value="0"/>
				<integer name="ElevationRate" value="0"/>
				<boolean name="IgnoreXMLFile" value="false"/>
				<float name="Iron" value="80."/>
				<float name="Money" value="35."/>
				<boolean name="New" value="false"/>
				<boolean name="Production" value="false"/>
				<integer name="RotationRate" value="10"/>
				<string name="SMU_File" value="Green_Myoko_Director_2Var"/>
				<string name="Type" value="Radar"/>
				<float name="Vitality" value="80."/>
				<float name="Weight" value="80."/>
			</object>
			<object name="Green_Myoko_Director_3Var">
				<integer name="Amount" value="1"/>
				<integer name="ArmorFront" value="25"/>
				<integer name="ArmorSide" value="25"/>
				<integer name="ArmorTop" value="25"/>
				<string name="Content" value="Probes.Pr_Myoko_Director_3Var"/>
				<integer name="Country" value="2"/>
				<integer name="Elevation" value="0"/>
				<integer name="ElevationRate" value="0"/>
				<boolean name="IgnoreXMLFile" value="false"/>
				<float name="Iron" value="80."/>
				<float name="Money" value="35."/>
				<boolean name="New" value="false"/>
				<boolean name="Production" value="false"/>
				<integer name="RotationRate" value="10"/>
				<string name="SMU_File" value="Green_Myoko_Director_3Var"/>
				<string name="Type" value="Radar"/>
				<float name="Vitality" value="80."/>
				<float name="Weight" value="80."/>
			</object>
			<object name="Green_Myoko_Optical_MG">
				<integer name="Amount" value="1"/>
				<integer name="ArmorFront" value="25"/>
				<integer name="ArmorSide" value="25"/>
				<integer name="ArmorTop" value="25"/>
				<string name="Content" value="Probes.Pr_Myoko_Optical_MG"/>
				<integer name="Country" value="2"/>
				<integer name="Elevation" value="0"/>
				<integer name="ElevationRate" value="0"/>
				<boolean name="IgnoreXMLFile" value="false"/>
				<float name="Iron" value="20."/>
				<float name="Money" value="16."/>
				<boolean name="New" value="false"/>
				<boolean name="Production" value="false"/>
				<integer name="RotationRate" value="30"/>
				<string name="SMU_File" value="Green_Myoko_Optical_MG"/>
				<string name="Type" value="Radar"/>
				<float name="Vitality" value="65."/>
				<float name="Weight" value="20."/>
			</object>
			<object name="Green_Myoko_Optical_RF_1Var">
				<integer name="Amount" value="1"/>
				<integer name="ArmorFront" value="25"/>
				<integer name="ArmorSide" value="25"/>
				<integer name="ArmorTop" value="25"/>
				<string name="Content" value="Probes.Pr_Myoko_Optical_RF_1Var"/>
				<integer name="Country" value="2"/>
				<integer name="Elevation" value="0"/>
				<integer name="ElevationRate" value="0"/>
				<boolean name="IgnoreXMLFile" value="false"/>
				<float name="Iron" value="20."/>
				<float name="Money" value="16."/>
				<boolean name="New" value="false"/>
				<boolean name="Production" value="false"/>
				<integer name="RotationRate" value="30"/>
				<string name="SMU_File" value="Green_Myoko_Optical_RF_1Var"/>
				<string name="Type" value="Radar"/>
				<float name="Vitality" value="65."/>
				<float name="Weight" value="20."/>
			</object>
			<object name="Green_Myoko_Optical_RF_2Var">
				<integer name="Amount" value="1"/>
				<integer name="ArmorFront" value="25"/>
				<integer name="ArmorSide" value="25"/>
				<integer name="ArmorTop" value="25"/>
				<string name="Content" value="Probes.Pr_Myoko_Optical_RF_2Var"/>
				<integer name="Country" value="2"/>
				<integer name="Elevation" value="0"/>
				<integer name="ElevationRate" value="0"/>
				<boolean name="IgnoreXMLFile" value="false"/>
				<float name="Iron" value="20."/>
				<float name="Money" value="16."/>
				<boolean name="New" value="false"/>
				<boolean name="Production" value="false"/>
				<integer name="RotationRate" value="30"/>
				<string name="SMU_File" value="Green_Myoko_Optical_RF_2Var"/>
				<string name="Type" value="Radar"/>
				<float name="Vitality" value="65."/>
				<float name="Weight" value="20."/>
			</object>
		</object>
		<object name="Hit_Location">
			<object name="G8224">
				<integer name="Country" value="2"/>
				<float name="ER" value="0.4"/>
				<string name="Hull" value="Std_Radar"/>
				<string name="Name" value="Radar"/>
				<string name="TypHL" value="Probe"/>
				<string name="UnitName" value="Green_Radar_Typ21"/>
			</object>
			<object name="G8225">
				<integer name="Country" value="2"/>
				<float name="ER" value="0.4"/>
				<string name="Hull" value="Std_Radar"/>
				<string name="Name" value="Radar"/>
				<string name="TypHL" value="Probe"/>
				<string name="UnitName" value="Green_Radar_Typ_22"/>
			</object>
			<object name="G8211">
				<integer name="Country" value="2"/>
				<float name="ER" value="9.e-002"/>
				<string name="Hull" value="Std_RF"/>
				<string name="Name" value="LRF"/>
				<string name="TypHL" value="Probe"/>
				<string name="UnitName" value="Green_Dalnomer_C1"/>
			</object>
			<object name="G8212">
				<integer name="Country" value="2"/>
				<float name="ER" value="9.e-002"/>
				<string name="Hull" value="Std_RF"/>
				<string name="Name" value="RRF"/>
				<string name="TypHL" value="Probe"/>
				<string name="UnitName" value="Green_Dalnomer_C1"/>
			</object>
			<object name="G8213">
				<integer name="Country" value="2"/>
				<float name="ER" value="9.e-002"/>
				<string name="Hull" value="Std_RF"/>
				<string name="Name" value="RFC"/>
				<string name="TypHL" value="Probe"/>
				<string name="UnitName" value="Green_Dalnomer_C1"/>
			</object>
			<object name="G8214">
				<integer name="Country" value="2"/>
				<float name="ER" value="2."/>
				<string name="Hull" value="Std_Guns"/>
				<string name="Name" value="KDP"/>
				<string name="TypHL" value="Probe"/>
				<string name="UnitName" value="Green_Dalnomer_C1"/>
			</object>
			<object name="G8209M">
				<integer name="Country" value="2"/>
				<float name="ER" value="2."/>
				<string name="Hull" value="Std_Guns"/>
				<string name="Name" value="KDP"/>
				<string name="TypHL" value="Probe"/>
				<string name="UnitName" value="Green_Main_Gun_Dalnomer_Mogami"/>
			</object>
			<object name="G8210M">
				<integer name="Country" value="2"/>
				<float name="ER" value="2.e-002"/>
				<string name="Hull" value="Std_RF"/>
				<string name="Name" value="Rangefinder"/>
				<string name="TypHL" value="Probe"/>
				<string name="UnitName" value="Green_Main_Gun_Dalnomer_Mogami"/>
			</object>
			<object name="G8209V2M">
				<integer name="Country" value="2"/>
				<float name="ER" value="2."/>
				<string name="Hull" value="Std_Guns"/>
				<string name="Name" value="KDP"/>
				<string name="TypHL" value="Probe"/>
				<string name="UnitName" value="Green_Main_Gun_Dalnomer_Mogami_V2"/>
			</object>
			<object name="G8210V2M">
				<integer name="Country" value="2"/>
				<float name="ER" value="2.e-002"/>
				<string name="Hull" value="Std_RF"/>
				<string name="Name" value="Rangefinder"/>
				<string name="TypHL" value="Probe"/>
				<string name="UnitName" value="Green_Main_Gun_Dalnomer_Mogami_V2"/>
			</object>
			<object name="G8219">
				<integer name="Country" value="2"/>
				<float name="ER" value="0.8"/>
				<string name="Hull" value="Std_Guns"/>
				<string name="Name" value="Turret"/>
				<string name="TypHL" value="Hull"/>
				<string name="UnitName" value="Green_Director_Typ95_Yamato_02"/>
			</object>
			<object name="G8220">
				<integer name="Country" value="2"/>
				<float name="ER" value="0.8"/>
				<string name="Hull" value="Std_Guns"/>
				<string name="Name" value="Turret"/>
				<string name="TypHL" value="Hull"/>
				<string name="UnitName" value="Green_Director_Typ95_Yamato_03"/>
			</object>
			<object name="G8184">
				<integer name="Country" value="2"/>
				<float name="ER" value="1."/>
				<string name="Hull" value="Std_Guns"/>
				<string name="Name" value="Director"/>
				<string name="TypHL" value="Probe"/>
				<string name="UnitName" value="Green_Myoko_Director_1Var"/>
			</object>
			<object name="G8185">
				<integer name="Country" value="2"/>
				<float name="ER" value="1."/>
				<string name="Hull" value="Std_Guns"/>
				<string name="Name" value="Director"/>
				<string name="TypHL" value="Probe"/>
				<string name="UnitName" value="Green_Myoko_Director_2Var"/>
			</object>
			<object name="G8186">
				<integer name="Country" value="2"/>
				<float name="ER" value="1."/>
				<string name="Hull" value="Std_Guns"/>
				<string name="Name" value="Director"/>
				<string name="TypHL" value="Probe"/>
				<string name="UnitName" value="Green_Myoko_Director_3Var"/>
			</object>
			<object name="G8187">
				<integer name="Country" value="2"/>
				<float name="ER" value="3."/>
				<string name="Hull" value="Std_Guns"/>
				<string name="Name" value="KDP"/>
				<string name="TypHL" value="Probe"/>
				<string name="UnitName" value="Green_Myoko_Optical_MG"/>
			</object>
			<object name="G8188">
				<integer name="Country" value="2"/>
				<float name="ER" value="3.e-002"/>
				<string name="Hull" value="Std_RF"/>
				<string name="Name" value="LRangefinder"/>
				<string name="TypHL" value="Probe"/>
				<string name="UnitName" value="Green_Myoko_Optical_MG"/>
			</object>
			<object name="G8189">
				<integer name="Country" value="2"/>
				<float name="ER" value="3.e-002"/>
				<string name="Hull" value="Std_RF"/>
				<string name="Name" value="RRangefinder"/>
				<string name="TypHL" value="Probe"/>
				<string name="UnitName" value="Green_Myoko_Optical_MG"/>
			</object>
			<object name="G8190">
				<integer name="Country" value="2"/>
				<float name="ER" value="2."/>
				<string name="Hull" value="Std_Guns"/>
				<string name="Name" value="KDP"/>
				<string name="TypHL" value="Probe"/>
				<string name="UnitName" value="Green_Myoko_Optical_RF_1Var"/>
			</object>
			<object name="G8191">
				<integer name="Country" value="2"/>
				<float name="ER" value="3.e-002"/>
				<string name="Hull" value="Std_RF"/>
				<string name="Name" value="Ramgefinder"/>
				<string name="TypHL" value="Probe"/>
				<string name="UnitName" value="Green_Myoko_Optical_RF_1Var"/>
			</object>
			<object name="G8192">
				<integer name="Country" value="2"/>
				<float name="ER" value="2."/>
				<string name="Hull" value="Std_Guns"/>
				<string name="Name" value="KDP"/>
				<string name="TypHL" value="Probe"/>
				<string name="UnitName" value="Green_Myoko_Optical_RF_1Var"/>
			</object>
			<object name="G8770">
				<integer name="Country" value="2"/>
				<float name="ER" value="3.e-002"/>
				<string name="Hull" value="Std_RF"/>
				<string name="Name" value="Ramgefinder"/>
				<string name="TypHL" value="Probe"/>
				<string name="UnitName" value="Green_Myoko_Optical_RF_2Var"/>
			</object>
			<object name="G8771">
				<integer name="Country" value="2"/>
				<float name="ER" value="2."/>
				<string name="Hull" value="Std_Guns"/>
				<string name="Name" value="KDP"/>
				<string name="TypHL" value="Probe"/>
				<string name="UnitName" value="Green_Myoko_Optical_RF_2Var"/>
			</object>
		</object>
	</object>
</root>
