﻿<?xml version="1.0" standalone="yes" ?>
<root>
	<object name="Modifications">
		<object name="SubUnits">
			<object name="Green_Myoko_Director_1Var"/>
			<object name="Green_Myoko_Director_2Var"/>
			<object name="Green_Myoko_Director_3Var"/>
			<object name="Green_Myoko_Optical_MG"/> 
			<object name="Green_Myoko_Optical_RF_1Var"/>
			<object name="Green_Myoko_Optical_RF_2Var"/>
			<object name="Green_Director_Typ95_Yamato_02"/>
			<object name="Green_Director_Typ95_Yamato_03"/>
			<object name="Green_Main_Gun_Dalnomer_Mogami"/>
			<object name="Green_Main_Gun_Dalnomer_Mogami_V2"/>
			<object name="Green_Dalnomer_C1"/>
			<object name="Green_Radar_Typ21"/>
            <object name="Green_Radar_Typ_22"/>
		</object>
	</object>
</root>
