<?xml version = "1.0" encoding = "UTF-8"?>
<root>
	<object name = "SteelMonstersParams">

		<object name="Ships">
			<object name="Heito">
				<float name="AccelRate" value="1.e-004"/>
				<integer name="AirplanesCount" value="12"/>
				<string name="AmmoLoadingTemplate" value="Ammo 100"/>
				<integer name="BoatsCount" value="4"/>
				<boolean name="BoatsTransportationAbility" value="true"/>
				<integer name="CabinArmor" value="20"/>
				<boolean name="CanBeChanged" value="true"/>
				<boolean name="CanUseTorpedos" value="false"/>
				<integer name="Country" value="2"/>
				<integer name="Crew" value="420"/>
				<float name="CriticalCareen" value="37."/>
				<float name="CriticalDFT" value="3."/>
				<float name="CriticalDifferent" value="3."/>
				<float name="DTimeProd" value="10."/>
				<float name="DisplacementMax" value="33560."/>
				<float name="EPR" value="385."/>
				<float name="FireRisk" value="333."/>
				<float name="Fuel" value="1700."/>
				<integer name="HullArmorSide" value="20"/>
				<integer name="HullArmorTop" value="20"/>
				<float name="Iron" value="15500."/>
				<integer name="Length" value="215"/>
				<float name="MaxSpeed" value="24.5"/>
				<integer name="MinCrew" value="200"/>
				<float name="Money" value="6600."/>
				<float name="NTimeProd" value="90."/>
				<string name="Name" value="Heito"/>
				<boolean name="New" value="false"/>
				<integer name="Nuc_Dest_Prob" value="700"/>
				<integer name="Passengers" value="3000"/>
				<boolean name="PlanesTransportationAbility" value="false"/>
				<float name="Range" value="17000."/>
				<integer name="Rank" value="3"/>
				<string name="SMU" value="Heito"/>
				<float name="Speed" value="21."/>
				<float name="StoreCapacity" value="1500."/>
				<boolean name="Transportable" value="false"/>
				<float name="TurnRate" value="6.e-004"/>
				<integer name="Type" value="8"/>
				<float name="Vitality" value="3700."/>
				<float name="VitalityAA" value="250."/>
				<float name="Weight" value="22560."/>
				<integer name="Width" value="26"/>
				<integer name="Year" value="40"/>
			</object>
		</object>
		<object name="ShipsNames">
			<object name="Heito">
				<string name="1" value="SS Heito"/>
				<string name="2" value="SS Irako"/>
				<string name="3" value="SS Nozaki"/>
				<string name="4" value="SS Kinesaki"/>
				<string name="5" value="SS Kurasaki"/>
				<string name="6" value="SS Anegawa"/>
				<string name="7" value="SS Takasaki"/>
				<string name="8" value="SS Rozan"/>
				<string name="9" value="SS Seito"/>
				<string name="10" value="SS Koshu"/>
				<string name="11" value="SS Matsue"/>
				<string name="12" value="SS Soya"/>
				<string name="13" value="SS Hayasaki Shirasaki"/>
				<string name="14" value="SS Nojima"/>
				<string name="15" value="SS Choyo"/>
				<string name="16" value="SS Arasaki"/>
			</object>
		</object>
		<object name="UnitsByType">
			<object name="8">
				<object name="Heito">
					<string name="ChildTable" value="Ships"/>
				</object>
			</object>
		</object>
	</object>
</root>
