<?xml version="1.0" standalone="yes" ?>
<root>
	<object name="Modifications">
		<object name="Ships">
								<object name="Heito">
									<object name="Prototype">
										<string name="AAGunControl" value=""/>
										<float name="AAVolleyWeight" value="2.31950021"/>
										<float name="Aluminium" value="0."/>
										<float name="AmmoWeight" value="27.4980011"/>
										<float name="Armour" value="0."/>
										<float name="FuelConsumption" value="1.70000002"/>
										<float name="FuelProtect" value="0."/>
										<string name="FullModName" value="Ships.Mamiya.Prototype"/>
										<float name="Iron" value="15500"/>
										<boolean name="IsAvailable" value="true"/>
										<boolean name="IsJammer" value="false"/>
										<string name="MainGunControl" value=""/>
										<float name="MaxFuel" value="1700."/>
										<float name="MaxSpeed" value="19."/>
										<float name="MinSpeed" value="0."/>
										<float name="Money" value="6600."/>
										<widestring name="Name" value="TwBjAGUAYQBuBBB="/>
										<float name="RadarRange" value="0."/>
										<float name="RadioGain" value="32258.0645"/>
										<float name="RadioPowerHF" value="100."/>
										<float name="RadioPowerVHF" value="0."/>
										<float name="RadioSensitivityHF" value="3.10000009e-003"/>
										<float name="RadioSensitivityVHF" value="0."/>
										<object name="Slots">
											<object name="TPort_101">
											<string name="Device" value="Universal_Turret_127x2_Mogami"/>
												<string name="Table" value="Turrets"/>
											</object>
											<object name="TPort_102">
											<string name="Device" value="Universal_Turret_127x2_Mogami"/>
												<string name="Table" value="Turrets"/>
											</object>
											<object name="TPort_201">
											<string name="Device" value="Universal_Turret_127x2_Mogami"/>
												<string name="Table" value="Turrets"/>
											</object>
											<object name="TPort_202">
											<string name="Device" value="Universal_Turret_127x2_Mogami"/>
												<string name="Table" value="Turrets"/>
											</object>
											<object name="TPort_203">
											<string name="Device" value="Jap_Turret_25x3"/>
												<string name="Table" value="Turrets"/>
											</object>
											<object name="TPort_204">
											<string name="Device" value="Jap_Turret_25x3"/>
												<string name="Table" value="Turrets"/>
											</object>
											<object name="TPort_301">
											<string name="Device" value="Jap_Turret_25x3"/>
												<string name="Table" value="Turrets"/>
											</object>
											<object name="TPort_302">
											<string name="Device" value="Jap_Turret_25x3"/>
												<string name="Table" value="Turrets"/>
											</object>
											<object name="TPort_303">
											<string name="Device" value="Jap_Turret_25x2"/>
												<string name="Table" value="Turrets"/>
											</object>
											<object name="TPort_304">
											<string name="Device" value="Jap_Turret_25x2"/>
												<string name="Table" value="Turrets"/>
											</object>
											<object name="TPort_PROJ">
											<string name="Device" value="Projector"/>
												<string name="Table" value="Turrets"/>
											</object>
											<object name="TPort_PROJ1">
											<string name="Device" value="Projector"/>
												<string name="Table" value="Turrets"/
											</object>
											<object name="TPort_vint1">
												<string name="Device" value="Vint_Fletcher"/>
												<string name="Table" value="Turrets"/>
											</object>
												<object name="TPort_vint2">
												<string name="Device" value="Vint_Fletcher"/>
												<string name="Table" value="Turrets"/>
											</object>
											<object name="ZPort_Radio">
												<string name="Device" value="J_ShipRadioHF"/>
												<string name="Table" value="Probes"/>
											</object>
											<object name="ZPort_SteamTurbine">
												<string name="Device" value="MPP_Victory"/>
												<string name="Table" value="Engins"/>
											</object>
										</object>
										<string name="Sonar" value=""/>
										<float name="Speed" value="19."/>
										<string name="SuperRifles" value=""/>
										<float name="VolleyWeight" value="0.515900016"/>
										<float name="Weight" value="22560"/>
									</object>
								</object>
		</object>
	</object>
</root>