<?xml version="1.0" standalone="yes" ?>
<root>
	<object name="Prototypes">
		<object name="Ships">
			<object name="Heito">
				<object name="Slots">


					<object name="TPort_101">
						<object name="SubSlots">
							<object name="TPort_102">
								<integer name="icon_x" value="176"/>
								<integer name="icon_y" value="271"/>
							</object>
							<object name="TPort_201">
								<integer name="icon_x" value="176"/>
								<integer name="icon_y" value="194"/>
							</object>
							<object name="TPort_202">
								<integer name="icon_x" value="381"/>
								<integer name="icon_y" value="18"/>
							</object>
						</object>
						<integer name="icon_x" value="20"/>
						<integer name="icon_y" value="95"/>
					</object>

					<object name="TPort_203">
						<object name="SubSlots">
							<object name="TPort_204">
								<integer name="icon_x" value="176"/>
								<integer name="icon_y" value="271"/>
							</object>
							<object name="TPort_301">
								<integer name="icon_x" value="176"/>
								<integer name="icon_y" value="194"/>
							</object>
							<object name="TPort_302">
								<integer name="icon_x" value="381"/>
								<integer name="icon_y" value="18"/>
							</object>
						</object>
						<integer name="icon_x" value="200"/>
						<integer name="icon_y" value="110"/>
					</object>
					<object name="TPort_303">
						<object name="SubSlots">
							<object name="TPort_304">
								<integer name="icon_x" value="176"/>
								<integer name="icon_y" value="271"/>
							</object>
							
						</object>
						<integer name="icon_x" value="350"/>
						<integer name="icon_y" value="110"/>
					</object>
					<object name="ZPort_Radio">
						<integer name="icon_x" value="394"/>
						<integer name="icon_y" value="344"/>
					</object>
					<object name="ZPort_SteamTurbine">
						<integer name="icon_x" value="267"/>
						<integer name="icon_y" value="344"/>
					</object>
				</object>
			</object>
		</object>
	</object>
</root>
